hwloc/linux: Ignoring PCI device with non-16bit domain.
Pass --enable-32bits-pci-domain to configure to support such devices
(warning: it would break the library ABI, don't enable unless really needed).
com_qmp: set thread-safety level to 0
Wilson/Symanzik/Zeuthen Flow application
MIMD version 7
Machine = QMP (portable), with 8 nodes
Host(0) = Precision-5820-Tower
Username = luisneubauer
start: Thu Oct  2 13:11:54 2025

Options selected...
Generic double precision
C_GLOBAL_INLINE
type 0 for no prompts, 1 for prompts, or 2 for proofreading
nx 16
ny 16
nz 16
nt 16
LAYOUT = Hypercubes, options = hyper_prime,
QMP with automatic hyper_prime layout
ON EACH NODE (RANK) 8 x 8 x 8 x 16
Mallocing 10.5 MBytes per node for lattice
Made lattice
Made nn gathers
Integrator = INTEGRATOR_RKMK3
Finished setup


reload_serial gauge_configs/pg_00032.lat
zeuthen
set staple to zeuthen
exp_order 8
stepsize 0.072
stoptime 0.72
forget 
Restored binary gauge configuration serially from file gauge_configs/pg_00032.lat
Time stamp Thu Oct  2 10:55:12 2025
Checksums 8396948c adc095b7 OK
Time to reload gauge configuration = 5.708194e-02
CHECK PLAQ: 1.9725528675940918e+00 1.9719221893666614e+00
CHECK NERSC LINKTR: 3.1714238096114026e-04 CKSUM: 3feb239b
Reunitarized for double precision. Max deviation 7.56e-08 changed to 6.66e-16
Time to check unitarity = 5.053043e-03
#LABEL time Clover_t Clover_s iClover_t iClover_s Plaq_t Plaq_s Rect_t Rect_s charge icharge

GFLOW: 0 0.8776178734363702 0.8768873575507768 1.964812562410815 1.963502513313095 1.971922189224621 1.972552867760094 1.406556359078042 1.409087789166973 1.663266389818021 2.809021466329666 2.343473513105904 3.982848279159908
q-corrs 442778.0924979451 87227.76187446897 -66269.12127392917 -5305.350824702102 -17808.80256510566 15056.80943336405 -4169.145189785888 0 -15741.03737985802 -6332.819727677979 -11891.9755921868 -9950.520625565467 1123.661645566012 24416.27119238194 -2822.717114861739 0 7281.902671378806 -9771.243368170328 -3373.686897439484 13123.25825938084 4639.247288132063 27885.47796148104 12602.14788040664 0 -8961.211768157847 14892.55374242567 -3217.314684842298 2728.541509113713 0 -1424.132126019183 1520.581038573599 0 18349.36113957838 4759.101079602599 3180.626742211003 839.1993560354867 16159.92967192048 12366.84011015327 -8930.661904658371 0 -24304.57000796642 -25904.03117260131 -4555.220105803097 -9991.181744652697 7464.017640257944 -12496.18974243898 9049.490127674653 0 -4604.392790285294 -3046.357134208698 -5652.87334066803 1656.066392624833 43.98870756065594 7131.145882124101 34920.12688262988 0 -3603.600294966977 8032.218601937531 5861.168282765612 9170.670484424927 0 -39997.47942115465 -10945.23155407744 0 -2791.857062126623 27675.63307474371 10520.60041932 -2612.670852556363 1163.635425232716 -20855.74431737031 14601.29588209855 0 8199.323869243895 9202.745527033254 7044.966539171885 36408.676064089 -8753.126879323039 -15097.58796045952 -14093.90783849059 0 5742.097620326862 1458.489933461576 -10350.80238230228 -8057.204310397956 -21630.76534497341 13115.30373891326 12088.42845627814 0 15018.08981352604 -23020.33733394608 34752.17615765228 0 0 6899.909932150838 9500.985649100196 0 -2061.284935226742 18531.6641681491 5188.996847854431 31620.96385369397 1489.567115279762 -24958.32118296186 9154.917713239349 0 11229.36717847267 -15133.57356184617 0 -943.5000806826288 5513.90906516308 18364.39870060118 6013.186325222154 0 0 -5308.211842543671 -14041.30859367321 0 -816.2259948233991 3156.95040409508 0 0 0 -4400.054793863548 -1297.017237019068 -2828.95640902446 0 -15431.3001947732 0 0 4293.508074307641 -2323.951417489074 0 0 13999.56742233596 0 22744.33362962554 0 1360.276312726724 194.6893791759773 4081.381650643077 0 0 0 0 0 -12453.26125726623 0 0 -4907.936776920786 0 1856.440949153335 0 0 0 -3252.502304710079 0 0 0 0 0 0 0 0 -7257.844260769999 0 -5473.569858923648 0 0 0 0 0 0 0 0 0 0 0 0 2929.971823111829 0 0 0 0 0 0 0 0 0 0 0 0 0 0 327.4917652499244, 10378.96832433864 -42735.65784507416 -27269.94848483598 -9161.43286382816 -3375.267894024964 -5936.968588779274 -2702.822893064728 0 1203.61653905285 4518.460459177246 -4106.124374456189 11477.03253035684 -8059.349392206592 10922.98367371033 -27691.11614536157 0 5490.32787516756 -10010.98677987537 83.25393646545035 -1850.789084625289 -6466.39220648652 20013.11127319503 4049.573066744429 0 -5882.807095445448 13526.36326719437 21122.34115303007 7191.743738249897 0 722.3097574953663 8555.072088761708 0 -2681.04927925437 -12314.29673830698 16561.64299369847 5725.300297524122 -3174.907627512109 8055.774211357862 5537.634597537901 0 -13526.0187760856 -11314.70611364891 -6194.969185490851 -5504.640097231868 -2715.715699622659 1116.05707389909 -3541.446455483418 0 -3274.047050959512 -15612.54057054951 6062.696334578165 9956.729915674103 -10808.18348211792 7930.176502030543 -14653.10695496139 0 -14804.36666041818 341.5934331271255 1086.606184192557 -14981.9264338902 0 4280.00140422424 -18483.24789178964 0 1384.884421419246 17249.06260494689 -4840.426245654058 52.64590666093545 -2877.158741893012 -8069.50189700929 4761.77490726866 0 9820.939168227304 -2575.905406403152 7677.663926750006 -19445.45413995734 4920.750710809184 -866.1000856622247 3389.375095915362 0 1877.08768209904 -14355.50045640795 5135.33544816541 -6379.878997071789 1258.312164543258 10425.38082658941 -3614.819210795733 0 -1170.00168921408 13038.86504596342 -25741.60923523468 0 0 13771.72413157604 -15005.25401887831 0 5124.210071289685 -6222.475940894501 -10182.26069169699 -456.9246843129531 6675.732366298183 -2050.42219916435 6224.068236041502 0 -11605.947189206 23641.27390576304 0 -582.6698712001753 883.9856799724587 -836.1814707168942 17246.57861892207 0 0 -4652.686105007122 -4550.14555753381 0 3554.130113941268 -4025.540151582797 0 0 0 16184.25067955863 -2878.6661591953 -19493.8727218835 0 -13166.31866244447 0 0 -1949.047829438617 18446.78266448912 0 0 34.79180552558182 0 2569.699657890417 0 -6944.993466716728 -321.1861143649385 -9252.546489401328 0 0 0 0 0 1484.121686159211 0 0 3318.028778676055 0 -9842.10581201338 0 0 0 -4057.277057956495 0 0 0 0 0 0 0 0 -811.1028752963465 0 2571.992918609294 0 0 0 0 0 0 0 0 0 0 0 0 3439.210924620891 0 0 0 0 0 0 0 0 0 0 0 0 0 0 -3999.329626476224, 1732.82029838492 -10457.25380412761 -6865.208763548547 1710.200511072384 4830.009247314786 -1090.097347544673 5843.467110925019 0 -6007.346572333066 267.5702818842747 8617.014684904796 -1822.229127203787 6330.988382475457 6842.827797365931 -4970.326384213484 0 -218.3884175218536 14678.71536149264 2826.030367357054 1877.836143909434 -15646.23798808889 -12784.80718590595 5196.712482206511 0 -5027.364099633158 2471.475286714798 4195.651101517497 4158.789858233737 0 -18904.28434298525 6548.366858698206 0 3953.770618046622 -16092.49780022586 -4503.060040709453 13851.62253810065 -14602.8934517182 -8575.743735882043 -272.0495458762698 0 -4352.388962869886 8022.380811082971 -15760.76810254316 -3176.965935290375 -6221.102249995859 9112.974003613845 9253.872373004388 0 3330.187020619425 -15078.04428158233 8343.650697033761 -7475.900568657273 855.7501996822675 -8529.617181442693 52190.07337203705 0 22893.97564052666 -13983.04150105894 -2318.337209690798 18192.27152284107 0 -9636.510620260709 -16108.91844050464 0 822.4489091593223 15596.02718401543 9217.013027896652 -3981.386488978689 -11379.0188829101 -10751.47438138847 21496.72385544538 0 14491.21364818245 12072.99583073339 -28909.89319808889 22732.23183337964 7450.49316772323 -2672.638035648219 -6219.77853773665 0 -4995.031759745617 3675.081418754322 14854.50114196998 -790.5493125446696 9405.440247401424 2662.216802768679 15175.90565078669 0 -11137.54203339836 -7239.826831520621 19692.48618887896 0 0 22013.58563347717 -2917.848947760018 0 2982.478863683695 -15044.78441396428 -8243.202690606291 -5444.990835299968 -10571.87528695247 18452.53707200941 -14730.78604386683 0 14808.56106623319 5056.234904515358 0 -6838.469949066968 2339.598471605923 10855.91506198214 22596.34082659559 0 0 -3248.540323351617 3561.159888987071 0 7036.315133925724 874.074381711963 0 0 0 2908.71075129289 -2961.185393350104 -2537.739538719157 0 -8942.787044857318 0 0 -540.210150382967 -8486.420249957047 0 0 -5131.924560322632 0 247.3086902492241 0 -1882.03052281176 4753.735661621447 -3824.211709578153 0 0 0 0 0 -2344.555899233669 0 0 -4521.27732936708 0 4061.389649181738 0 0 0 -5356.231779169861 0 0 0 0 0 0 0 0 646.7963182078308 0 3567.30597681823 0 0 0 0 0 0 0 0 0 0 0 0 5332.183580792847 0 0 0 0 0 0 0 0 0 0 0 0 0 0 -1355.248349370651, 2582.941807718935 -2083.564541129924 1289.468646547006 10740.79187302508 4305.592785675328 -13548.45015497508 -1895.696369887692 0 -10159.52956677017 -6706.320527570563 1479.836936171028 2354.077178556967 4436.00914358176 4270.235285780669 -16330.66270752776 0 -342.4547303888994 4074.178223859486 -1204.034607615863 4037.25082937923 10471.23238421129 -10946.36071958357 8507.302913591368 0 2385.895539328802 -9758.922024228566 13554.36874600719 9293.312387041742 0 31814.5777412601 4092.800615292962 0 -9625.226930182271 -29490.70946031459 -3475.473796136422 953.2887938512495 -2130.877623961169 8256.9409085877 16030.33974263198 0 -3200.204120705327 1412.97183823989 -9803.263152608253 -1070.150705235249 551.986121659017 -10529.64696127604 6272.919014794044 0 1265.276995985357 5731.77929385095 15347.2000576888 -4290.844130431591 -708.7567565222635 -3578.885955884763 -21703.49463728604 0 8934.353567047703 4696.948515050702 -1786.783975195583 13347.98621632256 0 -13098.93985568392 -5609.8360243642 0 -2882.825111652965 -3939.233909225431 -13067.20412843404 3921.491195672751 11303.11030783119 14501.02363474256 -775.6600800543565 0 -6604.062498846582 917.2403717295092 -4515.585678354918 -8704.864056005557 3716.970357791369 -8028.654641519798 -6501.801266910858 0 -6543.550580250728 -14785.17517206335 -3228.267121470939 2808.103498364261 7174.616534766542 -4007.996411741259 -12580.2396506533 0 -19333.57741705258 3065.849939582371 4191.84855645165 0 0 2007.397865702565 -1490.316388904692 0 -7008.683018423255 -3378.007213935005 -4776.310634165289 686.5214771816045 2849.374675177825 2883.611986616819 4120.835697985303 0 25109.48379461637 -8181.969580217055 0 -7617.584561812737 1335.04278786806 -1063.706994528093 -1730.079117532605 0 0 -9376.56582866576 5267.092939448916 0 4165.280652805322 3577.114017254346 0 0 0 1678.236857800705 -1923.960232036655 5772.901631019876 0 -10304.00643475682 0 0 -4359.499947523832 5944.752367075635 0 0 1351.854347237558 0 6833.852110728205 0 8553.881338392599 748.0809785099975 6304.595225034978 0 0 0 0 0 2236.609221506901 0 0 7000.525542348825 0 -3569.250313536417 0 0 0 2548.779484252693 0 0 0 0 0 0 0 0 -1028.72701630555 0 -14374.87216152346 0 0 0 0 0 0 0 0 0 0 0 0 -3891.54802856309 0 0 0 0 0 0 0 0 0 0 0 0 0 0 -2627.095655451304, 509.632871026799 2308.797451684972 -4874.861192223528 -6919.903960706002 4795.161722951635 1643.009800265611 2869.710701730731 0 4258.342199813112 -2911.570819920968 15079.5231143541 5390.458965103934 -3037.298669170884 -3628.47414981631 288.0345054188767 0 -6183.544939044978 -10520.20283176754 -6755.044908939207 -7126.980335357985 -12347.06791578413 -1038.295374509491 -1104.88837901646 0 -4654.209424782739 7265.995659700307 19728.45505028744 18607.79286103058 0 -1149.945198482045 -6829.352605922179 0 -2229.591621802228 6782.800379688483 -7683.614313241778 3906.853355798009 3813.978046125708 -5193.482164711353 -10418.24143540125 0 -17128.79237584994 5943.205374145458 -14184.26810400661 -5045.607300778644 -3097.451575214149 3504.905003662081 4460.731179617405 0 5911.698194157432 -9253.004421818016 43508.74557963356 -8272.214026134519 5061.072078389374 -15981.28124980687 23808.07410540957 0 4366.70555546166 -2534.908773806977 782.1227674207653 8190.217088715825 0 -5214.382806569258 24891.92219250347 0 -2826.335119853085 14680.40665249153 760.4302375957495 5181.195426389218 -16269.58657393759 16863.24898374819 -2002.748878414885 0 -1795.111302683838 18393.2333063757 -15663.71019084188 -17934.59307866206 278.3046756451199 24113.11522119039 -7904.145412941116 0 683.2731274621074 -17928.44628761974 -3462.46965621564 17214.64950337731 10005.59662444027 3203.104177292991 10763.81791197815 0 4685.01940073468 26937.35725777753 -15366.04928366581 0 0 -11940.63628228708 13788.22281377506 0 6907.96386057174 3633.787474977187 -13223.34913524307 8051.285465158655 1659.664363131012 -11812.60956165628 8502.896001643971 0 5303.843846459889 -609.3466142770176 0 8585.985417360254 9059.776042154499 -17799.55942035493 15578.79221894025 0 0 -3736.930395632844 -4364.803126998014 0 -3683.289838848196 -10765.47618664329 0 0 0 -18.77323974857427 17446.80571100793 21432.17000155262 0 5534.044381335 0 0 2607.648146748394 -3038.276982385498 0 0 -342.0381990692292 0 -10264.53952175343 0 5100.563198821084 4398.486385878772 1192.128894437141 0 0 0 0 0 5854.534258274306 0 0 -9965.232828617607 0 7304.878607384271 0 0 0 1576.281492610768 0 0 0 0 0 0 0 0 6136.357128726797 0 6260.589624741885 0 0 0 0 0 0 0 0 0 0 0 0 2082.467432335335 0 0 0 0 0 0 0 0 0 0 0 0 0 0 801.196371088885, 213.1869857318238 689.9809012679493 716.7030624344146 1819.774427359533 -3983.032132644472 2735.168284034991 11850.42657839533 0 -3279.737656050618 -2712.320518052069 -7129.005186079779 -434.2516092313317 449.3971157884043 -6155.438538173549 -8544.185697032983 0 3616.007234272311 -20686.75237554282 -26469.88223138144 -15044.22312484641 4866.687930296336 -5659.518170984175 -5397.022508683231 0 2191.990009017396 7309.099818624412 24397.30472433578 -4268.147415380616 0 6116.724207331352 1693.097210473369 0 -3529.21276908624 -4331.563719754352 -1852.213407814181 -16375.03147532257 -3214.088946721377 9039.036105362631 -1081.47712504851 0 9226.73134993864 28440.63298610129 20275.72019101929 15450.82224443619 -1025.148918587046 6258.27584023396 2431.300755746023 0 -3961.929076498097 -18375.23609840046 3811.792568934839 -6878.578537809188 1908.032833646831 12080.81218909201 10050.03048266645 0 8796.290934190969 -10945.5246003532 8836.026708601468 -21548.10264683654 0 -23743.4462947848 -17552.19224809184 0 -2818.572777522962 -5417.397300020226 -17611.01859984024 9038.74301736831 1080.833581264792 -19999.10791906428 -1619.342211742685 0 -6741.985709983681 8209.539047144661 5280.217683930832 4890.263443570941 -4787.29867619163 8408.098432546989 9679.976885935988 0 -262.2304493280444 4866.980830560144 5400.627186316064 2123.830742886189 12598.54911694683 910.3293069202648 4159.890668054195 0 6960.182377701172 2839.579363219405 -3180.734013894518 0 0 -228.9448248841404 -1909.012057379697 0 1851.923964083468 2900.564820883493 -12738.21459170966 18357.7049863689 -5745.276324150322 -7866.771915219771 1842.746835799174 0 -12192.80446673081 -13285.30899759543 0 3970.665858765585 -39.25802616808687 4773.096704871708 782.4102728771977 0 0 -2495.881730733745 -20506.41435817272 0 3634.906055416877 -10775.31913596632 0 0 0 4042.236837856824 3318.753047483166 1283.952196329969 0 -2020.032266688341 0 0 -1543.105730970172 -2618.150708434861 0 0 1311.208878062654 0 -5600.612246943723 0 -7132.208007388486 -2325.205049350648 6238.247395852046 0 0 0 0 0 -7313.880728197956 0 0 -6718.067813768106 0 -8706.40055625348 0 0 0 3654.897420543612 0 0 0 0 0 0 0 0 -7260.972735900266 0 1499.529045952563 0 0 0 0 0 0 0 0 0 0 0 0 -1969.174601744372 0 0 0 0 0 0 0 0 0 0 0 0 0 0 2375.697805781213, 1187.767743219781 -2776.301274707031 -5660.731126139601 4647.095094484859 -700.2619018438214 20742.77531976252 17607.46673816555 0 4323.519174585404 8041.994278767859 22427.48753997186 8505.147672751336 7681.649239645467 -7815.880930958967 11403.38477730117 0 -310.9904652435836 17557.62792109531 -13213.25517054114 -7740.576896302768 -2961.964062968827 -16893.92660448387 -11168.59571656274 0 -7703.836472889573 9289.58349818088 12821.51449359499 4422.167237815072 0 20085.23483528847 -4265.436613144733 0 4424.345963444826 -18035.99813157002 12099.99419471133 4790.327829930658 -1471.064909198529 9021.584729713019 4935.497069853659 0 16372.40162480188 36068.67680304758 -3428.390368333809 -2913.636667710485 -19535.74260910101 10174.32183637377 7417.260961818733 0 1431.19257215433 14571.71050339456 13120.69184040793 -5905.52528784473 -18336.27425799285 -10748.65961349101 -16436.20082660713 0 3363.600558939764 6355.75182965578 -13754.82834178175 -18826.65929703266 0 -5628.270760757423 -11709.03027214084 0 4958.901683966256 14234.56841278949 26666.78331739618 -8696.669095577288 4784.754684907497 -8519.276804121975 -3753.679943826544 0 -10005.90696648441 -4164.724000740082 -6801.110653732145 1177.953995316436 -15462.99683634609 -4235.657105386667 15326.5878799623 0 -8983.731077633161 -1717.778987848439 -1958.285689569233 2979.079689645178 9592.177777368353 7842.688741374145 -1746.484829091922 0 -389.7078770871963 -2135.969556577241 2181.245248378004 0 0 4899.800898353634 -5135.808219602493 0 951.2380930656614 -1696.437610150648 2973.431910189709 10636.47512489781 -1028.338274312309 16143.63171804743 -6711.53866418408 0 3412.936424912333 2492.399435905312 0 -7466.407625698588 1108.634721098484 16949.54300534026 -19952.68424747615 0 0 -7401.401622607978 1157.717752770672 0 24361.66820761607 -521.8250781142384 0 0 0 -3370.635281175846 2493.843739976555 -9153.665513306929 0 5584.084821048473 0 0 -1285.722163706439 1772.605453720166 0 0 2452.958207939162 0 -1366.151019448061 0 5569.377389389128 10.84192090100441 7137.766181553174 0 0 0 0 0 935.3801014961998 0 0 6026.185298579225 0 5167.261916143692 0 0 0 3064.717238768121 0 0 0 0 0 0 0 0 -3394.938305818011 0 -564.7215544070646 0 0 0 0 0 0 0 0 0 0 0 0 -3655.452507812945 0 0 0 0 0 0 0 0 0 0 0 0 0 0 1967.468941055124, 316.3442306254492 2842.841571976153 8508.063655936234 -6745.980699999651 -5185.034072190461 -4336.577667085299 -9909.831355395272 0 1539.675606609861 -17967.25178068491 4473.39572473989 16645.51697719063 -124.8255843693742 -12696.59702803765 -1135.725184794809 0 -3083.724158822627 2940.201093616984 -26484.8261719791 -1476.268201283405 8669.182799627548 2898.65391701469 10564.86453517679 0 6089.388792638298 -2881.695686563166 -8872.878869209806 2338.772653549092 0 14132.3379999394 9272.736685081574 0 351.318907732088 -7703.056046292752 -5317.615542277216 11221.77172859468 -1092.41444386132 7068.122579507723 -16680.98377092014 0 5375.629719603164 -313.4135059077144 5210.612985089339 -2780.038007039477 -3117.969010125145 -2152.954834357164 -12558.22375076425 0 -10448.7157847213 11502.26609169966 8616.308777965345 2985.329626636696 -6946.548897367988 10691.63096175335 -24614.53086198794 0 -5239.579564512603 -4624.028919421178 -13254.34945013233 -14984.35095366171 0 30700.7560314455 14515.75894991012 0 -2601.402828595737 -11360.70099475653 29247.92867865497 2715.361376365035 19208.20788093907 3806.294586395616 10606.81313110162 0 13186.91076890685 -16961.28218327542 31358.81864804228 -8668.763737100935 5112.30311412138 -4447.483957940934 2483.003213378581 0 3764.189775303598 5706.894940831438 -8167.913175066358 -5461.956186144046 2019.67563385302 8525.04966716992 -3300.236016544328 0 -4491.094186813518 11846.20184171218 5757.977723563585 0 0 -1365.221742878388 -8328.965951470975 0 5097.734071186256 2528.8881731582 -24543.7825695212 -4356.016483695123 -1504.599280397558 16301.88892287709 -9956.220178012642 0 7765.219930253179 1156.089104419791 0 13281.75666281563 -1758.909008166026 -4453.55009230579 1783.284576844208 0 0 -1481.053782261689 -5310.846604483528 0 5417.771869256014 -16687.2697779454 0 0 0 -7948.586919847519 1953.333507048745 1211.615956753885 0 5931.843640128102 0 0 143.8271314237941 -15211.96192807527 0 0 -5121.589183510204 0 -1070.356222685504 0 -12496.8843491748 637.5654394534829 -2581.596869311272 0 0 0 0 0 383.5845934918314 0 0 4200.369611684275 0 18943.90086283944 0 0 0 -1404.352783639967 0 0 0 0 0 0 0 0 5996.003223672931 0 5623.647164395101 0 0 0 0 0 0 0 0 0 0 0 0 8055.694795511894 0 0 0 0 0 0 0 0 0 0 0 0 0 0 3027.032043032722


GFLOW: 0.07199999999999999 0.6052780236577977 0.6037656311208879 1.203874061274136 1.201855094311277 2.556391773308679 2.556855551139909 2.147832540938627 2.149650228732654 1.088325133200471 1.744544701305262 1.51075361180275 2.410555045713161
q-corrs 171995.8204410532 104525.7373699528 -12885.87942703824 -11583.41431711782 -12219.84751726734 -9817.567331558257 -8327.691572024705 0 -7155.765802365801 -7883.764806717652 -6422.755547701293 -3338.921208105411 -1764.680212101176 5946.659101896579 -3187.481947482181 0 4142.921588166093 -6688.292810295017 -5408.64427805348 -349.9928552709796 5662.365340962357 9013.811014990373 3164.656400675844 0 -2153.086681542258 10507.89724289431 2829.020972114733 1187.157912881501 0 -3448.22262511319 7655.166860125451 0 7534.030922481981 -504.9638656806858 -3695.60809226383 3939.785636411641 637.8993996902941 1056.839968155177 -6072.528926551783 0 -9597.721050355838 -8014.189047951431 -9073.42181182799 -6482.577421959087 -5050.148082807444 -6210.420019888029 11482.72536891979 0 211.8764963661159 2864.823709107077 6006.54349178755 -1696.18992266965 -728.0776002780533 5461.021440715956 1877.264334201109 0 3753.410953375243 2554.259366093898 -4317.850401742786 5829.712593841456 0 -13969.04553916504 -7680.302529557388 0 -975.9095654218572 8900.336641013404 4369.962917895527 -921.0707617079256 1204.514370699073 -11266.61877134119 268.0010431727826 0 1692.337113065897 5348.377694862698 4002.901186007191 14738.29329357061 1045.855606403501 -4959.336994035262 -1223.603511335579 0 1841.059587216859 1377.75535846984 -4144.409419592184 -7354.426247457929 -10315.21151820707 2402.764767998492 10070.82414225549 0 4528.633790445452 -4195.897784828798 2506.029330783284 0 0 3901.171208515295 8014.837894552626 0 -268.2820331799561 9946.412309964646 -4500.249536927805 4362.532558483828 1290.106099870517 -13406.24101768898 4276.390842978397 0 5360.82810078012 -1515.975199491267 0 4748.619514702461 -451.4177643599558 9642.941451195475 2419.72679037844 0 0 -5131.30400309791 -2704.832618199183 0 -2441.264914554436 2216.769992039415 0 0 0 542.5637214508265 -2875.96986210172 -501.6213121244687 0 -7748.328305769739 0 0 1622.455160552003 2664.528422186473 0 0 4701.912179705719 0 8421.975894870409 0 -1824.592732477325 393.4023316038357 -210.1113575476613 0 0 0 0 0 -2907.707599767345 0 0 -510.8862480832405 0 -2670.576510921401 0 0 0 -4019.028716510712 0 0 0 0 0 0 0 0 -2765.492475494092 0 -485.8904515540182 0 0 0 0 0 0 0 0 0 0 0 0 3080.78408444597 0 0 0 0 0 0 0 0 0 0 0 0 0 0 673.5901027042046, 16450.91479215914 -12835.50417466442 -23640.20526480959 -8390.266586659833 -6207.61539707928 -8137.743328852969 -3212.180964993522 0 -412.5393054292272 -395.5429259010973 -3627.624772548049 2759.898755572044 -1386.424210827524 2932.47885875948 -9454.269738561254 0 1918.946032136269 -5079.873839650903 1135.790402604833 -2606.868977225051 -185.9363512371062 5088.698741837437 -1457.451186774164 0 -2323.596475937649 7308.670475233407 14436.57854016126 2262.140465989205 0 -5409.175821603063 4266.062926358562 0 -422.1073188463638 -637.7203990809126 416.3200273284956 1179.041941223374 -2894.892594776923 1367.024496181632 -4766.467768929935 0 -4596.594300234704 -4518.810237167088 -4465.710463494726 -1689.896517527293 -1853.239995201413 -7116.339166267606 1339.937399190989 0 349.3240270035901 5501.201069172963 9440.011247540262 -17.74268195885099 -3993.783696604868 3775.871267988061 -4597.040274464928 0 -699.3808383983785 369.5994384049357 -2712.763600018476 -1962.898741013108 0 2027.812457027432 -2278.479096208748 0 461.432510208625 7353.262937935599 2191.100744008348 3720.974334579955 1832.009476652436 -1644.989829439753 2968.489213413966 0 2500.709421490897 868.8324610910772 7148.229627255517 -2182.395557496159 559.0131196517953 -1412.255464088489 3976.485734485626 0 -1338.766908337783 -2806.325751456311 4309.098554623601 -2049.183699837342 -152.0919795848313 2249.149456693001 -5460.846403735609 0 -2255.022758676677 4962.697714420476 -8154.825979647013 0 0 1433.694062160831 -2418.910141687068 0 3042.700754422316 911.8342640272112 -7922.154298754994 -4901.202901225693 2344.106283612103 -4240.763073447041 469.6536689565627 0 -1026.192707397531 9299.043443843855 0 524.6650731758855 335.1083240175096 1179.880408607875 3155.206889242199 0 0 -1755.867683267224 1878.709113416431 0 1831.534654055118 -1912.918477745683 0 0 0 4195.971148268477 -1518.800101731563 -6653.630031361061 0 -4278.819936365274 0 0 397.2045280262808 3297.823288579926 0 0 486.3210718095307 0 1619.661059227253 0 -3573.870881253269 998.677687187527 -3805.187487107253 0 0 0 0 0 927.6937325226949 0 0 13.54570574127183 0 -5786.140257043152 0 0 0 -2997.428766333222 0 0 0 0 0 0 0 0 -828.0588951717233 0 156.6608628199113 0 0 0 0 0 0 0 0 0 0 0 0 801.5485204164211 0 0 0 0 0 0 0 0 0 0 0 0 0 0 -1359.119174070604, -812.3298014298772 -7438.829403173995 -5817.168721932088 372.6492655530036 -469.7520193552583 -3578.961895640455 -3749.509628811544 0 6.536522410460236 -2609.389321380428 2675.700285179219 -966.1973747690649 2879.838856232609 2769.607351910658 2171.022185218124 0 -810.1789027731229 4530.626325315006 2801.804075351501 3154.715158814131 -4253.754983556473 -3405.240956516674 4240.099180713722 0 -2030.108498627109 -819.8128648004536 4379.069249501836 3192.429417425458 0 -13328.94797006559 -474.340099625625 0 -1749.161582538128 -7486.615386391828 -4837.621659026721 -1914.746542521081 -4086.923373471724 -4636.144230975762 -1218.825150880588 0 -61.0702579385902 1597.195409815403 -11224.1112965165 -1837.868024164925 -576.4377600139557 9414.731991846469 2405.981426466641 0 2121.620882367849 -2966.392253393558 6361.111201060853 -1589.52787396534 786.9039868434011 3091.263286384752 12837.81725128876 0 8308.491690621646 -5275.04384463426 -2331.262919031499 1308.193880054186 0 1548.92564560783 -7451.335175349986 0 529.9222806574937 4251.056863686651 -1458.251238942208 655.5162326228068 -900.8824011172464 -1749.135034941358 5427.400320460672 0 4987.836558346959 7073.841632196203 -4951.78172583143 1053.889940784157 2490.095356912578 892.4781079651721 198.7569867322909 0 -156.2847896158569 283.2330435711099 3123.007541514331 1400.470715074746 2682.422101661186 3338.420160917849 1361.428345449435 0 -2461.374778269913 -5198.043897105369 4970.930922510968 0 0 5601.142167869335 -359.3890414029611 0 593.6641935238773 -960.5693596453895 -5077.181261734192 -2464.56800084953 -2264.302315228932 3796.068642025719 -6344.960472209268 0 4009.429178564872 956.1213859999572 0 -4558.825313403258 2482.549506914221 5055.880705064198 2910.196743137585 0 0 -3807.561206123298 -4790.552329636912 0 4913.47478805687 -361.4836703133431 0 0 0 694.5685922642579 -344.3543591420232 -1383.97012621243 0 -2548.76839063733 0 0 -1135.378632823972 -5648.965967054258 0 0 -465.29337841268 0 532.0860647852547 0 -1463.581521248227 1579.174796271936 -339.0512989771796 0 0 0 0 0 -164.2135904123807 0 0 -1333.113414395007 0 1453.150515798099 0 0 0 -156.404892945625 0 0 0 0 0 0 0 0 932.4545486563215 0 1179.406152690538 0 0 0 0 0 0 0 0 0 0 0 0 1410.34980657424 0 0 0 0 0 0 0 0 0 0 0 0 0 0 -186.5161893032643, 1325.197914333825 -702.5937760417921 269.1745332882178 3199.803599079954 1623.212716009305 -5052.520463855604 -6082.448942057856 0 -3228.753297079835 -1864.672520786089 1138.956594166753 -844.3624597455946 1965.144979549918 1995.052287571422 -1045.65596997136 0 1918.537410583495 5887.321762058833 3254.669914437562 3466.273349743358 3786.799119366221 1558.790124995598 4550.497630773648 0 -66.8805338562006 2847.07634158823 13909.71475217707 4339.082648501974 0 8281.869622688868 1493.622884169995 0 -3713.787591197063 -8876.050539240841 463.9761234251046 -726.7957495778085 2264.710299324618 2971.810445115254 7045.974957807807 0 1803.170454261412 3334.545026316933 -3511.019421131106 -2343.278160849201 473.4906137926637 4112.543946496549 3731.215294675851 0 -1779.059435919686 2741.250695596083 -2057.801092346524 -509.8032821428122 1210.771516656574 231.1427813629441 -4996.694008290428 0 -271.5167975386312 -1221.35133147539 401.551459944478 -2677.089356171578 0 -2350.71838765718 -3422.660875218122 0 -357.5052590747881 -6564.598136867664 -2380.209442444201 2671.660493550637 3809.377984884569 6349.308653225228 -3883.772256428765 0 -1809.068084164194 1026.098235089021 2930.299601363561 -4274.629636723396 304.3788389178205 -1623.051748546609 -1147.538900049885 0 -2144.562318221579 -3545.227877059014 -2660.740233879818 3121.381046752562 2502.354252064258 2600.243329126778 -2492.754681822722 0 -7395.808006355375 5488.998062471499 1270.763370526402 0 0 -1631.218602723687 6681.618894709649 0 -4380.486165946778 165.3898338171421 38.98138460935058 2568.419257021751 3027.953750786693 4996.35098377153 3091.661573305652 0 10382.44468948585 -9229.861995361693 0 -802.2432347988361 898.3578152115083 2701.207305874274 3417.213217670211 0 0 -291.1471121752545 342.8424799550492 0 5011.73368411678 5438.243246314994 0 0 0 -913.5845263385158 -2322.2317002027 1677.248999941596 0 417.3717505029852 0 0 11.35539740196518 3773.126340246319 0 0 2391.636398895567 0 298.6963373292401 0 1986.498199338303 157.4042485257922 1411.684571665597 0 0 0 0 0 -1997.358966154003 0 0 236.6788904824205 0 -355.4347151158946 0 0 0 -874.316280137346 0 0 0 0 0 0 0 0 -838.1882850665547 0 -2539.933402290366 0 0 0 0 0 0 0 0 0 0 0 0 -2248.645567965945 0 0 0 0 0 0 0 0 0 0 0 0 0 0 -1232.927649956537, -149.5348965160156 -1684.829630520438 -2674.034416818876 -2852.774069483044 1526.790879051837 886.7898578103959 -775.8828654317567 0 -1208.1244123964 -3203.640654085779 2721.66098100253 -646.8849095998346 454.0971132245595 -3533.353185110606 -4928.71398777912 0 -2360.403197593086 -6327.704710317671 -6095.522977000823 -2017.104874128104 -1586.174684152604 -1606.85407460122 2.850780213272856 0 -940.4456979645204 687.5044374309145 7207.350667800814 4975.413850006322 0 1743.024113536271 -4059.539568689658 0 -622.2770522513676 -2037.688488692011 1436.691924586539 354.6426826075283 1594.487770453369 -2311.913326350461 -2638.706403806106 0 -4226.068453090664 4772.498588445262 -3869.452909247351 -2673.032703496035 -985.2619830783456 5937.148493729181 5405.177485931094 0 4680.764756626066 -155.7698444284335 12649.65583060449 3152.780293502215 2863.255232368522 -2823.541396169693 7085.979218676925 0 388.68276045228 -144.6192664928728 567.8094292764692 1376.669109382251 0 2135.639203257172 5017.40450671196 0 -610.422012981696 -2558.872483534157 -640.5875851401915 394.9284061907844 -5123.751497017482 7029.129022580282 -3189.550739289581 0 -1530.485037305823 5046.825548590421 1654.220949614884 -8198.028393029452 -963.6830154737459 8468.773372587715 -8560.464704023787 0 44.02062949639912 -4604.897501260596 -2194.821759240641 7952.612744632963 809.1704666202505 -67.6960554411196 3294.07974025059 0 553.5835262150385 5720.388397972169 -2978.669634163158 0 0 -8904.246082589576 4015.537039804587 0 699.6179809156484 6022.729193234963 -4194.15657366283 3871.269393759565 -24.49017788805213 -1441.429372504504 1195.610547002995 0 -2282.08444901137 -2037.783881550025 0 1548.599577064872 2065.223820414425 -4864.102836055084 8411.973507540497 0 0 673.701470588893 -2273.619915636597 0 1483.08400425609 -4720.461157343573 0 0 0 -1025.648367329868 2527.092183683475 9104.793048548989 0 3324.477029250903 0 0 871.596341419151 -1230.616426710615 0 0 -933.987336890859 0 -1107.005397813923 0 1156.691749637016 978.0774999858033 2021.939001624786 0 0 0 0 0 709.1330639511264 0 0 -984.4345001806363 0 3447.113940839777 0 0 0 -949.7905487295035 0 0 0 0 0 0 0 0 3458.862257323312 0 1584.39232199189 0 0 0 0 0 0 0 0 0 0 0 0 2599.590470004717 0 0 0 0 0 0 0 0 0 0 0 0 0 0 170.5555011532157, -298.2525096443114 -248.1135085393092 644.7398170350277 1944.322780209771 -1170.261956552202 1987.210409501716 6215.793632045333 0 543.1886505651703 -921.6385552496549 -3400.461656151029 -1045.795734234949 735.9409944134405 -2412.797589170139 -6367.048936847746 0 1178.266209210837 -3753.717355835964 -10100.54500416712 -4661.081375216858 3598.170812040639 -2232.506798882594 -2878.385410853072 0 -158.6795206309238 2049.893788778236 3753.193061211054 -4377.427837031935 0 1882.131876626737 -873.3890027510723 0 -452.2311010325736 -2529.808339672131 581.6784870065378 -4410.660580989685 208.6438418038454 4793.537781567023 3133.699274850321 0 5420.084937592073 12592.03346436775 7678.717696195335 7368.39974355413 919.4388713746016 7772.713747864054 6920.604824833659 0 -62.40422561538765 -3099.603703962541 2226.834210213585 -4757.043408412032 2373.710262449577 5892.631191267708 -5527.235123402003 0 3800.50961768282 -2523.110558138594 4723.214381666024 -5877.970602218041 0 -11882.67961789474 -9613.961433908482 0 -1667.648002384806 -2692.868241793426 -5705.957009296088 800.3350276350209 -3190.426436476584 -4830.006278847797 -2475.092403894665 0 -6566.035605099514 2071.71162803249 -7497.463035797967 357.8520799461621 -809.3576259249617 -4476.344732268746 249.7240627437714 0 167.9808542338128 1356.823557229918 1579.294789299731 3307.950849882899 2802.265958335755 -3081.843924277562 6520.904557891173 0 1254.666546312808 -958.161452395045 5181.159016139359 0 0 -4743.899831667687 1019.635866537048 0 839.5112088691467 3953.626614024424 -3050.786138471345 8419.713032005277 -2475.630682245424 -962.27439443229 -1836.035459680874 0 -6270.443764619888 -1326.528144367217 0 579.354104946744 -361.8582119751618 393.9732351919338 337.0396945144068 0 0 -262.0614185287236 -11053.33723517837 0 3450.05420225547 -4733.8152178729 0 0 0 -151.1133402850919 3701.847428154449 -1609.389749367369 0 -3566.545935188074 0 0 -852.655661975936 -1320.98582564551 0 0 317.3771962230259 0 -5396.741284343036 0 -2809.791116918603 -1199.850884704732 157.5502288736061 0 0 0 0 0 -1835.336737241503 0 0 -1777.401716154637 0 -4785.720487434726 0 0 0 553.8562281118502 0 0 0 0 0 0 0 0 -1402.532552914128 0 -145.125491072703 0 0 0 0 0 0 0 0 0 0 0 0 537.2098910085257 0 0 0 0 0 0 0 0 0 0 0 0 0 0 624.0381985139577, -299.9470270141472 -2661.230744364556 -1762.73294008954 2076.27230152116 -201.9433457666545 7894.147984571663 8089.812622484911 0 608.1229589297402 5265.367310030225 8719.314647175033 6910.646785652821 1875.493513813537 -921.9882065100837 7072.117646319442 0 -1099.939522750578 2288.277763924255 -6592.141543294622 -6210.347430312133 57.87166656169256 -3745.064004594943 -4986.370364343299 0 -3534.473916860673 1625.1960850123 566.8609421279424 547.1964400008674 0 1872.74474178222 -1649.411675948565 0 -107.3516217172862 -12744.78191944534 4733.996484993231 -370.290160036003 151.6459819212198 2587.290992800259 706.1377171213489 0 5662.720886916422 16028.35471570682 750.6702394134327 2666.535697490299 -5928.83370430629 2790.870612864141 5013.96727185565 0 -88.8068350694632 8293.071697183235 12232.45774771376 1502.302615873559 -4546.064649826077 1636.679439086884 -4249.583968006776 0 3539.763955169725 1871.338162622491 -363.6715425758525 -6501.802132059811 0 -838.3692424355399 -2904.298544626105 0 587.1129578216838 5464.007569059272 6553.084882591897 -1543.349633080177 236.1396733724127 289.6674298450503 -2629.934272318416 0 -4068.944306304711 707.5391805501245 -1104.291526568855 -6248.702663079892 -2247.208003598477 -2893.640189218763 -955.0088971511777 0 -1830.153259256057 -58.16714843482305 -254.7021793007123 2065.62223823263 4626.528355312952 2106.803073754706 -2749.441529851784 0 2397.112358171695 1712.618347839758 6691.371806172411 0 0 2266.717980527196 -1186.190075171608 0 -487.2166422671721 -371.8359085276273 3758.077888640352 814.5312903569707 -1583.094559050859 6336.085090551911 -2420.947566128348 0 1539.983921254468 3960.008857204728 0 -1476.0756411027 -137.0142632654837 4126.170698264573 -9711.942631869102 0 0 -646.5897760424233 -1594.396669939617 0 6474.405130998695 -828.2800747908757 0 0 0 -2012.84706111412 1688.469678209171 -5076.824125273395 0 -1247.368506606296 0 0 -626.8241986140097 2542.111564558144 0 0 430.2241469297896 0 -2156.634749437719 0 590.1523758610801 711.3842175704776 2341.399290679154 0 0 0 0 0 417.8078085280816 0 0 588.0578534810095 0 3987.295735682862 0 0 0 611.9286492494505 0 0 0 0 0 0 0 0 -2279.510016736975 0 -128.8983462223696 0 0 0 0 0 0 0 0 0 0 0 0 -759.2450605055918 0 0 0 0 0 0 0 0 0 0 0 0 0 0 274.5205995207116, 662.4432677667337 2395.9399069939 2663.05564757334 -2695.998318550613 -1113.66170051143 1143.888414492414 -5190.956431674755 0 -283.9629385134617 -6627.71673975502 3413.222460314628 3538.814327851656 -1948.441406860642 -2548.461163004399 -2376.678725644819 0 -2708.469544616068 -1517.503989867118 -9076.21608654842 -1009.892429241514 2612.306201247097 -1249.573533466999 6645.75899425847 0 -801.4476983027471 1235.148537504345 -1599.021587430108 4600.260036130974 0 -2171.436172388756 4008.585233745599 0 -1694.332165669498 -3943.119443839467 3765.664521858635 6720.354993383985 -1762.165335196672 878.5245749032682 -3791.105187835258 0 5142.753686633444 5919.060226666596 4811.337612776664 340.9534978350065 -1155.043015282653 -700.8285623592335 -2943.673103127252 0 -2285.748689414292 6303.844530477797 4655.374357509128 243.1649568539492 -1858.751602117619 1356.615815710657 -3709.921339404812 0 -63.86147780843612 2052.365337733444 -4231.276686498978 -3126.76160029186 0 9923.672160887269 4760.420448824465 0 -1608.548238458219 -9639.117004953659 11851.1453940716 -433.4760341026519 6428.239688357646 6920.913278187214 -2906.457563448332 0 3222.992724290001 -5672.78339319818 1311.909099727038 -11179.15704933023 3670.773432453543 2476.196934155368 -1618.288668015616 0 -477.1263228862433 825.6184134729217 -2060.588347288412 -4668.977250760962 2689.034497557989 -1982.937228018089 -1098.621859064692 0 848.8232113886859 6577.82368455914 3198.572163312389 0 0 4564.143230859578 -3205.368863243487 0 -245.191678878127 2537.786405145182 -9631.397583372156 -1972.956278272495 -692.6473756875926 6111.359604337769 -3409.755087778814 0 4028.850776760593 739.758527059222 0 4864.839714967586 390.0823828627589 -1557.44574499009 -1010.484592489654 0 0 -3792.381435165566 -2471.270675743552 0 3494.689309835177 -9220.788677715329 0 0 0 -4517.93546802108 3458.839679478875 782.095653354565 0 359.3998489920668 0 0 -927.3038837810781 -3043.591851132397 0 0 -3442.750138489281 0 698.4883830001794 0 -6124.647994905983 2927.190465121135 3252.142039333229 0 0 0 0 0 -546.0572785807044 0 0 128.9375098823882 0 6730.465010740349 0 0 0 226.0933090053464 0 0 0 0 0 0 0 0 -1011.026009418653 0 2752.5046650994 0 0 0 0 0 0 0 0 0 0 0 0 2292.753444043913 0 0 0 0 0 0 0 0 0 0 0 0 0 0 1868.782183191326


GFLOW: 0.144 0.3847565587544695 0.3826552361352432 0.6968338126306697 0.6940670287887085 2.799872191017121 2.800342086089185 2.547490598781356 2.549215784586471 0.4792868022614621 0.7237777295347944 0.6888443356095341 1.030811678361916
q-corrs 62924.73380549445 76394.2819327433 19497.54825568675 -3601.497406929188 -6618.828219835736 -14068.69940460258 -8471.283189777938 0 -3450.072490147844 -5116.341965764677 -3790.749998956027 -1955.577608457258 -1152.059652760597 -279.1918188214743 -3166.668642009398 0 1119.351460755473 -2980.469922417561 -3081.293704845241 -2689.633449939357 2659.280914162942 2496.048188491221 -421.820284864118 0 65.06918220432428 3957.339910175011 1964.16620193208 1393.97562451499 0 -848.7296316704575 3778.577395891294 0 1914.506750781112 -522.4269323833316 -1763.553029193316 750.3859639024308 -1238.368983298508 -882.3676660509412 -3497.53231924886 0 -2453.181129792751 -324.4375510038871 -2522.632719442606 -1653.279924859904 -2412.526500665153 -3193.486596538671 4060.641952274306 0 1099.263837761827 1692.698060150541 3278.148769153036 -1246.143000471287 -201.2572579578992 2657.784592638755 -1687.10726082367 0 1719.272902173588 2379.223953995168 -2148.599406590586 2373.59249445436 0 -5274.046726278651 203.1278233888695 0 -391.7261550159686 1484.542425222667 2603.810616158755 575.2198309215415 -483.8407487734535 -4098.294739559331 -2126.685704461401 0 -798.8459310137719 2004.481303407302 1694.148240895418 4508.115573151342 1783.628140000242 -758.6704848194274 -433.8905978774721 0 936.5367386922791 1116.503718503553 -319.8049345218038 -3810.396127494975 -3051.63468167753 -0.1209799785821133 3848.412901073792 0 1540.292098562273 2371.595455411628 -2647.881079155725 0 0 1387.321727019509 4992.763070250297 0 138.1830069909757 4074.880901367412 -3341.706006993742 -1754.019701596065 119.5545509781315 -3014.769519291698 1222.277694061251 0 1549.202577215741 84.07030177869527 0 2700.587373499366 10.25015283734581 3765.554443617211 842.0453203428892 0 0 -2388.662000497496 -668.6790520502022 0 448.1742352697647 -800.2344661633354 0 0 0 462.3962980908875 -456.2135558198299 -18.23189861244259 0 -3320.143171466179 0 0 204.2201688812187 1987.694451002985 0 0 756.9649150484458 0 1371.15241584736 0 -1679.862436202063 20.40719407305414 -1229.803854603811 0 0 0 0 0 74.06716909894115 0 0 -126.2429703712614 0 -2797.209851480771 0 0 0 -1038.280606873307 0 0 0 0 0 0 0 0 -901.521621340926 0 -172.401133412377 0 0 0 0 0 0 0 0 0 0 0 0 1193.477344280618 0 0 0 0 0 0 0 0 0 0 0 0 0 0 305.6427721257523, 12539.41230627107 7937.021283525449 -6964.270846395896 -5115.267933814357 -4709.430888123292 -9664.523451453062 -5213.425450989051 0 -805.6841228392842 -2062.235152683219 -2397.184870610663 -591.9421008476359 -443.3776426202716 443.2575276101491 -3226.19671510436 0 780.4015593422378 -1709.081714215295 314.8200100849301 -1273.126374773904 725.0885051494545 894.8248944829336 -1909.473414729035 0 -298.3224292737418 2235.635382330345 4197.226788118365 506.3953434635149 0 -3402.187229049762 781.9336224108163 0 -490.80252005465 330.2080265581164 -2896.251463937478 -124.7797008023855 -1225.987615817231 -718.7726765504449 -2972.84662834912 0 -1748.75895381167 -3756.020660110279 -2436.142339806928 -398.5213872043225 -746.7381453507573 -4086.627468345207 841.5507170640331 0 847.0639863287938 4732.391131469586 3968.868074962695 -928.3733219284929 -1255.875880572778 2802.431590797017 -1247.458906500054 0 1936.900035499843 1039.710449636105 -2088.044721451424 -200.3745385011133 0 -448.4162216028335 2222.039640119438 0 329.9111260903609 2197.544728651694 1638.262728405555 2297.491691545259 580.4292729463484 606.6370591757433 -139.4305453658347 0 391.6993158208999 162.0045416050611 3464.229338119679 1463.061552961476 780.0142016644415 241.3160095234956 2719.614202385346 0 -875.8196097138915 -399.1905814259075 2003.843903664711 -1842.04124554204 32.79593891102979 -90.81302864881388 -1089.152218132005 0 -544.0934351584456 2678.670854347301 -2781.996992804344 0 0 903.5996265614837 23.44896445845961 0 803.2139046520545 1681.765626674297 -3708.265876897224 -3804.81453968383 390.1196696335139 -1172.875850687254 -889.7775584730435 0 817.4578690373864 1917.472636358545 0 252.3592131949245 855.0072239539245 1069.101816720673 377.9490653562345 0 0 -894.9173567636258 -1488.404414293026 0 1213.981079618281 -1485.284710057365 0 0 0 1125.575256395069 -345.2669420864235 -2009.036836837024 0 -1456.501386804688 0 0 147.5132134031627 -658.1965138900066 0 0 26.59486988430911 0 -175.9054734167204 0 -1137.946497415199 422.0052288801224 -2325.293596710118 0 0 0 0 0 133.5617242848093 0 0 -338.4495732964541 0 -2745.075247865004 0 0 0 -1105.429653401333 0 0 0 0 0 0 0 0 -792.9595229957127 0 -362.7835825104502 0 0 0 0 0 0 0 0 0 0 0 0 6.905380665690871 0 0 0 0 0 0 0 0 0 0 0 0 0 0 -279.1106875880824, -774.0628803781781 -4130.578647139315 -4305.263184688658 -1207.88665330879 -1471.966647727769 -4708.660115486649 -4473.134462940067 0 -198.9674918037711 -1974.94316934339 -257.1465891170344 -1220.808943691659 659.9680118700676 2506.878413078856 722.9847202053313 0 225.9949364399901 1824.677823309734 2538.454939592533 1234.851304172521 148.9791507080025 93.82043674685156 881.2408650421959 0 -576.541253350989 -1155.097181172627 697.7421795039605 1493.905755158901 0 -4420.460703244636 -1047.232803334754 0 -1729.561525157176 -2256.545342324492 -3625.489994060284 -2580.798965471583 -104.1042415130258 -1335.955417799319 -129.9626649781806 0 -414.0590687020762 -1171.65056702434 -4636.569516718414 -715.030165157676 194.747473463546 2893.807841967714 -224.4095967373761 0 664.7760544719936 582.6061415666409 949.3241610975647 -1947.49070188241 213.1334289337074 1590.675088663339 92.64171762629223 0 1667.842667677143 -2989.441224523021 -1333.243410255776 -2557.253127758153 0 28.02386491944571 -2638.061444418299 0 179.8486080321509 419.5086511433635 -2073.413110834173 682.7845640316484 160.1573750453404 -1195.443499619979 800.1270726873247 0 261.0459734263522 1183.08863158068 630.2706396804645 -455.4437016896944 187.2414919567983 1420.083720928517 1007.979197317765 0 218.0111167511806 -152.8192474635777 396.8723329744559 401.9785230749742 337.9696741448097 238.4274929405343 321.2078642222721 0 81.95436217980091 -726.9962044445016 287.8944348349216 0 0 1262.90240390895 -392.2612870980633 0 -326.8733118717015 1731.591919006288 -2438.067701592962 -2190.220028746738 -403.8640652464049 393.4246916092744 -1662.073364974758 0 1415.064961496143 -1106.699867185152 0 -1784.059373089233 1482.760490050528 1091.59803378767 -603.8884469255913 0 0 -1492.942872224936 -4341.019327410377 0 2347.036938770245 287.2675722687509 0 0 0 160.7435788500256 -321.4772577263628 -487.3917976671479 0 -539.4167905722704 0 0 -608.405689006114 -2861.634565519666 0 0 201.8537933683089 0 49.4200335125081 0 -528.2774006030016 608.9885957550425 458.5558304601108 0 0 0 0 0 -209.5580153849898 0 0 103.5714540906839 0 1072.331686838046 0 0 0 286.6259969648171 0 0 0 0 0 0 0 0 968.0879118003531 0 487.4170288011812 0 0 0 0 0 0 0 0 0 0 0 0 384.1783782587241 0 0 0 0 0 0 0 0 0 0 0 0 0 0 -57.99939919237624, 320.2166983415273 -179.5235039314654 -395.353729218528 223.9511484025391 346.127809109417 -2815.484022254115 -3981.424915890369 0 -1476.755651920111 -1540.852723188244 884.8728186283038 -386.7078692227632 180.5451034932967 1787.819916811641 486.7499322293249 0 1087.163497587783 2922.934584762016 3200.426131680998 2213.320705977065 2330.725947978199 2956.004440360957 2040.629433778981 0 736.972824203337 2615.768416059876 6519.289435189945 1979.003208470651 0 4123.399609293787 1024.753750885313 0 -1093.112368900438 -671.6234438071692 1512.707917007757 1385.930647028723 2186.368843249429 796.5762882368201 3561.874836888319 0 1348.234383399697 1866.605141057569 -844.7800676315387 -1186.961305652897 408.3211105777395 4683.735058071667 2820.074038207948 0 -905.8789581266071 1459.90599771983 -3963.159898642271 -1885.096957649836 1492.235229811486 2108.127213402826 -1261.576019262038 0 -233.0209156150956 -1743.109813103858 826.266313435557 -1848.090392560042 0 750.4249786846735 -969.6640117536026 0 -196.1825693792883 -4356.648244496525 -2011.347443378796 1414.64102697807 2412.458200110358 2015.117060935051 -2477.76100879584 0 -617.2303755855755 257.222379261493 3875.4646303389 -1728.715554312531 -731.8319741650115 2371.09277101742 686.622444567545 0 -222.5335578653426 -1602.483573630661 -727.5252595102825 1992.272455449054 860.2646883847535 1761.575787617054 2668.628269938745 0 -1367.707902981946 3551.434652719875 295.0953777600072 0 0 -275.5577122256471 3799.371748391222 0 -2140.059923332364 1382.840676027761 487.6267700592303 2199.742347058132 1496.332714167519 3770.177200719031 1707.913761492599 0 3974.422411994877 -3852.681335813802 0 -409.9600510459881 269.9629495357678 1957.019071317052 2151.060535349961 0 0 1274.462050863848 705.8818643178533 0 3551.230182684384 3227.503098738735 0 0 0 -916.1406421998062 -1335.407705988251 801.9802292359093 0 1049.592430656852 0 0 524.0750212671993 698.210352369408 0 0 1138.985400850372 0 -637.9632707511241 0 314.498899676675 -97.92355075505554 362.550060160489 0 0 0 0 0 -1237.641768620339 0 0 -217.4040679988985 0 786.5065580271571 0 0 0 -508.3587556647799 0 0 0 0 0 0 0 0 -188.6981927847015 0 -16.83033553344893 0 0 0 0 0 0 0 0 0 0 0 0 -984.6858416855063 0 0 0 0 0 0 0 0 0 0 0 0 0 0 -546.0367884478824, -252.8597604160623 -1273.618460919201 -1868.385242500656 -1257.924018050796 -79.40711336577311 -1686.736904480927 -2142.222153338353 0 -1413.01573973237 -2279.256165403352 -862.7783325010911 -1639.824128187654 86.68505711791789 -1145.947975553078 -2949.253454639084 0 -750.424014315633 -2733.063886124246 -2770.461100454981 -385.1436406454805 -34.66575276478432 -1554.797982832377 1070.685941024002 0 -80.50594997592941 55.43854219775557 1165.313301518289 743.0591963657009 0 2077.653527664808 -2294.641608011897 0 -361.9742930454092 -1055.698474460093 2270.235362435211 138.6015570918612 614.5219797273371 -1672.604423452448 -359.6131186032408 0 134.475258043629 3326.886940816166 -254.9271498067824 -851.1981773415935 -294.5390739733798 3585.568430229072 3668.437963933718 0 2202.138699654196 1958.256705439741 2523.28671106785 514.4408256147343 1896.635241542518 2570.813099340247 66.06374756916534 0 1090.023841908579 693.6184124699325 288.5098700710716 -383.2898638342492 0 1028.001421967831 -337.1875751438735 0 -142.3564797867104 -2435.618425722007 1516.517980183233 -938.4589222113514 -54.8112347120873 3210.733531246783 -2669.345250973163 0 -761.9362839882206 134.6976313943941 974.9020327436826 -2869.538375719742 -1088.921618615389 2754.106885291504 -4186.755521765421 0 209.8482861943268 -2009.037146532646 -915.6185207104164 1711.220655394634 -171.2650728622972 -786.1034119374019 2088.645228258569 0 458.3766840144617 -1524.664048013571 -226.8142854078058 0 0 -3936.59665484378 1081.207324926658 0 -417.6284890452849 3265.321966030462 -448.2531172227238 2509.716846724121 -629.935373826901 935.7015514497286 -290.1902177698638 0 -1633.265669648208 164.4269382515788 0 -1260.733954002259 385.0654322758972 -445.6447605185006 3055.902354192521 0 0 1595.880914260941 983.132698701079 0 1906.289319132195 -1002.69517196859 0 0 0 -903.1000018469726 -1652.825051660554 2109.644067777158 0 1286.518073660785 0 0 668.0446553397398 -991.8103595011947 0 0 -191.9015698183238 0 -615.7282583988572 0 -108.7031399876188 -514.4835524197027 490.6808743353444 0 0 0 0 0 -668.4581744371247 0 0 428.8595040949082 0 489.6579452754025 0 0 0 -480.9090042716921 0 0 0 0 0 0 0 0 1953.230855080725 0 96.15616071982893 0 0 0 0 0 0 0 0 0 0 0 0 1107.669236321113 0 0 0 0 0 0 0 0 0 0 0 0 0 0 40.41024631344274, -143.856060721359 -257.6323218852299 445.3094225935947 840.2256885702943 -368.5665973616605 1195.534674203276 2089.463348667929 0 332.8374530850833 -261.6537720313522 -1563.051089723925 -943.1517779124333 246.4277063746593 -1633.651528483902 -2759.336750855272 0 269.6609643536378 -1458.095002304534 -3734.353845317915 -2511.957193107603 900.2983926365985 -1694.818187140716 -1424.049244355258 0 -1173.672862834183 -34.04228430713636 -2090.912180499195 -1883.577361120926 0 291.756393077414 -183.8104314024495 0 212.0102708922655 -1575.95408450887 85.5558064771692 -1018.85048204667 -256.2499088994556 1441.894943531904 1552.965490667987 0 2913.823227726414 5991.304955347856 1808.511814070136 2517.903983075698 440.4069567256862 4191.448994344023 4944.35960284844 0 845.2431238052901 811.7129154402767 1424.349468363812 -3007.77689912734 1689.147370448501 3274.964515935614 -5446.458079846413 0 2694.524243381184 -418.3045299815085 1378.493802845725 -2124.360045658189 0 -5550.844268256443 -5070.02287504611 0 -313.7030046990918 90.57232384287681 -641.6726807780622 -1334.725360980088 -2601.964516708526 -2315.187167020056 -2058.5613114715 0 -3147.366103215773 -281.9527490665516 -5902.766710902471 -1307.548610244953 -367.0544538323227 -3208.7253047867 -2915.906693784033 0 534.1548494984449 698.9881359771944 187.0107935436336 228.7799260233571 426.7006006566663 -2102.329080786269 2035.254723891134 0 55.89273429389618 -2885.50020747778 3093.913742932294 0 0 -3573.35445580467 490.197398665553 0 837.6361361593234 2048.613103547415 -518.7316332650634 2041.650029352631 -1461.147636900432 30.54915375229507 -1863.868584275327 0 -3057.766942491097 1872.561713589342 0 -779.4736012250298 68.02869788580529 -388.7066421258803 -1230.948944949965 0 0 326.9673278020844 -3818.853998613461 0 1291.507815825197 -1986.912225646034 0 0 0 -1328.187416953313 799.0067253332049 -1564.999021268412 0 -2262.628704273792 0 0 -8.310709947746503 -948.4571881042968 0 0 -141.1701774326963 0 -2549.785883021184 0 -1337.933681383507 -83.42533357306672 -792.0238630174548 0 0 0 0 0 -157.5047397812638 0 0 -468.1380284467896 0 -2056.866781198397 0 0 0 46.3793854049048 0 0 0 0 0 0 0 0 208.734110491418 0 -192.4928286877073 0 0 0 0 0 0 0 0 0 0 0 0 810.5479793892259 0 0 0 0 0 0 0 0 0 0 0 0 0 0 227.4749416376719, -228.9367565424239 -1025.534855336383 -358.5429985502776 760.6007231954654 175.1135999566456 3016.256293536761 3518.602465630231 0 872.9895281715151 2841.379902802866 3412.563307377743 3610.771537947209 221.9062192539068 997.6959227137688 3161.203088895659 0 -459.7358514887027 181.5474968492631 -1931.298717292172 -2963.672487427701 729.2893994688336 -1210.400100488885 -2186.283119206196 0 -2137.789969671199 -302.5357661803588 -1169.446853916585 277.8381493685292 0 -1016.090122536737 728.9730340048377 0 -210.1043928135793 -5213.742066725606 703.535270591465 -157.0173726617349 -1288.942034447691 746.5367559767008 -137.4206129881272 0 2611.920567620723 6467.423037366249 -86.55692073463547 2420.49337294862 -576.7293620444748 1724.865413173033 3126.111664546394 0 8.512388574815901 3056.565435631811 4506.486574485094 616.7868803814483 323.2699363107399 2687.979240993002 903.6313535468933 0 2819.602093906721 728.759851444265 741.3965720501869 -1095.676469708143 0 -618.6848794314624 -357.644660764603 0 -220.8074078771698 2238.342380542581 1928.388921236147 -106.3283735252242 -429.7752170500879 2051.063232508528 -1861.88178681056 0 -1107.351200056736 30.36102275393046 -1446.065611520295 -3623.87478702333 237.5808580945152 -1497.134781632411 -1574.652131623627 0 -293.5281491270149 1143.668348329435 387.2164889982914 386.0078816896072 2113.92275791887 545.4319626483039 -817.8918376349832 0 1081.666015979004 502.2831884552497 4369.189736272119 0 0 811.496224027092 36.16194419213912 0 305.4259053728864 585.9984517386019 1781.230411958132 221.1608259974039 -642.1967421366353 1435.538010545422 -686.070035363757 0 863.9616342087527 2073.840340939231 0 -80.06700490583785 57.36799875220231 659.8650091813755 -3453.368382672202 0 0 314.7711010499319 -2034.434582629942 0 853.3401822290847 -514.0417745889948 0 0 0 -817.8738164442717 890.6797861370526 -1801.052155154854 0 -1774.631909802748 0 0 -65.98775298292512 -133.273989639051 0 0 -119.223864435876 0 -893.7169174702858 0 -215.3081692401154 491.6504754669546 524.8092883393151 0 0 0 0 0 397.487469865842 0 0 -426.7879346614523 0 1069.343891604931 0 0 0 433.7272546654409 0 0 0 0 0 0 0 0 -684.2964548260355 0 248.5150539396503 0 0 0 0 0 0 0 0 0 0 0 0 -132.4940042999642 0 0 0 0 0 0 0 0 0 0 0 0 0 0 68.65480454427374, 180.1098777518328 964.9566171803194 1108.67180900975 -548.5226543015319 576.1746222477352 1181.789020839296 -1778.381332609714 0 113.5309715178597 -1544.016057149767 1496.343141571509 93.7147098626973 -1121.247120177522 185.3268260600471 -1498.351133177927 0 -923.3788872921339 -2736.617191412256 -2912.010236485963 -651.6071890546692 684.3686368671241 -1982.939957046477 1944.357141931427 0 -1788.334157202116 920.1968389805389 -1082.518053916098 1927.196488036732 0 -724.1931968779115 2806.075054772719 0 -622.1834825440479 -1135.859348651893 2796.186010155683 3106.120949768916 -588.1728143035174 266.3237515267149 -350.5809025996091 0 2084.021934517628 5081.739633920272 2588.262358908016 320.9224799688915 610.6393667351158 343.6090721770429 558.8375786783937 0 146.0776077840439 2137.248076217557 1884.420237081574 522.6244382837842 -34.14330310112018 1459.2707136241 -555.3495036250246 0 -274.042766778148 2097.635204160101 -655.146596866625 -1032.713609362908 0 29.62577885773544 150.531574365179 0 -775.9146182790801 -5605.850010163751 2644.343463164089 -787.658024597119 1517.684657587305 3814.229516059892 -3861.262018091266 0 319.3145074150422 -2095.03030059604 -2612.439033236818 -5532.693596228588 1054.658801907574 1253.333589003324 -1680.543183493341 0 -614.5074461303527 -759.4688691376796 -357.6501251416423 -2477.991633474953 1917.238157812109 -1385.100459857683 -599.8485569216598 0 934.2879794962114 1793.613113699635 1322.419370456492 0 0 2648.414545446799 61.40941949264277 0 -594.5134150271085 2165.677907452784 -2867.182965476534 -1037.332730633327 -154.6342858479392 2720.241945457402 -745.8621826463797 0 2191.858591967078 589.7445798294782 0 2178.164816484916 788.0956747060317 -214.792932607988 279.7902358970298 0 0 -1740.387630302808 -852.1535777615095 0 899.3074254196121 -2083.442454013693 0 0 0 -892.1507091501968 2514.057209777974 662.1714197299221 0 -998.4176339945377 0 0 -580.4039935411655 -313.7750684306405 0 0 -924.2010629376853 0 -257.3385284680476 0 -2299.035155073354 1545.18523869468 1864.096438774237 0 0 0 0 0 214.5623759278132 0 0 -884.9241673462169 0 950.868022343916 0 0 0 519.1410645810131 0 0 0 0 0 0 0 0 -995.3768558444093 0 969.0144005955623 0 0 0 0 0 0 0 0 0 0 0 0 937.9445909627318 0 0 0 0 0 0 0 0 0 0 0 0 0 0 735.2700932699071


GFLOW: 0.216 0.2508088032729136 0.2486383305564727 0.4210358303238851 0.4181845160488171 2.898823764443176 2.899281483157424 2.740743834852251 2.742380060012362 0.1806336163093334 0.2585849308925866 0.285858263209495 0.4042564625671087
q-corrs 26067.65416590968 47653.00163591577 25110.10986317347 2384.557464004609 -2340.313349145846 -8451.430184183391 -6331.227282959114 0 -2267.960216965132 -4005.998662480999 -2674.074496267691 -1672.471284405548 -758.7797643584389 -1281.365705335255 -2560.574177486178 0 266.8635913476393 -1523.069725387121 -1436.331232912069 -1792.867789186579 760.042651508219 785.0241021596175 -904.8535809939076 0 431.253860905577 1325.742218886375 961.4667102602373 736.854725536198 0 -25.09248918180504 1282.914631498513 0 620.7261313740812 27.97985612286561 -593.6477562459279 -166.6724497427791 -535.1964945593901 -467.2823734140763 -1057.602564097514 0 -524.4936116742675 716.100692537153 -194.4092923205891 -185.1933327060605 -529.1770722405145 -1121.558363930345 1279.068679307892 0 747.7280726527863 1217.461059605812 1335.528164491501 -241.9619986137504 328.0168178028667 1685.841179935608 -446.5678221254507 0 691.8396285472932 1597.36983117654 -541.6392132723765 1146.308368778254 0 -2115.290332925768 1792.291274182939 0 -211.2548058151284 86.54807034927455 1417.887985541458 583.8746294996721 -501.678205498581 -870.7462093746555 -1840.303896529395 0 -572.7551253395125 853.3727287971971 837.6148524040871 1831.901769752424 1034.205674969994 -459.9613303644294 -273.4041201262214 0 460.7525978341311 20.25898064610567 289.2429567150464 -2315.168797097966 -909.6138554149726 -466.4524698336909 1242.883499541676 0 715.6911399894483 2020.277658100298 -1759.75571668285 0 0 401.1149405072343 2281.805561998342 0 -32.84188721070015 2073.700410217928 -2194.218521784658 -1971.713702810996 -115.8037670123278 311.434632681787 147.2878529824562 0 555.4195104782737 -227.2934386735503 0 1450.435194525531 424.6628784633402 1613.231780309228 947.3024675831903 0 0 -1415.782351495287 -790.4883660806111 0 1026.469633337338 -1063.469143519925 0 0 0 48.31059653802248 385.3373604018283 148.6348494033398 0 -1115.061749399842 0 0 -204.1460993596126 1014.86638938348 0 0 -166.551726635283 0 -389.3180731733456 0 -989.659651425404 5.216958891100631 -685.3849482299377 0 0 0 0 0 340.1615353383187 0 0 -206.3638131644225 0 -1807.852406680328 0 0 0 -207.4150304594372 0 0 0 0 0 0 0 0 -420.1905484091988 0 -203.9240494191229 0 0 0 0 0 0 0 0 0 0 0 0 367.904900331187 0 0 0 0 0 0 0 0 0 0 0 0 0 0 123.8216012062801, 7922.386990310351 12186.0818885714 3179.400436806076 -1504.414167254922 -2507.820762009973 -7116.497645550689 -4892.79991381794 0 -1165.795696043573 -2529.030002826491 -1793.136229762617 -1237.295649821186 -452.7587534001798 -305.5101130062267 -1936.313848478763 0 427.6632721059015 -698.914293665973 16.08343465502537 -835.9608509020941 228.1110512539568 70.29682052887182 -1273.361580577832 0 -12.01008101420234 465.0316880926047 907.0607202425524 6.358378452221871 0 -1754.561785380307 -163.4495313409286 0 -371.4258542274014 -115.7609021300301 -2181.715811795694 -701.6694641875918 -502.8775325884492 -479.175028180394 -1039.148838306673 0 -886.5758060330766 -2424.102825207579 -1194.84216077356 -91.4536507602981 -157.5846299542286 -1803.611548830471 84.95309503344646 0 515.6675387424469 2329.471862156649 1200.912900809314 -459.9308575668493 -436.6730419624886 1290.637643547872 -511.5323649957477 0 1075.204372583516 776.2983339504215 -1081.300465264193 -364.3716584665816 0 -1090.060090146343 1803.97653755127 0 192.7083081710673 474.4553345391949 970.9602188039155 1200.888724595222 40.4690067113454 932.9150955741018 -1116.568815708162 0 -162.0048430657294 -127.03330782403 1077.705092050688 1146.006642780243 508.6470826597337 322.2926250505067 1173.7515539745 0 -375.2783217033142 -497.0632909234636 921.6224743817784 -1557.888034246721 156.9448096998624 -584.6457132044366 -47.40265535926198 0 136.9389401628362 1438.508073132527 -1594.842615241846 0 0 670.6298458410353 61.00611328436659 0 84.44641819826435 1304.010012392718 -1949.564737930451 -2413.669169902766 -111.0275318543011 -162.624763410388 -591.7204327501313 0 618.6504306737305 -105.4349394781329 0 73.48321372373644 605.6720758393149 460.7842794291543 330.1923911873972 0 0 -769.7425078904503 -1902.593257007117 0 550.312608971783 -941.9895533224405 0 0 0 283.964086026277 -107.7570333698517 -707.0628482577009 0 -555.6754982402877 0 0 -107.8018825441681 -769.1805919773976 0 0 -174.2771015904882 0 -580.7476158614387 0 -480.791432368339 82.02875783203233 -1279.710069649892 0 0 0 0 0 -18.22873168095799 0 0 -240.37501837939 0 -1437.011577842238 0 0 0 -424.8466017116685 0 0 0 0 0 0 0 0 -406.9851078183318 0 -312.8559181608121 0 0 0 0 0 0 0 0 0 0 0 0 -3.222935562073459 0 0 0 0 0 0 0 0 0 0 0 0 0 0 -15.22677590943752, -232.4467466259737 -1880.237346526296 -2931.812668106923 -1418.945120128438 -1251.632223760944 -4086.155527823483 -3543.488135203591 0 -612.6527102511674 -1774.097831303193 -531.7404443530172 -895.2419431325706 -128.6199895972772 1325.610952054886 -48.818601990003 0 492.5977250696706 1234.577876272443 1894.997236644352 418.6991597490721 649.4924416426901 622.8595912923392 -129.5422580791621 0 -17.71284551345283 -640.1902344232191 -49.13939007917617 602.1603708285313 0 -1338.945896111219 -390.2450699462838 0 -1112.512267749582 -808.6357946318133 -2008.806382889881 -1405.917972781311 307.1957409219029 -426.4397028323887 200.869863465412 0 -568.3348301920712 -1811.869990700103 -2147.702358486335 -129.4359054402689 74.56751448848848 460.078389834589 -384.6031718177419 0 232.4340102442105 688.1714180166109 -356.1296815534797 -1590.137693078017 -150.9795473603186 111.3740429796662 -1604.20507833228 0 281.9760667468454 -1399.571170912531 -851.9838402844592 -1830.173559245928 0 -672.4649725510235 -1133.923482170762 0 82.22231815540408 -735.3793320529451 -1123.133833745108 437.0582733607911 133.5437398241023 -667.7490642894824 -385.402063455553 0 -458.5341839663593 -297.9585170097172 386.7436277115909 -33.40303740048279 -122.2456677712001 1135.913005664329 601.9813662524571 0 -35.75845517472331 -117.9633831342495 139.3241110221172 -80.90596697474508 76.39982203304294 -257.2953848485309 792.190948952775 0 524.4535748842875 368.2326995883809 -255.7356908920126 0 0 593.8105997888033 -180.5819539119253 0 -333.2372193180111 1439.376443732291 -923.5154960617094 -1122.179834776638 -43.82080289188841 381.4053978589426 -416.2834279988821 0 755.5994683230298 -829.1182342964931 0 -898.2549708156831 732.577229355698 121.1796727475195 -19.23142149918647 0 0 -494.048300947019 -2227.829852535838 0 741.5225432593325 116.7349281949778 0 0 0 143.752421781658 -532.388674182933 -255.0179846059551 0 -40.75169584200898 0 0 -277.2753662657055 -1505.505311111441 0 0 55.17600560106385 0 100.8471405804171 0 -51.12996409110355 102.6988136350228 90.64817194297052 0 0 0 0 0 -231.6008322746977 0 0 222.7264359873973 0 759.2895972124975 0 0 0 121.9817004139654 0 0 0 0 0 0 0 0 607.8861486896794 0 323.170879014335 0 0 0 0 0 0 0 0 0 0 0 0 204.2025978186635 0 0 0 0 0 0 0 0 0 0 0 0 0 0 -27.55429666152439, 21.443438413747 -294.6979278334385 -818.5621402513716 -543.5330910411822 -142.0316515806225 -2221.993854788179 -2682.712255503097 0 -942.8554994980326 -1515.097213247138 409.6275517295141 -200.6416818195284 -235.4853157352488 1240.225807534827 522.9015143107911 0 561.0286620632212 1853.538534258176 2264.01759853896 1181.162014300146 1646.03909209424 2318.259607831847 1064.773140838447 0 959.5656212259072 1292.283686059579 2914.686383529373 1059.609017385081 0 2985.005404921033 1043.467035524452 0 -340.3763146650152 694.7751068972748 1256.150215201704 1427.408403563749 1228.427002217547 10.2663704270721 1933.908892428874 0 674.5440928430864 1037.130766871243 136.6235601358431 -305.1118714157977 280.7807816192337 2514.581398485648 1869.34607818993 0 -237.4456689385859 968.3831875114221 -2228.458012792926 -1590.066314637502 980.2844495408388 1813.629338286727 -754.262648341086 0 378.0897609116763 -725.1908581182688 479.0576787494367 -793.2337478550819 0 790.0632837486853 -208.8879506755579 0 -177.528694516013 -2476.095736370809 -811.5567298141038 567.0569006378953 1510.716249240185 930.9809698023937 -1122.639828132196 0 -160.1934583899675 -16.94234559683139 1904.191669117012 -288.9019289161462 -557.2463635967334 2547.318658336068 556.8509291227653 0 -69.50108001194803 -774.1928322938172 -220.5432164067074 1042.355890294631 262.1923036474832 738.2691282211028 2811.527842658963 0 554.842698187589 1623.699052328881 315.5625721043224 0 0 235.1188347172636 1759.043220452914 0 -1030.039946184787 1592.924355826951 678.3641195744764 1536.129338430366 642.9086164671704 2745.31686130378 887.2597033006848 0 1664.964308916814 -1240.240111221346 0 -409.6304512364734 270.1648004431481 1010.321483331577 1157.063800631952 0 0 955.6665655172249 940.1936731681707 0 1657.356963664958 1433.159451590788 0 0 0 -285.9879567597562 -833.5884395779908 235.7057113246917 0 489.6019914875365 0 0 337.2821756433928 -79.63955147424414 0 0 450.9361915135981 0 -136.6738806924528 0 74.44293049473539 -190.9380970549471 71.51619081443977 0 0 0 0 0 -609.2462828924524 0 0 -9.898099612906606 0 636.0760086761712 0 0 0 -154.4371567806023 0 0 0 0 0 0 0 0 31.99523076516419 0 202.6939420526888 0 0 0 0 0 0 0 0 0 0 0 0 -393.6753550608423 0 0 0 0 0 0 0 0 0 0 0 0 0 0 -244.4503123127214, -138.8005223485252 -680.5388917427013 -1270.364944708242 -840.8093259022794 -359.3771904750974 -2032.976628116148 -2116.582527586647 0 -1014.623455686067 -1849.341312996606 -1045.40082251025 -1259.999225954085 -140.6248924150837 -498.2085443506638 -1502.664263999269 0 -255.0904754509374 -898.6322448297618 -1034.922107844285 -125.8282393451518 127.6957861691042 -581.5984906051049 930.3360025853588 0 310.2496723425148 73.67707019461201 -412.9113134902342 -135.6443864524843 0 1813.994818010977 -848.9345726376721 0 -80.97312552629023 -119.5804495849201 1867.816641144193 505.3018866730864 386.2897536211104 -1196.784055880948 259.6480163537724 0 440.8428363525713 2102.134916191749 308.2513215195554 81.31335885130308 27.16034868371804 2139.844988975725 2229.114413523931 0 944.4408215111589 1262.776464680545 444.145907513673 -618.8186182618729 1379.278903024161 2666.945453712718 -571.8141622937013 0 1056.853195282612 782.8146065472594 354.7657454646654 -169.6398263522968 0 440.861680434804 -771.380786522574 0 -56.71735283323179 -1224.968046841702 1885.672244189865 -679.3889161659897 860.2201931571803 1576.923721237928 -1340.963393246178 0 -399.3271247992052 -711.6021232066911 -135.9545306116408 -1058.703378360051 -909.7204239014851 1983.557885256933 -1766.312739746808 0 116.5840373878814 -846.6194916249863 -456.4219678676665 412.4439784194486 -15.37578541867629 -782.1959459525438 936.3053643918435 0 779.4340108827259 -1905.407351248385 326.3834870649628 0 0 -1497.277364382493 317.6879617326094 0 -305.1810775075422 1819.165019132162 345.6344363740544 1491.292726802408 -421.346699277992 1075.280976666612 -358.1999553113088 0 -640.4466316582198 572.7312656108448 0 -1139.509304258033 148.651219821747 172.4901415129516 997.2600839245517 0 0 1165.300893046419 1106.502850737783 0 1087.077088052258 -130.1068773921436 0 0 0 -610.4981869101093 -1481.94992494707 261.5374993774553 0 159.75087351312 0 0 508.5597943650111 -582.1237534805616 0 0 61.68480110314308 0 -480.6040216466161 0 -365.1182244886671 -465.637210003435 -251.9035574345591 0 0 0 0 0 -541.1431570976364 0 0 244.9407563952225 0 -267.7390387154084 0 0 0 -260.3636069577177 0 0 0 0 0 0 0 0 808.9105575942158 0 -92.93892076588902 0 0 0 0 0 0 0 0 0 0 0 0 484.6395785018603 0 0 0 0 0 0 0 0 0 0 0 0 0 0 43.54577077185374, -63.36557511866079 -108.641951387629 187.3275637968471 289.189769781908 -133.4681508591837 271.2210358265341 501.2432017399694 0 -78.30811965171904 -241.8218835459821 -663.6995242259623 -522.1992922309681 81.42493690292113 -917.7813016674048 -1415.985840435158 0 57.19734969805324 -620.5787604775214 -1473.141104485902 -1439.073607034582 187.4920646474114 -1296.463640974024 -861.4233807538556 0 -934.5915470420662 -332.0507699858836 -2091.36125779487 -806.039947279425 0 -408.9243451566061 -152.4200950661152 0 200.7653395448799 -1052.01470457556 130.7746363143096 -546.8724837505022 -499.7657505888085 62.35753662798999 302.8811934400753 0 1368.291501840986 2708.713895239959 181.4783453650566 1043.058323385675 242.8652105572714 1817.289772553504 2460.430811751015 0 506.681883284817 978.0707049641485 478.6319497089005 -1677.839275695565 1021.988134229092 1644.131410969006 -2727.690806026935 0 1419.634462578713 -214.7298061941786 461.8171423487117 -755.2858323849852 0 -2499.17613033725 -2555.864671268519 0 -10.0098995363299 246.6388842428006 601.086940451496 -959.6174134107335 -1306.499045125971 -978.1714137925046 -1371.712983728095 0 -1569.698104983708 -815.7156985417698 -3116.054418632313 -1453.31613062342 -326.3202037379119 -1467.75540899837 -1929.494057486103 0 426.3723225427025 498.1213171855808 -119.4653415630773 -379.7385780719094 130.7387015597861 -1467.220770282132 -490.6959842926382 0 66.65578036074453 -2319.330697848625 1188.689381244636 0 0 -1817.647683732501 -193.5607346545556 0 617.6423391971939 727.7288202614266 -137.8583672087186 349.769028114982 -866.0727689997029 -277.3791703528691 -1192.614245314033 0 -1452.249676401729 1573.667270513193 0 -815.3554217347798 -40.63337165923167 -250.3788888188881 -1304.960584343161 0 0 306.6071407255448 -1307.814799727736 0 444.6239362737467 -1075.979410543558 0 0 0 -1272.998506478927 -266.9152373978159 -914.813954633068 0 -1412.232812347684 0 0 135.90514288364 -503.7116278612782 0 0 -140.2753871212564 0 -1316.667935242644 0 -946.1911806402275 38.82913314072036 -550.069597869496 0 0 0 0 0 78.35020958588562 0 0 -144.403273844352 0 -1023.318161072115 0 0 0 54.30415238850325 0 0 0 0 0 0 0 0 341.203928097356 0 -72.12001896340949 0 0 0 0 0 0 0 0 0 0 0 0 590.4281275750988 0 0 0 0 0 0 0 0 0 0 0 0 0 0 166.0753819967933, -100.6527146478986 -205.6212622682255 278.5933113739934 481.4649259297246 245.9461407910415 1606.698408084264 1820.9630407732 0 632.2980877963907 1566.105953179467 1607.603558334489 1714.556472343452 66.98362578011432 794.2347254487825 1249.686750769188 0 -33.68945537076074 269.8165116990463 -146.0874918762413 -1228.150676369721 714.3334765921975 -619.4655337462581 -1215.410297912892 0 -1375.469219063032 -89.76280722114416 -851.0744258986389 97.32897508714336 0 -862.5695859580505 498.4845250834406 0 109.385206715801 -1949.100684504995 155.1840901606237 -174.1693486825146 -1044.24295016823 60.3067934774725 -9.52596825681735 0 1431.400094555934 3213.755711631473 -130.1498080660209 1237.509431675564 328.8623280300706 1023.836562460164 2059.255786132062 0 129.4715642138845 1488.426046421574 1263.272712959012 67.59977637826921 786.5134993773864 1857.899075514528 730.0554592256457 0 1517.81594086514 104.5440154875538 494.9631930903059 42.5703556752743 0 -619.4064697504421 319.1427516645355 0 -224.6082145941101 852.484211225 745.1841248849921 -37.97225750649969 -670.7079268506428 1364.797675180012 -1272.729773680705 0 -497.0824919727735 -288.726765957288 -1020.539883859184 -1505.447872194969 184.3538690779574 -1153.440742241974 -480.549234307435 0 86.01663190713066 1080.801302788131 254.6378570908009 -64.32810629392887 1222.936228507357 -53.69186587393116 -528.7793772069294 0 217.1374533729049 214.3585613218668 2024.624329439491 0 0 422.2009806671209 239.628062601653 0 442.8445782891018 339.3011414744907 768.6282070795889 305.424110977307 -285.8045936858976 256.158156459868 -259.3735471795177 0 508.9601231975342 1096.552034834295 0 -11.55477325201838 98.6824073070386 279.3124670162476 -1344.301966357897 0 0 300.4089730253878 -840.6186829966514 0 -94.60782546315534 -184.8321606066199 0 0 0 -511.2777742545818 376.1935504060061 -613.1178682588381 0 -1160.012783408473 0 0 52.96343265455752 -195.2338379378002 0 0 -96.56742856725094 0 -455.1254808975433 0 -384.8611901179572 230.8333682218088 208.9169367892169 0 0 0 0 0 271.4627222495344 0 0 -273.7288466015531 0 243.075711222863 0 0 0 345.2599265949549 0 0 0 0 0 0 0 0 -158.3195096831936 0 236.5648618183275 0 0 0 0 0 0 0 0 0 0 0 0 86.34823555180125 0 0 0 0 0 0 0 0 0 0 0 0 0 0 59.98303338997635, -0.7826972968305199 347.8246353529795 694.0090740673661 104.5041280746472 513.1399326994965 1032.981824246155 -292.3526507263844 0 257.5110112272652 -427.4732243691434 726.718157313246 -71.66218087172155 -592.5571213877113 448.5185861646349 -982.1310503099151 0 -297.2798137427488 -1750.990325317917 -941.7473723303897 -510.988479502777 239.708630485834 -1422.067072344931 206.0977871492813 0 -1301.090077514272 309.7374114275701 -1028.111844155529 450.8120331191101 0 -178.6854592627999 1386.123043212599 0 10.05441102881315 -122.7409825992273 1791.871447712741 1692.877782295907 -163.92985494898 85.95157023921462 274.3276729300081 0 1127.614314304379 3717.276814498844 1330.33971212742 363.2570667262299 642.6962027148038 763.2274176154403 1408.391312561385 0 443.4665711288886 648.9716916493944 832.6731932735132 12.66831371802266 388.6432670641028 1316.546890102667 -406.2250804669318 0 -418.1204185028587 1036.732325013782 199.4271303852515 -267.1977512783922 0 -1328.093712429826 -751.6306072917736 0 -425.1828859309496 -2956.401219981815 365.1768472005774 -390.5781511006172 356.6861308815771 1365.614087065949 -2569.867035927025 0 -375.6555040570473 -1160.01184574576 -1914.793411279033 -2494.455513292743 6.320028309574397 100.8286717751236 -969.2589143361855 0 -200.0350045194084 -316.322588440909 -14.20603210507596 -1419.499363566284 1132.155363082033 -712.2119480122147 -415.1753977970185 0 487.7471534621552 166.5221473338573 312.2965973218543 0 0 1058.84575975488 506.6364271462541 0 -350.1600912346028 1518.315996964423 -928.2964298751654 -266.9573418436792 -25.59540424044161 1675.424499814022 58.25936149210423 0 1080.957281529236 33.03555766368183 0 1086.708884762925 690.648515966629 207.3489515697855 760.3745452424959 0 0 -538.5882821698808 380.5720135664428 0 286.7193747017899 105.7750189896253 0 0 0 4.598143590348727 1259.731336125245 696.6777131941431 0 -711.9250630644829 0 0 -227.607571609875 558.7746560882922 0 0 -57.17070996373204 0 -331.0621670870776 0 -984.4709314689385 592.9507843211325 987.2535093519136 0 0 0 0 0 338.1031013189589 0 0 -607.4527334169752 0 -126.9801015653614 0 0 0 468.9910686772387 0 0 0 0 0 0 0 0 -539.406099929301 0 410.5804333040112 0 0 0 0 0 0 0 0 0 0 0 0 369.4892123019871 0 0 0 0 0 0 0 0 0 0 0 0 0 0 256.5771951784588


GFLOW: 0.288 0.1726815230202621 0.170679161859627 0.2723158635894755 0.2696976174872507 2.942375343206082 2.942793721177893 2.837619207414412 2.839103004044825 0.06041834206068901 0.08160394003173228 0.1226560701304935 0.1643676888557978
q-corrs 12342.81993624927 29030.97546256607 21230.15230597834 4335.632372892227 -22.62087411581226 -3114.766465317914 -3578.278204477981 0 -1598.515036872068 -3191.00281414209 -1983.553846634614 -1479.085323991634 -600.0182467881931 -1252.974811276824 -2175.455336425203 0 91.2861858869896 -983.1497886510193 -744.1790924137488 -1073.596862977195 58.91698215233458 127.1889345548767 -689.8961411622853 0 264.3525850340023 384.8831438705582 457.331163493761 293.6066268046587 0 79.21380906588854 302.3850766864434 0 255.4720129590247 187.791663286471 -300.7540604682138 -220.8982222568861 -59.82941998845524 -78.8698403998964 -50.81717154051802 0 -143.8124908347683 479.8830216750652 330.9530308750185 120.3144813672408 -68.2347119975376 -260.2113991625317 442.6286803066196 0 393.0900379713976 831.2219217336221 697.3169768175827 236.8922966352521 384.6865173746112 1183.456449741404 166.581735032647 0 327.3239283309757 890.1116940592811 0.3097478459746128 576.5196341033197 0 -900.4401627159278 1517.797953212894 0 -98.32282227892371 32.80667727150768 807.8492039162529 327.7477983982477 -280.2603112245847 79.74047959778471 -1366.796624681458 0 -196.229710039207 491.7905142451897 320.9816525602835 903.8646582821758 500.7788819942839 -407.4218891770026 -128.4446018018266 0 241.2505402718156 -352.970336004791 215.8713707033362 -1431.020633182648 -326.7766175565027 -488.6225577357307 366.7474016157795 0 377.04077154018 1060.995924351574 -1021.593810404123 0 0 127.7057780807663 1020.960045507784 0 -108.0146873361555 1237.371235121357 -1387.577644333144 -1463.818765149487 -170.81594412204 713.6015747434665 -141.0568762255118 0 290.7765071915634 -325.5530171442144 0 810.2816728279072 382.5665226694967 771.8668636145978 844.3766778712542 0 0 -964.1330727990749 -788.6730702080338 0 744.0748966767135 -792.6071573846658 0 0 0 -41.71473272291453 437.3810983127989 123.9883237692703 0 -299.1674905334729 0 0 -254.2459510539232 475.9646895420022 0 0 -289.2822014219813 0 -602.9519562806098 0 -525.0908782356346 10.43211002713733 -309.8151568355271 0 0 0 0 0 240.8047524763538 0 0 -196.5249230309863 0 -1098.375800544342 0 0 0 -56.86825165760906 0 0 0 0 0 0 0 0 -220.5509165235793 0 -163.938908847836 0 0 0 0 0 0 0 0 0 0 0 0 149.5578770901529 0 0 0 0 0 0 0 0 0 0 0 0 0 0 69.3821907523797, 4849.616897463589 10575.82876076346 6427.104158349173 578.8839233225635 -908.604982628881 -3894.45757485096 -3419.603580800701 0 -1125.152115612368 -2373.377962716403 -1426.989640647166 -1199.491735448337 -450.6518245670116 -592.1350840389046 -1617.28255229359 0 261.4434299516766 -469.40987061189 -74.76406478926856 -587.5513766002186 -46.96543524500562 -161.5436392561216 -787.7953965189497 0 -14.68149230104561 -3.61523974841765 145.393568286351 -52.77561921019438 0 -900.0150338516255 -323.9244204095154 0 -265.7524645602031 -208.2350321467191 -1316.837735744026 -680.4144869637475 -178.1745044986932 -177.4533486230382 -294.799783688517 0 -536.4609229035311 -1474.414692931112 -632.309233124249 16.7467138098159 -43.00703477975981 -905.2646269858114 -154.7324557345242 0 270.0291700146362 1106.125326794519 389.6127364196921 -154.749222102716 -163.300011116282 489.6127598536013 -352.6597177340443 0 359.4603782575087 470.6464666383295 -483.4725021383587 -330.9112814038202 0 -895.5598786510111 967.9655025778138 0 116.1296805497791 -50.40183479432088 623.6574549080942 581.572804747917 -56.35649231734526 606.182638168782 -1128.830278410659 0 -171.3798007818787 -120.6036851089826 164.1100906114198 570.6694111869797 202.7183767190305 134.8925554648995 380.4580688274199 0 -145.0309858817795 -522.0051314305914 440.2423111064566 -1099.471936462967 115.5925690331202 -529.5015470015876 80.19919937508979 0 182.2485169849017 714.2530302896271 -1009.376448384502 0 0 352.9640876785749 1.420086782900341 0 -60.25876801002242 873.7438365031683 -1111.975660619978 -1447.199804717083 -172.3129930316516 36.03184118229083 -355.9834344889761 0 358.4353533460045 -394.7288026394282 0 35.76562176000598 348.7694210391305 198.3156055655518 311.6882549869384 0 0 -602.6594219660727 -1396.316404455995 0 210.0884185197107 -632.4024707807172 0 0 0 36.62002588182469 -65.86872320030342 -304.484341916986 0 -223.8557158952948 0 0 -161.6900501060437 -510.8227199126295 0 0 -214.4927560340261 0 -487.0862148960927 0 -245.5308753075627 -28.17391114923258 -648.0783009824992 0 0 0 0 0 -26.11976383561735 0 0 -144.3572516586629 0 -765.0531347890521 0 0 0 -192.0489478673906 0 0 0 0 0 0 0 0 -148.4216216619305 0 -173.1721835389772 0 0 0 0 0 0 0 0 0 0 0 0 55.10860556250896 0 0 0 0 0 0 0 0 0 0 0 0 0 0 31.28616101826112, 90.49604752960995 -512.5761247133628 -1563.740979034801 -1049.37072175095 -854.0032838612855 -3007.91650049434 -2643.227044871607 0 -663.4609982928797 -1548.9702152529 -483.3125326706559 -648.4153202519566 -294.1757020311448 509.311153212977 -322.9095913634534 0 394.5578165385779 741.0697426474072 1183.458387474137 158.9985372738497 476.3604003979418 569.7741233930584 -240.9204415402198 0 133.3867278626686 -284.9128417025572 23.68335390089339 290.6124583325116 0 -403.3087512222691 -74.7784894699717 0 -674.846379460294 -382.3383322023295 -1118.653175480135 -764.2482154309732 143.783819630736 -223.8805364474345 204.7612068923635 0 -478.7661533541604 -1528.294582648692 -1215.4978911909 63.46333607777436 5.213339924507636 -221.7957494089423 -263.4275449209471 0 111.7286487700061 485.8785306645814 -452.4358574504357 -1076.155043341471 -216.640696701597 -367.0939132804813 -1408.32319150595 0 -5.520933536979271 -539.3865816819715 -553.9367749150404 -1122.979249235615 0 -605.372819349592 -661.4294398469387 0 49.80687409225992 -928.945393466402 -423.369730214901 273.1243958315974 66.46032711825842 -354.9431280524974 -565.3046371146543 0 -365.6660165875642 -402.0093750425834 -95.13257633039544 72.50256439079541 -123.2337054989684 823.3677610658261 257.0608361710976 0 -129.7674992870662 -212.4854725343353 119.0160787122275 -195.7281391537267 75.12416251756873 -151.0806228409004 899.9571231144117 0 486.0419480088072 418.7032530538119 -198.2569616743251 0 0 359.3692967566931 -72.73834741841732 0 -198.8537131582054 998.6767749440174 -329.7345800071475 -400.4108099864379 41.0625111047827 438.6979907998141 -140.41739189832 0 473.6074628650362 -453.0192163957983 0 -517.7989402942262 368.4195757333831 -20.17476394185809 280.4986346348174 0 0 -175.9930395323777 -1073.929472344367 0 154.5121323064108 -80.27958981633191 0 0 0 188.5521673371311 -525.8017194773111 -135.5120986046843 0 60.1014247264107 0 0 -127.4584562934712 -908.2678201783551 0 0 -55.39255081933115 0 184.8064034404033 0 100.4125577217282 -89.86593856635049 -77.95992695337702 0 0 0 0 0 -197.2226649022028 0 0 169.7474519448403 0 528.8427993202781 0 0 0 11.88161727753378 0 0 0 0 0 0 0 0 369.9616953522804 0 205.5505446695937 0 0 0 0 0 0 0 0 0 0 0 0 138.6149334698309 0 0 0 0 0 0 0 0 0 0 0 0 0 0 -8.037409796623631, -39.13921353690068 -364.2085662330301 -907.7776122764812 -659.7150493545357 -292.4960701047519 -1795.290825257765 -1976.489508433803 0 -651.6104968502527 -1266.344800292957 77.13861594811851 -186.5275390951792 -247.3013095812307 684.3810692931182 351.5053146260469 0 309.0841345851842 1239.83303675621 1471.013175329316 684.8432839060119 1084.086338629402 1691.835881540619 656.84594413641 0 823.4678516163476 680.2496576962377 1531.67048955265 622.7974612233691 0 2063.268155112233 918.9261342281433 0 -122.9923467686293 722.4321215038045 906.8932971063266 1002.6933191628 571.1882351074497 -265.9965095293884 1121.077489702627 0 308.157938078237 699.0944099948815 259.2125268999163 85.09958711097313 214.9864161725831 1275.625625537338 1150.447108722851 0 11.46816397722372 628.5267052659742 -1011.391874546455 -961.8143557379246 567.7933419221374 1116.97588529483 -493.610582967229 0 416.8726587293004 -49.15904320735498 226.0043180420796 -313.048076927143 0 497.8837078260271 -85.34835615580874 0 -124.0787936371939 -1389.145147749455 59.69969377181252 210.5422450506014 883.9975111545954 530.4292990633542 -408.5159784715303 0 -44.734616536608 -85.04517306589287 665.1950960684597 122.6638365579766 -320.2081585153938 1997.90154241392 315.8005182836575 0 -105.4243729900811 -328.307396671064 -91.84315052745626 580.5948596072075 94.50754867212881 302.39346493496 2083.580608322449 0 886.2139406788751 631.7211698014564 348.1920682084677 0 0 242.636087116574 867.6599048186972 0 -492.2775109989369 1365.829449751518 581.3517208296346 1089.806477687731 293.8312219216863 1828.804080171048 431.0500535254498 0 784.6099032851595 -380.3410384411684 0 -315.5078392587883 264.7145708467532 489.8578401355712 882.1634668929504 0 0 628.1100345955196 768.3604456362948 0 700.2009254900371 622.8969853096103 0 0 0 71.34976373845336 -590.3382972973739 108.7399960742214 0 247.3688835634524 0 0 202.4711791204306 -217.7816898970687 0 0 177.0765345000469 0 122.7833873031198 0 82.12983723222926 -200.6546249252139 -32.16269390863057 0 0 0 0 0 -346.3292017890477 0 0 61.05825281533096 0 423.6432988404787 0 0 0 -80.18121017622218 0 0 0 0 0 0 0 0 77.1763737848986 0 134.3870993593083 0 0 0 0 0 0 0 0 0 0 0 0 -150.3497090567307 0 0 0 0 0 0 0 0 0 0 0 0 0 0 -105.5306616134874, -65.85489265675233 -397.898271170424 -895.3607707560212 -643.0232390046879 -351.2505008514947 -1706.985173937415 -1738.519209417045 0 -744.8032076091549 -1457.231629905995 -758.6606299534028 -824.8072028049158 -169.8231441314575 -336.385169985905 -862.1934809135072 0 -82.91361919774144 -224.3890013143933 -295.9285041990673 -29.89061604913579 177.0524511676582 3.182232332814976 580.2784179316791 0 371.6720874828341 97.02720030725646 -357.8236879615284 -175.1187873638078 0 1296.930251949881 -170.2816019793936 0 56.04028100635886 230.4426199487545 1319.256817171503 547.1290693829778 183.7117837001222 -876.9147741559011 281.0051776023823 0 229.1511530492012 1350.64404923191 368.8058507659798 304.7897546137549 112.2806907920918 1266.944470274323 1311.362101986153 0 451.4783351875896 688.6672997212484 127.0103311089354 -578.4267190544942 870.8933328309267 1721.635908529647 -273.572651574937 0 720.3560883836859 678.1206239609655 336.4866149709375 162.2953957180933 0 257.8022470262702 -554.9535182518941 0 -41.27477148388002 -651.2295519796791 1504.382466040911 -351.4924693080351 779.617664936419 887.2069752061516 -477.2865230262181 0 -280.0215642763415 -602.232443993784 -255.0033857798524 -521.6483877147729 -627.8308439105278 1682.73467565267 -764.4050520844537 0 46.96037671772125 -214.546680333718 -231.5122113445484 248.2725129306131 40.51957118085886 -646.3360851180393 392.4239850482259 0 783.6498605162885 -1315.17730977953 354.5508302466726 0 0 -573.6967039521269 118.0782388918237 0 -141.9174207753504 1100.043247813376 376.4169654971596 880.956747646782 -255.951104630931 741.9907434824964 -224.5984439860095 0 -252.8902620736703 418.8209250163236 0 -708.5244121762905 81.31189861226977 136.3811618269929 370.73462375417 0 0 732.9570625865746 759.8372202986498 0 514.0585902260298 57.07969495128035 0 0 0 -424.8861943177668 -920.3165154767112 -116.2954060114332 0 -139.0210253758971 0 0 327.7407643906478 -334.7468234116421 0 0 96.64821219082356 0 -373.2948535475465 0 -321.0049845823395 -292.2438897972705 -392.5810858104296 0 0 0 0 0 -347.981482527522 0 0 88.19645070995885 0 -354.8454417426831 0 0 0 -184.2746573671535 0 0 0 0 0 0 0 0 327.7251802708221 0 -91.8903317529043 0 0 0 0 0 0 0 0 0 0 0 0 246.889351797458 0 0 0 0 0 0 0 0 0 0 0 0 0 0 43.64169123955732, -28.00711282901517 -45.42342872476874 19.949308824266 39.7872777539411 -74.68044577811435 -159.8208315888356 -101.8948216669037 0 -211.4399049261145 -329.646526134159 -277.5028446977418 -287.936586285927 -14.49569987409049 -482.6448631809969 -882.6996881328513 0 55.7857778883463 -250.4500900356717 -524.1971351905265 -779.3350317890962 78.49481847980925 -787.2985682693726 -571.0683693989893 0 -591.0821230530399 -208.4884073140487 -1314.524874835749 -386.6840196284201 0 -513.2717646658017 -192.2011130585502 0 116.1570274098467 -648.0550465418155 123.2127099783734 -388.1008699117678 -447.7994005465505 -302.7561340207947 -117.9830330316537 0 531.4402475119094 1189.5506472584 -113.800888663457 523.4643349341363 161.7468801006233 733.3484243499735 1147.286316344267 0 256.7621031265064 643.3079484412724 61.94121634310756 -954.2943081242943 573.7731878100728 822.1515919301562 -1209.173332599426 0 729.8717788283464 -111.5239572358192 261.0588469144195 -142.2477702131752 0 -1094.553554225474 -1260.386063335323 0 -0.00465704733372263 58.06145249287971 656.0023788090946 -480.7889102391856 -545.3520074410496 -272.013840978552 -757.2958728738874 0 -880.7334804627931 -732.7017164708045 -1453.381232149826 -1050.918505927252 -319.6162678218088 -452.3339080213809 -974.4595870919945 0 279.5011357816389 395.60217425996 -109.3948557001216 -262.7206536394461 143.0622292713213 -1079.143976789778 -1065.155173934682 0 93.87567439788512 -1515.285379562156 445.5353629507445 0 0 -799.0991960349978 -344.0464893860479 0 357.6319816432195 174.6783357876961 -80.34535596608134 -58.92564840632474 -539.9635858129765 -463.0445640224508 -700.2218591818358 0 -699.707610992258 884.8339957448561 0 -609.726311552385 -132.4399845235681 -162.6130176898367 -1001.984276976759 0 0 183.2770239775967 -538.9496510349668 0 120.8289867562884 -546.1847263540819 0 0 0 -1005.77486220424 -412.3690563480391 -569.4678723155574 0 -885.5668431870339 0 0 114.7814414918878 -266.048530386303 0 0 -61.46945459469001 0 -834.9136327082285 0 -665.5492393922378 -17.22770867565988 -380.8537576911878 0 0 0 0 0 32.89951790941967 0 0 -57.21594039396268 0 -621.001128163608 0 0 0 34.87070449554149 0 0 0 0 0 0 0 0 258.9870142165738 0 -25.90336044583397 0 0 0 0 0 0 0 0 0 0 0 0 391.0223666128175 0 0 0 0 0 0 0 0 0 0 0 0 0 0 118.8095757197077, -33.98899310927227 62.80373485570792 413.4824297720028 364.1956731302564 219.4335322892053 1015.393592858956 1050.024725236035 0 377.7121690474083 876.8379861228959 919.0142292299166 871.1574914001399 29.90377702694212 505.9190860082884 472.2396365202438 0 113.043081015455 292.1517371449779 308.4001207387689 -541.802243866955 514.9574513289474 -348.9317595319028 -782.007969318776 0 -845.1654451351442 127.7784687321451 -473.9519913198453 29.29637219749623 0 -639.9201866884538 208.8913064293233 0 180.6664128334158 -793.6835896746113 144.4588602875266 -123.8273421712961 -648.407699160111 -116.1245193992857 -31.85582086283175 0 726.9162260044419 1774.953770446637 -9.024299800239078 601.581007379536 349.3160036488151 545.5408972787637 1286.438562734098 0 121.6078910396173 842.2254278053891 226.1017336668315 -176.9036679527129 578.9049016872042 1109.243049202709 211.8118870701412 0 751.1377644783477 -81.67907668702912 356.3545167908581 209.5296374498232 0 -442.5866303985978 304.8051579647195 0 -162.0960101239628 242.1533325845078 367.1442332301139 -2.995722252261956 -547.7124937929025 687.7056252557253 -880.0224999808195 0 -372.0157556895523 -288.8344888673247 -516.9644520027905 -648.4944427144899 19.28861587823991 -780.7004197126 -60.19695761891222 0 179.0545141796085 708.8082602753664 130.4940535620084 -155.590577015775 717.6778134741212 -297.4992472509291 -576.1414699445077 0 -33.29817127589195 87.99011730922854 801.9979485685305 0 0 264.5571567532911 135.7267402800027 0 278.8577542306438 137.1187837700574 310.5677157320726 132.1129226068571 -202.619552426306 -48.97243810533814 -103.1802591282186 0 275.0783362252931 525.3391360127374 0 -20.40476965071701 52.94368387704819 193.5842433828149 -683.8121288416799 0 0 183.9953279781016 -178.7236291038157 0 -107.1762988964375 13.35407904188403 0 0 0 -407.2541306191316 149.9851803966478 -222.781634577823 0 -727.5879768984187 0 0 62.56750904366125 75.58665685068301 0 0 -8.443420650484384 0 -318.1680391502421 0 -364.5217097231296 97.11486401785615 143.7662521939076 0 0 0 0 0 175.4460379943866 0 0 -125.0703106830863 0 -2.291445090121258 0 0 0 239.9254905800875 0 0 0 0 0 0 0 0 12.89965646996075 0 157.0716177306378 0 0 0 0 0 0 0 0 0 0 0 0 147.2435362352756 0 0 0 0 0 0 0 0 0 0 0 0 0 0 55.44866375371485, -19.00649521857667 173.5037347109158 473.9454216375481 208.7646128917099 321.1758843508049 807.9802962023145 179.6882235907671 0 236.7257213342359 -87.42211769768591 482.4504747429745 60.6113420299252 -330.7140059637072 318.4020597025915 -640.3265699503925 0 -98.17017923949209 -1008.321538672369 -309.4616528774263 -422.795150366466 127.8408657763842 -835.8602379784977 -316.3887769397872 0 -804.8942823642226 130.3175122071881 -799.7441823503436 -8.334795230829968 0 -233.6589733090592 632.5676987060581 0 179.0745551935245 30.81351942162741 1118.856300761709 966.5293135086259 -157.8276632114015 -26.98908299990228 261.5184029153921 0 698.0407820703163 2473.628978443282 698.2451901027169 322.9332190657428 422.9472522650925 662.4435352855239 1209.996506265948 0 335.5993350237977 259.7019510234931 293.1241461413247 -310.0202538580394 376.4519334503316 845.7766679105009 -399.8858544565372 0 -294.9546518892898 418.671619507482 338.7499375437734 -36.00862113433283 0 -1059.433009960223 -859.2294525680421 0 -257.4915388543102 -1688.833773421177 -134.7338693774265 -183.9538809215075 -3.329080919964383 267.8374373705122 -1589.707067698732 0 -554.5453833684868 -796.7060156089425 -1205.466016034546 -1226.730733443074 -269.2329970740082 -376.0209400171302 -526.6123740744863 0 -1.436635693901827 -176.2353360552184 8.013822797396074 -877.9717420819386 593.633455409866 -537.4876222520865 -426.1046177912876 0 218.5811062958043 -227.3367634438816 -109.1608464553783 0 0 431.1632754655516 361.880208364362 0 -238.2328287371336 984.2676062671198 -389.3506374694778 55.2910638853985 -52.86195965826891 1048.676355145105 221.5268152326492 0 551.9698290271766 -200.8564101075293 0 588.7333259230857 464.8514455127136 262.2265157483062 736.8802497247032 0 0 -89.90981524941226 801.9408561541027 0 201.8309713910227 484.3796430603714 0 0 0 131.4653918759168 661.2170855143854 628.8850686301353 0 -361.8972758882626 0 0 -48.40163748625084 774.6662756712922 0 0 130.6494527143151 0 -197.5583714254739 0 -475.8220066279328 237.7311945014407 711.1539056246448 0 0 0 0 0 269.5784950941986 0 0 -328.8138758438661 0 -155.6408128506647 0 0 0 355.3423940808152 0 0 0 0 0 0 0 0 -275.4462148375083 0 214.0259966901492 0 0 0 0 0 0 0 0 0 0 0 0 151.1213823152418 0 0 0 0 0 0 0 0 0 0 0 0 0 0 96.40321155805526


GFLOW: 0.36 0.1254124489608177 0.1236467714889586 0.1878341468561239 0.1855436094836035 2.963604647583995 2.963972212179574 2.88994662765551 2.891251196135039 0.01426681118697357 0.01626743695171068 0.05728405833114956 0.07168896026156726
q-corrs 6484.232431820838 18011.11686513704 15999.01151860722 4344.083417977118 934.909892491077 13.98413114185338 -1462.930599674249 0 -1054.158430955127 -2325.896729489692 -1409.149559130981 -1208.970751816117 -484.2854648626125 -1069.455614773197 -1854.602906014351 0 57.02267067061637 -727.5282479856619 -496.9467917969023 -691.5237967931854 -174.9463664313174 -194.7399549697427 -453.0441926485159 0 92.02829265759603 48.5942542985847 192.2629097130139 130.8861550001121 0 21.90043404118791 -47.84108160994325 0 98.1614007318031 138.8667452560522 -204.3134269769454 -179.4058497062695 113.9175508704775 104.4750104114905 207.5152737743643 0 -79.341378509558 235.799513387802 357.0754680263111 129.1517170031408 -8.790916679718272 -18.46131323006168 150.5086125720804 0 194.7087242866123 497.269062238421 495.6125569216109 391.5655514263783 297.1279221614445 811.9746279699539 269.4332747540331 0 127.9215557093673 471.4932598499794 116.4194159973158 280.4514986517768 0 -431.3763327234551 1025.552340345976 0 -23.82956419631481 99.8856825706258 536.4429085004758 134.928505846114 -134.0516354745635 243.5443819792495 -954.657012701975 0 8.202600672926678 343.1826499291455 49.89861902547807 476.5343000386728 224.7593795347322 -277.9672014234812 -90.45675943985775 0 133.3477154524738 -372.8235728156694 110.4460603733393 -878.082938460498 -143.5879179214548 -367.7765947947516 107.541340182158 0 203.4314763861148 453.6524783057073 -630.7431607225544 0 0 38.85680354689758 493.0373571360991 0 -110.2476318730969 743.2463949995861 -864.8395907456194 -988.4387757282112 -165.3735486307164 492.3716600653134 -193.9519309538356 0 161.1564097385804 -257.9804980456352 0 454.8438630289834 250.3953947403858 405.4289224527766 585.6275527428249 0 0 -675.6262681205803 -668.1492434811723 0 452.5923224170039 -576.858203640479 0 0 0 -45.30793909917706 306.703620274877 75.3293844623949 0 -50.53422358778006 0 0 -211.8793585564957 213.2636054322727 0 0 -252.4870655767611 0 -466.1540704695536 0 -273.1787684088686 7.489922183712906 -138.3089021322418 0 0 0 0 0 153.7599164159028 0 0 -137.2620190238114 0 -654.6687052388643 0 0 0 -26.33765164999532 0 0 0 0 0 0 0 0 -105.9218523946306 0 -114.0563699692974 0 0 0 0 0 0 0 0 0 0 0 0 90.28481211768884 0 0 0 0 0 0 0 0 0 0 0 0 0 0 46.04282130365726, 3014.671529416569 8029.180288989186 6542.289403124396 1430.154200978403 -24.65455777977385 -1525.618731589622 -1951.999664036222 0 -875.497734151425 -1910.855435330587 -1095.571541921603 -1004.080326434893 -397.982549977062 -656.3895805520981 -1417.00188632094 0 162.536346913514 -408.9563271682069 -138.2415946796452 -438.8700614530318 -150.0395554719744 -256.0674271757489 -496.4718769028194 0 -42.11741081364005 -120.3880179647096 -33.73404551122178 -19.67826290287513 0 -508.6058410079078 -306.748947542904 0 -193.2980054042474 -195.8517907090625 -782.9078620495029 -524.8328292424901 -39.66108722487562 -11.66024320214231 -63.25577257988939 0 -342.7569456819796 -919.5806774441286 -366.5296055280519 37.98460188055878 -45.05851275412412 -547.1771828260738 -202.7992582284123 0 136.5709314171444 523.4852875384638 181.7134992375459 -9.349288741341866 -67.11195757851328 163.8717032649112 -287.7314215939543 0 24.99140832141285 258.7173861960838 -214.1637709845206 -273.474061243636 0 -612.2227499358256 453.4480498989894 0 81.44569709884972 -171.2383658955557 405.6865399886212 254.3564184695726 -55.83111687805098 299.4502942659512 -882.7966338349366 0 -76.7642828736407 -47.5545847337728 -129.6864652900669 262.480072332786 45.96460612286877 27.9151161887126 50.17132754991678 0 -57.85908452140515 -450.8331232964375 209.4645732410696 -731.813131349992 49.86652889799619 -350.1419467709606 92.72069893311274 0 115.6476202503968 306.8345917792525 -642.7039397697691 0 0 154.1950984718581 -18.50513432921332 0 -73.31202593876685 547.1282858911053 -657.106690482079 -856.6251572285954 -136.2245025016302 35.70900148053505 -242.8016849458137 0 193.0603739156038 -311.8854861751113 0 16.45740960741517 193.68149174246 101.1120525966465 221.2320462135951 0 0 -439.4200087549791 -943.7544133478544 0 83.54914789551862 -467.0966687235497 0 0 0 -16.47078543384907 -65.27686567121538 -156.8406982803799 0 -96.80911588424962 0 0 -141.9903724218869 -339.7633950066903 0 0 -196.514653268473 0 -313.7403343347727 0 -129.5053676085984 -53.7499219328381 -336.594369046919 0 0 0 0 0 -20.13880069395046 0 0 -71.47025249253767 0 -396.5138282588326 0 0 0 -100.204941054572 0 0 0 0 0 0 0 0 -23.75592220714233 0 -83.85134198718373 0 0 0 0 0 0 0 0 0 0 0 0 72.53925228353047 0 0 0 0 0 0 0 0 0 0 0 0 0 0 30.87691015909729, 212.6362247474828 194.0525540338202 -550.8465175503603 -607.213856315014 -517.1693582608015 -2022.65871371762 -1890.01094598074 0 -571.2302529817076 -1282.674936058265 -443.733058542061 -513.7671081330536 -284.0786221456101 97.49829677049161 -426.479730415037 0 254.7079064279278 373.5443796075076 668.595832659815 47.67923847205846 286.7137271382825 404.9398579100277 -192.6584943411406 0 140.0533306487107 -119.8427313074255 97.45182078075291 178.9819840287797 0 -113.7746613433585 26.12101024068002 0 -399.8594456553696 -207.1751907908786 -639.4903329012153 -450.1961395311765 22.7232833638496 -153.6015655374713 126.5598364100266 0 -348.8994437163848 -1083.087482434942 -765.1523117379826 95.41595697297265 -10.0515541772058 -376.1904520588864 -206.2140659018265 0 69.74932838874984 299.2370662402744 -349.7364329823894 -694.6057627288554 -187.034372329976 -441.7243284517394 -1021.751439589932 0 -97.94244562302103 -166.0560123242778 -361.6806887104097 -719.7514873784453 0 -425.3108617358898 -453.5380170291998 0 35.25892319458661 -783.6083464480756 -95.58071342701729 156.0916426909737 28.34029336703341 -238.6373316708017 -474.8887989652537 0 -219.4001710100469 -283.5637370638204 -259.5021388323834 81.74549336202517 -106.1707754779707 576.2073996543559 74.11459920563897 0 -124.3577281631751 -241.9628997597341 84.82059499232443 -185.3593900936406 54.07227250829059 -51.01462919631795 772.4331609329492 0 359.2866347706178 279.1487651330362 -112.8213910497747 0 0 211.2147915501184 -37.23311708496431 0 -108.543573714148 684.1911936847141 -119.2225576065167 -82.46766916057396 48.23471074417549 349.7430640607256 -80.14749508607838 0 294.1501488175468 -243.1015263641441 0 -317.7572385711048 211.0921532970452 -20.96919570297729 331.6206621847621 0 0 -72.74705638874181 -567.363848466271 0 -5.371957216083061 -152.9780386447843 0 0 0 204.7435767548334 -425.8815500312474 -62.64596742820891 0 72.78777776344492 0 0 -63.38880539259849 -606.1905350804589 0 0 -92.29410514416594 0 205.6631945633882 0 121.7492423349426 -131.6431597495244 -106.8337714747029 0 0 0 0 0 -160.7027872461883 0 0 128.9021746962705 0 368.4686973933789 0 0 0 -32.15337579816845 0 0 0 0 0 0 0 0 246.1076720139809 0 123.3481093517786 0 0 0 0 0 0 0 0 0 0 0 0 100.6799696837734 0 0 0 0 0 0 0 0 0 0 0 0 0 0 1.42116629386112, -40.70773520100317 -334.8430553980224 -802.0667281276667 -580.6049121657561 -302.522234090609 -1426.893532291431 -1487.899687529391 0 -476.8860197259096 -1002.01464245811 -98.55876216648369 -194.6903718311388 -197.4414936713204 327.5353384243388 180.1940491614005 0 177.3240525634785 794.964863844756 928.6628284133251 432.4503931421905 692.5668152469734 1190.882873115937 426.4239501152995 0 616.3039052352351 416.3570467223973 952.5299322740573 398.0272904792289 0 1382.051882619832 719.7032627993514 0 -38.57655544194049 575.0187626174542 642.8841939662516 665.9352223994999 249.4299104404603 -308.2929705352304 685.1658913302026 0 122.6246765614137 504.5015843603134 190.4202766098904 194.5898621722631 176.1165633958362 661.3406116501532 688.029712823204 0 78.41842571514223 411.9441902367015 -417.1001044208434 -560.1945667280343 314.2459886328739 586.2073416671203 -298.4879538584329 0 291.1337169659521 206.4187088845326 105.0380635420302 -82.10847785673286 0 316.9995444301458 -71.70284450214444 0 -75.3826501259924 -789.2897706887588 370.3759697071386 85.54629057642703 531.6367309392198 295.0312523382785 -79.39371991080304 0 -32.47945620201166 -86.58863619591651 182.8006507194386 176.7429803490535 -176.1297815088363 1467.818933976238 173.4319981195799 0 -95.84062698974093 -82.64425534013078 -44.11751446885076 366.5983759426223 52.84365104463291 124.7737301715649 1436.32203842142 0 760.0669305391102 253.1187834409426 335.5047887454305 0 0 174.3444228648838 484.9110471207324 0 -227.0690524713593 1034.003195245767 416.8411781098457 777.4550209057252 141.1699408933544 1175.264195375605 206.4719924840868 0 406.9560179650792 -103.1704699132977 0 -212.9346053553307 222.4577019707281 251.1512598902229 744.8534466532595 0 0 394.5552468447682 527.6545093446294 0 310.6699997211833 268.4129711546666 0 0 0 208.3205559098818 -420.4588370958776 96.60676582329357 0 171.9246682714468 0 0 123.466174281566 -216.5184226382298 0 0 62.1197596765555 0 194.9508769484052 0 96.05236143120638 -168.5572287631657 -52.59871481536743 0 0 0 0 0 -223.7333760073298 0 0 74.0737578007606 0 283.9773201208486 0 0 0 -65.17056161028076 0 0 0 0 0 0 0 0 85.90773399549329 0 73.04040813102085 0 0 0 0 0 0 0 0 0 0 0 0 -45.13190204779393 0 0 0 0 0 0 0 0 0 0 0 0 0 0 -42.40615892149476, -38.11758158166276 -279.1619143472406 -672.098808451252 -496.7442655791109 -295.5378405223624 -1331.022123686028 -1342.015274479556 0 -549.4806462775708 -1105.514240561939 -527.5867047781152 -538.6025230240426 -154.8059655880257 -243.764005155788 -528.3583821082227 0 -16.35334397565354 0.4400051582964579 -4.73599994668939 34.89313175553461 183.4818634842013 230.9908401451824 348.5304692050846 0 318.1170421230086 123.5344142172222 -89.39116460208081 -88.37937766193599 0 881.5340738261364 78.56526174755699 0 93.7038278750455 319.5842193190066 876.3586614922467 454.35911172805 70.58554976508228 -637.3637120711062 211.8512875374454 0 79.2758295210768 880.0783207078114 319.8855229520701 294.8517214530724 116.1856212335818 759.1734613660948 764.8916210391458 0 249.1309144068632 390.3893566961694 109.8050899861239 -387.4431870982885 500.2080121120355 967.5728102958515 -50.55581337075617 0 455.9630701986828 543.2389597556963 267.1084635980703 310.6227380193521 0 218.507842693124 -348.8155429395589 0 -36.53523876948883 -371.281198571379 1075.701795013067 -152.7620653206066 588.4222258854631 538.5908766162283 -42.43513327983464 0 -218.5726437328543 -407.3939367937736 -142.5858475139087 -309.7190915893533 -391.6187989809575 1351.45195529437 -337.7333297325763 0 23.13335931600588 78.85854951666386 -113.2284683618106 241.0020734900142 55.00686018203487 -499.1520039317619 183.6891587502919 0 630.707433002638 -805.9243364314591 297.5028091987679 0 0 -218.0602829891581 87.18666268824387 0 -52.70508155467769 704.3681435527667 269.8770935520457 526.923834546695 -178.0488306408548 441.9968743059756 -118.7089977852617 0 -105.3602988471088 253.4069896359251 0 -405.0140372362528 49.79007570749548 79.59949293794662 183.4342463578702 0 0 430.1106963685019 455.5281824919956 0 231.1219868338993 79.69559689602818 0 0 0 -286.4621916320289 -542.3012280431839 -161.252877852156 0 -157.8226500305794 0 0 197.4274797689092 -217.1089679143925 0 0 74.47252441400286 0 -279.8714143423165 0 -224.4868587808114 -180.0805855249157 -342.8003282720397 0 0 0 0 0 -222.426837587923 0 0 28.61912277221013 0 -286.2496647589492 0 0 0 -134.6498520146415 0 0 0 0 0 0 0 0 152.9408954326258 0 -68.02056505827278 0 0 0 0 0 0 0 0 0 0 0 0 143.7565772512284 0 0 0 0 0 0 0 0 0 0 0 0 0 0 35.32601567869938, -12.29657817800353 -34.25531791607398 -68.47519638323504 -59.80192182148409 -66.1212864099309 -301.3364681753032 -302.4867626072634 0 -216.55955104417 -359.205035890965 -138.9953325080019 -185.4386840070358 -65.29772525121945 -261.9714720837848 -578.6274518025689 0 68.36376515910055 -93.248544680718 -127.4351817709097 -406.0832717008153 77.69655971026901 -395.9874050702329 -378.9321277484293 0 -340.0840182359719 -69.73177997901126 -707.9865227420349 -207.3274682121134 0 -411.88807988508 -155.5392578720746 0 74.60163924723865 -343.4362735924524 77.5587377915289 -238.2096039767289 -326.7577467911333 -343.3013787641021 -195.1339342425636 0 149.0819228559901 506.6677643636229 -102.931097193842 292.8994806016363 105.7501033331158 289.0141967764908 539.3169584162353 0 138.6264525981374 378.2419590296486 -71.61959302106135 -588.7983593084361 305.863503013351 401.0143123722204 -539.1158710011846 0 399.0125652847585 -6.267059647661227 188.9460108094555 86.61239577347237 0 -465.2913081763176 -648.6773783164265 0 -19.81723248681805 -75.20299948314712 498.0633830549594 -193.8757008651881 -168.0560175088709 0.3201949811375755 -359.0066321375114 0 -542.6313466428011 -544.1924653140956 -632.0678096265859 -684.2515137157341 -277.2517510236569 16.3341239724074 -476.0864064626426 0 178.2128021083948 304.2046764183712 -53.47954128305918 -108.721009537742 136.1635583310941 -803.5799281715449 -972.3339506293462 0 84.08305729456559 -954.5943166736993 174.961514707122 0 0 -335.989411661408 -286.631182415961 0 189.1270432500473 5.536727214036858 -80.29593933645759 -160.9371114330643 -367.2804478221486 -472.0485505311312 -398.155660024965 0 -360.0469336091687 440.6612967305548 0 -404.9384561220432 -137.8984071817658 -110.4751069505052 -725.8466423362581 0 0 81.14539444426381 -299.7211370869008 0 -2.250989797424097 -258.9922341125712 0 0 0 -738.9071800780255 -334.2300292050267 -399.4612635710602 0 -567.1091087930206 0 0 77.51797954534953 -167.0461979107191 0 0 -14.08766175975428 0 -584.9717484208803 0 -450.1331003134086 -45.64762841386196 -296.8707645095979 0 0 0 0 0 -11.10387756326053 0 0 -33.71936103249764 0 -424.1421981133032 0 0 0 4.0733726805682 0 0 0 0 0 0 0 0 172.4627878268169 0 -17.1045243660642 0 0 0 0 0 0 0 0 0 0 0 0 252.6329344963031 0 0 0 0 0 0 0 0 0 0 0 0 0 0 78.92845421665326, -3.665986007622848 119.7948931507903 354.2812882108286 256.7323032081973 168.8305758140012 659.218625297324 614.5839674021928 0 219.2706797621362 486.3594646685697 578.4257504272367 478.8561575581139 -5.670012238312083 322.1727850448283 178.369797280725 0 130.0336802916466 220.8227402851043 347.7842030262597 -263.8180010894317 345.468199048585 -165.5120812790924 -529.2965396365471 0 -497.9292199081049 176.0034559010097 -247.1408709174815 -0.1840332361017261 0 -481.8275192868319 92.87595226297981 0 151.1436813518517 -343.6312479623049 119.782947551851 -54.04534961766915 -400.6011710988633 -146.935719390737 -53.83210630545624 0 338.207551931287 990.99631310635 37.90189066057965 317.7781452877953 251.6063676980401 288.7539197639981 770.9712243365899 0 89.63653664660396 506.0457305525497 -77.75623975827938 -271.0474375100891 368.8386317803145 623.0757360229952 -18.77157244309072 0 390.5201904537118 -81.50518878461847 264.6964900693619 193.6706562874801 0 -277.3413528611991 163.6645195050678 0 -114.8190560988706 -18.14095984794148 204.2241498534196 32.86842896358557 -351.8921559943593 326.1555690694037 -590.1234777391908 0 -318.5405019224763 -254.9207315702038 -228.2396079969099 -337.0883932273936 -70.41256342409042 -477.8146111739699 15.970087332288 0 171.7377128879847 399.666855094761 71.36893430933523 -142.2881634574459 414.2887504302567 -370.7668962184946 -578.2412877685402 0 -72.96018298626683 -13.37136527994294 262.1442315387829 0 0 158.3882127350951 49.78797736233071 0 132.3807911054021 51.28641792477248 87.46911118877156 -12.83006680450862 -179.2204538513612 -135.7451989001675 -27.35850534082428 0 134.156304702515 214.6374684076051 0 1.030082198547461 13.6610464604605 127.2759472959906 -409.3346137045248 0 0 90.41798415318806 43.28772142194026 0 -42.02159126529799 90.90221627337155 0 0 0 -329.1847403064252 90.30917629745491 -87.38037453843566 0 -450.1817288152405 0 0 50.43650017232136 195.7704981827249 0 0 35.47448986502016 0 -251.1149190102367 0 -285.1574364978454 49.27143940322794 106.2586682910818 0 0 0 0 0 117.792133821655 0 0 -58.67521651084201 0 -76.45408655587946 0 0 0 154.8774351369743 0 0 0 0 0 0 0 0 58.09500429656798 0 93.6221235380572 0 0 0 0 0 0 0 0 0 0 0 0 137.8090105825235 0 0 0 0 0 0 0 0 0 0 0 0 0 0 45.19655964075746, -7.932406097853345 118.298954671214 331.4429533590574 183.4394707641738 203.1272488346768 599.1909631888319 273.1655813943449 0 180.4251643782596 33.57378324092383 358.1210630852543 113.4962121287336 -195.9291236003294 204.2963423439735 -403.5189319946119 0 -31.00270266875885 -605.0530232291337 -98.3815720704938 -322.923000288712 95.16351436687171 -455.7337729315124 -405.6339452881134 0 -485.9145615881399 74.61340278454612 -549.5649978479405 -99.91064650372675 0 -269.9636340139561 327.3799265311883 0 162.4316528304639 24.25059744023211 668.1775952105669 555.6037556245683 -175.9780938731227 -62.95350434373447 158.5465221178362 0 434.6926927453553 1547.991645873625 364.3086697806386 233.9337837440992 264.5341688121953 440.2875885589252 839.3847258630642 0 212.1221084855743 138.5258537914418 -3.259084158418204 -403.593358501995 268.4481759306835 461.9786159320543 -376.0941524837713 0 -178.1443898152507 124.1833599954294 288.2066639208309 -9.298331295254485 0 -732.1150061395482 -766.6777541997903 0 -167.7853956914786 -1074.420572836201 -224.6156256937056 -112.1432558326372 -138.8853049632755 -117.4666725886403 -1007.792741419038 0 -529.1511286702969 -582.5274628433052 -804.0481561874644 -675.2022282758767 -289.463458764236 -487.4663755869162 -301.2640548026383 0 67.06648432930062 -175.6644058961165 -24.28736968812827 -571.5093984446557 288.6926376689237 -457.673948244965 -416.148662286198 0 93.10758010132115 -272.438578456178 -239.202155181978 0 0 197.3136019927284 219.0064964374411 0 -184.5090682433621 625.8105165550886 -217.8512558872927 114.3343898449263 -81.04108588209895 644.0309621402168 224.3499220709354 0 307.2406740159967 -232.2555529607243 0 369.1103177923599 290.3194656329107 219.6415629947462 602.9089969247702 0 0 40.96644024061931 791.8211394367572 0 183.6921089086465 452.4624990085614 0 0 0 126.5478025813644 421.748049796753 511.4290103870652 0 -135.7042652568198 0 0 17.46791979293681 726.1273987473644 0 0 142.7304557215908 0 -90.94853000259909 0 -236.9141836270167 123.124032483863 558.3552270281494 0 0 0 0 0 198.2487687842748 0 0 -173.962994498475 0 -70.28436568289057 0 0 0 252.7694885255369 0 0 0 0 0 0 0 0 -139.8298512306687 0 124.6140718760745 0 0 0 0 0 0 0 0 0 0 0 0 70.67586689343121 0 0 0 0 0 0 0 0 0 0 0 0 0 0 41.50892885038263


GFLOW: 0.432 0.09522276446868343 0.09369304140440196 0.1366782002038688 0.1347144083029341 2.975037229996277 2.975353883701718 2.920529742072982 2.921658693886251 -0.002951717192814372 -0.007268400460753425 0.02990884434663895 0.03378418278686661
q-corrs 3689.996667956049 11523.69670667804 11661.5106155822 3730.268059680122 1200.737088359022 1495.5301803403 -146.5365255307829 0 -624.6158026853147 -1536.40391850349 -939.7625369968941 -913.654751141202 -373.1555582707615 -870.3581604850267 -1531.277024715119 0 41.79505712887538 -580.2139354908834 -408.3248171620742 -495.0222325987003 -243.1871412494557 -334.7171037689767 -299.8370180881872 0 -10.06679656829152 -75.04791010546685 38.63288773504085 77.01964309160894 0 -47.92214382363892 -157.6132268851978 0 20.61540427312694 47.95556306308079 -158.4708826646448 -160.7697718172899 144.7350643156772 175.8753301064136 206.6873916434863 0 -54.87010319431773 100.1852514738064 266.9540996077615 77.21277970221166 -22.69138740216285 7.002777313447055 27.60087568916017 0 95.71731664331371 263.3832567000584 401.1992124785907 407.4066252730978 206.4018984683347 546.3291244059626 211.0328549815509 0 5.643064778917079 245.4495127160249 106.4916978437105 116.433472346427 0 -243.8021669412078 642.4428937761646 0 17.72146908385427 122.502964724961 379.6875257167397 22.65386043910632 -59.14412678328122 194.3168388461893 -651.1185388229983 0 88.30580584642527 254.1536607794812 -78.34240984850894 263.5961145375975 96.37967472684583 -168.9039059328997 -92.51370886867457 0 71.19594970825497 -312.7561159717453 44.34866207941682 -547.8917997895194 -85.81012657649785 -235.5032087226362 45.90554863725885 0 112.0127730326258 140.100541152227 -399.3547553305091 0 0 -2.328512742535047 253.3897914139675 0 -89.15701646666552 439.037275505008 -543.7449283842284 -644.1617813991968 -134.3145992720343 272.9655721539967 -181.9770330579357 0 77.16305162016384 -163.7658250257633 0 250.3320903710031 146.2576846593018 226.0457498308886 366.6403870127546 0 0 -475.0900368405232 -524.6088970292167 0 270.736891591566 -430.7639555824345 0 0 0 -34.4923859637474 178.0670318410101 43.02409263849701 0 14.7719472055925 0 0 -159.4835863303713 82.09363518674148 0 0 -195.8314980394922 0 -303.4580931292151 0 -143.2900257607099 -0.1167523682935112 -63.89188205396111 0 0 0 0 0 96.33195490624914 0 0 -82.09924593653298 0 -384.7392508355138 0 0 0 -16.21443375449462 0 0 0 0 0 0 0 0 -43.46092587767137 0 -74.36008208573998 0 0 0 0 0 0 0 0 0 0 0 0 64.27476730314972 0 0 0 0 0 0 0 0 0 0 0 0 0 0 31.33319027671462, 1931.07749038322 5871.199499964752 5651.087399398597 1630.073570139261 383.2293279629857 -105.7168860530552 -867.0427603002915 0 -596.2873271919664 -1386.190895334824 -793.827210194755 -783.4958714880451 -323.6867769936038 -610.5863435783122 -1210.675916580608 0 98.33864753165953 -382.374178434999 -188.4213053460425 -353.1814154481451 -181.663743865209 -294.9368076749367 -331.6347721900066 0 -65.32226356464184 -144.6988682566059 -92.78582773901407 6.16711819252302 0 -335.4801299166856 -255.8782291623201 0 -142.7936467017237 -177.3115197254305 -486.1679257504283 -389.9950341314538 7.745539757780406 69.17668616217208 -10.00186685246555 0 -216.7904926702673 -592.5394068286002 -231.9293280900063 20.55894178145424 -56.81123055928328 -381.5517037869016 -195.6092321395438 0 67.94826596663867 231.8198613238972 126.2557399265177 63.57566555586555 -30.25978416541399 45.17324879562688 -237.6436297677545 0 -106.7371501661017 129.0314749108637 -105.6180225221921 -233.3764860379431 0 -405.5693280005064 192.9922480664113 0 64.06507234783798 -164.5181713129479 257.7110750065785 86.80858042820438 -41.50726919933789 109.5961128905577 -635.1950640465158 0 -7.358909410214636 4.379504588595978 -210.1226098429574 127.2832502996404 -14.9161216180031 -13.57610055127332 -71.27582727758485 0 -29.90383057896611 -365.4525905924858 92.8479724101926 -484.9145158789279 -0.2974370900875272 -199.7089563399723 95.5011919560946 0 63.80308079900968 86.55252244784018 -407.8922280448843 0 0 51.90949310878459 -29.31809990260544 0 -61.77977536495435 336.8900868347333 -402.5632664899589 -512.1222678270601 -94.01103994954931 6.498691749356965 -184.5193955892524 0 92.72413538670887 -197.2093550909114 0 -6.429305995824809 109.3865114652118 54.68988195009928 147.6158267527377 0 0 -313.4799916708686 -644.8661718377435 0 39.42026495329237 -361.4168225960105 0 0 0 -12.41506683773264 -74.44309540112137 -88.17354930825698 0 -41.43397970156425 0 0 -109.8567200927798 -243.8637594657433 0 0 -161.8748276077869 0 -175.8575465072972 0 -65.85912626550325 -55.01668717605229 -184.934318438213 0 0 0 0 0 -17.35483678511987 0 0 -25.88925932761646 0 -199.2082017384196 0 0 0 -58.42038963302244 0 0 0 0 0 0 0 0 26.372292665271 0 -39.32231033093431 0 0 0 0 0 0 0 0 0 0 0 0 66.95813644377414 0 0 0 0 0 0 0 0 0 0 0 0 0 0 23.54935293213133, 233.8516489321991 498.9806732016563 63.55430681101545 -264.2873421442606 -277.2663328498533 -1261.905212159372 -1288.46973443174 0 -448.7191650865839 -1017.227577574329 -397.4628283614305 -425.1985917248255 -236.3070154424171 -86.33638610905766 -452.9184651255453 0 151.0693443227347 141.0648789000732 349.83855142601 -13.2796370818058 156.3691574090406 249.2772068991255 -143.8486285054677 0 103.1354981175706 -53.54485550427776 100.8987524809042 122.8449742532565 0 -32.5510064785818 45.62912269946123 0 -236.4620708812081 -123.955725810217 -374.2125223512125 -281.8945503248897 -26.83407526201363 -101.8036185764051 60.24950606313688 0 -239.4485412506083 -721.971816676187 -505.1005134403812 75.07646387175504 -13.26805771154152 -368.5804214888216 -175.2835612037421 0 47.94626375182958 162.1748202420311 -240.7655197515601 -440.2297645342405 -140.2949958894332 -384.6314540297615 -711.5796156001023 0 -133.4879864106151 -28.348530362613 -238.420672099555 -483.8824688101822 0 -281.1965338811499 -331.1821417468727 0 27.46806451502542 -581.973207363754 20.86619913980371 75.80015419678574 17.27921353865214 -192.6378658028426 -346.3393007816674 0 -120.6303507449262 -175.0667863312267 -262.2514838893177 74.607454407893 -88.70775249289409 400.2639942750056 -8.616581602537252 0 -94.45569542466804 -211.6811169977921 47.3489758820851 -143.1121572096062 22.71665589498297 -2.105884954031051 598.375504469461 0 247.5935564851737 150.7587417252747 -46.26965283122968 0 0 117.6525252720654 -30.73632048039656 0 -57.4905588240656 476.5490592175133 -43.24478023666811 33.11115776423352 37.14213747952739 240.8461823930779 -67.68114339598813 0 173.8493821450533 -124.8128399982073 0 -211.2771076540917 139.5662090069747 -12.94413492965882 305.9783532524688 0 0 -39.45329170062207 -340.404398239768 0 -32.52401395846931 -162.8840996811172 0 0 0 196.1771092476451 -326.009944060092 -21.30117660745719 0 69.65774609585156 0 0 -36.47434184806231 -426.9992729899552 0 0 -92.62075372341386 0 191.44670456017 0 106.3219895558208 -121.53525434672 -90.82546529826703 0 0 0 0 0 -126.0280985197968 0 0 101.7189246589187 0 259.5086916709063 0 0 0 -41.05920334073679 0 0 0 0 0 0 0 0 176.970950300561 0 74.79105948390914 0 0 0 0 0 0 0 0 0 0 0 0 77.10743618235705 0 0 0 0 0 0 0 0 0 0 0 0 0 0 5.350972962444022, -30.45054284522217 -265.9249779111474 -635.9615069542278 -458.9686317977943 -263.4554535830858 -1116.030808689477 -1123.272681153617 0 -362.6650755904734 -784.9141886015257 -175.2632743681505 -194.6608398417044 -151.4316692941638 132.27487279083 58.18223552250852 0 102.9639652585419 489.308526593713 584.3001713131822 284.6134404752775 441.9513031345634 820.5992194216522 279.7089940814894 0 436.4393931050998 285.1106898915158 656.3555097970388 267.7427480698028 0 925.4300240696072 530.1353126181884 0 0.379000047529729 435.1934094210687 454.0394298561185 444.771369836721 111.9056228632061 -262.577526411611 437.2880682685239 0 34.08628146037809 359.9133816891484 116.9971923800232 192.7385184367269 139.5020408743432 349.4813594552954 403.467618411576 0 84.57061603141821 274.825443964632 -148.9633579011078 -341.8652378614811 166.7668583743012 270.9233086961718 -174.3414383814445 0 175.5104229452664 260.2571562464511 48.25075406380643 19.30522215040025 0 220.9895311147467 -65.32393822224606 0 -43.14101108701218 -458.2528282714583 404.1535058636906 43.59248030875682 346.8231234905348 156.2508869989188 58.2669753125757 0 -32.32479445313783 -69.06535265192957 41.23443183401398 152.1107505822561 -96.57409499034569 1066.121955332642 103.6590929062828 0 -68.44155336866686 43.15066176597554 -22.11473781105657 259.5979613439644 38.42321119009732 48.17655769492994 980.6158003250208 0 564.3320519112704 127.9796733410847 309.5454537919117 0 0 120.7503513417548 303.6450480443 0 -95.59784590317969 748.0244081392449 283.1586277595364 551.8044206699348 67.89838346109394 757.4029083746883 99.08818809432398 0 228.6587753726581 1.007731002658161 0 -137.9731524376575 175.6106929300601 143.7564858351131 611.9115667201643 0 0 235.6485873479147 334.0897604158256 0 157.7899705513458 107.9045199804503 0 0 0 234.8639037773892 -294.1523198155894 89.76023118857142 0 141.734350544972 0 0 73.53752501698455 -185.5225203411449 0 0 12.55204918901595 0 194.3706414644986 0 93.73067979303521 -128.1491815872376 -44.49901260594135 0 0 0 0 0 -152.3247841085543 0 0 70.43090102221637 0 201.7031521185807 0 0 0 -52.74498214556555 0 0 0 0 0 0 0 0 85.13555595467167 0 42.01807437941351 0 0 0 0 0 0 0 0 0 0 0 0 0.9675599175965282 0 0 0 0 0 0 0 0 0 0 0 0 0 0 -14.82248097699943, -29.03994170242004 -223.2793618401161 -529.286872826028 -386.0579471281593 -240.9028877820537 -1025.248928578909 -1016.882811272957 0 -403.8150713663316 -825.7161678679583 -380.1873382361155 -367.1555630229176 -127.9414158756001 -172.6116344903753 -334.4983306465257 0 6.931190578011812 64.11842890623848 96.25684694156028 68.05438576352017 165.0953446952465 282.1907511183673 218.5466787726709 0 247.8434285449573 136.0860777098655 85.10403789653211 -23.15388809169161 0 606.4980848842479 146.6039698418079 0 92.45361868551123 308.2886381358496 574.6114485792856 345.3633653495177 27.0996806967319 -455.7416586965967 156.6734040632182 0 4.521379623388853 571.3227243161929 244.6311056857571 238.1406376639329 98.31836176314283 467.0292196935205 445.4835522864915 0 155.6250753703939 241.2671626187351 115.749537795124 -256.9755428495525 269.817559362613 507.5884616268243 48.26484443040752 0 293.7246708329234 428.2595220977769 188.6690704750692 327.6283961552585 0 202.0116525297822 -211.4061087345604 0 -31.60815027848946 -219.3541900714633 749.8080036311194 -47.73400571335047 434.4952633190155 342.2797657605191 141.8103597840298 0 -167.1466036958461 -266.1311123648713 -41.16801032689085 -193.4862429604795 -231.3753480220119 1044.758464532282 -142.4697118204361 0 14.18775942359785 187.7750501744702 -50.66566085817959 230.4571157354935 57.49701345375519 -374.2455280621443 106.5436760732515 0 465.1658141864831 -466.6774365157145 245.8591919965137 0 0 -73.78268556244316 90.7491174453815 0 -10.16223669493439 471.116870594681 172.1807290531344 317.3578609153425 -135.746002417156 253.1629970967128 -60.3570332901354 0 -42.53039265933848 156.311505141174 0 -227.6481078849726 35.57358511603778 53.0103224883007 118.9509568900076 0 0 234.3898130997144 243.4703321034181 0 104.958380418533 59.80163618212886 0 0 0 -181.2348663509147 -323.7570356382057 -137.2208315814025 0 -117.1797137962493 0 0 113.7870166690013 -161.3149679718778 0 0 46.02797320879567 0 -195.099203915605 0 -143.8417476378801 -114.5327922520151 -260.7434767220494 0 0 0 0 0 -145.4442465798396 0 0 11.07269171347554 0 -198.9314223729349 0 0 0 -96.16849985076696 0 0 0 0 0 0 0 0 86.68557448179681 0 -44.91313778970063 0 0 0 0 0 0 0 0 0 0 0 0 91.87081187736057 0 0 0 0 0 0 0 0 0 0 0 0 0 0 25.78221458440135, -6.953451030171522 -39.22888347583611 -107.5977888247942 -91.959210263234 -66.13453884035079 -321.2405481174078 -336.2760727214913 0 -183.6719807727035 -333.3069251320004 -91.52529809109284 -134.3113293922053 -78.34165310179293 -149.3894864003489 -380.5112982148424 0 64.32853799748369 -27.19009299979031 24.94119587843517 -204.0763161340273 80.30316767883956 -159.2884350386882 -245.0093834571594 0 -181.9226218128745 10.24018411842383 -340.8220154091621 -120.1396036535409 0 -279.1865009413394 -99.28489525462217 0 55.66099801049599 -152.9012916852692 42.73280807213214 -125.1927243869436 -221.0246269689448 -300.9505310663575 -170.4651659895298 0 -5.016836092042517 199.4994425575313 -58.33949687685172 179.6849237674097 67.248156314032 115.7475565018302 256.4906801624077 0 84.6604825238953 220.4518376098924 -96.7218841232513 -400.7377741212441 149.8843691534793 172.0306563322029 -247.3645380935177 0 237.7277124957098 65.57755284162414 134.563130047989 150.307038937116 0 -184.8604191720467 -366.634025868363 0 -29.63498870726741 -132.8775559235993 347.0982232151655 -49.53507991476254 -0.1122243806307424 79.27273881859446 -135.1746315818441 0 -357.3416842732941 -389.448828939518 -259.9518756880946 -450.5023197639282 -216.8229356936332 193.2552229293591 -242.2165444057417 0 110.7558671435194 225.2585451266815 -14.38703001801352 -17.38599994691042 110.1672949497336 -600.2250629016562 -750.7911743920699 0 68.99575127723557 -606.5454197960655 63.91568639302621 0 0 -142.2885587643615 -193.832704583335 0 98.28390602115094 -27.35067133051615 -83.5584115569627 -177.6715315080193 -265.9442283406934 -404.9420860689299 -226.4668006021551 0 -199.9924513186857 210.1014702334794 0 -253.7583113215227 -109.8306905708744 -71.78528282184547 -517.4400875375279 0 0 15.20651982074423 -222.0725725503858 0 -41.68913717129051 -121.8943943347169 0 0 0 -523.5340632752116 -232.8733243140039 -296.6847424070398 0 -374.6383409342165 0 0 46.66069526994193 -126.9720827202624 0 0 3.204992078775007 0 -421.3118439616653 0 -301.7283610356678 -46.2245431629844 -242.346017359436 0 0 0 0 0 -28.9413013320359 0 0 -26.77131234555988 0 -305.6985228151555 0 0 0 -16.46296352794924 0 0 0 0 0 0 0 0 107.9963817800482 0 -17.16984336383723 0 0 0 0 0 0 0 0 0 0 0 0 161.532720042301 0 0 0 0 0 0 0 0 0 0 0 0 0 0 50.94381587099187, 7.2585691481694 108.9666178848447 257.0090542442023 168.5746569965228 118.2479383186585 420.3911710339571 355.9843631541563 0 127.9633511704709 265.9763534230309 374.6779481845487 279.5890922673271 -24.6497368710244 209.176658659072 69.57923581268291 0 105.8224204674698 144.6598974821418 285.2997541322057 -138.2481688610662 231.7384194054596 -49.81836717804919 -360.0674215642604 0 -285.8409036367975 152.5106461949522 -119.4733864164491 -11.58093427118541 0 -344.1858756419685 59.78282582767207 0 104.5574889753223 -145.5014407734272 80.69247771133708 -4.88599882826523 -254.8718468411015 -141.3277496693778 -50.47973168725215 0 143.3035741519976 542.5892763001652 35.21265669559472 186.0066352314496 168.2385055777522 155.881980914037 456.0975228364285 0 63.2242911489419 314.631672984653 -156.2094691564221 -284.7723535931108 218.1650766789212 325.2043088707602 -84.33160519315246 0 221.1939311078088 -39.62740234827208 189.3225663300844 152.8800125517597 0 -173.5415828161665 43.79927727148927 0 -83.31957645027896 -125.8044372579821 113.316685947957 48.9075346496882 -207.0529603879203 155.0793420924199 -381.7776768837842 0 -267.1589351157223 -224.4017404080612 -103.8734377143699 -223.8660433462615 -103.1910857268784 -276.3181998491132 5.259667858490264 0 134.6001942179623 207.8735272001558 41.88782399906244 -108.9866276410276 239.5444043241078 -360.5197249133056 -521.9257644543954 0 -62.03314607676791 -74.58430514634742 38.33898834219855 0 0 89.53982843638003 12.96512757481395 0 49.75549449201068 16.74752075572164 -18.02774767121019 -84.7191838699826 -158.0638156266095 -149.217936428898 8.238954858322117 0 61.99631307347966 66.57036881387238 0 26.33132066788426 -5.971389338528688 81.95753456228405 -260.8117173135528 0 0 29.26619547451632 81.71271966268239 0 -7.60794340133836 107.3547178850586 0 0 0 -253.2473597409854 83.10001770417733 -38.50896457168329 0 -275.8091923606144 0 0 34.51358950370538 203.8851249183315 0 0 46.43363913749535 0 -198.5110458219048 0 -203.5772161456068 35.05202098682429 73.49618275736127 0 0 0 0 0 81.25497993781306 0 0 -32.51923572875225 0 -89.62197265262877 0 0 0 95.95185876096802 0 0 0 0 0 0 0 0 56.83342639020074 0 52.62651321826084 0 0 0 0 0 0 0 0 0 0 0 0 107.5700633787218 0 0 0 0 0 0 0 0 0 0 0 0 0 0 33.77239268189994, 0.865015489767984 91.18763763899915 236.4789478945457 140.9281220900239 134.3011282152807 433.2822300826467 249.6475478320773 0 131.4703757064606 69.67039311432683 263.694092083487 113.6591262771522 -121.1951210462378 137.4184379816453 -243.375161306866 0 -8.164900786233019 -379.4147098914508 -20.05773796393942 -227.9034261926956 79.99053085512732 -234.8262850518949 -355.5111158528922 0 -297.6260772469287 49.42883996530491 -351.5759712108329 -90.4089471978219 0 -241.668292212663 206.464549218378 0 109.5701507031003 8.880237656235611 386.6716608014749 327.7139440252433 -162.2574212271517 -65.46360222633926 81.34311338836613 0 267.5735993829181 933.5997614125129 176.8185020884497 151.5025546470486 168.5847506280111 256.0152440787573 546.0262983379656 0 126.9111260709301 80.00401876574713 -156.5980432439071 -392.6287429915379 169.1344134630371 217.8142249824921 -340.1054448250572 0 -113.3526899599118 -2.914402079010699 207.2930554766412 -24.69588018180306 0 -522.775950374485 -630.8292739975564 0 -116.3883125104997 -745.1680050287298 -218.6204382938815 -86.88060196688957 -179.5387518461967 -218.8227929657511 -664.7542623819157 0 -436.6535018105046 -433.0979316175824 -576.5090888758864 -413.6455949985671 -242.8725547643424 -448.7234470736803 -188.6455202724823 0 78.40153681215992 -175.3537359906043 -45.92069642565253 -386.1531812277775 132.6305577261296 -379.1593283645246 -367.57369774474 0 38.67631952999945 -235.2385888736201 -245.5269851175849 0 0 100.8771095301217 139.249017897359 0 -145.38554875634 398.5034108271292 -151.6321817250337 92.541078429869 -85.49374772301198 401.2051269819249 194.2891601894103 0 189.5483062581928 -196.4335364392087 0 265.548439767318 180.425938507311 167.486277028837 467.9261612710201 0 0 59.26664660518484 648.9102834170278 0 158.1921470822313 361.7554290697701 0 0 0 110.8152679977837 314.4922187280156 396.127533378664 0 -15.76734976579285 0 0 32.63682422016758 596.6832843403395 0 0 119.4354957479698 0 -24.6789818701954 0 -111.9896440805202 85.04319748597084 433.3426235797024 0 0 0 0 0 146.8790403530381 0 0 -92.67150959594628 0 -10.86339743538642 0 0 0 176.6239970065825 0 0 0 0 0 0 0 0 -71.87460041993728 0 76.65888453999418 0 0 0 0 0 0 0 0 0 0 0 0 36.57328737091444 0 0 0 0 0 0 0 0 0 0 0 0 0 0 20.01701010213246


GFLOW: 0.504 0.07490628626120532 0.07358714911898061 0.1037947090954405 0.1021213826070703 2.981764850995997 2.982035712930774 2.939729618783417 2.940701153407725 -0.009012494811487538 -0.01497446654220453 0.01755600838499866 0.01721739235206742
q-corrs 2238.721254190914 7624.932727715073 8476.592658003747 3028.33413343658 1172.202239775143 2047.961598600187 572.2905857538797 0 -315.0272552449687 -913.8113664117234 -582.6011244465483 -646.2690907436049 -273.7827257463124 -682.1168140390491 -1220.710068980082 0 27.60485804183669 -481.7816413055218 -362.7722013658746 -384.4791831051608 -248.4578009753636 -374.9506804774505 -213.5397588898156 0 -62.19303461405613 -119.5087717126267 -55.68326715730034 51.57115936687009 0 -100.4949443346803 -177.8065877065806 0 -16.54013756415952 -26.25316920390267 -135.1554378729253 -155.1074383942408 123.2371851879955 193.4362919953107 143.2146862747277 0 -32.61144473559347 30.86022742794727 169.1889496766492 26.72045202485371 -38.13986267915655 -22.96809565090763 -29.85644428706416 0 46.55547280326302 117.568141544511 327.608410890509 369.3343997523925 138.2848988083184 364.3153380150626 132.0051090318025 0 -63.06324269082398 122.186704500451 72.23575921620159 21.51803631177966 0 -163.7132123022009 383.9080805319093 0 36.15062548349137 112.5177998713887 264.0517037444424 -35.87014445433369 -24.77389984319542 111.0703218672922 -444.7533458901082 0 105.5266790827041 188.7034328060107 -134.1180743288238 152.6299124956905 38.61698628369994 -104.9395877432707 -97.46731340674222 0 32.9320624263914 -252.7439689686191 7.395185876827797 -353.5380696812005 -70.68996124596683 -135.6239959902774 37.83892569369068 0 64.86131353678883 -9.433688189721842 -252.0734614191401 0 0 -24.52593788781731 130.7796031831282 0 -65.95290216575592 261.1254539755967 -349.6627466847307 -414.3598972294191 -99.29676293759591 140.4832241164652 -156.1215823408388 0 24.30776286605945 -90.99450729391961 0 130.4481503298628 82.63070802659973 127.736305605841 227.8396687705079 0 0 -333.975531493893 -397.8575608237624 0 166.5048246372339 -327.8906404843642 0 0 0 -21.64402713560241 85.79594280779482 26.03812201287672 0 29.27669920425814 0 0 -116.1924795531295 14.11791642425692 0 0 -147.2879962082859 0 -182.8669681090781 0 -75.37524055480543 -8.064905719370305 -30.41644151092087 0 0 0 0 0 58.30027497989338 0 0 -44.59433084805926 0 -222.7728537513825 0 0 0 -10.95365081317529 0 0 0 0 0 0 0 0 -12.48293636371909 0 -46.5005441469113 0 0 0 0 0 0 0 0 0 0 0 0 46.49049893380946 0 0 0 0 0 0 0 0 0 0 0 0 0 0 21.0378443102317, 1278.885360691159 4275.155385384173 4599.734034474117 1546.633964046136 532.0291370826499 641.7431427202948 -167.9455887365404 0 -362.1122035271203 -924.0508662367237 -542.0996613218229 -580.5665001910756 -249.1231364939603 -519.1997862547573 -1000.270840701653 0 56.2268503085247 -357.8637232785919 -215.4904150511233 -297.3882879554321 -183.0354286438086 -301.5476117599732 -238.8067605261219 0 -80.35375625193606 -142.819004064327 -123.8653649331952 13.51958720986019 0 -257.6639386975917 -206.6213184074486 0 -107.3979810872753 -164.0514282694976 -322.7671315303418 -295.1738043194845 15.46226349289059 103.5213318113714 -12.0185426855116 0 -132.6632284630735 -393.7815411273473 -161.2766374943572 -5.12809322088777 -60.89100755693875 -292.607493130971 -173.243384724315 0 32.5955558919202 80.67763895112726 104.0448471746354 98.68768633116994 -14.81069641996404 4.999719764952756 -194.7970686769506 0 -149.638208630371 53.31294418808011 -62.59318687456604 -204.047970887873 0 -275.8891870427013 64.30684993038997 0 52.93900148286449 -127.7017381881601 157.0416485854132 2.50927251227408 -29.08155915771676 5.825093797991599 -445.8547262728172 0 26.28136955094359 28.18544641236022 -219.0705075293613 69.25251196287979 -32.6854249825864 -28.65039952321236 -106.1729812474543 0 -22.77191472216161 -290.6688441175562 32.32978686619193 -325.7380521148775 -31.70778817483951 -102.1315300297779 93.1830463069015 0 35.92831467949436 -25.5689403319644 -254.7641620027846 0 0 2.750741196088171 -37.84878760436045 0 -47.16993473079746 212.685405516778 -256.2967790745508 -310.3660733133183 -62.37002740445269 -11.5976239450339 -148.9653762679786 0 33.63222529537185 -112.1508638732131 0 -26.56185577577802 65.28965557653781 26.06624406801879 106.0321479601185 0 0 -223.3581447926069 -451.664697540126 0 23.15254967125949 -284.6032920144215 0 0 0 2.762619860172549 -82.18988961596234 -49.97759188456688 0 -12.49708270933439 0 0 -81.82877866716865 -186.609219070015 0 0 -127.3872125955125 0 -87.12793057885381 0 -30.08517073588335 -50.27366323621214 -106.7860357962319 0 0 0 0 0 -16.77002815284525 0 0 -1.91560799696444 0 -95.3616146491281 0 0 0 -36.77844290285783 0 0 0 0 0 0 0 0 41.0371227373775 0 -18.20127655736659 0 0 0 0 0 0 0 0 0 0 0 0 54.27917462222319 0 0 0 0 0 0 0 0 0 0 0 0 0 0 16.92213206099381, 215.211642693303 591.8656554755597 384.5759993597769 -40.74742231982903 -119.9087893329558 -719.8780176325062 -832.3494886652393 0 -333.7616695117144 -777.2310152082621 -337.9145500550131 -350.7490236413918 -187.030210834964 -155.8808640974581 -435.7551954301347 0 85.23490017326439 6.135767028141714 162.8632234985297 -47.57741265808501 74.80712014209226 131.6488782537969 -111.5173631402672 0 62.04264632749207 -30.41773774638247 71.57680309961215 85.26751174496776 0 -19.8966582669528 38.35692807031467 0 -142.4445519475024 -84.38306757638597 -227.309070381408 -186.3386900014639 -39.87945618125565 -58.01637900615046 18.56679401116545 0 -158.7346916131377 -473.6676202160148 -342.955600486839 45.37316086471626 -15.50629272787946 -315.5412635494757 -148.8379012315683 0 33.15589967608038 72.04978747680597 -155.3254951303574 -272.53055548123 -99.89205951293074 -299.0869528034005 -493.709781879543 0 -140.5159256481959 12.57746304219535 -159.6353985116274 -337.40598910544 0 -185.5952662897027 -249.5278138219817 0 22.58722815579072 -410.0173691355023 48.40537219545128 24.75505968141997 17.61070210802159 -163.9256975787486 -239.5958295024075 0 -62.6669012697517 -102.3702868465228 -217.8761311320227 65.2799644666278 -70.77243760564292 279.3355449922367 -39.49415163962421 0 -67.03535572952532 -163.7637320160372 19.15570854167232 -99.91282741689804 -2.522353513325509 18.16525706623622 447.881926080286 0 169.2657909658793 65.47238746027958 2.969279603534176 0 0 62.41344715311451 -31.24570603038385 0 -28.47352861097041 340.0980880933769 -14.74247213286442 67.32175133760586 25.53238962566132 160.482905729959 -65.01598284850908 0 96.98739331782647 -53.82044466208183 0 -152.4569101595349 101.5686040714474 -10.22142224278009 263.9228357205641 0 0 -29.52961452819406 -225.8486026634627 0 -25.66570729015478 -150.6781013681964 0 0 0 175.3575995025742 -248.5091009428473 0.7644589847649002 0 65.16652240808668 0 0 -24.69274550188818 -309.0786327487765 0 0 -80.41560176970266 0 165.3464868997855 0 86.0966463970806 -99.38318643125005 -65.88819750833477 0 0 0 0 0 -95.61936372732812 0 0 80.94262785880767 0 186.914465851907 0 0 0 -36.11553025855684 0 0 0 0 0 0 0 0 132.3329294337426 0 47.49644223403017 0 0 0 0 0 0 0 0 0 0 0 0 60.4230309097652 0 0 0 0 0 0 0 0 0 0 0 0 0 0 6.501505335454667, -19.87476763501743 -194.4684135429246 -475.4827768968918 -345.4092676304582 -213.0160366736239 -860.952972439129 -847.709607224098 0 -280.8371020449395 -615.0518106890834 -197.5669818779854 -184.6058241499196 -115.996647055276 32.37430808517287 -16.88274824944122 0 59.32045050094034 290.9749072058742 368.9795287142335 189.8780161338942 284.6487460876722 559.1204309232085 184.4501620644477 0 302.0289146880549 206.1709077381611 472.2780968151838 184.9620266446876 0 627.0242082690139 378.6364482050307 0 16.86241724972336 323.0248618355394 320.6509773471565 300.4083372381971 57.18354808316653 -197.929216814743 288.8866941155073 0 -4.087318614518615 251.4802888215162 67.20636822013108 159.0446919209502 104.302249186936 187.5707806215544 231.1826700630192 0 73.72507098243543 183.9290193414964 -28.22591341191131 -219.1704067933647 83.10650043273355 104.3702991975705 -100.8295908767015 0 99.6193170227844 241.3358689243024 19.62031623145082 53.55743938916004 0 165.1101927411241 -57.34053305137579 0 -24.09402801329387 -272.0123502822962 346.7136244100556 28.23915532787087 245.7863478817762 81.25443265507263 106.9565253032714 0 -28.32363847579762 -49.75646926765646 15.78644984948293 120.9996473649026 -52.20309999392714 779.2207549529618 70.27865476811549 0 -44.73217584139453 98.09892509596745 -10.89119488116123 199.3672722666744 29.37664152593715 14.51485041369967 677.306037344447 0 401.9028310756508 87.23924384361933 280.5478979068187 0 0 85.82625174784935 205.3053352386032 0 -30.54511926670375 536.6687653677467 191.5161504689144 391.4655842337262 31.06315741794562 498.8611694278495 45.33091816827479 0 136.5066698392661 46.14181431792517 0 -90.95069515071094 135.8239384156787 91.52367249594396 487.7595553158344 0 0 132.7592442407515 202.3231828640239 0 95.29927862664846 32.42053489003987 0 0 0 216.9305458446836 -205.9330455982624 77.99852323411491 0 121.4428748237125 0 0 41.48747327806201 -150.8023255352737 0 0 -8.211957005925829 0 171.5902322006834 0 83.24167205902366 -93.84637730278105 -29.51757306332695 0 0 0 0 0 -105.3004815192529 0 0 61.97622909951964 0 152.4045996846566 0 0 0 -39.24312501254236 0 0 0 0 0 0 0 0 78.72217131895701 0 28.0838760277536 0 0 0 0 0 0 0 0 0 0 0 0 19.29793162638298 0 0 0 0 0 0 0 0 0 0 0 0 0 0 -3.288740370945582, -25.51574942803518 -188.6818331574455 -427.712115292995 -302.8328124808543 -195.1593924667363 -792.7779119527985 -770.1055472756693 0 -297.5614159494007 -616.2423621454229 -286.4515942761583 -262.8376508380885 -100.2083842516609 -121.3197544183468 -218.3061611710455 0 11.83409205409676 70.34521252686969 117.3555118574745 77.46372483557664 137.0767311668137 261.7948863121742 145.5467333240954 0 187.8009343709516 131.6192515597383 159.7145153052616 9.856399965117646 0 430.4899657527639 146.7171087450158 0 79.04782139189285 264.2077191001148 381.8814311259567 254.476548982931 16.45661620911684 -323.6803307749815 119.7904839081543 0 -27.92889639316093 369.1301755808831 175.3097878408933 184.6655797979012 77.04527839559663 297.4454986704186 258.1965514178556 0 106.8044787995018 161.4523145871848 112.22913127333 -181.6526089530897 136.0215142834049 248.4331361771414 79.40467252768667 0 197.5686970360997 339.189666860478 122.1893459442381 286.4239654229656 0 180.3957857507187 -128.5126346721631 0 -26.20622781184311 -134.6082998546926 522.0573145662447 4.314569130303049 323.5997083007813 225.4292903624622 200.8048996360586 0 -124.432438642642 -177.4440136659234 17.12017086699495 -122.4446339066178 -132.0902273131496 797.0357789455361 -50.07689051633605 0 7.871707514519223 209.6255875463126 -17.52907623780828 207.2768530204449 53.63905946484425 -278.8486544212485 73.96040043663328 0 334.0987443621329 -259.0457901450093 205.9897935795615 0 0 -14.6083358379443 91.69983063831843 0 10.16369168881641 327.4546286996001 104.9813510433281 191.2155545856792 -107.3573892336039 146.0126599976758 -33.6567198072977 0 -15.15170692609769 106.5909399243777 0 -129.7565828818001 29.44160153830073 40.77179355650216 92.88162857965074 0 0 114.2363368909306 109.5437315355971 0 51.18222745688226 32.7170003446419 0 0 0 -106.2466581402641 -200.1932110786742 -103.3747597188588 0 -75.99646309336177 0 0 62.0449378570938 -129.8631545653404 0 0 23.75764861477785 0 -126.9987767136926 0 -88.08124734999367 -75.57872251374471 -188.4734926158482 0 0 0 0 0 -97.41867552436551 0 0 6.993727596258246 0 -128.5073017139068 0 0 0 -67.59469083069833 0 0 0 0 0 0 0 0 56.68589609867571 0 -27.78350982059418 0 0 0 0 0 0 0 0 0 0 0 0 61.54377147404845 0 0 0 0 0 0 0 0 0 0 0 0 0 0 17.91742202033551, -6.110136823982145 -45.8845049857123 -120.6268772483933 -96.45352438029121 -64.3567751615094 -296.1848243014395 -307.9440263794771 0 -145.7366400835985 -283.5182496181887 -74.01495173635854 -103.1932435994009 -71.86316719435298 -88.90475237397138 -249.7601776447291 0 50.86947035835573 -2.25930807735682 71.97600606307014 -96.93396446239986 74.26370181448999 -35.73975978305737 -154.1147352076509 0 -89.58399415700657 43.50706251568533 -141.8784296592519 -72.84698310127763 0 -168.7593064035734 -53.4273396559484 0 43.84490127601509 -48.00838772199697 26.07586853924383 -54.69567350413769 -144.0198803242241 -245.056682042322 -125.293941806979 0 -57.44854127520519 64.75928743535722 -29.27682444694246 121.4066903325375 43.78223688114653 51.55285716636597 121.6740357952629 0 58.58097498329722 133.6625651763381 -86.03127087649005 -295.2480551874271 61.06449424759405 46.29833933570519 -114.8413965736002 0 154.1283817671682 101.9106767013075 88.6406937253219 150.8803748451091 0 -62.27884335272798 -231.9076653891153 0 -31.05428926380755 -147.2415242054424 233.8666992886406 15.49739864702237 63.46761117829316 86.60685012908195 -18.63027266497052 0 -246.6870805286241 -282.791277122023 -102.2992009273394 -312.5545140748724 -159.127102052666 238.8511495411607 -131.7066790279698 0 65.00934900756762 164.7553677778286 5.930905380018324 26.31867781140526 82.99536007494018 -450.8571991008619 -553.1160023912994 0 56.96492310206746 -393.9322743230559 13.81016768073064 0 0 -62.87310367706213 -117.8381307030148 0 52.92585141095546 -22.14398783656468 -81.7669463443294 -167.9657704287476 -199.7421662665853 -323.3807469980258 -133.241795615362 0 -119.3517443478918 98.91295271858296 0 -154.6047355580096 -78.37885427255267 -44.22452704040614 -364.8677163182425 0 0 -24.17647425352057 -192.0686533801993 0 -48.22091951719695 -61.93584465172117 0 0 0 -363.870030275575 -153.013315865303 -222.8924417851331 0 -254.5675251448656 0 0 23.92319977851975 -107.3053051751838 0 0 6.024224630857091 0 -303.9773914355923 0 -203.4523283513369 -36.85127786057426 -196.9586169052947 0 0 0 0 0 -31.80177358718691 0 0 -23.24302539071892 0 -225.1293964099044 0 0 0 -25.39476166706802 0 0 0 0 0 0 0 0 64.20057569759781 0 -17.60778526076128 0 0 0 0 0 0 0 0 0 0 0 0 102.3429294403779 0 0 0 0 0 0 0 0 0 0 0 0 0 0 32.58416412974786, 9.211532327860155 82.025762218721 172.0871967588406 105.4477764728524 77.51787804171877 261.0846273928412 203.1972856816986 0 75.54085757753288 143.5943197141371 243.449306344357 170.2377041376438 -29.30551262191508 138.9670513767324 30.66626428617211 0 76.01600900781608 89.69555652465141 213.9078948654343 -74.46331393061149 158.8444557845377 12.71127667688744 -243.3402137843381 0 -160.9187640816437 115.4938838267799 -48.38948078520059 -13.03731409766195 0 -229.5411514495898 53.52965614412034 0 66.97148470866631 -52.7722975121289 50.38473704262771 21.4213364839858 -166.28554398146 -125.6368859117432 -37.15150718277025 0 52.09514898918687 291.3050776610087 18.05756395245608 118.6273887253957 112.405875791455 86.26417739871376 271.7388620160976 0 44.89776829555658 199.7550384537378 -166.1387812406775 -264.3165945968852 118.5120955839607 147.56616052764 -89.44903515758719 0 133.6835735484514 -3.842503457960035 129.0057538406379 115.6007424362196 0 -118.2818242298652 -33.07099519923804 0 -62.41246978672498 -166.2245322457635 55.21048274157309 50.23706860627308 -119.4451649854349 72.21649879149815 -240.0739204717718 0 -216.7596766297016 -195.8262024908006 -61.55778236799213 -178.123471816995 -103.9541713707277 -152.0930355808973 -13.30928200940059 0 94.78359001500044 102.2921245908722 25.71536109248333 -77.87085932572349 140.487679558694 -316.2766520901846 -440.7332706329789 0 -43.60954496110179 -98.63152952133773 -47.6207457882285 0 0 48.59708270132548 3.743610263039102 0 11.2115745376917 3.623127483090286 -61.86437753523263 -109.6686375310138 -134.0667244901631 -136.3282090947687 22.00848018505999 0 28.85576340049897 4.201606984812322 0 41.72341444482556 -12.24364627843666 55.24309277406293 -169.8688959561765 0 0 -7.613283374653328 62.13008295796217 0 4.525480982274658 99.05252126186156 0 0 0 -185.294189369535 82.70706903478687 -19.93796527318511 0 -169.5290542640924 0 0 20.10835995510761 168.3255404481596 0 0 43.11079292942094 0 -151.3050045883557 0 -138.8040475209889 30.10117399435735 47.18706730247114 0 0 0 0 0 56.5969112308994 0 0 -21.17496953294185 0 -80.57740405616519 0 0 0 57.94886352316087 0 0 0 0 0 0 0 0 42.88270699136888 0 28.10130752538805 0 0 0 0 0 0 0 0 0 0 0 0 76.86039678535474 0 0 0 0 0 0 0 0 0 0 0 0 0 0 23.8724882343135, 4.862642203338737 72.0763406416977 171.5917732465451 104.5322311726161 91.69401628578041 310.2888586622334 200.0432644439103 0 95.81481542495231 73.13611254277694 190.1893284986738 96.25729027658372 -76.70029949860691 99.46294173090575 -138.4629158345865 0 -0.6123041766454591 -241.9575103422987 12.90116628654911 -151.6735315790346 68.65542484085135 -110.6283991920045 -275.1352151039954 0 -184.9605204289618 36.24667080411071 -213.2724472141188 -62.5307521911787 0 -187.8759843935543 151.7037735090722 0 65.74755872252622 1.638608477226306 220.0463526618459 201.777193888453 -135.0584140307775 -59.78958656584406 35.80938539745567 0 163.2999668048552 548.4583498277243 70.33791694819749 91.29436133507224 110.2654631059849 133.0828158253828 350.0147151112855 0 73.83601147802858 41.36573192214719 -227.016859736829 -349.6877524772016 97.71253504696151 74.36746000311776 -300.4016336382117 0 -83.42330013056726 -51.31675486675033 138.9527629007866 -38.65541065366868 0 -396.1542840762363 -505.2792037750264 0 -84.94302354762176 -550.9079702442676 -194.993646324453 -73.08143251211905 -177.3795934609672 -223.2249063598625 -453.917743872708 0 -339.2295972321235 -324.9377609552796 -433.9287955388889 -278.1409796301251 -188.1732273326757 -366.4718254099848 -129.9359007457357 0 67.4814407046284 -159.133882813698 -51.364213235595 -268.3724896067661 56.22224615920025 -302.2027140697424 -304.2010652124803 0 15.49153142992829 -185.8013228309832 -210.7146335360306 0 0 55.11211736700037 98.49591866549517 0 -112.3160948793092 257.3554345489075 -117.7874004669274 60.48345911590994 -76.40447085835379 258.3217915536495 160.9706387886723 0 127.944100931411 -149.0703285082285 0 207.071382300967 115.2248184961823 126.1994950273088 357.1851107827278 0 0 45.16432357660699 495.0020354657677 0 128.389040190008 280.8903127713521 0 0 0 98.77970945520227 252.8816421405338 300.6945960241081 0 38.74016835494376 0 0 29.42733462114002 463.2358335501655 0 0 93.92932640886555 0 14.15106713947313 0 -44.84107182395854 68.88862288380832 330.5963308488724 0 0 0 0 0 110.6305382752745 0 0 -48.75113820011609 0 21.61206859638885 0 0 0 123.6938467736319 0 0 0 0 0 0 0 0 -37.21195560767581 0 49.35158535740257 0 0 0 0 0 0 0 0 0 0 0 0 19.47219807526853 0 0 0 0 0 0 0 0 0 0 0 0 0 0 10.17997383095009


GFLOW: 0.576 0.06060146449878074 0.05946159352114739 0.08154083837889153 0.08011310886381234 2.986031586381338 2.986263334406408 2.952538461124274 2.953375203049383 -0.01082961134640621 -0.01668993634403763 0.01134209772531751 0.00942381764877648
q-corrs 1431.691585503525 5212.053596315473 6221.432334797835 2409.732391439845 1040.29377545844 2136.877247415198 914.155568756287 0 -107.5944853498962 -465.977964685321 -325.0422433898159 -428.6495822563336 -192.5777010548095 -515.8405408015576 -943.7363157336074 0 15.30449101061695 -405.9598350559236 -323.2119181067669 -311.9166193360374 -228.9611561754744 -365.7446311695923 -166.1561141958237 0 -86.15026014401755 -131.7228498319 -113.3750247066546 32.06374451383839 0 -134.8555569291943 -167.5087606483011 0 -32.71495934967831 -73.9663156697605 -123.0461392964281 -150.7907374051838 88.71797120075225 185.1618715706459 79.66816740363757 0 -14.07836993065356 -6.291562785562121 90.90111398493514 -9.148754532529823 -45.18309175936889 -57.1645196011417 -57.05884275585503 0 21.27779633494047 32.04432810069206 259.7403124762351 313.9629376841064 90.15135648959921 240.5437311618276 69.18522123624352 0 -96.99046223279703 52.58962642545384 41.62632893716955 -33.67424480965811 0 -126.607665340913 215.3117568693046 0 41.16974068097581 89.47759201412754 174.1814060832912 -62.90798556656617 -10.48098150552305 42.27721067139143 -309.0532023691442 0 96.48594879555583 138.0991404557888 -153.7763974146598 90.92002029602534 12.15953155058586 -73.77931321396552 -96.71958706196395 0 9.782926283395128 -205.4413018804222 -12.26264005628809 -237.4805321229535 -67.79405158022631 -70.93614931734518 39.20111859626933 0 40.56986060735315 -76.14971664817094 -157.5660649166046 0 0 -35.61632206098338 62.12922822973231 0 -46.96340423991241 161.1029120098221 -231.1946361283165 -265.4429309830942 -69.60858507953434 71.00067870876853 -130.8445552218897 0 -6.327503210529713 -44.27334682447008 0 59.61951210400298 47.80754127750821 69.72087470322013 149.8384862388315 0 0 -234.8439812635692 -297.4169310342087 0 106.1128344341165 -253.1496890953211 0 0 0 -9.199621177128027 26.53163852824821 17.98223923829171 0 31.46503724442385 0 0 -83.72675359066548 -20.8431291661971 0 0 -110.3437830424266 0 -104.3369921594581 0 -38.45219632776286 -14.02845562406194 -14.47324090436779 0 0 0 0 0 33.16569640368225 0 0 -22.15372710659381 0 -126.3636516812701 0 0 0 -7.733854408225822 0 0 0 0 0 0 0 0 1.461476507894371 0 -28.11024889097954 0 0 0 0 0 0 0 0 0 0 0 0 32.99005171605815 0 0 0 0 0 0 0 0 0 0 0 0 0 0 13.8760762242425, 874.7061977233478 3140.407586206065 3663.16281458555 1363.530014514526 554.3758507291061 981.2384954158941 242.6663598509645 0 -188.5598416390941 -562.6564090909392 -345.7013115770687 -410.0693228088558 -184.1057661231814 -416.6916899414081 -801.2582892893066 0 29.38176769070864 -327.3048418293721 -219.8748755387591 -253.9229280765221 -170.8961146272518 -288.9288533496031 -184.4497980426848 0 -87.60966774525562 -133.0719775555401 -143.0006115332445 9.677216544744226 0 -219.7810608613407 -167.0638054773154 0 -82.62439067022461 -153.1548093861166 -230.7281324336161 -231.147182355727 9.046316990024565 112.7025176536981 -26.30535290120964 0 -77.76565621412377 -271.0852033077788 -123.4532617859324 -26.06421232032017 -58.70167045325358 -238.3897357886059 -148.8720444443694 0 13.92678912386262 1.962318093683166 86.77500905977666 110.7628474096303 -8.829960355335437 -8.309029584206051 -159.2178160182908 0 -156.0289088017589 9.947917740254479 -44.34338960986268 -179.8256867678726 0 -197.9698593873028 -2.255011531625652 0 44.30521441157664 -92.63231814923923 89.46140396401458 -38.193608376055 -20.36294170827072 -46.42090138414609 -313.3721586499842 0 37.19106996331693 34.35638534607626 -204.2242638715806 41.97962153643534 -34.21812283819531 -34.92629705753129 -107.5497061661504 0 -21.39569665363701 -230.1034432344898 1.070123748692739 -223.2112470758441 -48.40275819619431 -45.37794856016296 86.03748477019212 0 22.81447205094528 -77.28466217932473 -154.8873746097408 0 0 -19.41965109104454 -43.20827814308031 0 -34.21904786189413 141.6075123537298 -169.1472021075635 -189.6008115679633 -40.72785792630398 -16.64998044638369 -123.7022083425051 0 0.5393965713245166 -57.50927863399167 0 -39.85421610746069 42.46222852013867 7.235080924248216 86.07638722068356 0 0 -159.873226993278 -322.6134695360186 0 16.42054824225627 -226.0379888666831 0 0 0 16.03508286216359 -85.00008454351097 -26.68415876811562 0 4.58936064649545 0 0 -60.27027677942617 -148.0650292837604 0 0 -98.56754990523881 0 -35.2144045959987 0 -9.875790150153122 -44.39834392881831 -63.55210427223894 0 0 0 0 0 -16.55647806558849 0 0 8.711349517476087 0 -40.87662332681235 0 0 0 -24.30023690431715 0 0 0 0 0 0 0 0 40.6623096223845 0 -7.965904831072578 0 0 0 0 0 0 0 0 0 0 0 0 41.3156358006333 0 0 0 0 0 0 0 0 0 0 0 0 0 0 11.88867063370031, 184.9258411782127 583.978818627501 523.922885585034 89.65535991715127 -22.35706035005094 -352.7015174023037 -501.6644128705498 0 -237.3393644320766 -573.6822973177474 -272.5587452491774 -282.7334003296941 -144.5234853058509 -170.0175905075023 -394.1945095903181 0 45.65902666437118 -66.28667880979459 55.78726709422213 -64.87210892216603 25.44099741017308 51.00469194806033 -90.75264011394202 0 29.14531390305078 -24.72587477868942 35.91901565952648 57.55910826610591 0 -27.26868282882304 24.18715023317597 0 -88.91008245026148 -66.15859611960585 -146.1791871564767 -131.1846377921292 -38.69866082237854 -24.50446639803472 -4.989098062235222 0 -102.5137760221314 -312.6982841053038 -239.0930254888497 20.50292855914748 -17.57414546713634 -257.2812684119442 -124.7575060462104 0 22.51885512533904 17.1774646791457 -94.35957403869183 -162.5710791344408 -70.53677079248357 -221.3747081888622 -344.9434821013539 0 -132.8725368511829 18.41286561166556 -109.1715414042093 -242.8450531489691 0 -126.1554877631704 -192.9676289913999 0 19.16658767767305 -281.8868204002591 45.60593437857869 -5.163621259117104 19.97350728984973 -138.6596370363085 -162.3431969587224 0 -30.31805385619722 -57.68046764561625 -170.2025673697102 56.03903499572009 -54.14601450034935 196.6599657266108 -46.15600095600097 0 -47.20002763374558 -119.3413771833565 1.632597617175893 -65.08924572065798 -17.96751752700704 25.19191002849748 333.386491127877 0 118.5136176216051 16.38911403770692 36.0618889221779 0 0 31.36491917075161 -30.96028093336036 0 -11.71065615739825 248.9803311925417 -3.647766131962605 71.86804658921251 17.17212452056932 110.4425117774592 -62.69219884043137 0 50.1736507572223 -11.41162350458521 0 -116.6944366124276 77.70465299698239 -10.19009325843541 223.5109084618116 0 0 -26.31632237374347 -158.7862012300961 0 -13.49490605983772 -132.4596478295551 0 0 0 150.9097747571859 -191.5089390842928 12.44844830752174 0 61.1684941075946 0 0 -18.79717002628242 -227.0159242552434 0 0 -66.17421486740902 0 138.015148243204 0 69.01427570759867 -78.06027048085886 -43.10653914244702 0 0 0 0 0 -71.08695900139546 0 0 63.97167228580189 0 138.3997438789522 0 0 0 -27.68338970573198 0 0 0 0 0 0 0 0 100.2855793614858 0 31.92928860768149 0 0 0 0 0 0 0 0 0 0 0 0 47.27126872456751 0 0 0 0 0 0 0 0 0 0 0 0 0 0 6.258898711931971, -11.44848218251312 -134.0676282246239 -342.0689205248393 -252.692095227226 -165.2490853235063 -655.8182357063315 -638.4380740461843 0 -218.6613892397487 -482.2784156729502 -192.1289947681273 -167.9284047596892 -89.33475121595757 -16.64757461883878 -58.64852680838453 0 33.11699226308748 165.6068964747095 232.4423278912962 126.2685924168223 184.6451073016764 377.9396343614503 122.489898552273 0 207.1389416019355 151.1140544675081 343.1737890043614 129.573995473039 0 430.7533361765979 265.9009834934728 0 21.3600494929057 236.2237971010438 227.1578578851169 203.8095211370206 36.06038498131598 -139.8088323970064 196.0956457671968 0 -17.54237626235638 173.9196381024939 36.6245154784611 122.7545622681641 74.12368261970684 102.0692237769263 127.8590026057414 0 60.13913813740824 122.0316819060387 26.70874223555816 -144.3270422199 36.55976017135586 23.21304326415612 -57.37275497487033 0 55.02883229853972 202.8528181689686 4.239846420689609 57.2466932489407 0 127.9304984915796 -49.31420480715541 0 -13.14881401255601 -164.0914265833744 273.8854068142469 21.15733769415588 184.7252717933673 43.14142177416186 116.6951577186135 0 -22.08306260150476 -34.30795871572921 20.17648871451159 95.65430911195331 -26.92459226260871 576.5794802465385 53.02686835451193 0 -28.92906974243792 114.8155611839427 -4.731798781060299 160.5608560946895 22.25368532750514 0.1645882912269574 476.5684568721989 0 285.5540674148745 70.72081703713263 250.0153692460618 0 0 62.88343588903533 145.3523122364232 0 1.129163328709584 388.2842587217934 131.5185085673195 279.5403971072612 12.37390623329312 338.8700240257841 16.4606235006062 0 84.5780940865501 65.25232946664286 0 -63.01850060769004 104.680221204452 62.50839188656991 384.1549269736728 0 0 69.22991740309564 119.1120382072076 0 67.03849936154415 -4.345101197833099 0 0 0 185.8533501363964 -147.0504559617705 65.88449979751977 0 104.2249118682848 0 0 21.47174964009794 -119.6450063842685 0 0 -16.25082623252343 0 144.847458483752 0 70.85257677262771 -68.39658224727464 -15.28055177729717 0 0 0 0 0 -73.21876824825628 0 0 52.41269956366523 0 120.2078282804704 0 0 0 -27.28742784016104 0 0 0 0 0 0 0 0 68.92197554835641 0 21.34352678885351 0 0 0 0 0 0 0 0 0 0 0 0 24.40993090790587 0 0 0 0 0 0 0 0 0 0 0 0 0 0 1.179759917426296, -23.0463778169551 -161.0791055714704 -348.9717128789179 -239.4322221371947 -157.8367412534665 -617.4879874546825 -587.1380370070423 0 -221.4046073793129 -463.4044314046736 -223.8302390216936 -196.4099806691614 -76.34787989648767 -86.95977329914723 -148.1054805776461 0 9.715059047900752 57.64106591821425 106.5702361216659 73.51195084248141 108.2043401419666 218.4138037998904 102.6539943782306 0 141.5513669912812 116.1125214026669 173.9840963066796 22.41910600319211 0 315.6892310378137 125.0154386609793 0 63.41576426998263 214.6232154700291 261.1684634555033 185.707963646416 17.29754968777886 -230.0862738290253 94.77133202833537 0 -38.80454872831155 240.113731238723 121.4043643700627 143.2020570074293 58.21298429923517 196.9933947791882 147.83539697133 0 78.38847682424654 114.3057302575414 103.5055336621959 -136.1166733421329 60.93858657969533 107.3809102063738 81.59813733438492 0 138.8124581003076 270.6640575969897 73.16545896212992 229.9664748182186 0 154.5548086396433 -80.92498118836438 0 -21.04291048524778 -87.28755336577244 365.5235209961225 28.04551588156352 244.2988921110331 153.0242108158158 203.945266886321 0 -91.79617870741978 -123.6710162499863 43.51403963196984 -79.45249382880075 -73.43675091566726 608.5242025586851 -7.12681638569866 0 2.175632899133902 195.6412812403508 -0.1845420627175471 179.4305459344022 46.66167176393518 -209.518006919769 55.03472580140364 0 240.6418948687005 -138.5443635550448 173.9684072781764 0 0 8.25738845743912 85.50614105988224 0 19.89408162629634 235.8227092403592 62.42043206626031 114.2851030617942 -86.22361380551251 86.64939327274823 -23.76860419639014 0 -4.614428650064783 81.04175652012228 0 -76.77249967898619 26.279654116499 33.04433248173278 80.81198046116465 0 0 43.52788687295917 30.65480082162988 0 28.79369934480229 9.203907442501755 0 0 0 -56.11304807443221 -129.7188459012693 -73.19821172169662 0 -45.00921927980703 0 0 30.79914721561543 -107.7548164739759 0 0 8.721362024664849 0 -77.90705070030945 0 -52.09089779318592 -51.76171206513263 -132.9885974712635 0 0 0 0 0 -66.65526315863376 0 0 6.198950479869961 0 -79.58880355516116 0 0 0 -47.2367362601349 0 0 0 0 0 0 0 0 39.56939357617317 0 -16.66457482370011 0 0 0 0 0 0 0 0 0 0 0 0 41.83883930841968 0 0 0 0 0 0 0 0 0 0 0 0 0 0 12.13824893600083, -6.617684467190401 -49.8769334547667 -120.4116562401039 -90.37792394406947 -59.8905333739838 -257.9699990670631 -262.2792738407609 0 -112.9127634512337 -230.7887453659228 -65.83676452022127 -81.89827206910138 -58.86283497242499 -55.1187689370593 -164.3672332311452 0 35.94571355292274 4.391309910961802 76.25789936870586 -40.9049680480853 63.33950711527452 20.78096462180909 -94.15257843108002 0 -38.2229783008774 51.4745956542432 -41.81333541156305 -45.22825225577481 0 -89.4491421563109 -22.7011591841636 0 34.56046298635187 4.664104173127356 21.59438920940494 -15.07560892465055 -91.00530676525764 -193.691255037622 -83.41367329406148 0 -67.66539539421011 10.76939827283687 -14.95012287440128 89.76836905235869 30.5218673577954 29.67154735935581 56.43629533536738 0 44.60448276047915 86.50034641943142 -66.28656515997716 -228.3966593396685 12.30463387439042 -20.18186008331372 -51.79112432977441 0 106.9510122024337 113.5814308578875 53.12482695687142 130.4066330457282 0 -10.91245591202134 -162.2395109509918 0 -28.53078940451026 -142.0671788007049 153.7421784046007 40.88470211858152 79.51456433408129 71.92151312537558 37.55506267537235 0 -176.417390475463 -211.8152349424623 -39.94212719079127 -229.5844836248046 -112.9363544673009 231.8768171184607 -77.09910333956466 0 34.32846504853583 121.3412069806437 14.86121369274553 44.02386380098734 60.86493970904525 -342.2250923488265 -405.531876083828 0 48.19235774455593 -262.9983899830694 -8.043605777849734 0 0 -30.10050764318317 -66.141962184999 0 31.2328988018264 -10.15471382729246 -76.22991165562749 -150.5291998717252 -153.7029706994195 -251.1096174357409 -83.93966191409554 0 -76.46173388987594 47.29984052660208 0 -93.44598029319646 -52.85874306472703 -26.14850175918496 -254.4244592363284 0 0 -46.20435384281939 -174.3388157698974 0 -43.13292543147058 -38.09721781252209 0 0 0 -250.2013743170933 -98.61331874864968 -166.4278903549272 0 -176.4014575995675 0 0 8.293445597003741 -93.68793685819679 0 0 3.686669572794862 0 -218.4039167498463 0 -138.4838213685486 -26.7632815291086 -156.8447508354516 0 0 0 0 0 -28.4998981798513 0 0 -20.16525633991596 0 -167.1019156539902 0 0 0 -26.80141216004271 0 0 0 0 0 0 0 0 35.72879747751249 0 -16.92056257628541 0 0 0 0 0 0 0 0 0 0 0 0 63.97582309929788 0 0 0 0 0 0 0 0 0 0 0 0 0 0 20.73073028747361, 7.819811175378078 56.12710007912457 109.2263798974882 63.40659100944569 48.2547845066025 157.4298959315715 113.5717350996632 0 45.03776658801158 76.317217517117 157.3712460925001 106.4494826855388 -26.6575351247989 94.70814195974455 17.97945793945483 0 51.48570667935505 55.26304895075748 156.0809363776878 -38.94090396982457 111.9150324399831 41.23411854210256 -163.1208500503712 0 -88.54543104824776 84.33149912147613 -9.290142822628219 -10.123681409223 0 -143.0160376804403 52.7375514681336 0 41.85759588428174 -8.940002333755729 32.47871839438331 32.60875936865419 -110.6706286503702 -107.4152619052086 -23.79104763192187 0 12.12065704204478 154.4203239878674 1.924410077904952 80.6673354894304 76.96220013224266 48.76487515391923 164.8674624073197 0 32.52959586165858 128.1945698906618 -155.3638470192 -233.0063600115789 56.11022308690457 44.69257046309239 -79.13996367295739 0 83.1528038206549 17.21981106162737 83.67660488255763 84.88263042036601 0 -90.08093279754583 -75.03048392381388 0 -48.15903634334195 -175.7686629637845 16.1373025558429 44.82463537028487 -70.2134977495983 28.61673479196669 -147.6375194279521 0 -172.5325331868804 -168.8288112965579 -51.68745955659177 -153.8315176613479 -90.90358547141565 -77.74700527129383 -24.70098164599183 0 61.51539265533964 47.37819376327735 16.6124249818742 -53.08426692584445 83.82677242206961 -264.1777144350036 -358.5689269952907 0 -27.48688262346718 -99.89759776465155 -74.10684642184324 0 0 25.09792001729546 5.134047155262181 0 -3.804928494994662 0.3410276967636037 -74.85048209859146 -111.1441427105474 -110.8801193881136 -115.8524142721254 24.39739162782948 0 14.0255631001782 -17.62451920164249 0 46.88311078880449 -11.81160256581077 39.8886198419362 -110.7225301008946 0 0 -28.42639105541107 32.10578348407036 0 7.324429128842475 82.25246938813922 0 0 0 -129.9981036373976 78.18630816360415 -11.72490809275209 0 -105.4171234818075 0 0 8.984203535149296 125.1971725685488 0 0 35.29054500821682 0 -110.6355562525716 0 -92.41440743531797 26.65443805089513 28.7484968627529 0 0 0 0 0 39.64802225041558 0 0 -14.98098322756608 0 -64.89982216011997 0 0 0 34.52726054669616 0 0 0 0 0 0 0 0 28.76982727695036 0 14.16775045988049 0 0 0 0 0 0 0 0 0 0 0 0 52.07073993196603 0 0 0 0 0 0 0 0 0 0 0 0 0 0 16.2401594819017, 5.978336390917207 56.79420518857262 126.0186498261255 76.88603301047883 63.89440737203267 222.021883192953 152.6485676304939 0 70.65540628511626 65.68474393408681 136.1220046193198 76.78768639543748 -48.86934128089202 76.38008775317066 -71.65993661456483 0 1.877708387481688 -152.868272598073 27.87999640077267 -96.11938108363611 58.95669372459961 -41.63740175537703 -200.973656092231 0 -115.2882128635671 29.48448369179403 -121.9669998370262 -38.09205607528749 0 -134.1401325717296 120.4582204506869 0 37.27266226893559 -0.02618689208311764 124.3142482132212 130.5197280194172 -108.0018973318298 -53.94695225771818 10.23539547169334 0 98.97167086156337 313.4738700596917 11.590652060121 51.50558474876357 73.47675973572322 57.77095731872377 224.5934436774908 0 41.73507427362652 13.74804563446879 -250.7341120135656 -302.3258198449189 50.63492878935435 -6.770844815013895 -262.7227473699508 0 -70.14552024058696 -65.50716141741923 89.02173395395627 -46.69261058180631 0 -313.8942504838995 -403.5344641317704 0 -64.48788099245542 -426.9313782777825 -172.7673962442641 -61.62425328636752 -158.5096401700715 -200.6507958478136 -318.4734643083225 0 -257.5766630287095 -246.3647180881151 -336.7362676517546 -201.6456310749357 -141.430414422535 -284.0778596501297 -96.87576306386943 0 50.5364881623059 -135.9303478425026 -47.47045238236019 -190.3460738625627 19.24954930667712 -235.047081058378 -242.5341814478317 0 6.069451484389347 -142.0350673888193 -168.7418902082363 0 0 30.50632317226236 76.40180605292184 0 -84.81206387658131 170.416205556645 -94.78046509697865 36.16328055603847 -63.40590986523181 172.8721166841883 130.846052635096 0 91.80848305331311 -107.5128222052853 0 167.0120329825732 76.84540911619932 96.5151319988979 273.0172568795799 0 0 26.60260654253408 366.8772519521786 0 101.4606096459133 217.457875202891 0 0 0 89.25602851104594 208.5534872832787 227.4665944037652 0 58.70918010806074 0 0 21.5482519981438 351.2093038713903 0 0 72.71101147937686 0 35.63099332347198 0 -9.257143468902825 58.6272187003222 250.7819587978655 0 0 0 0 0 84.42921332677814 0 0 -24.14658922008635 0 37.92159203951302 0 0 0 87.75514321433931 0 0 0 0 0 0 0 0 -18.56225405321695 0 33.534340982457 0 0 0 0 0 0 0 0 0 0 0 0 10.27425305218525 0 0 0 0 0 0 0 0 0 0 0 0 0 0 5.170097015736994


GFLOW: 0.6479999999999999 0.05014229157571284 0.04915166865733928 0.06581854140063703 0.06459366585614819 2.98890842318033 2.989107618365187 2.961521609983622 2.962245682908475 -0.01106729698504664 -0.01621618325416725 0.007768410095434978 0.005429329778978842
q-corrs 956.6565400751138 3670.733528257621 4632.714153643044 1909.215842704824 886.8367201360429 2016.865876968992 1038.139441861183 0 23.49359427219638 -162.417852507725 -145.9367543706122 -262.2170638649928 -129.9738101390205 -376.5599949774877 -709.7682190518144 0 6.44899801640045 -340.9165290866944 -281.7642964241622 -257.0362612631985 -200.7222846154158 -334.48270809961 -138.4396601425754 0 -94.7376642365397 -129.8278822331908 -146.2203138476414 14.91660844831135 0 -154.7538971055748 -149.3725263706015 0 -38.39893831970454 -100.1351347393949 -115.9344167281304 -144.4240239843502 56.0336973233611 165.3484313791182 30.66426423704752 0 -1.521592247560342 -28.5462605277483 34.49123088559691 -31.1264968012731 -46.00020529242084 -82.78032781070172 -68.95336753102652 0 7.670742484623722 -16.03331872073637 198.4581270144637 257.1347703338166 56.23915303715683 155.6247831182239 25.80891258444124 0 -110.4194682605559 12.21672849566061 19.66385819700331 -64.49696838864882 0 -107.8669199000792 105.9077232174724 0 39.55818467672594 63.86511713428283 106.4380885680793 -72.50655168032492 -5.329846536925643 -4.286910129398109 -220.5728185450622 0 79.10243793374589 99.06903414881195 -155.3915160963219 53.75311838798311 -0.6185029006382843 -60.15241786345193 -91.28087351614343 0 -3.455585178119819 -169.0834504111911 -21.9229677577471 -166.2566188605516 -66.34589957007408 -32.62981693253451 38.90139531300841 0 27.56278976267454 -102.2000404713937 -97.8075287677926 0 0 -39.72107925353789 21.9851670064434 0 -32.98621684129512 105.5094642789859 -157.301371633788 -169.7451762886397 -47.32412431955294 36.33647953051687 -109.2526311600941 0 -22.4000971038526 -16.9792603172471 0 18.09961489831831 29.77569520563621 34.43638590335652 107.8623986201098 0 0 -165.4015658787078 -221.4070464306662 0 69.79484984853364 -197.8005680204952 0 0 0 1.5032688152459 -8.862025104251423 14.39328791381372 0 30.96119452417897 0 0 -60.13376472197373 -37.37858129899539 0 0 -83.17440751879879 0 -55.68257751420927 0 -17.6091317486068 -17.46682490156503 -6.416366101049903 0 0 0 0 0 16.96086444084516 0 0 -9.562405380937282 0 -69.29798503483276 0 0 0 -5.678050856600793 0 0 0 0 0 0 0 0 6.910494500016277 0 -16.44617652533364 0 0 0 0 0 0 0 0 0 0 0 0 22.99204772470075 0 0 0 0 0 0 0 0 0 0 0 0 0 0 9.023093907919122, 616.155426375245 2338.665649037914 2901.242316346882 1162.53992069964 520.9473990356056 1092.817898873019 462.0916669200175 0 -68.62015206060217 -298.5315434293923 -199.0664079529722 -274.372961863649 -131.3647960195667 -320.0675594672343 -624.2139188117314 0 13.13174813746337 -290.5071017832652 -207.9387197170617 -216.0980745131431 -153.0155822620684 -265.7642858586361 -149.9607073062747 0 -88.82596687413151 -121.1447068329949 -153.0337891953611 1.630999859453034 0 -197.9220714555981 -137.3665087319297 0 -65.25132319894027 -142.5840639146232 -176.8117836995842 -187.47590226572 -0.4260270692763939 108.7112255289415 -39.49356983896631 0 -43.22871189196627 -195.1592777680289 -102.7032186250747 -39.31256107710931 -53.49544833473288 -201.75225999409 -127.0606925353452 0 3.792555674019512 -37.90244665353094 69.5521914464822 108.7499886520399 -7.706958922350946 -13.65380205894752 -130.6770779843989 0 -148.1207445234459 -14.37090610156346 -35.31588799310891 -158.5083597699363 0 -151.1273612846633 -38.8087617052786 0 37.07539372993747 -67.05244823999041 44.77481230836771 -55.68051103952142 -14.56380593205469 -69.56898035239348 -223.4892851303884 0 36.73870408870129 31.84858898530548 -182.3925210977046 26.59315565470765 -30.77854468382915 -37.75016020086397 -97.52667850175197 0 -20.78911390347436 -182.348022506365 -14.35139104345652 -156.5111596122726 -55.01851177540563 -14.59092205019197 75.91311185836656 0 16.94485334805025 -96.59095570271603 -90.81242608739129 0 0 -28.12577547643002 -45.01425263970651 0 -24.02469853899736 100.5892306802271 -115.2020703225526 -115.6636020809335 -26.26888285849498 -14.38280130487895 -103.8193914498618 0 -16.61934433653192 -24.65183686546614 0 -46.29695197451626 30.4187374769192 -4.591717811919551 76.87367019714328 0 0 -115.0060117545265 -233.3693158942041 0 13.17443585317753 -180.5925026017321 0 0 0 24.94413151699759 -82.94913485442216 -11.88898727489773 0 14.96284232290091 0 0 -44.2696219738342 -119.2737052358157 0 0 -76.05970746074394 0 -6.440565966562161 0 1.471865576535158 -38.58768629364013 -38.04297958240915 0 0 0 0 0 -15.93178018221337 0 0 12.29576285360729 0 -12.30311785025935 0 0 0 -16.52408708720797 0 0 0 0 0 0 0 0 35.03101488470719 0 -2.816531460379068 0 0 0 0 0 0 0 0 0 0 0 0 30.39303689030193 0 0 0 0 0 0 0 0 0 0 0 0 0 0 8.236899084066316, 154.325481495605 533.9258568199236 561.3727499121221 157.8311149220444 35.05006102243638 -113.1987926814679 -270.1270648058646 0 -160.970003645424 -408.7505881780427 -209.4573664602878 -221.3830002072456 -109.8287752425175 -158.5657229808727 -341.3600151123458 0 22.51550936324789 -100.3768228613062 -3.848898232532605 -71.25155705198675 -3.67548727231889 -0.9638117216316786 -76.50310419579372 0 6.088674071208185 -25.35892717934835 4.829510675731832 36.95110433768647 0 -37.93651214353254 10.06940482514373 0 -58.32997372457368 -57.87607429218984 -101.1352915922377 -99.1397895461304 -33.29860606367662 -1.505907995838623 -17.51255499891971 0 -64.72119172985538 -210.651376201065 -171.9286219997177 3.258683990881806 -18.91724227853704 -206.6518398793404 -104.193838646479 0 14.98740069934755 -13.92161076996904 -53.23937270573215 -91.63802239917905 -50.88865174015525 -160.9242942669045 -243.450108515846 0 -119.0181100041441 13.72584816892453 -76.58812081134873 -179.9464372617666 0 -89.83588965971364 -153.1157057706435 0 16.58309407495986 -191.7295665096543 35.30222623174051 -20.94111631425656 21.28765556182912 -115.1361015442603 -109.2110074280434 0 -12.87935530859416 -31.38138937106464 -130.9149684660881 47.15757567574688 -40.22183103879703 140.0910626427415 -42.95979996561564 0 -33.83646160325355 -84.29710500203248 -7.782095151214602 -39.88194597650551 -25.37218327927899 26.21381062260725 249.7489873913366 0 86.24316891361818 -8.85394927729574 55.18500333399111 0 0 14.45301134567259 -28.52605852079898 0 -2.080742533998747 186.786021930328 0.8224349348571636 66.61288294550542 11.81042337845384 81.22149346467467 -58.7924432175293 0 22.69260040364669 12.5471406454343 0 -92.29733467993891 60.96261117856221 -10.52435644575224 189.1176075897688 0 0 -24.2021846061575 -114.4685606683066 0 -3.281372371673555 -113.8497940329783 0 0 0 127.3935555777474 -149.4105085740769 18.69763498478966 0 57.33189929383866 0 0 -15.16025142804312 -168.1927695890537 0 0 -53.44254544529538 0 113.537271335439 0 55.84529102957796 -60.6361640258956 -25.17406274684379 0 0 0 0 0 -52.37510383579973 0 0 50.15415166843978 0 105.3246500681446 0 0 0 -19.76119961557243 0 0 0 0 0 0 0 0 76.25150496390737 0 22.66863476318079 0 0 0 0 0 0 0 0 0 0 0 0 36.59909334526009 0 0 0 0 0 0 0 0 0 0 0 0 0 0 5.409702025954497, -5.295088303475509 -87.18322047715796 -238.1063478148419 -180.8894611053797 -124.5760385559802 -493.3019029132716 -478.8740677274593 0 -170.0723831866625 -377.7902969332557 -173.8500181550826 -148.1071608966342 -69.22781177275773 -39.25777126059739 -79.1661375389295 0 17.17050371442671 86.96475586917967 143.9227775746187 82.54158822169528 119.4752453195687 252.8696020276917 81.89976444172407 0 141.520548198291 109.7358733249158 247.7137325375909 91.37149259360039 0 299.3434984967745 184.530284296067 0 20.0080876705854 170.3191559637035 161.6752506764299 137.7162433303442 27.54823311651555 -94.54894125683093 136.0633089948361 0 -19.80284329669231 120.3410321781383 18.08973003111397 92.34354312006452 50.61173895850609 55.98339842706348 66.41109991251258 0 47.95393462829617 79.88387459226512 51.04854040004091 -95.55130428297369 11.16849544278473 -13.10815305390232 -31.10054341454678 0 29.89593106110241 163.8463993446095 -4.195219425377285 49.47258381303897 0 100.7957059378838 -42.21867154058504 0 -6.782990904817377 -99.76682393827603 209.631915828563 16.89014616737031 143.7825139580646 24.38954967637946 110.6037261460849 0 -16.05234336281256 -23.5451160318444 27.35627343219703 75.76125556877996 -12.43505011720111 432.6885603922705 42.59311445612379 0 -19.4498505372177 112.8527588096234 -1.164143847823194 132.4438019214447 16.67817522739584 -5.491065618789318 341.8183975429748 0 205.9843428868578 60.11489849517022 219.0153491345687 0 0 47.04232714904523 105.9554731308107 0 15.82011021162077 285.3473898524712 92.28549980678613 201.8538385626108 3.000674127156049 238.2594735411512 0.09428020307539953 0 53.14061590038311 70.83903792539186 0 -46.31952294634964 80.99610904228885 44.27712994939594 303.1079433893528 0 0 31.55801868302049 68.5740426842523 0 52.1770362171244 -22.47759636658938 0 0 0 154.3545965727455 -108.141615168234 55.7243682239574 0 89.25821807301989 0 0 9.445055889667811 -93.85422666279203 0 0 -18.69606556781216 0 120.0367851789833 0 59.24677377745373 -50.42196852574449 -4.136985775802458 0 0 0 0 0 -51.23506233972694 0 0 43.23640558339546 0 97.02401258768003 0 0 0 -18.05103823907243 0 0 0 0 0 0 0 0 57.97894836764368 0 17.33033722242691 0 0 0 0 0 0 0 0 0 0 0 0 23.61939730830334 0 0 0 0 0 0 0 0 0 0 0 0 0 0 2.608831338936947, -20.48532876075527 -136.4387381413859 -284.8912987854001 -190.2410501761988 -127.43195390292 -484.2673380289556 -451.6796387845137 0 -167.0047212826999 -352.6254144466341 -179.5529017816151 -151.9935760971323 -57.59627721138146 -64.91003935422478 -105.6029019940978 0 5.69011959020558 40.66106830257139 85.29340544656345 63.58084516025443 82.34329993931654 172.4183440691212 75.92642244011657 0 106.9312225487815 96.14344005212531 159.2551126015977 24.72330036849647 0 237.9732300155043 99.46714848020321 0 49.0768896579013 169.6225035834474 185.0677345217627 135.3535977854708 20.45702612084962 -164.1318098144896 77.12448776334791 0 -39.17694573732642 159.7190609173427 82.56458867503176 112.4340073829848 43.30838544335568 135.8290292777723 82.83946003368287 0 60.22682149173009 84.01974527631691 93.83346709387756 -105.3470826469003 19.98741656703444 32.82320842803587 73.64483173764788 0 101.1619443985585 217.2081699170266 39.84042119295808 177.0623327412312 0 129.0065887032043 -54.0959043858964 0 -16.51447773683581 -60.48627706100535 257.8169424798342 37.06196536682385 186.962415041641 106.5899857597057 185.3920830764866 0 -68.09102845894992 -90.86545481978786 51.63705670419654 -54.23536514861117 -39.85903704238387 468.1409931352054 11.30199858533196 0 -2.566842503731458 169.9346467245393 8.533471491681816 152.2752761090786 38.91651362267628 -159.9842444894216 40.53329542873765 0 176.2607586805608 -71.66229824820391 147.244542597862 0 0 15.36839705811195 75.06949355067314 0 24.15271313462532 175.3829100520775 36.12224567577643 66.89246860226675 -69.96847849398637 53.47525642837961 -21.56419154781463 0 -2.109208766078691 66.61811518260011 0 -48.14863345744435 23.90380118744756 26.69470711327372 74.05817003557357 0 0 3.650416103036918 -12.84767829829503 0 19.57905488908676 -8.23066888011088 0 0 0 -24.28980621141066 -88.67127086474162 -49.36805469190182 0 -23.59863354426008 0 0 12.41047548937348 -89.96540750078091 0 0 -0.6815613878445284 0 -44.9734314554653 0 -29.54265091793397 -36.80518954741522 -92.47956687075612 0 0 0 0 0 -46.47184170250905 0 0 5.788177848593888 0 -47.90329876688996 0 0 0 -33.01898666038667 0 0 0 0 0 0 0 0 28.10733250263774 0 -9.944069724951301 0 0 0 0 0 0 0 0 0 0 0 0 28.40971323167361 0 0 0 0 0 0 0 0 0 0 0 0 0 0 8.102406525237503, -7.159064940370996 -50.63154406908856 -113.491917990621 -80.74881532632062 -53.85783708249784 -219.1406462877314 -216.8128305918168 0 -87.16055891140749 -184.2932885021382 -60.32625174844939 -66.5741436215601 -45.62739028195421 -35.89532154679179 -109.2345298659648 0 23.29720212114596 3.858079912302152 65.39532001706054 -12.19170131445762 51.35850810169721 42.00077463269583 -55.25394177242696 0 -10.68551364319164 48.3341349158228 5.004853994325284 -28.22965781049059 0 -36.71131397566322 -4.032551365424538 0 26.92691651520063 28.53206434310722 22.75688921217402 5.626722617940416 -55.34144182060604 -150.7518664934273 -50.45720316920517 0 -61.9020344057286 -6.213922410099102 -8.719232911459219 71.06487518880131 23.12265151799965 23.22407331823882 24.8288844582406 0 36.03433374703064 60.15897068844613 -46.85404532900243 -181.1161481322285 -12.8804034630579 -52.27775065509068 -20.85901559560546 0 77.89507885043886 111.0894893840824 27.87456527851604 105.5400525563362 0 9.044474408748783 -122.1952805493263 0 -24.67042248276411 -129.3969960460751 98.35860484093308 47.74553195645579 76.25462986734331 53.51179149505808 61.24904180154736 0 -129.8243715419957 -163.8810789688883 -17.38085059098267 -176.7193673104242 -79.20628310224923 207.009212743787 -48.66929852452365 0 14.38765532954865 90.91331304651445 17.92020917640068 49.10512270509652 44.30333028677487 -263.4278686781565 -301.2205467353771 0 41.68453191815604 -181.3784514855903 -15.44322528363341 0 0 -16.39351013831138 -33.91077156575716 0 21.13966105098676 0.2981405393174583 -68.88483742288186 -131.7305905061807 -120.5990288751084 -193.4374927679441 -58.21114122283867 0 -52.83087111380669 24.37155139022508 0 -57.029568320485 -34.30792767899791 -15.00064853120929 -175.0310622478085 0 0 -56.98930274616281 -158.5456610950965 0 -34.77790893854734 -30.14456337738943 0 0 0 -170.8659254883696 -64.05036511159966 -122.9288624307963 0 -123.4926317876982 0 0 -1.7040323969578 -81.75599343821193 0 0 0.2299333949401614 0 -156.2625038274892 0 -95.05615776383718 -18.88307775970082 -122.236311498269 0 0 0 0 0 -23.44407678709726 0 0 -17.15097868551431 0 -124.3223010067851 0 0 0 -24.42018874921037 0 0 0 0 0 0 0 0 17.84448629435349 0 -15.32627237890519 0 0 0 0 0 0 0 0 0 0 0 0 39.20951954190663 0 0 0 0 0 0 0 0 0 0 0 0 0 0 13.09476028317356, 5.641538500230098 35.804094909162 65.90517573598891 36.43016908774969 28.5439591139361 91.38496870960591 61.10213224899847 0 26.93487710323858 39.40070519008447 100.8743099286853 67.5584565778326 -21.53825922502394 66.21523904311117 14.61684436113899 0 33.82662516387738 35.10170836647026 113.6403823366129 -18.06011163561999 81.09304239132007 50.9807762160978 -108.3441101963489 0 -46.85368421023665 62.04816368352359 11.71481443907015 -6.127310463861164 0 -82.44595981908596 51.15849992984703 0 26.38690935604155 11.18552003806394 23.35002962035787 35.51547299178293 -74.89735262651875 -89.73670336764174 -13.63052995880906 0 -3.940797483278534 81.16493540455679 -9.011254338781793 57.44245769565324 54.26687671281052 27.80510812317478 102.1680871527066 0 24.05877471709229 82.40590854161667 -138.8708033080879 -200.5677982499715 18.97097595854742 -12.56787836876713 -68.12080068482723 0 51.66046119998555 26.34832611108519 51.16819521811288 59.9318716554541 0 -74.42305243728013 -93.82485539047919 0 -38.05359554075072 -170.6502751701658 -10.12062123577279 37.44603883372555 -43.19531790216946 3.548477130999842 -88.91630930525916 0 -136.4803630495106 -144.2796097963798 -51.7349546731175 -136.0187539024466 -74.39329836507312 -34.0012832120659 -29.54606089565728 0 36.61914695273602 19.58143454444618 11.46669326551198 -34.48171011029077 50.63503193503013 -215.825424360732 -286.571592041674 0 -15.21210890056663 -91.08305815085161 -75.57675284793605 0 0 11.56616144847487 8.879107518169477 0 -7.800444021404057 1.490911045462596 -73.67085550519027 -102.4677252281823 -90.84964615262182 -95.23372090845312 21.29281477457595 0 6.747870273756721 -21.72545104003247 0 45.35815406253994 -8.815346355130121 30.52119893140097 -70.62220417619059 0 0 -39.01104586037687 6.834650600847993 0 7.327568405688631 63.84764894394031 0 0 0 -87.8264997225666 69.62568047135041 -6.863706828200641 0 -66.16713564534689 0 0 1.268815886711397 88.11849096094502 0 0 26.99704476728695 0 -77.80037497098694 0 -60.61063357210119 23.04515503386213 17.36343695237876 0 0 0 0 0 28.04301453104715 0 0 -10.81739595832572 0 -48.93781627238019 0 0 0 20.58668923643379 0 0 0 0 0 0 0 0 17.9602405893562 0 6.653163183014458 0 0 0 0 0 0 0 0 0 0 0 0 34.00994380525179 0 0 0 0 0 0 0 0 0 0 0 0 0 0 10.73557975366965, 5.756401490060796 44.35595033393355 93.24024011000782 56.53368948329361 45.12954930609135 159.4248363079624 114.3283938961541 0 52.74272905848424 55.78016057196337 97.94589792414234 60.1975272315406 -30.9788114270485 60.97241698913204 -30.15843707713015 0 2.786248304560777 -93.45097114182227 34.50301516768576 -57.73642445298514 50.72174565541953 -3.705342778662221 -142.1796266760126 0 -71.1376239058788 26.1177402302923 -63.45170352089281 -20.82398274937835 0 -90.13261645387897 98.46801209869696 0 20.64710859517812 0.8038611464251026 70.05431062975508 88.5074374000359 -85.4980932866779 -49.19050759762295 -4.384462577824081 0 59.24562379294506 171.7932034089798 -18.80812443282422 26.49824889028504 49.30033806578653 13.60793176144471 144.3031320903549 0 22.52985671153025 -5.609991175891608 -248.93134643683 -258.7453199917037 20.95305172707267 -50.97972624849712 -229.4905542960792 0 -63.30554377928658 -66.04582434229278 54.14336385232491 -51.12909384287998 0 -254.9764585231826 -324.7857586846911 0 -50.44885729984757 -342.4305682849422 -154.9087959599781 -51.30162706842653 -135.3982026144616 -174.5540576708968 -228.2698180420329 0 -194.8254101504589 -189.3349947237488 -267.2256150660497 -154.8304132206025 -105.3464765834487 -215.2616137908644 -76.49800324750518 0 34.34062930983107 -112.8041015510531 -40.14569029467341 -136.8830067690585 1.243480332435184 -180.8540565585798 -189.6623614073141 0 2.870836894056616 -107.8353308376086 -131.2082316246424 0 0 16.0299578856856 62.73128060780775 0 -62.91184268929199 116.7770320415783 -76.56193506784729 20.80140200088759 -51.1039139747282 120.3096981525943 105.0445162391098 0 68.09730394985836 -75.23757197798341 0 136.0595308853345 53.83407111930029 75.3269320254292 211.2231259449387 0 0 11.64267904011107 269.6634181245076 0 79.95439555910743 168.5170046527385 0 0 0 80.70600750951779 172.6028421878048 173.3235011742084 0 62.3556526663477 0 0 14.01752194700856 264.5500326906086 0 0 56.1028531072007 0 46.29162222471108 0 8.869584667259808 50.03399277660483 191.1748122203967 0 0 0 0 0 65.10773557129077 0 0 -9.977687548715952 0 45.21753464185487 0 0 0 63.47669617763884 0 0 0 0 0 0 0 0 -7.747312599920544 0 24.26357178350605 0 0 0 0 0 0 0 0 0 0 0 0 5.50053249988699 0 0 0 0 0 0 0 0 0 0 0 0 0 0 2.529159161816806


GFLOW: 0.72 0.04225276308604101 0.04138506488370959 0.05430727818782337 0.05324814004535405 2.990945974380621 2.991118432843736 2.968082451440059 2.968713542188613 -0.01072788985848129 -0.01502230452105811 0.00544107882574808 0.003181132286452333
q-corrs 663.2074718194874 2655.179737023972 3504.584391217362 1517.159885178628 743.2211377140852 1816.945283119469 1044.109827824671 0 101.6612113083306 34.32579244328207 -24.76817932803129 -139.8309582073909 -83.35232334739905 -264.5304439097954 -519.2065458576169 0 1.152354327537787 -282.1790034701652 -239.2652836431579 -211.9399301723373 -170.9049526481238 -295.0408776651328 -119.7703593594224 0 -94.80546854297438 -121.6426602275753 -161.7345542911606 0.6069974509534806 0 -163.8419966431692 -131.3490567081006 0 -39.10279229130189 -111.7861642062119 -110.6761367563777 -136.1825270786604 29.64613935752418 141.6374104978003 -3.745057687805623 0 5.393554080771043 -43.65106715529667 -4.096769550960289 -42.95169088890854 -43.65780999751892 -98.79212198391258 -72.89893621898965 0 0.06137767860785681 -41.79495044246687 145.8438242881809 205.3445084627643 32.16534410091147 96.61280722496548 -2.632453410718771 0 -112.5379189514255 -11.33317940480458 5.277215583830191 -80.02883853599531 0 -97.43520567085949 34.92013628678742 0 35.23945554548206 40.25585344807465 57.51360031663279 -72.88490709445172 -4.021056744669281 -32.26194248303 -162.5082673599446 0 61.08026081916746 69.32559198266105 -148.2809754372609 29.613046773499 -7.217761894558059 -54.18334282307897 -83.58048082439683 0 -10.41395804368095 -140.7183915586103 -25.83577652128908 -121.1501010908628 -63.43300583322501 -11.56519222359392 35.62522265745356 0 20.04623386134164 -108.5249125978293 -60.78256502194875 0 0 -39.70483098871325 -1.546209479828299 0 -23.19421227759504 74.08638535335433 -110.0751337794242 -108.2687233668914 -31.6497700968979 19.14972923940483 -91.3111897997438 0 -29.57293426724722 -2.144479795913622 0 -5.513186895747401 20.61432698795953 13.01136609407258 84.90650939584292 0 0 -116.8443101653673 -164.9632234183291 0 47.09807030108406 -156.1367860838666 0 0 0 9.737848377209414 -28.26035428779524 12.8555700346661 0 29.76920555033711 0 0 -43.19581809637396 -43.38710410826594 0 0 -63.30013153298067 0 -26.22367003858303 0 -5.583171928666395 -18.74346310695332 -2.069992011128067 0 0 0 0 0 6.9070459734151 0 0 -2.767633396162478 0 -35.67813993439175 0 0 0 -4.310255550585149 0 0 0 0 0 0 0 0 8.431591037989394 0 -9.249006219851454 0 0 0 0 0 0 0 0 0 0 0 0 15.88000788332664 0 0 0 0 0 0 0 0 0 0 0 0 0 0 5.816681481112393, 445.5783809297553 1768.190032119076 2302.772615501654 976.2581913079659 466.9050238460048 1085.121718591127 562.9439011380896 0 10.22580214931476 -113.9093242853413 -92.88062592279915 -170.2146692017922 -90.32149795918936 -236.4627868910264 -473.5591162967 0 4.019286308946953 -250.0786177702447 -186.527802766165 -182.0844463911409 -133.3494455614827 -237.6692906609775 -125.6765120981539 0 -85.86786119102301 -108.9836789418299 -155.5089752473374 -6.645631018060911 0 -182.1082966702589 -115.5255065386201 0 -52.96678743816995 -131.907022804002 -143.5557499117567 -156.7867888775434 -8.900688193634224 98.39291900409806 -48.68070746816359 0 -22.43294995209684 -148.3818761528869 -90.79013344663811 -45.93270342872083 -47.44744626928487 -174.9501755279776 -108.9724764208758 0 -1.790378021620789 -56.54406658731658 52.74755698733595 98.85286596328373 -9.02360293698527 -17.20793278515285 -108.3774450523131 0 -135.1827864663588 -27.36957575255725 -29.86751474980007 -139.4087652127056 0 -122.1577810093136 -59.55276315976135 0 30.94300968676995 -50.59026875936133 15.7247324417507 -60.77360568741703 -10.71752601514824 -76.83229406652195 -162.8065651299156 0 31.5899033102743 25.87904900301993 -159.8508749216013 16.054169242268 -26.53131294347934 -38.42919752627553 -84.92760810325781 0 -19.75101742940077 -145.145814101198 -21.07994816177126 -112.5070829358965 -55.37956713079704 0.8887184881924579 64.66897794789111 0 14.2124146368207 -99.35526782049915 -50.73134328281203 0 0 -30.23733038039556 -43.95024726628716 0 -16.52182418115655 75.97001217062413 -80.65223828753471 -69.62256406812428 -16.73507189424709 -9.532437976473005 -87.29625283760524 0 -24.37731598769513 -5.867112067427918 0 -47.55815149069453 23.70861984898515 -11.33526236719677 71.88101564710541 0 0 -83.09644374339558 -170.0839566215222 0 11.30832248542279 -144.9472280932434 0 0 0 29.96185209083824 -77.39270633102575 -2.355413012384531 0 20.95444138116372 0 0 -32.52452005571523 -96.39410150307839 0 0 -58.90186939923042 0 8.83498289670068 0 7.687987846570479 -33.14711631017846 -22.19980161802157 0 0 0 0 0 -14.78380247938314 0 0 12.6171379200998 0 2.581369006264865 0 0 0 -11.40784764736227 0 0 0 0 0 0 0 0 28.46393797996813 0 -0.1508828349627169 0 0 0 0 0 0 0 0 0 0 0 0 21.98127791399322 0 0 0 0 0 0 0 0 0 0 0 0 0 0 5.655125046655135, 127.2951892760837 470.5740748518978 546.1946931986374 187.690811634906 66.70764678431433 37.71476211207654 -112.466460032135 0 -102.6571111012405 -279.4692389468193 -153.3823841574373 -167.9466133916461 -82.183755041048 -136.6949960820377 -285.8832325454117 0 9.333398605048011 -111.6102802796231 -35.25009573271799 -70.92661449342867 -20.12533973575534 -32.47508527753033 -65.79936585680932 0 -8.79696023316165 -27.65497356174359 -18.78520663901053 21.81544360391338 0 -46.75642687692616 -1.784963540806928 0 -40.66666134959409 -53.88204891871086 -75.72963099913045 -80.18538071830285 -27.58130888524436 12.68127449693526 -23.79788992593761 0 -40.03378774189216 -146.5130607307873 -128.2150607509226 -7.387307881714207 -19.34087915509727 -166.2422286152892 -87.47356155554962 0 9.778830624343266 -29.95386140260891 -26.78341715595599 -47.1018327294013 -38.28875839465435 -117.2002982010095 -173.8178995964582 0 -103.5904161093923 7.436775427940333 -55.26094729150643 -136.848713806699 0 -67.36924247886266 -124.4799907250674 0 14.50815696286616 -130.1983475089857 25.06578875085524 -27.81293370840215 21.24335406141988 -94.06844007847698 -73.350045729352 0 -3.891595761276131 -16.49913868547199 -100.9758515837786 38.70146804488314 -29.39108878794521 101.3937686680126 -36.75121388219073 0 -24.96644081356931 -58.47782799605407 -11.96145842128088 -22.73833941769627 -27.50775947925314 24.47287150837722 189.0466991317784 0 65.43831456227306 -20.17035697148695 63.71839661787949 0 0 5.417516677327068 -24.64072819488054 0 3.276216629740199 143.3664566709025 2.647151013998025 58.81830153488712 8.444343449575165 64.14959198830097 -53.54329801407565 0 7.067881392769998 24.79343843973987 0 -74.0879950801652 48.5646796152791 -10.40036079755631 160.838256907136 0 0 -21.78518856216614 -82.97266993369595 0 3.842149952356571 -96.68873199889481 0 0 0 106.715322585973 -117.726156993397 21.93873864249699 0 53.33896829253774 0 0 -12.45965531262074 -125.3128524390361 0 0 -42.96722639645563 0 93.07149087087438 0 45.81519438672932 -47.12364082241498 -12.05326179392476 0 0 0 0 0 -38.53177215127145 0 0 39.18431100477791 0 82.18574492982879 0 0 0 -13.45937376180692 0 0 0 0 0 0 0 0 58.11930449141188 0 16.87421962195068 0 0 0 0 0 0 0 0 0 0 0 0 28.08272448132078 0 0 0 0 0 0 0 0 0 0 0 0 0 0 4.403636348464906, -0.9917636885093231 -52.31639140030649 -159.6777779214054 -126.6188836557316 -91.65375233380787 -366.0497951319439 -356.8869441414888 0 -131.6897591697023 -295.1010467119564 -150.7717121280492 -127.6086412623467 -53.94171198839615 -48.10629959148045 -86.70226756317311 0 7.44064577464411 37.81053921222021 85.53338495205108 52.18083360651102 75.99650200110662 166.3584295863893 54.92732969800538 0 96.32769819242719 77.9312985767575 176.0095077549162 64.4727560555387 0 209.5363226114172 126.5525528523794 0 16.30243652154807 121.0214907296425 115.5310960036375 91.86105202339174 23.34987394108704 -61.62194933623524 96.1318275408718 0 -17.64021693781753 83.82089736183286 6.657513016616178 68.95133856746003 33.46074292558939 30.471508860001 30.24821503315269 0 38.00673041843939 51.57175949368612 60.34607848550664 -62.67130410890847 -2.313094515319914 -27.22754928644283 -14.90140326296449 0 15.91857289169572 130.165268887528 -8.671927149546391 38.9907787747151 0 80.08378737986783 -36.25043916557193 0 -2.995731943720795 -60.66888728487793 158.7286694179029 13.87655134424263 114.1968265406902 15.2243398816755 98.96322442673987 0 -11.26451974528534 -16.63664494293961 31.12528110725129 59.74768232383254 -4.277562259907619 329.4245808004808 35.05533347345231 0 -14.01046384577858 102.8515299149589 0.9577816500295278 110.4376505255098 12.46027250184149 -7.413748533056689 249.3916735781345 0 151.9639547574369 50.74206548960486 189.0166348343518 0 0 35.56745287129135 78.93632671538916 0 21.81044241677649 213.5835340148917 66.17852659350119 147.6955203430621 -1.596199311784313 173.3422727640221 -9.334624972953389 0 33.11339734333018 69.25068635988245 0 -35.82401944432073 63.15594126985325 31.91183811766288 241.3852140407465 0 0 10.02034100507019 38.55670735311725 0 42.97177330964474 -31.01359230330704 0 0 0 126.7134503597744 -81.98760801689122 47.6890942833496 0 76.42357055117591 0 0 2.515631786724715 -73.28884113277788 0 0 -18.67369392271868 0 98.74014564602039 0 49.24145201519775 -37.85051100617488 3.652096967986736 0 0 0 0 0 -36.17009649761989 0 0 35.12138289985716 0 79.16577698059461 0 0 0 -11.45172297955301 0 0 0 0 0 0 0 0 47.50287691583472 0 14.39957181684938 0 0 0 0 0 0 0 0 0 0 0 0 20.59940519939121 0 0 0 0 0 0 0 0 0 0 0 0 0 0 2.788369486048605, -17.75339090118803 -114.0635638211816 -231.7154070159276 -151.4950597915994 -102.6585996610768 -381.8789697660477 -350.5937997490456 0 -127.852145270299 -271.9534674954254 -146.6529104575656 -120.9138438805161 -43.53587333378916 -50.96609035560304 -79.76960391714462 0 1.858655256077265 24.82729154479039 62.91474341011953 51.91080139171995 60.73745952956667 131.4039289138522 58.15627915792176 0 81.09172630155928 76.1033634537891 133.8427672655156 22.68746869084344 0 183.1352124306611 76.42961122081357 0 37.09475333928913 132.0854636649511 135.8625937080334 98.84375365635711 22.78295597145037 -117.4628438550915 64.16503588085149 0 -34.93916128004039 110.1092778850851 55.58184836239386 89.54895778131738 32.15361207438966 97.33544519014634 44.79516485414656 0 47.67752683330358 63.4676174358576 84.70486421970458 -82.50447585684911 -1.488733853193757 -4.899679295038283 63.42532799202555 0 75.91623051110039 175.011759085586 18.41724731099713 133.6648815504313 0 106.3728213640684 -38.78271560919634 0 -12.74485744358868 -44.68181113392171 183.3216986714821 38.69619232229799 144.9696391880013 75.90085988051999 160.6452987662191 0 -51.23289816819902 -70.21759972716282 50.64204487023778 -39.74229373866886 -21.14054301119074 363.9619169477205 17.62952345646015 0 -6.049513308704986 142.8563939636238 12.48911084706149 128.0531827760122 31.67736535277393 -124.5208365832841 28.34715447133086 0 132.0393063869152 -36.19152939644624 124.6512801925655 0 0 15.83095012608685 63.42261299726125 0 25.38832003843313 134.1726337656642 19.96918210774759 37.55401564972703 -57.33755327497067 34.52850725674924 -22.19783507881082 0 -3.054621940621114 57.21126288409329 0 -32.48131568288095 21.63288006513637 21.15582823253477 69.12449215174463 0 0 -17.61061519115328 -34.79416129987314 0 15.78102937739818 -19.90225209389761 0 0 0 -4.977430584268546 -63.99952012280064 -31.62300090906772 0 -9.340437151706444 0 0 1.940872531137463 -74.95842748779566 0 0 -6.197160345232883 0 -23.86576141614334 0 -15.62162435795448 -27.14821306186927 -63.56836460147839 0 0 0 0 0 -32.95739256986531 0 0 5.221895197873927 0 -28.04615393132572 0 0 0 -23.15018222507405 0 0 0 0 0 0 0 0 19.95536957931383 0 -5.999061249488771 0 0 0 0 0 0 0 0 0 0 0 0 19.17063928756973 0 0 0 0 0 0 0 0 0 0 0 0 0 0 5.359567112875675, -7.341746549076042 -48.80056774253892 -103.3432574754449 -70.43222957947015 -47.3285713672733 -184.138511039007 -177.300571749852 0 -67.74863934941121 -146.4927256620136 -55.42050798661332 -55.22121048785818 -34.44595960125413 -24.89248561615982 -73.96024332015536 0 13.86502023110988 1.24857652389009 51.05845464506709 1.940178108613338 40.33375998765284 46.21690950746153 -30.2945818078048 0 3.48186210457186 41.40833564766406 24.68001333304883 -17.34072701199496 0 -3.609445875035675 6.471566868419025 0 20.7798827552898 37.38866434983792 25.37384816975202 15.54284202964549 -31.72095722982778 -116.2456660701726 -26.48486746017681 0 -51.38405598477134 -7.590252353771472 -6.118449048372101 58.70011618286352 18.74252704468719 21.69870934911229 9.692225578623081 0 30.02474157916051 44.60425410146702 -30.64887326582203 -145.2141953829157 -24.50079541951158 -64.82321067995099 -5.586775646902808 0 58.6528465600477 101.633808946528 11.04939166858424 82.49201991139162 0 15.66566780283109 -96.54550115187743 0 -20.682101870856 -114.6020200113471 60.72597231301198 46.52186384395928 66.61423270346354 37.30170223491903 68.14189723660813 0 -97.92756442966302 -130.3916290452287 -10.36633675814965 -140.7389459362553 -55.79010938584068 178.5167206499421 -33.14689768186125 0 1.94666643900463 69.55995425932592 18.14387328897386 48.46316086549506 32.2552868343477 -205.9420336889492 -228.3136867178514 0 36.66088952389546 -129.8458073452327 -15.56728175137171 0 0 -10.61176001574922 -14.86139521438607 0 16.47774566251432 7.795821582505143 -60.98048927444542 -113.7461007095324 -96.25468795510341 -149.0939690549483 -44.75058231891729 0 -39.46043893840709 14.99012572312425 0 -35.76874825429751 -21.44701129320783 -8.396984841059901 -118.1495282126223 0 0 -60.5828791623631 -142.3530484802476 0 -26.27294063814096 -28.55629680781473 0 0 0 -115.9652285444443 -42.89195948694032 -89.7272562962772 0 -86.57872144972305 0 0 -7.568982857059146 -70.58051746304199 0 0 -2.862261457021148 0 -111.4097311612664 0 -65.61638614275408 -13.450832158121 -93.47338915623348 0 0 0 0 0 -18.4869744035789 0 0 -14.285712156765 0 -92.46366832214161 0 0 0 -20.6070352043565 0 0 0 0 0 0 0 0 7.055096198182318 0 -13.27265111786005 0 0 0 0 0 0 0 0 0 0 0 0 23.37937829686572 0 0 0 0 0 0 0 0 0 0 0 0 0 0 8.18535054381911, 3.645451383818624 21.22040938122122 37.20094335697785 19.48482496663915 15.77605812276416 49.94964938300923 30.3768470798493 0 15.9555525040441 19.07013519399607 63.93919528479005 43.14661151072039 -16.32015954498229 47.38268857544867 14.06282706253265 0 21.87356601399444 23.70336533760995 83.50412296452922 -5.565982094273668 60.32415281217136 51.45230381903973 -71.08834879415612 0 -22.8519807696129 46.90501177625158 22.43357417445878 -2.535307060451338 0 -42.19546825654336 47.83036204914074 0 17.18069714525915 19.64636292802221 19.04814683325213 34.34735601347344 -51.40619143602918 -73.97352556745149 -6.876908002980116 0 -9.450993064784591 42.10352667685687 -14.9514952892441 42.26329530545753 39.19903228780694 15.58011555524085 64.38822384983079 0 18.10213206619561 52.52255006389565 -121.6060573500396 -170.5922503321741 -1.950646702027194 -42.54403954224492 -59.66747901240494 0 31.28848734808294 28.01159862608769 28.57851314858844 39.88315163133925 0 -63.95006274885677 -98.80490278628172 0 -30.59304954398963 -158.6917317851833 -27.14762491065056 30.242098135855 -28.3088060427181 -11.76303977110751 -52.20382540145646 0 -108.2370717516061 -122.7951078447522 -53.23565821514897 -120.449778750507 -59.09898540551465 -8.7510356601911 -30.54746948069139 0 19.15067097792826 5.690706167307503 8.458409925004112 -21.02805546991156 30.57487549232255 -175.0522886467349 -227.8606394781721 0 -6.385640355597555 -79.69983738072483 -67.39388239275256 0 0 3.587870731736267 11.90898303924207 0 -7.262895679641321 4.239917941554928 -66.83317837501306 -90.28524272558613 -74.51910951657894 -77.01097972248805 15.98099029747742 0 2.375571050103215 -18.84360124176324 0 40.45503455286048 -5.357034694164138 24.21561062316654 -42.59019780762128 0 0 -43.23371280139057 -10.50996520899398 0 6.99840755891492 46.79075626421672 0 0 0 -56.98057355090504 59.19341539926646 -3.093652437696548 0 -41.35837165057859 0 0 -3.606339761694715 60.17029696173206 0 0 19.66737642748035 0 -52.60671413718763 0 -39.14935897305035 19.29694882617962 11.20713586413968 0 0 0 0 0 20.1479238112541 0 0 -7.694080460765298 0 -35.00577574766795 0 0 0 12.52966810847559 0 0 0 0 0 0 0 0 10.67587837627256 0 2.867544516544296 0 0 0 0 0 0 0 0 0 0 0 0 21.63303227005604 0 0 0 0 0 0 0 0 0 0 0 0 0 0 6.93976909105031, 5.021417644016168 34.32498417276506 69.25402737131745 41.6451156044853 32.19012711258487 115.1005603260483 85.17477463278867 0 39.78480282044146 46.39736089900295 71.49628983051397 47.30788880974068 -19.33454889406608 49.85617691731368 -5.009766729111973 0 3.197297142860526 -53.59499746996596 36.75778941084648 -32.07100667939115 43.8378192849531 16.68515295244681 -98.52460496326711 0 -42.81310397233366 24.30563379796305 -26.74300087912608 -9.715324069772795 0 -57.37942240150643 81.06782051122423 0 11.54678431728847 2.34645354679232 39.42208155042815 62.47188342212441 -67.84196185667983 -45.15678050995702 -12.99656489383784 0 34.44497557667785 86.7962186935589 -32.69887016157109 11.26055946824435 32.81584201666512 -11.38553202921515 92.03517237015375 0 11.13376649248447 -18.56619452303208 -233.9058175818137 -220.6539701116271 2.883589731390334 -73.54705654132201 -201.0856971121807 0 -58.42221788807258 -61.79992213394483 30.07521509291112 -53.71656213421151 0 -209.5516121078114 -264.5875291528267 0 -40.35835975214665 -281.518492583658 -140.513746330807 -42.39365301648715 -113.3423999831547 -151.5494169383845 -166.4938742398769 0 -148.3505468429935 -147.887195519216 -216.2485083440869 -124.025706002506 -78.68513896091824 -161.8816231820366 -62.85496525669335 0 21.10936775854496 -92.74339456509709 -32.5667463209734 -99.37028579617075 -7.643840831123055 -139.0723010059165 -147.2700154673118 0 2.467429301337482 -82.8316703237048 -100.8235061349013 0 0 7.006670015144479 52.97230072908405 0 -46.09913943769189 83.32802107838384 -61.60658363322396 11.87962666641295 -40.96907722480468 86.96144998008768 83.42442092330387 0 51.15008850607577 -51.4171052489259 0 110.9127818644587 39.55707688396812 59.81888471123398 166.4261946825328 0 0 1.447323953303812 198.7340422912281 0 63.68642868437233 130.5421771856999 0 0 0 72.60395736851996 142.2379433270056 133.9109420066366 0 59.15521481761642 0 0 8.220008811338882 199.8532661329408 0 0 43.25664016516728 0 50.37672912029463 0 17.44721548653083 42.23043143804195 147.510102678952 0 0 0 0 0 50.6707262304976 0 0 -1.673927236936023 0 47.54387022017143 0 0 0 46.98210033070214 0 0 0 0 0 0 0 0 -0.9719301034503882 0 18.71500401414223 0 0 0 0 0 0 0 0 0 0 0 0 3.34471997933688 0 0 0 0 0 0 0 0 0 0 0 0 0 0 1.176752479152658

Number of steps = 10
Time to complete flow = 1.407728e+01 seconds


ask_starting_lattice(0): EOF on input.
RUNNING COMPLETED
Time = 1.419656e+01 seconds
exit: Thu Oct  2 13:12:08 2025

