hwloc/linux: Ignoring PCI device with non-16bit domain.
Pass --enable-32bits-pci-domain to configure to support such devices
(warning: it would break the library ABI, don't enable unless really needed).
com_qmp: set thread-safety level to 0
Wilson/Symanzik/Zeuthen Flow application
MIMD version 7
Machine = QMP (portable), with 8 nodes
Host(0) = Precision-5820-Tower
Username = luisneubauer
start: Thu Oct  2 13:25:39 2025

Options selected...
Generic double precision
C_GLOBAL_INLINE
type 0 for no prompts, 1 for prompts, or 2 for proofreading
nx 16
ny 16
nz 16
nt 16
LAYOUT = Hypercubes, options = hyper_prime,
QMP with automatic hyper_prime layout
ON EACH NODE (RANK) 8 x 8 x 8 x 16
Mallocing 10.5 MBytes per node for lattice
Made lattice
Made nn gathers
Integrator = INTEGRATOR_RKMK3
Finished setup


reload_serial gauge_configs/pg_00088.lat
zeuthen
set staple to zeuthen
exp_order 8
stepsize 0.072
stoptime 0.72
forget 
Restored binary gauge configuration serially from file gauge_configs/pg_00088.lat
Time stamp Thu Oct  2 11:25:19 2025
Checksums 195f0ffb cac4e71c OK
Time to reload gauge configuration = 5.934787e-02
CHECK PLAQ: 1.9675797331879821e+00 1.9694671614656043e+00
CHECK NERSC LINKTR: -5.5072449806740226e-05 CKSUM: 663d5210
Reunitarized for double precision. Max deviation 7.63e-08 changed to 5.55e-16
Time to check unitarity = 6.235838e-03
#LABEL time Clover_t Clover_s iClover_t iClover_s Plaq_t Plaq_s Rect_t Rect_s charge icharge

GFLOW: 0 0.8806412692037344 0.8794607451691494 1.971081048379484 1.968860332469401 1.969467161447525 1.967579732914878 1.40271342984271 1.401588726549928 -1.377931377413535 -2.089908184332095 -2.121031484127422 -3.172875550112299
q-corrs 448937.501844893 72484.0788128924 -82030.16307712931 -16788.77931675353 -6710.81594359785 -6580.511386955608 3698.308167762786 0 -10305.96942532431 -1444.811044654393 -7183.15534379199 11694.67455768585 8527.039283551781 -21509.91431579632 4838.962304171966 0 -13502.67251449442 10091.42975524965 25833.07662345521 -19595.01294958729 -25028.76493517279 943.471735103793 7431.613401839846 0 -16060.69478799708 -14404.78629157737 -1633.941280152197 -3573.834414962531 0 16334.24175047968 30419.57696668265 0 3235.716172529224 -1240.940098118234 -2414.246631996444 2818.14716038245 16093.27494629381 20632.36092277769 -24732.09593488354 0 -1811.458039889496 -12737.61476950995 35346.30032978703 -5139.220006626119 -6924.659828888708 -4355.633064861206 27200.99248296604 0 3133.943981602686 10362.12095077591 433.936605617424 -9053.358863749758 6715.045027895734 18576.58378658826 -6703.369377331088 0 -13585.94369953963 -15319.85646103681 2541.352781032488 -6704.659545001932 0 -8215.820823294252 12774.87528353944 0 -3659.434964116703 -9934.93575302817 -12222.48361095708 -7953.743887636345 -17023.32173658509 19177.11857277359 8897.257716031745 0 -2306.674653173586 1219.825073400026 51140.57042445883 -32402.40285239099 -2649.914952206595 -19609.45568630018 14520.43473498522 0 11281.72369965076 2273.875129907251 -8586.553752614407 11443.92573344547 -12368.86372957993 6972.958841111245 -15198.28611138536 0 10098.93189708611 -20378.22279758582 40408.30396441164 0 0 -9559.207406852003 -13778.64213986743 0 -4731.9017571285 -3696.155629027063 6091.034860829697 2256.317873056923 -2056.351210295411 -1188.054164185509 10384.39661208682 0 8722.138947522737 15198.15489930777 0 7383.588669887693 4352.719816492006 22591.3248757958 -15517.80002012039 0 0 -17964.9817002018 -19084.07595382175 0 1323.240684688175 16296.37687366612 0 0 0 -6333.47890352936 4842.988406192924 6712.446429523554 0 -13092.97854498413 0 0 7555.58687825007 -11589.57434751367 0 0 -3117.002554692225 0 19714.12084240911 0 9622.521642955564 2867.487371958907 -1776.219909648764 0 0 0 0 0 -3421.477397092978 0 0 -8977.981695100596 0 10737.24444364755 0 0 0 6031.176155055493 0 0 0 0 0 0 0 0 -8716.496374413782 0 -6113.274926978189 0 0 0 0 0 0 0 0 0 0 0 0 1002.515130833547 0 0 0 0 0 0 0 0 0 0 0 0 0 0 -4437.774741726289, 11716.11896207118 -36727.8802517974 -31632.46890002835 -196.9131267638079 -2615.85433303601 -3882.18764633948 969.8339117230266 0 -2932.868711693904 289.0965574341088 257.0921557397555 3100.010456516473 -8182.437833778911 368.4941968826165 1937.216766685789 0 -7041.289064028456 13370.91306774185 -4576.266620552806 4590.72911188038 -6105.699431053583 -15183.59954390649 8061.536388468742 0 12495.75514131803 -7711.160369323792 9042.459519467699 -8686.852827357539 0 9356.454180380153 -4625.90756849439 0 9246.897417837346 -9026.617924111197 -11857.43582912597 -18120.97798479763 8353.823436802981 4131.010491982113 2210.613474052283 0 7563.84791662702 -17013.68627298695 -9134.516564581247 7440.070937087074 8740.639502594226 20016.63206629096 -15255.32943998392 0 -2852.568327860576 11120.12569097894 -4211.34429994367 11918.11361903051 -1364.245078622746 -10851.85578004092 37986.0819269589 0 -7119.037577111292 7885.637569657147 11708.17185717158 -17955.79887051375 0 7439.838377462896 24987.04329775694 0 -889.0757331298011 -19878.10099805585 8766.724486228339 -1660.648765773976 5638.714241367352 -24901.68055246022 8065.75183324811 0 13789.67268033417 4566.410104744031 -11408.91268817915 23280.79726216249 -2378.825403034931 21500.36826137653 -15283.68464289388 0 7180.44459093556 6893.341990228808 -83.71166206925022 -3752.746367410725 2928.516467209001 -16138.21803885495 -7473.08861943315 0 21208.60833342593 9044.261616351243 -13262.17714251044 0 0 -3800.297104474678 -12625.74335872223 0 3558.729058366402 8398.346770778759 1947.675997271644 11886.83614467039 -5955.88018131956 2082.892414756541 -7279.938574613002 0 -12695.39619752741 -4735.964616242123 0 9242.344100227074 5054.801510518647 980.596001241267 -10287.52423681881 0 0 -1682.967290017983 6205.606668759305 0 5123.239278665673 -2361.579130096911 0 0 0 -5735.423403259625 -6979.386079674479 -6739.366954541482 0 -513.5709219604123 0 0 2123.811135912501 15053.26993581956 0 0 765.5291645769926 0 5560.328646658572 0 -4777.147814286248 -6308.726579035812 -5324.363572040361 0 0 0 0 0 -4253.332548228059 0 0 -2523.349136026766 0 4603.046876714667 0 0 0 -2238.691668330217 0 0 0 0 0 0 0 0 1557.658677159842 0 1665.028049240778 0 0 0 0 0 0 0 0 0 0 0 0 3411.668207104967 0 0 0 0 0 0 0 0 0 0 0 0 0 0 1276.538267011434, -849.8722506926099 8707.615530643989 -5039.195393168536 1759.867631867989 -4664.00050157009 3375.382954839191 4063.851291034911 0 -2431.664681152547 -10476.72308826605 -9121.338688282178 -729.033192868214 -2921.161339802636 6286.591945411819 -3714.257945870764 0 5155.144806352417 7177.398578172744 -1129.003050446456 -6554.512728190412 -5590.711326209588 -12819.92369830501 -41.92921729695536 0 10166.51171033923 -2363.00521674616 -16981.08375275389 -14986.05683167866 0 30485.61980845142 -7460.339548012555 0 4670.793962390733 3904.213506656121 14581.30279113746 2337.592674890421 3986.095951022679 -15179.54396716816 -19576.61169810375 0 -12397.00273682979 1824.896107079438 -4990.862090784696 -8068.45978884328 556.7206695106065 25063.49717874396 -14024.96475386791 0 4581.517130657687 -16174.0979742244 5007.592141615839 -17198.88522406418 -2300.689319484645 -11510.53823577485 -14709.85424998846 0 -5282.664991577342 -7775.03489506411 -3065.710063616029 2018.914780156388 0 35742.9338987704 -47889.89995478179 0 -4508.268333273836 5222.639186147911 -17903.27213880004 -6064.075030351548 2572.432050724828 -7382.366629340374 -3074.270277761006 0 -11225.43951323091 2602.352530307727 -8801.860967404853 -5379.124750712797 2322.816614679003 8732.603448660288 -4537.242482244986 0 12997.64940129628 -5872.871300438497 809.9338019067015 -6496.198375620757 3846.065668629922 4200.653165173465 16940.03471814832 0 8262.088038507434 6682.094428915553 30328.32303132676 0 0 -3510.754184487864 -8571.032864560875 0 -2430.287958267354 3460.430884685093 -8055.899005986297 326.1912166350521 -3588.235461547753 -12644.74905971729 3054.569451776103 0 988.2541416091253 7953.024400512283 0 7259.944754557403 6279.487445644736 14071.76130333912 -1717.873755190867 0 0 -2266.84425545417 -16664.55372796874 0 -1243.904902584776 -5956.33014865547 0 0 0 3219.408519404029 -2866.686786461745 8086.676459617959 0 -237.8212190186632 0 0 1725.674018084138 -11328.4714436329 0 0 -308.4549067180039 0 -886.4809015966543 0 -534.5620493448723 1678.84048146521 4360.137283287436 0 0 0 0 0 2991.098939584914 0 0 1129.827523416217 0 -2874.774058956369 0 0 0 2118.585797084301 0 0 0 0 0 0 0 0 1758.094347075714 0 -1569.926114427038 0 0 0 0 0 0 0 0 0 0 0 0 -7337.291137805498 0 0 0 0 0 0 0 0 0 0 0 0 0 0 -1709.772417948625, -2994.596801747226 3038.876562118843 4473.642693217181 -7733.629796466909 -3050.487743305261 4056.927316785816 -11534.72215263452 0 -8522.937047300979 -20681.39800889968 12325.0329308528 11236.39956603087 -1919.818044711962 -10979.13502115604 17131.13452141306 0 3488.625026979057 5351.931791507763 13136.46057689252 10086.65356780587 -2183.67845655647 8144.376091589366 15391.19283124515 0 -6165.658901529426 3912.235818634227 -22450.41951981086 7717.754198902996 0 10864.84663316528 10363.29201409576 0 2227.361762851318 -1164.462841137335 -396.5077751650333 1207.472419088318 -8422.122954755787 3511.637665026707 -14170.04649260216 0 4529.157130331085 12380.13305122298 20529.80078381019 -6816.714606426125 -506.8746564095645 -8422.718713028586 -24584.77871867496 0 -2187.777406011375 -5659.385681242042 23811.90314107023 -21634.33877216731 5834.420601773207 15385.86737104218 -8373.131331509951 0 16775.95574005485 2436.552326601175 4765.532355611829 -9193.110688523997 0 1591.642331783618 -12222.92490503546 0 2984.615763268788 -4838.047772943679 -24559.24040917715 6637.085692841752 13814.2873533968 1326.168733326084 -4410.777083156825 0 11853.98905162567 2514.409186875889 -13548.77454309599 26885.73767874225 -5487.396401629921 -192.0657160878691 -5558.476125858922 0 -573.1575658544134 -15812.76766522187 -2087.09348662383 3686.45940725142 13322.99248922331 -1319.754562046724 23989.87118843204 0 -9959.141279524263 21901.38035444844 12506.98480346171 0 0 -12673.86950492096 2915.469919265087 0 -1581.822523706236 -965.7152732719296 9502.898510890125 6173.202904524606 -4052.403861560478 15050.25347934198 11744.66481334137 0 513.492979695191 -10538.41593897128 0 -5517.278537534953 1240.642332022266 -3582.072608024299 4612.389007466815 0 0 -7952.215074531213 586.6708340401942 0 -16953.48656274782 -8046.162286957664 0 0 0 -13295.0953895149 16240.43491309959 -2685.556784236825 0 6599.552874235593 0 0 -859.5945042936005 9845.47755863065 0 0 -12123.57757397479 0 9871.24661395829 0 451.2095440966987 2192.901336932569 -7431.303308545244 0 0 0 0 0 1321.277452774882 0 0 5598.944329762123 0 -1679.024719888205 0 0 0 6901.732764608038 0 0 0 0 0 0 0 0 -4377.98504018872 0 7249.435906402789 0 0 0 0 0 0 0 0 0 0 0 0 -1896.160213772851 0 0 0 0 0 0 0 0 0 0 0 0 0 0 1093.785971543441, 997.3981001493521 -895.7072480736551 3438.528993828075 -10386.46167818731 -499.8607061459892 -1665.940180807057 1162.028050352665 0 -10530.95533282431 -15396.59564005884 10768.92854166649 3118.608598822511 2070.25598807782 -2258.814857528892 18008.57477413458 0 2488.690468617802 5767.843546742358 18728.5349658049 561.7989299519149 -8043.038871909319 -15757.30953622251 -757.2347399196647 0 5552.338206642805 10466.22329248802 -9219.94134996162 -17766.5625625282 0 -3767.605910981823 1025.579575893837 0 1542.256925616959 5955.856677878893 16450.94579044085 18831.55676269108 13514.37103148583 -265.4431893637511 18181.79898172148 0 3073.402643275228 -5510.368752117156 -13762.51947666922 -15959.19250846569 -2842.600179503333 -16272.57629609664 -6834.81857192087 0 1154.762418429904 -1521.077556799349 3211.544373836005 10030.44649181672 -19519.33539965632 -24591.69697776098 15866.3193273772 0 -20773.72095267044 16003.21050639703 579.8962907726818 10215.66087311876 0 6018.545842043168 -21174.40269263326 0 1848.091373881253 -13507.35443255233 14284.24352361332 -6003.543074884219 -5614.956488688224 -2908.812774789521 -5332.367540665291 0 2412.506503767141 3155.585821040355 -1704.115756114469 -2394.689765351338 -6459.928771093005 3582.91470863617 13418.31715812574 0 -4374.757067894483 8901.656665708635 14084.44445901745 1711.074914864751 -464.8620232045243 -3707.830660532921 -31634.58033918562 0 2437.815638858715 -17541.42537526986 20464.37011275692 0 0 -5839.863305037474 9966.442669899483 0 4023.400325269638 -3390.732971353843 -16830.05895526408 3464.199830937327 -5136.774052047294 33578.55865947611 6415.734306957577 0 2847.268066881235 1397.412709480343 0 1361.457637455799 8164.774184401928 -1107.190597375606 9470.94444298107 0 0 -1663.387909538741 -3688.066603851238 0 -1018.050614008805 8862.801890387571 0 0 0 -15128.99472954797 4692.419059808621 2942.768466630875 0 644.8597103573825 0 0 -3001.198542956911 2662.29788049977 0 0 6185.698876998025 0 5435.995322256994 0 4815.66710196793 2787.70580844738 16069.00381966616 0 0 0 0 0 4786.377749033164 0 0 -2864.001438460712 0 -6077.827951031403 0 0 0 -677.7352582100177 0 0 0 0 0 0 0 0 -5670.419272563005 0 250.7306824917662 0 0 0 0 0 0 0 0 0 0 0 0 -3254.54314391346 0 0 0 0 0 0 0 0 0 0 0 0 0 0 1139.231716395735, 1871.274417190425 1958.474277344123 6756.137372159366 -6403.418045845128 4151.80851565782 5066.467472363995 2845.64349081715 0 -9136.228136994127 7667.41789464976 12900.79179214074 9956.135910134271 -2275.309809705034 12442.93391251772 1976.061375733245 0 -2996.517216525293 -12708.46840203584 4495.381193830334 -14983.90356125327 7916.648004854213 6623.228889126887 -8447.693038302703 0 11812.15589678937 1070.993787065313 -18594.26242067377 769.7155432515819 0 15645.8810913951 4792.634446765796 0 -3960.802401622916 3592.614590172264 -3485.42692585887 3219.809915422687 -492.7317291032341 6149.888011083598 9630.550895182065 0 -1519.300631846799 -6487.177655917466 9609.598063076086 4369.545490298631 -2133.27695794902 20105.36655401634 -4190.398523729724 0 6196.776819606284 7731.490300409269 1217.115736148585 10060.23703093521 5363.986324324322 -20839.59516497486 -10432.96286982281 0 10497.86590809178 3932.303951794235 5161.70879685978 1116.628858236041 0 3604.878618293111 19965.6699508674 0 2034.124291279465 -3075.699334652762 12442.97988163613 12953.32979088739 -13648.42342037519 -13257.33751792401 -17243.47841802672 0 -8033.36238080023 -2943.095503583125 23500.61927668183 11301.21445206818 4125.743931911768 -19624.59136525042 -22943.32246910264 0 -8693.308230367031 -15494.6758055771 -4265.599138885342 -5154.946302024126 -6996.041745131299 4996.953276767514 -5885.164251164711 0 -13016.19199539948 9829.412578292275 10471.27547547307 0 0 -14183.35100014805 21743.15868848099 0 -2115.151122459773 5765.985808571762 -1458.397517777812 3463.721093202801 -3218.027623940101 14367.30594411636 -15293.34718762697 0 -518.5392239781731 -3280.751993534549 0 463.1002894264489 -328.6973205478378 7829.99485694844 -5206.216135926044 0 0 -5944.897552765247 2793.557982201642 0 -16176.74446154781 -6867.836526791776 0 0 0 10280.8724272993 -532.2076454541939 -28.81965267371197 0 1426.601910023817 0 0 2688.120561129247 2964.082024168898 0 0 5909.40706552661 0 988.5825543783167 0 -814.7577786706934 -2990.076977990449 6442.642431174771 0 0 0 0 0 -1075.927632956366 0 0 1007.20635864301 0 -802.512665452798 0 0 0 1640.65172631918 0 0 0 0 0 0 0 0 -2184.193846523663 0 -2043.894193390631 0 0 0 0 0 0 0 0 0 0 0 0 -4955.524849690753 0 0 0 0 0 0 0 0 0 0 0 0 0 0 3097.034836085954, -376.8123395834152 2467.744266061957 8411.580529751027 -7624.562060789965 130.2557689102539 12652.66484916274 -7878.107993121575 0 -1148.38676030278 -4135.8435036789 4919.481642280704 -4508.352864812872 1563.337751042463 6315.072643153007 -2585.214458136847 0 -5142.832836929975 6882.584234804541 2460.240903816863 -19407.04239248738 13586.06375660954 2180.222370508722 -19134.27019430556 0 -3025.019663712631 4179.494975059747 -21698.16468568496 -1299.961358790501 0 -4325.004412731518 25222.84302376966 0 -2463.446588669566 20202.23487567562 -10102.61956374895 -2110.251401584747 -22184.01955868836 -5879.826683242825 7148.791096820807 0 2665.738356698501 -6442.448899819776 -11808.02188007747 29413.76612214226 -3343.385252752219 -12722.84676471607 10057.26089913644 0 -4593.932490833364 13829.84531186571 3461.797624139397 19203.39043490381 10778.06316002148 33245.28022723826 7025.268992723506 0 -9985.937339682338 -10626.76874396007 -2060.264383910049 20293.40106239962 0 335.6475830054364 -3054.261643530726 0 -3125.610386492774 -1465.483071217546 -12640.83638584851 -5580.966243039291 6184.783967920667 -2253.892571374631 -6199.762512918183 0 4175.508562088409 -29352.73515330496 -2332.672493954938 -30064.60534364977 -14773.70701096754 8961.986183119738 -3316.752708830516 0 -5075.769847557502 -4322.109819870813 5873.78059225327 23859.7054266962 4021.753334448493 2879.519966240533 15080.29033178583 0 -2902.211809823311 -3112.143646603535 1954.883131994083 0 0 7529.636518125176 1123.175268409195 0 -2927.842063545011 -2917.455488304597 -5253.76118851259 -3100.494929353486 -10915.55608546968 19326.81331611618 -1916.57130790113 0 3818.24106468325 -1975.705775608287 0 6496.001175399518 -55.69572943914886 -12574.2300959948 10658.85656794073 0 0 -2023.139559149843 -687.4221748755699 0 -4907.465345446746 2125.037789839815 0 0 0 696.0898481702195 -14669.31961764793 608.7755591771145 0 3436.253374423678 0 0 2077.791507894946 -9982.74521507007 0 0 5037.939354490638 0 12011.29075764995 0 -1388.971363819257 5860.993023566987 -4011.862069097489 0 0 0 0 0 -6745.411302121734 0 0 5325.430877051072 0 2277.257977158319 0 0 0 -5630.916664219052 0 0 0 0 0 0 0 0 9832.439650976568 0 -5043.135378259942 0 0 0 0 0 0 0 0 0 0 0 0 -3255.173185082206 0 0 0 0 0 0 0 0 0 0 0 0 0 0 -2069.909072212318, -1142.725718595147 810.83871415884 892.2561279421247 -6533.655184484629 -2965.360210360702 -2817.833465055014 -5562.343143966314 0 3658.398736209969 4668.169543373625 11431.38668724437 5767.349273077147 -5126.242251690446 -2239.873072313358 7484.100298108186 0 4025.298573749385 15760.2567049049 -13081.47645079369 4858.163289971134 -9378.124481698436 -12041.43128780981 -286.8640405003762 0 5308.987816215036 -10885.14615080715 -15056.78669986528 -7024.732664545021 0 5010.816929208637 -17886.91768977639 0 -7818.273085482286 8963.577771312845 -11085.14886439671 -10487.78819040938 14379.55049037312 8984.044812937394 -21585.69531820875 0 -3358.859991522292 -915.3115250488927 9798.616606100251 -5762.447315421424 -7693.434115035147 -3168.939414321612 -2339.248536684071 0 -87.85050671299905 -9965.623351016531 2113.688314813955 8656.392421790872 12576.48072782697 -16754.29024545795 22080.12404026189 0 4778.596902374991 13749.21185688043 -7600.219268649088 5405.461883352087 0 17948.88297822722 -34517.9138030851 0 1990.3489524085 647.4725207868905 4464.916487069046 -12960.38753795358 14878.55243273431 6143.932735632234 9699.765544130625 0 4465.274755805629 -21978.01137227954 388.0710411139517 4504.648031125042 -10114.83930981826 -16989.08594759108 -3617.989898201617 0 6316.820187655087 17081.42416654227 108.2727472802387 9399.002176205286 11066.27761037954 11024.31496623518 10472.73850217209 0 8621.285910169607 29535.15770474155 4731.434176902188 0 0 -2356.096846456901 14528.41448059467 0 9345.031420403597 7618.743396667403 -18542.66494823858 -4178.15546794601 8716.934023923954 22970.79664546573 -10172.56831248644 0 633.2408176647868 -3032.249040686957 0 -23522.86045939915 -4648.999714903506 -343.1195487305893 10036.94561682875 0 0 5623.251491023737 3090.205873361863 0 593.8721941858785 -310.7134872732122 0 0 0 3738.442000223988 3499.234715564258 -10485.7301635996 0 -5189.349037317907 0 0 3648.040177717082 -6383.604755448985 0 0 7258.126326014397 0 -10692.41309194698 0 681.3413287559151 1516.671796164524 -6844.231387479005 0 0 0 0 0 -13377.80635656039 0 0 -11530.42841002582 0 -7913.796781252565 0 0 0 -3479.535070747059 0 0 0 0 0 0 0 0 2758.27376156715 0 -5751.634453295194 0 0 0 0 0 0 0 0 0 0 0 0 3933.898377845629 0 0 0 0 0 0 0 0 0 0 0 0 0 0 -571.4891967340593


GFLOW: 0.07199999999999999 0.6087771770016021 0.6077000031488118 1.210696652089569 1.209036443971202 2.554139752729121 2.55339315465755 2.143473480381173 2.143234828279745 -0.9437651265737065 -1.196140274445515 -1.406163849505214 -1.776836702896781
q-corrs 174243.9393232641 101585.9883840013 -23947.63318756021 -17140.12888228632 -10276.47243731161 -18331.93085749749 -6057.501880500668 0 -5990.301468997201 -2887.597432785963 -2692.991498965384 3341.170411670236 2940.568769214143 -6890.035919899584 4998.038164565593 0 -4105.59821363829 10143.8813816841 12168.00610083353 -3581.007196051248 -5172.078531311953 4031.454614166691 9505.643097338565 0 -2414.085198412978 1656.438404682488 -2332.763593581592 1037.857227156353 0 5381.699265495014 9070.139135580175 0 4045.155460245613 -2402.590800321143 -3877.016870421507 881.2293236127375 4183.506965464347 4906.513562113336 -12030.12779431353 0 4238.489157081662 -4822.522070402752 9261.446488262194 6579.530594608622 -2271.310932799711 10690.02560387156 13895.03333090188 0 -3326.813688999952 1986.8134181493 5153.537151352201 9398.048204015773 357.165832489281 7397.151802821022 11307.62816775328 0 -2854.76649049149 -1016.000205027917 703.1208421470093 5965.90873917935 0 -503.0770411598696 8248.814665468693 0 -116.1627705932724 1705.703839352722 2133.896572523994 -1948.752573154353 1004.485301163631 14630.13582853574 3386.949166007509 0 803.5406967392239 4113.180477481093 20465.26109695026 -2906.409483013748 -2152.227241051732 -9668.547727084457 7029.134252216665 0 2566.41444445553 -364.4387883518798 -3675.822342948019 6456.081440590902 -3001.176634099581 1528.675345161872 8688.10274090661 0 4250.077253200412 -6348.008908234709 12791.75962034717 0 0 631.0303226200268 -3033.537727759546 0 758.1755886068768 270.6684894818137 5956.117332981104 8820.288208224109 920.7289786954705 1889.106518584611 2670.259435494694 0 1590.023250036606 11788.18424484127 0 4185.474363820238 1408.164424123424 3696.798874189379 -1713.003680565148 0 0 -7323.14150492603 -160.0011700227346 0 -2442.228763774147 859.0952357081626 0 0 0 -13.259738956381 7774.542593115559 5867.737283157216 0 -438.6856472338732 0 0 1169.662763198506 -4196.444700394597 0 0 -2857.437517699425 0 9678.084067958393 0 4526.914220725406 2467.230290006083 813.2243341043193 0 0 0 0 0 810.6008328738241 0 0 -3103.332419846968 0 7913.734981753699 0 0 0 2933.14529863157 0 0 0 0 0 0 0 0 -2507.0140174169 0 -37.07114451815266 0 0 0 0 0 0 0 0 0 0 0 0 418.7439046055095 0 0 0 0 0 0 0 0 0 0 0 0 0 0 -513.4280172813969, 17254.63024435751 -10042.83902131691 -26411.37310020295 -5032.333510969878 -2432.97091662867 -6889.765840343604 -1735.973881136105 0 -2261.631538028963 -994.2430781308713 2267.274348153012 -1695.456860588663 -1684.783465314008 938.2103270130665 450.111689208888 0 -1968.358771429214 6925.099737530736 12.32455067798878 -770.9808039802797 1426.073718164457 -2925.079170682649 3395.647022378504 0 3383.017702230431 -5297.997292166632 -4749.882468633061 -4962.509467475782 0 8396.34203813097 -3430.150574257714 0 158.5515382143512 -4642.300178455214 -1035.717749374723 -10312.96251989907 -640.8119050863194 1202.016401685323 1289.11242227366 0 2464.305609493323 -8034.534041530664 -3126.210378624659 6089.480928129495 2988.523165065521 7831.323021604088 -3334.591095927155 0 -1913.230269772335 6607.040157788642 -3412.386012962722 4144.791297962649 -2142.156749517967 -2473.853658777502 13743.83396437441 0 -5546.033286188476 5471.943383001107 2357.712684761073 -5528.150594604855 0 2381.106044678084 3747.478719612475 0 99.68118990493053 -9441.198250360882 4748.702811479767 -1246.41161786646 -1471.455068320069 -8707.63456671602 5673.81242006407 0 3552.449604100047 4038.602980589315 -8232.593730555527 2274.75122835818 -934.383671706189 5820.301306736324 -6020.149443900744 0 3448.650847835279 1275.391644221832 -426.6716288924096 -1316.061729188385 -1406.162544458145 -4718.209384455636 -4978.636935066825 0 6138.648129184716 -3465.889719233189 -5952.954769303588 0 0 -2217.986058109525 903.2817863493374 0 29.87268196392756 -2957.576612857357 -456.465563623199 2554.583386292528 -2094.514755073086 -2633.471965360003 -1597.469369645266 0 -3425.060034236668 -2488.93938784647 0 4597.930182923747 105.7810669476698 840.1330727608729 -5894.403042359594 0 0 -1711.154855481968 1845.256101088026 0 1425.214931573795 -1177.746225474306 0 0 0 -1355.131941437378 973.6187879764257 -2878.886364000583 0 2002.760429785667 0 0 -932.6151013759821 -33.63031815487511 0 0 316.3605762882497 0 1408.953618969238 0 -166.8386850794714 -1055.632410018837 -664.9292232020337 0 0 0 0 0 -2521.244090015672 0 0 -1922.175222655339 0 -1601.764918860494 0 0 0 565.4811427634695 0 0 0 0 0 0 0 0 612.3273479286315 0 -66.61227998410004 0 0 0 0 0 0 0 0 0 0 0 0 2494.60606861074 0 0 0 0 0 0 0 0 0 0 0 0 0 0 439.4638993229698, -1760.880471612731 -2038.920775196364 -4876.489259489963 386.7327669801525 -555.1469850531668 2726.870443882804 3216.773681826552 0 -1819.838877227647 -3079.136757584031 -485.6406869477765 -1510.196622938966 282.1481646088155 1117.714602495591 -6527.178264678305 0 2781.021613531522 4900.588361364498 -1952.418186005059 -3700.584915381064 993.788004328404 -6042.261623752136 1120.969439564483 0 1664.304586214084 -510.606784389006 -7909.170598479639 -7784.2991335064 0 10574.8664198957 -4984.850966835895 0 -1554.916701519727 1343.77390893853 891.543686841826 -990.8988774376777 1922.325753897386 -8248.672416575175 -8327.596671488107 0 -5686.746703468191 -12777.14304208681 -1833.630867178356 -3624.313198573076 -454.673080843346 12179.84213322706 -9351.84969048359 0 -131.6952704829744 -3627.664434360729 -1790.346887632519 -5124.672890603712 -4458.676992859649 -10492.27223680176 -5764.319721718493 0 -8893.377457884493 -4479.777797813292 -4097.620547549273 -2455.650143030879 0 10077.06582877389 -9507.23611425231 0 -1777.804978721065 -11337.59674602229 -13783.76395719047 -1722.316587331509 -1688.8907049523 -9538.652091112745 3267.806012155017 0 -1894.325334455156 -1995.566889986176 -4460.129878770527 -3142.576383026527 1088.805755574238 2388.502868600107 -2145.263233928883 0 3895.440438812528 -2218.551538440614 -310.9537962185875 -2221.252229406429 2718.597313821038 -808.3770254498952 -3997.490479148606 0 3455.686100906098 -2406.043720127847 14793.46341676922 0 0 818.8584630645369 -2637.60397434675 0 -477.1318028446173 -128.7518663872947 -1841.951469500989 2648.179035791012 -250.0335132570848 -2285.571143616937 -167.1766631087003 0 -39.11059057597481 2920.606075513711 0 1956.721982452994 3049.072029680473 4684.724414509397 1596.824408334612 0 0 -1562.026412229021 -4851.678252124587 0 -1249.715438703397 -2014.476191249511 0 0 0 2789.914395211484 394.1649388641081 2239.800737222286 0 2411.233016196324 0 0 -314.8773561137709 -7414.38541924854 0 0 -591.839384038984 0 -2468.045515856375 0 320.8661365721446 1012.995593567039 2773.968156445574 0 0 0 0 0 -1067.784941097634 0 0 -3407.32331828736 0 -2828.360559630813 0 0 0 -367.483556365015 0 0 0 0 0 0 0 0 -1491.923337318955 0 -542.4501952359113 0 0 0 0 0 0 0 0 0 0 0 0 -1450.713771365906 0 0 0 0 0 0 0 0 0 0 0 0 0 0 -93.72281188890551, -795.6017226176482 -86.42785417172945 -689.5955169193548 -3265.096184229367 409.2742135896337 1717.334922017634 -2449.648942017746 0 -4513.628535133987 -6703.295662013134 1806.59841978136 4829.528228443627 -1496.338912110849 -6090.392233983916 5892.548087251805 0 1881.245953911496 2977.376474280674 3885.543385777616 6548.910712744089 -1663.93729629621 -5830.118113417614 8370.351743089002 0 -2905.057792839147 1882.055385706515 -5316.191688550467 4187.9482549436 0 5110.03522710542 -93.88361508822709 0 1321.540131668501 982.6125568515008 3331.834567030605 -1429.335529022763 -2467.614162049068 520.0586277657358 -1409.073034295918 0 1797.654284778308 6383.551299564278 6347.975635143935 -1352.449214461456 1768.880871377655 4430.93194856485 -7975.363541262583 0 -1862.97172944696 1602.402559245917 9769.691855419158 -3546.697388336516 118.3230346467034 10204.09005999362 4910.499405009531 0 9153.467197149372 3184.420952742403 6026.530756549427 -4199.643763868403 0 3292.802291853305 5230.720810959508 0 2400.856769078291 3124.50945103648 -6393.415595204522 2086.498677941006 3231.570663902932 -2982.533907126609 -546.3967701876595 0 -1499.197919789943 3143.722676471057 -9638.498666893032 9543.794833785774 -2647.856049641681 5464.050856894519 2026.839699065631 0 1818.493500843992 -8880.01530952185 934.5871735372207 4800.161773015626 7009.245338639184 -2687.379399610411 10574.02669257097 0 -4863.253572778063 7237.365270996961 4030.851517684865 0 0 914.7860713423254 547.2580212795742 0 -507.663026180528 45.56913522157174 6615.54061846004 8201.448833387729 -884.7058470680067 5216.903362639763 3867.193853803663 0 485.7990056909485 -1235.868134840128 0 1582.87133015261 1832.120205930657 3194.429645857434 -144.4764012849544 0 0 -3957.783898533309 -1049.962179521719 0 -3276.951977346399 -2603.978145258494 0 0 0 -4932.329757875246 6871.310765158052 -510.4413278828522 0 758.9099097040107 0 0 -210.6153963277679 -79.95140799310138 0 0 -3441.191128079014 0 2168.025184833793 0 -825.8259737684862 2059.616716436659 2072.479943491871 0 0 0 0 0 1598.451039795666 0 0 -992.3659353576386 0 2848.509930422023 0 0 0 3102.94162607882 0 0 0 0 0 0 0 0 -896.1943101579141 0 2106.306792212097 0 0 0 0 0 0 0 0 0 0 0 0 -2570.074753833956 0 0 0 0 0 0 0 0 0 0 0 0 0 0 201.5261092376187, 277.0111876045266 312.7795868471912 218.7413635685991 -4475.421066074965 -26.23214121123432 1425.910337460356 1332.410920371757 0 -3909.582764825292 -3797.311580550399 4467.788539327723 537.9076377207037 -954.6801612560766 -3061.15340975001 5494.373818609759 0 1622.646720592418 1697.986071352258 573.3568945974803 -1864.634705424819 -4755.575580445489 -7557.194345033971 -1617.366418141228 0 1232.346539164415 3394.66632058197 -4547.29129891604 -4999.362471446475 0 -4895.987926989777 -7441.52662343768 0 1491.467747368477 328.3915120872526 932.8249771107247 3961.423827575612 -50.69054954871581 -418.7145331982988 5892.778362107671 0 -221.7384077454465 1768.27543062617 -4181.799846181892 -4468.393641814197 -56.03333524400523 -5500.930107450966 -6290.967479813647 0 -1553.218281095429 -2218.039413307353 5026.587998683042 4923.895861213754 -7066.379805861375 -6793.588581374633 6056.606491067556 0 -10115.92119012559 822.0115620699746 2260.42299000383 2786.104948675703 0 3239.256310272676 -3095.829407250815 0 1023.105362877007 -8683.622990503849 2726.786910533657 3704.436968713356 -870.1071102366891 -5150.566664325159 -9890.574590551965 0 -5448.258048856649 -3074.172955101017 -7781.985536674524 6212.968569187884 -3161.112064745199 1797.919529436492 5084.743953037987 0 -2012.572093677718 1671.415202521076 5110.537644538459 -3573.161164791007 1347.879675882844 -1178.382872425236 -6549.153931480692 0 -818.980901433622 -3089.186042777438 2952.26206952984 0 0 -1531.770321671651 3139.038676881959 0 442.3419842466806 -287.6006119626243 -6596.685184565775 -451.7291732285521 -3329.358865151735 13290.67344839462 645.1881619224323 0 3352.574214529252 -3726.910001292868 0 686.6740172651128 929.21473209178 3349.627075066807 214.8291030866553 0 0 -2952.901142731513 -3520.078717443238 0 -882.4872263337477 3331.360386764716 0 0 0 -5643.978113569479 653.3956313205942 2166.8437898378 0 625.9507252705084 0 0 -1200.080107945099 -2925.141744844436 0 0 1734.727549189377 0 -1706.277989673928 0 1527.040239666337 654.5366859327128 3456.383789696501 0 0 0 0 0 582.8062700945316 0 0 222.9140439900912 0 -642.266331605281 0 0 0 971.7638246689122 0 0 0 0 0 0 0 0 785.3574165768161 0 -232.885263886771 0 0 0 0 0 0 0 0 0 0 0 0 -1664.953865853565 0 0 0 0 0 0 0 0 0 0 0 0 0 0 268.6748620183537, 604.2668534198594 274.8970014324135 1725.009640321397 -2556.451669733855 2405.695870375198 4331.521047966062 1298.187706696399 0 -344.0045824685502 4454.136666596026 6872.178461698242 -307.2868370323572 889.7836186064741 5341.026883506039 -1128.672049075371 0 -1694.817540899317 -5766.375000785672 -4036.904347114778 -8186.577508984772 3415.887347348703 1131.086132486839 -6625.96279692122 0 4050.479389680831 1355.833208174332 -10298.6843384459 -2159.820126377603 0 6966.647214656306 1627.046464403697 0 957.3242803744447 1849.714645487636 4307.331166953789 844.6403150632741 -4112.428404266949 1279.883386714461 894.673102277236 0 3229.477231778976 -2688.133095445864 1676.067173288068 2300.19122532252 -2219.423860013588 7310.163922580837 -5051.022109271678 0 1071.16979193535 307.2534311375121 3189.75976853045 7473.26566814155 1383.189440522085 -8296.710224862112 -4483.315101114991 0 472.0991635187572 4413.637071826693 410.3453017388119 3743.909969795653 0 1360.208806415334 10382.83422459754 0 -929.0779643004977 135.8889671805919 6485.191760955639 5538.48090064751 -7070.848777829044 -6534.923239961608 -2787.898459859644 0 -3158.779208683939 2040.981106522782 3984.940055441665 7206.61477612926 4308.232459748188 -12779.35730622447 -7545.482345543318 0 -3304.298914130591 -632.0381732266294 -1572.512704106903 388.4329493687201 -5664.607753690394 -1138.382087151358 -2307.195714176638 0 -3730.671272947279 3515.891553858725 8089.80764871586 0 0 -5129.158894872864 8882.088399157225 0 -379.5785414536281 -1221.979830561196 409.9503998957662 -2990.9201115488 -1248.724659322956 4354.323003391241 -8515.207345180594 0 -3422.895913139936 -613.7257919069411 0 -943.6158751280989 -1621.536546468681 2172.237307686879 -561.9354315124947 0 0 -306.2997853916683 -7680.162321140368 0 -6130.689995537808 -4078.330163439014 0 0 0 1785.40468303038 649.7293980027766 -543.865117919377 0 -2508.576785840097 0 0 549.9847131816402 -3321.331240331014 0 0 1936.685008050302 0 -20.03333637282549 0 103.137497371335 1008.956692168985 -3070.443922234673 0 0 0 0 0 -1806.669670333911 0 0 2524.731898675122 0 -1865.237650647825 0 0 0 -1884.750053166354 0 0 0 0 0 0 0 0 -792.7665444016052 0 -1955.008894133343 0 0 0 0 0 0 0 0 0 0 0 0 -2385.52677622857 0 0 0 0 0 0 0 0 0 0 0 0 0 0 658.0825260016691, -710.8005910808821 399.918361357774 1699.817846950899 -2778.582706275076 814.1882864471323 3677.73719692988 -2959.817861103924 0 -592.8296619757134 -569.3879808798692 408.609549910393 -4023.371182046177 1616.708814141723 3151.825900921149 -1043.911340022033 0 -1478.302643178602 -1784.089189145019 603.283670959903 -3052.573934481488 6553.125470860458 2443.419795845388 -4405.893481693365 0 -3513.507620248329 3517.880986012012 -3743.495476293519 -4602.836136467871 0 -124.0791413135325 10888.53568657049 0 -961.5564065520182 3095.455708152753 -2310.3980955562 806.560426934514 -6761.828052358356 -4765.838023467186 5918.033499310364 0 -588.2532389779883 2234.025869120284 -5005.015060920708 8153.56443255951 427.6124060814426 -1754.516223035596 3375.285678477646 0 826.2269555854539 7923.938764605367 -190.9309479183964 9950.197389192999 3129.612713566496 5586.019469741117 2202.358314104434 0 -623.5173038675251 -1455.715092013486 -1801.158388831014 7805.311525786741 0 -4671.078493906539 8577.115810751904 0 -2899.562563955901 -9717.511273236149 -1140.635113335246 -723.3857727937379 -2667.290783951086 2114.908567021776 -1324.257748332951 0 4498.858385688079 -8269.49098714136 -4054.566856668087 -5264.947250201971 -6138.258589727515 6714.621740402326 154.0983816135208 0 -1242.396719871153 -2027.30959523409 2719.221670332498 4675.333137854551 860.4009155761852 1643.191398125268 9346.364171335528 0 1374.553834893592 6787.588255798184 674.9366482293221 0 0 2609.261811284478 1242.244663949791 0 -724.3855995634731 -324.4363551189465 -366.4560992765853 -3799.400307853117 -3926.618604947497 6029.20280577319 -533.9205770789749 0 4925.154179102281 -1872.326626932168 0 902.4210398337384 464.937665715812 -3413.277185071312 5201.335223020739 0 0 -1028.157628051251 -471.540980387661 0 -5417.821838903543 4051.170428432954 0 0 0 2136.910041476121 -991.203920137159 5072.070191389952 0 -1956.335464235216 0 0 -325.6985714691376 -4733.418181397381 0 0 3488.887088994278 0 3670.666425473107 0 -343.0794553536296 1281.051185773515 -413.2762040003422 0 0 0 0 0 -3098.930320128542 0 0 -232.4188053563871 0 593.8052409045387 0 0 0 -2494.14807478234 0 0 0 0 0 0 0 0 2293.403191156013 0 -1911.442175569147 0 0 0 0 0 0 0 0 0 0 0 0 -205.8677927232101 0 0 0 0 0 0 0 0 0 0 0 0 0 0 -514.986349135184, 344.9948597277435 1161.963793321579 836.7906507959389 -1489.171949646113 -1329.580175529239 -2536.282605157151 -3770.019760677676 0 2036.724296638954 1110.949683671637 4780.360222322912 2458.032308767561 -524.5244544101998 2710.570232682802 6837.067784202745 0 848.2803406985512 7216.857813976048 -4209.037238091946 3964.830474566506 1146.893127654975 -8843.315290061591 4057.673398246542 0 1141.191871158076 1795.098312422723 -5852.211604680366 -7348.936314024582 0 3534.022638155834 -2969.938884954086 0 -3487.14220800976 3615.583217618574 -5113.885783505305 -4004.94801220726 3001.409398016558 3762.856902264068 3721.608642309721 0 -122.5256776216615 -1988.178751912491 -519.9285421193615 -2215.247385711764 -3643.964017049134 -7425.080834079349 649.4305167165187 0 3078.929089764057 -573.8102418062801 -814.2686074107196 7485.226197264953 4079.535208601339 -1894.250656289632 3507.257345741958 0 4941.898732433656 1242.970537127372 -1216.595895181659 6674.762945421013 0 1567.119246583333 -14485.63254312664 0 1126.242513144469 -2029.612122689915 1187.044618565768 -4573.359700432674 4925.21535454369 3411.875512101495 -996.0488205549284 0 740.7458225338787 -10098.76833242172 1847.537463973516 6383.33999626785 -7188.253147183314 -6105.624366429347 -961.6311829152958 0 2213.148489908451 4373.171606198741 -509.460935248771 3604.996640652691 700.4495468944552 447.889402392797 296.8985135727721 0 5943.052660352753 904.4603427201273 3625.760412371082 0 0 -1159.425755219556 2987.09845599015 0 2573.684987580652 -524.0107909192934 -4018.177818582813 -2498.934000281696 2013.416916251372 10350.07922485369 -5453.35313626689 0 278.0332867811849 -973.7094097820199 0 -8284.934374685537 -1813.085382701885 -1340.59746210353 5962.253324710634 0 0 1579.332795383497 2173.004072567813 0 3428.873906692063 2072.074772019049 0 0 0 3420.188152010561 -874.6373997573414 -3774.583411569545 0 1050.479005957609 0 0 1731.83165127916 -421.7365916117037 0 0 4630.627594728312 0 -3760.426424657078 0 1558.658393199963 224.3047152629186 -2848.898131164266 0 0 0 0 0 -4309.912306767696 0 0 -3851.254490769199 0 -4534.876843872275 0 0 0 362.5327819020817 0 0 0 0 0 0 0 0 2498.036181862353 0 -1119.190935593782 0 0 0 0 0 0 0 0 0 0 0 0 3022.382423375963 0 0 0 0 0 0 0 0 0 0 0 0 0 0 204.1900850510475


GFLOW: 0.144 0.3870158282568738 0.3864115562612679 0.7011403504153508 0.7000688654690989 2.798525156983153 2.798316334608967 2.544712561040952 2.54476438718377 -0.4873680941926232 -0.5361031778131117 -0.6824961888641212 -0.7521862998515346
q-corrs 63503.50957046724 75292.74752481324 15336.92138371949 -5846.299859869125 -6223.532350301588 -15729.98388087703 -9165.738338289473 0 -2975.33396571321 -2697.208796903685 -386.5763622892246 1421.038519562276 1309.263542167888 -1367.545821641185 3790.297733438201 0 -906.4904787411047 6505.895355133799 4388.577508125097 210.9321229140139 1195.848082048199 3787.551176154783 4097.61349480324 0 1050.398080644867 321.9060232869424 -3170.415764363405 205.9036558584536 0 1254.760266359202 1594.355333169214 0 1515.250814879497 -1029.381786003387 -2770.25870637449 -1355.994162109752 712.6493584427376 857.2695668667665 -2456.574401396977 0 2448.043637229105 -2273.081796209748 1276.563322793595 2975.499958983515 -1035.111142231533 5616.336142220101 5795.49443465187 0 -2470.130810462518 1577.555204455672 2653.480927464167 4442.716329008734 -365.3459932234955 4034.224989578076 8319.535048566184 0 80.52737362227515 -1234.74826961934 563.7294285243349 4676.154737332052 0 1412.453854569769 3289.483016852898 0 228.4446920767983 2423.274776893365 1322.153280277734 204.1856186522137 1626.930060010298 3923.684587437446 2265.268237191131 0 -800.253690365689 4186.046361227291 6443.008319978968 1448.277078741472 446.3311871418269 -4499.17005266292 1921.882983506969 0 -966.2387634641034 -841.7787980017033 -670.8050533109725 3349.066215409635 268.367593705666 1685.929081281415 8379.626932904906 0 932.3030292481506 -575.1603601407302 -36.69049776933912 0 0 1167.255164311696 1978.320007759791 0 527.0466100775094 1890.52820674272 4243.400509884995 5160.844259628624 313.3173602215369 54.84465112365081 -68.4077406358291 0 -874.1077495023113 4753.87856486369 0 3220.624376663564 1157.344112054688 1305.054176717088 1250.958432648816 0 0 -1504.676337041118 1849.368494052358 0 -680.7422794938732 -2016.79523690841 0 0 0 2528.083373425119 3724.800804799173 2920.742881893788 0 832.5199027454051 0 0 -239.3282565520238 -448.4154452296205 0 0 -1458.820751281139 0 3951.41356758739 0 1935.400646828033 970.3261387270429 2200.460243267841 0 0 0 0 0 917.8991113371187 0 0 -900.6972874465758 0 4318.310256130174 0 0 0 1196.505622804287 0 0 0 0 0 0 0 0 294.8993048684338 0 997.9873404450971 0 0 0 0 0 0 0 0 0 0 0 0 1370.935808315141 0 0 0 0 0 0 0 0 0 0 0 0 0 0 331.7677636904293, 12742.58904618387 8350.351682337701 -8114.026471041894 -5040.173503198683 -3257.213816010013 -8659.785447179371 -5285.401522315229 0 -2019.436167446936 -2514.074184439241 539.0095503032003 -959.5760796814261 147.5149857925443 -419.0123018163376 -443.9743116016127 0 40.4276158738835 4545.028711042496 -318.4461624807345 -1407.524659824877 1493.356005585958 292.3949724568275 2052.619916025303 0 1957.761073371022 -2927.946439842913 -4524.721633621681 -1636.170155252766 0 4167.288881107892 -2414.4075983749 0 -906.1041661164436 -2545.995381942905 -786.9011801191198 -3741.260979638301 -766.4139691621642 -793.9476210256603 -204.2723257048415 0 1047.297263161928 -4648.731130185693 -497.7435275502185 2671.337158214966 575.8092122939076 2155.916646033918 -564.6383192313141 0 -1074.340893971639 2686.977062421159 -260.2054020715073 1063.083079104852 -1209.752313560234 -271.2472472154597 4214.893928835948 0 -2975.679405476751 1807.725310811154 355.5032354952017 131.9222678437924 0 -141.2634705014902 551.5542706940956 0 334.6523697374024 -2161.40232699443 595.0015009718265 -364.978007079196 -655.6387675339728 -4105.149197634267 3275.074479648224 0 -121.8481800548655 2043.523706494438 -3898.075432085912 -1073.458104882333 522.9589528959183 -749.4110307459747 -2842.295923272658 0 755.6010978653662 224.607286308727 -456.8141115010995 161.4411686780951 -525.1959277407823 -759.659475222026 -752.7534700337906 0 434.8089872037656 -3542.187980861687 -2662.221103546041 0 0 -667.3382719751214 2936.306500913173 0 -196.9946129539607 -2733.163054635186 330.5628258522364 1905.290437299015 -953.3505154489981 -1146.370950482402 -352.9272512110437 0 -994.4076973416783 661.6978716339761 0 2820.541125574472 -718.9479726442308 1315.100484848896 -1930.204154173748 0 0 -569.0639047756167 1156.106435803621 0 947.8760922127321 -1129.463035375418 0 0 0 327.1002170686205 1806.558669066133 -1125.768337474238 0 1420.474998742733 0 0 -556.6609310537624 -726.6736125047811 0 0 -448.8606205400304 0 341.1163365227715 0 738.6218602439543 -7.296816859136953 -159.3051835694634 0 0 0 0 0 -736.9372187418305 0 0 -523.7736729005267 0 -555.343656844568 0 0 0 -65.12272319498447 0 0 0 0 0 0 0 0 619.2939632383043 0 -125.657046923929 0 0 0 0 0 0 0 0 0 0 0 0 1255.595631756094 0 0 0 0 0 0 0 0 0 0 0 0 0 0 210.962440912138, -1384.473484724404 -4196.132541463519 -5369.123088758505 -1689.472186645153 -424.7836264974699 -762.2154250980873 -209.7095800366196 0 -886.2747726869193 -958.0329446247556 714.3440861727444 -1378.113915919384 270.9386355729872 -377.621531495811 -4040.215586368517 0 1588.004224151168 2863.989982834579 -1778.103969378323 -1366.767852690616 1199.652959500909 -2405.809087129266 1063.953701345272 0 -72.21643198932566 -854.1417166388312 -2997.990402458377 -3799.688602927835 0 2673.409277264665 -2307.693722669027 0 -1539.19641136174 -840.881415993457 -1579.839151400934 109.8860941807707 117.0970537033635 -3739.348459601597 -3855.722166972468 0 -1777.395409169286 -9033.208108603278 757.1990190170206 -943.6447020507178 -1043.496997921549 3911.974526763363 -4047.844962016294 0 -416.9430443998771 -842.1938251435754 -491.2629358579809 -1591.71782052039 -2468.99699859476 -5101.696278062007 -1875.173761741694 0 -4891.601420498165 -417.7287519207126 -2125.381781555574 -1160.843704594642 0 427.08557799169 -2039.859520439564 0 -31.79083196892816 -6573.755679532651 -5546.476946585071 -518.5432932457422 -1416.793287920864 -4877.896094723901 1470.445368792172 0 -272.1673568694977 -1575.387217873371 -3389.379473983529 -2576.137386287955 -575.6604944452064 -286.1534764063044 -2714.060375975369 0 638.3909256361087 -390.4807794114117 46.67808986579121 -444.2575938679383 1623.79665700427 -1093.408831480729 -5908.177496384663 0 -296.6637164615436 -2184.38701331198 4007.885264023987 0 0 1076.61935368382 313.6128174232176 0 542.393087312268 -2497.991947012531 404.8203326709386 606.6511032811604 -291.84379836431 -1171.354216123259 -174.3844215031304 0 -385.7410607212985 1820.75240924177 0 655.6242481280939 -74.74025507695805 1949.319516135726 -157.710525475018 0 0 -552.3089027860407 -2833.04413971442 0 254.3376411775429 -326.877472234098 0 0 0 402.1036467631861 1098.714063802119 -1122.70998579381 0 1862.273658127866 0 0 -280.4034625869852 -3733.948261556295 0 0 -87.56124327977588 0 -1765.220115533497 0 645.3607563925113 424.5458661345676 -152.7328854081511 0 0 0 0 0 -1252.864935843744 0 0 -1916.597454965746 0 -2014.835039496056 0 0 0 -777.9363709958736 0 0 0 0 0 0 0 0 -1769.233995844535 0 -590.2869979540171 0 0 0 0 0 0 0 0 0 0 0 0 -492.0918464329082 0 0 0 0 0 0 0 0 0 0 0 0 0 0 55.82700077773198, -412.9944397371198 -911.4615828202961 -1675.030557711707 -1655.434531108271 -68.57044045738644 -546.4332818446173 -720.2328315667884 0 -1659.992335925124 -1711.32158325936 -242.055964117347 921.5911174186231 -236.7573940462572 -2356.349570712973 60.88330632424982 0 731.2084170262535 1361.203261509136 -1251.732517172594 1727.576774979127 -1158.790177100391 -4991.427487388582 3690.830009759163 0 -1482.576801522858 -486.4789133696719 -1715.848845470934 922.7962062895397 0 1806.127787023494 -882.2978912639835 0 -480.3526211710687 -537.2996621455974 342.979730125524 -319.5284361005788 97.97866730474971 52.94396854365948 -439.1574947177561 0 762.3854448115496 199.0057178911932 1206.141643764455 -159.709458957004 744.1655539103535 4654.101976400636 -520.4021905824507 0 -783.7648505881928 2260.410039290877 4011.17637403265 91.31324097441916 -97.11197615632682 3941.341667772095 3575.754375321896 0 3172.028965211963 1793.276553082675 2278.794970107514 -260.3241863349172 0 1286.76888418268 4366.239212429755 0 1316.0990390075 2292.087606657997 -498.2557877137444 1602.050752387421 555.6877959088724 -807.4423066245502 -1004.454672072909 0 -1529.894560967895 760.9724201571623 -2424.66030525452 2560.58972811292 -1246.138220890533 2234.925109718922 1315.789992980556 0 785.248846107098 -3374.852625082505 1091.159402836012 2330.056426433112 2659.642951970822 -847.1923295501887 3342.227761797762 0 -2120.784450183791 2295.378269162798 1251.967452173931 0 0 1594.746397922205 -80.65168863951521 0 11.06739499210977 -529.2330065140136 3176.438879752014 2934.775236567607 -305.9130089225835 735.7113626212513 1206.404996623069 0 737.2841819061553 587.7338205904297 0 926.7597598493824 666.1967818842692 2191.157086737933 -1414.644564694141 0 0 -1102.86177982801 -973.370298860671 0 -563.3203141107006 -447.9360968295396 0 0 0 -1111.913902570502 1887.028675440926 -587.9037069740481 0 -149.7359482441061 0 0 -187.8176884782431 -1086.395350519834 0 0 -712.1758114781711 0 121.2221663771637 0 -330.8237704263358 561.2547113007471 1919.819350704144 0 0 0 0 0 411.151155345104 0 0 -884.5185857560157 0 1642.705337160758 0 0 0 1167.025133063083 0 0 0 0 0 0 0 0 -864.8099659018177 0 374.30787543932 0 0 0 0 0 0 0 0 0 0 0 0 -1362.165784553135 0 0 0 0 0 0 0 0 0 0 0 0 0 0 -99.34106799814002, -64.80534359448575 -709.6849633694146 -1367.104523106922 -1702.821261347319 165.7416511190211 783.0766751030986 399.0872113206644 0 -956.7291003924108 -591.3677018953605 2662.694881725027 1300.757927195836 -699.1100654949707 -1178.724446682141 580.9835409439318 0 719.2083527388036 647.226973528014 -2726.508996327569 -1987.376084135004 -1801.223719581422 -3564.521432410153 -150.5026328867017 0 524.4116839807893 -201.6022599011375 -2618.282400108506 -847.7962657221817 0 -2042.076711110929 -2665.31269546927 0 78.22862741510534 -915.4330204524573 -1496.429764904016 -651.9373960042332 -1227.368928373129 153.880522422124 988.3537574446005 0 147.6872218972781 -207.7227773283712 -2742.142598072436 -963.5246219817748 663.1572912223455 -1496.906636480452 -1373.044056542902 0 -1000.811875955239 -60.81320022016018 2428.270025202016 228.3272670636634 -2113.35687361693 -851.9502206464128 1376.705129500354 0 -2406.06673587465 -840.2439167450643 1070.569302782818 2150.068861725302 0 1174.286851298022 1793.586338238686 0 646.7324559225299 -1474.557215647386 2271.190926184981 2861.50474820095 143.2557169930922 -2081.96763046978 -3726.774994540371 0 -3016.40530311278 -367.2371077351308 -2051.644683743907 4164.786979843816 -525.9342865049814 1036.298072957582 1539.692752748365 0 -429.232714798566 -1437.812702230327 2036.603232140808 -2344.791355909466 1074.901031574635 -578.9649317791491 1709.357693983576 0 -382.7883448570635 683.5616386546101 -455.9444194191612 0 0 570.7914611489474 89.19665357108329 0 -833.9298124465812 -298.1145238428643 -1644.157168074005 -109.2330083226185 -1312.696864472433 1904.945901821804 115.7746739382617 0 1853.504609015155 -2429.899103662505 0 123.7983714517022 -360.0617696867785 2644.429441653438 -801.9826099217389 0 0 -1728.556369350332 -1683.134637543107 0 -698.6039567662028 552.6704375172812 0 0 0 -1285.091824204569 -90.87932302522194 2.908844798094606 0 170.8567927059124 0 0 -457.5633113109262 -2301.631906448808 0 0 267.0459487324899 0 1.717967107356543 0 304.249148812493 -209.3181675269693 298.9352077510409 0 0 0 0 0 -502.8960870761787 0 0 466.6405797556741 0 908.416218501308 0 0 0 269.0097245998689 0 0 0 0 0 0 0 0 453.13896385715 0 -17.75438621252894 0 0 0 0 0 0 0 0 0 0 0 0 -822.5089859137477 0 0 0 0 0 0 0 0 0 0 0 0 0 0 -73.00434209140991, 62.32233906995293 38.03994442103149 503.8869619032798 -150.8410786599853 1132.140670165327 2507.690922268282 792.6681022949774 0 615.4889614381192 1077.84244337977 3344.850395459297 -348.5706642482299 -315.5006809141716 1532.729604730059 -1511.75510590712 0 -234.598176921086 -2144.569618449743 -3356.010708792777 -3166.913924040841 1116.685074572732 -198.3649830399343 -2166.502877144768 0 945.276831425444 934.8541066763291 -2540.783396377494 -1794.886645963262 0 1553.254656616033 565.868049956943 0 518.8368641820205 -366.8324483558804 2239.122221047639 120.0096317248348 -1342.714503649374 -259.28267625519 -886.9247254878183 0 1953.134245455403 467.3927098519869 -322.8733617271419 496.5558896699148 86.93873768117356 2165.050700716535 -995.6251528468034 0 231.4982052018485 -93.44250896773838 2467.251722984966 2762.605515002926 197.4288258395399 -2387.595599339757 -282.5401457125959 0 -2115.118278202011 2392.160389209781 84.06978992824844 3056.189991455384 0 726.2152764700872 5295.996926702606 0 -568.1790146220895 1233.072305482123 3247.49988491742 1856.13646222084 -2756.50634211605 -3133.401110543154 59.15478643489496 0 -230.1112578024569 1897.893948497578 603.9729213408498 4094.925274592056 1901.206279290993 -3450.839628152773 -1865.797742259529 0 -455.3915612840647 -655.8051928349798 -52.03504192093664 -665.005290406599 -2158.358841260305 61.49115759825952 296.9892791208956 0 -242.9458071661023 372.4656914043525 1472.277546491395 0 0 -1382.548930360036 2159.256563896625 0 -363.8685375523955 -1106.133314696704 -262.4500029603123 -3257.499733461802 -327.6114800139686 -158.107188325278 -3073.043652373164 0 -1733.241321765553 -1328.962939975072 0 -153.8617227831733 -897.4566317777515 1337.852842519892 -525.6028443851872 0 0 -770.3028292933888 -5120.524080936922 0 -2068.04894257897 -1822.647661288754 0 0 0 214.2562976254785 1033.017973277244 -520.9729943238685 0 -1413.468209576136 0 0 -201.627961024203 -2527.154879265605 0 0 433.9365202325532 0 755.7203508436173 0 198.6256080869625 802.5285817269644 -2037.290179566608 0 0 0 0 0 -822.0073111456752 0 0 1264.656926060558 0 -155.7976178821177 0 0 0 -1078.856820398403 0 0 0 0 0 0 0 0 200.6138123061994 0 -892.0752241199583 0 0 0 0 0 0 0 0 0 0 0 0 -673.3343378890502 0 0 0 0 0 0 0 0 0 0 0 0 0 0 25.16698212824048, -335.2417807536405 -210.9055010258416 175.5914534349719 -523.5264129708233 92.08326766548076 479.1966850003559 -994.1701897155081 0 -96.35434855869883 -274.7444410829581 -79.29914365600865 -1557.859678050883 736.7815494055517 1676.012940199742 752.7276774571581 0 16.6781250549713 596.8074436436467 -585.9821137732424 69.90092813688835 2811.894076360546 824.2949828486238 -578.3465419693213 0 -1439.243074831131 2311.030448598703 842.0431735736856 -2023.770579810481 0 1235.184923131591 3089.596943172907 0 -183.7120676069989 117.0940298905212 661.3408430452182 1507.653130104906 -1124.126595066385 -2053.946065796532 1843.856066560751 0 26.33905906663068 1691.248362637847 -1649.632964731893 1041.298870481669 980.2796685766265 965.5809402562334 408.4596594097799 0 1055.796888387827 2456.511563052836 710.2207046191101 2463.021364932169 371.6396839951121 -1252.421108329875 1340.365484959674 0 253.1209780418255 1898.602411320897 -1563.677412878002 3194.162520343478 0 -2184.36190230182 4124.912342660592 0 -1356.97284233976 -2865.930004702022 971.8637422490244 292.9187858036713 -2514.402972073422 2031.175960528427 -163.6510148364609 0 2254.27979097937 -2515.13293228035 -1320.521981565251 1073.812315926447 -1880.66807420862 2766.734392740433 1301.660757073957 0 -85.54050988259837 -1720.749824737383 722.7101231971061 500.0692596397143 -16.18773498915414 694.5498507473619 2439.383851806509 0 1181.271326597978 1778.608802290422 616.4583441761082 0 0 945.3929475035568 306.8935119889139 0 -105.7327394630868 791.1405317021827 461.7671341641537 -2896.089260953866 -1280.388105305437 1611.635739271045 -445.1482728082024 0 1154.425451390512 -1068.481500671883 0 654.2119269842567 664.1509209752915 -508.4227152173373 2522.617829749388 0 0 -769.5080125494383 -1134.125673245907 0 -2292.69831145306 1709.128305521538 0 0 0 1969.05562444443 1125.476902514592 2795.022012764365 0 -1435.391724883184 0 0 -277.5661968609964 -1063.574768045444 0 0 1338.459873448811 0 1008.222008924828 0 109.0085700280039 550.1626403093129 414.3570786350892 0 0 0 0 0 -1114.215904786384 0 0 -632.0527288692449 0 -101.5553703645758 0 0 0 -685.6833774598701 0 0 0 0 0 0 0 0 -316.6653572015369 0 -546.0981438683441 0 0 0 0 0 0 0 0 0 0 0 0 79.84673417565261 0 0 0 0 0 0 0 0 0 0 0 0 0 0 -41.50208612386922, 161.122543114172 608.2875353052021 747.7969121037386 -128.5496195347325 -7.918897850376538 -17.41415179239311 -984.4429357888014 0 796.0083787060889 -41.27313213982848 1716.911586652325 1085.389736787097 521.1628422863428 2725.249390915854 3426.258480961156 0 165.4215374533975 3250.788588449972 -804.5497235296555 1826.859873236664 1649.721737450218 -2808.279401262948 1662.404351855934 0 61.663018647554 1522.175121752955 -2625.402089091988 -3127.325538142134 0 -117.718815370486 61.47533333644878 0 -1114.689450313422 594.8972432584459 -2682.877746494812 -1323.820565882316 -340.1704105229932 555.4679828340843 2613.358278206745 0 -53.42294225900332 -737.5811905219578 -2343.938441327917 -456.7079711819801 -344.1697952224133 -3029.914641798949 500.3101991287825 0 1869.596833272308 537.8358258808175 503.0265755757893 1993.016503963321 277.1187095069896 252.0524762182631 -983.1940153945976 0 1388.777059473579 549.0700533926782 -580.9379337781488 2031.721579674889 0 -1723.985861254774 -3888.72826222794 0 327.1640600835387 -778.1387310689572 1547.550986378837 -1656.301386574164 968.1401425332109 517.9710152846242 -1424.108275505594 0 -682.0398678899446 -3594.013958291694 846.4576429539588 2813.019164014567 -3191.314512800487 -1892.775578464435 -9.145326432437514 0 1166.520103698924 1282.772609529015 -430.5884502826686 819.3188253229255 -721.9071067042401 -230.3397935059141 -877.0496706950737 0 2344.568823646354 -1878.32542922778 2104.10404167762 0 0 50.53469829250753 -110.2694684867108 0 276.0301927417765 48.52999514027192 97.7476613657787 -1168.267136908952 -89.0477602441814 4056.783983502579 -2108.509954091852 0 -577.2068298541088 -607.298585716522 0 -1849.767353803568 129.1546187477868 -607.8742390115275 1903.095768215747 0 0 781.916985250677 1105.104573855868 0 1566.694869833325 1717.107945532071 0 0 0 1630.517284553135 -307.5816494850469 -597.2968834133951 0 -117.478652722667 0 0 758.1845990020594 1049.776980263979 0 0 2185.652894777368 0 -1149.255239658141 0 663.4159635668718 132.6319564151421 -562.6708484996742 0 0 0 0 0 -1211.675802438624 0 0 -1034.397938646958 0 -1047.312454029678 0 0 0 191.0866976195972 0 0 0 0 0 0 0 0 1012.379629944843 0 32.54822754465044 0 0 0 0 0 0 0 0 0 0 0 0 1240.601627235946 0 0 0 0 0 0 0 0 0 0 0 0 0 0 158.6110911658853


GFLOW: 0.216 0.2518294404254787 0.2517209174487395 0.4230012303530386 0.4226510316979822 2.898196613080339 2.898120611909446 2.739443349794901 2.739395736165262 -0.2507761141951682 -0.2315356734255374 -0.3290880447449032 -0.3072057320777672
q-corrs 26141.01844693634 47000.63273501665 23460.78550760747 1386.037355117661 -2198.394698086975 -8663.271561143118 -6800.083287238496 0 -2029.82062524282 -2531.942579556804 -784.243962289165 84.74701738308227 541.0596710359939 -451.5329940306458 1868.18366706294 0 -176.2849587055977 3416.326404344221 1541.366539087329 154.6365888281456 1256.847019509592 2287.567976508773 1641.634712205989 0 758.8763223470053 -491.675352216402 -2222.547123716692 -48.54706400907119 0 101.542258282402 177.6342466842281 0 375.9162569871699 -761.6100262200373 -1990.331763266987 -1490.637740023441 -26.85306897160956 -41.48534726795788 -907.4788098680549 0 1076.086171753627 -1439.713873609872 152.8164138929277 664.5767129218511 -401.4895132759663 2136.094328844371 1772.705029627921 0 -1356.283272825599 659.3129880727259 1492.574590534667 1861.862054134542 -321.7308344694009 1863.16117135436 4091.13220989921 0 0.5293089617809414 -1305.157443668936 553.1367230775646 2037.999416532725 0 1153.189230777921 946.1690068634483 0 241.0047253949928 1530.851706276902 -145.8441823171578 237.4026736953255 675.733631946983 710.4046258917283 1525.492889790311 0 -418.304008784854 2738.854518488707 1853.749262040658 781.1925630488961 1130.868451035593 -2057.643932294793 539.2329029604829 0 -914.4209059571973 -637.386685516843 -140.9001256069108 1997.454360651375 347.0802379307547 1677.113133691649 5372.477009664066 0 231.5971659890276 733.0541322924996 -1637.390992025517 0 0 252.116236880484 2149.544270046498 0 263.1439962865919 1482.933157427513 2747.647134305492 2643.737209571945 159.62562130513 16.60762686241699 -264.3159795100644 0 -705.9022519228379 1955.839244537855 0 1623.547429989676 798.2758297182963 944.7656102763511 1542.349771934647 0 0 -172.2501789454109 1158.026237886935 0 209.8543724524922 -1693.562417667763 0 0 0 2200.403184038675 1494.268508866924 1280.964790093508 0 1054.140349949264 0 0 -253.49528693326 187.9930792307109 0 0 -806.508836679802 0 2214.577444949583 0 1217.080443569388 446.3048097367503 1413.604357028018 0 0 0 0 0 574.5011251468327 0 0 122.2129975775255 0 2409.207282546811 0 0 0 499.8647913443156 0 0 0 0 0 0 0 0 923.5388652728614 0 692.5017543751255 0 0 0 0 0 0 0 0 0 0 0 0 1026.528766074009 0 0 0 0 0 0 0 0 0 0 0 0 0 0 242.3514761466934, 7857.729939536487 11835.21757396021 2301.712805122771 -1952.549296126141 -2032.468496979031 -6776.634529118834 -5118.985414154589 0 -1633.508008998506 -2327.580507387073 -615.2196943669049 -839.1303973064169 168.1908561154031 -657.6071940759492 -350.4722714844759 0 305.8443166641641 2731.579030701058 -260.0028973155314 -792.4727287680391 713.0782485801892 404.7994597259651 1336.392526953919 0 916.4857888562753 -1446.10374852678 -2442.783029449351 -417.0380342433972 0 1543.268602563002 -1081.399377233366 0 -588.3582880810108 -1356.91611620501 -870.4602721822553 -1562.154626487015 -384.8863733933347 -749.0126577356701 -639.2759557519205 0 485.4327660448168 -2369.111067033392 -67.11362498359966 757.408279320679 22.56369832548444 708.2006086350447 -64.88968430479503 0 -497.0921564561467 757.04680462224 466.0740728006888 408.4038607487118 -687.2292408417202 -125.6820705813513 1415.748569170148 0 -1506.977568787609 378.5123310960837 133.4835036489746 589.3868543633969 0 -338.8975689420017 -352.284203338506 0 306.5776347704728 -255.4372795738432 -602.3562892438508 -355.542873363287 -72.67639429387737 -2354.517905723258 1451.139242625905 0 -496.5368573657588 1173.499935357767 -2039.345028614692 -1070.531414766834 685.3472266823135 -1487.418994519761 -1261.306120215496 0 -113.0245625855349 -95.40390938375504 -405.3010965483702 489.4840673486324 -288.3990058134691 358.2463224618189 304.4960037712895 0 -452.8828760934773 -1313.357416735985 -1205.273224606523 0 0 -275.5302517372549 1982.427116912998 0 81.96130352681925 -1449.988235420091 1092.788567758913 1357.623038981601 -318.9287013737835 -388.6648277485727 -79.70560806021908 0 -384.3676848506007 1171.907133770548 0 1435.305693235927 -388.8958870772586 1147.406301660032 -523.8937436091375 0 0 13.04656998418939 805.0572391194195 0 810.63459059088 -763.0263816795075 0 0 0 514.8873812202249 1227.803429461746 -543.5416637749051 0 1110.635756911664 0 0 -197.2966765870087 -270.2050595804411 0 0 -377.9625776422968 0 364.5998129822524 0 712.8165039148421 164.8837233165201 -119.6528915945234 0 0 0 0 0 -147.476378109826 0 0 -16.61834369561959 0 281.3953686729118 0 0 0 -158.2740626125094 0 0 0 0 0 0 0 0 476.3117944855735 0 71.96600973704153 0 0 0 0 0 0 0 0 0 0 0 0 591.1305616507248 0 0 0 0 0 0 0 0 0 0 0 0 0 0 105.262019707712, -662.7625760942979 -2881.294448662672 -4170.656296321542 -1865.400202546778 -718.1699033714197 -2216.183187869397 -1590.700181999486 0 -669.9798846093026 -697.1505789776434 139.073607103026 -850.6153748786123 186.2563506002774 -578.4743771607095 -1935.670774067025 0 768.2374224372464 1640.81510704231 -1142.759525063071 -814.4115136417645 338.9070919467142 -1282.163066678431 739.4805827084533 0 -257.1349184356911 -761.5791810801433 -1735.065923925686 -1641.29710431235 0 470.1034107042293 -1206.335771013273 0 -806.171719242389 -997.6664381405773 -1315.805919407536 109.1278888142438 -240.3205335543215 -1908.656710648166 -2126.020960362989 0 -641.2077416010968 -4553.598407239255 535.1554973217308 -481.9837144804276 -606.810790729137 1273.612316088729 -1253.857798971995 0 -128.7065757848895 -261.3946446599705 -117.5142383316713 -723.8350406181576 -1208.860584250662 -2235.791278937301 -980.9027081453929 0 -2199.157805251029 660.8954716515848 -827.3307206060833 -286.5635831532122 0 -1047.176786350233 -1038.131032406514 0 310.7357665563931 -2931.501650656852 -2006.282681619366 -213.7848104158622 -524.3820190155679 -2363.867203359765 137.8959284222069 0 -254.7204814502301 -837.5090032102285 -1753.887621572002 -1859.992382663664 -657.1553388002264 -459.8798255672195 -1684.492433189091 0 -5.644123790526805 -218.3555585200259 113.1312447868735 180.491533452514 745.6535672638303 -565.553355941393 -3394.740646827629 0 -894.3507487055322 -1005.405355239923 1069.330385651047 0 0 538.0646651715524 587.373086968589 0 624.7127413716203 -2040.646046984544 1032.086525885083 -19.95226952258872 -237.6121367752735 -1022.938579804458 -74.42527310298954 0 -115.7763919854428 1453.773263071674 0 403.649790260955 -547.5979774387725 1291.934546729177 -941.8604271172771 0 0 -122.3252734131513 -1447.221001126265 0 548.8503701691479 15.14824638249618 0 0 0 -245.6370466705919 750.6515284228776 -1491.90002481496 0 996.3026280583857 0 0 -96.76164406357186 -1881.553287154805 0 0 6.932935770268781 0 -1186.674671193771 0 438.273768376621 136.7727334176111 -1011.497038965466 0 0 0 0 0 -696.5764239640033 0 0 -967.4503433912746 0 -1253.766684256475 0 0 0 -565.8506803713532 0 0 0 0 0 0 0 0 -1308.748332054423 0 -426.9756819138196 0 0 0 0 0 0 0 0 0 0 0 0 -530.0282860471143 0 0 0 0 0 0 0 0 0 0 0 0 0 0 -51.48331082694257, -350.9075270429136 -1208.184322970161 -1741.519493229201 -1014.064846271574 -305.615743192623 -992.0583559563556 -660.235013315915 0 -646.6450413458606 -476.9311681626431 -250.2814270112813 -131.368111729213 183.4288455759801 -1039.231163752511 -743.087312254889 0 219.6683205234728 527.0742727773547 -1698.492162999622 -33.54712720511003 -900.6580999229373 -2762.085763057195 1542.762637045671 0 -687.2742337416988 -1057.016659249239 -1547.462894858073 -123.8566725096888 0 310.7363892798958 -503.0275863577826 0 -684.1257212818809 -836.7310965632137 -667.8158794806054 91.26863289483254 173.1878240980682 -237.0168073140228 -510.3821890125224 0 249.9976101676997 -1097.558798294624 102.0303101124989 -310.3444719613775 234.0135241848401 2386.675997582855 753.4759311574165 0 -321.1451045369843 1282.567008055503 1423.35392952334 -115.6924828351337 36.64069480015434 1388.075042170312 1240.939834741322 0 923.6049619377279 923.3420991321486 831.6074138828924 698.4119784228535 0 354.4213837102704 2257.201129026205 0 623.0559241836381 769.2937280692246 514.4638686747016 1132.069872358831 129.8605266489402 -37.22979313287624 -991.1362570213302 0 -416.9534543911054 39.49886547328873 286.2837149513837 823.1050191368947 -649.4089760563711 1024.037673198673 328.765490064845 0 210.426156216313 -1446.619180594022 817.8515283403126 840.0508620079488 1206.757827678236 -370.9927117649432 743.6039457169209 0 -1240.17854372386 1346.225964329393 174.346059879374 0 0 872.6244505770844 -178.0987734864725 0 229.177110086371 -641.0271831968371 1664.513229924997 543.7362839522052 -231.1937637327784 -1022.047706882328 585.1655383501179 0 552.5255571816715 496.2256017900532 0 255.2088763783944 111.883373350951 1216.689220419126 -1564.823382281437 0 0 -358.8354928154653 -1012.906349551457 0 -190.5961510827283 272.1644718864302 0 0 0 -181.8367640631653 472.0823248620223 -670.1182243999205 0 -294.4290022152331 0 0 -146.0487689743763 -924.7566826181178 0 0 -58.88506505841045 0 -57.67165384107724 0 21.22004436736648 29.36891933129285 445.726634353714 0 0 0 0 0 -84.06183070571288 0 0 -526.0516361526921 0 323.5762185921027 0 0 0 327.0075456543527 0 0 0 0 0 0 0 0 -931.8585831627636 0 -23.34886146801468 0 0 0 0 0 0 0 0 0 0 0 0 -782.9264884386367 0 0 0 0 0 0 0 0 0 0 0 0 0 0 -110.85300870282, -204.8614835010385 -939.0426823144658 -1332.358562616344 -779.8628093879902 44.59802348098222 201.0292327406589 -43.01166323250314 0 -312.4533475183113 -192.0714296758047 1540.854063178518 798.603620924541 -277.4234967584824 -567.4167491964059 -580.0593405631851 0 298.6375956085311 351.1235337408875 -1908.284385844797 -1417.937557979668 -904.0103974003212 -1779.856678524984 298.4078980792827 0 330.941369828805 -873.1196559031139 -1869.046354668557 -22.44211084918334 0 -727.2913536670471 -501.5398997202381 0 -475.0874129443183 -926.2991067299947 -1178.598410797416 -855.5880856253788 -634.2985182156586 356.5879575399813 72.61684397488034 0 385.3968906188968 -564.9944936263181 -1947.081411859822 -462.3497359819247 574.7599011593236 -305.3048131853142 449.800225721496 0 -438.6794228603788 650.9461110850746 959.3161244659796 -389.1383526207826 -409.0644048777743 498.9893239835761 511.3745666828352 0 -302.0817094652969 -154.6346373889925 749.4702854455974 1661.315125877675 0 676.7584131646457 2186.223409081461 0 347.4250821387697 786.5135662529156 1990.691963273078 1492.161980352094 130.3206141377824 -292.0662838934638 -1221.218574939379 0 -749.2334533484752 597.1738390130996 403.1997434448174 2452.91510329506 51.69254470987056 788.2812458166745 777.4737990169426 0 69.25806027275306 -1089.427795036881 883.8097112175642 -931.8052766014868 710.5138959145901 -139.471207834419 1644.870566804335 0 -302.1562680525211 1139.048144956638 -456.352155357714 0 0 690.6851265835328 -329.3114136643027 0 -563.336131219183 -264.4759874217008 -302.4380562769562 -250.1299778746399 -524.1317370357109 -458.9076804335629 38.40954396711226 0 871.2597173421382 -1192.231886268696 0 -47.81740183626638 -188.8908120663511 1272.943686425923 -878.0122261300789 0 0 -906.8373104677227 -1282.383694705541 0 -399.8900496607757 86.02165876084737 0 0 0 -201.3110384283094 -74.97895035346856 -362.5338085479189 0 -261.1915319645951 0 0 -268.6394401485712 -1243.306052635718 0 0 14.34201482002139 0 440.7997995534706 0 83.92528950125345 -206.0194422406077 -143.3730936762609 0 0 0 0 0 -403.8643925491617 0 0 232.3847330150578 0 684.542177222321 0 0 0 0.4433289544638228 0 0 0 0 0 0 0 0 22.56914202478131 0 43.01122476654059 0 0 0 0 0 0 0 0 0 0 0 0 -425.6621859668329 0 0 0 0 0 0 0 0 0 0 0 0 0 0 -94.53864181685263, -76.29938734451935 -172.0916918177632 104.692774312722 113.1441209679851 560.5627857061078 1533.687744964224 595.2432452372711 0 303.1270919325585 215.3180067958003 1705.299119126012 118.2818273921054 -384.0088456966331 219.6372178393565 -1181.439534650728 0 140.4583767989667 -567.7010576911218 -1687.994979052469 -1404.330311921919 286.9947315941143 -448.6395671454132 -569.7215165375512 0 313.1090589721161 391.7033114343753 -745.2158840449317 -632.5960067366609 0 453.7934326541419 299.4604218096161 0 88.81953081478522 -425.57100864395 670.9297547016129 -76.85150033313676 -452.8587726299557 -239.6142107595409 -754.0987955975525 0 889.2944400451427 696.4769731773237 -629.6426272592539 -15.07685122624309 598.8738018526413 725.3623697550876 290.3961971876084 0 186.6495948371201 261.111437096331 1342.586444861438 749.7466152784764 74.62629042842804 -296.2273797844966 617.1033903488373 0 -903.5959385465119 1615.048838548779 257.9998999868552 1933.464977546654 0 791.7574251674641 3265.08988514287 0 -236.1928275060226 1047.032420224863 2159.622628839295 647.694893505454 -939.6738167009759 -1012.803357807178 17.23311187248692 0 764.5823285914751 1373.470112159061 301.3059865943765 2615.650551346048 630.5945280877783 -629.6403658924878 -257.2610622407677 0 159.1272572969452 -895.0436743723611 117.6970450902862 -748.9236997502155 -778.2247638234644 489.5125135099962 635.9199056233058 0 -64.08311604706614 -392.1393200966936 -433.7649353235079 0 0 -321.1378757463729 67.3827464334048 0 -439.5193158837377 -307.7342479303244 -565.8576550926715 -2131.208473946345 -226.6562592066055 -1135.225611036936 -1348.879450097242 0 -605.1353387089786 -1121.124145663636 0 -136.8227368050698 -331.0572009625561 735.8892580392958 -393.2270587909637 0 0 -930.393763568706 -3027.868803420468 0 -732.7380831901559 -866.3809263182216 0 0 0 84.25113288348086 574.3050313456263 -206.703631184504 0 -631.1794292820431 0 0 -268.3181530966417 -1222.742654107262 0 0 81.55357956360143 0 655.8578413077219 0 132.298734841085 380.284948826679 -715.8462816529625 0 0 0 0 0 -310.3169542325946 0 0 493.0543525535222 0 372.6731665673452 0 0 0 -417.7020948298573 0 0 0 0 0 0 0 0 188.3447953627926 0 -222.951792405951 0 0 0 0 0 0 0 0 0 0 0 0 -217.8134580558619 0 0 0 0 0 0 0 0 0 0 0 0 0 0 -36.26474248246885, -170.9174796489238 -296.2887099502666 -88.0819432553165 -98.95023382763515 0.4718708667932816 173.2521828204541 -225.8668881321273 0 58.53714418705491 -74.29309551975916 190.3307379818062 -248.6200578726846 302.445555992963 799.242775449096 715.6480400391081 0 171.9864899163057 1212.738940886895 -124.7465139526525 193.7662706584898 1339.417521646161 441.443501822363 104.3261433915881 0 -304.9605974584513 1154.91624188641 892.6048454504624 -630.0524431480751 0 854.9810773086086 1090.910193763261 0 -27.39528069280944 104.4330460245509 483.7756246420132 893.4808777648334 -246.9592590840192 -1090.412735925 89.74308926824801 0 107.1664611276593 766.4135347688315 -426.9671337380929 8.567286208052792 741.28878430317 1033.604511597418 43.10820134507415 0 696.7104694798178 737.4218454675909 595.6645639012734 386.53658796653 -275.7803548062517 -1032.173198179107 1040.513993905296 0 418.8195902207329 2249.339529405676 -774.7080626670265 1480.211054680506 0 -557.4662730980577 2056.601771099858 0 -609.8605890504673 -485.9246630504224 1278.400672240852 153.4619166435226 -987.4829473308359 968.3458725854155 81.2643982971839 0 992.0302284304971 -939.3692070438324 -301.5814432971451 1552.976824615346 -679.2120079289657 1124.533052030405 1002.534155019357 0 82.04530569029492 -1067.842904684383 123.3309457013869 149.3598301198145 -124.1570657511011 229.108725067774 574.2806957441996 0 441.3429842886671 -314.7664984955913 236.0605993869859 0 0 432.415605553704 -390.7510825316714 0 -146.4695572558585 871.9693349453463 126.7292818158298 -1719.168868405199 -538.9212291028706 -171.7432708590102 -788.6066871665123 0 -138.7708673905154 -677.7632165068076 0 230.2120001843247 497.2599928327252 -1.700877705141778 1356.149014570071 0 0 -578.448210338005 -1329.479201642426 0 -691.0707383646669 172.3714215425285 0 0 0 1227.514256044681 805.3029460802024 1245.100841889182 0 -530.982283670317 0 0 -117.7041446570116 -114.0846931345311 0 0 439.2970798647226 0 641.5027526017217 0 161.5395672773129 379.7275111996338 443.4131914098895 0 0 0 0 0 -274.6607022663927 0 0 -238.6279333975285 0 156.0269949024719 0 0 0 -142.9473453749921 0 0 0 0 0 0 0 0 -234.7677371964915 0 -87.41319011332692 0 0 0 0 0 0 0 0 0 0 0 0 53.76593074885838 0 0 0 0 0 0 0 0 0 0 0 0 0 0 29.11160204155106, -5.002548890291109 90.4376857956014 218.0514853732759 -14.16976953919715 90.03878676018769 305.4562406118128 -130.6855150529276 0 287.7785061070139 68.94471789089494 799.2781317461895 748.9384145232746 427.0975735396053 1452.883367955234 1923.485506762316 0 112.4738553301257 1910.916241235713 244.5435008870302 768.0262703336318 943.8642251060915 -563.9483621443592 604.7512713435508 0 -102.458139105154 511.935471891706 -1251.123219462736 -1045.77763104635 0 -870.4792833965321 184.0298458776522 0 -437.7063282052187 -173.0772136862978 -1014.36543827178 -327.349545629183 -1059.797379977816 -390.8385438014831 684.2298208780546 0 -87.61857903834468 -288.7476663325484 -1469.854779301248 -59.92642541538424 307.7437577612993 -1220.814346886986 238.7666902434339 0 899.5909825321443 519.321317430195 605.6077965800919 404.1713943577279 -365.3147239905642 -221.7254507131601 -984.6065096659991 0 261.8057771465943 707.4269762671603 -419.7584120757895 121.5456709656365 0 -1481.438055143778 -1601.337335276383 0 100.414496587731 -88.4876324264809 1354.729131836983 -823.145403847086 232.8184033709762 -48.35536291347091 -967.7701938428528 0 -784.2771060427751 -1585.900798762196 3.978294054128924 1156.798957046885 -1368.872885772681 -541.1628854829689 150.2179062922203 0 593.919002488002 331.4543234325922 -382.2870006136731 256.4486692268115 -290.3987529040639 -102.5806791960521 -469.8746685898749 0 932.5155733858501 -1152.095636050193 1151.312554714589 0 0 360.7777527310456 -538.2354970584963 0 17.43353499241535 539.5730321931608 564.399810038151 -519.1201003964732 -131.5567183966958 1105.915062079333 -780.1921364576758 0 -594.8023355555804 -433.3739394786695 0 -284.3158398826191 314.8650184444094 -305.7656146057461 679.4026504216987 0 0 499.838201501512 590.8357894305059 0 364.5667722457497 965.4917166210327 0 0 0 760.304501380167 281.9071359759016 68.94250072972864 0 -391.3097606298679 0 0 380.0641607128932 823.8229560001207 0 0 1017.659575573521 0 -103.5504222027425 0 217.0679483777613 230.5865732050024 -139.8449990544266 0 0 0 0 0 -382.4919508159311 0 0 -240.6252783670544 0 76.12125396881508 0 0 0 -66.08696596434235 0 0 0 0 0 0 0 0 426.908297342104 0 165.3882334889964 0 0 0 0 0 0 0 0 0 0 0 0 496.2964101743839 0 0 0 0 0 0 0 0 0 0 0 0 0 0 72.08058313649485


GFLOW: 0.288 0.1729050881954573 0.1731077331296666 0.2728272166880398 0.2729860222852545 2.942156703211564 2.942088821599884 2.837224398306813 2.837033950774899 -0.1444595415620748 -0.1060711158735064 -0.1794236155075745 -0.1352853793395044
q-corrs 12280.24352467051 28558.81941478013 20404.32460092038 3867.21496839117 42.09790285493517 -3089.062986990885 -3626.586277272329 0 -1412.047586824633 -2147.912444898437 -1078.667920789743 -543.8738303457333 139.0433550342045 -538.3032126590033 419.7754409023728 0 -28.26522086653629 1573.728391566987 486.1768365490719 -74.71372790449472 600.0141839459214 1131.786994718251 754.5096574167712 0 401.8879434418257 -518.2364112218836 -1332.177319199352 -46.18986600334636 0 -87.05834042771718 -22.49861900736357 0 46.98072516814569 -522.7579799367611 -1200.598756468105 -1038.805997601326 -158.7001222996737 -214.98519157633 -741.4811975416987 0 451.6994069085865 -948.0920734025883 -59.87079150411921 -33.6186453919496 -245.8379513467542 690.6043018989994 253.2940776020097 0 -708.9541035624341 -75.60692863116711 788.2232925075607 1001.284892045563 -266.501114301714 661.9141538401924 1834.656819750217 0 -224.5444284606969 -931.9993769118253 332.4673383622633 687.1565068952395 0 671.9858304650782 124.2074258351131 0 197.3308592148417 912.1984821680965 -545.6645842809348 25.6236587632808 359.281492819007 -83.69279375731654 977.9536555494465 0 -13.61745513037854 1653.107798508205 486.3202973446618 174.8301172464795 953.9083393396095 -839.4576985273193 247.5805288146664 0 -569.9195829606749 -265.360713784967 -83.64371233913104 1326.37796819289 59.04717059957901 1216.182537618642 3167.954256301926 0 161.5900806497179 865.3440886692842 -821.2238067996699 0 0 9.856884277999072 1571.654224028518 0 224.6013477600084 943.5362582359155 1724.763127869341 1511.601593829804 121.175072879784 280.9826158390027 -102.9157306442934 0 -304.3415152130987 1064.365409524855 0 777.6205744884235 509.1074475293154 693.9610510019982 1279.351735722247 0 0 55.49127690036698 630.4458702744322 0 403.8546850529544 -995.5273567450179 0 0 0 1549.937671164106 638.2784737750915 618.4086470333808 0 901.2339018041926 0 0 -135.77926976016 126.3579371748805 0 0 -452.2205963618839 0 1516.159080970345 0 841.0457882579746 200.1098357007379 730.5891159369298 0 0 0 0 0 287.9712026007348 0 0 390.1444889948871 0 1547.527482920457 0 0 0 208.759675678849 0 0 0 0 0 0 0 0 827.0293702064109 0 418.1673073991249 0 0 0 0 0 0 0 0 0 0 0 0 617.6298034767419 0 0 0 0 0 0 0 0 0 0 0 0 0 0 132.4737716693541, 4730.849758716022 10111.61401393223 5730.504341895426 221.6106505927828 -763.9444540667383 -3779.636613213101 -3444.924213140874 0 -1212.300190827172 -1908.346911454532 -931.9053336278665 -818.0374943772249 31.50591624132295 -665.1851899951108 -472.4595532715742 0 198.2529538971399 1397.195498588428 -220.2910597394085 -461.2115867736696 240.0468000497505 156.908661281582 795.4830585547511 0 382.1387747322712 -775.3856017456628 -1358.991540303085 -86.07017917350913 0 450.4025845288966 -473.3873161963272 0 -330.8036577390926 -774.9336707875009 -630.7317195178814 -823.1405808814964 -237.9074154782207 -488.690648468496 -718.6507996019508 0 179.8933891502191 -1264.55772793493 -120.226616016883 49.33678901867191 -119.3998528773756 233.4755660464946 -115.9579943996555 0 -251.3002087678385 -16.93476500761324 421.6797974488223 281.8288700501361 -407.5228329927027 -214.5497853137733 437.7580392793398 0 -816.0039121763846 -40.35861739933102 51.43641741638257 247.5737775807838 0 -225.3345346834001 -571.1825122577845 0 226.7752461661074 25.80938796559974 -667.5588691497185 -345.760364483516 83.31031221484329 -1414.454190171424 648.1716867556825 0 -257.5084872574777 709.9002851165183 -1186.100192813791 -777.7306097417237 493.2581214432215 -948.8791320760522 -577.9547744438014 0 -273.5834326432882 -193.1828961594158 -286.9287050496636 547.0591415248877 -282.6828530249848 500.2975200858871 522.6146892287735 0 -332.7866065669235 -294.3263810429801 -416.9584830865385 0 0 -182.3364615917226 1252.796024281536 0 204.0644457323215 -665.979588296151 1051.447287724435 930.6921449916498 -54.47816899573405 -18.38844544222474 30.94778118280296 0 -119.6971574983049 1005.260709209436 0 739.5957860289402 -155.4098229207603 827.0032243866456 -18.29801204369619 0 0 146.954040088339 544.7547637961331 0 633.5314447888252 -400.2267672668801 0 0 0 451.6062205965758 714.0847336101625 -299.4332081563755 0 812.3231205260824 0 0 -60.71357834587226 -123.6545928120986 0 0 -219.5893970602171 0 405.6228585173127 0 538.8435967876349 136.846520168905 -120.9905927034733 0 0 0 0 0 -20.81114854660564 0 0 115.4518733685132 0 457.0929757600768 0 0 0 -113.0384204219872 0 0 0 0 0 0 0 0 325.0443998865811 0 107.1047831473311 0 0 0 0 0 0 0 0 0 0 0 0 276.0635874889427 0 0 0 0 0 0 0 0 0 0 0 0 0 0 48.8478971674863, -196.9552749026439 -1390.159845441881 -2518.015614798237 -1353.528986588999 -676.8946839210745 -2230.158984274908 -1712.579593195723 0 -595.3042790939999 -739.6318613866913 -271.798665705465 -607.6843168927978 101.2098828377862 -578.9551952063518 -1036.93212325452 0 333.1736542353448 840.6532411673661 -765.4061303214696 -567.3164749331954 -84.44305155732468 -849.9639727012125 471.1005538492579 0 -188.2855993525897 -648.8853375172499 -1277.90410704468 -715.2525850726105 0 -170.4967350903449 -719.3362809636309 0 -448.2452332776133 -750.7280551902013 -844.4916132272111 -61.15595673072801 -247.0952494076042 -998.4112863866901 -1293.181146629962 0 -321.3686565301217 -2274.764182436825 122.1536378411218 -350.4086584729623 -294.119107884474 443.8653108600701 -316.5615279844523 0 -37.59130571037642 -83.29302216725148 -46.01491426798975 -426.9744487771172 -557.3838748272317 -1013.853012366557 -660.8331363490958 0 -980.8719348439874 557.2404202189472 -307.9098453656568 -28.8520836255226 0 -806.2328358310485 -612.4084249099066 0 250.9588076345093 -1351.648785258449 -775.8593918424963 -50.03827565550165 -150.6491804112844 -1217.900204588209 -258.45192354427 0 -210.3330961137714 -467.649021929965 -834.1821785257971 -1163.787489451466 -427.3888068241363 -300.132513247877 -881.8497505528296 0 -129.1639850418542 -237.2587745842309 115.1223547615092 304.3990093906186 291.3414878334003 -269.1784183163068 -1692.996372358687 0 -740.3608700100568 -273.4440366716098 326.8931815506378 0 0 217.6240100935509 450.0108030023879 0 484.4633708547659 -1281.770943415726 918.139293913558 -37.42192505093266 -133.8331987944019 -771.39079428543 34.15475063066413 0 68.0784456187433 1047.014451103283 0 282.9691199819181 -403.1822998170541 873.1619520102588 -939.4174856659226 0 0 20.66003471298853 -641.5847344650931 0 406.8905682836481 118.4277354069983 0 0 0 -321.8856576041528 460.6150923173996 -1113.930273264211 0 415.633883826102 0 0 -24.14618897423304 -978.0333766612272 0 0 19.14014555643667 0 -782.8673417411344 0 196.0449365283856 58.47038517334475 -941.6299078332592 0 0 0 0 0 -354.692867228042 0 0 -552.6210244007749 0 -835.2392876246082 0 0 0 -369.309888605781 0 0 0 0 0 0 0 0 -907.9427720951724 0 -291.1063819370443 0 0 0 0 0 0 0 0 0 0 0 0 -474.3095109234097 0 0 0 0 0 0 0 0 0 0 0 0 0 0 -81.11530831490926, -287.0450218314602 -1098.541260626366 -1505.509690849326 -731.5018007619956 -321.4705326046108 -962.510365296637 -635.6933343237861 0 -347.0640897736862 -224.2407940064116 -186.9538007663319 -242.3474204631959 194.4608547475219 -634.534674091496 -610.2486539373751 0 49.46188296770201 230.5328639396753 -1216.67482430266 -394.0197108121294 -653.2444601651886 -1480.709635580944 686.9851402446891 0 -299.5272525984052 -941.0488051672993 -1352.304967776291 -257.7067627953987 0 -199.5214467776555 -358.9822697976786 0 -520.7048923386905 -710.7426737606013 -670.8837445885106 -9.115551465907274 -47.45044129036381 -271.2294529927556 -496.2518122790747 0 54.74378589260046 -1036.024839616163 -215.0356466114653 -291.8772862585477 82.93261520936474 960.4158844494823 634.3721428570426 0 -146.6239275459989 675.9444657003307 313.6041415789263 -296.44784324271 69.33056867645212 528.7453267720666 285.722770985579 0 219.2955335129368 546.1209845685771 386.9439940728712 614.488014734452 0 35.69607523961596 1233.196699653995 0 289.7566794922019 186.9670925689644 493.7910415865701 774.5121356950253 46.68378031345117 120.7029297238439 -700.5695111991621 0 -74.19985108293375 -104.4460849381004 754.4713381749513 253.7637663098998 -343.4308995139362 537.1227173182081 70.77058416323513 0 59.96233284229413 -583.2568814408064 585.1294014956464 404.6371191495722 670.1143032070703 -251.3267913100636 -102.152944189303 0 -826.8062784539693 1026.77076855969 -172.1858907868683 0 0 494.0899268604277 -73.87382423720396 0 262.4024254303469 -566.3699749847415 931.3111002030452 -192.291388243013 -167.6256655246609 -1238.409093705041 329.4436470205072 0 387.1435256887007 285.5886277255091 0 50.30924936872967 -46.69300513681613 697.8742369728209 -1359.262684524413 0 0 -193.0327445212826 -946.2405792505298 0 -186.0445412760473 312.1131809716342 0 0 0 -126.9015588213948 125.4919251437134 -651.4779867285142 0 -384.6479851236805 0 0 -98.16641921950981 -737.5151766116908 0 0 37.63678895984512 0 -183.376058086283 0 -3.314673961796359 -51.97293375729165 -222.6975547946385 0 0 0 0 0 -164.9894096911455 0 0 -356.0985222135227 0 -210.6997028380069 0 0 0 20.26514728518217 0 0 0 0 0 0 0 0 -759.7066717676805 0 -127.1330518283569 0 0 0 0 0 0 0 0 0 0 0 0 -535.8495184032755 0 0 0 0 0 0 0 0 0 0 0 0 0 0 -95.44491418024063, -202.1108626908608 -795.0350395649798 -1021.91054553334 -474.7062033398007 -27.67491432023024 -36.79851447260637 -151.6678674999386 0 -157.195865048742 -120.4117819381784 787.4073534935022 358.2336407735916 -100.8311545173905 -431.5774602297124 -666.5873055008611 0 122.6087026238731 172.5677792440744 -1105.081760110062 -906.0300581620029 -562.6510208192688 -936.5508009124796 268.9071477400566 0 188.4723852818704 -837.2478397844849 -1376.601838358352 84.26843458697233 0 -364.089865986061 -46.22591685869855 0 -497.5215271186922 -740.3569606002346 -748.3208667181879 -609.4043787358805 -386.7354252071219 248.939636180329 -83.30384398393679 0 312.0806114006601 -469.7394922739869 -1294.308696658689 -297.1898573401302 407.2088734908752 -136.6551312160551 650.9318980877317 0 -186.4849223017432 649.38454183112 273.3160618802059 -259.0399939336834 50.36184888608624 644.2945876776255 373.597427306352 0 65.88693375333554 195.108714177575 575.7827682547287 1191.110348788573 0 522.1246322847396 1777.501763532807 0 167.665706758909 963.7451584531708 1516.914463744295 771.7404100987343 106.5884707652135 285.7894300439253 -425.0289134238965 0 30.39292169056678 586.0233340988912 893.7136971555477 1491.041000104072 101.9585039757994 591.7823052474416 520.2493434807084 0 176.9058958728521 -446.9560631963789 443.4205344104315 -284.2844902412662 451.0171166502989 24.18471401048697 872.6494902955752 0 -273.9013246677356 898.3358402160425 -270.1538156569607 0 0 481.97555627796 -216.2915448465919 0 -258.8896342613249 -170.8107860674327 -23.29206465173824 -409.9778446391592 -233.4735098342331 -752.2325695295292 8.755336244279107 0 432.1766434262178 -572.304520376221 0 -76.53518177325677 -73.78576880361912 586.9311355023231 -755.232562438222 0 0 -528.1654803296913 -1087.813113825781 0 -268.8724996131409 19.78225940519803 0 0 0 -49.50323074291391 -35.88233863576053 -312.0135194078341 0 -356.2194612631477 0 0 -173.6568227690973 -697.1085168239746 0 0 -12.74155367873698 0 283.8860617785939 0 14.96478798678285 -107.2746985253161 -172.5112371920002 0 0 0 0 0 -217.661549489495 0 0 85.98776315029272 0 338.7722479398132 0 0 0 -26.62050306728919 0 0 0 0 0 0 0 0 -79.00667807494743 0 32.71543764797646 0 0 0 0 0 0 0 0 0 0 0 0 -234.9160358209543 0 0 0 0 0 0 0 0 0 0 0 0 0 0 -64.64513751400392, -96.12849415050493 -253.8572036947431 -114.9294267161078 17.85659491019243 285.5691273496222 873.5173536154922 378.9133483337715 0 143.338345362872 93.34253629287144 941.7572363544099 219.2351223345407 -216.4896435885196 -69.65045778924762 -743.0978167607602 0 138.3030454237472 -69.62165585989001 -718.6919785824429 -707.9408245290538 42.80491329240522 -261.9318727709707 -112.4657392894941 0 166.0439776244727 -13.08606814480606 -456.1444958836892 -148.5433870722042 0 160.621683363742 209.8949571900761 0 -101.7802415061915 -289.1993604233047 89.36701892281383 -145.0056848460139 -267.4363471323003 -176.3913180772238 -412.9736718121762 0 405.3965613421385 331.021652450388 -538.8279907283946 -91.19270592059522 472.4501422286212 292.865573177066 464.2442085000513 0 131.6601359468339 368.5259096772435 552.9685915896063 176.8929336150367 130.5740235670149 327.3909387329256 633.2860429313099 0 -136.6303821107306 1068.711802911438 351.9938121843459 1329.193408721199 0 763.0746784899803 2222.951361448847 0 -118.4537436040182 851.4585636822277 1627.000574452613 237.0910746227793 -264.2819623894197 -97.46664499308386 -36.35369264220606 0 747.5406852968183 957.5296546629551 379.8645410289972 1730.714197813389 183.3167299331361 52.93929916808588 119.0222246032999 0 241.664429784532 -655.5573952239083 38.01581018160113 -545.4473206959649 -254.8527094321061 387.4970762654604 520.024830414229 0 -142.0667931133632 -466.3451901299862 -560.4063891169052 0 0 -26.38387686907663 -403.478185645295 0 -384.8941261293198 10.70080651802351 -530.7789949270743 -1306.436817385809 -189.8073797373295 -1055.147600349288 -765.9574130354779 0 -261.7920603220146 -765.0447004812753 0 -166.1227795337768 -80.93358359813936 299.3789198066081 -207.018174564893 0 0 -721.1443107823225 -1885.154446595248 0 -338.5382137057058 -563.5138122833145 0 0 0 90.03205248632861 244.5438742319268 -25.04481664995495 0 -314.3604017116313 0 0 -207.2189155144499 -562.5052468030426 0 0 -31.17776243418906 0 405.6575845267469 0 67.984147139021 155.6548815896344 -171.8364504290475 0 0 0 0 0 -101.4908474568024 0 0 183.6272510407925 0 341.049837330659 0 0 0 -126.0902309671029 0 0 0 0 0 0 0 0 81.12756656729684 0 -11.4361475055521 0 0 0 0 0 0 0 0 0 0 0 0 -93.90776581983383 0 0 0 0 0 0 0 0 0 0 0 0 0 0 -29.11073742408583, -104.2172040952514 -266.9634963679699 -182.6453247198082 -63.33234155841481 16.8393228434751 182.7448277225128 39.19312486379948 0 82.86322267638472 97.38789321131813 297.9238036830681 149.9300692994668 147.0338629465547 389.6751382556278 508.8757008229527 0 119.8350842115373 930.8458269045366 181.5988683196452 115.4279634811651 680.1300705606823 429.0825019607898 156.6384740849347 0 10.63015583745721 457.7270856314368 466.1218918788311 -153.793038837985 0 424.843129309803 546.1749828262721 0 -30.64473613079843 146.1690767179608 220.1331786540749 454.8297041254207 -195.483373040349 -731.6593144101118 -183.3228123935519 0 41.44857829145614 403.0317850804315 -84.02094196173607 34.08283929715111 467.0278881298815 669.5529034103338 139.0842104948034 0 457.0094351013341 357.3721221474615 435.1076375284067 0.7984612512703109 -200.0575317996374 -298.3990921274177 763.0459986711035 0 428.9950068233471 1679.759194525533 -256.2171018428829 923.2443589608979 0 94.29551948133152 1333.841412930203 0 -291.5515603011444 117.80801411407 1240.053714213496 44.13566088507756 -242.8739527694437 518.4420936414305 117.8703446105389 0 497.8770747309289 -249.1488481486854 -23.6314492545938 1192.891993972578 -316.069922024015 670.1806699809526 560.9246803083483 0 117.510998894938 -625.2496475623952 -14.99260398771616 -37.7077461548065 -44.66718764613938 70.93169269050492 230.131486901513 0 109.8089142189041 -696.6291389116604 -6.197912691169961 0 0 234.4839815395554 -589.4377907461326 0 -183.5258549041564 646.552480614073 -151.5672285796173 -1047.270094857885 -262.0566105928258 -598.2669584447008 -742.2821014029095 0 -332.6515940338742 -495.5969210435566 0 -18.64983526180089 314.6716829023601 -24.91388433411517 731.1058632245209 0 0 -419.5388519698591 -1082.404838171472 0 -262.424840558697 -308.2535758011208 0 0 0 694.7357667867655 418.4319180670412 583.6308950085449 0 -187.0376728238847 0 0 -75.13936318190521 59.2827076642008 0 0 112.5587326625171 0 479.7651983789921 0 124.7754368927412 230.1793237195897 324.3909269349635 0 0 0 0 0 -11.52198050117842 0 0 -35.89089955053828 0 313.0525144923709 0 0 0 11.11831031713534 0 0 0 0 0 0 0 0 -25.52513517851366 0 65.78103051056696 0 0 0 0 0 0 0 0 0 0 0 0 47.64532485032469 0 0 0 0 0 0 0 0 0 0 0 0 0 0 18.57336066870873, -47.42942587924153 -124.1746087187405 -85.89650848007057 -43.9483513563157 17.02429067444464 161.3847596137476 81.8527575617797 0 153.9440495396392 230.4913537687856 482.123345177887 558.6920700110518 260.5167571919402 780.1263442521489 1234.021669310333 0 81.58056873669557 1188.820396641627 425.1687955927812 342.4319283873468 552.7862750689978 111.287747393484 230.0324972587393 0 -89.01902406057366 88.11688364617839 -684.374649754152 -366.4165518410337 0 -693.7047525873311 172.122718695456 0 -225.5103871055651 -265.3420543929096 -318.7192650467568 -10.87902806073623 -933.1566993743199 -587.9218046681751 -28.80937424765338 0 -86.50443615731179 -120.7196677393758 -755.9236834641044 69.76933458460692 276.8087015161824 -618.2125434892091 211.4694562987292 0 486.797308052773 344.8428014447087 412.0936297286059 85.36912792164404 -307.7022465416524 -217.637708343064 -614.0712552813511 0 -31.83315572207746 631.4271857012925 -184.3029177167329 -205.4374077265572 0 -964.855005168901 -950.6233377929985 0 63.37648597424131 29.72252187620657 1078.041908279305 -517.5129425085445 135.4742896215092 -118.2176896752544 -606.74007834882 0 -547.5751107045943 -793.720760437413 -345.8736913554403 624.0244361832621 -678.7345684597086 -141.8395621127245 132.1751763371232 0 284.535667183734 -65.22366283786607 -309.1715574158477 97.56326985645185 -107.2006041902181 -101.1513250944803 -153.4831345629324 0 393.8746242752241 -755.5064895136305 579.661862182742 0 0 291.4580024859717 -484.1308059497366 0 -13.3884129043814 513.5121379173362 383.0166281612874 -215.189396833109 -31.63773691072083 159.2660101349143 -338.4969718207842 0 -404.0748752536843 -265.9294472800363 0 -9.313431204617473 222.9595040256365 -166.0914898419711 346.0039675498014 0 0 332.9342818383319 342.9303765272613 0 12.33979558314869 495.5302426601907 0 0 0 403.1001176883794 340.6884227457447 138.8084067577172 0 -236.1810637605317 0 0 218.7562043243891 495.555630442495 0 0 491.5582246005044 0 186.9915884960661 0 103.9623480919703 206.3817905549739 -25.50139168319211 0 0 0 0 0 -120.5468028324703 0 0 4.197260102323838 0 336.9161693705384 0 0 0 -59.64201107203579 0 0 0 0 0 0 0 0 296.1585654505963 0 170.3786498135383 0 0 0 0 0 0 0 0 0 0 0 0 267.4153285355595 0 0 0 0 0 0 0 0 0 0 0 0 0 0 41.25385108246851


GFLOW: 0.36 0.1252068491338581 0.1255615408732686 0.1875838302788339 0.1880125882401339 2.963588521483812 2.963506917141078 2.890024895285471 2.889744053422335 -0.09424567320912192 -0.05481492697683328 -0.1115159209114571 -0.06720044190390309
q-corrs 6404.558544642729 17662.77220906118 15523.34996104183 4128.388973499201 958.0861355939518 103.4767577907819 -1295.357193802054 0 -881.8379676693703 -1572.985152899594 -994.0089837523094 -684.8115049743444 -32.59570061616408 -614.7017922049979 -317.1418069906122 0 -28.64964949466207 580.7238980559605 28.53856745008865 -178.933453601022 190.9735344206515 473.8041022137131 385.0605854280806 0 222.1125575932471 -410.0061872399286 -841.5312437896512 -38.61768198786772 0 -69.75312270181551 -38.79840193777164 0 -38.43466901017257 -350.7112749491387 -638.6167003197871 -635.4296429765155 -175.3116292501296 -238.0384121441804 -648.7366209789413 0 179.9568152529505 -644.8083339101123 -132.1032810184697 -188.8521807530037 -205.367355879324 110.6505695663271 -169.5965021447242 0 -370.9876912210477 -355.7734806976006 361.1943237809919 599.3014423228276 -203.4107028238045 140.8134077034449 762.6433637110271 0 -307.1321394386404 -583.0899628239226 147.8678298008095 122.8278412743641 0 376.3862465118951 -102.9823352138441 0 139.6354406706367 520.8897167468406 -519.348670763941 -69.9844485500866 275.4910442616653 -258.9652744815713 627.263607396402 0 144.771326968817 991.1212321632362 76.28023965520681 -41.80384787905093 662.7160245676712 -224.8371532352269 164.197613585958 0 -371.4342345189111 -34.27342235830211 -64.59246312406231 931.7787540714859 -93.19403415835262 785.6835168730267 1894.005193347998 0 179.1995860777801 709.3745159590321 -133.5644027633349 0 0 -20.09567558016155 1087.622014218697 0 214.8210522595207 595.4408935036838 1079.967415386258 967.4658014389433 77.32623651923126 402.2225844050005 -1.480294010003362 0 -70.32198757523288 729.3718592237939 0 402.0692797651092 316.5854615215255 505.1822183640036 961.296200620204 0 0 65.51683800337591 379.1396336395981 0 385.612069132143 -525.2392715062392 0 0 0 1036.836884309826 289.088284928462 341.6762638665448 0 663.5685985380301 0 0 -65.32296209005692 21.72785007428985 0 0 -252.0380479294855 0 1068.792507611516 0 570.5187768408728 74.75376944568737 376.994404374695 0 0 0 0 0 116.8076183825445 0 0 373.752817621933 0 1058.096383519182 0 0 0 87.12502353919453 0 0 0 0 0 0 0 0 621.1249923879956 0 263.4568554348598 0 0 0 0 0 0 0 0 0 0 0 0 372.6824134559553 0 0 0 0 0 0 0 0 0 0 0 0 0 0 72.72914794482728, 2910.478385868537 7640.390684851147 6041.385818605372 1211.063689096381 6.082761255892777 -1463.524123304368 -1844.879215296952 0 -830.987453896003 -1457.360435042969 -887.4364733185946 -739.032482498249 -51.48356616949808 -635.209747613416 -617.1324114373681 0 74.556972375949 555.5942146759264 -262.05310528798 -331.9020595857864 3.666932294914602 -23.06127660539573 433.4707410713081 0 159.7386920939064 -495.8781313214585 -875.779032742032 -33.93677511474423 0 64.21949970134749 -236.5554297657949 0 -199.159376670824 -487.5892683328678 -399.2717596704563 -494.3535676413832 -191.1816429927094 -324.3796121322926 -638.9014410227811 0 45.0975074689747 -765.2739638260957 -171.9559273042702 -139.2676083206297 -145.6768983702148 -7.063369824541951 -167.7498451964024 0 -144.4861052700053 -241.5884088035478 238.0236884813477 203.8627197223202 -247.5047830593728 -238.448024629445 62.38242876149377 0 -499.2707484790387 -130.716482959549 -10.40572111220214 -15.23666339967383 0 -102.6732317186803 -483.0143296819355 0 153.0823326383789 15.90655488862238 -525.0308353337787 -246.8263033617505 129.8619678042605 -865.113237335117 327.8547037574405 0 -67.47228043936124 428.6664938404829 -691.8801828821045 -508.1864818846395 319.7479664958246 -431.1442443262819 -270.9698467488215 0 -263.8388056920564 -143.1646645796506 -169.7015851077807 495.1463180549239 -253.6797306647194 403.1652121281721 520.3720751699182 0 -148.3019176261698 65.06187583047944 -4.943715159179931 0 0 -120.6187800095359 819.5657804680231 0 218.2645420020128 -266.2946486526837 792.2703239125958 666.4721530800373 15.64829045191327 146.2362211012731 76.7685035477341 0 7.768497050835123 763.1772431221646 0 412.6250826785486 -45.51709572559842 566.8641375344458 151.0582362222736 0 0 133.28886913138 380.2045795302752 0 459.0907980474773 -173.9064747103094 0 0 0 353.0802800455711 408.4303500275381 -164.4346945708438 0 543.0969697829646 0 0 -15.00507147119163 -81.11435201418868 0 0 -114.6669658385766 0 358.4499305697592 0 363.4760307128429 82.06705934113121 -100.5246155724977 0 0 0 0 0 -11.67870163906836 0 0 126.8902301617508 0 395.5697241097525 0 0 0 -75.39345411338408 0 0 0 0 0 0 0 0 218.2580225321927 0 83.97840766074664 0 0 0 0 0 0 0 0 0 0 0 0 131.6767161440535 0 0 0 0 0 0 0 0 0 0 0 0 0 0 20.63733424247152, 27.57079895569946 -423.6440485787153 -1211.097405079001 -802.7910697465015 -485.2069507066343 -1721.785295071501 -1403.188380057913 0 -505.513357424835 -738.2349666006198 -437.422857731301 -501.7318008362661 34.62746783935626 -524.9133663883505 -700.2206577313766 0 121.3509027854243 341.9227149811838 -564.2913913286121 -405.2263780799994 -212.557805791137 -592.7874273217454 276.6177094002833 0 -119.934255890314 -526.4685296119426 -970.5489002945537 -350.643231686811 0 -312.3710031623127 -456.1169895325686 0 -279.7138391495973 -542.5550204147308 -527.2275140114816 -154.7579395103396 -216.9029560716288 -534.9292639140446 -824.3217597948437 0 -191.6190541283541 -1234.114684160612 -75.81732227809715 -246.3583100520175 -152.0815918742043 117.8084778969861 -62.99301774186182 0 -25.58303916475558 -15.86953378694494 -72.53776949976634 -274.252313390982 -247.3347830913566 -499.3390091152266 -459.8870821213378 0 -449.2005659906175 307.2193276429154 -132.1158859289765 -26.21157041156269 0 -450.1207795255056 -322.5643283279135 0 158.3336293289524 -670.2996566387012 -369.9878039651776 43.06713637183594 -37.87570670919081 -650.4910668447591 -276.5438921492128 0 -135.1477487503716 -281.535522123645 -373.4401032683858 -694.6208298588259 -237.8509765503949 -180.2657064330403 -439.4768369539888 0 -142.0381551216633 -199.2178290914647 105.5386091418362 269.1276567168575 101.8969108444014 -126.0980132660931 -836.1908148057647 0 -512.7282106087063 44.57304503259502 114.4189873787415 0 0 86.35786305304993 304.0111202720593 0 345.36959549242 -766.468094636243 653.7938167670086 2.488913980694832 -68.79921682611253 -541.0521826571239 93.45651121042775 0 121.4636054154416 693.2851098830121 0 204.1652537355464 -248.0483593796117 562.3001638523552 -746.2989904715657 0 0 50.65887717699745 -288.0697945471765 0 232.1550452114456 150.0463704720635 0 0 0 -288.889010699913 306.3645132372436 -749.8399827844646 0 115.0946998436284 0 0 -0.4597262606732073 -524.7788239067395 0 0 27.0832140742205 0 -535.5458706471902 0 44.84576612994594 43.29022636379558 -697.8814274850499 0 0 0 0 0 -185.4155431782079 0 0 -345.7470676039405 0 -591.9264168170364 0 0 0 -239.7893530866672 0 0 0 0 0 0 0 0 -623.6477848383445 0 -204.6249618622481 0 0 0 0 0 0 0 0 0 0 0 0 -368.2150168379957 0 0 0 0 0 0 0 0 0 0 0 0 0 0 -72.53858184774565, -208.2251327230464 -847.7493375255714 -1186.505250302488 -563.9596540819609 -283.3490637205916 -848.9696957954654 -583.3317026349499 0 -248.0942834068139 -208.3819960486173 -184.987952942219 -210.459581314793 126.5532901057271 -446.9084076730654 -428.6447423085915 0 -1.758262534592166 99.15375357463387 -783.9682531857914 -369.7659712768679 -452.8869454282723 -832.625439611262 327.5694279769683 0 -139.8414560621159 -709.1802245349373 -1066.961033916371 -209.6052656398736 0 -332.2003184409564 -292.1300418155356 0 -363.0558962324677 -557.219794824929 -504.2464555236756 -137.3147090103185 -157.4842914660761 -215.543774330704 -421.4845930495891 0 -13.06850728399489 -783.7040543875081 -297.8598077896888 -207.7396741495611 46.40158620496894 301.2270935610548 396.7405629307927 0 -78.39971599526946 390.8954276869816 -80.85143401329498 -289.5133861747676 67.19563392062338 209.7323656593225 -8.471334304925904 0 42.9333555978514 328.1887255984884 211.8260016680691 388.7770264669367 0 -25.13675854442411 746.159586683218 0 140.5320756312061 37.63887840503924 333.3985848898392 523.0436327486477 1.695980473363875 141.063299561279 -450.974754455177 0 -6.144331355582196 -111.0889195047945 666.5537786727867 71.34910455329398 -174.3152880315936 261.1691931868314 58.21346590587858 0 24.37942730394724 -202.4027759962232 398.0294140724059 253.2005576553876 410.7714426288223 -187.1585715539319 -302.1916379180397 0 -566.0976859984908 772.7550534712971 -206.6929539218468 0 0 303.9218949890994 -15.7239223842563 0 225.219225726147 -451.8115742492283 519.6826953608129 -344.461462198326 -114.8046455164279 -1010.706740513353 190.3072480260719 0 264.4466721209001 163.1316701886058 0 8.223636384850607 -85.44805873114666 404.5553379326823 -1084.014614456268 0 0 -135.6791637470133 -769.460279191678 0 -190.9471752369583 215.155442457322 0 0 0 -212.5130795154429 52.55079152355367 -560.771646347013 0 -391.7000566115475 0 0 -61.48431124584511 -540.2354889487015 0 0 34.50606088808985 0 -283.1921686927649 0 -81.94064201705494 -35.7517448583047 -393.1398172504573 0 0 0 0 0 -131.2864806576257 0 0 -267.9622365449481 0 -369.9969021485632 0 0 0 -67.34418150621866 0 0 0 0 0 0 0 0 -572.4273059244035 0 -139.2175806616649 0 0 0 0 0 0 0 0 0 0 0 0 -384.8685927296394 0 0 0 0 0 0 0 0 0 0 0 0 0 0 -75.8294009570737, -156.8444199119212 -600.1476390949285 -761.0599451653159 -337.8624860984319 -56.57277961541941 -138.0974109599605 -170.6586746070523 0 -102.3597003313255 -89.81723996802164 382.2366566314441 148.7714807133424 -38.7443592129506 -322.5298883269469 -494.5356839714228 0 52.43928780795183 77.40936700589845 -632.2362673652074 -572.8275091785946 -367.0238382623949 -526.7197722216092 157.3088648586919 0 88.83071451738277 -664.4190251648577 -1020.62445328713 48.1960976806365 0 -286.0066402369303 -15.6498794944099 0 -393.9967973800804 -561.2300387949351 -498.999506945084 -445.9760321262933 -292.0894094814938 108.767850377004 -117.631561018274 0 188.0130423640191 -375.3575890993218 -864.5836933132859 -184.3480946709942 279.541218478867 -146.762842932721 488.1791875616203 0 -86.20859283580992 485.0478107616701 -9.826513801680449 -154.2451978876448 131.8628496760907 500.7966220359317 305.7654049058812 0 96.06541388035559 273.8623365218296 423.060586609686 834.536697140126 0 391.0574321422813 1289.115550127239 0 77.87304336330752 731.799703979927 1091.668008350801 426.0116089355085 88.1807884779162 389.5654040488075 -163.4575333157595 0 189.8861812213581 418.3936631068307 828.8728866724468 935.8321793794282 75.3867662476936 420.6507100556885 363.7639553721523 0 178.6841138207604 -91.44671561264387 245.1910340388196 -61.57616270191528 297.4271433519404 33.69711992324775 403.3697781609374 0 -221.506706081963 617.2948837759207 -147.347052345879 0 0 308.9302570452205 -125.3473448356133 0 -101.4120158160183 -114.9263946917108 -12.76878200199147 -433.5377132515688 -123.7155585637126 -666.7025498255854 -23.02813918526664 0 223.5815922367685 -291.1430467332347 0 -70.8555336691054 -39.46280528108745 275.7522914423027 -593.5705443998091 0 0 -345.903047656636 -868.1226615111869 0 -209.0254916762244 -27.6943988369255 0 0 0 -74.61387238904204 -26.70806770871931 -236.2253027312992 0 -317.2304468902005 0 0 -114.4815653946632 -424.5681675755926 0 0 -22.49290936073167 0 95.02992569218061 0 -32.4651497078043 -51.83611783172707 -145.5052550130587 0 0 0 0 0 -103.5942548633881 0 0 8.243307479525015 0 108.5647397977203 0 0 0 -15.72111250201126 0 0 0 0 0 0 0 0 -102.7573329496102 0 9.237922640954046 0 0 0 0 0 0 0 0 0 0 0 0 -146.2199364532617 0 0 0 0 0 0 0 0 0 0 0 0 0 0 -40.99713570852941, -84.25960910585161 -253.1588405650762 -204.9863099243266 -50.35930390485647 140.8804652830867 460.3023274087365 209.6507820517264 0 76.75732943076812 77.63748046438747 556.4306646460881 201.9879150107271 -107.0042665847334 -77.88752945131979 -397.1939299535899 0 88.14540768889802 64.51270674444523 -286.3829118235637 -385.8426204904719 -14.12093795896588 -99.52979295923822 2.735075370498194 0 108.5143839499731 -185.1954305193248 -396.7465992259874 -15.19680112166968 0 41.80637103306658 138.2023284154173 0 -159.5724739967434 -209.6510151694182 -88.52311090405885 -161.3994695446955 -204.2070983433327 -159.3593714460712 -198.4967597712343 0 187.3483272030634 103.0187136963054 -418.138889178225 -56.77674084681038 323.2471020564679 131.3764794302892 398.7338488975986 0 84.60453070739487 339.0390920677755 191.8351950992518 33.80437567782076 149.8786811388357 437.9477250081054 535.028842965007 0 111.6996990879983 719.5065139081919 340.9881183690155 984.3400214889225 0 616.2213854835286 1549.173952685917 0 -70.80519689927925 673.8975050885898 1248.015811648395 98.4064511777905 -24.50400313475853 221.7228775341298 -10.66019519201836 0 532.2413988245988 654.4402303121764 415.7073594097261 1161.760363753483 46.14107553991285 222.5659715201507 161.301943837144 0 223.4697157836841 -362.4386790324751 -7.853044326413155 -381.1703305159034 -50.67886688013648 227.3197855995897 345.4893391861716 0 -131.5725156927846 -394.075063464992 -385.459874612318 0 0 34.43360208922911 -428.8517057168925 0 -283.00882297059 94.93797113647463 -442.3296140092751 -842.8638149697634 -136.5116941513028 -795.2804024558595 -508.4517648495372 0 -173.6904456101007 -503.8292859445207 0 -161.896174152712 7.215702094056979 63.2876034585143 -97.56157188347156 0 0 -499.6183858886235 -1230.778982981629 0 -211.3958350067524 -439.6603104445014 0 0 0 86.26582186219963 68.17165574445629 36.15068742910165 0 -171.8849325342348 0 0 -144.9342766343255 -287.9713814973814 0 0 -72.67959079614819 0 232.5179870960085 0 34.75392958895125 57.51277796405763 11.81931362569748 0 0 0 0 0 -17.98349771526478 0 0 67.16789907403935 0 226.0430845691213 0 0 0 -14.29585884487372 0 0 0 0 0 0 0 0 20.73644528570035 0 33.12119535670531 0 0 0 0 0 0 0 0 0 0 0 0 -52.97733758393989 0 0 0 0 0 0 0 0 0 0 0 0 0 0 -19.74280272205108, -72.3282796217306 -223.0964453825698 -203.7781580664291 -67.16912469508763 17.16442658840025 144.9726265523026 93.93469792031115 0 79.01241489159904 157.8631511765489 289.7548437499231 225.8542879010507 79.99934362454835 235.4361687244692 378.1884681722813 0 76.47779464293805 608.9692204101689 242.7468123924641 70.36149678620474 369.9686782410606 380.7199528602361 113.5100879908176 0 82.2711630848589 134.9378145202814 171.6207683958677 -20.85977938752755 0 223.4692049664622 320.30495960306 0 -51.12424048903416 102.479074429695 120.8358351055365 229.2435725406341 -172.9071671707904 -523.5382526274185 -119.9114127487028 0 -2.329708564929831 270.8836956586407 -21.2552836648199 105.7181645803388 292.0655232889296 416.0911462797005 207.348135566794 0 302.6046043915539 268.5406662142213 328.4979643025488 -47.95952176598306 -57.07132301699377 70.01281048244346 543.9370566597344 0 358.3312966422273 1131.97996554039 -14.15979234280356 702.4179937229852 0 288.0572530439294 966.8768686275007 0 -148.4661662875017 260.1122207202059 1073.026920161281 -1.968120578662749 18.62508667031231 350.2613342603074 96.3742742099343 0 286.642717706689 26.72708440228586 70.36308422300175 867.4999976847992 -173.1852055883442 481.6694924547833 292.7297032590119 0 119.5018081397313 -369.3736004840366 -46.94314621061719 -158.1685022312569 9.456827215120025 23.24436335398779 154.4787662401014 0 5.04195768012022 -640.366817890679 -98.69904951183221 0 0 122.0802808242561 -559.0155557362773 0 -173.0054842411818 422.7272293356575 -258.3161306812655 -680.8710728645622 -136.7896250361657 -582.2576966553174 -569.018641852042 0 -296.4105970464213 -371.2776746708394 0 -110.818320645608 190.5806830904975 -101.2239097002476 383.7483296397986 0 0 -294.3805577826472 -794.5521827884625 0 -169.1375545587049 -371.6950074766036 0 0 0 392.1247289374684 175.4565368322298 303.6815286776744 0 -74.61813427671999 0 0 -57.92487625425391 47.74585341167993 0 0 -1.234639933575437 0 335.8389793515356 0 88.11124858390593 124.4279277161403 235.3528653306309 0 0 0 0 0 48.26398156159248 0 0 28.85765058554502 0 303.8612603307095 0 0 0 52.02231417650105 0 0 0 0 0 0 0 0 54.51816352859953 0 93.88499186313791 0 0 0 0 0 0 0 0 0 0 0 0 44.49038116186208 0 0 0 0 0 0 0 0 0 0 0 0 0 0 8.6729038467046, -46.93664620111713 -162.2965028752872 -169.2254898725525 -57.71696823958422 -15.74800207486136 76.72803047303879 118.7915270454163 0 125.7257803525062 275.3807479860906 352.8079709688647 423.7293145203178 153.7069304141824 490.6099877836643 845.934075605179 0 63.30683518906335 757.0043715132814 393.2994455314447 168.5538015790143 367.760792673619 288.0241575574603 70.3536249230238 0 -34.85719360286576 -39.39045966241531 -422.3352819332702 -153.486009204307 0 -426.666869121365 155.038680954825 0 -143.3652812154119 -219.2769244204126 -79.25333822385856 55.87180892130914 -656.2474767846298 -523.8324345455017 -191.2163381664056 0 -62.61839307440631 -30.29120800799055 -408.1571799161128 98.29749341888635 174.9976918882218 -339.9627495498208 199.923068686716 0 301.4140836761294 206.3469684627995 279.8648358908756 -2.044124054347279 -166.9268605111547 -80.29868556115733 -370.9221146402849 0 -89.0684314187516 499.7156525006148 -46.31879518493704 -144.5221496651266 0 -565.0122139011024 -613.6735236612265 0 53.65701885121752 30.60093552575397 844.9615062734487 -367.1790396386212 131.7589837295775 -130.8197732794406 -369.9474822773914 0 -351.42182014599 -416.0334829858358 -423.8762391621792 417.9975535535989 -384.7570837320015 -8.595306017332405 70.03411609800995 0 137.1438560445076 -193.2875257255671 -240.5423475346315 -6.304823269263863 -77.24201063602331 -98.50048410919572 2.356355393728222 0 182.1204735681202 -565.2909686245187 284.3131526652526 0 0 174.3357584756922 -369.8884570007817 0 -34.81976278931288 396.5696243739746 179.3012494009884 -84.81521703157256 3.747063718613774 -69.42376743407826 -185.4038559962655 0 -243.0834939727353 -156.0769161116461 0 7.401074501312038 147.3980117245929 -104.5827926852898 241.9788089898112 0 0 209.1522121967957 195.3111271627604 0 -56.36172370563362 243.1613337176772 0 0 0 253.5322345639984 237.4811169527476 109.4921991217461 0 -93.60277543846004 0 0 129.6246737227326 278.2808291257538 0 0 245.4488841913414 0 226.7168684446473 0 79.9020836029504 141.1556303860151 22.75711647323222 0 0 0 0 0 -33.57246020704159 0 0 77.66168092444785 0 342.0870203433145 0 0 0 -20.12661004804788 0 0 0 0 0 0 0 0 253.7273597784625 0 142.4929069885762 0 0 0 0 0 0 0 0 0 0 0 0 187.7957876816156 0 0 0 0 0 0 0 0 0 0 0 0 0 0 31.29712151006883


GFLOW: 0.432 0.09482003573811898 0.09523080424411924 0.1360847070935098 0.136622945820348 2.97511149695195 2.975021113513307 2.920824384039199 2.920506366855161 -0.06734726657654976 -0.03345288671869691 -0.07545868821933689 -0.03780604901910344
q-corrs 3626.651654651096 11284.18087654472 11384.48789754889 3639.973993451498 1206.09601708111 1608.146289511182 86.34665043742068 0 -471.3938136198751 -1000.78349095167 -754.893466894796 -606.710044905748 -85.57202711119329 -580.568930704562 -587.2730461965964 0 -53.534182009595 63.62665478676784 -187.6609955477171 -211.5823939104632 -9.199341648461427 123.6711979534434 196.7231959981687 0 118.3257959227778 -323.6559927375516 -607.3107088426752 -58.02905613937223 0 -59.11216959543134 -44.36214936299365 0 -56.17093218221689 -245.7736619856967 -328.9283159840905 -378.5293721360885 -171.5099584159877 -231.2416071073584 -535.6501524416484 0 56.60959917923083 -464.0524112091849 -149.1288748783404 -188.777091664065 -167.2501867451058 -110.8256348081262 -231.6332766107943 0 -198.4413267113172 -383.0164956587175 114.2421788870195 350.6216042512816 -146.7573826534765 -56.47207200561907 272.5715816077449 0 -291.2947967426947 -345.4487897456534 36.84402901309491 -89.57632837448047 0 229.8049055078941 -125.8586370856694 0 89.5380456468489 270.1821469193957 -409.2307423518058 -74.62288443310369 233.7586299704149 -255.5020056016511 420.2951423702808 0 170.6076346140474 599.2965100277114 -24.41468484652337 -87.61189212208666 440.504532722279 67.89629855141976 119.3092368996207 0 -263.018226153477 76.50977750602669 -39.22758260015818 675.0341242320296 -131.6483926450964 486.9236862585723 1185.016142799995 0 185.3994221828403 534.3960907918351 194.8570384032257 0 0 -15.25279899178111 752.6769931244025 0 197.5133606341083 395.3731604614568 692.0547503645649 669.8696139690662 38.66174723262245 405.077757249241 37.81437712780863 0 27.05418537804903 554.0173193700421 0 226.1751739124221 198.7925005250774 365.4245793282901 706.3166083914726 0 0 42.09919288606903 260.3618207876056 0 317.8552828355785 -268.4338167384801 0 0 0 683.4051636839944 133.1027399463527 211.4179401764947 0 465.8563668189252 0 0 -32.17393913157283 -30.44595327170903 0 0 -141.4075000268163 0 739.5097791901362 0 379.0804056521965 16.6818914889009 207.7278750015265 0 0 0 0 0 32.52419628757414 0 0 289.1830429017667 0 728.3686586631641 0 0 0 36.65199972119365 0 0 0 0 0 0 0 0 441.7684400192013 0 173.7052807846769 0 0 0 0 0 0 0 0 0 0 0 0 234.5453157105188 0 0 0 0 0 0 0 0 0 0 0 0 0 0 41.89410467697942, 1854.921682863963 5590.595648805416 5316.988195172822 1507.804827455741 377.6836922377007 -56.80408720278217 -717.6723754846502 0 -521.4990746323073 -1026.027664651961 -721.1834024043915 -617.1392442825584 -82.63178835929276 -568.2948880400728 -666.8613571653379 0 -4.841658884291663 80.86440938515835 -308.9656107653896 -273.0635738368285 -104.1104768209026 -128.1899749316573 216.9048193483353 0 61.94436314327945 -365.8687938132047 -646.3417852931385 -54.1466308719049 0 -66.8980930459318 -146.7492601869067 0 -132.2995941503459 -329.5905536698599 -251.5959668311821 -315.5526568214368 -171.4206126214521 -239.1918504205942 -513.479083549583 0 -9.283890366871361 -519.0345039764096 -176.3567619091838 -156.5292998122701 -128.0222089232778 -124.3745692369498 -165.6592028960044 0 -90.54368306019605 -257.1304120453945 78.77934914499156 128.2731673869415 -153.683088963077 -216.4385720777534 -70.96661404176166 0 -329.8530891696977 -122.8717612752726 -46.03267614690157 -134.935034959069 0 -17.35970992402957 -324.2607805868516 0 97.10855453254661 -20.69961105963185 -391.5770708167695 -139.3809090319788 135.663040818258 -530.6199075859327 197.4094850410396 0 22.39504896280617 262.7609366331523 -379.7028081835853 -319.9209397637988 212.7195746894774 -121.0416090061898 -121.1205320188463 0 -218.9717533549835 -59.85114205151009 -83.33746467073885 413.4723530278469 -197.2652149415244 283.5410471130529 449.1870030589708 0 -34.83407768503176 182.8094668390964 173.1697159014861 0 0 -72.47801145389232 556.1738995118856 0 196.809615179658 -80.1621188525273 557.7142808494069 491.6624591202586 20.22420872332951 193.8664923150362 89.79369497245693 0 58.2430310030729 563.1763536917946 0 247.258270245854 -1.543975492176976 386.0403711740414 182.1825393101939 0 0 93.09317340908714 272.7735149035078 0 321.0052726455159 -55.25080221584403 0 0 0 255.6201301906114 237.6253742891936 -88.26785245178422 0 347.0919391163502 0 0 -1.111026875159595 -62.06919360095056 0 0 -56.24529596193153 0 274.2533470580651 0 231.2159533405674 43.08830076222961 -73.72704523807174 0 0 0 0 0 -18.46302125010163 0 0 102.9085785676405 0 289.0330075319101 0 0 0 -50.68106056161778 0 0 0 0 0 0 0 0 144.3946268815089 0 57.04459078986013 0 0 0 0 0 0 0 0 0 0 0 0 64.77070723409342 0 0 0 0 0 0 0 0 0 0 0 0 0 0 7.468836109301389, 117.0740880716063 91.89246612891235 -375.4666412546007 -389.430443862263 -291.6841127162054 -1153.657384688287 -1011.107971844507 0 -402.0480209443418 -662.1410976891905 -463.4077378923599 -434.1839547172705 -6.723245353007222 -454.5157432754501 -559.868167751031 0 20.58979926232789 50.64225605974752 -447.6437138806971 -298.2858277355064 -227.0091409524534 -430.82918870976 148.9059700529362 0 -79.98548646433416 -415.9609507060579 -744.4723849340262 -208.9456160187326 0 -305.9855494448633 -304.9639623056449 0 -188.7768395950599 -394.6444908281359 -343.8645116711973 -175.6371815438191 -188.3123747225179 -306.5561964832377 -546.4701442186117 0 -123.1486736942826 -740.4585006116092 -140.3083012153358 -168.4689390398367 -86.56678945140195 -31.27562589171828 -10.49984455177542 0 -27.7164111479453 5.30450798391297 -111.3023655207708 -182.3070490081572 -109.2398084763925 -274.3664902826004 -319.6607115835828 0 -214.982682762261 136.0159660127769 -75.87750573886836 -67.49618611763513 0 -213.8070295858967 -143.1064902234887 0 93.69410865220195 -358.1928300173004 -230.5911706987791 84.97756844851216 -7.812438018962638 -351.7961705710723 -203.6200586696172 0 -73.26086585347501 -169.8512778739855 -138.361174892892 -411.4460480702015 -119.3908637460573 -105.5691697205008 -208.5253539836289 0 -124.393284479226 -132.2817347345398 92.53590684543271 212.6006245830781 33.92947641144227 -55.05606341978451 -415.8651395751552 0 -334.9562048530489 159.1710005007528 51.38585572216533 0 0 39.14674462994441 201.7558878273929 0 243.519183830556 -465.5993787236842 434.4992350743856 20.92626674864755 -37.23854246114448 -368.7997454262979 110.6165109536561 0 117.8030474768262 444.4205580556174 0 148.1241995088628 -153.8873339554256 354.1016520181182 -562.8441261455846 0 0 45.1995385148605 -142.9105960222421 0 116.2146823242388 148.0400080759872 0 0 0 -246.0602522482268 215.30915479962 -502.312668812831 0 -20.41833174792986 0 0 5.796151693519725 -293.8503740083537 0 0 31.08376073487219 0 -385.6623640874466 0 -29.300920447981 37.52354755722592 -488.9272054673395 0 0 0 0 0 -102.0960331503189 0 0 -229.5321415006713 0 -434.6577162534934 0 0 0 -156.6392377759679 0 0 0 0 0 0 0 0 -430.9894923924485 0 -146.0907208589779 0 0 0 0 0 0 0 0 0 0 0 0 -269.1323604208366 0 0 0 0 0 0 0 0 0 0 0 0 0 0 -55.93775897304599, -139.2579449459004 -601.6485436860421 -880.5668499074999 -431.5448194057292 -232.6569087944793 -714.8643215431069 -513.1640767179865 0 -200.0314629765549 -223.2206219594765 -192.4444902335663 -180.8811260872312 68.74788355840543 -327.8740842748547 -310.1361044348801 0 -18.59558407462795 17.32105555064504 -508.0202033189763 -280.4703354476712 -314.1109400929733 -503.8236907953144 159.2144626156516 0 -78.22148426657741 -514.3137670537566 -810.974983632522 -158.2221534951551 0 -335.3117812375943 -238.7574467010944 0 -253.3983303435529 -429.2018138269336 -368.3078657031305 -190.6858231401222 -182.7411084660677 -159.5187108186182 -338.9222445726316 0 -36.40870863205742 -573.2376767731079 -289.5964702508895 -139.8328272652699 33.82124857557658 25.98448085237254 230.2313298502228 0 -49.63790888369809 244.3459438120393 -192.898517368616 -230.8671531760439 55.46282320893064 80.26027017271491 -79.14219583824425 0 14.21142512962371 188.4224088272962 121.9503229031798 221.0741561749566 0 -10.81301819961216 488.7588708345688 0 71.07481552953844 13.77978886487432 207.4350443179684 354.4351464606657 -21.85732693224031 130.8465126955933 -284.106998237139 0 3.468270253250218 -84.20795932331774 506.5294678359251 25.25609680193239 -85.69394681608881 110.7135206008041 73.83379003042036 0 14.73442630799332 -48.32990032709159 263.1459041839813 169.4134226896882 261.9017399087469 -137.5557110109552 -294.0992282176849 0 -388.6019455338787 552.8327807177375 -162.0616789221726 0 0 193.6557055001191 -6.315572753313972 0 171.5958408668588 -349.2578584006139 283.938376043373 -322.4044403237259 -80.02239628986356 -745.8198911002232 113.4305206780556 0 174.7449459423364 95.0249883713802 0 3.66774855286161 -89.55215468402908 231.6959001584178 -838.6144676228887 0 0 -102.593164156963 -580.3103011932458 0 -170.7640852536622 134.4773017657715 0 0 0 -260.5677848680045 39.1866366290767 -449.8728572012756 0 -346.5368487582105 0 0 -38.85225804532708 -373.2340948401636 0 0 23.05481249834423 0 -319.2132094892464 0 -124.2118721587402 -14.12583717521188 -376.2785515852755 0 0 0 0 0 -86.68645935466662 0 0 -210.5782727746481 0 -386.0087158153475 0 0 0 -78.2118122289267 0 0 0 0 0 0 0 0 -426.2099690048155 0 -123.3362403675174 0 0 0 0 0 0 0 0 0 0 0 0 -277.7420649582199 0 0 0 0 0 0 0 0 0 0 0 0 0 0 -56.87597491488931, -112.7388881581571 -438.7923931368944 -569.5653079933438 -255.6744797535567 -65.40240404713879 -177.5246614803078 -166.3794933436597 0 -74.59758737738503 -72.27340014525129 182.6527303999596 61.69374140629127 -16.54027395582431 -220.4922150800517 -319.0274751531922 0 23.39820620883816 31.27140751016387 -370.3551721956945 -364.0585646208003 -241.2711586589357 -316.8537322959676 72.87084352329589 0 32.36187243694638 -498.3963251421737 -761.3503815271829 2.388807381770867 0 -260.0208097012111 -44.98094446393431 0 -292.7964809317584 -423.2053434630986 -361.2789093812219 -343.3499555617404 -235.7940917435607 14.92116836466373 -126.7343091217767 0 94.17422224895334 -307.8782892682937 -596.2002136521955 -112.3477753760981 190.5370814757006 -154.1988777526009 319.5192999049806 0 -44.14150059395963 332.9026591163829 -107.2465343023085 -106.6008060007959 117.7330543974481 342.0552362392983 239.9317223772993 0 80.30232377031786 251.0047083519999 300.9464162020994 584.0132038558339 0 278.8080388588286 900.0844447450994 0 35.47779992448629 507.5270954511628 772.948726712365 255.7060861245495 69.53474001531842 354.9995777676169 -72.42773347448602 0 175.1431128226845 279.1072046384221 656.070233668538 601.7159363356838 48.11600181824116 292.7444112299324 251.0669396271218 0 151.3319598847014 52.71543218200515 146.0666622239795 -4.454005244163305 205.195997825246 3.480073697641146 160.0091882133408 0 -168.2380290287054 395.1998995299205 -82.43720767400086 0 0 194.1516820982484 -93.47371047824106 0 -33.56973648894927 -87.97545619566924 -45.44012771937553 -386.069308439136 -81.18909238783522 -532.7646156057651 -47.58772077978362 0 110.5908849022222 -162.9791745046756 0 -62.03722627035722 -30.09966404400477 122.2411200224961 -454.5226799760239 0 0 -245.8904133725847 -667.3536968543815 0 -168.2248621678229 -63.56172556452393 0 0 0 -104.1876959108407 -28.53348893408216 -181.1742717356998 0 -252.2624569788123 0 0 -78.69319978391363 -275.7689804640372 0 0 -29.35507950370373 0 -25.4498589883821 0 -58.03690753627396 -26.75431689877225 -118.2680901730444 0 0 0 0 0 -46.08150962407755 0 0 -32.16911263131215 0 -21.61102313879368 0 0 0 -8.644139492613025 0 0 0 0 0 0 0 0 -110.9035520202953 0 -9.843180068284294 0 0 0 0 0 0 0 0 0 0 0 0 -104.0851791846458 0 0 0 0 0 0 0 0 0 0 0 0 0 0 -27.16556175296158, -66.63031344349295 -219.7375028356458 -219.8766625238506 -75.41053140123056 63.47118568127334 223.7722794940274 104.1396380613205 0 45.56464971047212 69.24624600590681 347.2228453166307 163.1134202431899 -51.44436818383016 -38.83871588958952 -182.8855168523709 0 52.85228721202679 88.60733298698253 -108.5803743701143 -220.7922840540203 -20.7663124037397 -22.16717772492708 21.07816216910005 0 74.80783239032044 -222.5898678888962 -354.510781814031 2.185958331602535 0 -11.78904928793231 78.79448628194692 0 -159.9547493645493 -166.5874012810011 -124.1415402538301 -152.47942763347 -162.8889698246917 -152.7989662939113 -95.36208501696684 0 82.95934976978471 7.867191793128825 -325.1864693195448 -15.20071110782534 225.5173127463359 62.35412278090371 304.4694929969544 0 56.97059469522918 276.3543712898881 58.06707791518306 -6.750043545495814 132.5628137562811 387.5774298622065 437.1804087032443 0 157.89678480196 511.7212171124261 286.5920079524429 744.6174309091957 0 456.8869432095155 1083.440167180043 0 -45.32763820024915 515.8855764063742 949.9905440887082 53.79305714073644 55.57228723067726 298.018709246652 12.16921496945221 0 351.1311536690396 440.6891177740762 385.1849190830944 785.8584956974382 7.871254246670254 249.1085055857724 128.7351188213997 0 184.3888107253623 -164.0682251502462 -16.51488662687718 -273.6927191858255 23.63345097424926 112.4919856671083 203.645645882935 0 -93.79553620849518 -307.3165633462667 -243.260460386363 0 0 31.69021382133856 -360.0994277620178 0 -193.120043839519 98.06372125730196 -356.4736473406268 -574.9846316015968 -94.315077371755 -577.0236874524167 -361.5480167697518 0 -144.001067336314 -336.5601461165822 0 -144.6979211305085 29.36642896653356 -44.53038846317691 -52.73449968141855 0 0 -341.4506539152029 -835.8146371307769 0 -157.3952203360811 -353.2078425905345 0 0 0 67.10917283328695 -18.00084096879129 44.2091903587655 0 -101.6759853175149 0 0 -100.2233678496959 -171.4616238851428 0 0 -79.48710045214365 0 128.2133074571241 0 17.71591190869069 16.36623712407214 60.29218919154953 0 0 0 0 0 11.53252574723211 0 0 20.52797366317765 0 132.2967699944878 0 0 0 21.40586645514946 0 0 0 0 0 0 0 0 -8.725398726644627 0 31.04344404102277 0 0 0 0 0 0 0 0 0 0 0 0 -37.24149694875837 0 0 0 0 0 0 0 0 0 0 0 0 0 0 -13.53976660072689, -52.85432845455964 -179.7834719550322 -188.0504135775167 -65.06441991972187 9.168653567120479 97.16712608645072 86.54285714551237 0 70.17598757290028 159.947627160752 247.92958408449 211.8866087572243 46.6535329121377 173.3095844408406 293.942801281415 0 51.73141781872643 394.7622451260316 213.8335869301541 46.24008914268764 217.078577290009 298.7922718104385 73.5587874310737 0 88.02421577161614 2.696299527087888 15.09913594016049 2.462651693463577 0 136.591190873643 193.6633662328057 0 -62.18309143978444 51.90894230417425 83.07164056412108 114.113824926156 -134.4710325526508 -381.2559353945316 -48.35869859850618 0 -19.90722063891742 197.5279229203041 -29.5787600961728 126.5136037375607 192.9351009142719 273.1151146758165 212.9907955082942 0 202.7919741313977 223.8160435128129 252.2630326276351 -47.33283757181278 22.84916651243789 190.2812450358852 392.3791806324911 0 275.9575839114029 758.9942275877602 76.3122549959555 556.5701509004308 0 302.6208851566274 704.9710564012514 0 -79.12246488188774 268.3985996930961 869.5261678701145 -18.79837978754804 91.74425880471522 261.2762977682481 68.36115352538013 0 178.1389118950383 106.5777106849457 94.28568959771604 627.9888295061814 -103.2478272221855 356.6950103150047 151.2373509171648 0 106.6376885308134 -221.8890581115801 -51.30575143751301 -198.4686847926629 24.35885793662801 6.00819785739499 116.8254070178674 0 -18.37426086716809 -510.2579780969742 -119.2696535601535 0 0 54.94531409085195 -461.9419870521305 0 -144.9308875945223 271.1672319035489 -266.84654157369 -459.8737427547342 -76.48658447356536 -470.3401647760382 -408.7892220203375 0 -232.5353359009054 -278.542631557261 0 -132.1558470256243 116.639529462656 -137.6987388181623 202.8985846560022 0 0 -204.0178156718677 -571.1259107502327 0 -139.1841333207203 -320.4303553388488 0 0 0 230.962434837662 42.02211069091493 173.7285755162921 0 -32.70179513569238 0 0 -44.57570726182161 11.41100274950294 0 0 -35.95194424595994 0 228.3412954214015 0 63.22229593751816 60.81587487471157 172.5332110330397 0 0 0 0 0 48.98819221621875 0 0 41.03681981138003 0 239.5652558365709 0 0 0 54.92847109718276 0 0 0 0 0 0 0 0 68.86899700704384 0 80.29036311153767 0 0 0 0 0 0 0 0 0 0 0 0 38.53806522063481 0 0 0 0 0 0 0 0 0 0 0 0 0 0 4.768500717375712, -37.01981321917015 -139.6985332870493 -157.9600171276125 -51.61375736559316 -18.45177557057382 54.23038732852314 115.873610135335 0 111.9581275995335 259.8009445822729 285.4106892580234 328.0331160664286 93.13959444416858 345.4966014225738 598.1327883024072 0 53.83029123951917 503.7469219117941 324.7856097556656 92.15894273011294 261.6343281137099 296.0716668562083 4.671620798648803 0 3.883979528370034 -62.51637716713275 -273.7223146304299 -77.27824342535112 0 -236.4683816671164 127.0579175322675 0 -102.7906803198388 -159.5250114148181 -0.8601934733880157 52.48004583681755 -424.0907025184803 -398.3641297735585 -176.1704590713678 0 -40.51749339975284 14.38581421538874 -244.1674290302889 93.73088212868439 101.8287157452961 -174.8232246141313 169.943076471598 0 202.9966390022543 122.4262012885584 222.9226075616472 -30.45514537649092 -65.91209126206333 13.00826259147465 -227.5870416637196 0 -76.35916505127165 382.5037268840499 12.3322714538557 -51.15428270858837 0 -302.221258460095 -410.8110769901442 0 44.17747978907431 31.1027852295696 662.6710896531729 -273.4897898054453 132.3230689240854 -130.3301634206193 -217.8204486758111 0 -227.8634118457434 -226.2642559090777 -384.9628119162027 306.5247162184226 -238.3393148075789 48.27072025885957 14.92794812290329 0 71.1598975989009 -200.0590758320442 -186.6643883575418 -68.92466536976062 -78.59948443733832 -83.41938693039835 69.46271150248407 0 100.9603787167394 -448.2070207022597 146.3210954876289 0 0 86.46610295303424 -277.174059624075 0 -46.88683792864813 301.3651218905659 46.56809748715216 -27.73150748198296 7.121684943113056 -101.3870542798271 -125.1621972252386 0 -148.6088786167251 -94.74656815068816 0 -14.2376003637545 103.6414294117391 -79.35824786123365 202.0521339380274 0 0 119.8044137469748 97.64352370746205 0 -55.88694258817302 107.2222135973126 0 0 0 186.6859997782466 131.0709798905219 81.42344965625827 0 -13.40222808437273 0 0 74.67807311740033 145.2767317549155 0 0 123.5990587658281 0 204.5619146000903 0 72.15442604032557 84.08053830184534 41.79819218959263 0 0 0 0 0 -7.279529408939652 0 0 91.17243376526636 0 285.993930545334 0 0 0 1.65034879366489 0 0 0 0 0 0 0 0 215.5210786709814 0 108.5987754979179 0 0 0 0 0 0 0 0 0 0 0 0 145.0322181048363 0 0 0 0 0 0 0 0 0 0 0 0 0 0 25.85209897753409


GFLOW: 0.504 0.07443920811248583 0.07485552024015321 0.1030886524901101 0.1036467856782006 2.981872232274278 2.981780916640244 2.940100468220693 2.939779838254746 -0.05089963511453503 -0.02437023877247235 -0.05319278524881844 -0.02373916243896873
q-corrs 2196.054134538836 7474.232218732787 8326.595931881784 3001.694682486541 1174.193391260015 2164.636867957007 798.9818831410563 0 -186.9895766693685 -536.3445998131784 -505.9469200124212 -462.1213158821366 -86.1359900087148 -488.7535301217767 -619.2932333846579 0 -70.52087312969419 -189.9970413373214 -283.1459248686923 -210.9154689450078 -100.6882309147571 -60.85393856666614 87.40810255089326 0 50.05758365874383 -268.1135038701971 -496.26603297717 -87.75677345034364 0 -76.04003617697505 -59.37157254397499 0 -55.33404268947512 -183.0041373523143 -182.6216702096112 -233.562932256889 -161.0254290401877 -217.0906497067364 -427.6705866389806 0 -2.382802954787753 -353.9398656135818 -139.8457934035197 -151.6602259319581 -125.7187693543551 -178.6355839936176 -200.1350022542358 0 -110.1976529146567 -319.7066793518849 -21.51356024742549 187.4532291677454 -104.733594288268 -121.127489974547 60.15031121396488 0 -235.2525858712025 -197.597794586167 -20.14371774615579 -151.2419937905731 0 160.8725937148226 -90.32619911986302 0 52.5660514926935 116.2512980607733 -310.619449685853 -45.2162079056533 194.5884209064032 -203.6310265395267 298.0326957302549 0 148.6546571544985 366.0301590315113 -23.17667038111567 -83.02150924068629 293.8081069049429 191.2363371394451 89.34421395317983 0 -195.3204089320671 122.3465088850961 -14.25768965275604 502.3454697204893 -117.8760415775101 296.8545578093464 775.3919833509926 0 172.5466932822692 400.7247528184288 305.4333086838066 0 0 -7.890539610891942 526.8231874212781 0 174.5381117828987 276.8292940293002 459.1963244306228 484.5903200276186 13.0324768734657 354.4808070381775 47.07723137473787 0 55.73946478237116 433.4278688329945 0 135.2153970498665 128.0228041066791 262.3251904968917 517.7248000973768 0 0 21.54631846106105 193.9671945917621 0 247.1518341894219 -136.1914180640933 0 0 0 449.9041033281932 60.05277444531134 140.5856924129873 0 324.4161974263666 0 0 -17.28119615650565 -45.69795597418963 0 0 -80.61612618877726 0 501.5429585454342 0 249.7970349032841 -6.443563683353897 123.3980619134237 0 0 0 0 0 -2.65740427925067 0 0 206.2145088699186 0 496.4939013052943 0 0 0 15.83151881557442 0 0 0 0 0 0 0 0 305.81723336051 0 116.8318168612448 0 0 0 0 0 0 0 0 0 0 0 0 152.1932164416241 0 0 0 0 0 0 0 0 0 0 0 0 0 0 25.26121462665383, 1227.942846839635 4089.112244876349 4391.268327480091 1484.437721934585 519.2361777424037 687.3174406054277 -21.51444186094818 0 -290.2328401801444 -657.8096868149253 -534.7661937975168 -482.4101044297169 -82.88004214195091 -478.2435855429915 -630.7304078220775 0 -45.84181832886739 -161.7871611410636 -330.7412138524871 -234.4396742888993 -148.0290226633593 -185.7430809844365 93.44874565775433 0 11.74242701536723 -292.7214347542851 -523.9967634268658 -84.15813017610387 0 -115.8293412795028 -115.675903302956 0 -94.85666985286468 -235.0400808693669 -170.2740188391388 -211.4523424751144 -155.7829448303162 -195.1896018080738 -398.1847483706676 0 -32.15436212773173 -381.1061873242699 -156.6363224383878 -129.8448949499691 -97.61529280924138 -164.9515478824435 -139.6106291740705 0 -60.33852282961369 -210.7849388598383 -26.32913958769399 65.19843138164833 -98.69669804850409 -182.5647817766236 -105.0684538909802 0 -222.3950338472607 -92.60613080241177 -60.51414222207334 -165.9184456935904 0 32.37525990092574 -186.4116765966513 0 57.9851641227248 -45.13122001136475 -294.1017307586339 -58.58812042878591 122.0705183716022 -323.5715946185184 139.9249075148578 0 53.57952668077839 166.0242375574879 -184.1522197542913 -201.5347882762196 149.879167331829 35.06860252461348 -43.86143147326837 0 -172.1090303786432 7.048590497244632 -28.57713993021626 336.8146868701949 -138.2438377435308 189.331178950907 363.0328830964826 0 19.91680826449517 213.0276018220391 227.1890426489963 0 0 -38.95554380278562 388.7733434958928 0 167.8331582866409 -1.568834907549604 389.6147387998171 366.4695201860976 11.04432636556518 186.8165260696176 86.3149999057415 0 70.21017698531051 414.5430535860743 0 155.3265752544056 12.22149939727659 264.06862635314 161.7872913132356 0 0 59.20153814840894 198.1425875930071 0 221.3819567998226 -0.02545096506888456 0 0 0 174.3259802530129 140.6698716469296 -48.34636396344391 0 218.7654473958546 0 0 2.187949126783352 -49.40558845113455 0 0 -25.7716481569441 0 191.2985172315692 0 142.6885990577386 20.75739972601412 -52.38082484114151 0 0 0 0 0 -21.37927941649091 0 0 73.53308912750792 0 194.7943681654821 0 0 0 -34.32604452169185 0 0 0 0 0 0 0 0 93.06005952740034 0 36.79765738267673 0 0 0 0 0 0 0 0 0 0 0 0 32.56500826765204 0 0 0 0 0 0 0 0 0 0 0 0 0 0 1.801234830358428, 142.402513522733 331.3357941442231 100.5800580231299 -119.0575660108118 -143.1764853912944 -683.0362733216405 -661.0185723499451 0 -301.3876886738877 -545.1044861965156 -422.1029453008307 -371.4838713686064 -27.33357242038609 -382.4849115332013 -477.988035310441 0 -25.49014382582457 -107.3714669759339 -371.9493693282409 -228.1624989790602 -207.3948842996549 -331.6424297657185 70.07977035701573 0 -60.18424285867753 -327.1522295406418 -582.9840644066961 -152.5684905599418 0 -267.2018048855342 -217.3566082167151 0 -133.6339289565654 -290.4583738376127 -240.0542515313474 -161.802115598415 -162.5352773472984 -195.9986196172272 -378.3981136700907 0 -85.57161099922617 -487.7193469556782 -146.4695432379017 -117.1199114313343 -52.18206195209754 -96.17992359080137 -7.644349407590624 0 -29.17916346467999 8.012767073312745 -136.274059750246 -126.4556597301765 -49.87831688102739 -169.061884121809 -223.3666645794642 0 -108.4592621748635 43.86369280028953 -55.93478375572853 -91.4119674882343 0 -81.4603272086063 -39.20764620111999 0 53.84721436215035 -205.4664764974805 -171.8384454566712 96.49701845329179 -0.4221811152731902 -188.4733412774817 -131.3083951200141 0 -31.67787406961886 -96.8839742939598 -16.89004234347709 -244.2335926452216 -51.37130256734334 -58.39281433686958 -88.18546572947906 0 -99.2842316014291 -70.60577648112184 79.16739015099408 167.4058163294707 14.61728313609327 -18.99926467503397 -204.2897173739565 0 -215.4268469753299 189.9466106168811 34.80723500494844 0 0 24.12767630625346 136.2204251805671 0 173.8704632489257 -294.750087622505 287.3170746240163 24.98996807112735 -22.08413860457105 -248.8704574920935 105.6345986824032 0 99.05093319381473 284.7404341234186 0 105.9884258797833 -101.5185662524656 222.6696538775952 -423.1872704036913 0 0 33.34066944524118 -80.32640783172356 0 50.94008284263323 130.7887315815951 0 0 0 -207.5579293167492 152.0143297772246 -344.3641426008372 0 -72.59817062437321 0 0 6.360476978391659 -173.7757231254806 0 0 30.31063914742034 0 -290.1741716366636 0 -58.42414358465216 30.7806436279255 -341.4507253570538 0 0 0 0 0 -59.64923680343732 0 0 -159.2449048255706 0 -326.5450408052634 0 0 0 -103.8127629930512 0 0 0 0 0 0 0 0 -301.3668057484854 0 -105.3045744596648 0 0 0 0 0 0 0 0 0 0 0 0 -191.8614162177743 0 0 0 0 0 0 0 0 0 0 0 0 0 0 -40.72255950579334, -88.1696220021073 -404.7735830680595 -623.7422896091362 -319.3357208063508 -181.9257008686798 -577.044263621284 -431.2673808461133 0 -165.0027934945877 -224.0664352079945 -190.6993213113431 -161.1258216631807 31.57538643232287 -246.9817468831819 -241.4452630534699 0 -25.26311672024141 -38.44312812821991 -345.973254437021 -203.9275994765774 -223.8666219458699 -331.3981708013529 73.31797907033237 0 -54.18587420013209 -374.2980251923208 -615.0746267571025 -125.2326690192023 0 -299.691746624226 -193.2441445082671 0 -180.2507564057778 -329.0319861626734 -277.2163789189998 -192.0651326592747 -171.5726448792009 -121.1383582831277 -269.2229189324388 0 -43.55624945356914 -426.5153065177063 -250.452982127711 -97.11913201914348 24.74355887844824 -80.09031826457476 128.7186382350141 0 -36.14957131339287 156.925324123398 -207.3079494735009 -173.8732059154603 42.05856922205635 25.44424521678975 -84.39342857029297 0 14.38366090950144 101.3222326571845 70.89294243819162 119.0687972893142 0 11.12736865893525 339.1592279584723 0 36.60631033243895 14.33884925470709 126.7810658757012 243.6632367718163 -28.7234870820663 113.6655824594046 -180.5613687492707 0 5.515619810495107 -53.29729779716538 374.6668997867326 18.50504124955471 -41.12261250408693 36.67009234782671 76.20771921046952 0 11.47892508835785 8.634215590824567 173.7856972199596 113.3007401409952 172.2554615567333 -97.93719324661393 -235.5194664614533 0 -268.555717422547 384.3784230668126 -115.1988028785107 0 0 125.5717152851712 -13.9630779489832 0 123.5425092506154 -268.3816123048911 152.3625977170444 -261.5487743847199 -57.46938867466304 -536.0410991498971 70.25117939605245 0 112.8527027535999 54.1071343709747 0 3.101048976618358 -82.37325098817338 129.8230294949431 -642.6583272137328 0 0 -78.74044422377531 -425.0274192934528 0 -140.7563813601751 83.92194991216451 0 0 0 -262.1704094388762 33.30038708892735 -348.8933752256667 0 -285.6823756085268 0 0 -25.7889262350892 -252.6287889535212 0 0 15.07668496189291 0 -307.8887369583776 0 -132.2865867676933 -1.725463181942011 -310.4445036620229 0 0 0 0 0 -54.12904706377698 0 0 -167.1390357532881 0 -349.7551640154518 0 0 0 -67.48847293631486 0 0 0 0 0 0 0 0 -318.7606425500227 0 -101.95637439075 0 0 0 0 0 0 0 0 0 0 0 0 -200.8780849802737 0 0 0 0 0 0 0 0 0 0 0 0 0 0 -41.37963790694783, -79.33984762076346 -318.8393433500203 -428.5838359118254 -197.3615083043238 -64.45453730100247 -183.3940564514542 -152.7936808251523 0 -57.33120781918247 -61.00774195901403 84.42144291434934 24.73186236537921 -7.82898419731254 -143.6727128506469 -195.5145279482921 0 9.834475452829139 7.616777017514252 -225.7985791670264 -234.0385549870883 -161.1646126341755 -203.2264150619723 24.44418809196161 0 4.181880263525422 -368.2744987155004 -572.9202995895937 -28.26455152919193 0 -234.9344377424534 -65.6541794392121 0 -214.9544087756755 -320.8781349909595 -275.1213281983235 -268.9771495578017 -191.4007963548869 -35.24727078247276 -125.3361744773089 0 36.15129156900965 -256.2132640191496 -424.1037697240071 -69.7253783988433 129.1289284723771 -144.3312623604514 200.8706209133345 0 -24.43093027548625 223.284496820231 -128.0572322938757 -84.73515200786329 87.11811703195137 223.8864081226281 179.8507326352978 0 63.75693541594335 202.1729685111387 211.3519306173993 410.1973796560059 0 194.2862040420803 623.65325593436 0 15.5394304613885 345.0069209532177 546.1146340446097 166.4136872747757 53.55120188847498 291.5385672824533 -39.75659827480131 0 129.9033974635166 183.701495747988 492.7849608223797 392.3129517369769 27.63731163938903 203.5414477562823 169.372026338341 0 119.1413880452547 91.41679159131647 93.49448287072944 -0.2391963704323388 146.4524247289036 -22.31356207376481 36.87609673474393 0 -125.4408415735634 238.399093514029 -53.75641139844289 0 0 120.6815005445823 -87.3582042805902 0 -7.661067580178635 -73.57875737993908 -68.2543076274594 -320.5140040111212 -62.13966639499058 -415.685462777339 -59.90352421987495 0 46.02817472802658 -102.007726285357 0 -55.54140725344771 -27.23028854243588 42.48262002420047 -348.8344377457416 0 0 -183.0003466868395 -507.7897104083527 0 -134.6189637279353 -80.12195996169237 0 0 0 -116.1189092113892 -31.85658698489135 -142.9133452435112 0 -194.5387126808792 0 0 -56.59820847371229 -189.0985781491888 0 0 -31.17975083325265 0 -86.60174049642538 0 -66.72834365200021 -15.70605444017357 -97.97655545291622 0 0 0 0 0 -19.63095152372434 0 0 -50.43176146388124 0 -86.08891173193363 0 0 0 -6.742986236662931 0 0 0 0 0 0 0 0 -110.8757120178559 0 -21.31857830333971 0 0 0 0 0 0 0 0 0 0 0 0 -81.64290470888189 0 0 0 0 0 0 0 0 0 0 0 0 0 0 -19.35009622624792, -50.59552746127459 -178.7068461501348 -200.2218519977379 -77.13706415502369 23.34442159214938 97.23687190546252 46.18046272556078 0 29.5425560058215 60.48590577041252 227.1101104784069 127.1109077287316 -23.80446895082601 -7.086427068459965 -65.89489763130939 0 32.5688059553531 81.0324979587713 -37.31623665781134 -131.2292651665523 -17.19818450256259 4.86642774297416 15.88280873521728 0 51.23773932671857 -205.5050471004315 -307.9414430928447 -8.803826731885906 0 -37.7000785693915 35.36638740626214 0 -139.5607203438541 -137.5460647275189 -114.666682631182 -133.2171504888527 -130.2536317723472 -142.8310183848114 -52.60923902178737 0 30.49695070332847 -26.70398889937806 -255.015578972912 11.59406705899843 162.0242894297505 31.2916081221754 223.6884143738605 0 42.02431056841546 216.8708167981292 16.06855892440549 -22.96368094376706 103.1302643630119 301.8061334223154 349.2289858448853 0 144.5474230578102 380.335220647918 225.6818696546164 562.7487155506624 0 326.4745257203186 757.4110971560502 0 -29.51969231682686 383.7458909179072 715.0994526141587 40.04212348912489 76.15632908379914 283.8679742381506 19.81210353975146 0 228.4667824994125 293.5403854000465 322.64416967597 531.0664836327744 -3.089850544408325 227.8062549188539 87.87439442038237 0 144.2985450656945 -58.76871187500174 -11.59196136257927 -202.6354206412535 45.31593991335632 42.78045734748144 105.3411059905737 0 -62.37177086592885 -237.3978552007419 -160.09917826036 0 0 17.45847311940307 -287.1671748366471 0 -129.2926481354063 78.24580817035877 -282.6749831694095 -408.2054410415089 -67.91283954421985 -424.0343226823371 -264.8374754063757 0 -123.9544944299883 -231.323680250001 0 -124.8386937360325 28.19183574651195 -84.52779943703464 -39.08471542174797 0 0 -237.7368743265076 -587.9993638740686 0 -125.0168978454337 -279.6031150794234 0 0 0 42.96470543605463 -55.15280018968664 33.74730471944223 0 -66.18870175472118 0 0 -70.44821038838815 -117.6710524186811 0 0 -71.24045716613807 0 64.11597272193848 0 7.062321017877537 -0.9395256072027642 59.75459827120905 0 0 0 0 0 17.97832206196473 0 0 -0.6105260826302095 0 67.39578623067057 0 0 0 27.18145364050471 0 0 0 0 0 0 0 0 -23.86686231594721 0 19.52639783665099 0 0 0 0 0 0 0 0 0 0 0 0 -30.64216387896997 0 0 0 0 0 0 0 0 0 0 0 0 0 0 -9.81929430651752, -39.04901236583592 -140.6346182629286 -157.8970075019226 -56.70620580677042 2.748142933883912 62.9455875762954 69.33887540907376 0 60.17546076465427 142.5650225872844 203.5736034484011 178.6825923224116 29.65881169666512 138.4641844153603 232.1248578471579 0 37.35112412245072 264.9202024175825 167.7713324857575 31.37218801116001 135.4482269743577 219.5218030464276 46.81007549090589 0 75.19896461018317 -46.36044521566265 -57.60074740670422 -2.282260719467306 0 89.58543019969275 115.3546312534104 0 -63.4356761261897 17.3450879127432 61.55977077748292 53.6467939362571 -98.20525673676595 -280.9980677808775 -10.78134158952244 0 -25.08615614286133 142.4503027899278 -44.2947592821788 119.6590180103204 134.2508642971141 191.0484309621477 185.9407930762213 0 139.223565381324 184.6764848203484 198.2332237920366 -42.57488334895518 51.40985539038565 200.2411471369533 289.7379706407505 0 207.0761425838481 522.359026477753 98.3062105848193 437.5151878440755 0 259.8081619979573 503.0143764218088 0 -43.27857080190564 235.0261691050563 680.0847597219974 -22.37941751264994 102.3942640247191 196.9584050087465 49.03154538946975 0 113.697850180666 109.4332361068996 86.92349693146295 450.4627521852362 -65.71664494945487 266.9289856493623 74.95954377171229 0 88.81872751096498 -135.8680233311745 -46.80397670764589 -191.9396906266082 21.22331362988698 -3.992810924938908 86.27886400586496 0 -16.97807813856787 -393.4123716260082 -111.4160144908654 0 0 16.55872662302722 -362.555506460781 0 -115.3963532364203 179.4991423863178 -237.3405047072617 -316.7199289672554 -47.25004554947498 -360.0546025957543 -290.1289715565983 0 -177.5964886074561 -209.0154423681744 0 -126.2465787726238 74.31838510348931 -140.2466498138023 114.3928758454713 0 0 -143.3229060579949 -414.2482247601884 0 -116.805307654976 -252.6064434591033 0 0 0 145.3203508507889 -24.01491094214732 106.563406401247 0 -13.6957930852835 0 0 -34.02338201078952 -16.24512097851421 0 0 -41.98055592573007 0 155.7105698353013 0 46.97501415611475 25.29492521274442 124.7916545092403 0 0 0 0 0 36.28119345736614 0 0 36.89590626081767 0 174.3323220349672 0 0 0 45.50307151916819 0 0 0 0 0 0 0 0 60.48899295020403 0 58.97831495043333 0 0 0 0 0 0 0 0 0 0 0 0 30.91284345638767 0 0 0 0 0 0 0 0 0 0 0 0 0 0 3.379300272995234, -27.18636187423863 -105.7064521720047 -121.5677339938855 -38.26735684200751 -11.46432122739572 53.99339176770854 105.6465342969804 0 96.30083749608687 224.5632203428424 238.375588709066 257.3892759829686 59.21508705749724 254.9289686714177 429.8922000816594 0 47.11734824694048 351.8363195937106 257.3337368458687 55.38790865688257 189.311997537118 250.6626056903141 -16.50939801274782 0 21.37502627016984 -56.51216910961979 -180.2832585034544 -43.55101580552474 0 -122.395032229568 96.54195241432382 0 -77.18367591251504 -109.7418274358285 24.66662877327586 38.20064947528191 -262.6379936721059 -284.0305368180116 -122.7003847145832 0 -26.40542251321656 34.05000772541754 -155.4544822085808 83.57410260652952 58.07734513115331 -70.82333624876701 134.8452058432752 0 144.1229685887515 77.1775244905571 202.1841196334163 -34.36232330358234 -9.775669711711078 55.81361409034992 -137.6731382069142 0 -47.3756835802966 292.8179333980441 32.26392280354322 12.53947743963474 0 -140.0580897606048 -283.8747463478383 0 34.5093375870166 39.97334542217742 522.9518807535134 -206.8717486542128 126.6850252923629 -120.9664113828534 -117.7016885565048 0 -152.4407529100002 -127.9854742586717 -311.9687378088473 231.9768101328098 -155.5895765156804 78.27780136677916 -20.96970498971741 0 42.12342087462112 -164.7780293870326 -145.6600378639772 -95.42559727258897 -79.12892038760106 -66.0992625278199 92.95988529610307 0 71.12449458961686 -364.0680198176591 83.53003633055971 0 0 30.81166984037389 -212.7364880598943 0 -49.52170894291785 235.7202109959512 -26.45557798840014 -2.881471461568367 2.094737668322146 -89.230227009449 -97.44440857276783 0 -100.3577873375526 -61.90947806480913 0 -33.52774929433592 78.69803401292019 -69.38464786421899 181.4958085219411 0 0 60.1545111922138 33.55458712421633 0 -44.43190420194956 32.49705205325644 0 0 0 152.7123211909617 55.19799902213398 64.76548220906938 0 25.34635217158372 0 0 40.71593516532977 65.34308763240065 0 0 60.3408164170369 0 174.336022713091 0 66.01779595601049 44.92585810972178 46.56234570333937 0 0 0 0 0 -1.34695881054483 0 0 84.72917671361722 0 227.537215717404 0 0 0 9.568605002401526 0 0 0 0 0 0 0 0 176.7953577737672 0 80.06787615473937 0 0 0 0 0 0 0 0 0 0 0 0 113.5238457723428 0 0 0 0 0 0 0 0 0 0 0 0 0 0 21.18280454446946


GFLOW: 0.576 0.06014143638708995 0.06053939646670527 0.08084179800434985 0.08137578051284368 2.986143912553847 2.986056898437468 2.952912964493887 2.952607921098121 -0.03970876348983095 -0.02034081403880058 -0.03797577958235575 -0.0162670839000625
q-corrs 1405.878439328628 5126.962352196173 6153.993374374229 2416.027513833799 1045.026393901771 2248.953196412333 1110.814161686421 0 -5.005503806594206 -199.2295937088017 -299.6156001810319 -317.2146179500055 -67.38367923507741 -382.7845779647519 -548.1371142856149 0 -76.14081486898849 -297.6053992208445 -312.4464636686877 -195.0593392130472 -138.8900605226488 -155.3103954280863 21.55192383355422 0 4.55026642783907 -231.2573973528231 -437.7462808995323 -113.8354556552502 0 -104.2417016182751 -78.84576592210448 0 -49.87959318729695 -144.8987920478882 -120.6902397111747 -156.3429908174327 -146.9990436097767 -200.4912874304333 -339.9373841093692 0 -31.81372072004806 -283.9924253684148 -121.4441159118256 -113.0077626485452 -89.16201305757622 -182.7933567928143 -155.6860215583672 0 -64.41780946717893 -241.078394022169 -90.7075501086362 82.69351731194939 -76.18779196471488 -134.3454613501421 -23.86197865986483 0 -172.8515165063434 -108.9605414246397 -44.88366877997563 -151.0449030474395 0 126.7537287217284 -47.81109387257078 0 27.46588149182362 28.2186006914626 -236.3255374865284 -12.15952910966158 156.5635147456227 -146.6322374712416 222.7554055520341 0 116.2458178742358 225.0606681464481 5.143657316262249 -68.32894535270168 199.7848430690927 229.3998302571244 70.21657237515808 0 -147.7360927246878 136.5158890194977 5.149427456528528 383.719076098281 -87.95876525997501 179.2688925409337 524.5726607301588 0 149.3036863321856 307.52437768549 314.3753180847875 0 0 -1.556196051122347 374.1554474290748 0 150.0947545432189 200.5771005213756 316.2722761273631 357.6064405114263 -1.270426412287605 289.1841321464984 44.53192749110174 0 56.8020643136622 340.2507146897118 0 84.17838545339512 84.58948897228171 187.6791764196116 379.185411028552 0 0 8.359255589987782 148.6585867813527 0 186.6818080314545 -68.69738357269313 0 0 0 297.2090006070382 25.23046637143057 96.54759750381834 0 226.7592383958545 0 0 -10.39542263763864 -44.58540118337356 0 0 -46.869310327525 0 335.3759121777551 0 164.486125196299 -13.45534516623444 77.29744184521911 0 0 0 0 0 -14.38634632869754 0 0 141.4319671992313 0 334.4634553055824 0 0 0 7.032637569174197 0 0 0 0 0 0 0 0 208.0170072798563 0 78.75546183683184 0 0 0 0 0 0 0 0 0 0 0 0 100.2533704861998 0 0 0 0 0 0 0 0 0 0 0 0 0 0 15.77908843936597, 842.7719966573266 3025.856561845335 3544.045417802497 1338.141351985975 544.6358920760183 1027.618422969632 371.7004327930134 0 -127.7233731942421 -369.7138172762721 -367.7538387919494 -355.3326053325558 -68.7919740478317 -382.911044395478 -547.0050411688214 0 -62.60489510374371 -268.782998140467 -326.8937388491431 -201.8505504229399 -160.8485488262245 -213.2793898581986 24.36387580944232 0 -17.28485147209112 -244.1782629823446 -449.2732117423659 -107.2865373918357 0 -138.3806956035626 -108.1571248666746 0 -71.55505410814762 -175.983324697709 -128.1579761748171 -150.3788381184779 -139.7272411915983 -169.740134730762 -309.1524467752221 0 -42.80002573989422 -295.8526740068262 -130.6033507633826 -98.65974333481458 -68.97820308554373 -165.0475342944486 -110.3248797806256 0 -42.37565474353832 -156.8493049747003 -85.20399791249447 18.98849145852466 -66.32020318648793 -150.9096841654273 -101.4816338618781 0 -148.0239055320165 -63.43147280467474 -62.28394248055825 -154.9897090818388 0 57.43519630259627 -88.9885192899682 0 31.97791077455121 -56.13424011375545 -224.1758797634425 -6.814902942059671 101.5225689760669 -194.2608951907292 110.9129137911431 0 57.97701207094875 108.1215087673253 -65.29416903466353 -128.9226596061364 110.8552208588845 103.06806089578 -2.781295017089633 0 -131.8156462724087 48.96035275747145 3.051663539324895 273.751812345608 -88.86084188805881 123.7481737436682 283.2232148659055 0 40.73848776148377 209.6511687448113 224.8268359938042 0 0 -16.94637887140239 278.111541891688 0 139.8456990996545 26.21450807279562 276.709980948852 273.6820712932794 2.935854032584174 159.5806642244785 75.71968439938121 0 66.06581949601892 306.9380832132878 0 100.2482053319318 13.65211813799432 182.1249624733877 126.9940280867403 0 0 36.28222321176349 144.2315982293927 0 152.0627388821738 22.15317247848699 0 0 0 112.9876087518775 83.95279304918209 -29.29870797123523 0 137.6375597453896 0 0 2.334191528021627 -40.12112013075134 0 0 -10.52463136965352 0 124.4180583070437 0 86.23487015105427 8.942389212748534 -38.74794182250542 0 0 0 0 0 -20.40569742740463 0 0 48.65685854960753 0 123.9625103430221 0 0 0 -23.74424066562144 0 0 0 0 0 0 0 0 57.99573610600945 0 22.79542589078132 0 0 0 0 0 0 0 0 0 0 0 0 16.37052019161704 0 0 0 0 0 0 0 0 0 0 0 0 0 0 -0.3588979323325177, 140.1261024845206 421.5490058397847 347.1091428929072 44.02100113242003 -41.83362911997763 -336.7391288310812 -386.0487923313629 0 -213.3543762691964 -418.879565665224 -354.0418336306661 -308.1962447782161 -34.19175937843819 -314.679568148629 -410.7289380949135 0 -44.45691234911274 -184.0863333092819 -316.7359008396619 -180.5633308005443 -181.3721175443042 -270.1007727465183 22.92911425114631 0 -51.25619566883492 -259.4409824009742 -468.5779107730729 -128.4612996064568 0 -229.4329822167705 -166.4240058155811 0 -97.55672115166914 -217.3366609990757 -179.3037119984494 -137.9206055700267 -139.254992589674 -141.6669211735907 -274.7923917815207 0 -65.19710360533529 -347.1487068776685 -131.1284820050676 -84.4100481584274 -32.3674609485555 -116.9818327526684 -12.99552576126793 0 -28.4119682168437 5.14290468843798 -145.41122229734 -92.81377156134712 -24.60195921641051 -115.0022185802025 -158.0529855927222 0 -57.17975741672449 0.2794174439371169 -45.78892492593928 -94.33490118919181 0 -13.36453096762214 18.30396151539274 0 29.86184681059372 -125.5185623081506 -137.0016268930605 93.16177579153685 1.062263662785227 -96.42865939884099 -78.78294901327618 0 -6.448212141886373 -49.72961587802376 44.74296695187323 -144.79451260154 -14.33290871868823 -28.3375505187749 -25.30869866019091 0 -75.40681665060509 -25.72025247744418 66.9663442854188 134.5884054714357 12.66721385867694 -0.5028576860593397 -95.20119325472959 0 -139.6866843604964 187.7665015155142 31.72759262579387 0 0 20.54019067516664 94.31978050937296 0 126.5871426611729 -196.2888811598481 195.236154045548 23.58557803700594 -13.71377531662764 -168.4509465198514 91.87749717857068 0 79.79089990503321 185.3814187970613 0 74.02135621787963 -71.63101677257038 141.3966844453176 -322.1127024398484 0 0 23.64281565657521 -50.77232515546319 0 16.44269158694693 108.7412829626192 0 0 0 -174.1049266122105 105.2278983308092 -243.5691161244956 0 -86.23278216242832 0 0 5.451256038168193 -109.9126499302932 0 0 26.6637940478731 0 -225.0742392212325 0 -65.0599113345708 23.36281356836909 -242.8618586244374 0 0 0 0 0 -37.28086800208651 0 0 -114.2507623910718 0 -249.5691523993858 0 0 0 -70.56209007348731 0 0 0 0 0 0 0 0 -213.5230516778192 0 -76.84993754148955 0 0 0 0 0 0 0 0 0 0 0 0 -135.5507940268948 0 0 0 0 0 0 0 0 0 0 0 0 0 0 -28.86438700834712, -53.06489565246859 -259.8439375886985 -422.9209119557427 -226.8636426821322 -136.3738046569949 -447.1555133007872 -346.5491872647878 0 -134.4822385555563 -208.5817475792296 -178.7502047725371 -144.661940753526 9.992784636827302 -191.1074449640925 -200.0253139293968 0 -27.96305186614594 -74.27672978389676 -251.2817576046523 -150.0014353192099 -165.8752834705962 -236.6772988669341 27.34280276393315 0 -44.06711206196971 -277.2976144204073 -473.0838808694876 -105.2828819608075 0 -257.2870497539286 -157.2078952617256 0 -130.7181754857209 -252.8179650741007 -215.8137275425882 -171.2074371075767 -149.1181090745683 -97.03442690740701 -215.7185937274307 0 -44.24987006030728 -327.0207669075368 -205.7613069059308 -71.39126329891533 16.75728327534016 -113.7031002436841 68.68183788498567 0 -28.82802347288251 100.2285374965588 -191.7265791259452 -130.0506439754974 30.01979923653979 1.49715432530725 -73.99288447849935 0 15.13991950779488 49.35650188309703 41.38687419996454 60.81659343634195 0 23.91626604523304 245.412971519801 0 18.60129265427598 14.62652601095469 76.64509665699386 170.9694717481713 -27.35838186774947 96.17692869602344 -118.3136330758586 0 7.82163377179716 -28.27295341573158 279.1596266713113 19.17733147480291 -19.26139177144366 3.120158987798192 68.3655508537631 0 9.934670927246817 26.13400570077377 116.9658946101509 75.29637866761439 117.663962044662 -67.33526562471781 -176.5255369962692 0 -188.51526884143 266.0477225779485 -81.2644605851076 0 0 83.1573237838699 -22.6646044048567 0 86.87621154757365 -207.1299098681868 81.24839317921654 -202.3113346569528 -41.74858973717949 -385.5522378423339 44.88365256995659 0 72.22381833381755 28.72201634024894 0 0.7733546889373883 -71.6644357790735 70.46224378600952 -492.6946469633324 0 0 -60.17102103619096 -310.3682858263112 0 -112.1403043006044 53.50852666183868 0 0 0 -238.0440546927756 25.74558156409617 -267.5495056513547 0 -227.9879881980507 0 0 -18.00402059790301 -172.7712365972329 0 0 10.12335952194358 0 -273.2900813045947 0 -122.1701249836734 3.226493641454926 -243.9752605644444 0 0 0 0 0 -33.97252941839692 0 0 -132.3798680778845 0 -297.8530508933515 0 0 0 -53.7367174339777 0 0 0 0 0 0 0 0 -239.9201096151269 0 -82.04026688449582 0 0 0 0 0 0 0 0 0 0 0 0 -146.0687668638391 0 0 0 0 0 0 0 0 0 0 0 0 0 0 -29.75488582223656, -55.72047768824564 -231.7388252331737 -322.5903448270867 -152.5422648427681 -58.48786040383621 -170.7892502276934 -134.4875755040122 0 -45.36398189746126 -53.00629297332741 34.27523067619563 7.095363218227646 -4.144932888160634 -93.17131344965203 -119.8019770331261 0 2.529936053057217 -6.540619872140724 -145.6380495801495 -153.5689782803014 -111.1396076824187 -139.2519497181141 0.0723494450458233 0 -8.954775317284678 -272.5922419388661 -436.6643299338219 -44.63977621176979 0 -206.5899453895574 -73.88062504843396 0 -157.9493570733454 -245.2889208623251 -214.0816737623907 -211.3356602951228 -154.55241828581 -57.65942097113584 -118.3250814374675 0 3.596343593483067 -214.5830226817508 -309.0601169778566 -44.99708113984993 86.81454315960434 -126.5138041099539 124.2629300344452 0 -14.35144370275037 149.3232270362105 -121.4722616199968 -72.43530896857769 59.70633682291149 143.7221597978384 129.7187863623915 0 49.9495856563282 153.8474457814868 148.0770704132879 288.9182953529044 0 133.813078912494 433.2769169094255 0 6.051868632205982 232.1871343922447 385.5763838847664 115.656268522239 40.52700702565243 230.2480779400724 -28.30593208439587 0 90.30801898523958 120.6715630163556 362.8084367031352 256.749583235284 12.84636438325663 141.5425902517233 111.4346150889479 0 90.38281131115127 86.61003263455467 63.91930334449828 -7.989095935647345 107.1143666451645 -35.83238187103538 -24.23538443156827 0 -94.31531549091885 134.5787313329967 -43.45418607889435 0 0 74.25504755066774 -86.40592137528574 0 0.6601737927138682 -64.23358209179867 -75.95068061536125 -258.9169628968335 -50.80524274512182 -324.5850522503187 -62.41492534675004 0 9.856401451192205 -70.84325496817763 0 -50.65833390478851 -25.84974385608142 1.613641749251062 -271.73213433867 0 0 -139.3101283441038 -388.1964345567478 0 -107.1377710336133 -81.78636592462544 0 0 0 -115.2182134127313 -33.82810404885664 -115.7209090230438 0 -150.2447109982103 0 0 -42.09673377263508 -136.7067668310081 0 0 -29.13367179614679 0 -110.627931725501 0 -65.80552238508093 -10.76301989043264 -83.57207055284945 0 0 0 0 0 -8.55411486136488 0 0 -55.7614414280078 0 -111.6794311486512 0 0 0 -7.194952743068563 0 0 0 0 0 0 0 0 -104.5689681881163 0 -26.56887972393944 0 0 0 0 0 0 0 0 0 0 0 0 -67.20673856602961 0 0 0 0 0 0 0 0 0 0 0 0 0 0 -14.64001915242444, -37.72628799644112 -140.2101460378947 -168.2945728642197 -68.64900537034958 3.87806750075068 33.92393652459273 17.393441609378 0 20.79341456305244 52.10766672190053 154.5725880041607 98.24664622657104 -9.708411806585405 10.80712347748131 -7.482777544645689 0 20.87524216438471 65.9409189732722 -9.946267443882274 -80.96328070665052 -13.56354169100234 9.71414231187515 8.060571109576074 0 33.95737910435578 -172.9957908744589 -261.4546562510579 -21.33464815643966 0 -50.3520831866204 6.04964535476082 0 -114.4389516015857 -114.5503764487333 -94.6628136422822 -112.0994000486878 -103.8659703857884 -128.3614190024767 -37.16011422532992 0 3.564321727597518 -38.58580265893548 -200.5784554736487 24.59026302039243 117.7362428834926 16.39191697635812 161.2336102600119 0 33.21160052253383 167.7487757295132 5.811368890953062 -31.02995761446596 74.53349551631941 221.4004586830591 272.7957515697658 0 118.2477969260614 288.890120999669 171.995879560597 422.8946163321818 0 229.5425838690182 528.0948128349986 0 -19.29934867993899 278.4825415297254 532.854319079073 34.91025879894318 74.55267450270097 240.9976779420178 18.65071883100181 0 148.7643374711455 193.3670647519011 254.2718438425858 356.0110420126063 -7.859190782142306 191.4023173670774 53.89689007094863 0 109.568256206352 -12.02172310444155 -4.936857480216826 -153.4027891952163 46.54798933539064 3.188943543790351 40.98108428428262 0 -42.12935123553625 -187.0987976044734 -114.3616244883167 0 0 5.242737907434224 -227.3776947914485 0 -87.34300590279928 55.76095375914745 -222.5777497547999 -298.9025446259425 -52.23552931309379 -319.8880875201948 -197.582961574851 0 -105.3756925317403 -163.6445042261756 0 -105.8300814372765 20.74554249712584 -92.02384601313568 -36.98912928458992 0 0 -170.3459148980596 -427.6954237640604 0 -100.8847557118474 -218.2429801345189 0 0 0 21.09175135870629 -67.111506972499 19.22779890334511 0 -48.07297846306587 0 0 -50.77515984897654 -90.35450525331645 0 0 -58.75557038950508 0 23.69222595246661 0 -0.5692419599260177 -8.092174464226645 43.7346307198174 0 0 0 0 0 15.58972852473772 0 0 -11.19311208177111 0 24.53566655374888 0 0 0 22.62264403429008 0 0 0 0 0 0 0 0 -31.84284960940614 0 8.814620727423588 0 0 0 0 0 0 0 0 0 0 0 0 -27.49006315894732 0 0 0 0 0 0 0 0 0 0 0 0 0 0 -7.609202480831007, -28.76320444342549 -107.2421140674646 -125.0332546775047 -45.72934467354563 -0.1670361709287711 43.21175789440703 55.36697917365721 0 50.37534282446447 121.4608052050024 164.7256034735351 145.5843268906115 20.86964842170089 112.0058515475531 183.7093590302087 0 28.13453800324014 185.2078938347085 126.1477797641107 21.2816264608775 87.76556514356605 155.9837041992007 30.15196141997098 0 58.75174870284035 -60.65077569224273 -85.66925079881818 -10.11052956132278 0 58.18843194088205 65.77927358367029 0 -58.59466787125407 -2.228398684221645 45.6604536669231 21.34307749927899 -69.89482090665314 -209.2665353017042 4.407633909196164 0 -25.42581822776602 100.1648664893746 -50.89521702520702 104.0028151637264 96.23261682788645 140.7519063493623 149.4254062492128 0 98.71342608781327 149.3890445316758 160.9126752453715 -37.84691309454212 53.74344343309074 171.6946352173032 218.8503778094997 0 155.1292729663035 371.3534165914587 93.05182473365637 340.4763412998778 0 207.4526053132395 350.8169384251209 0 -23.89836660968613 191.8613364302434 522.629845106977 -20.39969544692302 94.88835296285056 146.4280909983135 38.59954657180583 0 72.27249666613392 88.37840264264159 68.79317060259316 318.7561032170706 -44.98312089661533 203.7478857663837 31.7029036860855 0 71.07652850485107 -84.99700843915132 -39.62760998616957 -166.3068879184519 13.35228652521644 -11.85759833531796 59.95393724699468 0 -9.865969927580807 -304.1550902172113 -94.44085278165727 0 0 -4.39039382681425 -279.4903734635027 0 -89.70845836188215 124.9944642182781 -199.0803775252551 -221.9754416767821 -33.1248026269629 -272.066992129276 -208.2576849684988 0 -135.9110902468927 -156.797628816243 0 -111.2901695394309 49.94171497880529 -126.359837380753 72.04654164526514 0 0 -104.0763449590621 -306.9282419806544 0 -95.57870658187082 -194.4345069749104 0 0 0 97.85631723032648 -52.37666670631567 68.40427270031175 0 -4.267939114911464 0 0 -26.32606480148236 -32.65787843442151 0 0 -38.59341045152108 0 107.5969083212071 0 35.62618830615182 6.387163372616403 88.00089004396301 0 0 0 0 0 23.35984749754586 0 0 28.98924843342564 0 122.5499322307946 0 0 0 33.85333325633981 0 0 0 0 0 0 0 0 46.68874073349347 0 40.60985632708426 0 0 0 0 0 0 0 0 0 0 0 0 23.20178300596611 0 0 0 0 0 0 0 0 0 0 0 0 0 0 2.617825785153874, -19.40160916559512 -75.5664425292604 -85.59843458981535 -25.02426048743929 -3.735011783281095 57.22170933004499 94.37560308435832 0 79.78172598509923 186.9446972459799 199.2390874526918 203.1045969035984 39.76581977277569 190.782833064722 312.6483461549908 0 40.68721039871721 255.4224814668109 199.2109326744082 35.84221257979527 136.8000926665701 195.951875284962 -18.78629780223795 0 25.92420222472358 -45.34888551799207 -120.0384994429243 -25.72551059318946 0 -58.01529814989753 69.83695435954195 0 -58.28821217582743 -72.15392366034428 33.0057326545441 27.30788861718108 -157.5094289900001 -197.8660864684459 -72.94750965602708 0 -18.54610942552396 42.88201351477692 -99.23855384069341 74.89261380140678 33.52002689029645 -6.189480337061198 103.9225607761522 0 106.5132611378362 54.68160584701205 192.7983621754155 -28.2285986973102 16.76853245131715 69.27346057168424 -77.38761148120716 0 -19.58882154832685 227.9271986964782 35.77435298509565 48.34245753197054 0 -42.91950729758371 -199.7620189582812 0 26.09694372248972 50.05921949369198 415.8003531851372 -156.5911431092334 116.7210936745803 -106.4944897478702 -51.16484862941918 0 -105.2530703276977 -75.07128381489315 -239.6844125748031 177.7886034011553 -104.600028489882 94.5904774898124 -39.6170260389651 0 28.84287394018364 -122.2461815488545 -113.939594104578 -98.54635773614285 -74.77561535696869 -51.44898177778728 95.62179602917134 0 59.97326530232867 -298.7167073370803 54.17616748965389 0 0 -1.504516614435119 -167.9064945203407 0 -46.38763631390228 190.1658607356889 -61.49030116238485 6.725946620820693 -3.163552210357071 -71.30320390516161 -82.10271469318582 0 -76.36238793405218 -43.84687287225522 0 -44.94543380737913 63.28864635237669 -64.4313732736241 165.8413932163819 0 0 22.98635780511277 -6.255745172353407 0 -34.43741167941948 -8.646066841434944 0 0 0 131.541998192954 7.7608447394765 55.17475439408023 0 41.4700013397271 0 0 20.23678599953303 18.51807429403602 0 0 26.51038816953356 0 147.8321355206846 0 59.51505028939662 20.55999690707856 45.0464193741831 0 0 0 0 0 -1.523312256419975 0 0 73.07808283523791 0 180.4664257139321 0 0 0 11.0891980526461 0 0 0 0 0 0 0 0 142.0603634371572 0 59.12559684187516 0 0 0 0 0 0 0 0 0 0 0 0 88.50722538207194 0 0 0 0 0 0 0 0 0 0 0 0 0 0 16.95563749314226


GFLOW: 0.6479999999999999 0.04972483815321826 0.05009493357266596 0.06518373311589801 0.06567523334998379 2.989012593664801 2.988932396020874 2.961864737140884 2.961582977322697 -0.03151363407612321 -0.01829996152068976 -0.02699671553372967 -0.01186620593281938
q-corrs 942.819603237049 3630.903936699681 4618.164456140807 1932.728568332588 895.7578481366086 2121.557901887438 1202.313148842143 0 104.1167367810546 28.70489404510464 -144.5511312485222 -194.8584539324928 -44.33630182400136 -283.9284726361466 -442.5901397344904 0 -73.77898574054616 -325.6898839183314 -305.5631619546302 -172.8157942347396 -150.1090377986831 -198.6099206916486 -17.07606090887534 0 -24.48685503157049 -203.9696060741832 -399.4882104122884 -131.0288026859005 0 -130.5818340012794 -96.92891554788287 0 -43.89207885496473 -121.3195207608359 -96.81732882150582 -116.377538316264 -131.6871992075602 -183.2256598947955 -274.2998679107286 0 -46.71039990921452 -237.7285483261527 -102.470402849128 -81.92714809126629 -61.4853792589906 -163.8366445035756 -118.4465207204243 0 -40.02235980907828 -173.4570461131825 -121.2058103786902 17.87662220241695 -57.26214474431161 -128.4403451685313 -51.34383925052957 0 -118.5037815892864 -57.00042695772852 -52.31432693510901 -128.7236106670316 0 107.1408725712708 -13.6963857687511 0 11.35758772480914 -17.60685920966367 -181.2447750169848 13.7566775681763 122.8331483774922 -97.971251779395 173.7433149686253 0 86.5033709116931 138.5411041656812 33.88765564226955 -53.89448637819937 139.0804144915104 227.3566665806727 58.75424555526402 0 -112.2302836074746 135.6473324803653 18.09684791987732 299.9782165932187 -57.77961824408386 107.1918867960873 362.9073029207276 0 123.4345691668248 242.9485883286637 283.6386542406967 0 0 3.767802098034636 269.9630585728823 0 126.7482819509922 147.6352739522898 225.7586968820279 265.8980610713055 -8.110334371266674 226.9336440281465 38.22855161570469 0 49.12683090279347 266.4269611168497 0 53.87153255344003 56.92778000931656 134.6797146585508 276.6274544378086 0 0 0.9767777879597901 113.8808095214831 0 138.8299502122237 -34.01562063676602 0 0 0 196.9272048509963 8.560192701000288 66.37514320880175 0 159.1146419117038 0 0 -6.925514943143977 -38.48595912668056 0 0 -27.79766876370908 0 221.9901213074861 0 108.433490933515 -13.94258569005869 49.14951957337018 0 0 0 0 0 -16.39329885672063 0 0 95.0245958761991 0 222.8838898334822 0 0 0 2.925309953170217 0 0 0 0 0 0 0 0 139.8792451817941 0 52.76828894127972 0 0 0 0 0 0 0 0 0 0 0 0 66.50706508643211 0 0 0 0 0 0 0 0 0 0 0 0 0 0 10.13040189031096, 597.5363377724749 2274.716252369687 2843.696490360863 1159.9835106108 517.0543871626057 1141.970895687917 572.6997323309894 0 -18.86886706027423 -157.8399530735208 -231.9335575578975 -245.8983644192915 -50.25653645218235 -294.0903047728108 -446.5218365177036 0 -65.85553803469102 -300.3807782638027 -305.434519273595 -172.2313590618706 -158.2797645143469 -221.1968258884791 -13.48687953707129 0 -34.6325616771319 -208.2650920890511 -396.7820804963767 -120.9674615872588 0 -150.4413325610878 -109.0952892447628 0 -55.92036504297988 -138.3415814655826 -106.4300524805447 -114.7357158058936 -123.6259983407009 -152.1099373811042 -245.2563923372691 0 -48.04764189548929 -239.8492409823616 -106.3311340194488 -72.94039697487391 -47.05438036980613 -148.0640896004232 -85.66414729719008 0 -31.11247342752529 -111.8498711651758 -112.4709146921349 -11.94306741340468 -46.87996592148529 -124.7792343916973 -86.39681274866018 0 -95.41680266157169 -40.973411835221 -57.75355771185173 -128.9862804235626 0 67.41830546440303 -26.90599710347296 0 15.35289564640987 -57.7207949309054 -172.3286202105801 23.12631321117699 80.79422569385842 -112.8428325694436 93.39076938246934 0 52.05197501561723 71.93323257416236 4.503568946063474 -83.69635931801045 84.58996259897771 125.5655522511755 19.28339128170859 0 -99.57184344821269 70.85580212949944 19.86030297892181 223.5741696222749 -51.70809628416925 80.36603296486999 216.6644429937166 0 44.57669952299926 193.22077262758 200.9510202198682 0 0 -2.809457439081903 202.5960892673292 0 115.1868355049798 31.51288174475877 201.6110900233143 204.3404355230981 -1.710608947284008 128.2860672610065 63.16148697322387 0 56.75646656027424 229.2209006965023 0 65.57169564524798 10.84288952919507 126.9887015272418 92.32229051317074 0 0 22.12219106589373 104.5040031531846 0 104.3690286782579 28.48220257592466 0 0 0 69.37311708088393 49.8781886832798 -21.31466018859001 0 86.26856494491136 0 0 1.807690798968217 -33.47495955106814 0 0 -3.193740988037984 0 75.64231872695585 0 50.81441597222897 2.880206082733101 -31.1896571755741 0 0 0 0 0 -17.87574112253514 0 0 30.33440829661212 0 74.39763677081045 0 0 0 -17.1595549955794 0 0 0 0 0 0 0 0 34.74539608472877 0 13.33150446546592 0 0 0 0 0 0 0 0 0 0 0 0 7.982202537588104 0 0 0 0 0 0 0 0 0 0 0 0 0 0 -0.9812534531372403, 127.4117394611549 436.6520660765129 458.4969806876603 135.5212307312165 22.65440373699556 -97.90548080249819 -184.2010376434539 0 -141.4082530554047 -301.9610923713208 -280.5883052718947 -246.9594354608083 -33.15337280682652 -253.6690404622962 -347.3607537518701 0 -49.97338679294197 -213.0161862710833 -272.3558836703759 -146.3455775546928 -156.9332686493279 -229.3757592286484 -4.623683936428662 0 -47.35398309379022 -208.6751636789359 -386.2667184053269 -116.2889974061843 0 -199.3587420381374 -136.4606921096673 0 -72.84648199628163 -166.2324140692612 -141.5653111602996 -114.8356251187895 -118.6557346194919 -113.320210639347 -209.3575756140509 0 -53.97487986074665 -262.5531018555127 -110.2496147088711 -63.05919092751264 -20.64916591861567 -115.8800823829659 -17.23339217327151 0 -26.13389045432409 1.620023931763782 -143.0228775366282 -72.34922812876647 -13.72844251835703 -84.26926828521727 -113.7783914538336 0 -30.56997936899251 -17.55505694660063 -38.2241871694557 -85.00308311658713 0 18.89183997448868 48.05359000832431 0 15.48363183003491 -80.86173314184506 -110.4510982284234 83.93935350121338 0.9317704079273881 -43.43865786964396 -44.6213682582606 0 7.537981684991969 -20.77546613886728 73.89037934240839 -84.83528227801307 4.551215402059423 -9.583154403133335 7.189200893256313 0 -55.6705101448935 2.809757490304079 56.45502009699874 110.1574255091211 15.60584979204596 8.886118805913018 -38.62691312840041 0 -92.75254191600139 172.8676920013048 31.29635371758712 0 0 20.3982892956494 66.66471319908129 0 94.02962128508254 -137.5939914314462 138.2364379031916 20.50333656532647 -8.236058323803553 -115.7693555051035 76.10789712256698 0 63.55178071806044 123.5268463765781 0 50.17186010491758 -53.40103491909274 91.10086788088931 -249.4596888619728 0 0 17.28845213403543 -35.67155496874246 0 -1.210343536420002 87.22927252604292 0 0 0 -145.3359865008161 70.77372655126938 -178.0826278532315 0 -83.67398957544808 0 0 4.434014505224976 -75.15176997647769 0 0 22.04523227217679 0 -177.9428920796389 0 -61.77757183741878 16.58034666271214 -177.6261783362018 0 0 0 0 0 -25.1686903950856 0 0 -84.01898583947386 0 -193.3660668444937 0 0 0 -49.62888580148535 0 0 0 0 0 0 0 0 -153.2310438306394 0 -56.93721655786571 0 0 0 0 0 0 0 0 0 0 0 0 -95.66706899920703 0 0 0 0 0 0 0 0 0 0 0 0 0 0 -20.19344855176083, -29.7504331829148 -157.3344014806266 -272.427997769194 -153.701151049162 -97.97396080296195 -332.5664425061769 -266.7006736221869 0 -107.0938698117869 -182.7817134817792 -159.9555075333244 -128.1664863927065 -1.616477568287538 -151.27699485402 -171.5375272390848 0 -28.47591712102571 -94.65619280680383 -193.8744734664219 -113.6703285385112 -128.0365703553367 -181.6205253955867 2.29339908704015 0 -39.10155243528801 -210.0174356738254 -371.4401578797196 -92.46428620833677 0 -218.4099461481704 -130.2092400115939 0 -96.3477150143642 -195.7284381527561 -172.1000636621262 -144.8319622867415 -125.6032448759531 -81.61640669376777 -175.8037770618427 0 -42.30040280610837 -258.011671565353 -165.0570050851377 -55.18485052602293 10.15458622174388 -116.8961742352629 33.43070805560419 0 -24.07946246544521 62.54782067592941 -169.0670190326635 -98.73761669295251 20.32060343461809 -9.363755054636101 -62.13576022224278 0 13.13485430661787 19.45625861361579 24.26454411467594 28.2845673838239 0 27.47814190874022 182.8673827727012 0 8.886731046163742 11.62664435771659 44.85358595676158 122.7359227175065 -23.61256725099876 80.41642085481476 -81.26801321327356 0 10.08027631047025 -11.24950477199401 211.2905499202478 19.13705254793731 -8.858424598345135 -11.12187522251907 57.02268973134994 0 8.761645136513092 28.13300221734374 81.13288256664259 49.94387720184105 83.82336652542256 -44.67355722389148 -129.6903475406135 0 -135.4110989728361 186.1698018300905 -59.0740724255807 0 0 56.68745404370184 -28.07953280414823 0 60.81860501344276 -161.3975192663503 43.86054862814887 -154.3090928760168 -30.13307165579896 -280.973496226825 29.20297529720774 0 46.27958196389194 13.11417466263664 0 -2.682699629026409 -60.59261994438464 36.21469513646576 -380.1907994784054 0 0 -45.38851321429885 -229.2247738469509 0 -88.80710378875544 34.78143873910312 0 0 0 -204.7261034138453 17.13525869104642 -205.6642672715103 0 -179.9165309327613 0 0 -12.98355789199068 -122.01374604903 0 0 6.958903984507423 0 -231.7079660807728 0 -105.3477863630625 4.119905146540988 -189.706906192432 0 0 0 0 0 -22.38718270036558 0 0 -104.3585234164538 0 -245.6909931715386 0 0 0 -42.05211956264152 0 0 0 0 0 0 0 0 -181.548976668984 0 -65.27564717643122 0 0 0 0 0 0 0 0 0 0 0 0 -106.9746775864854 0 0 0 0 0 0 0 0 0 0 0 0 0 0 -21.36836992419654, -39.19932777105649 -168.248090573244 -241.515058882292 -116.9224148852192 -50.18922197119556 -149.0336300644262 -114.2058379827117 0 -36.41778031795282 -46.57785960921281 7.718539056502664 -2.603483466803688 -2.598126999309514 -62.30535383914582 -76.69487977488136 0 -1.821893004736461 -16.3706236465562 -100.9004241906233 -103.887873511456 -80.17560729806306 -102.3438964680624 -11.03893960907288 0 -14.80275178605238 -203.8391407233372 -338.265651412675 -51.62669088581039 0 -178.2849751881809 -74.71228885904002 0 -116.6442764056425 -189.4432976072127 -168.1483832175026 -166.5011311441024 -124.3951563195526 -64.71153442025272 -108.7505522436848 0 -13.33484629542296 -180.6230275405983 -229.6086699550009 -30.59070319673885 57.64290523203883 -107.7834635119207 75.53521544814951 0 -9.001877732643491 99.78187070293666 -107.5457370215478 -63.73713858973466 38.84933081897355 90.23316188896631 90.07487491524151 0 38.04155899102864 113.3790218519092 103.8970991575115 203.4938569947765 0 90.72353346050448 302.1237625679269 0 1.505617076585996 153.6405664849044 271.1486084346647 84.18032885675831 29.80615770021046 178.4394073564587 -24.76868845597749 0 61.52774018887597 78.86036207434449 264.8770951124652 167.049949210459 2.452610823645161 97.44458725475643 71.21118976987532 0 67.17034901474558 67.89661200587025 46.07197479022805 -15.31884874117192 79.71671364636916 -40.05577738114931 -53.18577805287701 0 -72.61653610232077 68.75287666182319 -40.837079435128 0 0 45.16420120271557 -83.67161897115682 0 2.32102436116285 -57.22102175265827 -73.55294173984056 -207.6212904152029 -42.20116921652512 -256.1743179069997 -59.15832248810279 0 -9.183684175067803 -53.31085515083311 0 -46.34130631627126 -24.54391460120078 -17.95557234980902 -216.0099994879286 0 0 -107.2047895325374 -300.3837841279402 0 -85.5990850888016 -75.39881845918399 0 0 0 -107.5695793818411 -34.13195828584264 -95.90019161034687 0 -117.8553293111696 0 0 -31.97007343616494 -104.0653869286957 0 0 -25.28813498643567 0 -114.3718647212252 0 -60.45800655363478 -8.477943130800176 -73.13539801176233 0 0 0 0 0 -4.627575907697256 0 0 -54.15556187614203 0 -116.1406732069473 0 0 0 -8.261766590700127 0 0 0 0 0 0 0 0 -94.42918010187792 0 -27.75574818498572 0 0 0 0 0 0 0 0 0 0 0 0 -56.2329001911081 0 0 0 0 0 0 0 0 0 0 0 0 0 0 -11.50600427438134, -27.85691714678387 -107.4675231770751 -134.7813215758671 -56.71153795847223 -4.451323433179855 5.075540539532781 4.838188360285621 0 15.69978775589904 44.55123779784191 108.516311634702 75.82791782136124 -2.409168802689239 18.3605416157403 18.58953839484851 0 13.66000436038814 50.64650900109769 -0.9737471791923333 -52.05741024415732 -11.59368530624596 6.34004609771975 2.433277804826941 0 21.38464467872379 -140.4041173150139 -219.1914692869864 -29.34529148207002 0 -55.46560028577356 -12.66530375818553 0 -91.02079624664688 -95.51512048175536 -75.4220003081797 -93.05192226995214 -82.578018672974 -111.6074891125341 -32.51632909160364 0 -10.05834030190458 -42.49446698377449 -158.068300171873 28.63628393954154 85.27617260759786 8.129765509565146 114.3463494096166 0 27.08388566527294 128.3636725934523 4.545777013520777 -34.68735258404506 51.00874402646178 156.5429704024294 208.744681446689 0 92.36507840165626 220.8325817556126 128.678301112622 315.9552340545006 0 159.888541052409 366.1676567834181 0 -12.66777371987925 197.3799403578679 393.5954939696027 31.26960326559728 65.29710348416546 193.5601927035236 14.30271851522241 0 96.74711070241901 125.3282301235214 192.5345344061272 235.3908973972064 -11.30753485117251 153.328328554232 28.79972319901616 0 81.63420439852595 4.363431420212542 -0.1197626865652168 -117.8904056729083 40.58596609181055 -18.24516702102959 -0.07394127691910057 0 -30.07021170584409 -151.8339106841595 -88.33827009881232 0 0 -2.901020364973206 -180.8328257921254 0 -60.21437198152594 36.75817594172312 -175.2212991873369 -225.1343519110231 -42.50853341411184 -247.9257501039222 -149.9402917946481 0 -88.35583248653791 -118.6727399969472 0 -88.87681464586021 13.12735182797342 -85.62798286642192 -38.13332231406056 0 0 -125.8428783159158 -321.1560135336414 0 -81.63875331503857 -169.5593059983106 0 0 0 4.226324819118844 -67.04792334150872 6.075336669609193 0 -38.61523519507033 0 0 -37.58770962033586 -74.92901454973729 0 0 -46.76855805028374 0 -1.677448719705092 0 -6.085657747810316 -10.72458275737896 25.50500552418745 0 0 0 0 0 10.73673939151216 0 0 -16.52827322447212 0 -2.791075248385113 0 0 0 15.66896079391287 0 0 0 0 0 0 0 0 -35.53937673972507 0 1.018850158912163 0 0 0 0 0 0 0 0 0 0 0 0 -25.47506179609313 0 0 0 0 0 0 0 0 0 0 0 0 0 0 -6.237071744052232, -21.02203168738652 -79.93325245356419 -94.807913637856 -34.66750560072059 -0.569235339448797 33.19217202558343 45.88627817434852 0 41.60922295679751 101.7778331904871 132.4838194347129 117.1209908005503 16.05218025219888 89.7501069743851 145.1624464240103 0 21.61896722198091 133.893716546275 93.04116647080455 14.24039502800583 57.82134322195087 108.7909149261717 20.09475835539768 0 43.90033281570127 -60.62657290182854 -91.30052200436309 -15.14888251813459 0 36.21185970715386 34.35101436618578 0 -50.91977564893722 -11.76188169844208 33.68935292877741 4.195140996239715 -48.95705677899247 -157.1658399758563 9.200400978049089 0 -23.96192284076112 69.40005972666802 -49.81619143596805 87.59461221761332 69.81063826517394 107.8105487052832 114.6130274444949 0 72.40638896795306 119.2699130664515 134.776335048491 -32.99272362393842 45.8009913526263 135.1571645012926 168.3341407504656 0 117.2813313904032 271.9929662069848 78.77020680136411 263.664086708102 0 161.5013520860414 240.0471163743647 0 -13.14222063750603 150.7880098481579 398.5119284452591 -16.58813846926055 83.34384508792101 107.1039944977566 33.73072913329216 0 44.74724833031462 63.88601531220921 49.8036466125608 222.3487207453022 -33.19904976579686 159.3691745286266 6.65314525716899 0 55.4017903723784 -54.30057426509753 -32.26655224256723 -136.2217171685378 6.032196837780614 -18.09036168175481 37.99033496722986 0 -2.994622128301543 -238.7414403284067 -76.42741444746227 0 0 -15.10309575892822 -214.7159623109353 0 -68.84160060519173 91.53878526751244 -163.1732620930099 -159.2353090560303 -26.20057847946198 -206.3869384996348 -152.9386419275131 0 -105.4681364503936 -117.5422805727693 0 -94.70223987754952 35.36379822252756 -107.3619656917143 50.92014780171644 0 0 -78.82164805780974 -233.4806420516869 0 -76.57304281132136 -149.9949886968797 0 0 0 69.55643329927283 -61.25412966946528 45.01715521121942 0 0.143964620176547 0 0 -20.90126923333396 -40.83252286303125 0 0 -32.95422737925504 0 75.25009535086062 0 27.09257126378703 -3.199573054272175 60.24393626593347 0 0 0 0 0 13.36104925697308 0 0 21.34423935635614 0 84.63584959763499 0 0 0 23.6183753147832 0 0 0 0 0 0 0 0 33.5520013116658 0 27.06800805055375 0 0 0 0 0 0 0 0 0 0 0 0 16.38663639506038 0 0 0 0 0 0 0 0 0 0 0 0 0 0 1.947635231713019, -13.62651033401357 -52.20618173208516 -56.75372483150204 -14.38515994835527 2.14045266066395 58.41987332822839 83.27099471239049 0 64.65283965736026 153.0175766713538 165.0656791134489 160.5459564456112 28.14215250852607 143.3950914946994 229.9816540270101 0 34.25149301252377 190.4135748826477 151.9922070634871 24.54260112328161 98.43757889381355 147.595721515327 -14.46463337322883 0 24.78584560899164 -35.16746472930006 -80.78403792816798 -15.31879307252631 0 -22.12976472557976 49.02593044485538 0 -43.53413904087528 -44.7765166624668 35.72554786513022 20.98267175507162 -90.76674115571942 -137.667400430142 -35.7216115362167 0 -14.3302403363878 47.43889475708789 -60.23460180123616 68.21399140556886 20.21373905080419 32.58296759306599 79.6187632627169 0 81.48003465782031 44.15104040308906 184.5001178471963 -19.48337298268775 26.89561558595921 68.73764215350204 -35.91239428304387 0 2.27898513030101 181.6876492074059 32.74772543504256 65.70298343291802 0 14.08100771912987 -140.7223585781739 0 19.37351323554959 56.98810313343922 332.9161112955336 -117.7522363033934 104.9782862178004 -90.16453750408135 -7.511851769089105 0 -74.68956422247439 -45.41992756655989 -178.9316515240115 137.3053172769913 -71.41224819302047 101.981859959751 -46.14017748279242 0 21.93478163153279 -84.80602721798623 -88.94511632199359 -89.3715321420507 -67.00004479478523 -40.34493794858923 88.82354838283231 0 54.68722723433592 -245.6747482031823 39.61613902988181 0 0 -18.50939240334217 -134.9454348119306 0 -40.57514289512704 156.7280239745117 -74.42575618959779 9.041716999602997 -6.773466987431854 -55.79750718211568 -71.7666064249095 0 -63.40672626785757 -33.02893108049773 0 -49.69797900975691 52.62757857614066 -60.15413835467439 150.5148495014266 0 0 1.204437380819394 -29.17636675530298 0 -27.16413762370251 -30.58531716344431 0 0 0 115.3458514700854 -19.48546637406568 48.77635528151741 0 45.92749240554524 0 0 8.243308767113795 -7.799714250665407 0 0 8.208693732357959 0 126.032523863298 0 52.82684674712492 6.157579447019979 41.13649639066564 0 0 0 0 0 -2.995953344237703 0 0 61.32413032449524 0 144.9265165706342 0 0 0 10.27484335601074 0 0 0 0 0 0 0 0 113.3259052153658 0 44.49621437070102 0 0 0 0 0 0 0 0 0 0 0 0 68.83809864036371 0 0 0 0 0 0 0 0 0 0 0 0 0 0 13.33661145489551


GFLOW: 0.72 0.0418930908871654 0.04223313650278095 0.05375989937130444 0.05420399560203268 2.991036604836824 2.990963961321992 2.968379492535547 2.968122872279073 -0.02523961769905052 -0.016956807600741 -0.01889032610215808 -0.00901470805954601
q-corrs 657.3661693527653 2645.212911142912 3523.184344800428 1549.571550422083 755.8575219625625 1914.117380237604 1180.624716088929 0 164.9444847771609 174.347718473301 -34.10504958139222 -99.42272753104575 -23.12360893947693 -199.9326448255726 -334.780216272383 0 -67.04764099874171 -312.3207045920827 -280.1697748634123 -148.7245765684393 -147.1740451295803 -212.052444435816 -38.02179733349006 0 -41.64888908343535 -181.4741829181927 -367.9644901221226 -139.2071181017913 0 -149.3722283851782 -110.5778343847427 0 -38.50541290885013 -106.2741053395569 -88.14218792918371 -95.78832818837373 -116.6746099563086 -166.2075680453706 -226.8715464283091 0 -53.90322742216325 -205.8420055757924 -86.13127181189166 -59.15035959683378 -42.51756814691174 -139.3802964692098 -91.11164121272579 0 -26.47921561143424 -122.432110960904 -129.9498657299291 -20.4829593711715 -44.56341226796715 -116.2173930917848 -55.75148895060967 0 -76.21201326550458 -27.1254095185558 -51.30122524842592 -101.6935095094729 0 93.44508696101424 9.632467831526938 0 1.541172868632276 -38.11642137554809 -139.5313427467849 30.74816583121808 94.96435860860583 -60.41032978347458 139.8985562437148 0 62.76763067303482 84.80914122341852 55.18043103347764 -41.58637957560433 99.1150915552778 208.2190724202835 51.94310491370096 0 -85.18230351575949 127.8387513719051 25.59081380234943 238.9771206051847 -32.8629415295315 63.20928325420411 254.8874452205153 0 99.25229588198189 196.9403645510901 241.8486550091999 0 0 8.109890496795717 197.9337723575218 0 105.770236847047 109.0818827200629 166.4848363183546 198.2225587644486 -10.608876002598 174.1163279602019 31.41295179090683 0 40.12001038271589 208.1876557094959 0 35.13378480649992 38.65973796263185 97.47700160228014 200.2704728384659 0 0 -2.627989072159949 86.19058227299334 0 102.3477967791667 -16.04100723918996 0 0 0 130.4029333278773 0.6132542603438793 44.53852073528915 0 111.6185829796401 0 0 -4.929144880944222 -32.14377562509833 0 0 -16.79080146395907 0 145.5735163461158 0 71.40885722165366 -12.25203277052343 30.27898899760913 0 0 0 0 0 -15.03995880845985 0 0 63.13868724802419 0 146.9668990103105 0 0 0 0.6266448226807251 0 0 0 0 0 0 0 0 93.49009455421734 0 35.01599927863654 0 0 0 0 0 0 0 0 0 0 0 0 44.38341296995607 0 0 0 0 0 0 0 0 0 0 0 0 0 0 6.669459454794805, 435.9442059619275 1738.764462344079 2286.711196247124 987.9790126448587 468.7539955359155 1137.53903506743 658.2806820468091 0 50.95342795001837 -9.096355688105533 -127.2960704152569 -156.9440055545897 -32.21707560537349 -217.2357760105421 -347.4724918852669 0 -62.22772619219886 -292.1822595791851 -274.3767491437975 -145.2747455168719 -148.0322723856926 -216.3326565516967 -33.16161267148 0 -44.48222291390396 -179.8336606156578 -355.1853184502348 -126.5832626981894 0 -156.2223007873799 -111.8079150315719 0 -44.93609871945348 -113.9360894292904 -94.45143750560911 -93.86995251123017 -108.4471831432133 -137.7644033858443 -200.5552805321987 0 -50.37688283964707 -201.5002477478727 -86.39249449145721 -53.79562793436085 -32.1189640721644 -126.4801940819699 -67.15355848626601 0 -23.632525221638 -78.55019534406787 -120.4635601550786 -31.06981890215961 -34.81744881583109 -103.9493159542601 -70.24088334854102 0 -58.51060311100639 -25.19534711336877 -50.79093806201922 -100.9104106859127 0 68.84846467046016 9.776661461310113 0 5.125412514070741 -53.8129613638914 -132.6538397338302 38.66162059831746 62.76784580431705 -61.3124446293732 80.78969133728525 0 43.2297205044874 48.39713283416367 43.62108665571716 -54.64147961297815 65.71800840476847 126.1346882948192 30.8244209775678 0 -74.63344683626019 79.51012982424878 27.76189115851324 183.6585772419491 -25.42842802733687 52.33358324887632 163.999650182531 0 40.94033478012886 172.4027245513998 171.5829508025958 0 0 6.106270864960802 149.7677541700695 0 94.30410078560575 27.86045353713401 150.9517380712149 152.5317560528837 -3.656552464595155 99.51270308112035 51.15529853651509 0 46.91322116877052 172.7532550511358 0 43.05893805466278 7.16149146288806 89.70379914819353 62.69532337050143 0 0 13.78654035263162 74.9735700875076 0 71.55457277936895 27.84721942978899 0 0 0 39.47708694703606 28.99663932678141 -18.70327318633982 0 53.20338275500472 0 0 1.328910633641247 -28.85937014740848 0 0 0.1437300221661957 0 42.13332674990932 0 28.65991066637613 -0.1874841019446682 -27.4403231858807 0 0 0 0 0 -15.20086052883629 0 0 17.83861634024667 0 41.1597990560073 0 0 0 -13.18288274592032 0 0 0 0 0 0 0 0 19.84962648345622 0 7.050260489656663 0 0 0 0 0 0 0 0 0 0 0 0 3.633470913372653 0 0 0 0 0 0 0 0 0 0 0 0 0 0 -0.9809547740237843, 111.879080437485 416.5493670311072 494.09068164015 181.9811014089881 61.31646000354818 59.38183317001169 -42.449051094342 0 -85.247947892903 -202.3022201373372 -212.0726161585721 -190.9759706987161 -28.20775101684803 -200.4936519175149 -287.2416841652215 0 -48.9347513774084 -214.8051875084425 -234.4462876813136 -120.2924231815384 -135.6265614771823 -199.7082516976164 -20.10821108737588 0 -45.34123758456731 -170.503428588998 -325.2947314146476 -108.2372355131663 0 -176.2164978492452 -118.2510365787841 0 -55.45835714758573 -130.5222224795409 -116.4256655227253 -95.90160987046727 -100.8634699405926 -96.79834134443234 -166.7482739168973 0 -47.37701734163026 -207.9818006094158 -90.25049234247825 -48.46218907194648 -13.87525462186822 -105.342558671994 -19.37935083605332 0 -23.12548932294192 -1.208301358220567 -133.8271895930327 -59.48735719021285 -8.933835710110593 -65.12495967564118 -83.65517112465623 0 -15.68099897615647 -22.84595595147601 -31.72596695832345 -71.02723003039362 0 32.12801962170943 61.2514182745291 0 6.913004734223081 -54.46183806078753 -88.47215059065678 73.22435984992077 0.2888521753954123 -12.75577957507309 -23.59175600121162 0 14.34914442623871 -4.192858853851785 85.11116248827724 -48.30476686196557 13.11462203714968 1.540563107593485 23.24244787633706 0 -40.42905500911938 18.98795886188569 47.61636785348378 91.05139222821776 18.84773132373071 13.3300677791708 -9.916196894958226 0 -63.73939494535627 153.5532919951441 30.32308112295695 0 0 20.7459680629857 47.647502769051 0 71.1262888132285 -101.0993448996798 102.1158650653749 17.00015217843801 -4.318514854997563 -81.73851097991971 61.28633856277736 0 50.53940907575628 84.35828384415194 0 32.78117441878805 -41.433729701966 59.58041392510928 -196.8684337237201 0 0 13.44851845702146 -27.60365073020667 0 -9.974604626590704 68.47390425219874 0 0 0 -120.9627595832763 45.95279318792061 -134.4975126986111 0 -75.37055459238243 0 0 3.63965327767368 -55.68516738000416 0 0 17.5647976937638 0 -142.3745080424586 0 -54.87040263262166 11.06304021908 -134.0536935726581 0 0 0 0 0 -18.42406238005788 0 0 -62.89466628774271 0 -151.5210860602024 0 0 0 -36.29130990638257 0 0 0 0 0 0 0 0 -111.2548596103024 0 -42.85622139713735 0 0 0 0 0 0 0 0 0 0 0 0 -67.72363802641853 0 0 0 0 0 0 0 0 0 0 0 0 0 0 -14.0436023709204, -14.51958939425075 -86.39791588334762 -162.703135609097 -97.71764103044501 -66.9309001306509 -236.2657605259799 -196.2099563874432 0 -82.92181224988033 -152.5018518377151 -137.8230877773108 -111.083592855942 -7.183596837321897 -121.5615018099746 -148.8136608297415 0 -27.60146419155932 -103.7726677628603 -156.7892720813229 -88.95557694407125 -102.5548039112309 -147.4283378353656 -11.21937843510659 0 -36.04959668132432 -162.7070892759314 -298.1699838207211 -83.28493521470504 0 -185.5808715679947 -110.4288098225909 0 -72.01783760888368 -153.2892238743521 -139.4308762827059 -120.1005640591598 -104.5380355857896 -71.02497255381584 -145.9598941921841 0 -39.37538350951223 -208.3983702062449 -131.1605063664145 -44.14226730870156 5.056810756690661 -108.145018239383 12.78175895812394 0 -20.48011673827285 37.4968429959622 -146.647317821945 -76.87181304532842 12.95154354021598 -14.5261326037696 -52.201803894496 0 9.746374705970581 2.800454016756827 14.17601553084316 10.24738250856086 0 25.29315633391649 138.8498743180662 0 3.557241615446149 6.811098612141301 24.1109230533125 90.1198896689659 -20.06680556514214 66.76965272510826 -59.01529897804942 0 11.48921113433702 -1.163613990385912 162.2836870806731 17.37240806742804 -4.183031672545642 -16.84595990334657 45.84222508902312 0 7.59621584632313 24.43976096761409 58.20705657759616 33.08441524695033 62.12982292190073 -28.57813850026601 -95.67395839265552 0 -99.9993022278351 132.6147233363376 -45.02902910530178 0 0 39.9498030924974 -30.29159619545194 0 42.83086967050254 -127.3875012594983 24.54802172867733 -117.8836490957345 -21.41094860004167 -208.8752024247944 19.084644036006 0 29.85287595810738 3.718955813473222 0 -6.083148302162634 -50.50522069232254 16.58284372482216 -296.5667220607761 0 0 -33.69239918172919 -172.5446031931966 0 -70.98758296281449 22.81844652148238 0 0 0 -171.203042783109 9.08728665255731 -159.7722395945262 0 -142.1563544844873 0 0 -9.491472680038481 -90.08975307100413 0 0 4.827139428584813 0 -191.6332638491143 0 -87.81884594921544 3.262314259332822 -148.4844236222945 0 0 0 0 0 -15.96495713937832 0 0 -81.97529283933065 0 -199.3641827695034 0 0 0 -33.15412601877617 0 0 0 0 0 0 0 0 -138.0219909476197 0 -51.72882744493116 0 0 0 0 0 0 0 0 0 0 0 0 -78.94850076581888 0 0 0 0 0 0 0 0 0 0 0 0 0 0 -15.40795928542572, -27.53488824498982 -121.4341480917268 -178.8410231279142 -88.31592556294275 -41.20412473793014 -123.9077056922799 -93.82956778527713 0 -29.30921256885242 -40.75938636369725 -6.456366528938801 -8.378194845033093 -2.010683576454941 -44.05322181961223 -53.22783377384811 0 -4.517722881311572 -23.63261502837448 -75.61144734704946 -73.05258855747994 -60.91913951319617 -80.58369373473703 -15.4624076360726 0 -17.22054247821121 -154.7727549444109 -266.8731723216184 -53.18344396403488 0 -152.513702398464 -71.98905104840863 0 -86.8010486291443 -148.156106411173 -133.0562210428012 -132.114533387156 -100.1803190051333 -63.95250392676549 -98.46814369102447 0 -21.30940739679072 -153.0139312179571 -173.5904640865477 -22.08879771854526 37.50722125276722 -91.21035979573061 44.27853881251374 0 -6.161399076361922 66.15553936235636 -93.48369263733966 -56.66274217926178 23.82935396051672 54.27705399100876 59.69499646809579 0 27.65736927073984 81.57249779115004 72.98199464426077 142.7327582195775 0 59.67453301333722 210.7147101002592 0 -0.64281844775265 98.60783172088935 188.9810286307109 63.0467829909874 20.92072249193943 136.5865928578754 -24.01301569112951 0 41.60455665459558 50.70150782145786 192.3746684693017 106.8878811336782 -4.523595963525818 65.31965415268255 43.71310381698246 0 49.28703754514569 47.62847248371432 34.46706542315156 -19.78029965912751 59.99921406184801 -39.09843947277733 -65.42661943292742 0 -57.6318961255681 28.31826148117736 -40.69379764156855 0 0 26.98841738753039 -78.34560846041032 0 1.82253310870229 -51.53156837139991 -66.24986877056136 -166.9545979250058 -35.00764728911624 -205.2352092360195 -53.25399800922987 0 -18.17070488261192 -42.38448042319747 0 -42.14929492829164 -22.98982401562244 -26.04774967005206 -175.5076175703641 0 0 -83.00827326749423 -236.0724181056257 0 -69.21874146640964 -65.91394004273212 0 0 0 -97.14270125354997 -33.17185997890481 -81.09413848255281 0 -94.43845722085925 0 0 -24.58490778417366 -82.99271378811684 0 0 -21.09268976189546 0 -108.2123104825816 0 -53.63114599164491 -7.346575090080188 -65.19179519626817 0 0 0 0 0 -3.781144083872686 0 0 -49.31146530382661 0 -110.2004152876982 0 0 0 -9.198286841915909 0 0 0 0 0 0 0 0 -82.73729569682013 0 -26.6490090772857 0 0 0 0 0 0 0 0 0 0 0 0 -47.13744665414247 0 0 0 0 0 0 0 0 0 0 0 0 0 0 -9.23138714045575, -20.41318501230332 -80.86482328999507 -104.2538216636636 -44.56324574419571 -7.032247447968336 -5.841361278162942 0.6833551660718058 0 12.50194705602123 37.89732884075472 77.88975292248097 58.43555119165652 1.305200008107066 19.76348445442194 27.68791680568152 0 8.874960143989313 37.19140499215033 0.3060855175490822 -35.06366272860014 -10.94259244178818 0.7595675951415517 -0.7861771931331845 0 12.4470653831236 -112.5456997518029 -182.7642988663894 -32.91306346419867 0 -55.94857955707378 -23.91294995047844 0 -71.37936773381109 -79.7821646026589 -59.81734583541857 -77.2657546657784 -65.53817969473531 -94.74450028699442 -31.43144202646507 0 -16.49401457482745 -43.47116963045926 -125.0970115983633 27.77436290551764 61.05885737255608 2.562094803172386 79.48795797338028 0 22.22666187446828 97.01262887456281 4.684514621468004 -35.50496873210422 33.02913980350748 107.2630008557142 156.7377009327223 0 70.20271213861054 168.6209628152183 95.05797619607853 234.7077457617766 0 110.317402210316 251.4940086367396 0 -8.378049080231623 136.3602752083068 288.4092041570951 27.39076303866952 54.2206256903075 150.3731062089938 9.568179196780456 0 62.30631050895919 79.0717948217694 141.434889778113 152.4690583551227 -13.99503092931483 119.0417619316048 11.32544570706806 0 59.99643934439568 7.019853960066829 2.55378777355498 -91.6175952450547 32.80538212206118 -29.08781332208481 -25.59009563048443 0 -22.91612256389082 -126.6405964670366 -72.3128997318675 0 0 -7.730349399413178 -144.8148575388273 0 -42.45804277947973 22.30922672050545 -138.5917004897096 -174.2699578144667 -35.91135356471392 -196.920270064406 -115.8400827402899 0 -73.61850496092215 -87.87772016634766 0 -74.33243761755665 7.068125860222214 -74.52111393811727 -39.56536862489372 0 0 -95.68489413923807 -248.4302962235444 0 -66.27876902002849 -132.2397323150954 0 0 0 -7.520503125506963 -61.88964595937956 -4.138735055261677 0 -33.4133535649916 0 0 -28.54473217611393 -65.07723564676922 0 0 -36.80507725711587 0 -17.04731227344882 0 -9.846982610714946 -11.28644365864894 9.868992606677335 0 0 0 0 0 5.997407942268507 0 0 -18.86007909713683 0 -19.40864789331547 0 0 0 9.250181742781104 0 0 0 0 0 0 0 0 -36.41559262279024 0 -4.035048207139857 0 0 0 0 0 0 0 0 0 0 0 0 -23.67725342540703 0 0 0 0 0 0 0 0 0 0 0 0 0 0 -5.305454987850049, -15.20133949426133 -58.26092264715145 -69.19820322633866 -24.80165634564348 0.285544225074652 28.59542227745627 39.64816871416824 0 34.22095056865739 84.8384422428804 106.2481786924033 93.75201722605078 13.11191737221006 71.07425901612623 114.5319453426012 0 16.70414350753792 99.10585164433729 67.85317656833021 9.387218979365098 38.14990219266369 74.93767562534103 14.14657224548286 0 32.10609561049938 -54.99540789686163 -86.26254647796384 -17.1459447785087 0 21.46667990829576 14.65883887270311 0 -42.53427381088215 -15.29097786431042 25.14068133108287 -4.53857140844255 -33.6236995793303 -118.8615134308126 9.987223983060488 0 -21.85920274972259 48.09818818519433 -44.31605455315116 73.05899937250852 50.76829453202177 84.98446894994568 85.40457348769175 0 54.80479977414998 94.55433596497269 115.5029887665503 -28.15016147263934 35.39277606131767 101.7122241197689 131.1771334343416 0 89.90768166390372 204.258872545298 62.98066838450106 203.9312388407493 0 125.3631442321524 161.6430160185791 0 -7.111551684404501 115.7810568925172 303.0921348336855 -12.59528277660818 71.87530353306384 77.20185261844028 31.57085469471052 0 26.30319109857726 42.68539491618415 33.72958420402932 152.9421966695822 -26.09368182328086 127.5269297782023 -7.505363480216172 0 42.31289376345273 -35.30548601611621 -25.68211197568748 -108.0338324059915 0.6930905408976802 -22.51718704558023 20.49872265208782 0 2.12286686915111 -190.6935906856081 -60.45169398580489 0 0 -19.88743004315315 -165.4576277005759 0 -52.39081270855731 69.78215544180247 -132.7220703575347 -117.6759271922488 -22.57254886352372 -158.5097764209233 -115.4787617591359 0 -83.37694085876689 -88.08191861339864 0 -79.35247583503853 26.12834147742444 -88.66040934412086 38.97739499048251 0 0 -62.18986150012077 -182.5474359243304 0 -60.68864257884886 -117.3595052705376 0 0 0 51.20421848530364 -60.82093740473766 29.8246482987371 0 1.723724003299324 0 0 -17.04734245029792 -43.77733122756872 0 0 -27.50950684946253 0 52.98314698667341 0 20.41999822792904 -7.714279542730335 39.84377083456728 0 0 0 0 0 6.405929165638968 0 0 15.06964109155579 0 57.69954777066384 0 0 0 15.68515255116836 0 0 0 0 0 0 0 0 22.86296611159462 0 17.66211593121235 0 0 0 0 0 0 0 0 0 0 0 0 10.88131766782426 0 0 0 0 0 0 0 0 0 0 0 0 0 0 1.321638311076693, -9.429445600101133 -34.97849713426328 -35.34797886152296 -6.60181407353776 5.931619284509026 57.05707189965916 72.81958471971623 0 51.9182745895748 124.3939391083134 135.4619200674194 127.0068813166218 20.84009750642774 108.1576924709991 171.265140514176 0 28.15820343618581 144.4841618603915 115.046255577866 17.66750527528374 70.70353709776064 109.482967868466 -8.768558464539385 0 21.90615614587315 -26.91496844414902 -54.67598463501303 -8.923604857843198 0 -1.767945010431973 33.87535777847015 0 -31.95841366097589 -25.15724625448038 36.55392376512803 17.79278201582699 -48.76753960465263 -96.86918662344198 -10.15022580943661 0 -11.9854376206941 49.99312316788494 -32.45019352665193 62.81456198384158 13.17008322879771 54.55926299469142 61.34456641977791 0 64.24604006139526 39.27065287860027 174.3525772174114 -11.46612916384004 28.81256191860999 62.39801209309028 -7.682378750505904 0 17.8751461597777 148.4138531703221 27.43361765211944 71.92544229646214 0 46.59822549730438 -97.71201955258211 0 14.19367668667868 59.78717154259685 268.1655906926029 -87.58409787615167 93.05484592150336 -74.10646507710686 20.27188032748377 0 -54.24008028239943 -28.26827454349659 -131.0371666703024 106.7808464654435 -49.04795198046129 103.3023676614899 -45.26335544977734 0 17.50539213007737 -55.35068701342458 -69.08121032202834 -75.09065175631052 -57.65761781932335 -32.23190171402828 78.34295343999 0 50.69870405501644 -201.6367938932023 31.82798798845906 0 0 -25.98006914601432 -109.3066512594052 0 -33.94653163770857 130.7196353994537 -75.22380750882537 8.112254811791985 -8.778920001122154 -43.67832896412921 -63.60360711461941 0 -55.03154064106103 -25.72136059196322 0 -49.92003931908059 44.46642990807646 -55.2203537020863 134.6787643609706 0 0 -10.70456256184665 -40.96015171381737 0 -21.8740660741633 -41.27806792858033 0 0 0 101.2849680454817 -33.66647377776208 43.58798948797536 0 44.63903156698548 0 0 1.457572789328504 -21.6081651142832 0 0 -1.612375736357785 0 107.9219746367599 0 46.30010133186229 -2.001311799877347 36.53976826452919 0 0 0 0 0 -4.2890111363701 0 0 50.9860118714415 0 118.140209010113 0 0 0 8.84107132321159 0 0 0 0 0 0 0 0 90.49185574850419 0 34.31714710190762 0 0 0 0 0 0 0 0 0 0 0 0 53.662855114444 0 0 0 0 0 0 0 0 0 0 0 0 0 0 10.39927014074731

Number of steps = 10
Time to complete flow = 1.411556e+01 seconds


ask_starting_lattice(0): EOF on input.
RUNNING COMPLETED
Time = 1.424423e+01 seconds
exit: Thu Oct  2 13:25:53 2025

