hwloc/linux: Ignoring PCI device with non-16bit domain.
Pass --enable-32bits-pci-domain to configure to support such devices
(warning: it would break the library ABI, don't enable unless really needed).
com_qmp: set thread-safety level to 0
Wilson/Symanzik/Zeuthen Flow application
MIMD version 7
Machine = QMP (portable), with 8 nodes
Host(0) = Precision-5820-Tower
Username = luisneubauer
start: Thu Oct  2 13:18:03 2025

Options selected...
Generic double precision
C_GLOBAL_INLINE
type 0 for no prompts, 1 for prompts, or 2 for proofreading
nx 16
ny 16
nz 16
nt 16
LAYOUT = Hypercubes, options = hyper_prime,
QMP with automatic hyper_prime layout
ON EACH NODE (RANK) 8 x 8 x 8 x 16
Mallocing 10.5 MBytes per node for lattice
Made lattice
Made nn gathers
Integrator = INTEGRATOR_RKMK3
Finished setup


reload_serial gauge_configs/pg_00057.lat
zeuthen
set staple to zeuthen
exp_order 8
stepsize 0.072
stoptime 0.72
forget 
Restored binary gauge configuration serially from file gauge_configs/pg_00057.lat
Time stamp Thu Oct  2 11:08:46 2025
Checksums 627de0e9 18413112 OK
Time to reload gauge configuration = 5.893898e-02
CHECK PLAQ: 1.9681497526970546e+00 1.9699547181840575e+00
CHECK NERSC LINKTR: 5.3025475436314688e-05 CKSUM: 90d33562
Reunitarized for double precision. Max deviation 7.41e-08 changed to 6.66e-16
Time to check unitarity = 5.084991e-03
#LABEL time Clover_t Clover_s iClover_t iClover_s Plaq_t Plaq_s Rect_t Rect_s charge icharge

GFLOW: 0 0.8794179746915232 0.8821594153939846 1.967336639010733 1.973615122284487 1.96995471820532 1.968149752547704 1.404175125722078 1.400422862120758 -0.5229182692506207 -0.7344524111541304 -1.123178233046262 -1.646155846888544
q-corrs 446381.0745050602 66896.11197960982 -56579.9055454678 -8854.98745489843 -7132.1929391035 -2385.531136408822 17572.27852319835 0 -3871.569610990603 12507.64441162023 738.2403395324081 -23464.62273883129 -2320.008231285119 -8387.519152395484 3261.735404645257 0 12030.10598236122 -4775.756470554168 -14636.29335589197 15221.40811804768 -2616.530845064013 3985.951299119184 -12812.60181589851 0 2258.286815901747 13310.12484237709 -2327.808544161826 -3535.245281996932 0 -7724.96210121791 -6642.644920336167 0 4118.566496807292 19456.03222281617 -10566.84861931282 11342.91766880536 -2136.223636601463 5292.823968408499 44435.72659423895 0 -1559.421169271677 -18425.63451167554 -14770.36740601193 -13554.77269891572 21357.8345629969 -28333.44096951088 16888.31909221393 0 3244.455678663799 -915.9450730701255 -5342.323198514141 -6977.982713204814 14904.38948541853 -40933.06356150222 -4761.960729364448 0 3408.773197646105 -1193.331306861324 5003.876647736895 -26009.19098990326 0 6655.274417310977 -56378.97685507583 0 2321.981151528539 22205.25364295307 3344.482941347171 11115.18567323184 -942.7285262907462 38649.50431968999 -4435.988138899351 0 -11184.4151502151 -7186.551815431132 -26990.60192102091 7198.184400125465 2752.843752475377 -10139.51576346303 4984.794041469378 0 -1706.386455098955 -11929.260107643 2310.637682657685 -12315.0922947374 18598.24849151672 -29700.67132953068 -1025.372516114913 0 -28163.33387850063 -28936.8423477075 -17895.94025132989 0 0 19347.5849644542 7395.157464107002 0 -6919.980118913762 4615.084077847537 24280.54589674966 18481.97227671796 -9387.85175614768 -36012.45950847908 -9146.516045935823 0 -2024.316444654643 -19451.24997012933 0 30669.27627943749 -4270.016853986865 -15022.57933846002 -8539.029068201733 0 0 -15840.41822568866 3690.532925600051 0 -10462.56246259564 3837.299424833821 0 0 0 7066.422819383727 9985.560822039359 4941.83694808062 0 17209.92312735976 0 0 -859.9669036052701 -299.1157205151922 0 0 2488.590574180972 0 5368.857123548481 0 -6614.276493213047 -356.2298602553952 1666.906857241036 0 0 0 0 0 325.536559575775 0 0 -957.1759253476866 0 1171.190189348283 0 0 0 17255.47543356827 0 0 0 0 0 0 0 0 5292.877417090235 0 -1101.610876954001 0 0 0 0 0 0 0 0 0 0 0 0 -8155.403712140945 0 0 0 0 0 0 0 0 0 0 0 0 0 0 -2488.186224041891, 9214.916521845604 -40088.30864029027 -21270.22247387268 -1841.006497458718 -1479.771816339138 -24737.43796950313 -1466.386021060867 0 -1233.882588364655 -12662.91756469404 -6081.163433115684 5124.437075376651 -8659.100910659412 10653.55535547756 -9117.481152910706 0 -1472.32263333039 13562.42426771077 -21349.60756537375 -1446.503228097278 14366.30674784839 20115.94677389491 3670.291726420758 0 8117.805467634626 2086.591604711917 -3961.275037487252 -7558.809262047366 0 24838.47962695299 -17790.17090629359 0 -6066.344504707637 6075.012393691068 284.4095592593294 -15.86520656761695 -6200.077482257177 -1111.476973561985 9533.476418869031 0 3905.676860240401 993.1891107353131 6900.232570236773 10570.36330362791 -10375.84182651884 6652.967655068078 2606.514299107397 0 2655.028505067671 -10311.84296518497 32460.58581708662 16300.62733188245 -13556.51212711496 -7807.986723841897 16323.80842847893 0 6315.884532429262 17330.37773280232 -12945.82127819866 -11076.37795562526 0 5453.557379169886 -16554.08400147622 0 -804.5151823483673 22263.72203942191 825.121443021786 18047.04571133707 11976.87947364631 -3427.256842987777 -14032.4178387236 0 -8067.429282117168 11621.77666966995 21559.51581730352 -9438.51954960866 8413.50259948311 -23691.57672021931 -10938.79872886537 0 1070.700942575301 -1933.738141348841 -5077.526993946916 17835.66418579445 17127.74557864645 -5866.336274890594 2758.20947702643 0 -2862.361659489728 18447.04203464247 4968.556627850893 0 0 13315.99785271556 -2620.844618318688 0 12258.63935000244 11878.63800953993 -339.6953168820874 23019.49825763066 3710.535477027513 12082.12253850424 -8033.331548968874 0 -7344.760137810566 5547.935026435193 0 6412.073062182436 -1605.24583688829 -995.7421837064071 4790.054801735276 0 0 -4837.137374435714 -190.520278514502 0 -5633.978511448317 -4362.404100854205 0 0 0 -1022.491580094427 -9108.478843985404 4208.443730230494 0 16474.02085471406 0 0 4991.056162962764 6631.111150301375 0 0 7533.009950358014 0 8950.774584090323 0 -2550.825277423938 -5024.407149028008 -2135.786732608278 0 0 0 0 0 1457.082234720568 0 0 -5554.683910390539 0 -3060.090728054096 0 0 0 -3139.174026094239 0 0 0 0 0 0 0 0 4118.264352434694 0 10462.73857708017 0 0 0 0 0 0 0 0 0 0 0 0 1080.347390574977 0 0 0 0 0 0 0 0 0 0 0 0 0 0 -1445.585991041915, -1854.60476977107 2422.460820976276 5190.112505143517 10252.9754066458 -1862.881212977258 -4530.209493122096 7199.048059665842 0 -4071.867005991854 -11446.57702298478 -15482.71301109551 19081.03983067269 1143.407141675179 -11090.48301720692 2922.511152666224 0 3749.966177990634 2464.819436753822 17782.05365298995 -3992.444132213402 -1657.229212177874 -2673.140330929152 -8953.288389898047 0 -4804.613729806181 -14742.57659247328 10071.91949863776 -14528.39525413225 0 20153.70075459602 13836.76168659297 0 -5673.746948620797 13566.58320128203 15749.56120685862 10939.76719955995 12104.10978819968 -8087.161028427684 -2740.734743978288 0 1080.713886636551 19110.59783455997 6200.203164399311 12448.45243755736 -3278.294707761394 15688.87762591465 2946.252936749487 0 5417.017483099624 -23355.19399925732 28068.62486640725 8993.26037573647 8365.938056172197 -8684.52385390852 43728.29339129083 0 19039.41915917178 -10405.02258174677 6878.254935354101 -345.0167299031464 0 -14940.16249127328 -12715.10718613731 0 1129.660415916095 16367.82612283598 -10364.26660015149 5907.824112181072 -1828.215697596233 36150.78948658746 -11745.84996638325 0 4295.726709820708 4970.869902866451 -3464.800284475326 10440.38629470245 11855.46427666098 -33878.70474117892 -2450.908318219509 0 -617.4806684339028 12861.75625663387 -7460.190943418034 4365.776855546362 -6769.932815638962 1209.980861160722 -13134.19413440843 0 -17041.06360294398 -7623.529147468669 -2256.497688791089 0 0 -3562.770903559565 -8198.901423284839 0 -1883.229785742478 5196.398861711641 -2085.400334093076 15193.25156498027 8624.157834381058 -24486.82798977122 11902.33567613466 0 -4484.165980945667 -10823.76014140843 0 370.8451215270097 108.6383929371145 -9959.31609921543 734.4007011555886 0 0 4749.684802723639 12.27156225988642 0 5368.143877900686 -15698.76257362811 0 0 0 -1141.240806067914 1997.068851441119 -2389.538936370544 0 -21257.57765155246 0 0 -1704.598413400155 -9.509519506382276 0 0 -266.0961300378622 0 -7327.107881684497 0 7.566782667063762 3542.250023226002 -15349.90285941568 0 0 0 0 0 2837.075874996795 0 0 -5198.608059199578 0 -10996.69559841726 0 0 0 -791.0624482410603 0 0 0 0 0 0 0 0 -2845.205331807163 0 5101.577746725079 0 0 0 0 0 0 0 0 0 0 0 0 -5184.765648288978 0 0 0 0 0 0 0 0 0 0 0 0 0 0 451.0636839371922, 1374.334246940677 -6064.336469983165 -1989.684940583313 -10414.91897760468 -2410.504394149997 -11484.55853396369 -9989.982404558406 0 5168.960253305528 -1129.921104507745 -2736.392014119807 4204.689128056535 -101.5755109644824 -984.33431077963 3886.166890942243 0 -817.0913335360931 15239.71511865431 3118.122505678255 -5789.624498404371 2340.9571957588 -18848.99932368436 -13894.7651768101 0 -4782.254738203914 -8932.75461556884 17505.1752497344 -3742.22130756826 0 -11498.31887157682 -12983.85386822248 0 -1236.861532309886 -5028.240562319734 -7001.380635278436 -6066.278343226301 -10787.88474997401 2062.561346111468 -1719.429700634582 0 -8605.80750178901 -4877.339723993784 10800.09472332256 2014.159579261707 -9873.085620328799 -17799.72439755128 -22895.75338753572 0 -6792.753658234118 5037.289618140103 21075.16974001116 -9387.459354544546 -9348.460980463757 -26810.17237078234 155.3216042448912 0 -6143.959454738844 2963.28928476913 -4630.271053976041 9525.195375682293 0 23479.67087668422 -2171.882589947458 0 -1934.152049651522 -12234.9535587863 5528.332262464807 -4104.09896956376 2841.374311169955 37263.5902001903 101.3925701273529 0 -5910.709592630241 -4854.431563744722 -4137.551874757136 -20387.19732948847 -495.6400023556298 1638.017739909684 15431.80562196462 0 4743.276042230551 -6563.796087732609 6449.00284717095 24503.18504260506 10068.33889500323 16611.83366859478 -1117.169296147421 0 -15562.50328109651 29747.68071229749 -1852.98371700043 0 0 7793.340151452649 20967.46822219357 0 2758.39425465551 -5012.150487657203 12500.41337173379 -2256.253264838435 7644.644950585081 -13879.79110128489 7920.897192186074 0 187.0736093017131 -5673.032217165322 0 7572.734907917014 -8345.74296244884 -1965.293340317916 6869.363446520114 0 0 -2997.309544484533 -20831.09013420203 0 -7944.507652378144 -20940.66622964229 0 0 0 14059.40048852587 2360.103482249163 11065.14904523146 0 -7371.634011650822 0 0 1099.636638369856 -3134.765637769542 0 0 -3420.265503159654 0 7613.071386493856 0 4527.639130722729 -5439.306416162393 10499.31035484939 0 0 0 0 0 -6756.805699325536 0 0 -4711.19879476821 0 6492.603705494377 0 0 0 7852.722762907397 0 0 0 0 0 0 0 0 5640.709891534336 0 5457.946515905383 0 0 0 0 0 0 0 0 0 0 0 0 -2174.406176100757 0 0 0 0 0 0 0 0 0 0 0 0 0 0 -410.1170643884063, 737.063958310624 6229.22658661119 1721.062077444057 -4333.522849294778 3194.869261687949 -741.6731283765948 192.3268721400509 0 -4537.292179396852 783.6063451217879 -12592.06824785961 -3831.501427122796 -268.9229937276928 -4657.704520138805 9222.396532374609 0 5367.86536381009 17411.41024254206 -6156.24889060609 -408.7362914304867 8826.002877845023 -7023.527855917779 -5089.741696902692 0 5010.134929908938 -2958.240487230128 1651.114427459688 2190.434230320251 0 15432.01963550437 -15368.8330136524 0 2558.270002075396 -8299.009512597404 -6329.205342708527 6132.788754792988 -12058.02808365141 -3453.648628296979 2270.288626179516 0 -450.7509651272467 866.0453098018079 17185.18406777285 -8933.212596536516 7649.03568543251 11915.25581689454 24795.2554849292 0 -2566.31744775542 20794.43817854264 -2945.381944517489 -10248.36267632923 -11303.92826128355 -9043.248801005509 19519.02535373748 0 2381.844434088875 -7832.649673055672 -16388.58041415126 3908.88646689979 0 -17711.9987082861 15428.77323077694 0 1840.105571193375 487.5880096514429 -24476.01528134958 -15716.61749865457 9043.400264146854 -20239.21272918883 -19215.35372584931 0 -5772.215053019871 -6757.329990017071 -3463.082206676892 -952.5747794957133 1333.113102005226 -231.2476531097063 7.893700758419982 0 13514.1629877943 -3702.767801821264 2526.686671819493 -4162.917474113454 3460.508599515118 -5253.473811420531 -15196.88589315507 0 4073.478717713277 7803.48332164941 -13495.50253070576 0 0 11119.34798070353 97.42941890064503 0 4195.202649499885 -3555.324616799323 6283.13838104684 19195.15682416991 -1010.635466116622 3630.681842581797 4995.729588354855 0 -4472.230402614838 -864.5173042541672 0 5069.055683460354 -5443.438897285161 6345.427837954589 17995.13914636838 0 0 2514.471960818577 10466.10608148751 0 -6284.810963504565 -3246.687214223458 0 0 0 -7694.881802601618 -14377.57337649309 -3670.884923971931 0 -20980.4839975161 0 0 -2785.186553379368 -4263.917616512961 0 0 -7817.108409893583 0 -24572.25424172786 0 -2279.277755405696 4574.678056968662 3338.52936715993 0 0 0 0 0 4533.623407721479 0 0 -4294.946288734051 0 5554.110910921732 0 0 0 3344.095004238627 0 0 0 0 0 0 0 0 8383.817565682177 0 2117.073153407745 0 0 0 0 0 0 0 0 0 0 0 0 3376.547866330399 0 0 0 0 0 0 0 0 0 0 0 0 0 0 4398.265518947081, -747.1322771621942 -2120.167957352032 1240.362486394412 3149.362477693488 -10346.97125030145 2096.069386843361 2482.958113392831 0 684.2112375708662 6522.03802451526 -1245.72488532177 12238.50029473684 2434.761431513314 186.2281444511627 6733.208841047208 0 -7686.283315125254 2347.74265497644 -3047.658265811701 -9236.16637210183 8156.68633697746 -8757.787867338524 9032.820394152088 0 -19020.60315668424 -546.5107009307412 510.5273548759687 13400.40975506955 0 -24990.18363762551 -4247.782032390966 0 4453.841721138362 -14353.31191017788 3391.498142344679 8595.319163025115 4973.537560821395 -12247.77958746363 -1254.216992392633 0 -463.6102939758935 14150.05999324878 17909.70010477075 -10008.89435323309 4122.844465317288 -17739.32307421789 13814.69664640352 0 3893.886856918121 16392.51716436267 -13588.57572950012 -2647.679550868815 -13463.01399553231 -8928.341679770831 249.9828233281323 0 1921.096461776201 -15151.22598093953 -1331.942009518263 -17623.8807965938 0 -1374.668625933189 -9152.804190210427 0 -6101.840701323028 -27323.56986612076 -11008.92307339718 -16595.62382330542 -6859.848390831021 -17933.81948527168 484.5459651711371 0 10180.08375453863 -13140.33023557582 -7911.752604435045 5695.444566771952 13163.36961719675 5548.029315755699 -21287.44901307554 0 -8629.068469475344 21897.01308113028 -2510.766698400742 7069.566531828897 -4282.746518210753 -1166.120532494065 6772.961095956335 0 -4705.54197187136 47510.46002156004 12550.38915289611 0 0 -603.0886416811572 15904.15365271643 0 8534.800570453957 4313.272346742357 16656.20167562903 -34038.93025300526 -796.9994821844518 21020.65085584905 10301.23862528187 0 -5535.391589991449 2342.937710458925 0 10672.19812201088 -2244.689977990015 6886.677910212459 16248.77501600498 0 0 2952.060295675211 -8131.721668097352 0 11174.03484942829 4438.929173939253 0 0 0 10751.02239848443 1172.797786650896 -5982.556637789357 0 6340.835157355804 0 0 -4132.81040485391 1441.177593859993 0 0 -6203.275701593303 0 7097.386553895043 0 -4223.965726319566 894.9149903700762 -13779.33526064028 0 0 0 0 0 8898.422670304732 0 0 1758.065416922818 0 -12997.52592602048 0 0 0 3768.690184628677 0 0 0 0 0 0 0 0 -4095.455608971854 0 2970.100630630749 0 0 0 0 0 0 0 0 0 0 0 0 -2078.760549520332 0 0 0 0 0 0 0 0 0 0 0 0 0 0 1939.78777292056, 1201.103983737058 -1571.926141409586 2148.144287941377 -7054.970988617844 -3020.176637521144 11560.23618332567 3096.704663374931 0 3122.663324936894 -1868.616021518546 8268.002566731337 -1553.99136043089 1803.454803001852 -14453.64949559414 6726.415593545986 0 464.7401628972061 -9155.401714771495 -14345.99019765161 5357.18558925021 10524.96481469516 -20159.76517254798 3827.403680515209 0 32.7380401308219 -1200.66554782703 -3160.997575755537 11315.78839434756 0 13346.29991247068 -9204.485155446382 0 4265.735893314733 -5274.148874369895 948.2011502388705 434.0350695361349 5525.919755649689 -19266.03098370494 9283.507631225299 0 7757.357595589912 -14383.53716265202 2916.503600432949 1714.440490834903 -3786.315032224255 6859.634945147793 -674.7113653421893 0 -566.0017285695169 7836.540016785028 -50356.24536898278 17264.15603534837 1017.719483404321 -6119.601152360929 -16152.41194608373 0 14689.5170305097 -2373.561117919737 847.8307060598672 23303.83990005548 0 13444.83244472305 21302.86168130341 0 1899.015860341676 -7497.568535282346 -18359.12309046861 -12716.17300879527 16195.15796013877 2281.207687558384 -2593.366265984183 0 14749.02608159803 3703.861750165275 -25748.51111648995 -3071.324958324616 9372.876178308428 -8004.669324562745 10298.79448344096 0 4553.029778303857 -23927.32481901307 -2217.219888187645 16138.7207252357 111.4649928538315 -19144.62566918091 -13111.02877169115 0 8615.386329808454 29947.01520447483 -21220.51277670139 0 0 -7057.538994681108 -6859.774249235052 0 -10522.41190139409 -4930.641482366255 9221.932947001389 -14533.20014789405 8421.211602909714 7699.474873782205 10961.05889580758 0 -17587.45800909762 -5342.119936412815 0 7966.396729406509 -5513.847015886882 7806.696598744972 -3694.831806283487 0 0 5082.055393154543 7467.863651887383 0 -4476.687434178474 1381.04805055118 0 0 0 -418.9587692550763 -6177.719976220336 8332.241882945822 0 1294.693529875603 0 0 2457.213924189078 9394.312772725712 0 0 641.2420490068353 0 -3182.536054174105 0 6016.392540546232 -2931.04619481627 4103.949572068503 0 0 0 0 0 292.4028401965048 0 0 -467.0477182509924 0 -6383.725704246828 0 0 0 2351.898713572783 0 0 0 0 0 0 0 0 -4344.311041155312 0 7580.135530689495 0 0 0 0 0 0 0 0 0 0 0 0 726.7743218555396 0 0 0 0 0 0 0 0 0 0 0 0 0 0 488.0049749197404, -2061.213321170201 -5239.186933404106 -2417.747085327826 -4256.780339932269 -7888.499912636387 3486.660943081563 -18175.64744659937 0 -9647.93367969493 -4930.689616941309 2175.425475547867 12064.56561582035 4000.973627857439 6642.4373281126 17421.82037891363 0 -5756.770135621487 -6512.977881018815 16325.47135983311 -7543.523577565323 15950.03945038669 2454.287568254763 -13229.64807603616 0 -812.5860221425783 -4944.216045792676 -3535.723757844238 2136.271924427943 0 494.5568246954176 -15734.06968507915 0 4755.616746091563 -433.3084758847326 13309.80542030045 12990.09302749676 24376.56095384432 -15461.8371917976 3505.196070637216 0 -3108.543007356322 14662.67822206301 4509.351912584885 1757.554157737675 13858.95916472219 -21572.56014894276 11358.77210796472 0 1457.454771723822 -7800.603032234122 15089.4881361712 -11375.11147202489 -6972.952379438565 -656.8823923485215 -13069.9534442703 0 5121.520438150781 -13286.4115518877 -22403.52110257549 -9915.81392683008 0 -4691.323824958881 -426.457236519147 0 -4670.302380138564 -18307.88722786203 -13924.8666201723 2964.875542889355 3397.8374164518 -4390.804129147986 10532.27819424187 0 -1934.622604044735 2056.374826501922 -4047.197273486086 10775.64999047796 -3954.239720879408 4946.725075897721 23424.40985766394 0 -1614.825677072655 -8703.472802477305 9825.906849879808 16258.74797751726 5556.532919121137 1240.19721587367 447.7136889665908 0 10999.80618138078 9746.976801077451 6431.810944665383 0 0 -679.6521939816121 -10203.66646576489 0 -4105.830903269874 -7459.808949838887 -11874.40699502253 12371.77053544135 -641.6491704285831 5936.128209075074 -4996.555309457881 0 -705.7666435324519 3203.516061179211 0 5411.780589997098 -1778.205854293819 -169.4227253706877 3642.005167245219 0 0 -2203.463813981135 5031.801630156539 0 -2219.462420330885 -13794.67998426554 0 0 0 2543.228619408672 2034.277473527204 5472.093296266313 0 -9263.240387202228 0 0 -4165.830975541935 -7897.632136610185 0 0 -5094.086342568968 0 -17118.01130485708 0 -1943.111589673599 -1422.231098707217 -15204.15385707612 0 0 0 0 0 3596.331591729131 0 0 -6183.01103194291 0 -2528.008983116466 0 0 0 5894.993189419612 0 0 0 0 0 0 0 0 -5884.102744212578 0 -3007.27172960207 0 0 0 0 0 0 0 0 0 0 0 0 3786.823190178067 0 0 0 0 0 0 0 0 0 0 0 0 0 0 -1513.403551633015


GFLOW: 0.07199999999999999 0.6073546407157985 0.6102149449067696 1.20742539527124 1.21341196835805 2.554437696571841 2.55287760746486 2.144440016326334 2.141112519563106 -0.253390655699095 -0.1574084538952513 -0.5927796822269262 -0.5797503709910852
q-corrs 172514.3888282637 98419.07633765084 -14474.19717333157 -12381.20914030588 -10404.39838341646 -13520.30686230462 -1171.084810114582 0 666.9176872975797 2305.537724380505 -1326.654809946035 -12380.05542197796 -2012.471979222817 -2144.648048355424 -5707.082693743376 0 4986.798054052357 -3199.551167428624 -3026.434666140321 9285.189082671473 1622.931464225092 -221.7769112012861 -7302.339541523066 0 471.5864760877876 6332.002762709039 967.0704619343442 -4137.846911737175 0 -11367.2786997447 -8564.820768611416 0 -650.63168001591 -1465.245848761088 -9803.399809295373 3882.0341344273 -1063.691497414708 2989.354510459348 17170.96196695502 0 -5151.997338529791 -13389.53876808898 -6586.604935788575 -4661.095771104418 6045.635602924843 -10476.23091865379 -355.2626704716095 0 3195.922958891372 1149.396155425764 -3494.845074856672 168.773196832597 1483.675565745393 -17018.50640115654 -6802.721329980819 0 -104.1618805135672 -8542.517746755431 -834.3324409445904 -9798.253639781535 0 -5001.731122520688 -26790.42737364239 0 1797.839217734998 1392.727783714 8518.391376823798 1676.337678892113 -6691.881571221325 14384.27274889293 -6957.191623985005 0 -4213.348815902004 -4094.186510053423 -1564.388355254541 4420.700528003783 -3288.194783330936 -13975.17816653535 1830.203717298826 0 744.3853333717348 -3134.623631205137 1104.017767072318 -3353.104114198069 6525.69829121795 -7402.894489014152 793.0639322051881 0 -8701.851778065242 -4925.471102814873 -1776.792390461741 0 0 6384.799804299279 3213.355873204016 0 -1966.770178219742 668.8844435677186 4932.740629906393 8233.954998896945 -3964.213414480912 -9731.624557463212 4496.973892568962 0 -212.6427539893701 -4407.508582563399 0 11265.58320039316 -2492.130033399761 1445.101684047463 -5454.057341999069 0 0 -2588.656550674549 4329.798049943214 0 1652.534208949864 2034.356558312007 0 0 0 -5951.117407264124 4621.360410845609 457.1279097821912 0 2809.365869056022 0 0 -154.6137241292063 2726.961719541029 0 0 1616.914012448656 0 -2383.783818818539 0 -8643.774331431849 605.4424280910913 1409.660216571265 0 0 0 0 0 1063.373577588201 0 0 -160.3281450274371 0 -3203.083787115866 0 0 0 3756.167937853952 0 0 0 0 0 0 0 0 498.5851269293727 0 -1224.020049157064 0 0 0 0 0 0 0 0 0 0 0 0 -4239.087059491259 0 0 0 0 0 0 0 0 0 0 0 0 0 0 -1826.055207374098, 15422.4535482233 -11947.8275568932 -22103.71240515188 -6311.792687382055 -3898.306978377064 -12498.55971425974 -2395.711940920812 0 109.6291526103357 -8314.396232595718 -42.87866153801065 -1103.664063028441 -2452.119644534851 3977.174335909368 -4552.500416350543 0 -640.1279783453276 1089.823127305153 -7434.20541938959 635.9961230072831 5898.175796959136 4708.782866649719 343.7804742606565 0 5697.519608844917 817.4117574774071 2124.543515310003 -4859.575329036201 0 7944.618578689443 -3081.860308086685 0 -1868.073122290653 -1438.287649098173 -992.7438051919914 2997.490791657261 2209.138523324837 2674.447900908546 -1455.22866485226 0 210.2290072345222 1896.525361737581 165.6659852690404 -532.3894774093819 -4431.528573802678 2454.020525701408 -592.9442984948239 0 3186.406605505321 -9262.692046614815 15530.43082213714 5324.112304317563 -1806.523246364422 -9302.962221265823 4260.281499705905 0 -1913.936808958974 2623.994158114094 -4939.607045888983 -3269.238512927231 0 2950.41107098818 -12905.91198192546 0 -1403.029169825208 2172.457242541132 73.42095729183711 6535.61083926694 2393.27862971793 -4287.021797691406 -2557.97012386225 0 -5368.552446355978 1625.746556264076 10049.53403791769 -2807.859488462666 2496.196567519587 -6005.999858035028 -4105.226316431086 0 1264.099663873877 228.490392196305 1363.547314845176 4155.345337071788 6810.218059974719 -3346.936988217937 3868.356241392633 0 -3171.135743743021 8169.496284266169 5773.628565045037 0 0 3002.526588525412 -5495.190947076814 0 3839.892809939827 4356.869696140615 -1896.870693925741 8649.636889704496 733.7765849599095 1909.71022686729 2011.631125391364 0 -1990.857423019301 1321.312954279532 0 6966.109606191415 -288.4373057985847 -394.8953094453777 7131.734881260134 0 0 -1751.235308505237 1682.34181732227 0 807.771035150095 -2675.072655607846 0 0 0 413.8718157624407 2503.04209210198 -540.0587484077325 0 6104.334454589828 0 0 615.6651678522096 2807.032242137242 0 0 2901.808207121271 0 1369.245348898606 0 -1454.425718780098 -653.4332919518375 -2738.430774371713 0 0 0 0 0 -599.9774279078176 0 0 -1069.301965215654 0 520.3644051447916 0 0 0 -1779.856695611232 0 0 0 0 0 0 0 0 2015.056281343313 0 3458.039953222164 0 0 0 0 0 0 0 0 0 0 0 0 1753.959041613731 0 0 0 0 0 0 0 0 0 0 0 0 0 0 290.1217382631887, -1887.236725552619 -3758.668310037029 -1352.816492573091 2211.297979583515 -1011.622306918968 -3890.844942287849 1554.234395281927 0 -3235.580069414794 -6385.985387504883 -4203.328251589186 7113.909042385465 -441.1757406099223 -4978.650399991653 3807.143833533508 0 863.9490448705714 718.3762345520217 3914.674201062898 -5851.985794881552 -3723.56596354517 3977.325284752576 169.8168848185614 0 2967.508620468956 -6733.510362795467 694.4180858241435 -1382.16983722862 0 11404.43852016845 3504.921328954336 0 -2332.14905890397 8143.586783729773 6301.888382304689 2950.751964489461 5669.691180290161 -2289.376663161343 -1466.028475709634 0 2278.605531655655 11041.57530306586 4579.463023989257 2017.835460420739 -977.4230233177134 6491.233078272462 -2992.890950658681 0 -364.1194082814453 -9387.521834703717 12494.64922612194 5996.370312974253 5717.457994962191 -5130.870116014961 19073.36265477354 0 1440.569969968681 -2441.043689163686 3689.93322569038 2734.149608459716 0 -1606.822303451545 -9118.094392336574 0 951.5153255227559 14697.96309358006 688.3752477667581 3533.792574388444 -813.0564816409587 12526.96885403637 -3016.370558765396 0 -2155.480025575829 -2249.417127273799 -1853.1172193143 2954.351138459132 3959.247033704451 -13875.26503788303 -704.3772619068051 0 -1828.763762062453 2548.694269759887 -1275.628179117652 -2040.451542871471 598.3248719134438 -5501.123733651837 -9844.615566908904 0 -4941.244407454338 -252.601353877576 -7499.793241699719 0 0 -2397.771317041384 107.7129419211747 0 1267.924565233994 -3290.703828333699 -5514.843815728334 2694.816582371442 4445.887706769374 -9418.908600706955 3609.762368378671 0 -3751.955115188543 -5639.639960493039 0 4684.310440280169 -1024.186793983596 -8018.348137892701 644.8770388727178 0 0 954.080386068028 -3727.566018791857 0 614.3888206865352 -6031.949524317519 0 0 0 1987.014464003955 657.8899652391107 -3746.309320297579 0 -2786.904917555907 0 0 -505.8294940614047 -2326.768277842911 0 0 -73.65329034063552 0 -2982.366644916183 0 1003.576950478074 1609.469802474297 -6158.057827861723 0 0 0 0 0 -586.9617343201058 0 0 -3294.397516019445 0 -2325.446612895554 0 0 0 -2348.766716207167 0 0 0 0 0 0 0 0 -2856.768455369454 0 2153.256183125974 0 0 0 0 0 0 0 0 0 0 0 0 -2066.834273971869 0 0 0 0 0 0 0 0 0 0 0 0 0 0 -427.112716425106, -156.6592218534593 -3331.866755994687 -1697.647330774796 -4381.282869575582 -519.3806115652942 -2711.57047025261 -5884.124706107891 0 -495.2763843590398 -1357.808000092956 -1858.887501150756 5223.998480241189 -3362.639947912488 -4147.266581107326 3732.962629097125 0 -943.0326061499826 -1281.247881053024 -903.3812705840894 -1814.771845293032 -1854.430901995634 -5157.228776349173 -5820.865069328471 0 -443.2956736714066 -3178.2305227751 8785.384007503177 -1754.39066863199 0 2305.328266546115 -6132.457664129288 0 468.4867217590794 -547.8284742936962 -6008.940629948233 -10461.13995938872 -2562.296458473532 1530.278013148675 -3600.827634839735 0 -3374.302555872912 -3799.383484316183 5634.063987972426 2508.832928706719 -1006.188285301287 -11135.11803481666 -16494.15341918598 0 -1584.677413981166 2408.626822476807 1690.706039845812 -705.6429466082186 -2776.420738888545 -13728.80724936985 3721.266970496035 0 -6085.453862545592 3431.548016455201 -532.1313426365659 -1743.64540174288 0 9059.722048854241 -6685.324423202641 0 -1101.840809381604 -6861.521732974297 1070.909799541284 1594.123550319091 741.8644144360305 14878.91549096609 2260.857643422468 0 -175.84827223821 -1019.475411460129 1588.193022080543 -4440.726232518338 2078.385186568042 -5371.497727996484 3075.044192006065 0 1566.516726394426 3552.264232251691 3041.17311861297 9010.428626057739 5067.477893842218 7351.237473120146 5107.783892140575 0 -5182.030933526393 20165.39014088057 -3786.128516075402 0 0 4599.299095106389 8867.2626577101 0 3659.945707387671 -3665.182734409591 9999.970028083466 281.8688886080135 3985.084783525102 -3941.285041751382 3625.598736867309 0 3156.37909007131 -1181.791865897548 0 4261.692035145566 -3163.166631512006 -1712.143529773555 2935.799047171467 0 0 -1195.997294887138 -6266.068779663557 0 -2783.17201921978 -6714.888576016843 0 0 0 3979.523288408105 427.3163353127547 3396.721094851443 0 -3953.808189466957 0 0 589.3968279857967 -2323.697911206427 0 0 -1171.269494639066 0 4963.746772143244 0 -261.3183619702014 -277.6486686259005 6321.477436831934 0 0 0 0 0 -2341.261344242948 0 0 -2847.939872431887 0 2560.131300856165 0 0 0 3645.817810881081 0 0 0 0 0 0 0 0 866.2526149212241 0 1028.575433227483 0 0 0 0 0 0 0 0 0 0 0 0 -945.9158395247102 0 0 0 0 0 0 0 0 0 0 0 0 0 0 -371.5814947545322, 749.9103046091332 3585.283346147291 2472.608849144016 -857.2819243576366 2011.452364771545 1504.159048417775 -2090.340533074165 0 -1194.920853146014 -284.7900093980193 -2382.946042438942 -395.5584514174932 988.8718092859015 486.1084461890188 6494.064185237095 0 1212.975562163461 4290.526956425895 -2672.98290081199 1084.378038149795 1495.857252682051 -361.0808049632979 -5423.101467519684 0 3791.646530418283 -2055.436741979099 3677.888747409694 -377.614809866689 0 3857.452597884048 -3602.67025810398 0 1799.414664829781 -2882.728373873706 -4373.082855058046 1822.84582475361 -5962.656389978019 1175.873113489589 2857.838850367407 0 2766.495236424121 1184.35703556374 5636.433840677504 59.29523219881048 2396.418615395047 2117.900957425252 6880.824436824742 0 -1888.3403724673 7010.973321240661 -151.4352389689902 -3116.277238068864 -5861.811733202401 -2966.216815046412 854.0504866664405 0 888.1973208520685 -3875.787254114155 -5075.241083979618 498.7477873916212 0 -5475.904278230707 5022.342926097998 0 -598.7951144649901 -591.4081969147883 -10649.32079947047 -6573.151693313095 -174.7577882260631 -3882.357203885577 -8110.468711993371 0 -2610.467170728355 -2869.298160687742 -1858.091593766959 169.8638075947006 -1529.069643971354 -4274.787577127952 10.71264093022319 0 5222.18738165983 -3743.532903979357 1130.926632649878 -7008.574172222409 729.1248974262376 -137.4160779236271 -386.2413948573449 0 -2026.400567942716 8817.602517579428 -4169.328987437666 0 0 3238.3951378586 -3321.835289751104 0 2694.460253370919 -1432.211263330518 4473.563813508115 9531.018811758171 835.2606494238935 -1702.759648480966 -1565.689307781543 0 3339.533564976995 2220.133153656287 0 1240.503662497814 -2378.159189723099 -1201.69433893988 4969.232199490807 0 0 1228.676886139333 1096.782583822143 0 -1464.743009058486 -831.8113373857454 0 0 0 221.4079574245847 -1974.983708905564 -316.7882381616097 0 -4393.735490444127 0 0 -335.7217589976409 314.7452063422006 0 0 -2249.617351682473 0 -6739.364861572779 0 262.5303956557109 2504.958664136336 496.9616766684173 0 0 0 0 0 3377.294013358072 0 0 -466.7481740950724 0 1337.354590238861 0 0 0 3063.012815119892 0 0 0 0 0 0 0 0 3611.940453970412 0 -83.72660156145309 0 0 0 0 0 0 0 0 0 0 0 0 1291.240005285769 0 0 0 0 0 0 0 0 0 0 0 0 0 0 1407.302865212969, -209.7378439020854 51.5738696294809 1727.024688612181 1457.238040024683 -2938.070799591724 2214.932471540153 522.8672930341847 0 -587.7057520116518 1744.977083152266 -2007.188091647457 1949.69771501079 1861.665413821292 1966.778837115216 6318.782818201927 0 -2980.366604752924 1785.797723868509 -3634.245653724274 -1262.510796117097 1823.312535240258 -4089.731624768279 7411.447190160708 0 -5559.299092971089 131.8278816129248 2093.373886759875 6035.155469288494 0 -3885.963107297256 -3137.211348588687 0 4588.071216726679 -3073.71014042887 678.9013048580175 4038.830663833423 3466.459968318389 -704.1236503271282 -1824.097407889626 0 3025.333877453058 6487.252076131311 2596.851176998998 -4474.357089770261 3720.486859260607 180.0880547894792 7529.282390639588 0 1051.988881346399 2861.059503440186 -3398.624908020229 -2681.543842662493 -5529.076740436205 -4524.920846430849 -2087.82190391597 0 2067.091408546813 -2197.312250998723 50.33563062608005 -120.562744528087 0 -6785.140699521595 -2220.576509125987 0 -2103.182192279347 -7014.813181013511 -8469.534694124102 -8448.148831441973 -3629.213072733061 -7236.082995870223 -3142.998308417102 0 1093.340695556778 -6500.677067122432 -7971.570206551925 -5537.41769686222 8080.831099415122 -6774.829063778383 -10609.07113303459 0 -4152.483880359639 2907.313269579242 -2296.865194571279 4269.395675227727 -3549.60760308645 2092.54718381359 -2077.205317301843 0 -6079.861175225035 19171.69782678351 2480.263342036901 0 0 -4139.993997912286 11990.70012788812 0 2176.287438643052 -662.6299553937101 1762.491045049745 -8464.37662939686 670.7221502037532 10995.39164041821 6172.757642453352 0 197.2140319729048 2272.946899624864 0 7759.795109127575 -1087.802663660819 -101.0097121017413 8086.196955142223 0 0 -30.8748332787668 702.595970013781 0 2197.140246983532 1381.155059717559 0 0 0 5250.003631716807 2134.605945929299 -1514.123920208719 0 4847.92930687937 0 0 -1817.049226807265 -3082.774045396417 0 0 -3774.754773703594 0 1217.119642821915 0 -197.564110226343 241.6811257582168 -4678.584780385295 0 0 0 0 0 4266.5364046783 0 0 -919.4365873360898 0 -3600.877800236362 0 0 0 772.9103000498203 0 0 0 0 0 0 0 0 -3581.752045339139 0 788.3059250953974 0 0 0 0 0 0 0 0 0 0 0 0 -2279.128201200811 0 0 0 0 0 0 0 0 0 0 0 0 0 0 962.674901644798, 178.0375688470012 39.84810886874152 1298.371922354288 -1950.894814353902 -1745.622861937851 4952.385679575509 707.4770453391707 0 97.3503687926576 -1475.943308983467 2890.668552773202 386.0633791239266 -349.4287084066762 -3381.80548999438 -1770.933418876473 0 -2765.952125157336 -6375.321942936152 -6419.995896236457 -359.2300558515917 4720.546561556961 -7026.204251956483 1981.404212814027 0 -2434.553943085936 -164.568832230791 4973.789091031585 2501.474160616723 0 9310.620453710824 -1955.97499570242 0 832.2268054433254 -3542.680827869722 1639.614888608946 3109.255273070238 -1060.939561636255 -7715.492705227815 1604.721187080848 0 2286.675078046615 -3924.421015600254 -2032.04594640993 -519.6427370524332 1374.467786884625 -4030.537886231524 239.8709796766225 0 -1460.733589047129 5646.602080486995 -12378.00691561711 -2094.598355426731 2819.933626459523 -1971.124118523655 -4587.180596404844 0 3535.648358644013 -789.6889290364143 -2943.02875704562 9034.846741055915 0 7750.899211645412 5095.548780864866 0 490.664817336198 -2210.718470509953 -9611.163159013729 -4749.704754882076 2751.134619232011 3019.749599703848 7347.262469187763 0 3913.765314250615 4593.767754208431 -5095.844310243609 -3049.483593318363 9240.117767501277 1273.453549277573 1078.507034034003 0 3070.149045591977 -9016.931038538358 1727.131968919292 9700.672526538348 2957.850100585692 -8200.704087424478 -190.3611797840376 0 1134.706995195049 14754.67179566306 -3203.043331177827 0 0 -5858.726802840183 -5686.287818992736 0 -4264.834355575765 -603.9802209771436 538.3632400792444 -2318.651902853173 381.6525289947956 3563.943092948813 4656.010647223839 0 -9586.572596935785 -4208.120540499448 0 3510.99654271359 -1323.032074150221 -1415.939812392831 -4100.840948164958 0 0 601.3903279511806 3040.605126439811 0 -1264.895032320293 -2624.312163192626 0 0 0 -4464.723827045813 -1648.375952908455 2163.883558006171 0 -836.688782458048 0 0 -509.1975201946659 -869.3546848654894 0 0 -685.4534080576919 0 -4068.159718752119 0 2872.988404711192 -2055.661259693074 240.5465625136665 0 0 0 0 0 306.8413346973569 0 0 130.8765368535432 0 99.05677219081599 0 0 0 1098.964842023778 0 0 0 0 0 0 0 0 -867.1460558122584 0 1982.607132905282 0 0 0 0 0 0 0 0 0 0 0 0 1078.54027794628 0 0 0 0 0 0 0 0 0 0 0 0 0 0 542.4554156211518, -1070.344461515513 -4072.282152104312 -3014.210768737508 -1755.041487165622 -4350.297168836893 1271.656334291675 -5812.650778654242 0 -1083.08880749645 -2514.627703429765 6001.037925661705 4921.174610620279 1081.615657615316 -1245.980958294353 7826.052113971407 0 -1221.856132939719 -1279.918140705463 8654.007215104755 2060.292521974251 1484.555970003834 -1145.415018664567 -5079.593379207699 0 658.3956072954952 1514.557384800041 -1076.751432644313 712.6297851184385 0 2967.313941259172 378.9090147605184 0 668.503297593751 -806.4412064146331 3695.154787543784 5672.807955292383 6919.657934530764 -3742.154878455168 4126.931414266515 0 -910.5370917011542 5910.367089212115 4875.23127078771 -3491.648291109716 2472.917669396002 -6406.810089699318 1438.083770008838 0 1902.984881038653 2293.069457632805 5921.816666030493 -1083.332224185887 287.0640628423972 -2548.815410004945 -6210.966004613757 0 4180.258227441925 -2904.286791672282 -6848.58493270942 946.7967518019552 0 2493.516652556635 6796.021816015727 0 -1527.678776863614 -5066.923391393956 -6887.527321285676 -20.90385544724768 -1399.970299728062 1235.437286478848 4273.039996071911 0 872.8216008176321 4412.333847133443 215.9232964471528 -404.733959182573 -984.5447482762481 -103.4280873030584 7404.336713417882 0 -1252.931563862749 -5109.034305595645 3530.507703903654 4875.658391239514 6059.07170263503 -1430.648467388439 -5179.261326301686 0 3330.145968645455 6455.864115998528 1068.146034370674 0 0 2369.677315601962 -7900.080781170313 0 407.9864850169772 -510.3854638267785 -4802.964872480039 -1285.984654283752 -1410.786425692899 5567.940693378552 1777.507343965872 0 -223.0373684655788 -1998.670427323387 0 3235.229735157922 1604.509581730169 -1330.523901860405 386.027323543349 0 0 -2860.982864599132 2211.321116454212 0 -540.6897331140598 -2701.929550765491 0 0 0 -41.74657518696358 -3643.379394287939 3504.917014826221 0 -2665.177602952926 0 0 -2387.232299980354 -4375.360476772046 0 0 -955.450914321043 0 -7825.614490908018 0 1893.206914462309 -2894.982888863122 -3790.58132686286 0 0 0 0 0 1729.029557421181 0 0 -3161.398709413584 0 69.45698595581189 0 0 0 920.4014343131587 0 0 0 0 0 0 0 0 -1148.778971708838 0 -713.1975017913788 0 0 0 0 0 0 0 0 0 0 0 0 1398.870595509252 0 0 0 0 0 0 0 0 0 0 0 0 0 0 -169.4843714434289


GFLOW: 0.144 0.3863381468704904 0.3886045932506409 0.6995105132707967 0.7038883655560539 2.798652891917293 2.797607748287952 2.545069021137113 2.542721282926593 -0.05754612564520052 0.136237892783527 -0.2616309762049217 -0.07859652859033706
q-corrs 63117.114783508 74525.37386091349 17382.82591905989 -3883.372929009965 -7557.306421109288 -15183.70440292575 -7215.847263900633 0 -339.3979296916084 -2058.72303716882 -3234.3905493655 -5198.300421916285 -1291.384753965207 -721.6459401781622 -4409.657970985604 0 1244.52280899673 -3349.157962861695 -1291.320216245851 1782.859570768896 2.3351668966273 -2370.11662464549 -3630.348473667101 0 -1794.968156369584 1980.834328703637 1495.287896038866 -2086.208695454803 0 -6706.265239526607 -3598.212476750366 0 -1753.496956878379 -3539.607931442001 -4613.344810088666 492.0493496502305 -769.5335367144149 2065.249733222476 3072.703933634157 0 -2413.50362262772 -5142.035619257755 -2639.790153753497 -2255.491640183179 -343.1598541312478 -5611.251473906512 -2175.907203107083 0 863.2639837428424 111.0796151457737 -1063.002505958897 1863.758336824611 -1492.119436018272 -5865.81377487243 -3981.356926286091 0 -2.977884849487054 -5190.629424417933 -1960.539493298295 -4746.476210835373 0 -3017.811658432545 -9147.318264624446 0 661.1728436452308 -2129.481629716362 5698.940440957713 779.6946568963476 -3343.999459970096 3642.567905764761 -6343.280370648352 0 -438.013542383395 -1028.792804777267 3956.16912546375 2794.791045998484 -2459.397001969485 -5021.943807269155 -598.266003187962 0 1483.225620404728 1667.252787279107 918.2632743218742 -1513.77034777354 2102.657777740697 656.2905456591016 3572.634475840399 0 -2535.115968384634 3020.579994261782 1936.05819905342 0 0 718.8379291457325 1793.357307041016 0 790.6807861918696 -47.27576857370013 1158.3849829393 2951.233996739242 -12.90581874120642 -228.4100100562417 2585.029749892511 0 292.4317565494845 1346.013208019788 0 4339.653030989481 -766.8128152293801 2933.463790489092 -2293.647219614321 0 0 -397.1360715470833 3494.732653696206 0 2099.578165825453 125.5561737531152 0 0 0 -3287.94794356172 3389.256457008268 209.9950497067495 0 -1000.56596611474 0 0 -130.526095185139 3015.187673134419 0 0 272.5902730616627 0 -1614.347089984799 0 -3907.503095527943 682.0924278045081 747.8815637037823 0 0 0 0 0 598.9105861026526 0 0 112.9189395394994 0 -2077.204608774863 0 0 0 734.1033036800097 0 0 0 0 0 0 0 0 -264.6457725714677 0 -417.6068106231101 0 0 0 0 0 0 0 0 0 0 0 0 -1560.752780479499 0 0 0 0 0 0 0 0 0 0 0 0 0 0 -592.3805392012732, 12204.08724016064 7568.151697911555 -7078.649477291856 -4577.469190251988 -4069.061774623349 -9013.25203258156 -4092.024772056247 0 -656.2510200521148 -3273.240596521711 -550.1347678949501 -756.6018389235081 -669.8163119879639 1096.649914263355 -585.9377423057745 0 -213.8435587863952 -153.7974802567363 -1712.212209710256 589.873245411603 1676.21435512387 1367.688646784583 -78.71043871538177 0 1562.418174717132 605.9714256189145 2089.163455685016 -1635.602945529136 0 2913.005871905764 895.7247844469655 0 -699.99722549295 -1262.801708396211 845.8463858456794 2318.624937825526 1263.834345897086 1192.387220870912 -1768.409553416405 0 295.6221651023191 2238.715103909954 -491.0988172084909 -1184.32971093468 -1785.196806056155 -144.8548411277303 -366.1861466478452 0 1346.071876800415 -4379.080365644417 6222.215160465295 2475.148450566769 101.9126331545127 -3373.48152696567 -90.99947716598422 0 -2340.40931371134 157.0044740914266 -2241.259346880845 -1179.366867008686 0 456.7209896069369 -7341.774699360426 0 -188.2199942578349 -203.1308334079617 3689.723312579375 2073.158522073207 550.8867963072527 -1147.29202632452 -1772.546597270004 0 -1841.415076516774 -738.3826595845613 3733.558896402372 -117.3515011785062 342.4816903805324 -1906.60384561591 -2930.632350781843 0 536.5075863633665 590.9214842087852 1813.437955763797 -1085.108335105364 2260.844945679451 -308.4670754629307 1935.893037765494 0 -1992.713992704304 4129.168528888981 2280.223825507089 0 0 -820.9816369112744 -2361.59008261086 0 1359.674695244743 904.7949413861008 -1484.342978611062 3159.660954379595 799.2520243180638 694.7558935476338 1335.234612825535 0 -692.7899651769535 996.9665216336766 0 3140.540045196756 -57.5104211833127 372.8841200955754 2902.669125336472 0 0 -512.368768233333 2880.446755565555 0 1143.290042503977 -511.2066670177643 0 0 0 -21.01580624548694 2469.944805405152 -1082.110366596537 0 1865.496269550376 0 0 -149.3692119669512 1391.060607649425 0 0 543.7858325740058 0 -761.3542713175959 0 -751.7280692278963 290.3888323488773 -2017.156321816862 0 0 0 0 0 -197.6202061810952 0 0 99.23265705661424 0 -783.9768731034785 0 0 0 -673.0845459458479 0 0 0 0 0 0 0 0 730.645896104141 0 681.1771005504313 0 0 0 0 0 0 0 0 0 0 0 0 462.322323331698 0 0 0 0 0 0 0 0 0 0 0 0 0 0 24.31156080092202, -1252.502978232267 -4410.229731640289 -4502.24594449478 -1322.198753951865 -1336.592558429194 -3636.868265829101 -1564.864104067523 0 -1749.504000089443 -3420.233023616677 -1871.706437750393 1760.478137377974 -468.2774350896557 -1643.679764680854 1859.026099177583 0 -188.3779877738768 431.8271862617024 -111.5353641607179 -2554.03943402249 -866.3024471749638 2841.724763109583 609.716612574294 0 2367.315649560768 -2133.166444892771 422.2893363026074 636.9512674781956 0 5049.55894646769 1164.904071294469 0 -122.4121946628777 2700.071024597507 3772.291098723155 1201.788749936469 1904.519450095959 -880.0431104680201 -2122.341531488221 0 732.8517326114979 3741.851110974862 2770.915939572672 -628.6001285354964 -484.0045709030783 2325.46377730085 -1195.698799017143 0 -668.6919012257653 -2324.341048734233 5075.279212655072 3610.181529246484 2017.525739031727 -759.1777997842712 5816.025095970444 0 -2066.672712468431 -754.0424872809226 866.578594849812 1940.380057074759 0 -1096.149202332004 -4156.192680283633 0 501.5460566812257 4872.408204136413 2576.589705375374 1531.12358130214 390.5912796861265 3794.114065954451 45.10937848134 0 -1454.626658581478 -2336.907135576587 135.6190529536511 567.1106580545849 1386.841485718204 -3227.855433201883 -612.1680688466122 0 -1300.097019252656 718.1977420082358 802.7061965481084 -2076.274583319459 1204.711160677776 -2477.729971425045 -3259.436118868686 0 -2433.509737570707 1672.778500341833 -2759.725869158806 0 0 -1179.349066105118 164.3465234476669 0 715.76385620811 -2988.766340761945 -3723.944146085524 55.74024463790192 1850.031561085187 -2049.856516676507 927.2848371977725 0 -1034.172685548329 -2364.613266136374 0 2145.922732597377 -764.2238085037072 -2511.976184803199 315.1707364024434 0 0 475.9114999789458 -674.3600785138392 0 -197.1585887594483 -1215.391589281094 0 0 0 1367.408337674733 213.221964850334 -1695.37179698631 0 1035.815024006921 0 0 -91.27115877119684 -1676.345213060513 0 0 64.85666246843448 0 -1064.09576789143 0 1270.673325705015 437.4911411071968 -2123.12040067933 0 0 0 0 0 -960.3433472538776 0 0 -1483.658233303599 0 -493.9181171819129 0 0 0 -1025.155077120516 0 0 0 0 0 0 0 0 -1527.577372258383 0 497.4139193438921 0 0 0 0 0 0 0 0 0 0 0 0 -904.4316446894215 0 0 0 0 0 0 0 0 0 0 0 0 0 0 -349.6620868251601, -355.6128132722972 -1325.909046566388 -942.4034626327922 -1283.53000712772 -41.26706963871641 -1034.871175694457 -2105.559825295026 0 -715.8483916666164 -1457.030679831543 -789.0104520608375 2212.949632994584 -1351.945080514337 -1869.687015207533 1669.589812809251 0 -411.5332038266449 -780.6223270862675 -811.1119148810092 -556.3018781214265 -620.7775342748937 -356.9086366657468 -1781.754551867189 0 705.735776964994 -275.4372524468657 4040.268787394832 -813.111586883053 0 1648.350419360469 -3132.098609298281 0 804.8104619707675 789.3798068987101 -2178.12514725037 -4275.505363420935 -329.4383467091059 -179.4583063555945 -2423.914865295317 0 -1630.994564375339 -2623.094210138789 2322.509060556989 1058.500093187859 104.5072302637959 -4804.714364552219 -6881.366245519032 0 -442.0139711828417 1097.281720047683 -1341.110339950885 207.9001043592164 -863.0582717683836 -6339.710207853086 399.1154205735684 0 -3380.716393022309 -328.880659630392 -10.67866485921149 -3133.682840967606 0 1248.281063440095 -3423.461469854529 0 -352.562544555553 -687.4318479411309 -840.386503282647 1720.482006829448 -466.6084113551266 2310.963198740494 682.3352063307407 0 573.9202945763848 196.4746056445049 2805.15491208931 605.1006663445219 1466.47627726478 -3787.873425223015 1656.667533707977 0 767.4770130859085 4024.176902256148 1255.429569036405 2134.136038578053 1381.21157637643 2582.56465867553 2439.294101035657 0 -2068.30369230486 8602.184133224664 332.1963989424453 0 0 1945.565686086934 2294.189455064819 0 2081.512613028541 -1950.289889663908 3535.9773917349 643.31344441726 1648.781013992793 -224.486145765558 44.08654237970507 0 1513.146091198252 949.1434474057398 0 1055.696932430376 -809.3298894636382 -607.3048960139549 278.6009412864573 0 0 364.8878327441237 -717.3546592368876 0 -131.8422618385683 -1264.521335499811 0 0 0 909.3366096627529 138.134190675619 1471.668541727302 0 -1106.038083867855 0 0 330.8833223968448 33.45006150759173 0 0 -9.335363329672404 0 1129.864533985289 0 -700.0554642169111 559.6164726317483 2893.246952203779 0 0 0 0 0 -407.1250173578314 0 0 -1004.126604179631 0 -247.9662408053719 0 0 0 1404.566491709733 0 0 0 0 0 0 0 0 -762.6561143069769 0 -150.4936584529983 0 0 0 0 0 0 0 0 0 0 0 0 -566.1508242801347 0 0 0 0 0 0 0 0 0 0 0 0 0 0 -71.82698310189173, 284.4724532484252 1407.58241690056 1416.641601452495 -129.7311914823744 738.4427680903402 1087.373580945222 -738.3473866423568 0 28.7248694345256 75.0642237974788 -528.7196917428059 798.3366724199848 382.4950276430841 569.6773095357266 3344.039250626447 0 254.1958434604205 1104.848916898963 -778.873871711429 633.1249733622886 504.5148391698162 626.9608511680713 -2444.772144803909 0 1756.544984504145 557.5669918716346 2900.097024132507 -1221.766070210323 0 1202.954442217135 -749.3702590263969 0 1355.905121346955 517.0072458269282 -2217.319940297461 184.497034480313 -1241.655211518455 1275.396162131939 1695.574732306984 0 944.9994153853745 -217.645640880452 1453.869827586095 692.5478232433803 1174.295323615783 -397.7589876589295 152.3274476359688 0 -442.5161025172708 2771.078586710078 200.7455196228102 -374.2571408297393 -2321.75589480826 -2912.659474047567 -1371.029631725012 0 202.2649624456218 -1790.39897950116 -1020.38206100629 -1533.738951458422 0 -2170.79134434025 845.334007875779 0 -370.2681496409428 141.7512046123925 -5112.516049895982 -1437.653949367775 -2041.906223074652 -1431.537201459009 -3306.07279518352 0 -378.7167858309642 -520.8175843471611 1271.73237223883 981.6819829982519 -984.0327614220421 -4584.494789831764 1675.424885827105 0 1789.124920750229 -671.4602897451706 6.282824175347059 -2192.106927779375 30.61628102283731 1698.413498640511 1352.170403873262 0 -2422.47300275762 4708.159887843523 542.7288187171262 0 0 1289.499238528698 -2334.228429638906 0 1951.954678242587 -202.082141762294 2017.099113381172 3592.031295050641 794.9256867118947 -695.7938028908841 -1172.395440078411 0 1746.011039954509 1700.370879772493 0 -68.86901803428464 -658.662367980751 -2162.104505014259 1818.679242734187 0 0 1215.239936768508 980.1331345045407 0 -870.1631556642564 -413.5690824116655 0 0 0 785.4616863854126 150.7165143937649 81.54044957798209 0 -249.0282264134668 0 0 453.9087461477286 900.5793924546284 0 0 -312.6227758290105 0 -295.9943196448463 0 261.8794480324407 1225.23702032309 531.2152921953779 0 0 0 0 0 1469.163834955258 0 0 137.5458184684508 0 632.4006573473443 0 0 0 1093.323754410377 0 0 0 0 0 0 0 0 996.5528649528028 0 -154.4821948644845 0 0 0 0 0 0 0 0 0 0 0 0 341.2801891403935 0 0 0 0 0 0 0 0 0 0 0 0 0 0 338.1881851045416, 67.71637156871543 350.1345356380472 951.8946954474593 478.5417051898866 -700.1627537637062 187.8710508098736 -195.4416532235323 0 -232.0649209836869 713.3080182269257 -870.4205831966511 741.9061446441651 1031.61535490101 627.1953759728158 3631.407764239206 0 -863.1147192112526 1310.726854158805 -2080.691179974465 160.5102672705407 37.71257907643133 -1494.436200193122 2728.725230264276 0 -833.1417853903773 -1.856679411687196 778.8163004374394 1535.270606789018 0 1316.860402156919 -259.9255461501693 0 1379.504013656782 -103.5543563128968 187.6669911928544 207.9313311870092 1126.016392781707 1761.107892799072 221.7451260477787 0 2715.22475575796 2686.786354136033 -1549.425696387277 -1166.064410236904 2347.309523842982 1004.724140740968 3241.381497114561 0 -280.022353556517 1286.726071768782 -1094.9382937662 -2363.119094128633 -2983.240109851496 -2930.517389073661 -2160.684712975664 0 -101.7827144179835 -612.8244998139714 460.4305575164582 2339.628512092159 0 -3967.089965509178 -1938.224614995526 0 -601.7897037609739 -2936.509956593897 -4695.434071426413 -4076.717100185003 -2059.762157091475 -2180.422774598074 -1521.564189748473 0 81.08093665137494 -1193.979312141008 -2666.071079738968 -4320.364913113047 2692.2908340108 -4499.585751609626 -2404.137299807177 0 -906.2601603092444 274.2197571752453 -1619.636477472994 2051.90918251541 -1423.906686307799 447.2918974613549 -1276.321623334649 0 -2835.000095171001 5562.176969787251 -208.7765030391902 0 0 -2278.126489687937 4725.507348546604 0 937.2111275395649 -778.723134155348 -366.458945017984 196.6838019104198 287.757155734884 2972.234202196404 2486.115695565347 0 -381.3487100152115 462.8349321332237 0 3907.428985704538 -220.1062418456485 -1012.761844914732 3234.780384586459 0 0 78.15454182827227 1825.605786516959 0 456.218548551547 -326.7704442072379 0 0 0 2046.172902816617 1126.790747128034 7.311107390441521 0 2910.557073660284 0 0 -338.854988585258 -298.9473627486823 0 0 -1266.880273786714 0 533.0439611828506 0 854.6103576822634 352.6537875608374 -1017.231696542032 0 0 0 0 0 1400.641524670212 0 0 -510.0716481707694 0 -576.6886656059625 0 0 0 83.5287645821991 0 0 0 0 0 0 0 0 -1481.815045358097 0 102.2371818113159 0 0 0 0 0 0 0 0 0 0 0 0 -848.9992136745652 0 0 0 0 0 0 0 0 0 0 0 0 0 0 188.055788624639, 31.4234290331292 -92.32903280207597 121.8644205065148 -363.544384833791 -474.998421181716 1041.251830482335 125.6604729176819 0 -367.1662843091002 -689.0790580375113 971.0101040098125 908.6967107976357 -7.566094722198585 -910.7750730723603 -599.2773701971856 0 -1508.564159901691 -2376.422858608064 -2726.006163618682 186.3936731399715 97.70633739968707 -3275.794849888075 1483.791717573309 0 -1140.387292644353 -474.0664468866718 1599.196687836868 -200.7418680598885 0 3654.506400306045 -1788.603245768973 0 -517.8466443172287 -2109.583795417379 650.7997571305891 402.3782508539307 -1127.026172177808 -2227.742826161491 -1302.110032378173 0 496.0538048903686 -1102.13341570557 -1615.827577661318 -671.2771545773678 1871.464656446795 -3690.0656197597 229.8043003112483 0 -1320.572292006072 1263.422538593979 -3314.256737421307 -2785.99345703269 816.9491779855848 -1203.78746954097 -816.3267017793839 0 -346.1324411602669 -324.9250645363413 -1544.6924799713 2620.372746454548 0 2411.165036460663 -580.1875712013668 0 -234.6201630862524 -986.3603412642719 -3405.634802503574 -1446.321444654046 860.9949664752213 1955.656107654563 4227.534941537735 0 1523.869990815582 2022.837486216517 414.406372885577 -1047.69860860329 3663.986557387162 1733.037798581621 -1225.464671465946 0 1007.349764194485 -570.5071052724857 1066.119161978227 2426.297718692261 984.138372150514 -2095.166063429909 619.229798078791 0 -615.3450084478504 5448.048109268534 -1267.209904540297 0 0 -2635.491350045128 -248.392870104683 0 -1164.84940120833 -551.1623444543297 -589.988224805702 -617.5176839890207 -195.7693289812977 -170.6664662362282 1332.006180766409 0 -4188.245411013379 -2568.191309347019 0 1963.384852053428 28.5757062162819 -1003.196687426654 -1903.805500606321 0 0 -301.2965310518108 595.4568663585696 0 -676.296301757618 -1656.923640498106 0 0 0 -1879.442732594669 -902.28980383696 -83.41443698817716 0 -382.284875298576 0 0 -393.8838684303832 -963.4627121049045 0 0 -351.0751242088426 0 -2218.467752112149 0 582.2348184002694 -880.9675578607585 -652.2839468220266 0 0 0 0 0 -39.0365790920016 0 0 -14.55394913359194 0 -124.5194570231112 0 0 0 251.7057276805581 0 0 0 0 0 0 0 0 540.905560361832 0 241.0295484096782 0 0 0 0 0 0 0 0 0 0 0 0 947.6793845425275 0 0 0 0 0 0 0 0 0 0 0 0 0 0 386.6401731887531, -568.6086857283808 -2502.643461963233 -2099.79477968115 -567.526727417613 -1551.482631883722 460.4737872115069 -316.9954068670162 0 657.5719137590976 161.0461526738045 2559.942713717571 2117.955740766077 176.4800498937971 296.4303407492107 2999.990238771786 0 -394.7939001628864 -60.28666351084541 2689.811122257524 1360.902400771624 -846.4254314216666 -812.2409473603516 -1839.353304887979 0 -15.10217505052196 879.1152786981642 -6.080866950396739 374.740764611442 0 380.7078303344579 -95.12688842290203 0 116.4700051803518 -1218.257674699433 1110.928223096183 887.1245087206507 1712.171529474351 -271.1743279719145 -170.0321228326069 0 -636.0570687363288 2371.378153447397 2392.248283761163 -1822.561997238391 -403.17083457387 -1825.136555723193 -1639.334337060198 0 670.2554561806112 850.4195005747642 2339.036107806426 1117.237593909706 707.3360822814843 -2447.127839429153 -918.3079775357331 0 2163.785667859274 -902.6724828244293 -1958.042043309752 898.8771850182546 0 3206.833866998938 4307.254280344095 0 -667.7510332297661 -1229.905932706398 -3515.476376914684 -106.0924502789788 -1126.495049194044 1797.662867591887 1355.807431235221 0 853.7982203238641 1759.641424610553 1268.326550852395 578.3459990233778 -380.6678317221829 -391.0486727347673 1609.212739318029 0 -345.3036212054641 -2273.883446270854 1349.046348004311 -821.5265626235298 2027.689950321026 -1011.191291014102 -3035.289379131074 0 77.38177278290493 2173.794452956533 -1376.086585842259 0 0 608.6964563787794 -2454.649883748446 0 429.7154282169058 -70.56933266731221 -1459.572530316826 -1889.918058460658 -663.2193945750209 1477.071857765399 1064.934089834532 0 -425.7008693693205 -968.5301153300261 0 1262.712488270437 1162.286316205203 -677.6137725206825 158.1097709712405 0 0 -1385.512274554878 1369.91695244408 0 -596.0319443197463 -232.2450019527029 0 0 0 196.0992221289396 -1532.387732474166 1175.542535505288 0 -872.3154962500382 0 0 -851.7828982625957 -1111.490656255513 0 0 -360.5840745364632 0 -2663.758107564605 0 576.7616870789375 -1227.181142431237 -845.4941880175203 0 0 0 0 0 582.9096255977809 0 0 -1008.771839349518 0 -858.1619244322939 0 0 0 192.5369858147264 0 0 0 0 0 0 0 0 -194.9820457487688 0 -506.2075631460183 0 0 0 0 0 0 0 0 0 0 0 0 367.4154950226897 0 0 0 0 0 0 0 0 0 0 0 0 0 0 99.75732894704608


GFLOW: 0.216 0.25182971443206 0.2535221019344059 0.4226322062865067 0.4256357981537596 2.898184068238101 2.897538695489917 2.739349185692743 2.737754233839684 -0.002357634770018571 0.1829354041877464 -0.1575076859406161 0.02995052166728717
q-corrs 26195.78714921602 46984.64453599561 23927.13555288815 2111.481471330433 -3308.708773906683 -9627.039288172306 -6334.503490808931 0 -1256.087610985307 -3379.911490567385 -3240.545892445685 -2898.269005235157 -874.5598510828237 -660.7993090408161 -2893.088872734676 0 104.3001626493616 -2813.929366521139 -798.4602302024371 -124.8661636078358 -149.1676411758454 -1723.258337662998 -1894.206785585745 0 -1676.018592222693 702.9268217660173 243.2977304472191 -562.899951672543 0 -3358.512535905443 -1223.480069424802 0 -943.7350864228913 -2649.32414882166 -2091.697702788876 -376.5869703933387 -692.8091249473571 1234.051899295043 -209.2093290467491 0 -663.2420769692258 -2391.751818588821 -1611.312570706926 -1557.855932284284 -923.7972975438428 -3397.33747626193 -1663.296758168539 0 50.70858030941494 -577.625302539065 -362.3058635058007 1479.072622136617 -1172.099978120745 -1769.206116409286 -2016.907792800593 0 -399.9023510220207 -2602.069062815488 -1185.706976584978 -2590.473367652907 0 -1282.041626142635 -3121.231015036929 0 419.8575053312447 -1112.289577681684 3212.491984776123 450.6320827267472 -1153.348575489351 1127.785509424419 -3492.259674441656 0 403.2193175982641 245.3200142322465 3175.865878544674 1869.163656387904 -1012.512607420739 -1342.874059150095 -1346.433448321652 0 943.6805171114363 1905.219641898661 640.8831893809422 -991.9537705116979 813.903781330428 1698.256883962528 3162.688713224176 0 -504.4661280446691 2695.478415246002 1787.30683525342 0 0 -550.7795468556453 1152.930680413177 0 1002.149784530099 154.621446050068 702.3678736920425 1402.758731783707 694.9522069394532 1493.023358501677 739.5878659910106 0 -120.6132418516991 1580.741783091026 0 2145.275207736536 -128.5126976201073 1492.557644027932 -539.5382019932595 0 0 -36.48830154589317 2131.191540870712 0 1152.832823498698 -223.5892325549202 0 0 0 -1104.02353550982 2177.805314243143 209.9377997159651 0 -619.1170048288833 0 0 -99.8438603498233 1779.902862118529 0 0 -30.82626650945117 0 -627.2576596688307 0 -1449.434129661488 500.5490088390122 309.173406583289 0 0 0 0 0 446.9989795810995 0 0 99.05668251069686 0 -1021.835681658854 0 0 0 299.9084321902649 0 0 0 0 0 0 0 0 -259.6585148373267 0 -141.3063104142039 0 0 0 0 0 0 0 0 0 0 0 0 -599.4100939780927 0 0 0 0 0 0 0 0 0 0 0 0 0 0 -222.1070187201027, 7783.619762461782 11653.32680135841 2609.791525384656 -1492.940176691081 -2491.090446915971 -6673.978943313699 -4064.708906757052 0 -927.5287264268935 -2254.014588945356 -1311.047018320366 -811.7621016508203 -369.0364500357475 180.56525111504 -363.5067260011533 0 -158.0087204493005 -629.7707958696847 -474.2005631096939 198.325505218712 621.8434637306141 497.516191128548 -65.28999072185673 0 135.4043119405011 546.014277426131 1282.509173269085 -217.8106314638175 0 1133.23246378958 729.3660010522851 0 -264.5318737043535 -874.6322360141399 831.8058633166073 1017.989919898206 327.4429015813288 562.7019193199104 -1218.381814602731 0 377.6843900217052 1243.43278029304 -494.432207020696 -1025.324006845265 -759.7556496484416 -737.1722591263513 -380.3072585795034 0 472.1602703667137 -1772.953160703471 2591.008344037115 1387.231198809473 -62.20603833253125 -1006.997438821943 -666.8389290866994 0 -1494.062328085788 -253.2099570549971 -938.0086729684249 -698.9855092546176 0 -436.2027679487734 -3370.209029037241 0 241.8457850017672 -83.71413554568107 2986.851549982537 845.5109598027243 337.9711772002285 -114.039144074031 -1250.771504618933 0 -636.7024320789376 -496.7982591184957 1789.628565625228 427.9343379641764 -167.8613238485628 -175.8255785911585 -1956.834956337856 0 354.2032383894925 633.102879948879 1089.770175814825 -1289.58532916621 836.0983499382369 406.6262409182908 1471.904484201862 0 -743.7259362597488 2095.255940167584 1002.057697130477 0 0 -971.2415408647705 -806.0731957038106 0 651.8095766258118 233.7880311612521 -643.247635292475 1461.223831399989 606.5516257093582 686.8829607362541 568.2100601151172 0 -332.4523135500428 729.6244565200319 0 1321.695341661315 -39.33419378160949 249.1938118487021 987.2207814521166 0 0 -49.48205886131291 1945.58691548066 0 597.1644205753626 36.2973845930586 0 0 0 -126.7737279932371 1334.482207109542 -591.1124420997725 0 668.6756532859309 0 0 -87.40296501376267 735.4433382599477 0 0 69.75608894678022 0 -683.173301980155 0 -319.9041867347078 256.9716870120815 -1025.72037511244 0 0 0 0 0 51.08160159102147 0 0 -19.38254726565299 0 -909.5767370369597 0 0 0 -270.1769047853595 0 0 0 0 0 0 0 0 -135.6741839887889 0 -56.2728826270402 0 0 0 0 0 0 0 0 0 0 0 0 -239.2051013046371 0 0 0 0 0 0 0 0 0 0 0 0 0 0 -123.4492265394264, -566.6144632568339 -2726.873525456436 -3822.105208739194 -1705.94609885183 -1177.141079665412 -3347.558797876585 -2112.676989041718 0 -1068.914246093394 -2105.631279564968 -1355.357395850378 157.9877589906121 -245.5352497367679 -693.914813732826 494.1457726841952 0 -253.1546318901095 175.6710341083692 -430.5027057117942 -777.9244205242966 84.10170361876349 1505.77898031875 599.0472711797868 0 1070.839373595756 -311.6388646320918 1041.772879988036 414.1339809538722 0 2539.977588613112 399.5668274374914 0 304.2224419242893 946.8746181861155 2060.497250933182 870.1580258431203 989.0840294290557 -445.3305896451608 -1471.976926430868 0 116.8152818228344 1555.346797172062 1567.45347314645 -647.1526781994544 -333.9176312942744 1024.576445249115 -248.550369920353 0 -233.4124810733578 -812.4190263723322 1976.896450290309 1809.362114087032 634.9567586853321 55.99544624997355 1555.566414651325 0 -1342.331240155106 -450.656327874235 135.4083982886144 699.849997661649 0 -1155.197691882332 -1669.293092387674 0 309.1290424796508 1624.751683669206 1617.942474273687 826.3250010894174 516.6754012624665 1177.023443242496 -68.40809199574215 0 -916.0794591172588 -1152.220304185257 361.9019910839665 99.08593466975236 498.7050644641962 -458.9748907657205 -538.6671679041649 0 -405.0055498360616 214.0049689745023 865.2761914595453 -1160.68387028918 704.4774295002619 -886.0549109176052 -707.7203799518032 0 -1333.777846814583 1535.82887390449 -686.2926956397805 0 0 -497.6624171777305 -404.5623250160304 0 249.2450804489248 -1375.335895963279 -1554.086668843853 89.80328157216348 748.283947280263 -549.6283281210931 431.3781216805641 0 -139.5257381661032 -799.2947995383755 0 617.032381306062 -387.9107847127853 -791.4161641650711 -64.43768889531657 0 0 241.9922481358809 459.3350248228594 0 -208.5264772383902 13.66098639673646 0 0 0 434.5570828737235 91.24740301567692 -585.462678761904 0 827.9850940345671 0 0 -26.07601051898441 -449.389127854199 0 0 71.38313263183538 0 -594.5015398683955 0 574.076073868491 91.09005340426086 -626.2595025809343 0 0 0 0 0 -352.72904961009 0 0 -707.5670795078748 0 -562.6689352094546 0 0 0 -316.7095671674462 0 0 0 0 0 0 0 0 -1033.314417841671 0 -65.93055187912523 0 0 0 0 0 0 0 0 0 0 0 0 -643.9394487396893 0 0 0 0 0 0 0 0 0 0 0 0 0 0 -200.9806081741644, -239.9913691685676 -648.137394181071 -625.7448178013805 -512.0615245348475 -136.0533686018749 -786.8602975792511 -1014.750323187622 0 -526.4305305347118 -1205.773522523023 -509.1780278806248 663.9582376861647 -465.4786275423947 -700.5946510824492 466.9180958912139 0 -206.2660004607334 -122.1745614169226 -225.8366739041504 -234.2762265255516 156.7554231800233 605.5824915291802 -467.8056304663035 0 474.4563430180126 420.9513030467598 1926.589299977029 -441.2665155784125 0 732.3410252188744 -1441.31853359815 0 637.442383490607 571.1996700497685 -438.6603622435547 -1195.971342145862 311.3718386189649 -377.3585891935494 -1309.1327262241 0 -1098.66242411241 -1539.572143914681 894.3149062539982 188.5634724211831 -17.54771229508381 -1739.004652983954 -2607.437749710657 0 -335.7098016631796 72.77303891874408 -1133.52239546235 209.8292639378148 -461.9709486090408 -2867.988739240765 -514.6987002544593 0 -1731.890311004966 -1226.383314602709 -94.9239004337303 -1971.286213351373 0 -660.4082001334004 -1478.195721450048 0 -27.74091178724503 569.115766058756 -816.9213133210703 801.9463641257211 -602.0214334585227 -161.3472713022878 -191.2951443401322 0 257.7374828318752 323.8512492845601 1538.85684272403 814.376523156327 709.7495671616075 -2038.308268345909 664.3625398579393 0 647.8332344267376 1992.660453303775 586.7464250894466 442.9011207051994 400.6305589650447 1293.729417099568 1252.480706747541 0 -1124.511303043569 3565.385674725647 1237.568501325059 0 0 779.4884449004933 389.3194079681753 0 955.7645744681028 -712.1629587968712 1316.350824907245 616.1461503864358 944.0872701238351 313.1910368241324 -240.2571001020299 0 532.8934022967095 772.1985608252119 0 129.824884092462 -135.8519913158705 -256.1401902896529 105.378879683967 0 0 533.361887176342 619.8564679574749 0 80.55759652467839 -135.9099744371824 0 0 0 246.1179950412983 161.8543718276906 857.1160910009526 0 -91.47500293667383 0 0 194.8781844862281 582.4550558775902 0 0 180.4411575027639 0 82.37619866958175 0 -351.1791240957207 378.2445417850226 1404.075271592777 0 0 0 0 0 130.4181499653531 0 0 -445.0132157114461 0 -604.936813218054 0 0 0 581.2089741467016 0 0 0 0 0 0 0 0 -705.4028464977506 0 -206.6098628073423 0 0 0 0 0 0 0 0 0 0 0 0 -312.3905123068697 0 0 0 0 0 0 0 0 0 0 0 0 0 0 -4.989263724072569, 86.32791037835068 545.5938134759492 711.8871153261424 48.15480315509484 232.8289594550322 410.7539195420609 -217.3885026920754 0 106.5963721176395 56.39641184466805 -49.76204787644298 581.79201403406 97.04861929879999 427.7346454365817 1530.131435550064 0 56.81722845156023 428.7052558840516 191.3551930571722 447.7703630295103 443.0992272166193 682.8811726665948 -910.9850648728573 0 580.5532611803289 1050.224566973228 1999.952153866866 -641.7327371122738 0 356.7584148238397 -72.93469097166513 0 880.8436753232571 1088.500693713238 -1044.65976890764 -130.0272176069322 77.28389515586335 668.8857867730055 743.2909194126419 0 103.4144421118713 -150.41546266194 259.1321338664488 279.8073460047 850.7684962173461 -507.77468650188 -637.0996030814083 0 -143.095602762859 1157.650968657366 -214.95372648786 -216.2591770550226 -1194.445575386107 -2324.556787679836 -996.1442091545075 0 -190.1322500479438 -854.0065175098803 -270.5471374675018 -1168.622464309781 0 -1026.308634381025 -465.9168239268255 0 -91.18546257256148 -23.56267260942627 -2473.558536369798 -468.7861091335047 -1415.978210306951 -1267.415581591555 -1539.515009465974 0 115.850657863269 234.5603459571564 1163.269032598793 489.5899892553507 -348.6832007231937 -3258.83863026029 847.4805979626524 0 890.9135828738862 186.5940862807588 -275.6543365657058 -493.7702764633208 -201.1442378762116 1488.927923178658 831.4999114358907 0 -1610.460661475779 2034.977871495819 1010.973149580393 0 0 526.6092971769908 -1276.839249292721 0 1081.912753115 -91.92732109838585 1077.167119590569 1609.233247357843 693.1034813770544 -362.3009920828853 -545.4443076890029 0 361.6353191887049 936.2484085533952 0 -197.7552665513216 0.7085876508326692 -1222.010791048032 1070.084455690182 0 0 956.9083343840254 916.3724195384059 0 -426.4471754722681 -200.5354613049188 0 0 0 779.0557276190689 193.3715689223369 322.9235563932978 0 363.9700989690392 0 0 376.5226773001694 641.2150902723262 0 0 69.64164976211113 0 612.2839519453812 0 227.529629096616 592.9527455049979 406.7235408269647 0 0 0 0 0 590.4420290199648 0 0 140.8429125529089 0 330.6141911681104 0 0 0 306.3058839129261 0 0 0 0 0 0 0 0 196.9946861966411 0 -85.11136271845899 0 0 0 0 0 0 0 0 0 0 0 0 49.92048917673495 0 0 0 0 0 0 0 0 0 0 0 0 0 0 78.19767109658066, 49.01972867843983 155.7656121310804 245.1973720168142 35.16538052538047 -222.52148938977 -386.9862903219845 -346.3775024334352 0 -203.6543917978 334.0650800457311 -95.00162715656097 454.3660414768696 555.2580931562559 112.2109574696562 1575.085066713494 0 -220.0448501797268 1077.6559607058 -683.6664403681267 176.5686098018596 -164.6932939277221 -531.4909700574399 1260.249145351736 0 98.97889499195549 -84.58703131409212 402.648191910331 729.6369217304516 0 1116.926868359487 351.8480501112177 0 203.0411945381093 180.8939926457455 -283.3345973080445 -526.4453772183545 421.6338888272278 1354.597780118007 651.5225424327871 0 1324.35172083185 988.6975413901349 -1573.305086291774 -312.941374383578 1524.028614966559 -80.78642771800901 1313.841748159876 0 -320.5521128805515 909.7009739747355 -811.0090613054933 -1684.277652240482 -1686.020546866995 -2205.610100920097 -1282.62838364374 0 -468.0018451075067 -188.6916809487632 198.0306435580584 1506.769945822115 0 -1884.468716078914 -1933.409017992996 0 -189.723232247052 -1902.421637474176 -2365.079011004444 -1847.746187634799 -1040.208744024048 -1216.643722360094 -350.0890677494776 0 -57.13970104282532 -182.1609220809259 -608.8343593172342 -2168.893630022288 640.0910895763577 -2455.233793402982 -701.9660130269621 0 -34.84760399374943 624.5984253107015 -943.8065671174281 879.0267598047039 -591.1396108526529 199.1267642837906 -825.6040641149746 0 -1330.104458429547 1400.9046707629 -183.3106732205426 0 0 -946.4605263172019 1666.168260705482 0 572.0435569014813 -645.2051207987861 129.1639632710255 769.115679239193 89.59288955710861 500.8201171067688 796.0801054368621 0 -595.8488918674151 243.4292773628534 0 1537.790980858166 6.115160805377116 -583.2283743615723 1226.579177545814 0 0 327.7990689752024 1192.644831126375 0 272.2802779950113 -249.4204443286972 0 0 0 998.2044280408844 512.1924762013807 49.23429875036732 0 1389.446659232715 0 0 41.15493798174541 283.9755653784678 0 0 -246.6632112900999 0 435.9267793784936 0 572.3345707392573 263.0226420662249 -349.2370142683935 0 0 0 0 0 398.0730856891049 0 0 -137.4374731339222 0 -81.15928945997189 0 0 0 -159.3888539980581 0 0 0 0 0 0 0 0 -499.1302720072393 0 -99.44166202605921 0 0 0 0 0 0 0 0 0 0 0 0 -332.4553728675237 0 0 0 0 0 0 0 0 0 0 0 0 0 0 2.276429177797443, -43.14293198315772 -292.6861935630608 -397.3727255513109 -213.1573869108097 -180.1457764296931 -91.45789305626272 -12.61111045695225 0 -223.0940918870252 96.45196663957097 446.202722723478 517.0181580635367 308.0538016227687 -180.0551540969979 173.4777148617222 0 -579.7595933381259 -514.5173949676606 -1179.221128532472 213.7476449146075 -434.8147538308743 -1685.24161076597 1126.713620152879 0 -440.3223431485921 -484.8723430938028 -408.8927421531176 -301.2358678708528 0 1009.251077624954 -1339.469344490622 0 -444.7127203626931 -1408.609633411693 123.166923228401 -606.2287486083428 -680.8130185214702 -632.120808743822 -1336.150120601191 0 -24.44063201920802 -628.4930378667273 -1236.668275228587 -613.3423074203874 980.0072264922187 -2116.470429307021 43.63137659244251 0 -764.4041008341767 27.17828206895354 -1740.462520755357 -1529.017206370543 -12.964678602361 -1189.535393854236 -84.52036448918022 0 -685.0174779740387 76.53152334455075 -599.3335193153605 1295.295469447773 0 588.1897283842897 -737.0661205745317 0 -224.5101929086504 -627.9128967131771 -798.8998940654719 -468.5656946735535 398.5797429946836 1065.411790491441 1886.364066439207 0 876.130691629987 669.7440276338652 1430.290123770287 -65.6098710218464 1219.954829220967 859.6805539786112 -697.648454214386 0 540.8557228190108 912.2595295777548 391.0563256564524 554.3530085691802 251.5584158721151 -426.8520508000217 -35.54182763715767 0 -511.3599961069407 2189.607960113899 -794.6767016495472 0 0 -1070.516153069213 699.1728774220403 0 -268.5540388846782 -604.6494566752295 -230.9304115565577 -393.2770405178499 -80.99397145591882 -771.6310997478234 539.6881977799093 0 -1691.568166462518 -1257.07663088237 0 927.1489996977732 17.08045754692924 -328.5300741666932 -1018.866783582956 0 0 -134.3034544637064 -49.71348026389558 0 -286.7936296451144 -568.2097591201243 0 0 0 -584.9059917652887 -317.3317109634541 -407.4748280781773 0 -178.1197499803633 0 0 -114.5769365099144 -343.7546076272581 0 0 -94.56755420319976 0 -872.3033451327137 0 -4.095919514094817 -343.4106911505247 -525.9976401759569 0 0 0 0 0 -99.91260882902685 0 0 14.2794062508521 0 -299.3279608010353 0 0 0 -35.26495675206255 0 0 0 0 0 0 0 0 497.0495279154219 0 26.52816861707734 0 0 0 0 0 0 0 0 0 0 0 0 595.5213841688242 0 0 0 0 0 0 0 0 0 0 0 0 0 0 208.1936908024588, -331.6807698041971 -1431.280954304945 -1334.135056459498 -258.7445503188468 -604.8850135879986 124.1861600749757 543.4300040472767 0 575.4934794116552 702.4645159077368 782.3087690625282 913.8952458262997 236.0372033190367 683.7339436543311 1514.389022466373 0 -239.6605745407081 -0.8635453804005238 711.7504529876437 559.3860714232061 -500.322853332995 -736.1910179587271 -358.3113582511473 0 -327.6618292732085 525.1838265269901 5.971066081543086 205.0601788474502 0 -402.9679371455911 -984.8111273844715 0 104.7800618268706 -1362.56815824298 571.3399975675763 -526.9449474734993 281.4241250031426 185.660321207352 -1202.121696024991 0 -459.3725041674737 850.1360535717477 782.5234653931384 -606.8079958690345 -584.5052229083615 -1112.945001660723 -1544.658342368703 0 173.900133740333 -235.590446071797 977.0972219164574 665.0716645148373 381.2754349281516 -1342.431996846738 216.4670856123213 0 891.0254300994602 -101.0860445593237 -787.2578023580234 390.5385167380913 0 2178.71440722537 2512.658840179527 0 -364.7337820361597 -267.0538422634896 -1216.48435855046 338.5660914498056 -554.2280330411074 1186.277929937438 524.6989099967238 0 622.1632576128321 667.294111000216 1222.50039495078 877.0415350647222 -75.67847510044459 -331.5795904414359 515.0216656811416 0 142.2289508037276 -832.6672596948334 610.4330439971158 -991.39663778691 560.7218128580294 -719.8566042079525 -1579.88149301801 0 -433.5547808531497 795.77954946771 -1229.969152684216 0 0 225.1923800065958 -639.4163038210436 0 7.646010937397307 -170.3766044145391 -659.9826891283989 -1381.131684157858 -242.0901475880886 19.86837007714053 378.5290510215004 0 -242.6861850674677 -647.1225132663795 0 678.9002910275176 452.5144526972991 -127.2006758981497 -261.1415814094204 0 0 -412.0283980872162 674.025972204382 0 -162.8681650957498 68.31498708461758 0 0 0 94.86271831840551 -2.632100928660606 320.7631692037422 0 -446.0941465306108 0 0 -221.5893788946857 330.2132680304322 0 0 -179.0633269659876 0 -941.4537559309334 0 -84.04306738081448 -284.3002251278551 -136.5088550452262 0 0 0 0 0 361.6562288312518 0 0 -265.0615391153316 0 -812.0706425360282 0 0 0 155.0800883767356 0 0 0 0 0 0 0 0 26.38586455276209 0 -280.4495814094288 0 0 0 0 0 0 0 0 0 0 0 0 200.0180615426739 0 0 0 0 0 0 0 0 0 0 0 0 0 0 90.43675177098189


GFLOW: 0.288 0.1733037236343919 0.1745981513291952 0.2731574157648619 0.2752720968493741 2.942063710009855 2.941649994700445 2.836877163165998 2.835741284209588 0.002799160767985521 0.1512200022820897 -0.1226339828813864 0.02786928997574536
q-corrs 12424.15207732338 28791.20858428185 20650.6776444309 4146.793729413793 -638.3165352584554 -4057.783778826267 -3779.742106300923 0 -1223.226449569175 -3118.475763932701 -2637.223983516644 -2053.627144930946 -629.6724416897605 -663.0792443828487 -2088.614265116439 0 -153.0723900080561 -1972.58752361737 -523.9162408540683 -343.2571178149618 -39.28432159344425 -1026.396337999926 -1004.632626548452 0 -1097.910414395858 288.989370498377 -193.2844150062897 -41.19029494817403 0 -1748.395244918629 -413.2788918544492 0 -445.3241582538403 -1748.331845920584 -1086.280755647172 -622.0217493495747 -590.6774443835606 833.1982387985109 -758.6924703214053 0 -7.187659025931936 -1278.522369096601 -1214.485932147864 -1087.359769589626 -635.6790309651947 -2239.895970893551 -1099.482278811703 0 -106.1870697751973 -636.402330266577 -74.09327181737046 991.4990785996663 -586.5084496932699 -486.9507628285162 -1144.309753623605 0 -591.4909050007657 -1349.950700576918 -532.0040082482594 -1414.944698556385 0 -597.7148037282273 -1191.51718365433 0 333.3964602305243 -217.3791716792181 1868.481947927271 199.8571411646083 -300.0168585336547 450.5529225504243 -1691.935766895675 0 394.8239281340037 473.4090114425971 1888.420056959597 1255.44149441308 -388.2733083852219 -160.5655009155374 -1012.714561815955 0 529.0575779976135 1298.649087093943 401.5389713659036 -608.9375577512069 372.6143554778004 1325.033035982309 2251.781081981358 0 181.5579651821976 1547.790010335654 1389.242542749501 0 0 -504.0672134172312 652.2187898254265 0 697.5615668257788 420.2559803740883 463.844406219098 964.3617103091708 575.4342620429929 1521.553456655832 132.8846956401166 0 -246.241520754774 1041.674946920539 0 1164.221524071575 43.98598493908008 624.5143485106603 330.0809051808225 0 0 81.72706615488502 1371.613299762157 0 718.074186146815 -226.945925717615 0 0 0 -301.4685305101548 1292.351914824312 174.966782007881 0 -67.25551445203085 0 0 -55.44683661344317 1042.34809713843 0 0 -65.85148964212421 0 -283.4224537848432 0 -513.5372907634646 342.8793369829463 141.1935409798997 0 0 0 0 0 336.2318818663659 0 0 2.631484651671784 0 -545.3082768661425 0 0 0 150.1122004235112 0 0 0 0 0 0 0 0 -243.3009077009651 0 -88.30854946630161 0 0 0 0 0 0 0 0 0 0 0 0 -319.2753291119755 0 0 0 0 0 0 0 0 0 0 0 0 0 0 -111.797163368091, 4782.922769418732 10194.76442039257 5921.812992670194 463.5234437206665 -1058.677557807566 -3901.193811391835 -3026.731326111911 0 -901.212536290041 -2057.784416338704 -1506.454268765622 -992.578533691754 -301.9352521015928 -193.2808262684023 -666.2814664411277 0 -161.3461240964277 -699.9829033576266 -217.8186096517199 67.28412160487039 309.8478170304449 113.7969674818192 -15.64596655003561 0 -179.1274611417473 423.1048462904869 723.9360831888487 134.6118051649873 0 442.3166712697733 324.8802163431593 0 -84.72294645249714 -634.9810390225947 457.3455908990499 287.2643223541236 32.26571373909459 393.6315250797091 -815.5000417950448 0 309.65253515081 524.1294136725098 -451.8708162069488 -729.863723653438 -404.9171571535776 -737.7889386398181 -307.4860542346559 0 169.2371567296381 -800.7695922694077 1142.255049401552 827.6186275095217 -96.95903213173195 -203.2470857427107 -521.7059307936786 0 -845.0663561481695 -251.4731706809618 -330.9572536877625 -396.1130011894078 0 -512.0895333165381 -1410.987142676406 0 272.5712890231246 164.7026538120832 1862.163588752597 417.1742566921464 271.6074027490995 153.8589980424106 -761.4013571847998 0 -235.4381056299928 -133.2280021277111 1043.993463777221 452.7012266457674 -183.0595057465134 315.9454275907453 -1103.51729059427 0 272.3443188574094 545.6270217893148 614.619991467765 -807.4634114730252 402.1150374158184 420.5362125843822 1112.943579623567 0 -134.3465754732477 1123.68511545631 689.6874839055196 0 0 -569.9100626571185 -306.7364290705641 0 398.3434902156271 214.8138648591192 -185.5136632093257 882.2443871521502 386.9652292112946 657.4148761513162 239.5316748899496 0 -205.4484292824303 478.2867796216785 0 629.4793715544724 -5.753404703921163 72.75079646356795 516.2277085904756 0 0 104.3882009701611 1199.834845607943 0 330.1977899297136 78.23994288970651 0 0 0 -90.86870537025641 727.49584442559 -244.7672781599247 0 336.4174806467822 0 0 -17.12707342379396 490.3955179805697 0 0 10.70894900164294 0 -477.7669872810945 0 -149.1449108497017 181.9399539467652 -450.8791475983822 0 0 0 0 0 111.295241150517 0 0 -157.5736828323128 0 -719.9351223476326 0 0 0 -113.8461317750783 0 0 0 0 0 0 0 0 -439.6271189862909 0 -177.2573750468478 0 0 0 0 0 0 0 0 0 0 0 0 -392.3485990327883 0 0 0 0 0 0 0 0 0 0 0 0 0 0 -125.1577633863426, -114.3684614388769 -1141.113246166694 -2222.20048585899 -1234.171175195965 -856.1331283765456 -2666.797841734047 -1916.471443934026 0 -768.2081925283593 -1517.807936709316 -1058.430933558751 -351.4078987417557 -145.5152679509935 -440.7082714294194 -121.5020768930582 0 -182.2599000114821 -12.3330594406481 -235.4374145667544 -143.7209234737168 208.6313895142487 733.2745414689859 502.1186708735968 0 455.2644264361229 223.2762690328901 995.1158033865299 232.7103554589141 0 1478.662827203464 108.9781806327206 0 281.0560909839906 448.0517406396422 1207.719240387676 609.7508412584525 607.9502909823859 -271.1339637955504 -808.707091009891 0 -62.21570800188422 721.4923085274379 859.6074500573352 -396.0992095192738 -238.305463157868 544.1743732691079 -24.33823574422718 0 -47.65419063287647 -429.3001012552749 764.0062029918894 837.0203576574636 235.0598392493285 155.4371501906264 322.5238180571486 0 -638.9825232102535 -319.4885773203047 49.3274361472163 220.1368904237293 0 -918.1357140835727 -696.7631271517523 0 197.6695586652817 808.1512656721559 930.7288500248521 487.2610850856449 297.2870060609254 471.890334467844 -205.7467948972116 0 -548.6793288916872 -485.9649581234488 389.5014362502269 83.19227969897091 149.8903570614031 43.61072135899508 -338.7774202725515 0 17.39288020583547 162.4780076999281 597.6671435508547 -614.3575472016314 424.7352606095711 -291.0546220438995 -37.96574023484537 0 -659.3257696462888 1096.623155482129 21.34248747112429 0 0 -162.4363439024068 -475.82599591527 0 152.9406475489345 -508.0868401948844 -491.4975625002203 274.2702300842884 370.6817905241604 -174.0210441725912 282.5911932015053 0 43.90792621286386 -182.8222883918582 0 157.1345007501754 -153.8889343810426 -325.4007775571554 -60.27743014809903 0 0 178.0125070216164 630.9844562883181 0 -107.567644497662 236.0609306190962 0 0 0 38.05121603849864 104.6869391716598 -164.3806851548362 0 427.888992043249 0 0 10.30445720006485 115.1980055516794 0 0 72.72263770770105 0 -493.5670838009413 0 156.4895438335444 55.68305989959509 -103.5050369602262 0 0 0 0 0 -32.92125541217881 0 0 -458.3123975303907 0 -624.0736518393126 0 0 0 -66.33555234781548 0 0 0 0 0 0 0 0 -827.7524198668739 0 -185.4654572176865 0 0 0 0 0 0 0 0 0 0 0 0 -528.7975149361241 0 0 0 0 0 0 0 0 0 0 0 0 0 0 -131.8669983781437, -132.0755169529698 -390.2425827927971 -500.6451320561516 -327.8630482104841 -161.0861415767922 -694.5046376572329 -709.5254333372728 0 -387.7954680934691 -874.0111156501256 -365.2446060607131 107.7457707443374 -209.2663359785923 -327.2306608529912 -44.00141949692545 0 -102.0993279926819 -34.51462746040636 14.49687968645111 -108.1055817569531 264.2096551408274 511.9624444635335 -120.3619683918625 0 205.0302624287666 454.7989345354931 1063.669077430627 -186.4777684395991 0 426.111941306984 -591.7246903596343 0 412.3383768953991 400.9701044267071 27.44762206046278 -229.7321590264886 350.5379546818083 -312.4419285818911 -772.2373775775185 0 -697.6634848727483 -918.4643344299454 437.3131187029123 -113.8502847451483 -145.9696822581473 -603.4776476630435 -1099.520537722834 0 -233.3083422583426 -352.6255875317358 -815.6344588453787 99.37127682738361 -245.0181480284925 -1334.626842116766 -642.1345854766525 0 -938.2373544346476 -1024.777683086599 -61.83626540633097 -1066.740198560472 0 -904.3046899436661 -756.2468715456729 0 48.14989542229839 538.6468674065885 -564.2010131887537 236.2710200752533 -489.3279734100058 -389.1471322110716 -447.8721281594187 0 85.43592042084263 291.2173823012258 748.3823138869336 522.7845854366664 289.3406755661955 -1205.148737500034 192.7835491989221 0 485.6579121466842 789.3871269165174 285.6664623639405 -12.98939278636301 158.7387995763806 818.3253834408064 788.8181498583908 0 -664.7435621340976 1697.717665162065 946.0020664948959 0 0 329.6937064121532 -134.0996378829153 0 441.2953063984532 -198.6912008845835 657.3827364400584 600.5126868664564 625.2785807606706 314.9087974010513 -22.78962788644252 0 218.9487489201613 464.6311124291774 0 9.199848257263341 27.40881106383365 -148.6339395779993 218.8593115973028 0 0 434.8891695193315 841.7689076938334 0 61.44021254865754 150.7086773478179 0 0 0 119.7465923319568 185.0100323619878 532.0801068686048 0 155.8985400546128 0 0 118.4973402716256 617.9440856566182 0 0 154.2688332201203 0 -96.51343802692696 0 -147.4577771884884 218.9208724669627 778.8112173334346 0 0 0 0 0 209.2907967477784 0 0 -263.4701159461749 0 -442.987015058501 0 0 0 290.942536235407 0 0 0 0 0 0 0 0 -479.5544864103969 0 -138.5202688555152 0 0 0 0 0 0 0 0 0 0 0 0 -198.2547901687759 0 0 0 0 0 0 0 0 0 0 0 0 0 0 -4.822507700596518, 23.79846980098637 200.679739285486 280.2467325889354 26.15166105647098 65.07593841857903 84.92739511912694 -124.8699315642289 0 32.75790194766935 -28.82587403742585 88.60204231650494 332.4061847290405 16.02166336503043 307.895922485057 713.4576634491434 0 33.12154817796263 311.4737214255043 439.1098874865901 312.8289231872292 389.6813361370529 558.4814720466443 -332.5042643230997 0 178.3000136331193 829.2672807002571 1324.973425423 -144.2833686149879 0 139.4871189032431 126.8297246211504 0 496.9416359834311 783.1605917871027 -505.0832530925373 -123.3168263475904 258.9853003178599 321.363954893208 281.3485701401555 0 -90.8560893990652 -100.5434044968175 -45.42661189370546 42.66985502273292 478.0794685695885 -339.0064561165216 -441.8494355058288 0 -99.0863339183222 309.188511078607 -361.7251141357983 -268.7151982830222 -680.4180419116674 -1520.954835979078 -702.8189627528435 0 -342.5740141943693 -531.2108360831603 -56.2661321792258 -614.7410617879282 0 -628.8064254455882 -807.0868214107388 0 1.436494845997387 -134.0321714080171 -1311.50880306519 -379.3986325664856 -822.7543827657173 -1057.808979974037 -843.5020745807279 0 83.18977459946927 333.6842094003273 545.1904086117808 161.3164668500512 -153.8852087723873 -2137.033252232573 151.7763314898522 0 513.8610097563475 158.1311275527456 -265.1770838406508 -236.6538069665481 -242.5831196749094 1030.974298075123 456.3023430766311 0 -980.4590048960766 770.6948085225107 650.3116736995181 0 0 124.0386518292594 -758.1505814625795 0 546.9193522035272 -118.5438927277471 623.916300665431 893.0305605181102 516.7076223545187 -194.5361842553606 -197.4375238884338 0 -26.27710783340282 544.2045271484486 0 -113.7143139858266 119.2018455976045 -585.4945768229613 647.8438805561682 0 0 622.7008606731572 751.7460782556185 0 -160.3503853359153 -1.754880604465114 0 0 0 605.3795642199691 160.5013509675723 295.210783513666 0 355.6340493365637 0 0 212.5027417840742 408.1751553625139 0 0 119.2696374063874 0 502.2246937015603 0 179.4389163229667 302.0444339863157 255.6954835904937 0 0 0 0 0 259.1559519810617 0 0 99.53937920155755 0 169.7927931101785 0 0 0 87.69673870370302 0 0 0 0 0 0 0 0 49.00518045617292 0 -58.11368125767012 0 0 0 0 0 0 0 0 0 0 0 0 5.902925361927737 0 0 0 0 0 0 0 0 0 0 0 0 0 0 23.66561095438236, -0.7057235985098487 -49.22236142302546 -137.5249766158661 -128.0726792857577 -135.0309243329515 -445.4763560837004 -333.2074106542133 0 -153.409433003175 141.529281870568 65.49294457608676 240.2365785016865 308.078215429905 54.98674191580087 746.3906371670687 0 -35.17071055074295 813.7361414203548 -100.5627114135807 203.6698420890001 -71.18918869088191 -147.1500268806843 757.9870766931223 0 170.9450401032092 9.922040344838479 314.6268732541088 501.6825717320292 0 600.1225383337194 304.7166841321988 0 -37.56374911919296 142.4171759164554 -322.8678090615782 -490.0116601376423 190.8959851533691 745.4126548084366 543.3073615476426 0 532.0293131975393 390.2300627059826 -1157.403254862076 -94.89632730903998 938.5591209437271 -412.9059189007397 510.6782951436611 0 -191.636210671173 513.1525621432137 -667.1238812441783 -1142.535218090715 -969.8373507857623 -1559.992523193421 -704.2527726037972 0 -417.375022453764 -83.42527905755173 92.3237611949823 798.9868289709157 0 -918.0453048898556 -1632.537874066026 0 -72.23126648685486 -1210.607077633235 -1200.913748180509 -894.401804511212 -513.4593873543452 -968.2177220170319 3.639684280199162 0 -172.9878468995659 -64.67973242693918 -124.4294640575813 -1086.785957648763 38.39893078238867 -1433.03156148683 -407.1436047748862 0 149.1699288212698 562.4632899526455 -548.0387039502374 421.9274189359782 -341.882420896144 155.7957119943331 -675.3579728947681 0 -709.0177547941439 214.632108702925 -13.26513517768922 0 0 -432.6589167246277 538.24667327421 0 367.9702756839952 -500.9261765360969 272.3724590767757 378.7487751962968 30.78530217224031 -146.4353813131677 230.7847428379059 0 -418.935893707356 292.6052687075957 0 553.5031746145162 31.99384936250101 -228.2041963003866 372.6918220141605 0 0 236.3327053188816 574.73399697942 0 158.321977883986 -47.53845309291023 0 0 0 543.6387861141333 259.8625871075667 -52.96562709609788 0 569.3537771354834 0 0 67.66504104429769 158.51411513942 0 0 23.43333348335108 0 308.656617410843 0 288.8324984711517 156.8274173286403 -287.2854853795053 0 0 0 0 0 91.13061240029472 0 0 7.193444212082667 0 -25.42048478841821 0 0 0 -177.0437094682997 0 0 0 0 0 0 0 0 -131.0016587561572 0 -103.5532639887022 0 0 0 0 0 0 0 0 0 0 0 0 -109.3565617202437 0 0 0 0 0 0 0 0 0 0 0 0 0 0 -7.088553929585412, -69.26024585588613 -354.3828422481795 -522.5021441222406 -222.7746013435522 -145.3163567075745 -325.5180366807362 -52.9259646371961 0 -90.19316356338422 315.0645558693951 203.335179280329 261.4781528544976 330.4291602814862 49.13932028764019 434.7503423949565 0 -216.8654380377758 144.4297213427213 -527.1289491266833 191.7833821504708 -293.3003075268351 -874.1737362282902 821.2455263979025 0 -167.51048342948 -332.1063734505544 -709.0422455630128 -145.5640357492861 0 129.2577848968869 -865.8455714182132 0 -278.3198870023223 -947.6592230560138 -98.93763306581317 -691.1154993137371 -445.7962595329404 -266.1735547439488 -923.1636959437317 0 -150.4676509878942 -503.8894327188531 -992.3572267891947 -411.9090433906613 487.4637891197908 -1319.526308798146 -59.67999124936904 0 -399.9632670882904 -150.2839004383845 -1219.464445825248 -883.8876155779195 -183.3200536650659 -938.3479018055361 -8.436372036585055 0 -499.2484867179687 136.0193904348671 -216.5726263224057 775.5581119176219 0 116.1314749091248 -352.5242120514521 0 -128.8115910551953 -393.291903945172 -108.3788098787951 -108.9800111999054 123.1372008089287 582.3193038854499 869.2598024780226 0 487.833555672019 219.9324237387118 1180.382803272694 110.2616567324942 369.5917973437158 345.2491503158404 -231.9337207894808 0 359.5110627759767 820.6202131230903 147.0592620011555 259.9100780114916 109.8674630944357 -71.23199583849862 -314.2185494383123 0 -314.9961140185865 991.5806195094058 -397.8123633267039 0 0 -373.1100431495213 506.2644632078512 0 -38.58009477434348 -491.7388929224845 -6.105479782017881 -342.1633701719998 -32.01733549526205 -565.2579190712638 251.2592465627429 0 -647.0026074472235 -539.0412645223403 0 403.6197757013844 -32.88055865189271 -51.14565082168254 -678.1974202378278 0 0 -15.13723633472796 -109.3811391710152 0 -106.5299466503508 -146.9204540716441 0 0 0 -201.582188334394 -59.09857605230576 -317.5821488999557 0 -178.9001202117274 0 0 -10.72153741825817 -59.56803927261296 0 0 0.4007086477972202 0 -312.4260596260315 0 -82.3378367974185 -111.8754129753269 -377.9147088366663 0 0 0 0 0 -60.32620280236196 0 0 48.61644811620502 0 -216.0433476766507 0 0 0 -87.5294665619796 0 0 0 0 0 0 0 0 327.203656111373 0 -9.070076164284743 0 0 0 0 0 0 0 0 0 0 0 0 358.2864288487132 0 0 0 0 0 0 0 0 0 0 0 0 0 0 114.393055678825, -205.0910478037194 -866.7272046909096 -923.9340127026161 -219.2346979227719 -344.1920351887455 -174.7502175862111 350.6275081120968 0 350.1719626543023 604.3572621427364 128.509227973579 368.4450697114434 261.3187893902544 544.8156708442248 982.6047171721473 0 -154.8832057065923 20.46287255720245 106.2805936304914 308.3524197521809 -247.0134412052836 -600.2903760493821 127.7124898188135 0 -308.1610469371275 260.6850546192356 -212.6721426235515 59.63412189208816 0 -484.3940930078718 -983.8354327923388 0 34.87379802989412 -1132.700760019836 274.3334266288404 -739.9379555086434 -58.69478188925336 142.8433104599579 -1117.630772627464 0 -363.1065654813626 111.2329688171246 18.04119392833343 -251.7499541542005 -384.1465508083727 -934.4363922367799 -1033.850056763308 0 50.181937468981 -401.6436475563938 285.1349773907208 206.2082213246459 159.3504633033141 -798.7221132633774 102.221774469978 0 270.0981462384801 152.402140826426 -407.2610928296677 184.6615681862779 0 1190.096637720649 1672.287685095103 0 -186.9929503311636 -13.52138937826237 -262.447869952837 397.2424081171926 -373.3279284561297 785.6735012905601 183.148166691081 0 467.9279936141639 285.9097136940857 919.9778457799566 719.6982444591603 12.65820913848472 -120.8642135487965 352.1192186033729 0 243.9975498408537 -247.0343502545418 323.202856240694 -539.525726547814 279.0644807197272 -444.7960812428164 -867.8831703044631 0 -348.68785799027 458.0053628375292 -795.1503966775183 0 0 195.0718114959695 -129.0260171854852 0 -148.7425106514259 -222.0088958158754 -355.1692949167532 -938.6679343595042 -89.30855498854601 -236.5851399650638 151.2298358776497 0 -67.20660436700842 -524.246354115768 0 417.37319650212 126.6648127795874 47.23937563469849 -465.229038124568 0 0 -66.74718187437952 293.4697507788297 0 -16.81837607476444 57.09641001583528 0 0 0 -73.27988463200825 329.0010314303289 79.2831321542624 0 -349.7604870179865 0 0 -21.39951564991801 626.6616641449293 0 0 -67.63895091711473 0 -393.125492197098 0 -199.255287905771 7.088859896210842 33.61439721813882 0 0 0 0 0 275.3939992515396 0 0 -43.65532117172872 0 -502.1438632871951 0 0 0 110.9761587864323 0 0 0 0 0 0 0 0 103.5971056288834 0 -141.2918157070792 0 0 0 0 0 0 0 0 0 0 0 0 164.636160753219 0 0 0 0 0 0 0 0 0 0 0 0 0 0 63.15726015406806


GFLOW: 0.36 0.1258072619617284 0.1268446272454894 0.1882533507207187 0.1898282191311646 2.963456567079681 2.963169198188014 2.889552649276534 2.888689998497645 -0.0002987157536748687 0.1113929248766896 -0.09965711061461979 0.01264925825850314
q-corrs 6541.002011505937 17957.55016819356 15761.17932490598 4253.518146170009 585.9427494361191 -567.9193291033387 -1598.110417670885 0 -852.2281336686897 -2316.459774859962 -1933.799233410917 -1527.202209126481 -455.1629825561661 -610.1030607290381 -1590.425389064326 0 -171.3384253032951 -1345.131823081806 -397.0397836477284 -283.2001146605348 -19.29075058877345 -648.0279268564855 -552.6444623278727 0 -673.869730591229 121.8050254446383 -236.7460295012024 72.86391952146457 0 -1001.216356802524 -193.2929166161765 0 -235.7261959130424 -1145.105446365987 -649.7629703200053 -608.6720875037429 -435.0988613972935 622.7764644025259 -696.7733812704184 0 155.5921542040013 -766.4128853336567 -920.1267626986387 -736.5110528836638 -395.8159478696264 -1520.122303252766 -688.5146137480365 0 -100.3389878307368 -491.3441617924627 57.08810954677679 668.5244176682702 -260.4867272695839 -93.1189470624826 -703.3102654550281 0 -538.303084726082 -727.0824563153988 -209.4227773593086 -789.0138725342003 0 -344.711136915896 -503.626838021861 0 256.4533948540762 171.7328006020701 1167.045519640971 89.50189188113265 -5.215978774612466 235.9697949053089 -815.7200487716045 0 258.7783525750269 388.5624806158687 1090.725484637223 853.181804391023 -170.6753884227183 217.5167419774299 -584.2243731331137 0 303.7386873367423 816.2246613005325 253.0429195831555 -338.9071999900344 210.2210956654444 872.9550397407346 1538.935904889253 0 346.7984201040545 850.667492452162 1068.95634093851 0 0 -293.3768234397452 354.7848920712159 0 435.2807485255806 488.2571174546995 299.9840269164965 740.905597775094 390.2122495990486 1258.580892411137 -22.59328208227619 0 -219.7887980820646 653.3955237985388 0 661.4049026266666 79.7321730732606 256.2901825724847 610.4781414242576 0 0 108.14023826209 977.4510276387327 0 519.0894578486678 -176.4891971105253 0 0 0 -55.702993461446 766.7018370860847 162.2014988374635 0 177.9309203900342 0 0 -23.7855001873414 695.3257418948203 0 0 -53.2900315124702 0 -201.6385849911653 0 -182.594793443624 227.7764941348387 102.3430414646484 0 0 0 0 0 240.703620510124 0 0 -65.49231300622381 0 -362.7825483065329 0 0 0 71.8241811256714 0 0 0 0 0 0 0 0 -237.172306496388 0 -81.73316922068503 0 0 0 0 0 0 0 0 0 0 0 0 -218.9831306357539 0 0 0 0 0 0 0 0 0 0 0 0 0 0 -67.20297243277186, 2985.691157359348 7811.804731725628 6216.340368749898 1328.735905017961 -178.9112239845375 -1676.0445308364 -1794.895485241929 0 -708.6234921584808 -1712.970120738192 -1340.165557028945 -975.59489464349 -258.5256492853574 -334.6289110340546 -782.3300498664543 0 -145.6383013206043 -628.3221287551596 -182.6033087124617 23.28587154091446 150.8969742850445 -51.93402399280382 12.5417916215743 0 -185.2344026071618 287.0841992456986 401.6821989185437 159.9452076458202 0 181.0560517178643 103.8916068562101 0 -26.66843540237656 -443.6187991799907 223.9833302975775 -7.07663514026703 -28.74439312351677 312.7303808173804 -520.4845451321578 0 218.7854191658258 176.5637595037296 -374.3535708639796 -466.4345494000435 -245.3371717999255 -576.6939697864987 -206.999811748857 0 64.55445743204524 -398.8023676637516 565.3355702239517 512.5055116613327 -60.663544259673 56.85472419963882 -318.3106550798642 0 -472.0987520583532 -172.1384736833583 -77.08946653652387 -206.6500912327814 0 -387.7792451119883 -582.0649836367696 0 211.9543704106962 283.5728434628944 1160.274236695198 237.602252279557 215.2828779624747 223.3134136512086 -431.0484374767526 0 -89.09193193104836 13.93622433877161 694.4604832879086 390.5993089993422 -131.0931702436102 389.315319009217 -556.9951824743537 0 199.6070947830261 436.5872440832416 360.3196049756689 -433.6726143155038 250.6642248691113 325.5177741085802 813.4810660343088 0 89.89197571570926 652.5790830018175 588.1248042367658 0 0 -273.5169513722441 -141.8226573352827 0 269.2496791889001 251.5477591633957 1.595175104461958 617.8765055726589 252.04238310282 599.0036660979112 94.70857825574846 0 -143.0997922356678 331.5792726626411 0 340.6838766620448 18.74262527622146 -1.80147656349277 422.8564782048227 0 0 129.2383428683807 809.6416454825792 0 242.3842898122845 42.32961174801039 0 0 0 -68.73041678500556 432.1739681256798 -64.66312980205618 0 238.206656772103 0 0 9.114202430165392 395.3898632799261 0 0 5.771773997315379 0 -376.8332979120884 0 -89.46274956971961 131.2480775431765 -166.9848458706766 0 0 0 0 0 114.3922489778531 0 0 -203.7080430924632 0 -559.3561578366769 0 0 0 -45.9937183306067 0 0 0 0 0 0 0 0 -469.7557782836786 0 -167.5647644578277 0 0 0 0 0 0 0 0 0 0 0 0 -356.4160053240541 0 0 0 0 0 0 0 0 0 0 0 0 0 0 -95.5019816817566, 102.5246464021458 -172.2120429219816 -937.3136419540285 -704.3284323530581 -549.6851765123265 -1904.751538716826 -1519.762391151085 0 -586.5575550560169 -1191.076390548407 -854.9245618129495 -494.7659556772071 -121.0475162342459 -350.8204062631941 -351.7463127713065 0 -125.0436756282067 -126.194894458945 -137.7198014495635 35.59376953547671 148.3490485282784 332.6864174481569 362.9464388576657 0 211.2741367220574 291.0070742613254 729.9713763936576 138.1061727685236 0 922.7661701474085 22.77433163625369 0 203.4388405233933 283.2557997836101 749.9994638490584 401.1157067725479 378.3963501144872 -177.9742277733794 -408.8416222997807 0 -78.03338006569778 346.7685143897977 478.1045682364517 -210.4947551927598 -169.3823034970555 325.5840049829017 20.44649055967592 0 3.511148778320422 -252.1352863722394 295.3108045885011 377.2662540339827 107.243947347152 156.1867782910464 11.45496842655302 0 -282.3309304103997 -213.9835702897936 75.97059379392445 93.66211677491904 0 -627.989432205397 -304.3170174810626 0 124.2762529047839 518.9907976242828 589.5262602639718 295.3243933543502 144.2568096022727 298.7113172244517 -207.643636952754 0 -300.5528056653945 -188.8404358567077 408.0208025806238 131.8283209599963 16.76205081077401 105.6387978916495 -161.8607531550483 0 131.5359115480408 188.7425306450457 377.909078864907 -317.2169482516144 291.2294713045266 -48.61284891087826 157.400635581305 0 -301.4456675988816 754.7632750365635 254.2208937389868 0 0 -18.94113132459935 -358.0248980200927 0 141.9568430045072 -137.9541361515699 -77.39248774492694 343.4271198976617 234.1336372943484 37.19602385296355 196.2024679128562 0 61.49446801583865 39.47973926563608 0 62.21623745844209 -51.57968504006387 -157.0914639683806 42.40315202142682 0 0 165.5957423764805 600.1629286379496 0 -11.18818788285209 234.7956539067557 0 0 0 -81.7717970143172 131.9315171242561 -11.3758712927341 0 233.7997244977347 0 0 29.51900471357265 289.3046931754104 0 0 70.73530066392976 0 -435.6609907009614 0 -8.167215986517519 63.51990006763355 55.38166021179384 0 0 0 0 0 70.47333590733705 0 0 -354.5822456965802 0 -570.8945901294255 0 0 0 11.7263391612288 0 0 0 0 0 0 0 0 -671.4346009522892 0 -179.2684951911754 0 0 0 0 0 0 0 0 0 0 0 0 -423.7194424896052 0 0 0 0 0 0 0 0 0 0 0 0 0 0 -94.51640883217998, -65.97180743319984 -247.6505880416264 -403.2042183851606 -258.5890086432948 -152.3135122464264 -621.1999043260349 -590.733923394206 0 -301.2516718429858 -648.0332283245277 -286.7281503207788 -92.45723502228441 -131.5081937421606 -214.8187493796893 -228.9185139586002 0 -45.90072563722224 -58.20698410824218 56.70906091258752 -48.37172670824648 195.0678901818202 300.5408127100561 -40.14509799621302 0 79.08589755572649 350.1280118920364 648.3262500242761 -64.2373522278553 0 277.9421395344165 -230.2456324194606 0 254.397272428955 278.5590204672809 97.99071706595858 16.33056804244552 238.192381133191 -234.2227419978828 -494.7639755727763 0 -410.7069011469127 -558.4913730334531 265.5425627922428 -175.2529846297648 -173.3247380383987 -224.5404114385189 -526.2661423996313 0 -146.3709644719581 -437.0838485406064 -597.7620289799114 18.72354976704014 -117.5644038694808 -638.3901236984007 -573.3239391488499 0 -552.8087260499974 -718.0179907246143 4.757728851973468 -570.5799668087108 0 -753.8913888683079 -471.2242676197971 0 44.77674991849391 345.537287521338 -339.6612805405334 5.549931596333238 -353.1286494548625 -289.2794239956984 -452.1687098520962 0 23.7798919277646 233.6463459453276 400.0462974777639 342.3971317422777 97.26600311455501 -784.2936184679652 33.35320409155719 0 330.0458462697388 290.3214382414275 138.1689491090272 -139.6398819480148 86.00189318727774 563.1127210602043 567.6962596680144 0 -407.692298325522 926.2932808250459 614.7138959685587 0 0 155.3630992166341 -233.4959140162247 0 231.1640464806677 -41.77800799043652 402.3695898355786 549.3575587871901 432.1615833978929 297.0661469333796 106.9251494463527 0 132.9296685716207 293.109047184516 0 30.89145114103835 47.67170306048198 -86.52204307983396 245.373088087473 0 0 334.2411076582791 794.9003063252243 0 70.34154169676482 237.5706458645844 0 0 0 72.81418636370573 198.1077986924103 338.8080413448118 0 190.8858830069757 0 0 79.52017017169172 533.6807579022588 0 0 122.6047348608239 0 -121.4855979758534 0 -62.2939233983122 144.1021236042923 474.7376197519696 0 0 0 0 0 180.8285326152209 0 0 -185.5515663380896 0 -305.6645465873134 0 0 0 168.9989035658793 0 0 0 0 0 0 0 0 -341.4275259443987 0 -94.08792281348782 0 0 0 0 0 0 0 0 0 0 0 0 -155.8246785268262 0 0 0 0 0 0 0 0 0 0 0 0 0 0 -13.46681522548081, 1.150896388796355 43.55740391947713 48.4055460227662 -24.04491825109341 0.8721551527827458 -59.85860618992312 -129.0256639724869 0 -17.15378603451476 -69.8586238877416 92.88149900099381 175.8214875924855 -8.507032805118044 198.0129992949136 340.9143375747362 0 41.56590453420876 263.5411095454201 405.2108325712111 215.8407597359134 299.2370530734734 411.156678065232 -116.6638091327955 0 67.85934198677482 565.9447946970031 893.3234653171758 59.81270668895738 0 106.2867386004557 167.6621343131663 0 270.6227171215901 466.2896093750533 -245.5066679892876 -65.26908308812406 195.7677596986609 163.819419499192 84.98562020188876 0 -89.08796746202175 -89.47269833774467 -109.3390561660709 -55.93995269396325 215.6200784619822 -235.4016644105322 -269.4982904746763 0 -76.1094784588084 -75.08661935262018 -367.7827176886806 -254.5499894992964 -387.2900748450413 -928.7203000658549 -564.1434109599386 0 -370.2756250084589 -408.6875242059817 23.80582301590945 -331.009374263829 0 -506.8662132375564 -810.9948928718284 0 15.45417199184856 -173.6623331113757 -759.9552698607995 -357.7157854612435 -483.2246367596369 -817.7137153080321 -539.7946350895368 0 1.868990990635439 256.9321631181937 128.8890663950653 33.22534521803141 -105.1368020647347 -1400.136876649034 -117.6863424990763 0 304.1167226024836 11.7154033835188 -217.773007705625 -225.2530642480577 -219.7099412301232 662.4825344919155 262.2503212506648 0 -597.0435258696938 242.2187165756359 354.4676075173074 0 0 -30.08825757052377 -497.3712395187322 0 269.1336340040748 -127.2784897214381 353.2286479272881 563.2914768432532 350.9305161890308 -97.73794220254116 -30.00078569216126 0 -68.2954413528887 334.2898404735167 0 -56.41345738314554 94.55147544938501 -285.1594364352864 363.5761847197462 0 0 380.150117065015 561.6300137421799 0 -48.01943705737015 104.0177032429699 0 0 0 401.0155446195765 130.903033813334 186.1736058188603 0 256.2649497048565 0 0 111.0254592947178 256.0378750770909 0 0 106.6516477312626 0 316.1867888137328 0 125.7619037531096 164.2720226644033 145.4903988830775 0 0 0 0 0 124.0675956489144 0 0 68.33399418364914 0 90.49885123525117 0 0 0 28.95905995681411 0 0 0 0 0 0 0 0 31.40347042878039 0 -36.61579335116719 0 0 0 0 0 0 0 0 0 0 0 0 8.571928258745412 0 0 0 0 0 0 0 0 0 0 0 0 0 0 11.37131189529031, -26.76565033695357 -148.6000206838648 -272.2411063471313 -165.142747346703 -112.1577237042214 -381.4824905228519 -265.2663880983945 0 -94.69212083560824 71.78997591095916 56.77523550055588 123.1132919835065 181.7292589846462 74.54208170920725 449.6651098333978 0 15.17584575214472 587.5829791892712 88.2272991562967 218.4589360857038 -0.289912237133052 12.11642849578135 503.1019126723123 0 141.3318667267587 80.31369104955306 290.5903265243238 349.8414755492325 0 356.5940003257663 202.4478306231121 0 -53.67406117970021 97.73081926925832 -189.410177210051 -327.3792432848268 104.2154789030865 381.9621363640048 372.1435765608984 0 205.4678854820746 169.6488721914961 -813.848880406458 -18.64170320960702 541.1773846245856 -397.5077782775672 183.8132790509787 0 -101.3927454383028 231.8300364752346 -503.3119081894308 -777.538399127049 -562.9715035062065 -1042.335445391073 -453.7580996376078 0 -356.0035500379067 -88.02146789253848 70.74633639282955 386.8771618023791 0 -541.4907554872508 -1271.857145931482 0 -33.4940926340258 -783.2730667155594 -665.5425847926269 -489.4758538455616 -274.821017200736 -755.390154978403 26.93989163864941 0 -198.8151809354574 -70.31667524860697 -88.47425076882831 -605.146450372524 -113.2401392761688 -908.4126522585244 -317.9699347286737 0 150.264463085491 333.9146760365513 -332.3432640083238 193.3057199996047 -243.1107710148301 95.48143067191481 -534.2743532239073 0 -419.6931880862062 -124.110374925653 37.0211134451983 0 0 -232.2817295021283 114.5823592706471 0 220.6083288151038 -368.0305178013812 194.8496798783537 124.141969468292 12.21896461319416 -287.858286363538 55.16196395688816 0 -246.414348184688 254.5672782100772 0 171.4984772812943 18.69779708878947 -89.71724389220302 19.82598604204233 0 0 113.1129764901777 195.2163090044108 0 58.8815838098426 26.20460008487204 0 0 0 290.3528982993308 121.0511371658081 -112.6548451091069 0 198.9664522423707 0 0 36.81682252075162 5.683037682186686 0 0 62.8550424992647 0 191.6043880023975 0 131.3429823368456 84.72555547419742 -256.5799385087342 0 0 0 0 0 -0.42411272063827 0 0 51.47113057484213 0 -22.6765971734423 0 0 0 -134.8076401705511 0 0 0 0 0 0 0 0 11.93115272268307 0 -70.46981215433537 0 0 0 0 0 0 0 0 0 0 0 0 -4.68982147723986 0 0 0 0 0 0 0 0 0 0 0 0 0 0 5.828203459884021, -70.96149636782945 -341.2102176793184 -504.1092170505568 -214.8848832625224 -140.9396017330698 -348.1241685249581 -78.50170592673851 0 -26.99836528350626 288.3145199068507 65.80492707557042 132.7523684503727 262.4877334286092 101.5394299260464 458.6019881201577 0 -88.2636681123015 298.8840758118704 -242.3547379680248 187.1763444181892 -180.7878587033909 -457.2979721410848 596.398150680937 0 -45.78435879664774 -205.7830917993105 -539.0545027336107 -55.49846289504835 0 -62.33409285279845 -552.6795395679176 0 -177.4296837447626 -611.3865541260759 -120.5428662444515 -557.5837256494879 -291.2191673121537 -159.6923087482793 -575.9585942483227 0 -150.3452573366477 -396.5691648981733 -785.0528633115358 -236.5493538556539 261.0501769759567 -898.7573301418455 -99.86220361805138 0 -206.3246323586828 -120.4048977041094 -862.1843387093749 -585.3907276396702 -171.348448060375 -674.2720226297884 -75.0202837734245 0 -353.5987479916097 81.73440133640717 -68.64036208408477 434.7951643299763 0 -37.94673347657687 -165.1265720685039 0 -67.80285763958572 -289.0811662547062 1.374250668519863 14.99402682232844 -19.2908235614635 319.6165457990376 383.6620221004089 0 258.8151530049053 59.43350503732623 785.6526266954686 73.09895626880586 72.08881316986498 102.6646992240563 -54.22219918118681 0 238.5814861837915 540.0352598848124 74.76970513568051 185.1065308654613 90.57895032667264 -10.38717523945857 -349.606370384556 0 -203.2072052962963 476.9166086086328 -177.9706465410195 0 0 -93.9526458163612 269.9307421142394 0 13.83345855069697 -361.1772668943823 62.25839985284205 -288.2791637283216 -14.60643191949194 -362.3031173175638 108.9649267606073 0 -236.2717463584745 -223.5947159757519 0 171.3848854206346 -41.0616205925662 23.76178158403939 -500.262222638923 0 0 14.41455626193522 -107.2277002801474 0 -57.81673672158162 -14.84617058121135 0 0 0 -102.3771936883056 17.51327398355835 -224.7209529506847 0 -183.1256555609342 0 0 13.38882492619356 6.678209057735273 0 0 25.28444042702583 0 -116.8837986181825 0 -76.3131076427312 -25.10547856331723 -270.7424441002322 0 0 0 0 0 -28.4693923171348 0 0 62.22893826868761 0 -134.8890483261201 0 0 0 -78.95405885531973 0 0 0 0 0 0 0 0 223.7512343335458 0 -19.69398548922636 0 0 0 0 0 0 0 0 0 0 0 0 224.6438637532665 0 0 0 0 0 0 0 0 0 0 0 0 0 0 68.505421418962, -136.5780175196737 -588.2983046446025 -715.5621623545076 -228.3393459704149 -255.5169296113255 -338.5646886242676 89.94972022117275 0 185.5204046211177 383.5162598707059 -95.89124759406069 117.9490692472014 214.3541158371818 348.9611216182657 665.770750872324 0 -105.6706328986742 34.05401774061293 -71.65345137030681 214.7629696784378 -161.8086784686161 -451.4530819311786 233.3411980537478 0 -211.4094834847643 85.94301094092613 -306.2277321610002 -16.02359954895105 0 -404.2229545384652 -774.2742944152799 0 -24.95246714190742 -836.5637706475547 94.53351624050649 -661.9596111053147 -110.737282354542 66.64586668256266 -850.1845700132359 0 -285.8753967560645 -182.6929649012923 -267.0322868458941 -152.5629787255337 -228.7961493938807 -783.3617241027679 -667.0034468977328 0 23.80631270962725 -329.5515793144323 -43.32491572200072 -23.00974691816313 52.09777610283125 -540.5083280613784 -89.49982451058185 0 15.03590540502576 179.5788191195815 -235.7044079682395 96.53857935976635 0 573.376152581706 1144.22469692604 0 -95.9965407784165 20.195091104814 37.091168293452 315.3421668953875 -292.6030640165549 550.9226870947632 32.13308347082908 0 344.2607071489531 132.1062138058386 660.172286833058 515.7208680366695 21.68534901631503 9.980031943379743 294.4452702848571 0 209.6893476967264 -27.05848483478192 204.5579987462626 -253.8814040444006 241.2237572746362 -245.7067389053339 -505.5863429549568 0 -224.588230898534 344.2913081355069 -487.3876024448683 0 0 192.3312108581316 20.33749784204662 0 -158.0739571074471 -215.0681771729124 -184.1420738335207 -630.4139379656551 -38.46894458591603 -204.5528852069963 81.28138452014973 0 26.62276519945468 -404.0050152025231 0 264.2744429659484 7.153218840202616 77.07993325057114 -468.0572259871961 0 0 22.47081430377317 128.0317088896569 0 -10.53808785901757 55.33793266170742 0 0 0 -145.9403084986024 299.2605565990491 5.501741663833428 0 -292.3668017117468 0 0 28.7447909111709 528.104524667572 0 0 -11.66278853067986 0 -201.9687842770001 0 -172.3899318490696 65.85998727065711 43.47663442642605 0 0 0 0 0 192.6686676113905 0 0 13.53145477036904 0 -282.01153703094 0 0 0 65.2492745872088 0 0 0 0 0 0 0 0 104.9725765271381 0 -71.99314945729239 0 0 0 0 0 0 0 0 0 0 0 0 124.0135344000801 0 0 0 0 0 0 0 0 0 0 0 0 0 0 41.89501590993214


GFLOW: 0.432 0.09551094078309039 0.09638015064420294 0.1368992553688966 0.1381414952180745 2.974964302846603 2.974747909266561 2.920300084423826 2.919605970047746 -0.002108950955566184 0.08009671092899352 -0.07899042874360833 0.00286685346526043
q-corrs 3735.663810738888 11564.64357833775 11624.83705853309 3719.554751070124 1016.339519708187 1206.87130176302 -176.2630961339943 0 -474.4745265626305 -1494.75727713993 -1310.774818792376 -1094.366287594055 -322.1422492928198 -513.6181693018259 -1214.965569337001 0 -140.0353237998553 -946.7601430752201 -335.9428328475764 -218.2718498582217 -45.76410616341768 -461.6649707835694 -323.6498233340758 0 -419.9221660773874 40.32092816014417 -203.6010502436058 70.8781416225344 0 -624.0464170036282 -142.614621615641 0 -145.45130935655 -763.3266097418747 -420.6665983897914 -500.1661932105555 -287.5564194285408 474.5563074759918 -516.2828090540241 0 156.7124807832684 -500.3706048602966 -678.5967130153545 -485.4268598457132 -252.1458585838731 -1022.764209648627 -427.2076044847805 0 -68.73791967461082 -331.1958933382784 112.7426145120999 455.3142279205099 -120.6225262400558 23.17432243026006 -430.0225374147094 0 -402.8696481652804 -394.9029992620701 -69.63804368799261 -441.7820660130616 0 -222.6590014868942 -226.2427099557717 0 188.5107532969187 281.8691380664219 784.3286285553889 56.45572290920882 90.94644849312684 175.0266059481293 -396.521975775486 0 155.392496675292 263.7696983142028 680.1566042586657 590.8613531760966 -90.29077092691739 325.0019027120294 -297.043295983575 0 183.8268227649326 537.3190337634213 167.6073510493168 -161.5732640855268 146.6984008360055 551.8903444881228 1048.00476726638 0 335.1180344611696 496.1237104082904 827.1575414265285 0 0 -143.196473148332 204.2657924736316 0 272.8587999113995 440.8221449049576 205.316088010303 566.6770150522034 256.3982604489144 981.2798546890781 -55.91848118899416 0 -161.3705488139518 429.4968469847888 0 392.4350978762495 76.18753996068622 115.4658589551739 618.8747218966148 0 0 96.02502570546432 731.6200267106174 0 396.4945171093307 -131.1768666855982 0 0 0 5.086205558431786 469.0141843643682 153.0081266203604 0 238.2429927566519 0 0 -7.636529104183438 507.6531216519504 0 0 -38.61616095034532 0 -187.2575365328022 0 -72.43135051521128 150.1898150350492 95.2166164960048 0 0 0 0 0 171.8396050723074 0 0 -100.5903440169035 0 -295.3232818386512 0 0 0 35.36118480148487 0 0 0 0 0 0 0 0 -232.4088315121159 0 -81.57972620411859 0 0 0 0 0 0 0 0 0 0 0 0 -172.253638868238 0 0 0 0 0 0 0 0 0 0 0 0 0 0 -45.18335529121538, 1924.02629523842 5774.061655812006 5487.917925472048 1576.717749947903 270.0651179151156 -241.0175850457055 -792.4614357451001 0 -474.1788363357903 -1259.285108829481 -1039.475371502227 -819.6794120330915 -211.6872317515547 -354.9103137204169 -747.9893910154491 0 -119.7790823428707 -537.3762578376377 -190.7245228170621 -8.267767126718951 49.42573487537533 -123.1321400654376 13.94809611647139 0 -138.8644652817542 174.7647536876645 212.4851858680103 115.2590175812362 0 77.47760969627029 4.2602389958206 0 -13.12865292173085 -300.7533287623254 110.0398959740217 -93.97253722893628 -23.32100075052682 244.8044357855975 -315.5659088595407 0 146.7203737391096 33.10199436034301 -290.4633642231674 -281.3668570752235 -155.8500234176143 -402.1432401302234 -129.4863810051392 0 27.45961565503995 -202.1875541283277 329.1405229251857 326.873976254015 -32.90315450494575 119.4634120459119 -165.3699138234088 0 -263.4834705108899 -97.79650051121554 16.56433082367999 -92.3363691316639 0 -251.737608106107 -236.083645593109 0 149.9058328498527 296.6606183719538 765.7227625958999 156.7428031356845 175.003334107338 235.4496964934407 -230.3181547289235 0 -29.23389662414543 49.99108537867547 520.2764118898203 323.4307012368546 -89.31334406391122 366.0505709845794 -255.938450946028 0 142.5770676269618 354.6727546564744 224.4291175208542 -202.557458628952 184.1425598325856 240.6410832181854 600.034839437299 0 151.7290129635681 416.5221948428027 523.5390403944773 0 0 -111.3089899008513 -65.95268268241756 0 192.3509654837969 251.4176729497958 73.42952451609301 461.7240576906985 173.9038351354413 532.9612084039417 28.02272401100164 0 -99.39440010765696 252.4590803844339 0 205.7959723766424 27.65268848639382 -13.3838109301681 385.1260344803881 0 0 114.3391194396814 600.0842469203551 0 208.2225940334848 12.6750040317488 0 0 0 -61.02545639003796 279.6958819006217 19.05638278142197 0 195.5913730999341 0 0 15.4540332020984 337.4198220511474 0 0 4.149999046994596 0 -321.9243933200649 0 -67.60830738283245 96.19410620756898 -38.3655240827447 0 0 0 0 0 102.2551773564359 0 0 -202.6654671774332 0 -451.9130888135023 0 0 0 -15.83149961027366 0 0 0 0 0 0 0 0 -417.7929029975857 0 -141.1101301082402 0 0 0 0 0 0 0 0 0 0 0 0 -287.0285418108603 0 0 0 0 0 0 0 0 0 0 0 0 0 0 -68.76680889913786, 180.4286540941586 310.5445347744258 -137.964813743914 -308.8064802318502 -311.8992115577762 -1238.681271148521 -1100.488581605258 0 -445.2053719006724 -946.8434983863722 -691.5126301126141 -492.706974039216 -114.8291337826758 -302.681847828409 -420.719984954781 0 -89.76961910396167 -190.5132755592443 -115.1711603195019 56.4164066712214 74.56408374588457 129.5166829775517 236.542306788654 0 107.4535451405976 230.8104026620491 478.6547226409079 77.66959952706272 0 586.2864606901296 -1.782786680286506 0 139.158566969456 202.0448274507789 475.5359021678328 257.1952635711156 236.7541406221389 -120.6193453743818 -197.4944261284942 0 -55.28052536312369 175.6166319999658 275.5126802400941 -101.2131394345773 -114.9804324754095 211.1862904541831 30.40924596733674 0 11.9670204144564 -142.7651415048629 114.9252194120061 171.3888751029119 58.22947186345759 138.874191460523 -32.39529851123024 0 -118.2877146499633 -132.5950632203351 91.96330417792947 70.67229225706384 0 -391.5875297496295 -124.041763875232 0 76.54789327179401 353.3027548175938 408.3984928256124 189.168792332453 78.62861931287206 249.2364979808159 -164.9916709449631 0 -149.9130290272316 -58.2610014880631 403.5198998192953 161.4073943957953 -25.25437225715001 109.2975181373146 -50.75833120458648 0 134.0334547363232 202.1022165825208 238.0904794608767 -148.8329112030392 215.2466771558082 55.58173303208724 226.9578060340449 0 -124.5622651601818 536.3586872441243 322.1296300217361 0 0 37.48024905343649 -225.8184553405318 0 131.9838544919051 5.766583621572252 75.67061100474471 344.5259819162283 173.2367518267407 170.9325405551656 140.1467023762243 0 54.43321259855857 114.0250518543369 0 54.46819190364403 -14.40625290063888 -73.46062988468219 114.6494933616017 0 0 154.7554053969213 540.2510042397207 0 50.77427415338324 195.0930291281048 0 0 0 -105.732320254006 142.404002529768 40.0406092368643 0 154.6463524637097 0 0 35.15794939722628 313.6885058374955 0 0 63.0879977073885 0 -376.1516921944275 0 -57.39811267385738 65.57703720526598 88.28484250769768 0 0 0 0 0 89.94568462946006 0 0 -286.314368013071 0 -484.1266740086631 0 0 0 29.23254749629652 0 0 0 0 0 0 0 0 -537.0439247529002 0 -149.9051502711465 0 0 0 0 0 0 0 0 0 0 0 0 -332.3058069635646 0 0 0 0 0 0 0 0 0 0 0 0 0 0 -70.22806504120817, -29.17031882161189 -152.91219254947 -308.0442566632077 -208.6466134809293 -133.5746468366547 -542.0260778150617 -511.5382971455825 0 -242.7261620493381 -512.5094345115907 -245.9859473269198 -163.1728484783463 -102.0898817317125 -175.2205325314938 -281.4641805258087 0 -19.9794615995101 -85.92090308174284 37.06628829100478 -25.3333907185261 116.668668856341 151.6590865059732 -25.55629288104336 0 27.29966586837665 244.001185135321 409.676131323255 -20.46056213838833 0 179.2438875309492 -89.01286284992369 0 159.8000281340325 190.4187606068812 80.50153985807836 61.81066740640984 137.1000955450477 -168.9735694492373 -328.0558934813548 0 -231.8020764110481 -343.4339657579616 174.5088673574547 -156.2596830853655 -150.7546034788271 -100.1549338236202 -274.1330685855417 0 -90.86017427112162 -382.0037971026296 -446.5835579780892 -20.71787275475273 -50.72935018648509 -308.6180498526953 -452.2815157146127 0 -349.8896556584199 -487.5991105885721 43.76200636289646 -316.9320740873281 0 -556.6009401545242 -318.7933252380385 0 28.22160821768935 191.914830319036 -190.1456939202944 -64.03240357021434 -242.6332282846276 -180.5698220776402 -382.9107196807986 0 8.045140622876797 180.3269482027164 248.5618680201961 248.0653703476632 18.99115629703066 -531.8253121824774 -4.833862783100841 0 217.5687656960484 108.5748378166531 65.11970142738986 -147.534799289774 56.35035026975439 404.1361757190817 439.8835490686524 0 -254.6813541821404 570.1162559350839 411.8249943646919 0 0 88.46235869697162 -199.7153418569791 0 139.8207123872699 -3.173451106992111 280.2462573969923 474.1083997534408 305.7760290711925 285.6295872932786 149.8240049506715 0 108.1641115146493 202.6053622378609 0 55.44272271627307 34.94122542842585 -40.82146051418009 216.3712773449257 0 0 258.1731895878488 685.0641846953492 0 80.52978817169804 249.6177836346602 0 0 0 37.02825904106254 192.6366056965524 218.5465814388828 0 170.5464282140261 0 0 58.66187430478603 431.2612008718303 0 0 100.7981360088492 0 -124.2288259100282 0 -30.36330013534271 106.4043571746387 301.7096248623772 0 0 0 0 0 137.8624091803732 0 0 -145.2417038230566 0 -230.1467784616861 0 0 0 104.5863845788014 0 0 0 0 0 0 0 0 -265.9499858143942 0 -71.16388493307878 0 0 0 0 0 0 0 0 0 0 0 0 -135.7649723886747 0 0 0 0 0 0 0 0 0 0 0 0 0 0 -18.7224642424801, -8.317821945287051 -28.69511741151371 -63.06481486441967 -57.13268032767237 -27.04691694711882 -125.3184855845701 -141.6334950817698 0 -39.61925334713344 -84.92284765065901 58.4244857194887 82.38306253860765 -15.94100495384808 114.1100602525966 161.1699440332546 0 43.35809167726383 206.5112833359584 305.556168408131 149.531415766067 210.5320803798575 288.6333241089141 -34.28031711621973 0 40.16694653602991 376.8203168202568 614.2024389437554 107.4943460216333 0 105.5713752813674 150.7942725788546 0 152.3063773102803 271.0256379180586 -112.6363664146944 -19.8068969937828 119.268160661476 89.08119804202062 4.72919345261954 0 -54.13099420647061 -82.94027911970736 -106.144812324654 -84.36287070808513 72.6485524929434 -181.5358886428771 -171.9278325639222 0 -55.37405554198624 -207.8978964322206 -331.8385277388559 -210.394125205443 -219.9281759517781 -559.5561855076655 -475.7934218170251 0 -342.203014908951 -334.9633040345036 46.88466307725788 -218.9822931012978 0 -447.4119347134227 -702.863242233257 0 11.00777718322242 -182.0826513252528 -475.6387558331779 -313.5275896012664 -303.6027075968658 -610.2010152292503 -394.6059198898396 0 -40.1796959219535 167.1868190858311 -78.66720539281876 -7.193740131290426 -87.41260685931846 -943.6995474189029 -177.6036667408272 0 181.8760737555345 -82.88515323629758 -173.3958663640597 -217.4124490105673 -181.2391090160541 416.8557377638364 162.7988439325633 0 -374.6192897807045 41.51190599721562 185.0808145214241 0 0 -65.43697652301186 -342.2206975569636 0 130.0883281551602 -115.833184551154 194.5238200819183 376.8964858036823 231.9903544533224 -43.93826441187322 39.25960089126374 0 -38.59091308022872 207.1982604077315 0 -29.42519377198145 54.904744654429 -147.7379903964845 189.5773553763266 0 0 231.2837447294739 400.942521604431 0 -9.294127801630779 136.1568707531209 0 0 0 240.1825218795804 99.82746194677514 98.03053190122424 0 168.7141843762131 0 0 58.54050112655533 159.6409189254087 0 0 84.20840545343212 0 178.39624333775 0 80.86786815300665 94.70508552183908 76.33040620306052 0 0 0 0 0 63.07383928827541 0 0 41.87258979278117 0 43.04651645386971 0 0 0 10.31434904386824 0 0 0 0 0 0 0 0 21.58106671502335 0 -23.46862785253885 0 0 0 0 0 0 0 0 0 0 0 0 8.495537334651985 0 0 0 0 0 0 0 0 0 0 0 0 0 0 6.659994719318183, -34.80144072057448 -173.8859211894986 -288.3525511628372 -155.1748105333428 -95.84900368542181 -303.0099204566166 -197.4472957654071 0 -53.06703477937097 48.54152858270506 29.42061237281401 67.05703323824947 114.4052046936209 82.90099205379974 322.8968608999769 0 24.01837147568398 419.5391837252171 130.2517547501405 204.7645367954353 31.14125956446255 77.86908721956303 350.3517796999968 0 117.5594586943142 107.4153567924986 273.0812238013318 242.0637185808808 0 265.9578137635706 134.9085145950458 0 -33.08869248543699 73.61925725425291 -66.46677765008636 -189.4268384915003 68.78054336789877 199.0062553425912 237.862070848035 0 83.37113963265807 74.41570732639141 -560.5108450547397 4.288514848868829 293.8121959172009 -312.1061575870103 51.27786096598953 0 -51.7920666849252 65.18801455647349 -370.6969792772013 -532.9464078825697 -331.8596770038938 -681.829321209769 -352.547223806123 0 -308.2657729559414 -105.7141475127475 59.14959524616461 152.9033966820396 0 -400.385925972428 -962.3414725476068 0 -18.2124014174624 -541.321246022604 -419.5533972056995 -306.6158150049256 -171.5963232411511 -568.0933772983545 -35.78977969663552 0 -175.5498692271593 -79.4785753862694 -139.4966057881551 -376.1526307526413 -137.0300665174374 -623.5705606323074 -259.6150026617811 0 110.7455699908728 134.2056914533479 -213.0985246285586 54.565540615483 -183.4884298233327 43.06800465831881 -405.3896255392567 0 -271.1875748176244 -209.2971282216922 17.47848446775802 0 0 -141.9903108339345 -46.75961486221728 0 119.823591669396 -265.4269562969789 93.12196103290513 6.662105645052293 4.781015003480633 -283.6117175612587 -1.642256354204164 0 -142.0597169498964 173.670066091391 0 22.72337031655245 3.101293587981161 -51.48416058633185 -109.4427822487994 0 0 36.91913597483375 1.676028930694201 0 -1.911646737166848 29.39723184233477 0 0 0 142.4103396297298 36.21310431185479 -127.838228830007 0 44.55926774655318 0 0 12.05444699140329 -77.23993827510918 0 0 47.79580461953844 0 106.7600153268162 0 53.67273735764755 39.79433099211488 -212.4618811109947 0 0 0 0 0 -26.66668182129091 0 0 56.20703116589481 0 -22.57398095725441 0 0 0 -94.38851759288528 0 0 0 0 0 0 0 0 60.10797075003717 0 -42.97932082608897 0 0 0 0 0 0 0 0 0 0 0 0 36.42411604089236 0 0 0 0 0 0 0 0 0 0 0 0 0 0 12.60398309245572, -63.9479196087166 -301.4918560261995 -445.0757700193033 -194.3368984080766 -130.7319267655257 -323.4370388161869 -99.15110751009843 0 -5.542703525005869 204.154942178076 -10.29020293669144 61.26144692622243 189.0241712300077 97.30831344252481 392.5431655676382 0 -44.07650809113483 274.2931820363205 -116.4801290733812 175.6562060840614 -117.2091294829556 -241.5049317780478 435.0587733787938 0 10.94550775619649 -120.8991430244182 -335.8355932332731 -15.35369908953159 0 -51.57333832459275 -358.7453484704732 0 -116.254475683283 -383.8251832050371 -81.44813097582394 -408.9359199538784 -178.3500517082073 -103.2834977994278 -351.355977499754 0 -119.7585539842136 -301.5075831606106 -602.2464942849367 -128.337013796212 142.6929094520095 -635.9433880392153 -108.6051142181424 0 -107.4207631437826 -88.28010247167771 -603.0687811507241 -420.5564613903178 -132.2709014713369 -481.275049048418 -137.9636187676004 0 -271.5559557778715 25.61168875703115 -15.78003149026746 213.9320854928301 0 -111.92650107616 -116.0367145270618 0 -36.61317959242797 -250.9400650464919 -20.24379027374178 43.68909638036659 -76.42081494520014 170.4232144609437 126.7211581270267 0 131.9543248642541 -9.947586691946814 479.04101345408 17.08263549941881 -33.9248065862383 -11.86772119542576 -12.45537155196322 0 154.5152137939394 308.6400309593196 50.17244805352063 117.2619055229686 81.36134036473695 -9.93792985813954 -311.7235672159435 0 -145.668631887175 229.3722600358714 -92.27814374302461 0 0 2.802062490898471 117.6993805766712 0 17.73404422306415 -260.5641258995426 59.356221191656 -236.9477219278352 -8.873619437336714 -249.8432274703803 37.08453763875247 0 -83.13535291996514 -102.2222573144671 0 65.25942956351082 -37.67060113750986 29.06127344569208 -385.5123435190769 0 0 8.988736226330957 -116.5464560433368 0 -51.31128190208298 11.74712238404967 0 0 0 -77.93253043374852 21.15288910601143 -168.000464041575 0 -167.4191681168446 0 0 12.11138059673566 -4.902880298361882 0 0 23.06583240732854 0 -53.48321935401894 0 -63.42107194520183 -1.002664098738187 -199.7366637638834 0 0 0 0 0 -16.56686967565864 0 0 59.33994315751634 0 -85.01104925428739 0 0 0 -60.91767615643364 0 0 0 0 0 0 0 0 161.3970296893444 0 -18.45858220411521 0 0 0 0 0 0 0 0 0 0 0 0 148.818538555934 0 0 0 0 0 0 0 0 0 0 0 0 0 0 43.86875738757328, -98.20482904099777 -438.2190590658582 -588.1201049692265 -228.0995129986982 -209.0858421094855 -397.8800707725979 -77.56710790616032 0 80.12719294761121 193.5973515271839 -167.5473372598272 -1.647701770027624 153.7459521652267 197.041002256617 429.9486000077009 0 -77.0146339375174 23.32046027694216 -118.2590660679853 155.0968381725689 -131.7172801285265 -334.2261395060075 221.1281741930025 0 -130.9205366193912 -8.115830581130993 -305.8894339255009 -45.40760911980875 0 -306.7557160789614 -576.628399716134 0 -52.83871254707512 -593.6717431514461 -0.2044054090550276 -535.411158713894 -100.0387459158848 15.01487003825275 -617.3086395577395 0 -220.0176549837975 -270.0906171596718 -333.6885669850136 -110.2819476541991 -141.8212003506986 -629.7874415402989 -444.6259795766256 0 15.68990194517171 -245.9900669877849 -169.6306537042292 -112.3194021538315 5.767638626840565 -390.7185874503161 -177.1626214522857 0 -79.3184898835368 139.2433186462903 -141.4194979874013 47.83117837448518 0 240.2433019161011 763.678677688363 0 -52.34302976217666 -4.406116433591976 97.58508230928746 226.2079413276531 -230.090601898665 398.4745931143011 -37.13114441223559 0 246.6034403741915 62.44303017894163 473.3872149307688 352.9735858711433 10.06103376606504 53.90334400524043 237.354180556961 0 153.7510737729923 42.05548883019576 147.3732321264673 -112.6623542427551 220.3359438358559 -128.4335077014343 -309.5829309479302 0 -142.9120610849679 276.4887017358614 -300.0322526827846 0 0 174.786553898568 57.99281557638237 0 -123.438107594157 -180.3281936996386 -85.36424353720922 -423.9581424399725 -18.74412756876022 -139.8123347846435 54.84256373907127 0 62.54084617061139 -294.3643713510493 0 169.3181058079518 -28.62353513346044 71.57431469016043 -392.1535473902426 0 0 33.97049799402048 52.70566268712314 0 -23.18637023475758 56.86188109639589 0 0 0 -149.3264662980425 214.6716383684577 -20.33823439202821 0 -231.9052661543008 0 0 32.55289063823614 365.1563842816972 0 0 9.654186682603985 0 -121.9727498820268 0 -127.3433911409019 60.67966551230556 22.12513940186202 0 0 0 0 0 124.1682600215416 0 0 21.70805834216245 0 -159.6868828842934 0 0 0 35.2162074248652 0 0 0 0 0 0 0 0 81.27563374934812 0 -37.9835488271388 0 0 0 0 0 0 0 0 0 0 0 0 85.03409141792923 0 0 0 0 0 0 0 0 0 0 0 0 0 0 26.90509317443755


GFLOW: 0.504 0.07515982723442288 0.07591479048734803 0.1039476418601251 0.1049762391329015 2.981722532828468 2.981548479448632 2.939564333306955 2.938979526557631 -0.002092913238783604 0.05813479592894007 -0.06093974687185617 -0.00151882803907617
q-corrs 2279.055669082295 7716.806586322014 8558.38569586927 3072.694267115334 1086.947698879431 1958.380120638562 627.3944071794922 0 -187.0113806249562 -833.8002721845403 -820.0351355670425 -737.4367521751145 -219.7873549514887 -401.1612760471747 -909.4172105403447 0 -105.942332220334 -689.6899887923405 -293.2609180526474 -174.4826603789303 -73.51383149029306 -359.8914810266498 -204.1162848497773 0 -271.5931169679717 -4.91317289926528 -172.7876537990854 45.90443700672225 0 -411.6383477355323 -127.1879862036445 0 -100.6662544251337 -516.6434481739363 -281.5845805908032 -381.0741136774326 -175.4065987996258 356.589004269773 -347.3581225725411 0 120.6193445008259 -341.4297657638926 -490.9705927353494 -310.9832930094482 -165.1166838516497 -675.271018317522 -268.9493570672702 0 -41.12679985426384 -204.1106826123207 135.152787719914 310.8588088099099 -65.82169782893516 51.19780933449661 -244.6567913256687 0 -270.6523394459878 -206.7850860282076 -11.17011517616862 -235.8593598726022 0 -139.664449597353 -100.8667424476515 0 135.1065039656316 280.3648353019132 563.2562062371555 52.12976439362044 119.4953479616941 164.533374537725 -182.8620108926283 0 93.8774927975098 167.6311367508723 478.3718449382719 417.6613654339439 -54.65242538287995 339.2643683227358 -132.3470769146347 0 118.639728747065 390.1054461638332 118.0282151301656 -48.21603035117849 118.2473395070562 347.2307728991265 718.4351578703024 0 279.3475434636215 318.2257097564237 650.1874613737139 0 0 -56.51030735585006 134.1034074933565 0 180.6958357391935 359.8143960087385 152.7651143526124 425.0445262681773 169.2149321862232 749.3212300562581 -58.73266066672738 0 -110.0552509266358 302.385897212216 0 243.6230679351032 62.50494622107139 64.84647478470359 531.8495618245917 0 0 73.18418181880888 552.6164615836121 0 306.8740499185008 -98.90279193375231 0 0 0 8.91099558871116 298.2862876790726 134.8518650453055 0 221.8520821799431 0 0 -1.151658022062975 383.2878841312082 0 0 -28.30469831446621 0 -183.7780291332265 0 -39.39694242595807 99.74801246228182 85.74717813484529 0 0 0 0 0 124.6260444375888 0 0 -114.6283850010931 0 -265.5839296935841 0 0 0 19.10192618409065 0 0 0 0 0 0 0 0 -225.091886848822 0 -79.95559906008741 0 0 0 0 0 0 0 0 0 0 0 0 -146.5630203385647 0 0 0 0 0 0 0 0 0 0 0 0 0 0 -33.52151624120526, 1284.795088714826 4257.57732340468 4556.120121910743 1538.865225087049 463.8526844870124 570.3553589327216 -105.7431745467519 0 -267.7986931390436 -826.198278757942 -733.5567165633745 -621.1549811851928 -163.5930522315282 -317.3722764290255 -645.3008694862616 0 -94.34001855071804 -452.9291898213757 -195.6619856399961 -34.20050742949695 -13.25524000912579 -151.9419704158149 2.946529405213695 0 -99.74888721493002 93.48851236832832 96.23579542602062 68.80536218621043 0 29.64905413863616 -37.39836693165103 0 -12.39145348764723 -202.9264151743263 55.09275296539677 -103.9249354098813 -6.28177408728488 185.6608335385199 -182.0375741681078 0 96.19278039368442 -18.21067709243394 -217.6025562789704 -162.9783625417058 -100.5636854205327 -262.6157373740444 -80.1395324660926 0 14.72234892952198 -96.09479560157779 225.3667481982388 213.4989849424686 -20.28333409805431 116.2794839808459 -64.13929829068896 0 -142.8448143177936 -41.52823849276649 45.02829274097338 -21.23830953166575 0 -143.6648261010101 -83.43718698214295 0 103.1606138011832 263.3162541665005 538.7781355917253 118.1074649205851 148.9451701383435 227.6516905265778 -109.2933675626255 0 -2.041271987350541 50.63956992237045 426.2006740514285 264.1074328604313 -60.52797939508606 330.5453936205261 -99.259777550797 0 102.9985448187062 301.5651184990862 149.5734202562366 -65.72525642412765 146.8374277455504 177.6352015460091 451.5800344731549 0 154.8403044150084 294.6660646452174 465.4208707612146 0 0 -29.78163106105708 -18.18661615680628 0 144.4708334006136 224.7788960837561 99.17583373390529 355.2602233830958 125.3954846654329 463.7062244103273 -0.9894516584474786 0 -65.4870727668399 206.1561931269836 0 136.8320638928651 27.23712947566253 -2.389405413493343 339.9966165442035 0 0 91.5165529879812 467.3751233079657 0 184.1459099210709 -2.716942599729006 0 0 0 -57.75056748189593 194.0299013488178 50.13689217246014 0 163.3505377569207 0 0 14.93183067955773 285.3798635092873 0 0 2.300250016604926 0 -280.8320690840328 0 -57.48626807871579 71.05364657121257 12.49093077559382 0 0 0 0 0 86.20288858566234 0 0 -184.6323911372455 0 -376.6330934808258 0 0 0 -3.492059604462279 0 0 0 0 0 0 0 0 -354.8155663051606 0 -117.8928757301445 0 0 0 0 0 0 0 0 0 0 0 0 -227.6075835786618 0 0 0 0 0 0 0 0 0 0 0 0 0 0 -50.20911369369328, 192.7430448836707 508.7028287834842 296.5534328285939 -54.11921145558202 -145.3718238221493 -723.3426509775446 -733.6795445109342 0 -327.4746310691041 -736.2682850117237 -547.5933800416253 -433.3738830049573 -106.9089280672269 -264.8696029547398 -421.2892463326388 0 -68.15242551185295 -221.0325646630239 -117.2858025574588 32.0950546905924 20.01972259837101 23.280678605018 140.5598353562486 0 54.8666840914483 155.3039852007182 292.0874321222552 36.6537265371186 0 369.9497587643747 -11.94566178471266 0 93.17547189900787 145.6785539323744 303.5063123308594 163.998233191239 150.692085021906 -83.00851724574048 -91.30928578402155 0 -33.47348021432784 96.95412507879847 165.3744187895463 -42.89394000372799 -74.39766455531911 145.0927559539164 31.91434396376779 0 10.57809995842986 -74.50701337978505 47.72773201237938 80.51549263544987 36.18245746563295 117.4455231290789 -12.86077307903733 0 -42.8819213861189 -74.15798057175208 89.46166686942054 70.44656461738037 0 -225.8692359310559 -30.37778510545851 0 46.44967184161474 243.9329366204495 300.9343368875686 130.939992839733 56.8679628605733 220.8873069843068 -116.3387062150943 0 -64.6166922616155 0.9798436213634005 378.136994208537 167.3764280139078 -31.09548296949246 112.1527758287069 9.751635953412077 0 109.8726466432676 199.7776946821754 154.8430118326298 -50.86069982721298 164.8954898753451 96.25287214382297 246.2777388868489 0 -38.81011389735106 403.4402370198376 328.1637105709875 0 0 57.2715364397918 -122.7773217445599 0 115.7604551636996 54.65632137867946 128.3838194100126 316.7937643910334 137.3247337830991 238.3083256397254 105.5487092945733 0 49.64818904940795 133.2189278528642 0 60.25643682998871 -2.756245032858537 -24.11121883936874 143.0999894795224 0 0 137.9373855695932 474.9778659626203 0 81.9459706468886 157.2069994109395 0 0 0 -100.5298755825608 138.5617255530344 51.39701851500691 0 118.7661441882951 0 0 33.78678166359349 286.9891147549259 0 0 53.21169899201877 0 -318.0376913999475 0 -64.24577628469751 60.65773333018698 80.66403426800279 0 0 0 0 0 82.59415431065847 0 0 -232.5763634770678 0 -401.043652733505 0 0 0 26.8915831515768 0 0 0 0 0 0 0 0 -428.3474002194732 0 -122.483515745796 0 0 0 0 0 0 0 0 0 0 0 0 -260.5596196173505 0 0 0 0 0 0 0 0 0 0 0 0 0 0 -53.4400347986868, -9.232327094424733 -87.0267318202137 -220.4070959329361 -162.4255403676264 -110.8163614249739 -455.5587847596953 -437.0084260777069 0 -198.7958774096962 -424.0617881662981 -220.3521675370354 -181.9397618584028 -86.53323863207822 -155.2634717102639 -283.7883153620109 0 -10.83102909077672 -105.9462413641437 6.885254618873184 -20.6021119071226 60.33788818060859 63.32742615555155 -25.59108878971847 0 4.852814775625298 163.3263262189377 259.9532742597568 -9.77242341289667 0 112.3590257644511 -36.22281617521708 0 104.1759381017732 129.8047859363764 56.36239023061246 59.83251007159084 73.70150186959107 -119.8455537394195 -219.9342026169889 0 -128.5031664350531 -212.0724204290805 117.4949717581802 -119.7584143620723 -115.6439358568414 -55.41891580759966 -148.2984010712526 0 -57.9560120166206 -293.2023850373449 -335.1798533228614 -34.14402915526263 -17.53064770344112 -147.0797429652111 -333.9797563571923 0 -232.6539223365644 -331.2351440550688 56.26674090775007 -185.0946684428031 0 -393.6023169515504 -216.2969635417824 0 14.9463180978593 96.37769077999667 -103.1829470932973 -71.60400269338805 -163.4851457317077 -103.6516373346505 -303.2674120170356 0 8.430305379144762 138.989029665078 176.4297064504561 192.3128969513944 -8.067754765074113 -364.8630489048258 -4.727560022812099 0 144.4156690002969 47.65926780770869 29.89497913288128 -117.0555959573342 40.73675547257147 298.8549746505827 352.5301984671752 0 -160.5238321333381 390.0366704208493 296.6708443450858 0 0 62.40984573049906 -136.4121192824711 0 93.3846259061841 3.206949177352904 212.6170970591018 394.6074017831066 221.0769133716454 268.4930619529021 152.103280078125 0 97.87173537803244 149.8784323065821 0 67.36738847622394 19.81560716097882 -8.300985826347372 172.5095499256117 0 0 201.6187193056481 568.7769661497452 0 82.20525353211097 230.2846189995807 0 0 0 9.319868333778032 174.5702200344862 141.4979568492452 0 138.3281980891586 0 0 45.87945317082011 339.2999497254318 0 0 83.45116865887877 0 -122.7132750387866 0 -19.90219386754499 82.52753166707964 193.5961226291618 0 0 0 0 0 101.117060256568 0 0 -121.0550179758238 0 -190.0446596244862 0 0 0 65.30660467873267 0 0 0 0 0 0 0 0 -220.7973193750429 0 -59.25176906254715 0 0 0 0 0 0 0 0 0 0 0 0 -121.4199135586312 0 0 0 0 0 0 0 0 0 0 0 0 0 0 -20.32944526881937, -12.08476534608258 -58.71359894031026 -109.3707351327197 -71.8880350400936 -38.99988015815179 -151.9518206265303 -146.7093344013088 0 -47.54284503969166 -90.86781845449808 21.5372425394236 26.9206832138236 -17.77316666931373 58.19494293225078 68.96439008758328 0 36.71984743509954 147.0942644886317 211.548465907633 104.1030382942826 141.6395225021351 197.8168766765075 -2.148349434794227 0 31.7313845540038 252.9678286241278 427.1320502825442 98.52099450848362 0 102.2289931398036 118.4734744644238 0 91.80331707635385 163.0249328323736 -42.75005679378282 6.080244115316134 68.4383418352065 49.95876801184916 -26.11763932246652 0 -26.65056082191126 -73.02232232000583 -85.37479402413915 -83.1309775407417 4.947533907089181 -147.1598582816352 -115.6866672819959 0 -39.75846491186401 -228.381340672709 -286.419485299694 -163.8881562091962 -126.340620273165 -341.9359483382651 -398.1628029916665 0 -294.4718231918907 -274.8691564660281 46.17738789229355 -174.6638819172413 0 -391.5093967994515 -570.2153189339491 0 5.368307161871517 -176.0542943049402 -321.5769850597791 -258.234927645172 -207.2771377686166 -449.6801847465377 -313.9727944419748 0 -50.52991783594322 101.8696668707342 -160.5496289999452 -17.46547740329633 -74.52191640001564 -661.3582811173922 -165.523165575052 0 110.4142385552399 -124.7799914526009 -135.3371101353327 -194.9549217732467 -143.6314211874317 264.7456045170653 106.9136210313782 0 -244.8334554438229 -25.27089910835902 91.38398108008886 0 0 -59.97598346797233 -238.9752409710249 0 60.25780530353156 -97.54409245425046 106.3529250783221 258.297806820527 154.6990573208879 -14.94451543852288 61.09764599671639 0 -8.947929445922412 126.533530109352 0 -15.65729614945239 26.13044916145643 -80.73978427578709 89.7563429746555 0 0 145.1040440740111 282.8924412865912 0 1.796133751179426 131.0298370450923 0 0 0 131.2668017215069 73.71761520651938 43.6700115273385 0 106.5151868690343 0 0 32.61303005363389 100.9140349725549 0 0 63.47442601508624 0 87.059796516768 0 47.36740442282129 57.45125651986149 35.00842737936199 0 0 0 0 0 33.57347774761209 0 0 19.42079579545306 0 8.417723222163261 0 0 0 2.359929065967389 0 0 0 0 0 0 0 0 5.833130732850336 0 -18.060691687332 0 0 0 0 0 0 0 0 0 0 0 0 2.207033505059524 0 0 0 0 0 0 0 0 0 0 0 0 0 0 3.330753118801092, -34.22016606582341 -164.8420237522888 -260.9371354224184 -132.9186722018417 -80.47113856838598 -238.3564936271269 -147.7899680305496 0 -29.4431611181563 35.69794177300607 9.49320328362451 39.00801377715213 75.74099484480824 77.45116126304228 247.8899855530659 0 20.51108180794984 299.713758723469 123.1915713370255 176.5348032190324 41.16232663980036 99.41401228058371 253.220561567077 0 100.4354564247379 108.5479044790048 246.5679190176114 168.6541934044714 0 225.5774969296212 93.99004291342359 0 -14.05982214222577 60.67291202170856 7.311821135719384 -99.25116361183262 52.25783932782048 109.1420839836249 145.7660338959378 0 37.93185418448694 27.68011321453622 -380.6420618176262 4.895788481789467 149.0425263545097 -235.5879259504036 -3.405991487257591 0 -26.88955858858103 -24.71235484682052 -280.4177703567909 -368.3761447506007 -201.505485232582 -449.8933666430645 -301.2997611631066 0 -266.845050326937 -114.2599541491044 44.47433456679708 22.1922705098747 0 -338.5600470349829 -726.6377045354552 0 -11.21294470486198 -403.035253773085 -299.8772323521249 -214.5410502954171 -126.714865585995 -425.3399720088441 -95.55919601237819 0 -140.4632875649948 -80.34557672871256 -182.7502851338874 -256.8818975118709 -126.9703232381484 -459.7022196280714 -213.8464994318658 0 72.32508779237399 1.680042513625331 -144.0796668064181 -29.21783309140033 -141.121069399792 9.057167741264728 -307.816614175587 0 -188.9702132939483 -218.1468950742776 -22.05658116749612 0 0 -96.24778873094793 -104.9744959413495 0 56.78220920757393 -192.9223588171187 21.16278543714381 -44.12677012995728 0.2578390804115926 -245.7474486086823 -22.12521998838965 0 -86.69651157565933 99.18042391098869 0 -34.04853262046946 -7.667939779669155 -44.38242701570965 -144.8113346702978 0 0 -0.5753044800674019 -84.46264175421486 0 -31.65721373166012 11.9729519906176 0 0 0 57.27234911023351 -12.06583123304239 -120.0549652140637 0 -16.31623117808936 0 0 -1.044227573945243 -107.7415422043531 0 0 27.04083068017128 0 50.54432055325704 0 16.16937009559694 13.4199664620292 -168.9563736540851 0 0 0 0 0 -32.04522291081808 0 0 46.50915262981037 0 -22.96658463599065 0 0 0 -65.96962541105469 0 0 0 0 0 0 0 0 66.07681426816484 0 -25.92585469860928 0 0 0 0 0 0 0 0 0 0 0 0 45.30484940495101 0 0 0 0 0 0 0 0 0 0 0 0 0 0 13.41311275253497, -54.67798343650345 -256.1367942546931 -379.379672346538 -170.2376348882826 -115.612809563304 -288.7811888488696 -112.2570959890913 0 -2.994095231352627 124.738414325634 -48.50640683387918 18.9638784986122 130.6015513932989 77.80888428517012 305.2842265631019 0 -28.71916053769372 206.7894464088743 -60.23540695162374 154.1243310382521 -78.0707783835152 -127.7555536106068 318.982942421822 0 34.40192572566652 -66.86006768078207 -189.0388340713204 0.3165536133121947 0 -7.723089056948112 -238.6913743411755 0 -76.27065547224579 -238.9216779709194 -41.21628733571183 -289.0634356317333 -101.8810221645098 -65.48709590873878 -219.0955367765125 0 -88.89358157513695 -228.3670635306656 -449.6884208958564 -70.91200640481352 73.45670294646246 -458.3087861301964 -103.7179898124684 0 -57.03293416311617 -75.52365890908203 -427.2909187878919 -312.3107990973288 -100.0837968352814 -350.4255000032782 -169.042892149751 0 -221.3627862555151 -10.57025339437295 -0.3428372728454718 81.34717521045121 0 -151.236685732216 -116.0774813380754 0 -21.23794378825051 -231.9579563254086 -53.43467071276434 38.56318963573775 -92.12227487377611 82.82665611289639 -9.155786912212079 0 62.42792931629653 -42.03339656096371 270.4127328111496 -21.92247160195581 -69.23420718472552 -65.94273245101942 -15.37809008537792 0 98.40281406457581 150.6553773086318 37.04336422170008 54.57537528126707 67.04466171034557 -19.96548463570358 -264.7614678504326 0 -113.6704607942592 97.54872178922977 -71.21349612262759 0 0 27.02342475348026 28.95223317591524 0 10.0896032125839 -190.3126416618875 33.82467144945744 -196.2868407152663 -8.755401819919825 -194.2095157273101 -0.2132462380074571 0 -30.89172767594462 -59.65192404471854 0 12.47817853454331 -32.9526125496173 15.81505745176022 -302.025952876105 0 0 -3.824489590356819 -129.1848644442528 0 -52.31445613191488 3.835258735352724 0 0 0 -69.97136177481347 3.345214963960139 -131.9063396782466 0 -142.4776463720487 0 0 5.580538561733427 -30.65302072262116 0 0 13.15654840108303 0 -33.69720856135135 0 -52.01195765028153 0.5302218022898444 -151.8755874999239 0 0 0 0 0 -14.47536208425845 0 0 49.12448530957155 0 -55.33544318177662 0 0 0 -45.46150271930757 0 0 0 0 0 0 0 0 118.9431706597481 0 -13.20542956986252 0 0 0 0 0 0 0 0 0 0 0 0 102.7962965667941 0 0 0 0 0 0 0 0 0 0 0 0 0 0 29.30848156308809, -74.71756125674551 -343.9114217786177 -492.0804718690075 -213.9292614879959 -175.1222736999961 -399.1025919694082 -163.5548517561647 0 16.36070115515903 61.84389823443739 -184.5614588097669 -60.09120799924366 102.3533584288347 95.07402459777509 256.0170278037808 0 -59.67553525344302 -1.458317757089446 -125.3166615526339 108.0950299835987 -114.5877402783931 -252.3432532916361 179.4279761483264 0 -80.32563691209555 -50.00208003149256 -270.0179552134966 -54.88771980306191 0 -227.4466461395096 -428.3083695283179 0 -57.91726096636576 -418.8957883750946 -41.65271842096177 -417.2568154709165 -80.37256297305805 -14.22440335320621 -448.6717518655063 0 -167.8183304571123 -274.2660894143651 -312.742457441013 -83.59659547818057 -96.16966553598185 -492.3576940446738 -309.8628943779584 0 10.4420532630314 -186.4366313814825 -200.8483384946689 -134.1320126934102 -13.36122629908311 -289.9090483791858 -193.9220238932723 0 -107.34420398585 91.85550810922641 -85.4296072417021 17.17933357327527 0 69.98917175966402 495.0416414332398 0 -30.83791395967496 -32.63027453886188 87.15738365837086 158.3690654347642 -177.2687255261501 291.0532568043655 -69.46333007115069 0 173.0798547290427 28.3779780596693 340.5133631299621 237.3921782997393 -2.94925627072368 53.97971584611085 180.9008683905829 0 107.8807863384498 52.32836577313324 112.2542229354077 -49.63111677426141 189.1246840596935 -66.37707326444206 -198.2496040619758 0 -95.35374865934155 220.066502889771 -188.8967836603794 0 0 146.9139136870422 56.51112971298338 0 -86.27471934181935 -139.7330120157916 -33.59926194059886 -287.6773673156674 -9.48059983603838 -91.98794028287323 39.4111463472576 0 67.26984423133095 -207.6331535740742 0 108.2159898694355 -33.33128734664208 58.58818764698221 -301.5965654454999 0 0 25.93159618890358 13.4367440508901 0 -28.29443614055331 50.69036359873856 0 0 0 -123.926233212287 142.58187784798 -27.51261325975506 0 -174.6080124712533 0 0 24.7133378385085 231.5747204515235 0 0 14.01627722089839 0 -79.07958600745756 0 -89.2461159869621 43.45311369440363 4.878770630407622 0 0 0 0 0 75.90600105228042 0 0 18.09534496868567 0 -92.71115423430197 0 0 0 18.36016210382835 0 0 0 0 0 0 0 0 57.34219344137745 0 -20.29729981984035 0 0 0 0 0 0 0 0 0 0 0 0 56.09474913704383 0 0 0 0 0 0 0 0 0 0 0 0 0 0 17.04446644710812


GFLOW: 0.576 0.06085852387386763 0.06153240523095624 0.08169402805193635 0.08257846513361974 2.985998207183959 2.985851147761291 2.952386686934412 2.951876504709009 -0.001179836267756612 0.04314055769977636 -0.04623806966393582 -0.00288872238485702
q-corrs 1468.81544360077 5330.498353158749 6370.322285746697 2488.123380006161 1015.291757951343 2173.898347932894 1026.395378195518 0 5.9642822431344 -357.5734480184856 -458.8393341059973 -458.5519923271933 -142.1517504387615 -292.1634103879897 -658.7814516045205 0 -77.91148154404229 -511.1032401384699 -252.4279072940298 -143.3652738463283 -88.45380058152907 -292.5296483613545 -137.7728688974744 0 -182.6856617849245 -31.03147797785933 -151.7078910725211 22.66380907589242 0 -281.6016779490253 -115.0835595169544 0 -74.75286312840782 -353.4794995343681 -191.2271683510018 -281.4551493392303 -99.2764371831091 263.2344013156987 -219.0828197623712 0 84.61963377939635 -235.8096033667166 -351.5741227962725 -192.4448766996304 -108.9527994171827 -436.7111804353522 -172.5784834003685 0 -21.35121928143039 -113.5352110717733 142.9134532497731 213.25456227415 -43.57587893951985 53.1482031302649 -117.6934791459329 0 -166.2782452108153 -94.85684921192833 13.13077414926393 -107.7842564288206 0 -74.04599206147934 -35.70446701888756 0 95.79970953309203 246.1322144661405 428.4649938314583 55.53849563081641 125.0650480274058 165.9321383665689 -65.65098306745912 0 59.77100201842994 105.4305927509886 377.0953624416493 302.5649221227557 -35.05586150847675 323.2753328765864 -41.94927224653376 0 82.31328868222545 312.3289303950596 88.44972602224537 22.39476202916875 102.5521353130302 219.8493845111377 498.935137675444 0 222.9700109853853 226.6933478202252 521.7176964171856 0 0 -9.464945895564796 102.3364752357998 0 128.9470873652884 281.4372578508256 121.9049540210901 314.9598849793374 112.8928052993978 569.485352746188 -53.7046972071098 0 -72.60193670569373 227.1915406368551 0 158.2775023656783 47.90014951326754 47.46044004473799 425.3567653090881 0 0 50.8720781866581 414.8582103808593 0 238.4092197508841 -76.6284191866759 0 0 0 -2.377171845087133 197.008881352928 109.3343621692032 0 181.9393403498931 0 0 0.5383686851816201 290.382757250052 0 0 -21.55542399874055 0 -178.7640203766269 0 -31.8320908456683 67.20343005418474 69.23806697001989 0 0 0 0 0 91.5520600454272 0 0 -116.7729749139715 0 -245.9583330479475 0 0 0 10.72070061235467 0 0 0 0 0 0 0 0 -214.3924586697224 0 -76.20143112992946 0 0 0 0 0 0 0 0 0 0 0 0 -130.2149176565141 0 0 0 0 0 0 0 0 0 0 0 0 0 0 -27.08002496232427, 888.113433629613 3172.782776139714 3699.783253344898 1390.006011875987 523.3100067421566 976.5822492363252 316.9325879307983 0 -110.8461477303477 -473.1022527186828 -474.3252753679086 -433.8292729262645 -119.1818405695432 -257.3970069712266 -521.3109351351159 0 -72.7095349633388 -376.1759984294926 -188.6069383192491 -51.34285689584893 -47.80538429835919 -158.9108836181027 -9.486518967316627 0 -74.12923884771234 38.72349437649551 23.46673532338596 34.07677940177643 0 3.356524449456373 -53.34891213476914 0 -14.08080603667187 -138.8627664286031 27.02041864964372 -91.57521314456295 7.1862758754447 137.5109120304641 -99.07109221650202 0 62.08355695327211 -30.87492844888996 -160.0841290276247 -89.73825154897504 -64.76773116691325 -163.2071711864348 -50.24703582647928 0 11.05338456349537 -36.17142056481414 174.8829592888826 142.6686604072785 -15.10936944825843 97.17019453442673 0.1716422310026147 0 -70.04540667508087 -1.392914623332715 49.56573654692097 24.28227059421493 0 -65.12508060845011 -9.566752446488472 0 70.65695125153965 220.6695399179013 402.0848524679633 97.75907420624301 131.4817740157205 212.5129051308277 -34.8236065891932 0 11.13587603739422 44.17699746566724 368.0664446353431 215.37452065857 -40.0736081776286 298.5450752627722 -18.78166155104743 0 76.94869831453505 266.7370153193499 106.5779580276604 13.75659935940259 122.0799186771783 131.863741669469 346.4275346248036 0 139.7500162378859 229.1592362704121 410.4396825308888 0 0 9.947255286677205 14.76980823054283 0 113.471116226848 188.9792944388446 105.1049405861343 277.2336459264152 92.68310109621211 395.4059791852737 -11.3006245809586 0 -39.96105231802027 174.7495741781852 0 98.55169662881417 23.02516739655732 11.85142570571967 286.5611198052414 0 0 69.98490417916651 369.774222755813 0 160.6671698648536 -8.456601179685279 0 0 0 -55.43607992885619 141.6450551836759 54.2425212731348 0 133.3675688376029 0 0 12.3674516578419 235.2712132214899 0 0 0.855925007941007 0 -245.4140722490046 0 -51.18577100607399 52.81471988453904 26.16817865322848 0 0 0 0 0 70.05803942188066 0 0 -162.732550907809 0 -319.8496796124559 0 0 0 0.2856875610159193 0 0 0 0 0 0 0 0 -299.8686344316426 0 -99.56452750276813 0 0 0 0 0 0 0 0 0 0 0 0 -183.8376920812818 0 0 0 0 0 0 0 0 0 0 0 0 0 0 -38.21524031218966, 178.7762073589781 560.7340345396351 504.3406548924371 95.82909010923174 -36.04634866574398 -352.7772580219342 -443.126093743245 0 -230.8631331956068 -552.5944168995896 -420.6782520258083 -356.376666504742 -94.51199275729746 -228.5399511006683 -389.9843613121519 0 -53.87277387440872 -228.0510843525686 -121.747865880651 2.74594410286241 -14.65975290799261 -34.1361749591657 74.04705172815221 0 23.81235239193377 93.81554085188033 164.3226754238007 9.531923841909844 0 228.1214511451673 -18.89014823003926 0 61.48114075265418 102.2593217574904 194.19090723811 104.2376863853064 98.04137112954734 -57.90924154697461 -39.86685333441893 0 -19.54968443011481 59.30640289251089 103.3072051727548 -13.53425818131423 -46.37059900965225 104.1264469072929 30.0446826840352 0 8.399767308503362 -33.5571957500834 25.43723266289285 40.18582676324758 25.09500752222479 97.10471689627406 12.37243398223382 0 -7.111990401755762 -33.82944150829223 78.39489634438738 72.83831612083304 0 -117.4370811212084 21.68804234965091 0 27.92239161462727 173.4840000475835 232.6295748485443 97.71907898825307 51.04945974270853 194.6326737654724 -73.40385997233069 0 -18.17293982915914 28.34462488916974 341.9582901262953 159.4051445993391 -24.42688832837232 116.2160266683353 40.13988892248828 0 85.50186091403387 189.5930044985556 105.5524467566951 6.116004760861088 129.2443731676805 106.32388547688 240.2817501454435 0 2.535759881614297 320.561256193043 309.2851952609769 0 0 61.75993023836615 -51.05238800772602 0 97.75286925196039 65.6546470986778 140.5343231023128 278.8956916701071 111.2731211058327 258.9465601538039 84.32908945125739 0 47.902823713895 130.8435494860071 0 64.0274169965017 0.1110500922427491 6.243969597288702 142.9435166708807 0 0 118.0649016843287 408.8459982266411 0 92.75612163183858 127.3249799628747 0 0 0 -88.25620434782635 127.0177432588369 47.0939936873262 0 96.72588882331689 0 0 29.68376290790711 245.7395337510726 0 0 43.65741460808916 0 -266.5200636342422 0 -58.47026119664149 52.59846929228961 62.30196257735211 0 0 0 0 0 68.61515107686802 0 0 -189.7306679407605 0 -331.6804981314267 0 0 0 19.57382169508963 0 0 0 0 0 0 0 0 -344.4032550795102 0 -100.7737980334601 0 0 0 0 0 0 0 0 0 0 0 0 -206.9193277553734 0 0 0 0 0 0 0 0 0 0 0 0 0 0 -41.65078955723644, 1.517434829198749 -41.04203049498126 -145.8614300603792 -120.2052800648803 -87.33325096776215 -368.4650386082455 -362.9915998866139 0 -163.1940885885819 -356.6750834650979 -198.2522659734545 -178.1116459580508 -75.177615644151 -140.4295132001487 -267.7669728667906 0 -9.255207948692089 -118.5441626295956 -19.02733303231346 -23.06524135663303 24.15497743959437 12.25593981337284 -27.9907125555705 0 -6.169971936771958 106.577132651909 161.8351237949139 -10.5783151166144 0 67.81902402602877 -17.88363164792486 0 70.28533419924184 88.63633266133202 39.22812546439 49.37342682940147 38.38842880841186 -85.19921904621734 -148.858068412393 0 -71.16165568351605 -130.8902167455022 80.77637747232149 -86.54345947387623 -83.51821922106878 -35.2177645037075 -80.43869177007571 0 -38.25704270683267 -212.3059039583979 -250.9111721283252 -34.60238122812391 -1.307745760182549 -66.23726702446697 -237.4830447398309 0 -159.4699759800041 -226.1146873939281 54.90288486555014 -112.2512832770607 0 -273.4820055719025 -142.1577666267502 0 6.633969461403344 44.13647556474569 -54.86478202425764 -59.84577062966417 -109.7699692085776 -54.57178811798265 -232.4262206089977 0 12.93418657879508 108.9923376592678 137.2222982730026 154.0540761860893 -13.80109515332015 -250.3784053080308 3.709756339570426 0 98.32397083677114 29.5988090978777 13.67567279193948 -81.45268654839589 31.22628464652634 226.5365443159712 286.6490519600151 0 -101.555009708673 289.5492408875149 226.8983077765216 0 0 50.63191099467424 -78.93884059549839 0 65.77738366201413 2.379402586579985 169.5492196233542 321.9326630786338 163.3224995349433 244.3633583182723 138.8179452361353 0 89.64604775226732 115.2240797533133 0 70.15760263939912 8.761923329875909 12.85059081512667 130.8998410949714 0 0 158.9441825191532 463.7115385747331 0 77.48115466109117 199.9131298490507 0 0 0 -10.18963704550259 151.7131594367698 90.93484196244887 0 107.1342456608111 0 0 36.91640403257037 264.4294173159737 0 0 68.40454557732822 0 -119.3583093871163 0 -17.73730163559253 64.91170308634798 123.0518029792471 0 0 0 0 0 73.43234944309553 0 0 -104.5274922318439 0 -166.8955447552067 0 0 0 40.04868101109229 0 0 0 0 0 0 0 0 -190.0324205818824 0 -52.34831426404273 0 0 0 0 0 0 0 0 0 0 0 0 -108.861135313155 0 0 0 0 0 0 0 0 0 0 0 0 0 0 -19.85937178493655, -12.94425430915379 -67.45318465129844 -122.1514345007327 -74.75630185246669 -42.77404332031948 -157.8930070885145 -144.3773596978085 0 -49.00964649612723 -93.37986624162339 -7.138895196306436 -5.784817392327454 -17.90425061498734 23.2287751837225 18.52672477496412 0 26.87799718653071 95.30951532271251 139.0868138051965 72.31541179230292 93.15959338351334 133.3403260260213 9.720905734163026 0 26.39945983814744 172.2623372417821 298.3068335500378 75.41988640707184 0 92.15713972458849 86.73827525299765 0 59.6952986965836 102.9749532186847 -6.999188020581556 17.79967673769596 38.95033144893561 27.5058458478931 -36.44135546618134 0 -10.91585499373755 -61.33023891376263 -63.15138549692189 -72.23942059143212 -22.92562541730439 -120.3997594660561 -80.98691756549796 0 -29.26631445146656 -206.9295289874192 -242.155402366208 -124.5652745094248 -74.10320041980438 -215.3695478685729 -326.4637367621704 0 -244.2700212486298 -223.2543772562338 37.79986576206704 -150.6741636051187 0 -333.3730365638057 -447.0930431491623 0 1.551575962132531 -162.3948101775454 -233.6044993868524 -204.874615402827 -152.4736251756619 -331.5390967897287 -259.6989613470363 0 -45.84582556886608 60.68134108719947 -178.7379204914795 -19.08107533148361 -62.66082683880906 -481.3124386831133 -136.9529497820495 0 68.38941698195217 -135.33341133387 -103.874897105816 -167.3092372684872 -111.8007917750226 172.7665727269529 71.68993425695901 0 -167.0340148358544 -42.08118963352173 37.67744368599922 0 0 -46.1625226742805 -167.8881326845619 0 24.68827734047592 -80.11029152283179 58.64660521937961 178.6184566725988 105.6650477053458 -0.5536507775266486 62.07314418425368 0 8.626833503884583 75.03535535269209 0 -7.355096645404274 8.484822465547531 -45.58752153647202 33.50481020986844 0 0 95.71331335845635 200.7821382128793 0 3.755206639109538 112.1499648514117 0 0 0 61.8938465643557 54.63582251984805 12.83766080956577 0 64.72387856565604 0 0 19.84463577419145 65.99644620157748 0 0 46.94118880580794 0 28.05108480832561 0 23.59335610414739 36.55114614009851 10.34906335717829 0 0 0 0 0 18.63573418635994 0 0 1.683077548921604 0 -18.28840493936815 0 0 0 -1.944463596649346 0 0 0 0 0 0 0 0 -11.52855514937056 0 -17.09782071368107 0 0 0 0 0 0 0 0 0 0 0 0 -6.451996032028326 0 0 0 0 0 0 0 0 0 0 0 0 0 0 0.5739000091828466, -30.37439238725692 -143.9415592906065 -222.8474309126019 -110.7711189274826 -66.93707964940084 -190.7582461792238 -115.8297521997076 0 -18.1219042210306 23.27876458875452 -2.973823968443131 22.73980734386108 51.6050739662639 65.4520514235402 191.7515507401299 0 14.44518271556046 214.5939874281322 102.4002834350279 145.0228090040006 41.27348168039121 99.018571525127 188.0748704710063 0 85.10289273529686 97.59531358692283 212.1357801871528 118.5081299916775 0 195.1019638167079 66.96969857020052 0 -1.784907047165184 51.22869460844736 41.57198240231195 -47.36260165417928 41.97143898666374 62.99650048322038 84.7198249095959 0 19.45794761413963 2.534604337606737 -257.1970791188187 -1.450463621705268 67.838048485222 -179.8564130535314 -26.35317591584846 0 -15.22212990908058 -68.53200207236991 -221.8677254961991 -257.9602804921989 -127.8022084413536 -305.8093242482635 -263.9283157873843 0 -229.2540079030023 -113.6614981589671 29.54385244716224 -47.31746534727046 0 -299.5867894643965 -554.2512030406815 0 -7.657929407551258 -318.3869656286159 -235.4865450529187 -161.2744682184367 -105.5019109349489 -323.0190151871314 -131.6705922866952 0 -108.5610963736402 -75.92097919529583 -202.4698863267658 -189.7390620968762 -110.1440685593116 -358.1261720802602 -178.5466718181282 0 44.0315658822786 -74.40126401264067 -101.7345362506719 -75.62223349898844 -110.1611670973035 -10.13321084474606 -240.6560540104716 0 -140.0569401478256 -205.690059701166 -57.73689885378755 0 0 -71.43841351928144 -121.1813612193775 0 19.93992706817762 -143.4939342599084 -20.79122221470622 -65.73114909599025 -3.211247160060907 -207.8519211559905 -30.56924967250876 0 -58.86724132629935 45.5134434376225 0 -53.2229526591647 -13.69733449420028 -43.9401830108698 -144.4751266534752 0 0 -16.43190949399777 -116.3829820721551 0 -43.45396351275102 -5.7892724316048 0 0 0 9.474581687240686 -36.1393818942781 -104.5252713269743 0 -38.35648889689947 0 0 -6.553714488148637 -110.6135507896403 0 0 11.5021166080961 0 14.59312412005879 0 -2.165279458438462 -0.8383850404625761 -132.9784599512232 0 0 0 0 0 -30.38624205847633 0 0 33.20254130150149 0 -24.86628370501812 0 0 0 -47.22966111480793 0 0 0 0 0 0 0 0 55.05966486506711 0 -16.65516733132397 0 0 0 0 0 0 0 0 0 0 0 0 40.20123413054471 0 0 0 0 0 0 0 0 0 0 0 0 0 0 11.43571726955036, -45.54966840843527 -213.2116321616216 -317.9763305019421 -146.5502316121487 -99.38942588756751 -253.8289721796573 -117.6764099322426 0 -7.223108415967427 64.10304386706166 -64.77440676444039 -6.027921043688396 88.24732357668415 56.53710970095369 224.3077351321178 0 -22.65559690260112 142.7999535498484 -34.84786056653292 127.9946572422857 -52.40482296645894 -67.28726102876918 234.8855710631613 0 40.57860200978111 -33.97508898012528 -98.29840171870222 4.585399146583054 0 23.93111603640664 -163.781364899931 0 -49.25837956594528 -149.462121259082 -14.05647923788891 -201.6770370521793 -54.72722248916644 -41.25543219048376 -144.2175641425109 0 -65.04835678104384 -175.4938742196506 -329.8178354038081 -42.89120285066839 31.80972961872546 -335.5978114870271 -93.82304628891367 0 -31.3248377711755 -72.33107123816811 -311.7328994573322 -234.6802288909128 -77.44014732877592 -261.3829783746036 -174.6464378095722 0 -185.2798453299668 -30.25504506726322 1.73872970113964 6.873738718097229 0 -168.2544374844916 -124.3574343362552 0 -13.32759823782548 -214.2510532962814 -74.31134127656927 24.68449221121336 -90.59808790713096 30.82798896391067 -76.33128427552094 0 24.28994712093195 -55.4395910046557 135.1092035583861 -44.68365142160997 -77.30522086166997 -89.77288212814128 -28.32704830685755 0 62.0295383614645 51.1520332296934 26.97919627054268 6.522629888409625 50.35608551206096 -29.24259130467911 -224.9743103086824 0 -93.02334799994668 20.57199208368149 -73.0994398454834 0 0 25.01797635106625 -21.36957629652498 0 1.803409339308075 -141.5078676531537 6.719295513009669 -165.9521865511684 -10.91122607351895 -165.6230525876272 -20.6994890326071 0 -17.15750544142129 -45.61460108364344 0 -15.36205493575313 -28.33462281550795 0.6715654951503964 -237.5196729058752 0 0 -14.82420468636684 -136.9173390997998 0 -52.16819091011639 -11.65843893629591 0 0 0 -63.28617762481247 -15.44994376266972 -105.520088729179 0 -116.462412110515 0 0 -0.1757507023395135 -50.24622803468078 0 0 3.452067461891909 0 -26.70249043334297 0 -42.03444502022811 -3.65764351164939 -117.5298771602143 0 0 0 0 0 -14.95336194377054 0 0 37.81578953894422 0 -36.9673165765727 0 0 0 -33.95909093661152 0 0 0 0 0 0 0 0 88.01956267863852 0 -8.139434979992751 0 0 0 0 0 0 0 0 0 0 0 0 72.8972649913289 0 0 0 0 0 0 0 0 0 0 0 0 0 0 20.12683767102957, -58.76176356826858 -276.5013281568595 -412.2070455959892 -192.0604055756244 -147.0663984090258 -372.7758288243016 -198.8055646227071 0 -20.21791252426198 -20.75620205358403 -180.9641619780056 -87.60358699097326 64.11426409727792 31.06284599303806 134.0938392587685 0 -48.59653688063404 -28.13828709473412 -120.6090343899365 71.66199055682056 -100.3901183710892 -196.968997660919 136.1646147279257 0 -51.92145001305875 -63.3875857412857 -227.8035381416843 -57.3395886525567 0 -170.247047320051 -323.4167191952329 0 -51.71944616588775 -298.1806861804309 -54.34551142559442 -319.6314711174655 -62.9580684594289 -29.02626771186384 -332.4656965131711 0 -128.3875453147898 -248.0743938941291 -263.0539863867169 -64.93503749353016 -71.48048972254564 -379.8671924534291 -224.2278865372071 0 6.191934255507906 -146.1009270480678 -192.7808132238785 -126.7995613777261 -20.39150680291556 -217.217245398196 -179.664873869658 0 -108.4859062968975 54.10832141521676 -51.38713646236204 -2.079921957103053 0 -14.19460678652444 312.7427539330235 0 -19.33826262008655 -50.74224693910894 63.0766095641919 110.2510786864415 -134.8168895351828 212.6226330619003 -82.9297005845148 0 119.6171325896003 10.74631067832973 244.1457016710923 158.1538532908946 -12.66347133179919 39.11177704602451 130.982077835839 0 75.62397717704889 42.3835943267751 86.28575344396199 -25.02056020706676 153.5766847481444 -35.85682495928094 -133.5724692610896 0 -67.35047775930184 168.5034908354685 -123.1147763061314 0 0 116.4766516685048 41.77614276961527 0 -57.79332049157703 -102.9698091011264 -10.78449355769203 -198.8484428612485 -5.136146286276407 -63.1228265331281 26.5503867980337 0 57.80194192245561 -144.5394744415582 0 67.62045829376004 -27.84599357664736 44.24086951313457 -220.1157796259978 0 0 14.7705776670818 -9.410867995733401 0 -27.11469431551976 38.40757064968851 0 0 0 -91.8097823353549 90.39843294980332 -25.65227194636789 0 -126.3219601095467 0 0 15.85960647954225 139.2403868707661 0 0 11.60463291490503 0 -50.35486740948234 0 -60.37159493801951 27.91867218914511 -3.340270847175141 0 0 0 0 0 44.8488635481815 0 0 13.89540339709779 0 -52.98407605322987 0 0 0 9.565201050257723 0 0 0 0 0 0 0 0 40.39586204151443 0 -10.24702694247633 0 0 0 0 0 0 0 0 0 0 0 0 37.3407897381958 0 0 0 0 0 0 0 0 0 0 0 0 0 0 10.91260598769464


GFLOW: 0.6479999999999999 0.0504201617722317 0.05103396844223484 0.06600367789786224 0.06678590658276545 2.988874004499186 2.988745278764739 2.961359709598681 2.960903007348885 -7.374070215405669e-05 0.03285815406639178 -0.03484241956465474 -0.002898469586700539
q-corrs 991.2562191566184 3801.196671612218 4816.719934198899 2006.567090420715 898.5387126916005 2131.448852423577 1185.40025020763 0 125.567136274435 -36.06362550491227 -204.6324873897582 -250.8307059531374 -84.43868957683617 -196.4020925295547 -456.0079883007016 0 -56.09165315585328 -378.034864640023 -210.6620873766296 -118.0258783200474 -90.7719536327442 -240.0885858169688 -97.74794408505022 0 -127.1943263581351 -45.10577180986903 -136.0080416056939 6.034426509907767 0 -197.8069232228621 -101.8316217338876 0 -57.82857822028811 -244.1750035823206 -130.8765688969885 -206.0439878259071 -50.96985761825651 191.6571759249365 -130.055392933854 0 56.94600382174377 -161.3175526002231 -250.3991209055866 -113.3628032467054 -70.98036568481822 -275.5663709742294 -111.8990243799074 0 -8.011219093433526 -52.21011439841936 143.6107462956251 148.1761705741462 -32.40519553331437 49.55887553219176 -32.39595696629021 0 -90.63836218956723 -25.97576143567341 23.22131024956407 -26.42405345847054 0 -21.8884700461084 4.140202491445319 0 67.74122467922805 209.3939324161194 342.1955732421985 59.40178156906561 122.4345262303124 166.6713528995198 1.980414608360718 0 41.31806169455906 68.44022383658104 322.0011830261324 226.0793511313625 -22.11846040405884 299.1923158245665 7.378227273807035 0 61.41918817277501 268.0679488819704 70.16695461563059 64.51340886098178 91.92926297512753 140.5458451130685 353.1565756373088 0 176.7626739339862 177.8905508646617 427.1679788716796 0 0 15.3953310863509 87.31456880140611 0 98.80526551482129 216.4436475755971 101.7999653787576 232.5666951824515 76.10698717514049 434.1731653938073 -46.51965192866039 0 -46.80133433909232 179.5024876741903 0 107.3837143941736 35.13791520044005 41.28288264000936 327.3888104687366 0 0 32.59976714756844 308.4741721271178 0 185.7596413670708 -60.65505136702119 0 0 0 -15.55377797579134 134.4526360036947 81.71950637940316 0 140.1434131620157 0 0 0.2173002176285621 218.0714593122052 0 0 -17.00063887789771 0 -171.0700950421563 0 -31.7797156498598 45.99307547559837 49.11669222562515 0 0 0 0 0 67.53244834023508 0 0 -112.6592715342891 0 -228.4495602809922 0 0 0 5.126939891389171 0 0 0 0 0 0 0 0 -201.0240739241289 0 -71.16132668090631 0 0 0 0 0 0 0 0 0 0 0 0 -118.0166398315243 0 0 0 0 0 0 0 0 0 0 0 0 0 0 -23.23492614217244, 633.6442922100916 2400.92475175421 2988.58456842058 1212.149975354097 517.349800201429 1142.751719059208 553.3392342081436 0 -1.054366035607742 -209.0418140101697 -273.1772106032024 -277.8299933618631 -81.24571120574664 -193.3996115241801 -399.0400427424198 0 -55.08369969066645 -306.0117009924238 -171.4647076453392 -59.1836776629163 -63.22060764396873 -153.3677995630728 -18.63161523935207 0 -57.97643502623576 3.866819645899668 -21.28224444154691 10.90853375814083 0 -12.57587655650875 -57.87522555771636 0 -15.35769855217976 -97.50602358265462 11.90352869053632 -75.76540067785081 14.88677792782926 100.1598938501839 -49.26238228974763 0 39.4223180542091 -28.27613849205972 -116.5105692111584 -44.83813617227052 -40.92521521826933 -95.61123078545883 -31.52406745555619 0 10.66384202436943 -1.566367555936928 147.2306606172537 97.94960210902249 -12.11723266213278 78.86965648434884 40.2065690309842 0 -24.556057937794 26.34457685904477 46.54831009408581 53.60093844720042 0 -10.15503651459525 30.39888878185987 0 48.56035524735766 183.7047632294999 315.9245758469405 85.44231402557676 118.4917136940496 195.3044888191975 11.64893248158718 0 17.67907422966844 38.4676336334318 326.4884360787535 177.28400461565 -24.89060555290317 270.9578045249393 22.68428924331796 0 59.95231215935155 241.4857104544914 80.62871395237862 58.4384829747225 104.0993992548209 98.54831037107353 270.5778221435194 0 121.0234726636208 191.5926781337399 359.4688079765692 0 0 28.75802249540967 36.67764562699343 0 92.26126212375424 153.832634181301 101.8881189565752 217.985965425162 69.38430167403766 332.0964496254895 -12.8422673195312 0 -21.6331550558851 150.3747873417054 0 75.36722816398705 17.88632058093698 22.7986235583445 232.5573233679552 0 0 51.98705869965451 292.4373077485512 0 137.453524901321 -9.178314158603696 0 0 0 -53.56222567039306 107.0613696390296 46.08629648273724 0 105.7565058978728 0 0 9.470217521465262 189.0311341581174 0 0 -0.009147194081057464 0 -214.7336019204842 0 -46.55707101562935 39.49898244827031 23.29669204772713 0 0 0 0 0 55.41306248115345 0 0 -141.8642264262268 0 -275.182520979995 0 0 0 0.1279994551765764 0 0 0 0 0 0 0 0 -255.3626801872392 0 -85.16907905416514 0 0 0 0 0 0 0 0 0 0 0 0 -152.3155610244409 0 0 0 0 0 0 0 0 0 0 0 0 0 0 -30.45272703732547, 156.6722065553978 544.4503483717559 583.117319953958 176.852437105639 32.13047566952461 -99.30225732346697 -226.6799567490907 0 -153.9793920215074 -397.2444447352644 -312.1537964214965 -279.6181392821137 -79.49403914254951 -192.3292773965547 -343.5660794875706 0 -43.48822902817878 -219.3699778936849 -121.7124700159199 -19.73720738181785 -34.48408454354949 -64.92018401165231 30.6030152549483 0 4.049899165069295 49.7623767973333 79.61291179634468 -7.706713304739338 0 134.584200038286 -24.44497048346945 0 39.89842026717717 68.94057254602217 124.0923536481486 65.41355178278877 65.02266832874024 -41.28530722048348 -16.11595272853992 0 -11.96218764676106 39.74972600807259 67.01445001777802 0.6442833820981662 -28.02358615250425 77.60938215398853 26.79684200377156 0 7.097013898638675 -9.74023516183766 20.60771779462194 22.15705950682799 19.14346597311813 80.03009538338421 30.7655452045851 0 10.7107573150512 -6.677824856553642 65.66283487311863 74.00302093466574 0 -48.74603101304245 51.15410460033011 0 16.68096219736427 129.9618037110509 187.5843028590742 77.3487480853339 49.46216347085006 169.6774275169439 -39.03476991640472 0 6.339553543071801 40.52184441233503 303.0683082882693 145.5765012835777 -14.86814972938701 118.6847189660803 54.12406922259659 0 66.53617861328001 176.4094928088695 75.66460669650665 38.3110044697827 103.3538256512191 102.2429569822231 222.0903987108419 0 22.13415751591521 265.2993158655735 280.6421292545905 0 0 59.87271332678272 -4.170402896932316 0 81.04171448862266 62.5570586186176 135.6376899951234 239.4106391678339 90.57757560125823 252.1454147997426 70.44688497372266 0 46.77891618320963 119.9933924005716 0 63.91171781540295 0.2432506777959382 24.17479035502679 128.4894224193758 0 0 98.38521950957141 345.4607345175041 0 91.81058794919858 104.3012701161041 0 0 0 -76.1809240599449 112.3636717869205 37.35548590912688 0 79.02134236009698 0 0 24.96776158452789 203.5507342138572 0 0 35.40358945022152 0 -223.7390273431496 0 -50.65174839049951 43.98298111478933 43.24692148658973 0 0 0 0 0 54.65520397413513 0 0 -156.0491399390826 0 -276.6007509994235 0 0 0 12.27266668139058 0 0 0 0 0 0 0 0 -280.6475751569206 0 -84.06771381184876 0 0 0 0 0 0 0 0 0 0 0 0 -167.2432319030102 0 0 0 0 0 0 0 0 0 0 0 0 0 0 -33.2505513581616, 7.30435332909029 -9.190740828490668 -86.06547910720776 -83.7891363546445 -65.43547348633628 -287.1831483967169 -292.4993052245658 0 -133.1037111442925 -299.2818392510436 -175.753751633116 -164.0275036011268 -65.27984458826111 -126.7285100579061 -245.1764763472069 0 -10.21638787519437 -124.5487380627499 -37.67186211861875 -27.26255974728156 1.717602040532705 -17.77798890687547 -30.06565168496583 0 -12.44496225438559 67.32716607638214 95.558239613089 -14.46649375826111 0 37.47597227560796 -13.09853238738202 0 48.57132863408241 60.16813340741281 27.62744978707106 38.72245970977437 19.26899794786773 -61.76944776274753 -102.7888655704567 0 -40.06922435488697 -81.01043166061339 57.04093115859676 -61.31394044091883 -58.63447718708255 -23.5463295928092 -42.60317555244664 0 -26.03474926277541 -149.9573983604518 -187.3148314603229 -29.88330765336499 6.467212552063909 -25.41789525955401 -165.271519230653 0 -111.202058947233 -154.8912244337127 48.28012255085637 -68.9441877323321 0 -188.2921303366161 -88.46220758090405 0 1.93445889263966 18.63801932863766 -27.6129992189765 -44.80511933989096 -74.04322284213977 -24.58233502019737 -174.6187175938452 0 17.17661999744305 87.45011692614253 112.7453289468049 125.4705902902609 -11.66892081548619 -170.8225234328547 11.27847599966541 0 69.20347576053138 25.81306729284176 6.677286570190457 -51.89173366341174 24.97266725425933 175.4133002683375 234.8344991671047 0 -64.13394388831372 226.896932913936 180.0025489498339 0 0 43.34395817700881 -36.2338526794081 0 47.60645212453034 0.6431095334763981 138.5928051042756 259.987587556926 123.1577892236892 216.3870131630696 120.8390836131226 0 80.70196640287256 90.24567779709091 0 67.67328628801947 1.740920280711748 24.99189732498953 96.17023975738076 0 0 126.3371874754238 374.5906717978012 0 69.51902763172389 168.0624262210953 0 0 0 -23.14446479530332 128.7617377764398 56.98461156155641 0 80.45090586960259 0 0 30.07971898195399 205.842445061837 0 0 55.41987513430513 0 -114.8845884424174 0 -18.55408602856524 51.21516441953105 76.02040577217852 0 0 0 0 0 53.45093366412673 0 0 -92.03244676968954 0 -151.5441526294308 0 0 0 23.59213606338164 0 0 0 0 0 0 0 0 -166.7003965475234 0 -47.59531049087177 0 0 0 0 0 0 0 0 0 0 0 0 -97.42456741722988 0 0 0 0 0 0 0 0 0 0 0 0 0 0 -18.47176300854126, -12.28466439353937 -65.73020522306504 -118.3966692990573 -71.07922478902533 -42.11387906784539 -152.4924942789503 -136.9503401947861 0 -47.68312341056709 -93.52609303202848 -26.37197467323885 -24.68235303877233 -17.56982523304622 1.795478310835726 -10.83920339336525 0 17.48179021561732 54.53948442057266 87.10156192299068 49.43692420567456 60.15886529025261 87.90172489408184 12.51709756280636 0 20.94758994924555 118.5088524722062 207.6813974865811 52.61897945821161 0 77.37646470195108 60.28050938535488 0 41.33558366430498 67.63045146922815 9.321504511429126 20.97940882153674 22.01253617239406 13.55375038899533 -38.86846084210552 0 -3.570290927287683 -50.73652765244454 -44.68915645469895 -60.04284400877657 -31.64068189018605 -98.39523205593842 -58.54434045643014 0 -22.44341735192586 -174.334326226096 -202.9857059836331 -94.20550752285419 -44.59113240614426 -141.2253745945449 -263.6115132666028 0 -198.7576219842398 -179.9127810812267 28.4765817468794 -131.420398743933 0 -277.5886098417911 -344.4112898612327 0 -0.6632542058378523 -145.1318913774207 -179.5713083537969 -159.2813118677929 -118.4882361625647 -246.3909311990893 -217.2865153781272 0 -36.45106846158963 36.06278529163451 -168.6544182361282 -18.76194594609118 -52.03315793862437 -361.1813529816502 -109.7655770891622 0 43.32268210177182 -130.1679813713087 -78.82175900352192 -140.7752620688942 -86.47010477204333 116.8231964805573 47.54992468751389 0 -118.694260612999 -42.5925372882201 5.922126345045825 0 0 -34.17141625726184 -119.1526881124635 0 6.420942551482398 -65.97091780948782 32.67414607581699 123.7622391162837 74.23932241110538 5.047139673185384 54.92447214765811 0 16.11897649614313 42.27826431468615 0 -2.124787688405846 -1.658993489118938 -26.38398422407485 1.349308304162108 0 0 66.76825234362403 144.0811955703576 0 2.876031036964193 90.77918869487281 0 0 0 18.81256479502431 41.25119754934658 -4.468637504814161 0 36.81001892911505 0 0 13.37002023853191 45.01479761177019 0 0 34.52292931103067 0 -9.644511188083143 0 7.160234263844673 24.32493344932086 -4.701118303773214 0 0 0 0 0 10.7749368519784 0 0 -11.33733945879565 0 -38.30977333830231 0 0 0 -4.539650964436582 0 0 0 0 0 0 0 0 -26.66472398756683 0 -17.94869173067983 0 0 0 0 0 0 0 0 0 0 0 0 -14.58437732142103 0 0 0 0 0 0 0 0 0 0 0 0 0 0 -1.604683294361182, -25.74094277740057 -121.2373683626876 -186.2299147760912 -92.00606906919451 -55.72948577794268 -156.6898447160712 -96.11307921895613 0 -13.81268635936591 10.60898089674008 -10.77936469720526 11.69984611904494 35.42745855663166 51.63289838123831 145.8996201594742 0 8.97228909957331 153.4416694684239 80.13287041565613 115.5385915103998 37.0144751452149 88.32592648601009 141.8034322540946 0 70.28492194737031 82.34781152447189 174.8835050984243 83.37924145056051 0 164.3911719777214 47.27942099958329 0 4.905500303445304 42.31150172170607 51.81329805038264 -20.23453382695206 33.37173307644984 37.16542842469769 44.28403486913395 0 10.31822351898584 -12.25685147612735 -174.643469768948 -8.252039092233773 23.83933414377271 -141.2267745465918 -35.60155634060479 0 -10.15854003309571 -86.12541964635248 -183.1031964216508 -184.0855244844444 -85.38675181515396 -216.6208666235706 -230.7220918410021 0 -195.4197544796265 -107.4020618014853 17.09320685012333 -80.71912310563008 0 -266.1757569298057 -428.7629339921194 0 -5.695905216838698 -261.4263844774031 -195.8885117643796 -126.1789458346025 -93.1250968217534 -250.3339272199454 -146.3332739512844 0 -83.37185238913203 -69.27497554890583 -203.2508552564761 -149.1945396889938 -94.03027512018858 -289.5860485081773 -151.5195237165049 0 25.21357666789827 -112.2993870393495 -74.27953284763873 -97.77566277300474 -87.35833684064096 -19.98451247127775 -195.5980338212168 0 -108.8770548666867 -188.7163997438047 -82.34963445361322 0 0 -57.26502875738343 -120.3859992927867 0 -0.4274326776829227 -109.977856099728 -42.55301017491876 -74.16013825855231 -5.880618201597791 -177.3118075367076 -34.30555674831671 0 -45.27885326066717 11.11541061199243 0 -56.91756350089508 -16.41783701538477 -43.68792530607273 -132.5829832683783 0 0 -21.80440977443192 -123.0824281865086 0 -46.32453042076229 -18.56942874735299 0 0 0 -16.50158234547722 -45.79605985381809 -88.48132364850549 0 -44.65659387481097 0 0 -8.18356641922384 -101.6746149818391 0 0 1.782496175950051 0 -7.954013482015228 0 -11.26306421545802 -7.734737266421142 -105.3268636818184 0 0 0 0 0 -26.52499592565748 0 0 20.70761770965728 0 -27.8988900631809 0 0 0 -34.86284432148098 0 0 0 0 0 0 0 0 39.18686885003801 0 -12.13953662004964 0 0 0 0 0 0 0 0 0 0 0 0 30.51649597734756 0 0 0 0 0 0 0 0 0 0 0 0 0 0 8.673968930559772, -37.40850834041051 -175.5463459488045 -264.269731914349 -124.9198175562348 -84.22513433557987 -221.5192928773876 -117.1415300465018 0 -12.70572602281067 21.67381246660656 -69.29529224268398 -20.37227055983097 58.60426557270611 37.74938662534126 157.8996940668618 0 -19.43255139659055 93.06600234093712 -23.51488875314737 102.13299218672 -35.60074958805483 -35.6553935957305 173.4162262226534 0 38.32632894255568 -15.06173941065776 -47.29075589433317 3.658128166544245 0 38.2346612548936 -116.6024388621949 0 -31.01255035654385 -95.02499041386464 0.7590629564259928 -140.8657970571054 -28.00874332059508 -27.17650983358736 -102.3856645745988 0 -48.32268241246054 -137.9431635088311 -239.7757532338248 -29.93398306741597 7.301989485420513 -250.2265451981434 -82.68803036313011 0 -18.24859379629681 -71.07536582061516 -235.4660729296831 -177.3461601605578 -61.47971252557383 -199.2932330971435 -165.6828567039523 0 -156.5115462208594 -39.63223384590175 0.01330978642061353 -32.1463646824418 0 -170.2775779446615 -128.2990209399534 0 -8.887075434776023 -194.2732520837434 -83.03482407787277 11.1659378959476 -82.7701927681568 0.1827085758600617 -105.0743634595022 0 3.548769447119426 -59.02149818318562 49.85799647697264 -56.65132748496805 -75.01526161158941 -97.89120548443363 -40.42665705502387 0 38.78205164476519 -8.310581676646626 18.57336295749158 -25.90677741289726 34.61396333249833 -35.50062422612893 -193.8618588853454 0 -77.83035669346367 -27.27033658240671 -79.61800168307022 0 0 15.30681663263641 -49.17572434140818 0 -4.461490603552712 -106.8198512291242 -14.9763458605676 -143.1350809633298 -13.43320690098474 -148.5206944208342 -32.44736932167734 0 -17.22574759720948 -40.77326149744063 0 -30.08433948542629 -23.83487229268075 -11.67506442455961 -186.6097093828769 0 0 -22.17502825026041 -138.0584148705235 0 -49.99422370641611 -25.46601392165655 0 0 0 -55.11844192920677 -29.13379601716673 -84.42056185241938 0 -93.07967649091918 0 0 -4.035284708957327 -60.54518332370412 0 0 -3.721524438125922 0 -22.58293413870982 0 -33.31699413732701 -7.739747094550873 -91.50998486273022 0 0 0 0 0 -15.20527753347568 0 0 28.13713404025182 0 -24.9834368720021 0 0 0 -25.56656345092974 0 0 0 0 0 0 0 0 65.1832761599388 0 -4.451897210893654 0 0 0 0 0 0 0 0 0 0 0 0 52.55482352003717 0 0 0 0 0 0 0 0 0 0 0 0 0 0 14.09684843021537, -47.01311629114434 -224.6551201927865 -344.3861966020818 -167.9530422167416 -123.4289094656707 -335.7723362052473 -205.9715918147628 0 -39.73277180154651 -68.72561309083177 -169.3045145923424 -98.5263104425994 37.29702411429524 -7.205332295132585 52.53953710769473 0 -41.01785792820417 -50.17903712832724 -112.4447778038975 44.83972198598359 -87.53883947368254 -159.0307563785786 99.41145542353522 0 -36.73373160392248 -63.06106966702262 -189.718371294614 -57.35629882147559 0 -130.806913084123 -249.7122988989689 0 -41.66816801550049 -215.2660759079446 -53.64942265809258 -242.9091049655489 -49.4101351946345 -35.47573261624132 -252.6661988779785 0 -99.16347278159873 -213.3812727647586 -209.5965645062127 -51.7911323214383 -56.86774957878993 -291.9380991643105 -166.7519001350453 0 2.905914504578334 -117.5924297473564 -170.8341802324281 -108.8644878977999 -21.73775288367611 -163.3595248985702 -155.6118781830844 0 -99.42080497245016 27.64068972147523 -30.47470380896133 -13.33354230606754 0 -53.65796385208549 192.318206995572 0 -12.54651916109854 -58.63281576353563 41.71995856514358 76.22358401607694 -102.1360745960585 154.7924021975748 -85.9253331822454 0 81.63062345649155 1.143469492640243 173.1287324099137 104.0639265865565 -18.90219615207648 22.53998132700974 89.98374639151729 0 53.86866080275689 27.65966477430025 65.63153768111627 -18.05537311396776 119.8993075238582 -22.11662834075588 -96.04803563233531 0 -49.79886281255354 121.7142613204695 -84.1555746933258 0 0 88.21486670461616 24.33503527750533 0 -38.49032038643321 -72.97935116593763 -4.117946217288605 -141.5251377192854 -3.678788742862302 -47.36193532621482 14.73762224026558 0 43.44011067257127 -100.7109804871722 0 40.05465664961741 -20.11319005120313 30.57243745253601 -154.0401710916018 0 0 4.75310928394655 -23.45341877165588 0 -23.47641804210475 24.04630075930809 0 0 0 -62.04002327078716 54.29042984782128 -19.59439731320493 0 -88.29337949257332 0 0 8.700980757220734 79.69221074277607 0 0 7.272298138206523 0 -28.55280249400732 0 -39.01451789829164 16.53187789615383 -4.830096206064174 0 0 0 0 0 25.8685082132439 0 0 11.59533522447184 0 -26.8324711146329 0 0 0 5.322047851318893 0 0 0 0 0 0 0 0 30.45080118760242 0 -3.96218221575297 0 0 0 0 0 0 0 0 0 0 0 0 26.17214827292977 0 0 0 0 0 0 0 0 0 0 0 0 0 0 7.258902080655998


GFLOW: 0.72 0.04255675973651863 0.04312423128858458 0.05453536420843777 0.05524171830744765 2.990906487311882 2.990790938525925 2.96790143130006 2.967484800213217 0.0008830129262798635 0.02567679825463503 -0.02626737631779221 -0.002410648119630672
q-corrs 695.4614816201622 2788.810253066164 3703.980996637035 1623.501221477879 776.9141662256325 1976.978573945934 1210.837287485351 0 194.2411769212414 170.5320883714345 -31.65487306004126 -101.6022967767124 -42.3503603538441 -117.1652214606592 -294.8791055070308 0 -39.20264407259133 -274.3466876167345 -169.3832218910119 -95.53316103779653 -84.42022345569723 -195.6490048849019 -71.31670545211142 0 -91.00239358486471 -51.01039883864221 -122.1470613460014 -4.364188688598766 0 -141.9651924633817 -88.2221178272662 0 -45.80158937445739 -170.4044933773181 -89.87895609418985 -151.1164679103004 -21.74975726286549 138.1821633550574 -71.34922697639674 0 37.52821022846544 -107.3171751611569 -177.6077026567312 -61.45620457647356 -44.77058705269749 -167.6958043406819 -72.02839294716316 0 0.7627606906415201 -12.0566744525932 140.4874240497914 105.2894399367947 -24.64465827917773 46.50809632145516 23.27056117156727 0 -38.17285787585878 17.01500446782824 27.31947914757793 25.30402524640565 0 17.94667850284618 31.97083079849137 0 47.96049271627471 179.0970648581825 284.4377363967405 61.67920481660155 116.5637716288048 164.0498955782452 41.71053696286338 0 31.49867627756536 47.70384571661735 287.6989837719428 175.2997138210115 -12.49873008893595 274.3116791283716 34.39920795372753 0 48.85160581629915 239.2812419618677 58.32091367146825 87.79741734973052 83.64741246513334 90.93406592443114 256.2962759957346 0 141.1941135531188 150.6147989431653 355.7949395975486 0 0 28.15030652945049 79.00411485211879 0 79.93928410229776 165.6707567706692 87.26880239246536 172.2434144427048 51.81816479566987 333.4014783589122 -38.93844649966567 0 -29.22764526694465 146.6866536465079 0 75.7417718229686 24.79701360052733 38.31255371370077 245.9163589440091 0 0 18.89312439636066 227.2370145802012 0 145.170800814886 -48.58112163598067 0 0 0 -26.80394048953924 94.19779264662961 55.95429923464704 0 103.7661830684647 0 0 -0.7161831549146029 161.5533702291084 0 0 -13.74421681706069 0 -161.7516325293957 0 -33.30308346335057 31.89150032870171 29.05913786064793 0 0 0 0 0 49.62162678834836 0 0 -105.5772625894393 0 -211.5139445164169 0 0 0 0.682483459788326 0 0 0 0 0 0 0 0 -186.1544795249187 0 -65.66174726797948 0 0 0 0 0 0 0 0 0 0 0 0 -107.6616212099177 0 0 0 0 0 0 0 0 0 0 0 0 0 0 -20.63270350072118, 464.9965016517182 1847.090640130557 2420.174040510475 1040.278360831784 482.3493590682651 1174.844953388653 668.9223733920828 0 71.29788894352821 -22.07027801580024 -124.8629003322759 -156.1933726655014 -50.49256477470476 -134.1383828293729 -288.8496440599742 0 -40.85682476819829 -242.3471863553899 -148.2493301950326 -59.49688737842723 -66.51318539306489 -140.5185399011683 -23.53244940372303 0 -47.24599438468768 -16.84726732201278 -47.19064518228623 -3.449814704202424 0 -22.18756618390867 -57.12132270123143 0 -15.71216384517404 -70.65458179871821 3.694356777071029 -61.70706413203054 18.10797520401595 71.95817749687629 -20.20334102307528 0 24.5466366660225 -20.40960719981349 -83.9983592659096 -17.39185855243733 -24.78342525478632 -50.37188051735559 -18.87517258082195 0 11.27104761516993 18.55856297010438 130.0353157799804 69.60264720174746 -9.239442526363533 65.46864614212798 64.50685970999137 0 4.46412044325654 44.85053704903599 41.92838034828791 72.10137271825731 0 27.36516453827306 54.45014828731355 0 33.58274657841879 155.743337674125 259.2330713530612 76.78239248075069 107.775108174692 178.3768490747276 40.49783076568837 0 20.91231758619718 34.79117685943125 293.3271511217053 148.4643310849041 -13.34986307852962 246.6754843019067 44.05550840275373 0 48.64190565513849 220.8791166671026 64.08437802107245 81.89020291230804 90.37379414540783 74.32826641587087 215.2505563862387 0 103.4305995820447 167.9735055039484 313.4068430702217 0 0 37.07721594993512 49.95365960454651 0 76.82478534683297 123.2422800974479 94.52885578486745 172.2755633998893 52.3728688623174 276.1994614494558 -10.77906693572342 0 -8.964756702348406 129.8457208259927 0 59.97948415093229 13.01780112544246 29.36660938302792 183.2665343683303 0 0 37.76247424730428 229.8781919732122 0 115.6169432928405 -7.780804956707541 0 0 0 -52.17210747913569 82.71953806194765 33.58366608885696 0 81.4341739398762 0 0 6.859483480050594 148.4971303386649 0 0 -0.4405384902611553 0 -188.8367320138538 0 -42.99263337375268 29.68957966600499 14.08399774102833 0 0 0 0 0 42.86976326247508 0 0 -123.533741155482 0 -239.433336487109 0 0 0 -1.631420780935731 0 0 0 0 0 0 0 0 -219.6664025105149 0 -73.74144779877348 0 0 0 0 0 0 0 0 0 0 0 0 -129.0472141448861 0 0 0 0 0 0 0 0 0 0 0 0 0 0 -25.21339117448767, 134.0033439480065 499.9504625864565 592.779269059756 215.256021385535 72.40203307444598 67.24624395345919 -72.12505968358491 0 -94.48222745820688 -270.3193383660732 -222.3098471934892 -210.6103627271646 -63.99216316632064 -157.2217175804487 -291.340403133526 0 -35.30029238373687 -201.019699755367 -116.4075054982977 -33.63417270531571 -44.21723006698009 -79.91714929581892 3.620368693047613 0 -8.614096145540147 20.04255813155116 24.53653721392142 -18.18082967466403 0 72.8240762555471 -28.68662408940791 0 25.25964515032487 43.98537158664731 78.65286338189313 39.72420283269815 43.6321422869015 -30.45862713527959 -6.101925905246055 0 -8.225850779531541 28.40143741088538 45.06239240696511 7.182844350440668 -16.38535246621107 59.98837983978527 23.32545054457019 0 6.52846004022647 3.823446335726224 21.93262601985526 14.12209734190914 15.84814677109556 66.65346320132178 41.93684336628911 0 20.1104390073806 11.17274684299397 54.19269946575437 73.67800841780658 0 -5.90400215841133 67.52219908856549 0 9.899169984275751 103.7280098950552 157.0036873886195 63.80634105076143 48.25325561108961 147.3498076299356 -13.05449063411231 0 18.70032352639635 45.07335744410135 266.0284594168173 130.4708743050198 -5.996489649860996 118.4871187034222 59.47691632980197 0 52.72283477608715 162.4363860494205 56.8272404411722 55.31158303655198 84.2669088242229 92.38724274806992 199.2825307369138 0 30.84617821958811 225.3944135945314 249.2713258790311 0 0 55.49094066873867 24.67568916559202 0 66.74601383580261 54.99672039291278 123.8611762838833 202.2800985997706 73.74469958620368 231.5571273112023 60.3427142083666 0 44.9986797882522 106.2304750657408 0 60.78455576986315 -0.3887220353036014 33.64454020157365 108.535990336456 0 0 80.68702120203136 287.5806694751741 0 84.76023089298441 86.20579404902216 0 0 0 -66.41739099275257 97.14798781326985 26.50176420184913 0 63.25171468822931 0 0 20.53668261654981 165.3205112827984 0 0 28.60062025139528 0 -189.5631426119386 0 -43.94891206540005 36.03336704807232 26.5317909391099 0 0 0 0 0 42.62368492994413 0 0 -129.7860642682134 0 -233.673931655594 0 0 0 6.304652206032817 0 0 0 0 0 0 0 0 -232.142708316346 0 -71.16668127707111 0 0 0 0 0 0 0 0 0 0 0 0 -137.6161247449165 0 0 0 0 0 0 0 0 0 0 0 0 0 0 -27.13288978765797, 10.37061321943689 12.59745821306677 -40.00875689081305 -53.86190031514271 -46.34589727634773 -215.4559372241891 -228.603145387822 0 -107.2666624904947 -248.1991812428554 -152.4803126077461 -145.4860211197207 -56.16729502160918 -113.1785938890488 -220.4110329753819 0 -11.43602904277986 -124.963755518269 -49.48525475188746 -30.9242719874472 -11.95648809462455 -35.7176258303849 -31.38944398931648 0 -16.47118494628132 40.08782005868636 49.75976928222286 -18.49769231853469 0 15.78467535809651 -13.67204940323122 0 33.98032032895239 39.83025684224428 18.91868254081898 29.1128973591277 8.609372723753239 -46.31293702025468 -73.61427863564059 0 -23.57448041600179 -51.13483596491473 41.36769777250745 -43.50834671190067 -40.83399989075748 -15.96581794717384 -21.49086452986667 0 -18.16813346276314 -105.2489113411262 -139.9459762958283 -24.00204454313987 9.941294581873542 -5.005262383485029 -113.7733919433353 0 -78.19301900891514 -106.2715904629521 40.53401266820168 -41.64402627711114 0 -128.584808801175 -50.31137715906605 0 -0.5575506514313813 7.932094106117745 -11.48711668212077 -31.6313467019643 -50.30616668600508 -6.774455402458276 -129.2562475526049 0 19.88767975465844 71.65619001636178 95.56655478905915 103.3845454039937 -7.407855044030871 -115.1712253632507 16.12543359017935 0 50.41910455977177 26.14950328059631 3.945612578285846 -30.31122489899961 20.66016286080529 138.2892975704729 193.4089472949663 0 -40.11676227101002 183.5523232268947 145.6358354525525 0 0 37.44609601218305 -7.832225637393485 0 35.01317456933052 -0.7573077105484955 114.5036366486671 208.9633146674873 94.59710637336944 187.6104637293391 102.619851881213 0 71.04303855822549 71.21676004931115 0 62.34099672994844 -2.472820813904789 30.5988171721395 68.38553289943667 0 0 101.1700075734888 301.1202794555118 0 60.34084022379241 138.7841447433343 0 0 0 -31.47832365345511 107.7425237100291 33.65891412996967 0 58.65959354664906 0 0 24.65007376506257 160.5408473516529 0 0 44.52940569898261 0 -109.7443410765296 0 -20.19734202731151 40.45295061027605 44.16830143368497 0 0 0 0 0 39.17891387792984 0 0 -81.9121976182484 0 -139.8061213603579 0 0 0 12.82300779175637 0 0 0 0 0 0 0 0 -147.7132722078207 0 -43.75851230693869 0 0 0 0 0 0 0 0 0 0 0 0 -87.04547299599176 0 0 0 0 0 0 0 0 0 0 0 0 0 0 -16.78219960777894, -10.89501038243299 -59.21248366105567 -107.0551136225542 -64.20823512214976 -39.09144518023227 -141.0016346227957 -126.3756742233945 0 -45.04187450942953 -91.42753334847981 -37.78672137767563 -35.04905392690773 -17.07914827640156 -11.29079358916087 -28.7805306473702 0 9.973552193152464 24.2125237526181 50.85252006991471 32.51644801965412 37.68524981121494 55.51859174050168 10.94533168092725 0 15.22273322654172 81.6654051951477 142.7047531012934 33.85326185359844 0 60.40116126919619 39.49944839208943 0 29.83400147699083 45.08446560817639 14.52602812410231 19.43454484868959 11.67632571463355 4.315754384654888 -38.77230778068936 0 -1.124342932765693 -42.85510065448537 -31.08931165619482 -49.39094047950029 -31.97342506068695 -80.6867910168659 -43.73088778365332 0 -17.93638249462762 -142.5779984915578 -170.0688509198969 -71.88851833866681 -27.63160299937789 -97.03168448648543 -211.5053787304435 0 -160.216144232128 -144.5318740610946 20.43954412225978 -113.4664251668603 0 -227.820097441304 -263.243989408209 0 -1.866142758257616 -127.0202409575841 -143.4573202604294 -122.6955979673242 -95.39287410493716 -185.3731026634802 -181.7361425673678 0 -27.08328337243093 21.50942224438888 -148.345336176398 -18.17070518528198 -42.99748771155816 -277.287932027964 -87.98171014289957 0 28.06231711750406 -118.2155753624884 -59.4788556230873 -117.6818239494787 -66.90393770580552 81.92221791020638 30.26105846521824 0 -87.48257452297916 -39.13014630230849 -12.93883909439478 0 0 -25.77880682936207 -86.25515716823438 0 -2.862926184385547 -55.14723936954708 18.05245749658621 85.42021939733532 53.56871393826007 5.434400932410583 45.41096926518836 0 17.38702360581767 21.51382694505177 0 0.818237329428392 -7.258787229969805 -15.92965364147274 -17.60381493376733 0 0 48.98833137173716 104.1396849748565 0 1.106810504284333 71.28649392634865 0 0 0 -7.591541734599588 31.59939079851149 -14.42253051457572 0 17.93517870986432 0 0 9.856263202051133 31.72805521313452 0 0 25.41420341973653 0 -33.32549954954681 0 -3.988201987476868 16.83095356732786 -14.1800904696274 0 0 0 0 0 6.435739478354574 0 0 -20.24516222247171 0 -52.45619937860462 0 0 0 -6.161846415280861 0 0 0 0 0 0 0 0 -38.04080223448719 0 -19.16130126365715 0 0 0 0 0 0 0 0 0 0 0 0 -20.91797935749251 0 0 0 0 0 0 0 0 0 0 0 0 0 0 -3.190943976544841, -21.33542981148334 -100.5288693201911 -154.631038635919 -76.81496741912787 -46.69182688697954 -131.9809712434974 -83.65776859576599 0 -12.962208054489 -1.105158362477752 -15.87146179436511 3.41835314319615 24.03294954694113 38.32228098569014 107.9075845844554 0 4.825092789438575 108.7279486749527 60.22885607531833 89.95128710362292 31.01374332214947 73.59601185490257 107.2929452413888 0 56.29202761163494 66.65682576832634 138.9245627467531 58.06162188906758 0 133.2950032257244 32.07846076459057 0 7.875480679007179 33.41775625896911 49.42246067388768 -7.577576830658185 25.2880941700476 21.20821196459837 17.223257611177 0 4.622297217937077 -21.79029728795064 -120.3323226426581 -13.45793226752015 0.8669176193596577 -114.4153889651913 -38.49522481594487 0 -8.181226972434427 -89.53322548527726 -155.9509056091846 -134.5764305072219 -60.16528996961259 -160.3581662449301 -200.2626012335697 0 -165.613698222018 -98.34965471918844 7.889950915736868 -93.37846192327171 0 -234.4423613589519 -336.4848457704933 0 -4.520211217254515 -219.5323795931748 -167.9511449155698 -100.8351816836948 -83.70280057612806 -197.9494517080276 -146.5590590142277 0 -64.46371958515743 -62.11578640680835 -192.5553158846636 -122.8600786019151 -80.28906586857272 -239.6278107348865 -130.4496207332679 0 13.28577708162127 -126.8710459312154 -55.67001083973551 -105.180255176745 -70.37244382330768 -24.47423707013885 -164.7370755155518 0 -87.71020161719019 -171.9755162298168 -96.10218169061372 0 0 -48.61537556095039 -113.1908928992425 0 -11.00182518302721 -86.92698293441444 -52.35931986328118 -76.17720319662243 -7.789041578643133 -153.8797675049149 -35.77113295544881 0 -38.6855904842547 -9.338233773446532 0 -54.55453208221249 -17.12097199266321 -42.58594170745377 -118.3660285565071 0 0 -22.55120578854221 -118.9814878454512 0 -45.19907803221715 -26.37317828395293 0 0 0 -29.89197508327657 -47.75223407162549 -74.52172767194023 0 -44.76605418449257 0 0 -8.10747306798795 -89.14138444801387 0 0 -3.710838409761749 0 -21.77943214473461 0 -15.73768124282904 -10.50350752814803 -84.69537919623954 0 0 0 0 0 -22.33570969255937 0 0 10.49592897219721 0 -31.17264663480149 0 0 0 -26.54720148089745 0 0 0 0 0 0 0 0 23.82813276992288 0 -10.2201486643262 0 0 0 0 0 0 0 0 0 0 0 0 20.53990951950661 0 0 0 0 0 0 0 0 0 0 0 0 0 0 6.03687289007067, -30.48743770164094 -143.7703057554887 -218.8549060872907 -105.9471186239715 -70.9617227454126 -192.7340415181866 -112.6694894809683 0 -17.30212129028579 -6.505754072942128 -68.05385633447878 -28.24590201489086 38.1427630412783 22.51675912841528 106.4964112673315 0 -17.10347066324513 56.88552141888159 -18.81167939448809 79.11901633286634 -24.9617825107599 -19.96960787054971 128.0655792915201 0 32.49570114466695 -5.039711030916383 -21.29586212226452 0.5653741734085251 0 40.00193574576487 -86.55373822743331 0 -18.8865336687713 -62.13904120019077 7.029360319501045 -99.53947537911637 -14.14697745248127 -19.85511367274615 -78.88707282287052 0 -37.03898306148044 -111.2531922621784 -174.0933303272755 -24.09361845740019 -6.455963577268871 -190.336913677279 -71.86657373026217 0 -11.65666756846118 -68.81420183191597 -183.8666534653992 -134.7868600518936 -49.67853913787524 -154.8058161758316 -150.1574503945746 0 -132.6331045523999 -43.11478527128309 -2.099485649897506 -50.5285400486664 0 -162.9767125503869 -126.3016021275523 0 -6.145014997136162 -173.0346813398983 -83.82814487433951 0.6488780425725649 -73.20353072543888 -17.48134117617959 -113.1289135585321 0 -7.425888070491361 -57.62032280155239 -2.404127001824499 -62.00084919361773 -69.16847560592676 -97.7589997717391 -49.04595088224982 0 23.97926221634075 -42.07762174647479 11.7454735524314 -45.71661571366204 21.42108547196761 -38.86284662744961 -169.6064100767227 0 -65.79036948199065 -57.64862124292921 -84.39802335329716 0 0 4.923956870432264 -63.72491931153027 0 -8.548391669355965 -81.58379994516966 -30.17416155692155 -125.3549143838129 -15.47406795234984 -136.0153202695993 -39.13817337716587 0 -21.30520428733637 -38.35789233824427 0 -37.37033802827959 -19.56515420849964 -20.44631800885501 -146.374994842817 0 0 -26.33480675255367 -133.9849140129939 0 -46.50937365871575 -35.27044010033876 0 0 0 -46.04863026579122 -37.25631236253507 -67.08564407662371 0 -73.50235398677914 0 0 -6.271307160012755 -63.57411986535627 0 0 -8.296739442151638 0 -18.71167552842462 0 -25.88707510846714 -10.33173898249975 -71.22467365274545 0 0 0 0 0 -14.66331598568951 0 0 20.73845297670178 0 -16.7519133032658 0 0 0 -19.36332730786271 0 0 0 0 0 0 0 0 48.43526707992041 0 -2.059532125193766 0 0 0 0 0 0 0 0 0 0 0 0 38.35223571559878 0 0 0 0 0 0 0 0 0 0 0 0 0 0 10.03040394809282, -37.94493137266062 -183.467030969703 -287.1392659616035 -144.7120992509498 -103.628221292186 -296.649533747533 -198.6977846031027 0 -48.85609813636906 -94.01509065499928 -154.7521893319613 -100.3423187981982 19.15463312990556 -28.88848620754075 0.2263934768026097 0 -35.43763472800856 -65.58595771706442 -103.3915246150018 25.89996401425 -76.04401626538819 -132.0689040150372 70.55607002775901 0 -28.65795907133213 -57.14762774126316 -158.2575787394954 -56.25310851940841 0 -103.8398954795671 -197.0798572272613 0 -31.53285412485221 -157.8265810830083 -47.85769398988886 -184.1749005422308 -39.28737851053007 -37.36915669982658 -196.9166658343977 0 -77.54466302881659 -179.1276508226728 -161.9459135264855 -42.39702731368711 -47.12208540146182 -224.6219117998732 -126.3684977680759 0 0.5313776636306056 -96.29145624354314 -145.855775987327 -88.87285465757029 -20.35560825758767 -123.0383839054931 -130.7701839645568 0 -87.30002779849067 10.23320817082384 -17.49420122885537 -19.05082166111956 0 -69.81525434109101 114.0273103777751 0 -8.190810143618771 -59.46123166721411 26.08176875212498 51.94007208547033 -77.54383277427381 112.1146479914415 -83.09892193801845 0 55.03111757588201 -4.338345906056956 120.4360338169353 66.85928552258255 -22.48612933289166 8.925767145697023 57.87807939796979 0 39.17702002182352 13.8375364775697 49.09550968843932 -18.36021582678055 90.988845009221 -16.90594377569513 -74.57807643169561 0 -37.97323697806365 80.87685265776024 -61.05397267650873 0 0 64.15347974091385 8.50140124830304 0 -26.1366688281653 -49.80871600293028 -5.381747229183887 -104.6863879861363 -3.910145304935831 -39.40167033350446 4.198163286633914 0 28.80849382662863 -70.95450531030934 0 21.13925509484334 -12.93923416752694 18.65296312249815 -103.1653476163544 0 0 -3.212615151145378 -32.14872658463521 0 -19.47256925650244 10.4328267569639 0 0 0 -37.46119729145637 29.71194787709873 -12.16243497934343 0 -59.45554297815158 0 0 3.522116205990821 42.62410559667624 0 0 3.020804472398803 0 -11.32023174621148 0 -23.32359146593015 8.803701570431251 -2.520706336497654 0 0 0 0 0 14.6412826635019 0 0 11.04255516278384 0 -8.192908662434393 0 0 0 3.574551707178869 0 0 0 0 0 0 0 0 25.5433553584436 0 0.3062979935704391 0 0 0 0 0 0 0 0 0 0 0 0 19.95723658954537 0 0 0 0 0 0 0 0 0 0 0 0 0 0 5.154608748599673

Number of steps = 10
Time to complete flow = 1.416007e+01 seconds


ask_starting_lattice(0): EOF on input.
RUNNING COMPLETED
Time = 1.429338e+01 seconds
exit: Thu Oct  2 13:18:17 2025

