hwloc/linux: Ignoring PCI device with non-16bit domain.
Pass --enable-32bits-pci-domain to configure to support such devices
(warning: it would break the library ABI, don't enable unless really needed).
com_qmp: set thread-safety level to 0
Wilson/Symanzik/Zeuthen Flow application
MIMD version 7
Machine = QMP (portable), with 8 nodes
Host(0) = Precision-5820-Tower
Username = luisneubauer
start: Thu Oct  2 13:14:06 2025

Options selected...
Generic double precision
C_GLOBAL_INLINE
type 0 for no prompts, 1 for prompts, or 2 for proofreading
nx 16
ny 16
nz 16
nt 16
LAYOUT = Hypercubes, options = hyper_prime,
QMP with automatic hyper_prime layout
ON EACH NODE (RANK) 8 x 8 x 8 x 16
Mallocing 10.5 MBytes per node for lattice
Made lattice
Made nn gathers
Integrator = INTEGRATOR_RKMK3
Finished setup


reload_serial gauge_configs/pg_00041.lat
zeuthen
set staple to zeuthen
exp_order 8
stepsize 0.072
stoptime 0.72
forget 
Restored binary gauge configuration serially from file gauge_configs/pg_00041.lat
Time stamp Thu Oct  2 11:00:09 2025
Checksums 9dcc044b e91e9b2b OK
Time to reload gauge configuration = 6.113410e-02
CHECK PLAQ: 1.9669905346098933e+00 1.9658042687358404e+00
CHECK NERSC LINKTR: 1.6552492684316725e-04 CKSUM: 942ff928
Reunitarized for double precision. Max deviation 7.67e-08 changed to 5.55e-16
Time to check unitarity = 5.146027e-03
#LABEL time Clover_t Clover_s iClover_t iClover_s Plaq_t Plaq_s Rect_t Rect_s charge icharge

GFLOW: 0 0.8811054033637944 0.8812826967605623 1.972602601822047 1.973160670704848 1.965804269012606 1.966990534871378 1.399157846673224 1.400672965092226 0.8407016161770409 1.288122787956731 1.013999716601645 1.560843009618807
q-corrs 450848.1721917423 82035.49737982535 -58380.31591219835 -18965.07277962275 1123.487867070418 -22077.14306937372 -8036.158867490536 0 7731.172649998978 396.1277988633428 5570.548927442524 2756.800620953523 -4375.096227830736 14620.96914468231 -34251.43151568429 0 -433.3901883396729 -20065.44095583432 3739.299662561168 -21252.44744220879 18345.76807788957 11176.65567776805 -6426.342174587189 0 8973.160166512214 -35704.79533651404 -414.8834458807833 -5042.778484994897 0 -8945.185521719679 12336.13320114325 0 4121.428681448585 13201.2393749339 -5003.211121272006 -27792.50756777003 600.9290411926577 -15541.8315499915 6148.56905444836 0 519.9617261520661 517.2170856002494 33908.88361505722 -18357.29740337632 -13518.23550362738 2042.328173305274 2157.864856216448 0 -2101.461092117926 4020.953942143577 -39365.99882049603 20626.20517602798 21065.74319388877 -3132.468987527755 34142.15398226831 0 -4609.613275552641 -5933.326630639476 -9008.880443244752 -22970.19021540464 0 18357.62006544193 -3378.612676530557 0 6806.253456796138 -9484.350492034469 -6959.777174065754 -17105.4556985792 6964.540734382657 5989.339095685637 -15983.98660429643 0 -16733.69407655409 2364.14057679391 -15921.10801913745 -15667.31712234444 7862.249479387315 -25867.71179041736 -28111.32331166932 0 -1926.574366730778 8319.199256463584 -2479.80312163386 -3922.707058364325 8642.058928504302 -11757.1517568859 5741.408174740596 0 -4479.370759204722 53027.97085079636 -20287.48421689858 0 0 -2452.355700400612 27022.08496485324 0 9412.444046446359 -16232.98367445248 -555.2882028543131 10450.12170654748 1511.742866494608 -3612.090641873104 7790.542308991582 0 1508.69708653917 6127.163223909798 0 13116.86526197429 7117.210891402436 203.7216454281461 -1507.369005317681 0 0 -568.3812259215056 9243.232136498285 0 18439.98264194121 -3929.323136573787 0 0 0 -21379.45442935393 -403.6325433014072 21165.56188925148 0 -13509.32612201716 0 0 3000.429616346742 13899.8490315184 0 0 1271.938356131397 0 -5416.659447558522 0 -9341.859705246752 -8152.442820174949 -3965.349478633802 0 0 0 0 0 7422.335610805681 0 0 11467.75712149161 0 -244.0610232974586 0 0 0 -4824.554074519333 0 0 0 0 0 0 0 0 9915.75619212078 0 3565.061010127682 0 0 0 0 0 0 0 0 0 0 0 0 9674.497209622279 0 0 0 0 0 0 0 0 0 0 0 0 0 0 315.6406519417169, 11001.76989546893 -35194.28231081132 -13894.53883937919 5115.667083817027 2595.429251485658 -1409.986403385203 4491.202605887021 0 4390.56712488802 7797.792775514022 2160.842922560217 5526.76145558487 -2256.580194211107 11952.05390324851 2732.356924780363 0 -8356.209421846861 -13506.35324619541 5170.788897626151 7946.822032956697 -2612.126763922612 29182.89580046906 756.9371762760861 0 3252.522548711781 3853.362721100062 1490.791253124487 -4434.123734527133 0 -751.1438106666665 8116.860334401907 0 756.1986140102331 21135.837260949 4166.978284474541 7804.316585796229 17735.4267304589 19752.9364588801 5926.823729753723 0 3174.345668268576 30291.21322103814 -1821.288453228033 10547.00992768063 -12373.76065102728 -22309.78047970271 7034.874858400714 0 2737.703921684702 -5843.19562429691 -7035.220123528701 2400.956002607421 -2029.102313367531 2579.810132382956 -15520.99130806964 0 -12936.34755766333 -12748.40664611759 1311.250568047977 4240.367333030525 0 -6194.428038837818 17698.28981731833 0 3207.73384828305 9927.362679829002 1723.344969616896 18069.7577920977 8442.690339552773 -10758.9055527271 4315.267551985362 0 3319.388298091902 -480.2885541034511 -10247.74717339928 2416.572103607881 2689.406487392094 -14858.53571654566 -4959.671457534614 0 -3462.344017831056 -16752.1984143115 -187.1551154186782 -9002.621143720495 10235.89809043637 -3658.198838261025 5554.120880314407 0 3821.7424993604 -12856.68099115441 3777.282860662872 0 0 -4499.160753590588 26805.94323627247 0 -15227.58658007132 -9800.476901613176 -7685.277532897442 2886.055040534002 4069.598871117731 33931.69208086717 -786.4570374609401 0 3034.040829428037 -5563.004228951588 0 -750.2447616056529 -7230.441064963098 1982.629216924036 28973.11719997612 0 0 -11310.55124868536 20129.43590517783 0 10335.00302588007 -738.4333172484348 0 0 0 15603.41370419674 4050.445990555661 -11446.17061360631 0 -3688.185239564628 0 0 2639.485472353794 146.6622888043385 0 0 -2743.414647741614 0 -9399.144646219549 0 5807.474920728056 -3987.052933686716 -6857.029274921975 0 0 0 0 0 1859.269504533845 0 0 3187.535754506847 0 -4176.680499523213 0 0 0 -383.9172425900883 0 0 0 0 0 0 0 0 -2866.418999492236 0 -350.195427708701 0 0 0 0 0 0 0 0 0 0 0 0 -3189.544097736471 0 0 0 0 0 0 0 0 0 0 0 0 0 0 -1261.541176198713, -4179.377149236753 5121.57366242281 1786.859014414701 -4098.136626388881 1094.502114619951 11896.14989114354 -6686.582524672182 0 -4041.357354019823 -3211.006154026172 -823.3824503316969 -10147.62486618988 -2960.982942294099 -7491.054761891748 -15179.99119136347 0 -3716.342191924107 -1493.388907448957 6692.194800261655 9213.122773031002 3739.085158385806 5556.473312778618 1049.674929822561 0 -3970.137220832998 5509.020611603698 97.0604547724206 -21469.67387356939 0 9804.177363086608 2284.558126152195 0 -3358.408635758638 26421.82821850362 -1762.31577786814 -10402.4902050856 -15438.12985163884 -2297.705281089989 14257.02509150723 0 4075.894795316444 3116.588206256973 219.0582469894889 -5424.209554039996 695.8900346056266 -9347.847981418236 7715.670549692687 0 -2435.173458955053 -3017.015177087978 172.1635958444458 -12228.16279016453 9455.001018924002 10379.18120799999 -8702.25708422605 0 6917.461592385908 1965.462798295144 4257.768138421856 -4871.845861004531 0 -625.1031608723933 1984.141184237343 0 -3140.467217447368 -3013.748008625792 -5013.452407083313 17016.97501522879 -3586.547878860234 29583.5691934725 11579.94432812576 0 15623.16280070438 -11768.97732314054 121.3699015536204 -15367.21814074659 -9388.863312328651 12371.20613922463 3396.769098915696 0 -631.1269062433917 -3838.572541333921 3492.588755377633 10562.04703606151 -6304.394208491108 2310.183692486584 489.941253424251 0 -6059.551914057341 16337.13078149056 22735.46108689249 0 0 -3372.101244758723 -39975.61039695983 0 -11363.09555531464 1392.242607514013 -3498.813457494574 -11617.75771654987 -2933.692487828397 -20270.69895435294 4586.707406501811 0 -11014.80377948957 20801.56580711317 0 -19880.89530874838 -59.98529133074953 -823.9387435740546 -15244.07572292731 0 0 3623.08465960818 -10620.31323564766 0 -7895.955312689215 6479.598628272805 0 0 0 1717.930856652931 -715.542333802719 -17030.56258593971 0 5784.340642435395 0 0 6403.859842764075 12235.18373050307 0 0 -4795.141816615008 0 -6651.369725638086 0 8820.835173836962 9642.524889995826 -614.5824246453249 0 0 0 0 0 5352.568640094076 0 0 -1226.903000184489 0 8800.344776200334 0 0 0 -10132.35874699644 0 0 0 0 0 0 0 0 6132.624154888095 0 -7590.251435979871 0 0 0 0 0 0 0 0 0 0 0 0 1301.969204082045 0 0 0 0 0 0 0 0 0 0 0 0 0 0 -397.40573739671, -668.5342423636757 -9383.694364887251 -3511.104592197133 10451.95651776999 1335.230691840197 -7913.167874324539 -6066.207409132525 0 1193.819816743609 -2527.724840481345 8444.487570923051 8363.979553426541 -2722.301006340129 -9160.898038314623 -22948.69227504448 0 -1527.060068690471 -3306.298366736136 2069.427008652823 -5329.350810851014 4583.885024287392 99.85980350534828 -9185.973724714844 0 -10017.41946161029 7026.480956871529 2348.234244353187 4015.141457105238 0 -17891.8901941614 -586.2544523823135 0 -6022.252304671129 20010.56804128309 -14810.43770431965 11238.05952309769 -5512.607649198235 1649.739241323096 -2575.840947597616 0 -15324.04241928769 -19111.95810958309 -7979.307434852457 2930.38912576469 -4983.075743131785 -11887.51772587384 17130.01124159171 0 -14037.58033444662 10854.35120170925 -13517.51011108202 9581.552906049845 -306.8578508400922 -9686.038064271659 -1577.657096216444 0 11068.62232456362 -8365.922990597464 -10508.91836740281 8315.754112381095 0 16587.17043460096 -150.4189424090491 0 -4350.419067874507 17898.97988541521 33731.29023667426 -23066.99369055275 -5734.551750989255 -4458.498585646138 18152.94110317554 0 -950.0553658253602 -5370.197020217152 -26275.42516071046 -17336.50301072488 3673.417800483916 -15985.93345725792 -4009.173308642473 0 -10358.16652870211 3705.603507113163 -9990.57863480418 7841.369874226537 -3380.272814266337 -3026.80898819237 -19780.85869222137 0 -5100.976846324473 2710.009651615163 15153.63155167023 0 0 -7913.975805616956 -6827.263751518958 0 -9592.665860230476 4465.814449906387 -971.9141079733599 -21594.69297590401 9456.529458726412 23406.84682026733 -440.1756298566681 0 -7285.22986903323 286.0761067360004 0 -5263.455506558419 6191.800377992186 1644.449600247758 11908.70821391211 0 0 726.3767193866611 -4379.78801060225 0 -7758.252170209494 15811.24526709518 0 0 0 -8194.770599432319 -19590.99650282638 -8914.731509667741 0 -10547.18923882452 0 0 -1513.247678900245 7025.671291110384 0 0 8978.587452472355 0 5199.786165825179 0 2568.948647936779 -3518.591574170897 -14102.2485607263 0 0 0 0 0 -3367.530573695429 0 0 4628.097100200785 0 3073.80402563715 0 0 0 -1506.252563156306 0 0 0 0 0 0 0 0 14177.62760454394 0 -5692.915947200255 0 0 0 0 0 0 0 0 0 0 0 0 -1757.380966727223 0 0 0 0 0 0 0 0 0 0 0 0 0 0 -1182.389079099081, -707.9229705168691 -3419.280729873386 -5093.091203051632 6953.728871016221 2143.624156295559 -2880.984558716847 -5412.349306016959 0 4985.711800345514 -3891.439704813166 -16264.59908061855 3558.25811396995 7651.94780964143 -7152.725623179854 -5223.17132046207 0 -1979.890684821306 3970.024737332016 -6266.484601444894 -4584.806336283875 -12022.93344877259 -231.3134459558655 -524.8217392457518 0 -1540.400132724212 -1350.600853055212 -23436.31972666811 -10632.63400648503 0 -7091.31487538173 -29006.47440066051 0 9139.625040112016 11760.78020001658 15231.17045579246 2779.666405199205 -6789.590388861954 4708.920454502575 6563.290155459403 0 -5030.927758236106 3850.163893311257 -4646.75457689059 -469.0423269119858 1764.549940448251 -1965.07170202917 11781.12043376574 0 -3620.21454902831 -264.7235323299083 19043.20302934016 -5645.135924755016 -16674.58284554144 21724.80659969625 -13981.56985688229 0 -8547.216156051991 -18636.55767838826 16834.65004663499 4769.024624660862 0 -6899.92965321646 7281.372291709937 0 1222.755931942052 5973.717781580649 24810.31277649914 1871.754060970769 -1167.9818782391 -13054.23961290108 -3657.953085242429 0 -240.8976380264592 -816.9723435029568 -334.8707963316738 9025.997556964006 2751.395622757715 11360.28767335901 -21279.28268498297 0 -1333.272522708148 -29596.0066883628 -1426.832810220767 10079.85251728294 -14817.44901827072 6039.574184324485 32.47504090452549 0 -6977.564699824678 -22991.87762423723 11021.2306132209 0 0 -4821.851932622949 -3158.337695650791 0 9110.179481296449 20945.21871305157 13350.13815551835 27569.96010422353 341.4913367677818 -7013.462781958701 6942.755976862496 0 11910.78068324608 24349.03280733783 0 -4445.147362410303 -259.7706958617364 -15742.13765324336 14130.09311069459 0 0 1853.33814673192 -11590.85325881049 0 -663.409639150399 13571.02067200536 0 0 0 -22897.08738420134 -9113.757723172432 -158.0016096343313 0 -7359.445344397835 0 0 2958.222952143636 -4073.288678520948 0 0 -3903.006032852169 0 -7866.547117435282 0 1504.109484840665 -10792.95015064692 17380.59637523813 0 0 0 0 0 -3961.77702148653 0 0 3651.437166500137 0 5176.926893474349 0 0 0 4747.061266697647 0 0 0 0 0 0 0 0 -2728.592891297297 0 2846.403539324671 0 0 0 0 0 0 0 0 0 0 0 0 1269.116235743877 0 0 0 0 0 0 0 0 0 0 0 0 0 0 2520.601465544074, 2259.173978628814 5632.209808442172 -3163.081677482531 -6782.35396448652 2963.065004315516 11971.14828862104 4337.283056006236 0 1065.981272208335 -6644.065689189685 14023.71594993236 -6234.079445036448 -7819.359531810447 9152.315846164382 2647.965645366874 0 -596.4411102800503 -11724.53276794059 376.6928147456483 -10040.7270224823 10155.56855357498 10409.67028482647 -7076.635287687226 0 11367.9044924434 -14338.87865083261 -16625.74839923806 -9654.680747228314 0 -16069.94712889024 -2913.377740043958 0 -782.7124434501583 1051.694777121847 2970.44566461711 8939.883768779695 3318.481301399533 4598.641994249264 7430.724209197519 0 -14142.95227761164 2061.937536994621 2591.988045674983 633.0168833526311 5472.247902799177 16470.46355489063 3684.223392131488 0 2689.759289167012 -1459.128826072757 -2837.265626677879 -2837.790521246617 -8293.286957795186 -3050.933182557334 -4129.642802655121 0 -10711.6718366937 -22473.9848509221 -688.4647384539089 -13018.54043725997 0 3429.178398767296 30764.20015485684 0 -4109.377437893896 -7451.115243382917 1199.230602845681 -8901.871189199719 3993.524004883089 -5741.979948478792 27757.22919720673 0 3670.477543512813 12162.78933906482 -1013.377902814198 13092.11058049642 587.8877665880536 6154.077376655674 -526.7702900572776 0 6939.127139057574 -13831.165727698 3297.899957003458 -2581.513422525562 -1805.950910515273 -6573.32337632404 23451.01925617563 0 -1998.504910375457 21267.07830141762 -11410.68883703363 0 0 -10031.77619847595 23463.07974627155 0 -3402.510553466828 -4766.830373272611 -4753.283887678401 9153.528050026058 -4270.707485578411 4313.807823252573 -2001.074695957534 0 -16741.95383914904 -1502.701279467787 0 11277.4217817894 -4937.288027005856 5207.81829760831 -3693.835291312448 0 0 -5671.8468287333 20932.73992733956 0 7606.344912140756 -3961.173190336472 0 0 0 12171.1161875492 -2799.655238753752 -2457.83896043392 0 1289.470428587059 0 0 2333.425608588896 10582.52323967106 0 0 -11990.57463002001 0 7712.753470873377 0 4048.952063992865 3534.595178258915 3746.157300081623 0 0 0 0 0 78.64200875158622 0 0 7583.332350906122 0 12807.87085724515 0 0 0 -4018.630548510314 0 0 0 0 0 0 0 0 955.6834275988263 0 -1023.894770442275 0 0 0 0 0 0 0 0 0 0 0 0 -2425.024927414496 0 0 0 0 0 0 0 0 0 0 0 0 0 0 -1254.912377679942, 2253.972691359509 2073.568095997983 -3220.922330314283 -3321.082318235779 4234.413151951696 -383.2454911937575 6969.063403311355 0 2973.127104200447 7942.007267366538 -10415.60430775488 -5347.936546959883 188.1641747437147 -6433.392212952927 24178.98110216333 0 2698.523981126169 -16889.91083243104 -20155.73507489104 -6154.571586671022 2524.784458334034 -13346.2233130427 8694.342850536392 0 8211.432815489401 13338.65057095045 15364.5296620947 12607.59748446728 0 1301.05126833275 242.8422675464253 0 16904.41347816219 23122.11658534029 -19498.44667463785 -6763.648476333721 -4462.363673956517 14547.70105376542 2705.559332395489 0 9094.777608874101 3290.362671013301 -3338.96391624058 2277.234152502068 4813.374395123522 9473.180417917887 -3971.057131121333 0 1668.043479772549 -3853.307447098328 -11988.30715298859 143.1065150359982 10113.02366561336 -23610.88768004063 9582.125154577341 0 3.858273175775139 -32966.4191920697 5597.375190986658 3244.12570212949 0 -15061.31028190066 -15161.90008015301 0 -4956.853976078753 -3075.335686106276 -7213.466178530445 6130.738652827967 5289.547433273156 -12741.53820158899 19802.97611000943 0 -4236.940856197549 -3308.494995687981 14606.59649137296 14960.13515518185 8960.336751301744 -2924.405025770815 -3900.789991750678 0 -4388.959719268052 -5422.689946322423 -1914.019565446157 -1869.803608210221 9336.994529512143 -5475.282207990528 17473.63629056453 0 10363.20013981035 12153.25147721293 -13895.96190530832 0 0 -4222.50454513937 6801.919114775528 0 -4607.179066110021 7580.471308741067 -7472.935522732989 16824.17435871619 -1593.99097076399 -19097.74779148377 1287.565904571422 0 -16310.734116639 14096.80317404991 0 4202.515056219882 -363.6524625128504 -7111.33457583607 -542.7721676522578 0 0 -1617.567885323013 23983.23931420259 0 13752.51582771424 -3049.99524264586 0 0 0 -2361.698660906322 -7026.661394606344 12544.33798747896 0 746.146360457074 0 0 1849.492651110569 -25562.6160340793 0 0 1008.906506581619 0 13250.1840388591 0 -11346.07578628002 257.0319743605321 15872.36431478889 0 0 0 0 0 1451.627735560275 0 0 4489.442635688147 0 3770.097012368646 0 0 0 1824.88220428394 0 0 0 0 0 0 0 0 2110.172548628284 0 136.7106489695816 0 0 0 0 0 0 0 0 0 0 0 0 -6266.870433298392 0 0 0 0 0 0 0 0 0 0 0 0 0 0 -958.1335216780392, -1719.462311107586 8451.960517033964 4390.271394496101 2942.384754222229 -2369.97128087729 -2932.713092472676 -14759.63413575515 0 3687.861994887632 6076.246902387472 7255.92525347778 -6813.226421476424 4872.721185588725 -2813.171402024477 -7992.435274732128 0 -915.4585580802641 186.5436468476728 -9744.667775345157 -14021.06868324912 10819.6772780578 7892.822232198403 1879.86676917489 0 6574.06891524531 10177.95722346144 1424.789067077174 13665.40366500172 0 -12630.67889358253 -10902.43542057798 0 -7408.718248921331 -10026.21890819894 6201.401501958319 -6980.102752405681 -11996.21281791993 -26606.5454175 -13981.4850974544 0 -2432.197454671871 -10894.53349699629 -12214.77883624461 3224.376865591901 -8486.954509912592 14731.81049451604 -1552.898529814735 0 1018.160374943697 21456.1723515852 -7125.824051277057 -1277.238723431391 3133.950700147918 20938.74397125321 2428.484218282871 0 -7556.818564833056 3660.103709579483 471.7013974125482 -1844.11241588395 0 17933.3977383257 -14083.27455428107 0 -707.8983470562193 2672.555353278218 32196.78900648555 -2888.182494326401 4282.324721381134 -10324.5926711799 5429.668265797662 0 3095.841377254093 -17114.46148899769 -15097.12736261302 7736.095983669533 -4755.224387474958 6282.528788126541 -12769.94338472141 0 4658.703049640853 -19236.69397949061 -4294.946138513804 3433.438777310597 -11095.00154514611 14102.59866419599 19830.90803345433 0 1506.145589203056 -19282.36208251668 18572.86360226262 0 0 5845.816838057499 -21874.01169034186 0 5137.131058726334 8760.270489275008 6325.608035293184 -14619.05592163038 2621.702749518941 -20313.10342077113 -6120.555545931347 0 11412.27588085547 -862.3468343724098 0 -1207.149787334287 4637.768649691403 -18690.75671568982 -20127.80709805646 0 0 5740.155611777034 1724.104506066382 0 3617.529007858511 19104.89480723675 0 0 0 1925.295604458435 6168.758099198416 4611.608386320647 0 21837.47465113485 0 0 2534.21167429269 -4261.959062982405 0 0 -3923.798906766171 0 -18419.24947954557 0 2800.691774112777 4212.401624836708 1803.726662239696 0 0 0 0 0 -2155.019539614888 0 0 -12485.35420278321 0 -8009.853983265804 0 0 0 -2185.916387233851 0 0 0 0 0 0 0 0 -1374.906244546936 0 4339.698703599326 0 0 0 0 0 0 0 0 0 0 0 0 4807.228895075505 0 0 0 0 0 0 0 0 0 0 0 0 0 0 1620.05151678414


GFLOW: 0.07199999999999999 0.6088874329580136 0.6100347677790685 1.212110209463189 1.213386007329308 2.55199272775874 2.552472085166966 2.141079550417251 2.141180781495865 -0.1794944859184271 -0.1941822459100004 -0.3236182616187568 -0.3932380531067136
q-corrs 176604.3572015092 108200.1417293327 -15110.84336245706 -14088.23050592959 -8757.824029151481 -22448.58635454895 -6549.910082062953 0 2213.866639058938 -672.5250077685355 -2754.198006297772 1619.179353434414 -3774.650715848561 1675.490132949506 -14063.26030040304 0 -78.86471948066449 -5487.571516401698 -2165.263348963969 -8087.83804013121 2659.913497627023 -65.32606493544279 -5792.406859991704 0 2239.832676497505 -16110.19501355013 -6017.578472424103 2534.170104412101 0 1864.106459812493 9809.245431458148 0 -1243.427919817562 316.9211426067195 -8060.088823752756 -11215.47242916166 -4110.68332117279 -7569.535041847948 4701.516363942717 0 2432.29178678927 13042.87791379178 13028.66126111395 1141.722699356072 -7082.152175689901 -187.6226102654887 6621.523638089284 0 -104.4480439997492 -220.143620672404 -14689.64840851183 14697.19897726727 7338.63943344618 -3407.905640278847 2880.012654748449 0 -4370.795941285776 -4103.340083938176 -2012.505584063152 -7744.70328418701 0 249.6425106247984 -3516.014966210244 0 1893.226568937916 -8853.289716236128 -2516.532382619658 -5899.526110066576 5286.267071280997 -1926.897237873178 -8105.695494530519 0 -3924.992922158584 2700.351112153685 -8153.514041611767 -4453.380319469743 12328.36953930435 -22203.67755454734 -9586.660036777495 0 -4121.440384747213 4466.117777218436 -2211.947005588485 -3778.890775003523 5504.921401540884 -2624.254326505521 -2707.335401008814 0 -4792.497958687773 26574.77356410302 -8509.1012891719 0 0 -322.4337367784901 16258.42916278963 0 4663.177114261314 -5182.789575489154 -3061.549753771688 4888.006005173625 2081.324304643111 -1187.17151857507 6015.91345308734 0 405.1863140758355 1714.667490091078 0 5352.959527830453 1823.134026913155 -3471.970621494887 -323.2358711951611 0 0 -60.49065696078833 10937.18836627758 0 3185.666261454369 -1783.503909682313 0 0 0 -877.7409927450523 -2681.670403058043 7076.614190175687 0 -5856.714946787611 0 0 2104.13763046609 4899.308428512772 0 0 -1916.469221021365 0 853.6018784182555 0 -4426.442128230483 -1443.932586226597 -1899.162506581207 0 0 0 0 0 1398.378859845488 0 0 1451.637731545499 0 -2463.423500110114 0 0 0 -1253.842588141523 0 0 0 0 0 0 0 0 2712.696234000008 0 2465.079520879037 0 0 0 0 0 0 0 0 0 0 0 0 6378.395834578836 0 0 0 0 0 0 0 0 0 0 0 0 0 0 938.5329405415362, 16819.28408771692 -7622.724938640986 -17832.49171013511 -4127.686579149004 -3276.374115537031 -6335.871886837731 -99.30123266234352 0 4764.778441738974 2103.602932448321 3749.255395114703 2350.102364972772 -2588.090697663485 5781.752538195454 -3411.039372218327 0 -1771.779865155728 -6147.132736106443 2298.436700672289 -1870.822917080236 -3373.787309809081 4558.113583051185 -2345.220046942387 0 179.1189131303477 -6234.188775315106 -2101.438583422388 -1863.876773338535 0 1568.234674952042 508.7679617565936 0 -633.6509419812159 6570.824303526666 6581.993289520735 1441.469545802353 6451.983751014934 6638.907821548564 9673.374080113281 0 -384.8963531849101 4296.513805407629 -1182.314287619571 2989.299221087375 -8324.561234132494 -6922.322277215326 7936.443776557647 0 1038.128828303986 -1549.336810399209 -5245.277817482988 5104.059773215857 -731.3608350496124 -3709.724935886923 -14725.35416168128 0 -9266.378724705271 -5929.198408871762 -1111.413253050377 -2173.99672453548 0 -9728.15292703564 598.042028853182 0 2226.375404942308 -253.9958646611321 559.1812633577904 4879.104162583178 2472.442325742074 -1490.061824021751 364.5246314478227 0 -1021.45549790101 -1358.922367017732 -6761.336598673207 -2861.293672200399 2202.652588939258 -2578.392189499619 -7116.809997998586 0 -485.8104628781668 -2947.916345837361 1089.356388411471 -2296.943059335438 3016.632700948438 -3032.474599213543 38.73967901213791 0 4632.637843473633 1233.622637860768 1271.110942621387 0 0 -5749.824664603152 12436.37243855252 0 -7920.171163217679 -1238.544554949831 -2218.919776495331 3712.755427338383 -807.2243903914476 13011.74862846484 -823.0804493666573 0 -4116.135049312052 -2615.47257874052 0 96.79747316961573 -318.1314358322775 -3412.897854149917 15537.15665663259 0 0 -4008.361013697858 9092.348963245742 0 3034.837331117105 -3298.470127821171 0 0 0 5296.150707387622 -2553.290065986586 -2614.387486175075 0 3506.641499270803 0 0 1142.136334997954 2226.571776900513 0 0 -1456.545017855988 0 -8056.205467158727 0 832.548555681851 -495.0434464716115 -4497.634887156661 0 0 0 0 0 1250.710990909899 0 0 326.5158112175868 0 -5506.880282942611 0 0 0 -1808.891598762046 0 0 0 0 0 0 0 0 -1213.843151925442 0 584.0612043487733 0 0 0 0 0 0 0 0 0 0 0 0 -255.0865634573524 0 0 0 0 0 0 0 0 0 0 0 0 0 0 5.998971825218291, -2434.623619268315 -3315.121651889653 -5473.036504159099 -3845.162190765589 -315.1684005724006 2317.220418267015 -1153.571180099512 0 1602.603103338392 2923.72420258225 -2833.06728002746 -5313.294463221431 -544.6686880859107 -670.3216908334061 -5449.550676621324 0 -1157.933580139917 -1172.967691872909 764.6861722218196 -2069.57004348008 4380.582579089124 4709.79939582824 -4127.013259681024 0 -867.3069622550693 4387.415098957243 2034.868752859576 -5273.204895778223 0 3561.182837074969 2338.702377199386 0 709.5431369113736 10834.40415368376 2723.012758138297 -2469.027442085615 -6440.927723446272 1256.608105535878 3924.308811323631 0 -122.3816056937278 -2790.693805634861 3496.518119278917 -4952.80469094231 1884.079111587633 -3820.641499309216 7650.195719308787 0 -811.3318694705158 -546.9465517970567 -3118.007101886977 -4371.103939949438 405.8198801119377 10060.99008184427 -10217.79680604228 0 1494.898568938428 2253.839869247886 -2741.56327737112 -3466.296382149827 0 1133.835095539249 805.6688096808766 0 695.006186730059 3656.239374741127 -2880.723575410287 8599.376623234024 -17.66851687519693 5512.001982127817 3818.348207219906 0 2078.711482327811 -5843.356782700122 5270.623586732352 -3782.648171689385 1762.983132701821 3349.930361497387 -3007.813314676621 0 -884.0149491095337 3660.835635123851 3347.472457768204 -4885.132290050746 -1784.92089142375 389.6802196892797 766.6359327688424 0 -1361.543974333936 5679.835628624423 10915.72660309133 0 0 -4518.189174265328 -11770.36783139889 0 -2532.720072495804 -1892.840084334335 -2938.18931894301 126.1184118078122 1086.595880292824 -5070.101513611586 3840.362542683408 0 -7646.898939585365 7486.472490357812 0 -3106.127207612709 -2442.247845660389 -3900.950559902587 -2919.58842230087 0 0 3590.561882078306 1276.345443141585 0 -2478.828614218277 660.3162978429391 0 0 0 -67.79125678451885 3274.974203472892 -3638.05232135671 0 1953.226981553515 0 0 3150.710670036559 2980.633741454899 0 0 -1751.685629788019 0 -1761.232874432691 0 2865.091613794295 4510.701406712107 -2124.653032401199 0 0 0 0 0 3364.560250404986 0 0 2359.475626229981 0 5123.018600631947 0 0 0 -4220.963307288354 0 0 0 0 0 0 0 0 4188.23853800792 0 -2515.680612813071 0 0 0 0 0 0 0 0 0 0 0 0 541.2125739169896 0 0 0 0 0 0 0 0 0 0 0 0 0 0 -326.4341387835044, -167.5869257296984 -3580.004450099341 -2758.098646519188 1223.439694753161 -1862.484531007734 164.5131519710822 1394.414449481749 0 2913.123429671082 1511.32973430325 1374.322578837162 4388.614557255562 1299.938838706395 -2611.92092356888 -8106.649537690929 0 -1670.659232287433 -1069.353151622538 665.319887545463 -10139.4727768327 2160.219413804056 -355.5076148734826 -9673.729002591139 0 -4085.481024639734 7694.082352163986 -405.3465048203711 -771.1146956546077 0 -8846.616508849906 91.50226801990993 0 1130.864357114099 7902.858772889918 -5601.557003406192 4086.041289923747 573.2407016761315 2734.200996541439 3415.600962531874 0 -4951.887608922338 -4303.066831357195 -1078.522707383698 354.3598986472733 9.816273900580882 -1241.837909676899 10353.93734749819 0 -3253.667613758207 104.1077975695971 -5788.640772839171 8225.073746368565 -1160.388063596354 -1228.021047967697 -2977.781482341915 0 5073.551800919738 -2715.692759798359 -3149.648447145441 6429.127058433847 0 7711.424000060761 -690.3396272765413 0 -1859.259915694826 9319.493857470006 13281.372281369 -5608.342379148496 -2938.751719589456 -4346.881072405071 2812.926326778203 0 3368.516468717539 1140.962668270365 -796.6119876261964 -5247.478802736451 1641.673357815507 -6834.449070728302 -347.1757610106602 0 -3723.98963185787 -937.8025570018781 -2442.537328427716 333.6453434756925 -2437.783631329781 2507.401951301214 -4782.55643160311 0 2092.459630406145 3569.932644979132 6954.967566890482 0 0 2414.732912301874 -7925.114161926896 0 -4090.564841859858 3502.337986370799 2871.167367409926 -3147.190350458158 5083.715727215996 4106.347273944375 4908.099980403165 0 -3037.746877793256 -735.8777189682909 0 -1036.142478233356 1181.20408289741 -588.894217280037 3596.006838602611 0 0 1538.072805596443 -156.2531459023667 0 -4447.106482562254 3724.819927719702 0 0 0 -4432.461240233386 -3106.290116654165 -1669.825359070621 0 -4093.473722629454 0 0 930.4883636970679 329.702525893116 0 0 1844.71731723323 0 -640.3771577695143 0 350.2718472474035 290.9454707132767 -4881.069652073636 0 0 0 0 0 69.21051954690091 0 0 5230.067200665566 0 1566.492340888984 0 0 0 -779.6161058889132 0 0 0 0 0 0 0 0 4476.511130635242 0 -1485.469088370598 0 0 0 0 0 0 0 0 0 0 0 0 -1494.517844401408 0 0 0 0 0 0 0 0 0 0 0 0 0 0 -494.8622292560033, -195.1348322115373 -2536.181619258406 -1613.91011150071 580.3199159423262 510.4711845447464 2892.894407028406 -540.9144950941013 0 4359.507756935356 4356.099374006455 -4201.827394847222 -4259.301497178252 6256.725646729436 -3462.567070557197 -2278.534673784862 0 -2841.268211597051 -808.9076152042389 -4930.42971330394 -7185.174501473333 -3351.183632589441 615.4850695205109 -3695.827187292349 0 73.57915273187712 3531.475510118719 -9112.953654828552 -5384.314173478566 0 -4168.651645460625 -7102.636902467987 0 3777.740031178996 2199.156102984854 8161.256978623937 -630.823990475605 763.3062897950847 2837.816162246158 3819.070987231757 0 -830.3367516971912 112.1952109041176 1897.42363582141 3568.705813219206 -3031.493068845891 5668.885875568621 3232.212630195868 0 -932.8476186595917 -1821.198194877045 2990.453790635217 2564.292921186056 -5294.572830030522 9285.994874285007 -8451.471477854058 0 -14.16183214179227 -10188.65810277759 8307.383295008553 -1049.605057245924 0 -687.1782639526341 -1449.707233620003 0 274.3498438363389 2157.80334428897 9155.245906415556 1111.954758237162 -689.2973923922452 -7248.16710268995 -2812.911618327732 0 -711.6791407562164 -141.0802730265864 -7574.860728987291 -2234.476002294547 -2878.752443108035 -1420.578326253593 -5801.028999686184 0 1321.73508098211 -8874.763467233883 774.0627132982552 4433.559375412216 -5890.552708944651 -618.0722892288677 628.5633017245141 0 -1676.925348696121 -8637.036653048619 1764.377726375779 0 0 -1697.638037820241 -1986.413584966712 0 2218.401128855914 2626.65828076968 5962.814252487233 10294.62267539274 -1207.186654639408 -6994.288136490309 3019.023827664152 0 -577.7304894861077 6852.825335741058 0 -816.5820329410817 -1515.204485672198 -4923.034882662259 1327.521311375132 0 0 681.1254345286713 -3269.762405474444 0 -898.6200563384323 2874.699574349749 0 0 0 -9102.244514070526 -3857.72207262971 -1711.771554568067 0 1203.83664717152 0 0 1520.44091121496 -145.4195365600494 0 0 -1916.046007798409 0 -2867.843639282653 0 -470.8106485646313 -3849.704552591467 5546.13489708668 0 0 0 0 0 -1529.993432908395 0 0 1658.435140545556 0 4109.576082406589 0 0 0 611.6950258471239 0 0 0 0 0 0 0 0 -1397.540914848149 0 906.236723322736 0 0 0 0 0 0 0 0 0 0 0 0 -816.8368596358732 0 0 0 0 0 0 0 0 0 0 0 0 0 0 255.9226672396512, 1139.919046672955 1900.02156550754 -1650.302480427635 -3795.352027009627 1553.137833141783 3194.341304567434 -1148.372608537433 0 198.728822179392 -1936.459381729891 4361.63307185833 -3461.870271739123 -641.0243706141605 1057.959727837276 -1813.068255674624 0 -1284.275516820205 -4357.267649984829 2756.591084101618 -7268.279224856178 2303.343593229649 5429.897530916896 -2414.458454773234 0 3232.766605394574 -3610.057933588459 -6215.61133094144 758.4773575405497 0 -4714.871202277625 3583.306436068415 0 -688.8068362625386 3919.926182267876 981.3384565752775 2166.876168228766 610.6730771850771 5184.442870334654 5575.549847597981 0 -3386.65672177457 -3507.948914968636 568.2548153335977 -1917.181671278393 468.7217914056982 4955.522875590701 4908.060978917034 0 908.2126958522554 5324.498495229545 -3683.114147125419 -4419.318592101754 -2098.334041400248 3010.49001599471 597.0924862951802 0 -173.4832675943653 -6587.497946049048 661.3858390805538 -765.645232015587 0 4941.489054326665 11460.33518990175 0 -2452.728154847183 4056.337739379936 6491.165644193089 -909.9231444179013 -222.5965075871591 -753.8952473327654 10194.8956333348 0 -1179.501508850328 1104.678566370456 1386.817646454463 2468.716534202701 2269.568870668657 1646.390955837564 409.0255318117738 0 898.3757307740101 -4470.117673476359 4735.69954075882 3610.208508478659 1236.214872406637 -7450.647152766003 2150.328337681029 0 1222.430365727081 5626.837310313691 -4098.396674893107 0 0 -3208.190479793726 6014.952449172682 0 339.8930909425729 -3032.746828450522 -3457.310199578133 -2354.985370253182 -2653.578136866882 -2010.288081449659 -558.7844536789594 0 -8566.808653429773 232.3601189457936 0 7225.193642677892 -2068.825871565442 -1351.180263002573 -4402.650583752915 0 0 -3472.622794177874 2633.053290767495 0 -860.8727631890235 -2827.702361908975 0 0 0 3362.251929594179 4528.527798290093 -991.1741876301783 0 2353.457964601353 0 0 1040.962760351788 3074.214626515874 0 0 -2201.371266816614 0 2497.798338845534 0 3600.063507773019 1658.849297629773 1163.845658780354 0 0 0 0 0 190.7717399671349 0 0 800.366246897107 0 7963.596342990102 0 0 0 -3038.221548955958 0 0 0 0 0 0 0 0 2373.874533358935 0 -965.5870026387092 0 0 0 0 0 0 0 0 0 0 0 0 -2630.452289913837 0 0 0 0 0 0 0 0 0 0 0 0 0 0 -1049.455839959087, 972.202386999475 2253.693756334278 -564.9487437838397 465.5011755789696 1544.459823902007 -3200.701185739896 -58.97558150491204 0 -116.1486147613139 5784.750993103022 -336.6327301247081 -1243.19055285094 2380.839009345848 -904.1258964939586 3477.933737358752 0 -298.7076378434274 -8124.698870879321 -6822.873111055425 -4356.819658473079 -1333.013815499138 -4186.064887004106 2657.263955932263 0 1913.569111709915 2492.891585000175 2447.291723401707 3173.999520508152 0 -6098.248249731711 997.3227783398011 0 5661.359761293798 11936.68509855259 -5191.348466897389 -239.4014902679291 -2769.183742749496 3048.621242444484 -1232.913059618667 0 107.4796667690387 -3552.949537759469 1792.618335645637 -357.455465036704 2867.950329854832 -2451.176652472929 -3931.949623466724 0 1396.76295226102 -1692.582974493768 -10762.43181254458 3712.549824355835 4799.941665430082 -8254.313967811142 1289.714461317299 0 85.74965030179374 -13040.20293403889 1322.901870168116 520.0301194558392 0 -4691.264217193775 1233.258942533156 0 -2033.220070464723 8886.3789404333 1526.442776277516 649.1066218428778 -1638.531819969752 -564.660359889089 7255.580142336057 0 -2700.083932913119 -4001.24296640157 5577.281662202769 4731.282035205231 5345.636237683102 -1724.44759931817 -5662.82883796107 0 -412.4882029868768 -2127.84202157459 1096.850928622864 4941.11386653505 754.4353723513123 -5078.994157255085 4901.649454289947 0 4058.962055642041 1127.569264161624 -5773.510792182318 0 0 -3731.030985205601 -629.063359287944 0 326.7947217677649 868.1768148265405 -5167.031776125841 8063.745948343207 -727.2410106893319 -2916.126387648922 -1215.044389577091 0 -9011.657083665399 1628.655075572368 0 -1202.889763329527 473.8512012581823 -8497.296573293892 789.623017066039 0 0 273.0527949977301 7278.011773300222 0 318.2671008286502 -5470.734669083605 0 0 0 1754.009086406655 -4343.094005397697 3328.649387513982 0 305.1771401868493 0 0 934.680322963752 -7373.18160425475 0 0 -615.1231176431045 0 5214.421661277151 0 -1879.369137662689 1229.472835531725 5004.090836491648 0 0 0 0 0 -547.5876067108861 0 0 2522.952607956572 0 1800.912642406198 0 0 0 1.661389409127992 0 0 0 0 0 0 0 0 213.5899177184706 0 -2491.330493676195 0 0 0 0 0 0 0 0 0 0 0 0 -3736.690022066982 0 0 0 0 0 0 0 0 0 0 0 0 0 0 -684.5910012227037, -85.57730282927878 2581.349640251571 342.3287448104599 -481.3612238037799 -382.098577340557 -1741.411268507216 -5389.856143587141 0 4254.478546778489 3327.625392599565 3761.659619860791 -5521.741671557372 59.15978688528844 2703.730611661038 -5405.934078083916 0 669.4151346472445 -207.5571486090972 -4324.954673577585 -5016.139230769545 4833.178676878855 5035.957022436258 -14.54325412773039 0 3124.234595277889 4370.732548774328 1444.500266475882 3803.302796240131 0 -3386.143714972839 -2899.62430152408 0 -1350.8917408733 -5335.596401490867 -1625.063011360859 -2367.5220834529 -2966.249258992634 -8420.354113938414 -810.6792037833839 0 -585.3757213041868 -8548.242154730364 -4306.358752630002 4179.149077274436 -3793.276085951236 -2199.055719099299 -4581.302291896776 0 419.8252160688303 5227.407502249207 -5224.571939899954 5907.751136710618 -1011.55406563264 6735.937096790048 4459.008528127089 0 -3831.810251590934 -1024.4869374179 -1906.648680711735 -3715.535013993141 0 1571.892440163276 1688.468524762207 0 -684.3253645043669 3364.314891187645 15436.65892811176 -1191.854150098606 6287.095135049468 -2320.774064179694 550.7498063137477 0 -917.6634958696654 -2896.692726057602 -9172.450889179363 6520.684866399228 645.6038657315743 6880.4632742882 22.80230999944501 0 -231.8934618934369 -9289.800802586842 -2616.903322061127 2095.417719695426 -7039.42096543844 2303.771310904789 12290.91896382152 0 -474.9930189450806 -8055.681394369791 10051.08360950883 0 0 3079.721494963723 -9096.783772135372 0 397.8933127955555 4928.211245126202 2328.639404124661 542.3792646552006 -90.90092038274315 71.22382031132634 -4426.345081555497 0 1629.683404237103 918.4464930196132 0 -1939.121451976782 825.0872977866637 -6509.846927434835 -321.2895408386985 0 0 1376.554344440303 4563.63981155687 0 681.2427544648026 5284.814252566766 0 0 0 -808.8712864828294 437.3108691212267 2942.18982279076 0 6803.326237814077 0 0 881.4454136300715 -3570.388747736208 0 0 -463.3217754596046 0 -5336.221534275079 0 1187.395257777996 2056.227999290219 1308.866064885562 0 0 0 0 0 -924.1470462610965 0 0 -2565.713911644741 0 -786.1475500657721 0 0 0 -1038.691610381481 0 0 0 0 0 0 0 0 -3002.83500476376 0 2600.405401360483 0 0 0 0 0 0 0 0 0 0 0 0 1013.766420739737 0 0 0 0 0 0 0 0 0 0 0 0 0 0 539.4477795727904


GFLOW: 0.144 0.386795084756876 0.3888325843313098 0.701752851993805 0.704111595981364 2.797573229969813 2.797510847336559 2.543616433602156 2.542611070059334 -0.3217046752821266 -0.443667294749121 -0.4999214112942259 -0.6923339558867436
q-corrs 65044.18448041897 79745.68617129367 20761.86005278108 -2748.083100134732 -6673.143851859664 -15449.9131074689 -6328.626048036291 0 -225.8219241816834 -2346.698121327958 -2011.126354019837 -865.5493917383702 -1820.896565885758 -733.7826922923803 -6268.833935573172 0 -170.2865133109339 -2660.883938742285 -2617.849337555074 -3722.910469432929 -720.7941357199126 -3159.068200221225 -1488.738648250766 0 -1428.031255174579 -6860.18728040598 -5681.842255172292 1507.946327569177 0 1727.232809832642 3775.646720570199 0 -724.582995660631 -427.4663855245063 -1473.077907840772 -3017.942726969462 -1752.466020247492 -3114.849121561971 4255.556996116946 0 2100.035374488884 6109.874399956901 1643.709896566152 3212.747065233636 -2828.536321941691 1166.024650626201 2507.884533368805 0 137.0312982699775 -1216.088444815497 -2871.132772684015 6402.593285964827 1991.357525146628 162.9746838213905 736.0437397161554 0 -2951.283364573022 -3019.997786959701 365.2882730007406 -4028.68184991416 0 -1453.2284180905 -1146.363606291544 0 76.84290270276767 -880.6505523542941 -1100.159677726381 -1153.284240118957 1518.509588902612 465.101848426043 -3410.435522130993 0 198.9002709048682 892.22563675642 -1807.920809631115 -2205.565537622524 5009.953655897241 -8537.894790177863 -2460.318796272523 0 -2592.072902673195 1962.886290527966 -509.5744443451306 -1617.121235807866 1341.136800413805 -479.9072689126525 -2711.989030197297 0 -1771.93191400257 10051.91472813757 -2957.231587103136 0 0 -1861.844153714178 6566.287301691242 0 2136.728656979618 -1634.202482210807 -2565.172070859402 3014.140431972286 1114.332679389679 1357.917248403271 3101.821770032167 0 -736.2153890602431 165.138417563025 0 1823.489108211453 711.4327468486999 -3160.754585358969 1042.05680156429 0 0 -88.83752310683531 5863.801568013065 0 -223.6056325407624 7.172890453657715 0 0 0 1983.903400610882 -2972.301730006679 1483.893740511471 0 -1673.441672948589 0 0 562.0666880994104 712.2806254677678 0 0 -771.93665425651 0 1488.278759883192 0 -1828.460385667496 -1130.898298968614 -1529.1495250365 0 0 0 0 0 -515.0205346865544 0 0 420.9409134150095 0 -960.3666211366053 0 0 0 -747.9145888124772 0 0 0 0 0 0 0 0 1245.776831694175 0 1359.289789871979 0 0 0 0 0 0 0 0 0 0 0 0 2964.827770693175 0 0 0 0 0 0 0 0 0 0 0 0 0 0 713.6536383155071, 12907.18164435674 10223.57166863298 -4418.27863862407 -3997.484993625926 -3651.577415515671 -6887.064442974479 -3374.173830885279 0 1396.710816513247 -808.6864728984724 1092.881965275079 162.933575736134 -1598.704893291226 2076.886307735255 -2651.538903343995 0 -354.2934131172445 -3040.33066943941 -30.0380113414916 -2283.560969071128 -855.7319988279626 -707.8642140659281 -1419.341686714688 0 -1141.119094270079 -3280.804202032349 -3433.497933676608 -552.7661077457368 0 879.4844925402144 -719.1193020360272 0 -314.8050887882399 1617.815988863307 2834.809039590275 727.3607631580055 1684.93215633242 1604.822702320565 4670.247503164188 0 -372.9553708794252 -457.450605880994 -84.12560565426588 1268.702607732849 -3616.759339302052 -1547.698701296444 2250.618881380024 0 336.6532356975146 -625.1238885508706 -1199.108275230421 2196.872205875519 -287.0693345394776 -1942.50825620824 -8530.339547017524 0 -3705.984045095704 -3472.057513056158 -1231.760317035671 -3896.710008545794 0 -5836.545199173856 -2273.334091237297 0 904.9209995388305 -113.8430166373648 -198.3474179724317 752.6536357196579 180.1186735371587 -1123.020247322282 -467.9551201071224 0 -1385.142056615501 -1501.538776687517 -1677.796625278367 -2057.964555281393 1272.366633349706 -917.2188898250979 -3028.557663400166 0 -380.2527124387707 1692.480203101345 246.7106337579172 -1255.26415369748 998.519562024082 -1857.957794032306 -2100.814010992767 0 2353.758512152798 1454.855379685686 -33.49806461226081 0 0 -3286.13014454571 3420.35600549767 0 -1940.781614475241 -189.6729341525098 -1967.28905757497 1949.301749050368 -818.9421503149952 4593.948669155201 -303.3923944177295 0 -3361.171776012064 -636.601793638942 0 -458.4900899306136 -3.406134212791329 -3364.380754235732 5499.34742708128 0 0 -1200.956099431395 4044.025331019853 0 810.3533843151554 -2247.362003194913 0 0 0 704.4265820150219 -2892.843148681139 599.1289175187467 0 2244.643294552298 0 0 149.3693931262796 1164.810667738568 0 0 -692.7285185186498 0 -2860.611777188191 0 -563.1166625141676 -421.2890302188364 -1221.534264458011 0 0 0 0 0 277.7358781407721 0 0 -151.0972421147351 0 -2636.356685856662 0 0 0 -774.7125732364696 0 0 0 0 0 0 0 0 181.2746201466578 0 412.1536502672362 0 0 0 0 0 0 0 0 0 0 0 0 1043.245949942866 0 0 0 0 0 0 0 0 0 0 0 0 0 0 330.9926798835668, -1419.027038296357 -4847.173971382286 -6744.718157949939 -3252.837942887025 -1062.50967674739 -1479.715346885975 -895.1507147761356 0 1353.72081317134 1844.648820351263 0.5657689832369215 -863.0779166557838 0.8340973247670149 1243.457908476384 -76.36022981682163 0 -16.37674838739585 485.4254791445389 1338.587662979261 -1870.752773048167 2590.726858890498 1578.95580061458 -2954.45551847979 0 -646.8943469655514 1970.403730793473 1625.834663439567 -55.5655716932917 0 1188.763354772573 1031.701877678975 0 965.2436606822905 2603.981741001537 2188.926126220515 741.8465846839779 -1583.886523983034 1204.140524231615 1056.467879145384 0 -450.8053874505267 -486.3896869023083 2129.831387663257 -1465.462928269119 606.1270191470603 -1002.458456258654 3722.114927457258 0 75.14794316080577 1062.458861994619 -725.4184951158671 -986.2076506181668 45.18423822854567 3148.907358061546 -5706.711145683434 0 494.7119308605832 1013.517039664056 -1824.713401662918 -1386.598404435402 0 -409.8851889971479 -93.34491117804623 0 733.4884896870767 908.7104637532489 -953.6518918324311 2789.66440303424 1062.445674476062 -76.16213099938261 1548.566164789993 0 -680.7295701608991 -2098.743174917209 2898.498264689868 -1547.871812041273 1051.719642861618 -561.7760512589489 -1753.037883011698 0 -710.8415824086435 1856.120949951085 1165.091043218443 -2996.963525661072 -571.3845602695101 225.9036434438223 -1639.452303592831 0 52.58341759071311 2757.618272962604 2443.152157444001 0 0 -2070.466829686289 -3369.102627944955 0 -316.1312989059171 -1201.149557769256 -1475.376222183011 1726.098620034556 642.2541014770742 -100.1841410403462 2075.950023084806 0 -2869.202988974148 1741.834802888054 0 766.7790240569037 -990.9533934305957 -2423.233723529244 579.0978765327313 0 0 1131.190137074591 3512.975535633025 0 -552.2770810889875 686.3404594717268 0 0 0 -845.1739716892059 2289.424741994985 -237.1052929365501 0 1071.481904343898 0 0 819.590861956188 2009.01954545419 0 0 -76.17047771027887 0 -502.1419699312285 0 635.1911635397887 1847.586229865842 -1238.034056932183 0 0 0 0 0 1616.819211596265 0 0 1143.967106968957 0 1019.778365089503 0 0 0 -1092.429589599706 0 0 0 0 0 0 0 0 1629.392176689882 0 -385.9181588519625 0 0 0 0 0 0 0 0 0 0 0 0 217.2555860803722 0 0 0 0 0 0 0 0 0 0 0 0 0 0 -39.01053871220998, -391.3028888049826 -2096.487494026924 -2396.080917884644 -497.6974675540633 -1283.043899493596 -272.5685818166953 1846.656923322217 0 1645.763691483325 2254.658121678308 -1431.43036899861 1310.840646137109 1643.069694408791 -176.3899930076873 -731.2763062349543 0 -1079.73428246744 -1009.130587290896 385.2944466790577 -4602.842568227281 1416.982533503894 -347.1609344943557 -4956.851316358911 0 -2300.662345217355 3410.341318566766 941.0558748808883 -380.364074129903 0 -2596.763797648715 665.5883856174289 0 1999.030157348304 2051.88641547434 -334.367322177471 1690.082963155895 861.7120649617264 1175.214750963781 995.7961694300238 0 -81.09997051620087 2556.878732265992 2493.036733696571 165.0759852847648 59.47200627531043 1631.19541806915 4908.889485747917 0 -558.8453719581188 -848.4123676667944 64.02447673574216 4913.457794932252 980.311748733596 3206.639469695257 -696.7058482740038 0 1058.733361696598 -1105.670101613677 244.0584944198205 2312.729859750818 0 3107.120747248919 2889.80198879715 0 -544.994036673275 3384.965340530272 2302.85992555915 -107.9305326870098 -755.8054974870365 -1687.724197825464 -91.72638455711319 0 2581.774569594268 2200.175578306093 1614.866405422985 -1993.268177116589 282.0148596306271 -4403.115827337922 375.1564386227853 0 -1068.687727279605 -2483.627021345696 75.82881193825341 -930.343670398858 -979.376500604032 2905.867108265308 -1366.697333495384 0 -80.53839602283028 2478.814076729042 302.6067631089209 0 0 1812.976457131945 -4743.940532788507 0 -453.677241457274 730.6342196312739 2694.652392205635 1089.955137786561 1827.400979072483 107.4375951566465 2890.074417357474 0 -188.9119692398618 170.5811216676725 0 128.4763639408667 207.4854161420736 -1034.934333059829 528.6667481091392 0 0 1008.436844246308 1533.021411932062 0 -1461.968975780924 1838.101784200579 0 0 0 -1175.960606882345 389.1372777757319 -617.3418939710555 0 -1390.816659935043 0 0 519.7513921813629 122.6548412907568 0 0 454.6294530453044 0 364.9662094764542 0 -69.11221082668305 613.7004864832807 -2025.997343924064 0 0 0 0 0 457.4513157653373 0 0 2129.420004847072 0 1131.124287047882 0 0 0 -448.9374341903037 0 0 0 0 0 0 0 0 1507.787284556198 0 175.895325831701 0 0 0 0 0 0 0 0 0 0 0 0 -217.0470464904583 0 0 0 0 0 0 0 0 0 0 0 0 0 0 -192.8103769128845, -188.6805932330972 -1374.647053756601 -1400.412737232439 -319.8325991345122 122.5447788824598 916.833139382358 735.651947340259 0 1504.427079889301 2123.700861578983 -3359.908079210124 -2731.161636214058 3074.287500405846 -1623.838825096398 -1576.552163721364 0 -1834.619095045401 -1845.212669898115 -2624.828814277857 -3788.905611886716 -750.2976506479622 -970.0636866521048 -2350.906375110345 0 -904.5903888553194 2259.562094194725 -2477.663373367809 -1196.495259062327 0 -422.0706428716456 -1877.479364706838 0 1666.555335306208 -690.3074463736866 4320.522891188807 -412.2531060592249 1048.898168635636 1600.1975935202 90.42708676885786 0 912.5961358556925 404.1905743072557 1415.181996913414 1121.999403706367 -2287.30136825534 3040.137101713574 1052.402213067084 0 -269.60110265355 -1458.963745257811 -482.5568727079626 1382.270604934123 -1042.218093123162 3413.599919397383 -3186.445708719622 0 304.3953475548321 -4442.061450080746 3409.998026189857 -782.1610712788911 0 -1604.6985430304 -1433.78573817186 0 41.29319090228694 1015.006987203747 1367.838303452897 44.2335316973157 -993.4784043111363 -2733.604160666716 -425.2604495433211 0 -169.6071628311869 865.2018435133754 -4060.58628514425 -3544.596771882007 -1845.358050878105 -925.9092028572011 -1123.437675842429 0 1068.514174483034 -2736.062393012348 638.1733298623731 1512.687486062001 -2190.329937828492 -944.1246809459305 -1659.57593173165 0 55.61398960609063 -3925.222862636587 16.15422302140769 0 0 -788.0033697806761 -1294.561456077188 0 -83.31537172066356 -666.5967258142621 1544.926525379973 2664.43859909711 -1160.381590128385 -2808.200824016184 600.4384239594274 0 -1975.292040078279 1171.896707160663 0 -101.2482959117139 -638.9777777525343 -1309.069006729281 -1181.286708485947 0 0 523.4364290992685 -838.5454293159893 0 -109.4404010324535 -886.7372666224686 0 0 0 -1994.066648860566 -746.505275508503 -994.6721237010036 0 501.3567402957182 0 0 710.2050749369487 -184.7794395394969 0 0 -711.8140688873651 0 74.43007332227239 0 -50.98991304198614 -648.419135199058 355.4480163292743 0 0 0 0 0 -507.411764221869 0 0 857.262606444049 0 1577.213146216279 0 0 0 -469.362571823818 0 0 0 0 0 0 0 0 -152.0031062697074 0 411.2629623074478 0 0 0 0 0 0 0 0 0 0 0 0 -596.5594199921626 0 0 0 0 0 0 0 0 0 0 0 0 0 0 -257.3304764910852, 336.7655267714697 732.0639398914609 -422.329302243687 -1462.141402760995 943.5597482405689 1177.770490064748 -1276.073195139148 0 65.83164067090149 -998.9615139132957 116.015153322581 -1500.724751834728 521.9521640491854 -465.5610091585445 -2477.045931805912 0 -1055.429638863608 -1595.088746195566 483.3208795043955 -3151.280583351886 467.4332445644064 818.4936151108917 -1203.915835277138 0 488.8281369499409 509.3118007182388 -747.4852688852875 2017.423175341421 0 -462.9335851678316 3121.346035546352 0 215.1363564525526 2602.362000393974 -317.4796268863316 950.8702365228457 -915.939676558448 1911.053822799091 3794.883592741699 0 -173.6791232690552 -2614.681747671917 -480.2983588911297 -440.5525864083392 926.9347432276049 1374.855106056863 2176.613393139788 0 13.75501915182203 3337.972928939203 -2602.887499123102 -1010.070841446558 -846.5936357335981 2132.364298634814 2379.288414064143 0 1947.348472545474 -860.9056952124564 173.5964439961962 810.8436897100055 0 1424.701734034404 3669.485783744703 0 -619.1703670709175 2280.598776628303 1987.31209188299 1290.194479202273 263.01886444603 1137.790095289025 3227.530141887096 0 -1151.410366098115 372.1707093260618 864.3455267641414 -1251.066048954746 1585.389932991972 1570.830774834009 310.1908532088121 0 -185.3599314353625 -3.398923298913815 2705.451082482905 2695.303165255522 956.3318723704799 -4336.613144168629 -1755.082944345798 0 421.0111246071337 1336.96072429138 -802.4294450149243 0 0 -853.8118344825624 1195.270117355215 0 308.4655267338243 -1146.33711471172 -988.3442801058148 -1246.609533773019 -1950.627492827861 -1697.196659936773 -805.4608780334667 0 -3274.859537404747 218.676949842602 0 2528.793366985564 -840.2350978562545 -673.8110166468398 -784.4069643444733 0 0 -1108.814685266411 -103.2631022235355 0 -997.5908775901676 -1528.888353842175 0 0 0 698.8380226967431 3604.597706062339 678.4165485405276 0 1346.227711599929 0 0 413.7100081763753 1253.447734186915 0 0 -80.96251495176244 0 1733.448480946032 0 2021.616511973291 1412.439685683922 752.2346175649475 0 0 0 0 0 15.29955787011536 0 0 628.7781002315314 0 3445.7630509908 0 0 0 -1288.184766868551 0 0 0 0 0 0 0 0 713.433491080287 0 -486.9236977333154 0 0 0 0 0 0 0 0 0 0 0 0 -1488.527168073092 0 0 0 0 0 0 0 0 0 0 0 0 0 0 -560.4017056949521, 231.6668760611713 1237.068293668496 479.9018924068346 147.3788929868007 875.3568149837699 -426.209290282748 -514.7374769616391 0 585.8015974481733 2670.551721452046 1815.180086053811 146.6083959362816 1198.312387754624 516.1726832599736 -750.9826815945745 0 -790.2711873600936 -3047.428418232077 -2960.017844648236 -2428.223924393573 -403.5532331330185 -2068.523235585399 184.671734726766 0 -242.3527365839086 -352.3621068741334 -1953.721819001991 1055.634817874878 0 -3388.880295570823 1499.833701764062 0 1470.709909849363 3409.358594249794 -3111.49226460374 60.32056879318316 -2844.717541144061 -182.1286359871371 663.1084087350904 0 -1177.003714469162 -2887.4426129612 767.7673048146253 -1120.238255438496 957.0988819702757 -3895.707343962255 -2113.281825820869 0 416.4165028564375 1613.210142524487 -5939.355586413438 1168.331594435171 1226.657770573835 -1097.947890942025 748.7889202083039 0 1815.712226487746 -3425.285674693334 -363.5926934450518 117.9580392259668 0 -271.8278238797656 2809.695020055361 0 -642.7991293716177 3523.06672111365 1389.098295115504 514.1450413571705 -1358.892729734646 987.8838869052365 2738.14792956208 0 -499.6104117429043 373.758215290553 2669.811562999818 2045.865095444926 2160.938708692925 331.4556204045136 -1969.411517256797 0 52.66216038489995 115.9078055957536 939.5025648279532 2656.864561366957 -455.1718490276453 -2027.540351004951 2285.131623231297 0 1194.057075414223 -1254.672770810758 -699.8769714933683 0 0 -1873.593594049272 -1367.994060861448 0 237.7274577022705 813.8799438128669 -1570.110646505877 3560.165954949853 -459.7746982550325 645.8493391729925 -1078.602765119156 0 -3794.097943162071 -199.9460170143027 0 -1757.489141104797 361.6152931730271 -3882.790508590566 1580.280454755837 0 0 800.8798612334679 1879.42371216085 0 -1509.473176200361 -2724.638130613626 0 0 0 1514.055120573805 -1933.48658399737 1154.134167623432 0 -41.39166391336676 0 0 550.5039072570761 -2210.653542450975 0 0 -307.9812869799387 0 2792.360109813671 0 625.2317859382489 463.3078921067341 812.2492893540482 0 0 0 0 0 -744.6560469636499 0 0 1334.191759701271 0 1570.591010934156 0 0 0 -490.2731847502286 0 0 0 0 0 0 0 0 97.57181233247377 0 -1190.945200840428 0 0 0 0 0 0 0 0 0 0 0 0 -1749.581060116359 0 0 0 0 0 0 0 0 0 0 0 0 0 0 -365.1802137714498, 85.77470118771907 341.5283672414118 -1042.249489025038 -976.8066061974558 -98.38498574631888 -1455.463896773987 -2754.336029150862 0 1992.428776334422 1990.548144729642 1925.543599557566 -2300.549606658543 449.0917644528066 2210.719017401776 -1053.197981144064 0 157.6561445955534 506.5093018301102 -2428.265568169799 -1125.631770402049 1727.94507548024 1828.795377422136 1264.08013820657 0 1177.395595446563 1066.926966026035 594.544592849272 1344.906719995318 0 -530.2703022384906 -20.86877986096761 0 -422.5792950523846 -1416.903207860212 -1605.95634275209 -2083.140300960907 -452.9158673420789 -1257.511530345872 -1068.878048252513 0 -739.4407137522657 -3680.209833534327 -1956.270328183179 187.0352727279587 -1522.387348005449 -4880.640535568773 -4229.011067319654 0 602.3148529919443 667.8817094921076 -2491.007914034083 2302.740769074516 -1389.084217201143 1277.45801879432 1634.690486571693 0 -1074.396090946003 -1008.892059076367 -2405.756159259566 -2221.678347990914 0 -1639.805749567205 2161.43047487847 0 -236.5888165584056 2068.798876645854 4488.455554551474 -1812.27051638772 2399.749738158856 -72.25732436645694 493.1697743199757 0 -341.6291341157031 914.1566071146093 -4202.40572360531 3726.549022040449 617.2071848916515 2056.145452995558 1267.131130050776 0 -821.7908948763965 -3837.169255128144 -1601.744282133579 2129.839376092616 -2571.581517227317 -32.7517737226608 5303.640161557174 0 166.3347237468633 -3871.423753372551 5852.218638669508 0 0 1057.200774500356 -2893.130992615561 0 -520.8335103304948 1620.405122492079 506.1732663988143 2281.797749189916 107.1189766043892 4544.019562407231 -1572.477631725183 0 -157.3899402006128 1099.91634704745 0 -2409.686592679585 198.9120707763461 -2089.223493976959 2299.344629367813 0 0 412.1363589756652 3136.891051394988 0 169.0860854586077 388.3615342010787 0 0 0 -369.7607560672049 -1657.661411803131 1542.246125265698 0 1671.337434580432 0 0 173.5698035366499 -1604.237121067654 0 0 124.7610301250664 0 -1553.288884365269 0 283.1671633063257 316.8279418712414 460.247811300994 0 0 0 0 0 -726.8218604054078 0 0 -968.7932281890548 0 -419.4376498242229 0 0 0 -191.0199912957735 0 0 0 0 0 0 0 0 -2113.723461290787 0 742.1199125917348 0 0 0 0 0 0 0 0 0 0 0 0 -554.8360587078645 0 0 0 0 0 0 0 0 0 0 0 0 0 0 62.38872861687071


GFLOW: 0.216 0.2514951393321669 0.2539141031708098 0.4231394522166646 0.4260124943953068 2.897812037227412 2.897481109873552 2.739043375488174 2.737513943862876 -0.1541867049362439 -0.2452010270304661 -0.2698572029922541 -0.403923704206657
q-corrs 27045.5579772563 49939.60895985366 27274.50276142418 3548.757008997779 -2307.064480567411 -7401.403984288072 -4568.301169355957 0 -864.3678567540769 -2773.464226964652 -1985.402046523121 -1517.88342037938 -1018.458415239164 -949.8424518894835 -3714.677253534856 0 -299.4032387357283 -2411.550706963439 -2145.51580236784 -2164.80191878074 -942.4167109707806 -2689.289936157425 -500.1547384233608 0 -1306.980053368198 -3581.673120506 -4309.547685356545 236.1089220100288 0 717.08062193381 940.0051692302275 0 -575.3220652187952 -438.1476047684801 375.6816275714467 -1012.920792180757 -523.724693116861 -1539.085497402099 2103.861916232874 0 1039.721926580101 2047.728656363673 -127.2117791891028 1772.989768876651 -1346.702132587188 1303.982236041173 318.3407188447419 0 177.259053007878 -910.1596102572133 -146.780573874598 2363.488192199015 873.6513099693599 579.6825862738679 355.3043062497143 0 -1210.195490291395 -2175.846911979028 204.5391852295757 -2434.049968689892 0 -231.9121433499363 -375.3167279313583 0 -116.3427667850762 663.0559247885341 -946.1492278397409 117.1471135759785 49.65231350710317 300.4341942182655 -1119.013490604002 0 155.4132016191421 224.1816403799515 115.15091766972 -871.0831787578866 1836.518436583311 -3302.308914162772 -688.5877341815842 0 -1228.241233748125 543.0245319410591 39.36396068652828 -503.1326885054649 137.3536468402994 -81.36271712143133 -788.0765425235427 0 -266.9964995884154 3496.770570046848 -1176.861087876907 0 0 -1296.808373809175 2039.244193298868 0 780.377804445622 -216.9612351644373 -1479.500196384018 1237.593467048748 411.9346276900325 1698.272614695855 995.7699139140735 0 -578.922137050806 -105.4056039432376 0 7.428442658228619 401.1380388388225 -1795.466915468657 1496.373026045814 0 0 -565.4550400419055 1990.445626961144 0 -210.801121994655 -153.4791457654558 0 0 0 1142.808029939517 -2461.657655525898 779.4542475736524 0 -72.2552692241016 0 0 -147.1497432828707 -781.4479682919782 0 0 -328.699108726854 0 949.3066840660294 0 -629.1141980150494 -911.0625281061505 -570.6251834229253 0 0 0 0 0 -638.983294501772 0 0 386.2650989947886 0 135.8886134274247 0 0 0 -389.6435640628243 0 0 0 0 0 0 0 0 1125.31073245992 0 724.4366452892278 0 0 0 0 0 0 0 0 0 0 0 0 1582.264336104934 0 0 0 0 0 0 0 0 0 0 0 0 0 0 417.9889636629413, 8136.959457238497 13093.89640485806 4294.631257840949 -1055.417238711611 -1987.096796357035 -5072.548056615968 -3468.080208947724 0 -49.7829755194881 -1549.94697781351 -200.1765167542571 -478.7242606048495 -891.854292169229 532.609484211494 -1803.59752754127 0 -134.0579262984082 -1724.931572974342 -446.2173849241682 -1449.961762592576 -258.3113956319731 -1140.101149987885 -720.8208254167871 0 -848.1048949745926 -1728.974944637224 -2562.364012973709 -123.7772727249879 0 307.679598598717 -370.7026576689358 0 -265.1682466747766 155.1423664725819 1279.044021832284 152.2824459785378 410.2418517192697 121.2656210924981 1467.921389432842 0 -124.5307771201756 -599.0849627786037 47.5278853160336 486.2161211434951 -1526.839664649412 -87.04467604025217 131.6835562317278 0 149.6786671182655 -656.5200998920568 -300.6107568854356 553.7397795560248 76.94465054134881 -817.3983438309763 -4214.458277105572 0 -1334.705846367954 -2253.704481538151 -863.0993554638591 -2734.139379135102 0 -2216.997825276813 -1841.127001678575 0 301.96304122006 54.13528944559198 -599.9693951779313 201.3530553032047 -310.5409838656943 -797.568833577271 59.21594787844184 0 -1090.811852445718 -1080.682158337061 -324.5583678331904 -930.6714535850044 690.2144321310818 -928.1705335247781 -1046.672716911742 0 -485.6091806913971 1156.097332439773 112.3959901003935 -431.4021225233819 271.2991971648676 -1053.993683765372 -1550.614857886968 0 1030.018868998736 680.3700838218591 -242.5304505441551 0 0 -1545.123446691246 934.4897230738289 0 -320.8608153568629 -127.9319912346259 -1468.511278224396 556.2255228966585 -467.6202590073766 2083.685739375262 -263.2154795653494 0 -1658.492840417446 -215.6552887112674 0 -370.4898741513086 -89.27075941730786 -1824.071734346359 2241.971501356162 0 0 -878.4117749250742 1525.892490976706 0 460.1324040215493 -1237.400619076528 0 0 0 -76.25630571577392 -1813.681924637983 715.2489125998052 0 1079.509838894251 0 0 -203.9374221145059 119.4398059314918 0 0 -378.2044702151812 0 -883.4037498329221 0 -463.3861944331408 -399.9485836750551 -216.4265393918538 0 0 0 0 0 -46.78956399206635 0 0 -34.43397532812264 0 -1012.057739827606 0 0 0 -250.0337793485857 0 0 0 0 0 0 0 0 402.6688544845218 0 209.1461194777231 0 0 0 0 0 0 0 0 0 0 0 0 832.8202273746223 0 0 0 0 0 0 0 0 0 0 0 0 0 0 265.1619944607878, -657.343262331964 -3206.950745246717 -4911.874361959271 -2434.83617265459 -1109.309957776579 -2385.052602009438 -1476.429453543701 0 455.1990575699394 387.2824149744742 341.7180347709873 213.0629636828985 -32.99033968100156 1047.256450545555 499.7754925294681 0 179.1621663173422 773.8056069651753 1268.183063453915 -915.095777810315 1482.318305762361 852.8980534485548 -1446.615028379056 0 -428.2464005630354 775.965514573546 879.8352930878357 630.425173733006 0 506.1951726127427 642.8099834902641 0 541.2196260250314 637.757831121812 1375.205342540361 913.7293169696629 -161.4958250441231 641.7646777312563 132.1029841969608 0 -99.4812002721435 557.8611220220895 1590.899346837723 -479.1035527384788 19.10308948536289 220.4135935554813 1661.942686893628 0 105.2292477801502 699.2579045297604 302.3094597347166 59.00084187610884 432.0966033911109 1070.488055416143 -2648.888208779987 0 106.2040892385392 -34.4298630522369 -847.3857448201882 -746.0943147625754 0 -149.5712964963562 -124.1491910346455 0 444.562618939545 213.9635656329054 -769.3910499712342 927.9091569374757 318.0601809079928 -739.146715243535 800.8338669797711 0 -711.2805734168392 -848.2262087059422 802.6009537260057 -1016.87514788402 508.101964006622 -1431.051443251508 -775.5670934824519 0 -562.5115938376439 349.9298488723407 336.5017763828804 -1226.751019049555 -332.055928031842 146.9278034329769 -1259.321250120951 0 -17.76203505694878 1451.908110447442 -294.3932031005668 0 0 -903.2154794589208 -992.3351278823618 0 59.30298964412407 -753.950533425899 -648.7254362047835 976.5257496134052 186.8480347280382 461.8720569001089 1146.493297020678 0 -889.2146337960355 193.2503286554391 0 939.6266836470829 -413.2363165448252 -1218.230830344427 681.2659276717538 0 0 166.7630489727137 2450.502451506561 0 -104.2800110768153 754.1610310647935 0 0 0 -545.6078928487726 1306.189489236265 224.2065060868953 0 591.5153734747382 0 0 112.9533267476309 1376.947974608676 0 0 250.2140985623158 0 -380.864023098604 0 10.68964302085436 842.5701179952309 -424.8287064267768 0 0 0 0 0 736.9878576315984 0 0 323.590400395298 0 -146.1651375111291 0 0 0 -240.5699979460426 0 0 0 0 0 0 0 0 425.5951243668412 0 -88.44529563329962 0 0 0 0 0 0 0 0 0 0 0 0 101.8553311065243 0 0 0 0 0 0 0 0 0 0 0 0 0 0 26.8258666714585, -377.9659083490166 -1527.643247179607 -1924.499091911863 -657.2746581072086 -773.9484253176756 -828.4389264580668 749.689097812232 0 704.0430842809205 1179.064651888192 -1454.648314025467 161.4953300583622 912.470498253123 318.6717964543945 596.7842974267672 0 -482.933863112354 -348.5967600630084 230.0753876667252 -1616.119709956226 1051.807587009071 -89.27749441412931 -2367.278106146222 0 -1288.252759838866 1354.359381460647 901.4880563457789 139.6800134983105 0 -702.5206343190101 629.8254241113455 0 1194.780505321898 518.3963233057277 627.2474645711752 905.4831360958118 477.0216825255136 643.5516215943338 -229.913003850877 0 827.5828822063252 3105.27494587377 2664.777305986573 -86.41858244390835 -63.84338557854952 1828.519337011384 2463.747028490008 0 -189.8647855578313 -298.4880617560811 1133.05267580546 2711.707465500896 1430.738978002461 2976.18012805576 472.0055341423435 0 201.4392395461543 -639.2486263159606 691.8320330958111 1090.248916974293 0 1521.107575325273 2711.038453558011 0 -50.26355854382571 1814.435021179362 -207.9110155005383 532.0505140118557 -371.0032887894918 -583.8644631429249 -102.6811171655065 0 1191.955084379101 1547.153844788462 1009.682139708872 -1143.868872985724 230.9648006341409 -2953.381634476678 199.1622719265074 0 -349.7430733498811 -1764.973958886415 328.5627851111294 -583.0035970486249 -496.471306633439 1823.934355267877 -595.2664310282524 0 -738.7027373302681 1493.492095391562 -1382.608688136703 0 0 515.8322887293609 -2202.409011681229 0 199.7617470900209 -409.6149062313264 1491.830456681708 1115.190499578042 676.4253874362829 -524.930786677764 1477.512900253978 0 149.2338339192965 -12.65098768010378 0 265.9420415688317 -43.89397719802711 -632.6887430683837 10.68075651857578 0 0 696.9534373609124 1498.074413886226 0 -634.7376727443275 1299.773407326318 0 0 0 -118.1712237868609 607.1154933098729 -235.7009930691804 0 -428.1642707390826 0 0 237.7047937918603 247.9645400333819 0 0 339.9723212545671 0 581.9795580418859 0 8.337050545505178 405.530786166304 -923.5446872259997 0 0 0 0 0 224.071543581922 0 0 857.4502685977598 0 711.1937016986158 0 0 0 -212.1164769155235 0 0 0 0 0 0 0 0 759.6489928818854 0 262.4549314108125 0 0 0 0 0 0 0 0 0 0 0 0 86.67149104791946 0 0 0 0 0 0 0 0 0 0 0 0 0 0 -63.77355035012125, -187.7052467748399 -819.9128331610968 -1019.213313859646 -331.4801622762932 -125.0923721612269 -153.3788029991738 490.164159580931 0 400.4608453216215 702.7216486867826 -2643.733623852488 -1582.518479179119 1356.68902290451 -733.6584349873144 -777.3871601700132 0 -939.589404304324 -1407.468182619826 -1440.501301922071 -1510.28982578059 -152.3276713728932 -1221.735341640102 -1254.838138115122 0 -883.2775664308244 972.6027499585198 -398.3385770954935 -280.3361286363821 0 -41.22738742822969 -663.3067719492112 0 650.8003067281572 -677.5593439770853 1451.704526359147 -214.8503014605059 491.3014022389582 822.5864708415688 -503.3080374450304 0 1040.499372902142 588.5055999532046 668.8480360954213 191.1505604146939 -951.2179775193069 1559.969244146177 864.394761198515 0 -280.0307739533907 -579.0331268869593 -305.1347769336193 501.430405910264 124.2677866644783 1643.743555822536 -660.4406464783999 0 48.52259352307397 -1958.16406020609 1410.878747809823 314.995679035937 0 -945.2432592282107 -499.3285177844492 0 -1.347917038324425 699.3994895466914 -513.6686395396847 143.2382808316215 -594.9749583563909 -1166.430406777152 629.9284296802164 0 -181.7396220770163 601.9502982984424 -1387.920592960348 -2434.531168298372 -640.2989965252063 -641.9695426230091 -503.8653333242397 0 409.6818324760447 -1086.794361756177 275.1585703626903 691.328917286156 -904.3898563768983 -433.5326462954262 -2002.387807668045 0 128.0706202453901 -2025.434738719261 -828.5689609228793 0 0 -542.3334178908756 -770.4597406236596 0 -156.9363525061737 -735.973384425771 489.3077098735241 334.370712740945 -660.4348504230079 -1398.796825143588 -319.0933570873898 0 -1228.185925238104 -60.88776861897455 0 -144.0686665305628 -293.8234899011578 -477.7351526894494 -696.584492340059 0 0 334.2942108864237 -441.6490306067321 0 -137.4967159316734 -940.0915256656107 0 0 0 -343.5945515712799 -124.1610167905624 -380.4354006898507 0 -101.1410190216108 0 0 308.2766265439393 -158.0106977629794 0 0 -329.6185378885304 0 482.6352556752124 0 93.16431711418511 -57.89934178159795 -474.4782220760435 0 0 0 0 0 -196.8303574551698 0 0 493.7783914519077 0 771.8810502868014 0 0 0 -392.4103273904409 0 0 0 0 0 0 0 0 296.6490990228179 0 215.5362824878913 0 0 0 0 0 0 0 0 0 0 0 0 -135.9885905280867 0 0 0 0 0 0 0 0 0 0 0 0 0 0 -138.3998012311856, 78.86054734419395 313.7255110918712 21.59511910289115 -437.1270325279871 507.7936453317164 609.5971825528003 -411.9296979387729 0 -29.98657459601236 -495.3906937943145 -679.6512894665124 -953.3528765656054 379.8675596411643 -495.7472488661703 -1858.27892254193 0 -517.4350440015571 -1106.583317822483 -482.1279160733287 -1403.66574928527 37.33382527917664 -827.7151686473948 -904.1878611208524 0 -368.8070726222788 549.6750718426806 143.8204002708737 878.3184961306713 0 -368.7816943750812 1501.67642484484 0 218.4329058713295 1056.910134109893 -808.6145535785153 424.9285081570534 -729.0037732095445 741.0290696510816 1876.207864415202 0 462.5909706740649 -1076.151089951131 -374.0134099048618 -8.232442398429157 801.7408856633596 628.4051804432304 1205.941071977778 0 -278.5432046237715 2091.761902738951 -1280.198475967159 -434.8303972472926 -463.1000459165405 894.7111792923585 1837.583449049454 0 1482.029492161467 -41.68977543745643 125.4835075774803 986.3704520711865 0 439.7411093551132 1511.873646042201 0 -134.4557011620075 497.4527755548305 197.9326270621837 1273.786057402623 315.8074348629682 971.2483650848359 1431.399080301691 0 -617.4268347776263 300.6313580827963 657.669108368328 -1608.4702809016 593.9644871938369 1156.762412416494 -52.63727312285317 0 -114.2505809497615 358.0259062013495 1206.89243595532 1215.547481595016 420.0240308144887 -2038.239991144376 -1621.957065621774 0 158.9096414110469 -113.3916247782461 -672.4786976670482 0 0 -415.5998503004363 52.70792356764946 0 175.7482874658879 -266.2189975738896 -246.6478628633726 -539.7674196163955 -1115.220801013626 -1244.278700548369 -814.6133168248139 0 -1469.394529363122 -256.0258880663783 0 666.6358496593211 -237.1506849771542 -279.4374224553812 441.9749933937882 0 0 -227.6662999054186 -377.1000272757915 0 -449.1001526833319 -1165.366304946715 0 0 0 615.5229508824686 1426.860319696701 728.170683633457 0 606.7205722879767 0 0 187.5251378849669 529.5376431636387 0 0 -73.68096145723661 0 1395.924927336016 0 1016.593284558997 681.8399916593004 409.4983093417804 0 0 0 0 0 77.46892839478164 0 0 562.650770028405 0 1739.917136645069 0 0 0 -437.2915542830579 0 0 0 0 0 0 0 0 425.9750623875096 0 -77.93139516859117 0 0 0 0 0 0 0 0 0 0 0 0 -538.6531652146721 0 0 0 0 0 0 0 0 0 0 0 0 0 0 -236.0744429670219, 81.890389755299 570.582564736696 441.8468374880094 4.478888502777394 510.5281093430912 477.6912817205728 -132.0138951437501 0 424.3754507243344 1154.208191224385 1186.255680621738 119.0151320564642 538.630807331112 301.5157120449254 -863.5658603659923 0 -447.673046298433 -1295.207825609363 -1541.929594506547 -1304.62189348041 -346.7639702839741 -1599.896142495476 -307.3875879799961 0 -711.2549604119092 -685.0681086834859 -2057.629028468384 137.4747785322175 0 -2418.744109577303 513.5272163851374 0 367.4820899179985 644.8605184157909 -2214.563396414971 -333.1966391667058 -1978.218545789579 -461.6514884954382 165.1460881835262 0 -635.7949091374535 -1971.203456807354 32.03187372200603 -641.3684534235495 435.4954276356847 -2227.184804057029 -686.7993451412646 0 31.24779003642539 1597.742026211625 -2762.233319468206 15.47894253003608 262.3523646893353 422.647193015738 796.8065104210925 0 1613.126083452808 -849.9508332736159 -419.6386457804357 40.85681087685089 0 782.2829000012057 2329.792650769678 0 -199.599088702403 1017.896060533457 434.1735927856609 770.1736620156433 -288.7177475008228 1149.330393025577 974.7590924301551 0 109.4408317060604 1021.957314000271 1624.279273161699 736.729687597629 861.5330475324051 569.0604091618911 -324.0398204345427 0 -157.4010400667883 70.21554434017887 523.244393733765 1058.074784760816 -264.2550600610268 -425.9617923744618 1428.74273552213 0 370.4906258635431 -856.4759000787715 103.5137619591484 0 0 -821.479852101602 -904.9138288858126 0 106.2197514185437 558.9517472495232 -61.66246909635663 1756.286454373696 -174.3436381849306 607.3258875033049 -677.3018611789737 0 -1580.74000227383 7.684883761198421 0 -1214.280207934513 191.9208719936747 -1513.205041632124 1393.035198078775 0 0 755.4850978916947 786.2450066981551 0 -696.8197971507266 -1227.333223013722 0 0 0 1167.051436259773 -1174.953114454429 779.6321058433116 0 228.7420431588865 0 0 350.7473149261342 -899.9372180403293 0 0 -122.3504646426374 0 1877.292572194964 0 673.7991952333253 -15.00526206027516 241.4762521921207 0 0 0 0 0 -454.0698945343634 0 0 720.6304510502951 0 1260.310857121806 0 0 0 -273.3491881674329 0 0 0 0 0 0 0 0 115.8711921298042 0 -321.021184301911 0 0 0 0 0 0 0 0 0 0 0 0 -730.639273466347 0 0 0 0 0 0 0 0 0 0 0 0 0 0 -190.2975048516706, 18.70145183885961 -168.8680797868134 -914.1288014047818 -728.4323107424007 -103.5954634988568 -963.7592664305909 -1369.762727152742 0 669.6382777750119 1129.446656366219 777.7349210602603 -774.087413080191 671.2825824653839 989.2574405806417 288.883503227458 0 19.27225253822155 1152.447023763649 -988.0422383672778 -49.25010665139459 520.9850270898787 474.4955066593677 1525.332274389218 0 546.3765475021769 310.8470023889772 435.7655413642797 955.733831182695 0 15.854191913401 168.6497068748499 0 -237.9439511364425 -609.9693264882096 -928.7780723261249 -1374.62420520547 -267.3459603294962 130.4067896301177 -849.3437505871029 0 -586.1793555612197 -2158.682471764439 -1514.863296786501 -626.7605193164305 -747.4879877201383 -3322.929333363879 -2588.744868353565 0 365.9012440207746 -316.4590262000233 -1306.464687634996 552.2039847356792 -977.8571945177129 -75.02439270113643 217.2245744478593 0 -281.2459704825105 -621.7502255676286 -1532.295950153746 -1365.887523097351 0 -1342.659035602851 722.6302411143913 0 28.27689743539682 843.5682909472672 866.9929177966394 -1129.205994269023 757.6622937694563 433.9108912196737 -6.844095567228067 0 201.9329622740896 918.8746864549444 -1857.816994672091 1664.745434318167 299.5050481062639 345.0509699814349 716.4599892285889 0 -652.4794401441931 -1514.678478486916 -812.2924155688977 945.1019139839195 -1107.456756791701 167.906108540948 2525.162887968282 0 325.6181479080848 -1947.984242071773 3132.267361848476 0 0 184.188022169982 -1078.080619966686 0 -306.3801902289046 445.6678027305112 277.7771147647103 1851.55619780453 265.4578191388605 3322.677784821828 -680.7874500228422 0 -354.9529419344625 921.7364630914207 0 -1560.820749240127 9.170190483276144 -858.6619681080044 1591.247100262322 0 0 310.7171352523355 1749.133236922345 0 514.2371461864632 -490.8816826830529 0 0 0 -70.43935197352914 -1480.349156022219 832.4947201530244 0 745.8380575165978 0 0 25.04500712174772 -625.0328788123857 0 0 -37.55714246789128 0 -459.3473521834836 0 63.72332846280204 -210.172474250712 337.2191300850563 0 0 0 0 0 -431.3994547051046 0 0 -615.2543482020617 0 -409.7516383461686 0 0 0 -21.08224523398383 0 0 0 0 0 0 0 0 -1361.655926130427 0 81.24247738237909 0 0 0 0 0 0 0 0 0 0 0 0 -665.6310197513263 0 0 0 0 0 0 0 0 0 0 0 0 0 0 -81.32089007113865


GFLOW: 0.288 0.172582473293751 0.175050846784921 0.2727926560143679 0.275749299614805 2.942002301140688 2.941580319250283 2.837114110177701 2.835438828879366 -0.02435697852875312 -0.07916263111869959 -0.09285377973381 -0.170695230400597
q-corrs 12850.16363219329 30568.31860548633 23120.93457782711 5323.480858679266 212.654165317992 -1721.351240792721 -2083.391878796127 0 -755.1648388711017 -2256.563930294639 -1699.331164814706 -1409.852410326882 -618.6170420846639 -908.5525923723144 -2588.111241308518 0 -303.5050869917367 -2031.476571973562 -1614.8026054166 -1390.412354196308 -772.804818157193 -1835.875244879201 -343.3202445794271 0 -765.3821129878511 -2057.448828609728 -2998.245668669113 -190.15544475151 0 143.0017181256185 -52.9678204537834 0 -476.939481890351 -467.5879953520163 497.8279307462016 -564.2267752184362 -133.2023703081995 -857.2090708133624 726.420450817969 0 352.9748382391816 450.2340850841939 -264.8980214066888 854.967883702468 -721.943920965032 752.2930759403845 -299.8579981814503 0 118.9574813688287 -589.9831761677534 118.2291796686495 747.6257204526765 387.0822210936062 168.8918882154034 -102.309416437333 0 -391.4374950574261 -1466.047577453497 -156.5160474325785 -1620.229547084626 0 263.9731232055955 -238.6946735507284 0 -81.59854582710794 311.6760489863532 -868.9293892987648 329.7853785794013 -256.696206626961 -46.25788468236431 -345.4958018521303 0 -68.07996151455743 -26.13436606090883 298.0967922913667 -181.9281503887333 683.114844155179 -1397.124548113614 -104.8159142781964 0 -652.0046944693463 19.2162918212621 150.8247975713325 -25.38941274677751 -32.76464551443503 -60.11950244607272 -41.13112981190257 0 152.2120785998802 1213.983194262296 -323.8801316293155 0 0 -536.0159605941699 517.6083053828485 0 248.3861857291228 286.2867607224737 -831.3593831483747 332.7937210107629 79.48758590287022 1231.455675443077 -2.289712164664977 0 -354.4977995503235 -63.89341750089835 0 -567.412809050757 258.1027324694793 -915.782039145222 1401.059161407314 0 0 -704.1319280336146 224.8895308606769 0 72.52242811630053 -537.5854289743389 0 0 0 652.0652900339114 -1802.46386460375 644.8071656671374 0 381.3915146855637 0 0 -293.8087500446401 -926.8541947625915 0 0 -274.7430713483315 0 619.374241059149 0 -129.8494096268546 -649.8410208929873 40.95192295694977 0 0 0 0 0 -441.9398637443593 0 0 293.9461238586921 0 469.2996323239929 0 0 0 -121.0701588505427 0 0 0 0 0 0 0 0 830.9412655202177 0 430.0181707096498 0 0 0 0 0 0 0 0 0 0 0 0 903.3785915864466 0 0 0 0 0 0 0 0 0 0 0 0 0 0 239.895956199157, 4969.796974750549 11031.13041200354 7081.995541120739 906.1149552041284 -593.7709751824156 -2500.464769545291 -2303.595778482283 0 -417.8827159276735 -1556.396663744144 -616.1674085542743 -640.5425291889652 -539.8867549699384 -96.51334484468285 -1439.084691193355 0 -95.25574364662646 -1139.602875415285 -475.6037367794382 -950.7388177693911 -194.6069911808788 -810.629048109044 -430.2477891942625 0 -465.6977366012379 -1034.189325368207 -1728.67804721769 -58.65805497405127 0 14.42368435137746 -231.89449131661 0 -243.5758899122357 -210.5573230657178 646.6134601932611 -98.33922056965909 113.4989446558388 -161.2208178299705 286.1161590025525 0 -73.81328170065501 -411.9233985424303 11.12151115553658 183.394406475189 -723.0523962516024 91.12837683683458 -288.2923277518994 0 69.03179689564071 -503.3705168718099 -182.5341782212934 80.93513872023709 110.7710412483794 -419.7616181846064 -2023.029283544879 0 -475.499187102107 -1446.654094789139 -606.5063059955357 -1742.169849661417 0 -689.0488873670381 -1129.736472561746 0 96.13044095590135 -47.34264827198942 -713.6891499559199 154.2755425614064 -347.3525778462633 -603.1577004518456 169.6902637478603 0 -719.8766806662409 -702.4085475520094 -174.9223790252221 -327.4567760641633 351.9999740883983 -771.4613322183275 -254.0381930402409 0 -432.1689311760016 392.7723124971612 78.59104585488575 -19.07991497505279 39.69895116302527 -577.5052275858968 -818.2224227149781 0 478.9113819234192 345.3863367288708 -56.54794528622585 0 0 -566.2432611337642 333.8510274612402 0 -32.19389957636614 3.431024309441561 -903.9721617696058 -40.207088844065 -261.3416315018674 1118.153422206819 -288.2314282294417 0 -705.2739524168119 -71.14900557539289 0 -309.9716188160432 -41.78068198772448 -834.8661496059227 1233.479469473525 0 0 -770.9819014406162 303.4745481345844 0 340.4835466842659 -752.0655646387344 0 0 0 -43.86636005213842 -1078.947095278616 524.6183768111014 0 633.3248286827305 0 0 -265.5910423782452 -202.7510739325772 0 0 -242.990396391379 0 -278.5012328690779 0 -210.3347080663486 -302.5693945989692 108.4121232663193 0 0 0 0 0 -85.69651831557179 0 0 -0.0710414326087232 0 -344.4769816013795 0 0 0 -58.75866798872683 0 0 0 0 0 0 0 0 281.6240059561795 0 113.1218790024439 0 0 0 0 0 0 0 0 0 0 0 0 484.2417976306737 0 0 0 0 0 0 0 0 0 0 0 0 0 0 156.4542413656778, -181.2618000551306 -1481.708070218097 -2770.307462679616 -1544.501866648344 -840.3292485413238 -2171.20589516227 -1541.772487166352 0 -27.32996546804392 -354.3327482289051 93.66686196462092 143.9187737350579 -125.23397972479 532.4659861260013 149.9849519377443 0 163.9683050295089 508.8369252168978 832.8656525265259 -515.1458924638364 803.6786289309537 537.0176487228294 -751.9556169955567 0 -243.0741227201659 297.4314108984693 377.5853115770666 471.63082696454 0 161.0671647343699 441.9375717530235 0 283.8061508029123 221.8153040102613 778.8186224662081 587.3631117374249 91.16154760064454 331.3993056604925 -123.8899684681001 0 78.43508329524261 761.3481492604333 1219.199593051476 -267.05206178194 -80.87941492065141 506.7262005490485 793.9430483867358 0 39.06965713818892 294.8977022791925 452.2859567278269 427.1710656401143 474.1134013428298 642.7079240140936 -1115.684193130864 0 32.45095735105627 -382.0708226904596 -406.7484467779695 -493.0408402238728 0 -31.29592588020876 23.82314764842602 0 254.828297061249 283.0419550174049 -694.2325296605618 345.1412185621272 -127.8294076179839 -616.926522006285 387.4718523328453 0 -435.328557675653 -383.8576702999059 9.320311516416155 -609.7345150525052 327.3903177795579 -1287.591791103507 -325.6358507417957 0 -401.1206730248077 -182.6998963319522 108.3808774159352 -497.8759185302179 -232.8733454277242 113.9880347822258 -722.186095591403 0 -107.505946462909 819.4612933075085 -706.5447218646707 0 0 -396.1970503072184 -207.8249417263957 0 54.894018139374 -518.3432723893791 -308.9970344099905 350.8495048554568 70.64742902133193 338.5788369165 659.2361183788817 0 -228.1309634955941 -133.6594995271055 0 621.4221773681669 -218.8284955960749 -507.5650700347663 349.3855314560544 0 0 -90.50094289567184 1275.14548630783 0 2.938611951284599 576.1164740598397 0 0 0 -300.7739241397286 741.4584517428359 208.4916867894219 0 323.9087141972326 0 0 -55.62581829779948 811.2507774179135 0 0 207.0276213489955 0 -295.9932579464142 0 -81.59514489619121 403.0083008161884 -63.07896045286489 0 0 0 0 0 359.3912818926896 0 0 39.92593966330218 0 -311.992648049574 0 0 0 -40.40429903369706 0 0 0 0 0 0 0 0 54.23944855358231 0 -66.82669107632537 0 0 0 0 0 0 0 0 0 0 0 0 44.8698976812592 0 0 0 0 0 0 0 0 0 0 0 0 0 0 24.0364664740359, -272.8339043633925 -1105.900597776273 -1476.607591993918 -589.3807950102982 -556.8792387891115 -990.8649454961899 -14.6768004724006 0 248.1383060480217 381.0183936578977 -987.6418578294464 -137.3373293724912 393.868110403012 289.2543442221951 468.4211330303978 0 -191.5842175151726 -129.180052417868 187.5997328986089 -600.8057904894333 645.3648771847429 -5.549667636258505 -1209.069307183214 0 -725.8789557728835 584.5635082792885 542.748612533498 171.6767782647217 0 -357.2616307779513 447.3757857303573 0 622.9873878853959 172.494637983881 446.340298682009 579.6794438596833 193.624812618925 397.7809354658692 -316.3390627241934 0 716.7424688025519 2215.871985120012 1993.394575645661 -168.430344284811 -25.64112659900871 1460.861434019492 1390.323458230102 0 -134.7630017622763 13.93544807509085 1014.336757412803 1648.343022387626 1143.676017286313 2040.476445198828 730.6967121156457 0 154.2258896070227 -427.5624755779932 506.3782870385027 639.4409042057937 0 910.1107876048059 1830.130639002237 0 84.34731537247308 1281.876514403155 -568.7038180379952 413.8105192754306 -303.2687681422537 -286.0899568394333 52.77727472481689 0 562.2766197835073 912.1673800066292 545.3044767328977 -768.7890614324544 255.2733192806965 -1863.825061849032 -87.84122069226981 0 -176.2438916680352 -1046.080885212025 228.7342007560737 -334.1600663152174 -336.526577529624 1046.948627921477 -378.881196118321 0 -593.3368879715831 795.2300908242935 -1343.093528310617 0 0 -54.17342613428551 -966.0989797342704 0 196.7720906119461 -574.9489132687484 776.3466082657774 643.971274575894 326.5310785911457 -469.7421619168936 791.157765336072 0 63.12403249811254 -140.74767559703 0 231.5509184764711 -107.4767734696296 -323.4192698754951 -124.3277335204286 0 0 482.4242871067385 1009.877606438811 0 -353.0023154681825 874.4101263106397 0 0 0 50.18179977494425 483.2893460365205 -58.90667793914224 0 -138.8958217970898 0 0 121.9560982775754 265.8950923468425 0 0 262.3820520517363 0 418.0788661893275 0 59.54984580789397 248.1674967190377 -366.5118370463798 0 0 0 0 0 97.1229719207513 0 0 403.9027491740069 0 449.5193323660702 0 0 0 -96.76067825624399 0 0 0 0 0 0 0 0 471.187870974265 0 157.2919623214031 0 0 0 0 0 0 0 0 0 0 0 0 146.3585774283095 0 0 0 0 0 0 0 0 0 0 0 0 0 0 -5.868660685251903, -136.1869194636774 -529.6079651253553 -682.7953470372196 -237.3315778153062 -212.4625982897647 -456.9405302199631 141.7133530659442 0 88.68683522985017 178.9146988043094 -1731.590898345927 -986.765025394489 602.2014353589564 -360.2790437690714 -385.6986824626236 0 -447.0318956858225 -875.1036368943998 -834.8016800381607 -604.1650860696139 -53.75195471086897 -937.0653827417252 -748.647760333384 0 -676.6463555069724 393.869281732372 27.27250523597809 -91.54462487255512 0 -283.5922582626037 -179.7751418528011 0 259.305755461066 -371.7442312010399 251.6588245991752 -15.80796238590096 147.5372954401366 498.181773846751 -244.8762860920196 0 768.6852350048878 577.98087000801 474.5662429994806 -35.82278875267899 -247.1053563265257 1023.983867465032 749.4376585081113 0 -263.994394549691 -9.275270998373045 -5.014758167985406 290.0617432804011 312.9788546204702 977.5921321057954 314.4334719844504 0 121.5912956995802 -924.5173020290865 700.1991271007028 552.8298715223564 0 -197.1725287809131 -100.7075738770954 0 13.86026266250228 529.1360022479391 -739.548343070492 212.7205472540299 -264.1748101769849 -513.9383387874863 664.05902694861 0 -160.5417390649361 288.0030410343714 -354.3103027211363 -1539.782862934353 -195.7925496234999 -613.9296040635395 -414.3370773600533 0 110.0570254632821 -558.7051686033435 115.0989042020993 310.7168220398594 -445.7350925954682 -174.2969447563267 -1584.221074734861 0 2.699449766442978 -1204.697413655463 -978.0371020343088 0 0 -428.8277136489135 -531.6726680844154 0 -49.34340620336275 -516.1969384358321 215.3033481074591 -251.6939593415766 -316.4927822171885 -950.4363425272917 -466.3507555888839 0 -772.7917697150234 -281.288044407563 0 -189.3830435111457 -167.1712757193534 -285.302103542181 -325.1638151521751 0 0 214.9363372328044 -365.5617303251987 0 -204.7879596470519 -639.580423085799 0 0 0 -0.007056358070826718 -90.69945592600013 -101.8588622385274 0 -171.8107995947636 0 0 141.0676464536745 -122.4659544532758 0 0 -173.9671185176939 0 448.29792984537 0 119.8971896873307 -2.281678229871673 -301.5983726120886 0 0 0 0 0 -88.99715412362671 0 0 338.4380959413108 0 571.815690917426 0 0 0 -189.8772882057304 0 0 0 0 0 0 0 0 400.8747467513315 0 153.1575138581527 0 0 0 0 0 0 0 0 0 0 0 0 83.50493691683711 0 0 0 0 0 0 0 0 0 0 0 0 0 0 -36.68297495132151, 25.52967951806977 183.0477132404695 165.751425723913 -60.13502672451008 243.836318259464 329.6563183307544 -50.17465807565401 0 -50.4485812691079 -249.2742529892354 -586.7321681985916 -635.3134779864087 178.4980161082261 -416.1915685412272 -1235.956330317032 0 -214.4350386623488 -804.2170471875413 -599.3421052903208 -787.8581478495819 -138.8149991047556 -1039.021891896948 -748.240883718154 0 -584.7343371767673 186.349665200767 -33.52440632902017 271.9915363299206 0 -703.317583385598 610.8940483046938 0 56.41669669946268 227.513010129734 -800.1540549360823 177.7951073398658 -473.697322500612 401.0630951638182 819.9986321393073 0 471.9922317069387 -407.9544948710781 -195.7511010785492 -1.794833708847591 551.6132119587337 467.9436182787696 855.4176567171946 0 -273.3246250009662 1388.196367420187 -608.8630942408056 -331.7257037403773 -221.5256011156102 480.7922200672226 1230.730180588025 0 986.1230611718266 -10.32589205227703 190.976301177949 845.0128937327281 0 326.6045926107732 717.2979679572932 0 -30.87218240427919 37.05926425681741 -205.285485562771 882.8961540850981 218.5012282890953 647.6090327116101 781.4598421023256 0 -327.0903147191478 119.2171634710062 466.3871103505051 -1224.703705966737 133.9381068006398 591.9283204043011 -178.5634761136828 0 -64.97144018920332 116.9525466481082 531.699374376955 454.2430903854876 177.8207208184387 -893.8110473335232 -1108.451008111627 0 88.94755563529296 -601.4827081461274 -711.8868220999855 0 0 -299.9877602757069 -301.0260442548122 0 58.58738547610724 -2.042863491348243 -73.01943219536894 -283.3427882244259 -549.0684128865023 -851.3291880670224 -665.9526625777085 0 -854.4676929641407 -314.5456564716657 0 -25.46463144237612 -32.91748629297616 -259.3521605108469 553.096491542211 0 0 34.34926773425971 -316.9756500790739 0 -231.7147259246443 -859.953611838652 0 0 0 574.6172687167857 290.2765188772272 532.5462253329885 0 285.2822461793977 0 0 106.1522691839798 184.4586577944219 0 0 -136.5093707819048 0 1041.389871476199 0 542.795123697747 215.5713472243379 310.4331196776944 0 0 0 0 0 51.44498558863297 0 0 429.1005432210649 0 1098.555735804646 0 0 0 -105.4801432029891 0 0 0 0 0 0 0 0 415.6266424046983 0 89.9814434586455 0 0 0 0 0 0 0 0 0 0 0 0 -91.80427567187141 0 0 0 0 0 0 0 0 0 0 0 0 0 0 -81.15883488057679, 49.62217549820477 304.6069552817467 322.7767800237762 36.22196963615869 285.3211084577625 455.7902468004574 44.02224221686555 0 186.15143584153 484.449454695489 540.1788862503636 7.142358645403135 238.4982871488093 -2.017089554193802 -646.6055549945195 0 -199.5837476656395 -679.2059537013381 -906.5276643923952 -759.2228990919039 -370.9542702009984 -1237.273275610454 -371.8798017894024 0 -659.8104505686947 -573.1618810599579 -1548.454783592007 -186.1959346807918 0 -1824.033815978233 -73.59496462948033 0 30.71140821562258 -217.8212290787528 -1449.284103585962 -427.4763032242971 -1176.056200646464 -313.5623396413432 -294.9312420882732 0 -259.9052282405203 -1277.631460846001 -187.5613170684554 -368.6367523812524 205.5838909979663 -1060.22146042474 -157.1168621386354 0 -60.136963971515 1027.219415194382 -1202.569488435804 -179.1007833466649 24.98895746482393 474.8912918020208 542.6319300856035 0 1072.433748244869 -210.6922749875865 -204.7441916599957 114.5640609122262 0 784.6124879470925 1554.983994988155 0 -49.1589413445717 322.0767558673394 121.836931962763 646.7504438637638 97.48994292295794 882.1029739142981 396.2143194408528 0 181.8040726025605 708.114034479568 978.0619697061879 181.8455377880039 347.7355846668739 417.240263943138 20.64631302665174 0 -188.4508933963358 5.468844980672685 283.5621496870302 446.0941565783654 -73.64928966226019 114.2063498541992 912.144544501379 0 155.7238272007055 -443.5300007085505 162.0439617048206 0 0 -395.4495033710558 -568.2236058035928 0 99.01576805548368 335.4636614036141 308.7898012022662 1113.152931383785 17.14455118177925 434.0283798696544 -399.4601584113211 0 -730.6964604664988 163.4246841661137 0 -794.2523924004664 115.4818084713695 -659.9050708162445 1054.319280528282 0 0 578.7719488292187 571.353753010235 0 -165.9767674978438 -630.9288899443874 0 0 0 815.0237424631719 -836.0951076623493 581.165022499858 0 361.80828156861 0 0 209.215311513514 -403.460278134979 0 0 -87.36679524280922 0 1201.465964076247 0 470.6574576804303 -146.1898689834855 269.4050922390439 0 0 0 0 0 -245.9685287780189 0 0 403.3170335258716 0 905.3599641925919 0 0 0 -80.06226270459584 0 0 0 0 0 0 0 0 157.3740370356104 0 -16.86388429492369 0 0 0 0 0 0 0 0 0 0 0 0 -262.7638532122159 0 0 0 0 0 0 0 0 0 0 0 0 0 0 -89.75896865761794, -21.53196128899799 -236.2658789510079 -633.5592376129603 -446.273659698589 -98.80939902792767 -611.1714317110691 -660.9554631191434 0 166.8152647670273 608.758639308341 261.3889396463637 -258.3977844268724 531.9065742752715 347.798308066592 528.8964479232003 0 35.72059280767044 1190.280110248681 -284.413504631324 204.3308904663112 145.0595016891657 209.2535768153842 1215.464555376396 0 371.1447558179404 121.7831596656052 329.5528304307871 765.3298031569593 0 175.827434035418 129.2307547684538 0 -185.0761734204679 -479.7081158595711 -513.4212033369134 -929.878182237765 -222.0245308210696 313.1766724754664 -530.5500775830201 0 -305.1147482840821 -1402.870326732183 -1255.283733351073 -519.6880100892374 -445.9110996136044 -1994.03506145661 -1517.109642223134 0 165.0899227286291 -454.8895725066454 -660.7766531065481 84.47582930432407 -693.4307398638216 -336.5862764260651 -98.62644167093174 0 -161.3057408146766 -400.4690521064913 -809.8940368970307 -842.3371131706598 0 -796.17244908514 77.60042919759155 0 89.13243810357689 228.0113183705394 -63.82800853143002 -543.6633834551508 328.9443032158384 439.8159053230734 -162.4764094740724 0 270.3310235458695 539.1097354051167 -840.0820092422223 621.2364278251019 167.3055893517023 12.7013952330766 320.1245791683019 0 -455.5820990612082 -619.3877879916918 -364.7336836736501 339.482709382892 -495.004528483729 305.1273914513795 1345.219688305031 0 241.9908456642828 -938.0410314166405 1627.760032111112 0 0 -13.26768257821732 -416.472610720081 0 -86.70183117353517 118.0824844727209 283.7558682701438 1247.045798390299 248.1981438592617 2022.361158221652 -353.7350291433244 0 -247.6327937315123 669.8997039682902 0 -830.2413125323499 -54.2112259253209 -364.4760194002873 968.7016423692095 0 0 271.0729603171638 1055.970425338244 0 549.5013395575038 -458.1896852826112 0 0 0 -4.927808456039912 -933.0608549919648 483.683847702385 0 539.1115092944616 0 0 11.7055683318075 -228.1654340953084 0 0 -102.676245126455 0 -182.7699071529476 0 50.53331007045807 -231.8092359062191 280.1466733346477 0 0 0 0 0 -219.6881116681479 0 0 -383.6595365776205 0 -294.8018600317664 0 0 0 5.500301291693219 0 0 0 0 0 0 0 0 -835.1670677530038 0 -68.5766380442663 0 0 0 0 0 0 0 0 0 0 0 0 -500.3259511515585 0 0 0 0 0 0 0 0 0 0 0 0 0 0 -93.91861304743567


GFLOW: 0.36 0.1249362452930113 0.1272958349182198 0.1875168003722105 0.1903397143706999 2.963523145936664 2.963091328235407 2.890018897649587 2.888375564264791 0.03630708558284816 0.002210344679574442 -0.007494692449201168 -0.0546259102078648
q-corrs 6778.543712204587 19065.43030794802 17466.64103482918 5124.532963284996 1227.087308507182 1333.39578204851 -189.0965515061566 0 -440.8909363704861 -1493.757136180189 -1205.167316773959 -1065.469768895847 -400.0139521381089 -775.2278861549646 -1859.016100580736 0 -246.9749645117547 -1536.126971347178 -1180.829437834786 -933.3786748846436 -599.7474855400459 -1214.513770253374 -255.7654307450533 0 -413.8778519289326 -1277.407178970695 -2059.633570811284 -268.8870998414123 0 -101.2841004605019 -321.3916057673135 0 -368.9554491310899 -424.729075196477 298.599175174885 -438.1720896052514 -36.0402716972547 -518.1189867538524 139.0152989553955 0 19.3586599146935 -126.5891054249325 -261.422942214119 415.4302985062974 -409.8158926114019 265.6263912096747 -409.1314178434914 0 59.25076281497472 -370.3820661454552 -19.84855425578817 139.671338814274 117.1148352287226 -169.6963392669671 -354.9027306752185 0 -125.4158989276841 -946.2504105290033 -325.8523837839214 -1179.696508293034 0 281.5552776342449 -231.5973548356975 0 -52.98967463270471 -56.31610851243843 -724.514723810982 274.9700776696646 -255.5744539260191 -196.6957479752306 -118.6399292568675 0 -143.5667371793088 -151.8314610313233 155.1702493411178 80.12623614076503 255.3662429288694 -616.4516704362779 111.8908351251805 0 -392.3259520376934 -109.4800110691348 128.1001108382752 140.2850831110814 -11.28982561146451 -87.86467853835434 134.2732158385386 0 217.7483076859753 462.1674044843408 94.02581950503344 0 0 -114.2100267699056 69.86606799082044 0 87.1840458911793 396.7684854940309 -498.158662043592 -36.82843396981129 -38.70502227802999 784.0669676970274 -341.8181276863538 0 -209.0595531497545 16.21638988769485 0 -606.9021581570221 185.5965762189464 -462.2069354779973 1161.798597272088 0 0 -656.6606061394041 -390.9473020771736 0 169.7989497889807 -672.9448000507039 0 0 0 460.86393494839 -1257.66075228112 544.345079371728 0 456.3416116532717 0 0 -271.1736650781309 -733.7492266321567 0 0 -263.5328843320834 0 445.2994539444439 0 62.23103078959791 -449.842895539441 288.7886698579904 0 0 0 0 0 -265.2955220517459 0 0 193.1690457679852 0 471.1253591715951 0 0 0 11.82594218229019 0 0 0 0 0 0 0 0 523.6537270355225 0 266.1041846805871 0 0 0 0 0 0 0 0 0 0 0 0 502.0405066165354 0 0 0 0 0 0 0 0 0 0 0 0 0 0 131.5449938978958, 3091.873315674476 8340.127493229103 7052.191651629662 1723.924277319457 198.120078550913 -513.7048963849718 -1068.87059149382 0 -381.4281691578731 -1240.47492256827 -621.9397175135265 -602.3474997463605 -364.5450486220301 -322.2129022436487 -1187.186257830994 0 -80.2140158068804 -839.331240490308 -445.0149702345093 -671.2255362805513 -203.7241626083535 -563.3985040147231 -296.1852572775097 0 -256.0590436356151 -696.5191751656454 -1206.046410628964 -75.61152787074165 0 -116.4230760082642 -197.8014299282465 0 -203.0365146071827 -254.4867529246977 309.5366393908326 -175.4154677048865 29.0547063913032 -172.5617237106734 -56.40203369937058 0 -84.20790193859321 -300.1425692096698 -16.8391065162417 70.91491091311825 -378.7526193102732 21.83893534913901 -305.0574773874495 0 24.75019217884186 -336.0312687469238 -161.7190297837027 -15.33772612970505 53.95325589025263 -297.6106225266524 -1056.507608865223 0 -179.4928559146209 -920.6681014411849 -461.0544522345301 -1168.513289512291 0 -188.6754856083476 -654.7790259364502 0 30.6743548358573 -118.3801551193277 -648.4518963924005 112.8165602914444 -289.0405998713327 -456.3868625873389 116.7012663511036 0 -443.9643641928442 -447.3752364409232 -187.7783293558289 -59.06390252162288 185.4729676197663 -550.3811320503673 51.879787504974 0 -323.8825854692039 40.91544661898784 45.27010294564155 127.1740224013396 -14.17086190565655 -316.7674261925669 -364.3277664240678 0 256.1901267900599 227.5608001825622 87.744445784795 0 0 -124.7106439177812 154.0217560003967 0 7.383264094755603 98.17185841916532 -531.9486836994254 -227.6262458671472 -153.5016410411669 651.6281341523513 -285.5848552002204 0 -277.9860371603643 -3.555793232986332 0 -267.4991678892523 7.300407100982113 -357.1666562311062 821.0709979030333 0 0 -633.9177481511965 -190.9122838249527 0 253.1969835086577 -543.9440652746976 0 0 0 47.18861432719484 -673.8971961692321 398.0210728441153 0 436.4225738086967 0 0 -235.3502676335738 -244.2338559683444 0 0 -184.8380620768186 0 -71.0993139224492 0 -54.22762848525576 -214.8289621306272 227.6280374313066 0 0 0 0 0 -60.07794810163041 0 0 -5.698251230008111 0 -82.72646225460119 0 0 0 18.69741916618396 0 0 0 0 0 0 0 0 146.741901782722 0 68.28835437244737 0 0 0 0 0 0 0 0 0 0 0 0 246.9808193236806 0 0 0 0 0 0 0 0 0 0 0 0 0 0 81.0598364250562, 52.93585932866337 -388.588250454065 -1213.746974933531 -834.3542615453896 -532.2239985195392 -1586.705073330017 -1268.540073346911 0 -201.8484589523802 -610.0286230780409 -109.1932103392882 -46.4008546093568 -167.7972754278069 164.4913031793 -181.7478307170954 0 111.9583055191595 186.8270968056435 444.9974484957646 -367.2831972010804 399.616605411058 272.1393037727119 -481.1992524172772 0 -166.1564821871488 87.45099523261331 92.52685919871908 261.2451413266745 0 -49.58927785277535 278.1396487609659 0 147.6653059391166 90.1285961413638 378.5938408095452 334.587019586914 65.94677003479455 186.9657610573638 -141.2589451717545 0 115.65376973086 614.3190612750586 873.9763696578316 -192.2315275156679 -64.76808369828058 445.9710727200415 421.9318896035448 0 -6.943644860024506 116.3744650374986 362.4716497201318 504.940255451501 381.7017082885656 502.652970524393 -414.3431827871941 0 47.53226536886166 -396.393322734665 -223.5443951670092 -369.8290012922739 0 24.77076741857093 153.8633801948183 0 150.4429561070138 352.699077746502 -533.4935422847727 138.0989164092803 -233.9031608616053 -407.8193529466944 177.7791372344636 0 -210.7519515293083 -153.5141043012989 -177.7944189116834 -302.7006017123614 244.7901310522143 -946.9523249094111 -95.98073697235688 0 -270.107376126496 -289.2182714885861 42.40392148058265 -196.7197456923664 -163.5565495264866 111.4337835789255 -365.6270008701652 0 -113.7993485808281 509.0022478778594 -561.8981899891519 0 0 -166.340235266457 27.0972325598142 0 17.07035175278642 -351.4891959105655 -163.0186622828936 50.14324524335012 50.08154059583815 205.9334642677694 371.6952809373998 0 -19.3192148348812 -155.2836999627988 0 361.4841958210112 -130.3072866069334 -178.6749350729135 128.5390933604228 0 0 -139.1406920181799 563.3420202160197 0 28.75271658905427 358.7622786738426 0 0 0 -179.6441367159952 420.5733278791797 151.158081233688 0 173.2030127686287 0 0 -80.08134657146287 442.2511604782298 0 0 123.0479301023703 0 -208.162585869329 0 -64.58118310991928 199.3058015688519 63.03822358322779 0 0 0 0 0 185.5728860827776 0 0 -34.26243664140317 0 -234.4181859173459 0 0 0 9.878130938327814 0 0 0 0 0 0 0 0 -34.5742425799655 0 -48.40360801846893 0 0 0 0 0 0 0 0 0 0 0 0 15.38089714512151 0 0 0 0 0 0 0 0 0 0 0 0 0 0 14.09379776200842, -177.2385700789994 -766.0639584738619 -1086.937229022993 -479.8906632958241 -418.2635154242441 -926.6312658130478 -342.5626280797119 0 34.18442215326806 -28.65973206019765 -638.4207049935443 -197.7431728548929 132.5907115699131 146.5098362974284 162.719457659301 0 -67.72458365554205 -116.8089162391894 128.1905081400539 -291.1470519636213 344.8838880153959 -18.4523829592415 -711.9513337683015 0 -435.7078416073394 277.5959150831484 272.4741486821528 96.1719002406123 0 -338.6916112604688 298.8029516429823 0 329.5424714864283 88.85487933952791 177.9271375989003 404.0880504419789 45.49089514991032 266.3555586479882 -172.6427953478352 0 481.7337926551485 1375.378099342083 1348.460345919766 -165.3516979886652 29.39765766275976 1029.407088018158 851.1671414810576 0 -113.677283733424 151.660004279775 735.1355288446071 1104.13465771901 777.551786863231 1335.52046546416 672.6459058968525 0 197.3138487917898 -295.264621688392 301.8665419877267 370.5719871871386 0 607.1484890923609 1187.380396701823 0 98.82870359366432 948.2601256377556 -476.8607754276452 257.2963659098492 -226.07842188935 -166.1609131422371 98.23131012049905 0 308.7516221114403 522.6872666595698 281.8190475648868 -502.9669743131097 215.5111112876574 -1158.819195462521 -171.0484505491738 0 -119.0281867741121 -617.5338889657909 135.8116651982433 -200.0101708443684 -243.4994497826469 611.3633102271604 -273.1170704119547 0 -389.8220601604552 384.3023702125981 -984.9319206335927 0 0 -197.9258025243321 -432.2084070355787 0 113.0049028103818 -475.6859211555793 397.7643401305023 302.7240106563437 195.8789275713979 -334.4789267175704 426.2739958362837 0 -10.94067027871176 -157.1440996701382 0 161.444668559959 -102.8429373836495 -169.4779064130376 -178.6063841220507 0 0 316.8833701630687 588.3337037751646 0 -209.8692259019394 532.0246701305806 0 0 0 30.82929724624258 325.013001011039 4.268790733893525 0 -57.61816934289182 0 0 69.51868063812887 213.1806632900029 0 0 175.3078203755789 0 264.7312788433854 0 61.21879895942473 150.9920375536757 -105.9117684313781 0 0 0 0 0 51.48346605878039 0 0 222.8205831538581 0 311.9512438276948 0 0 0 -34.12314871033431 0 0 0 0 0 0 0 0 324.6171616436285 0 99.3737567533591 0 0 0 0 0 0 0 0 0 0 0 0 144.8791706775436 0 0 0 0 0 0 0 0 0 0 0 0 0 0 14.99473577011557, -89.81970877473782 -355.3638559354221 -469.1227471051853 -171.1143980843022 -205.6349918824013 -473.9745047710975 -53.1791624072799 0 -7.789653847437307 -24.34681390259794 -1051.99481953915 -624.4722598573273 260.0434738294105 -222.6433782141251 -282.281947135639 0 -199.5447287002784 -542.1654050850713 -486.1662387135888 -308.1365005983331 -55.0884327356965 -643.6790893325214 -521.782663907602 0 -492.8043499813033 160.7552987179789 42.01121605047246 -36.00124179165996 0 -413.7479901890811 19.41336851606627 0 113.5486121894707 -191.9613163308308 -126.8764355732932 92.84654554150023 -9.232188329050466 341.4527205792949 -29.30640657317201 0 509.9308658051322 465.0471564554333 393.9167957211996 -77.32484564673784 26.44931288727614 720.7955556587624 610.7363507630823 0 -206.8731302440619 243.7840756487515 102.0680332379968 252.1328807763957 273.9309884634192 654.9073385517062 537.54175841405 0 206.3878789735794 -471.2111422523855 396.9938032203906 457.630832226281 0 127.3057554293104 44.15981659552665 0 27.40957293153999 389.8129569029461 -592.1911859990259 190.6606738288043 -109.3551713835991 -233.3798515093603 451.1557831777488 0 -109.7681562713275 108.2376714037052 -51.07696773356088 -992.2759642119045 -82.96229505021891 -533.3066224488771 -352.5587247086642 0 10.39325382153545 -353.3002399616157 53.22979646903717 96.90410559983292 -260.9504758799875 -74.78485087963388 -1128.061225183273 0 -79.81500487093433 -818.1844551116654 -828.5518683934627 0 0 -338.9997924271407 -422.1686940668164 0 -13.12150927363325 -349.2350131626597 82.15219619562167 -328.7439092084811 -141.8514799116925 -709.7646579778507 -396.6141326969513 0 -526.551123103242 -253.6494103701339 0 -203.1273459941696 -96.73750259148416 -237.08637659507 -172.2723704240499 0 0 137.693851266348 -303.5381611936925 0 -195.3848754984046 -434.2705474662131 0 0 0 83.41584791018408 -138.1272792841274 21.35670287768644 0 -104.3849089102253 0 0 69.61116497677875 -93.98692608828128 0 0 -102.7031345017175 0 389.4860786863113 0 119.7338867044807 -16.35081341799564 -78.58116367554504 0 0 0 0 0 -42.64779306611087 0 0 258.5671539754741 0 492.041784800041 0 0 0 -61.70950188949106 0 0 0 0 0 0 0 0 388.4220982686282 0 133.3387189844084 0 0 0 0 0 0 0 0 0 0 0 0 157.4972596280942 0 0 0 0 0 0 0 0 0 0 0 0 0 0 7.652727664396721, 16.8234254837073 128.4264764682815 177.6392203961561 49.18187768250074 112.7566232455015 177.02200947582 38.53565686355984 0 -45.46741927026157 -148.4178168573974 -391.1554705500935 -414.7432234975963 58.22972601266416 -337.8938146514981 -858.0305225961411 0 -73.93369816360141 -580.4248726630916 -494.1911663212243 -540.9053712543821 -193.5462814033783 -883.590501180425 -614.2069766144606 0 -553.4248967117472 -27.36619385389329 -234.4363976178498 45.10846692665859 0 -795.9149011140262 218.5999000815584 0 -30.89448544504431 -115.6377791353991 -654.3153891276986 56.96683172493505 -333.6143370478406 258.0383284281269 326.8034930152552 0 356.235368942803 -165.6601202159625 -91.65856062055511 -41.16198796414608 355.3469407629266 359.241441600128 637.7021090687272 0 -203.1185025095595 920.5327345492708 -313.8358563976068 -221.4134744235973 -69.81407971093823 346.327968995667 803.2415268490679 0 654.7006546777836 -47.50529063878406 205.720156644217 619.8825738081401 0 306.4380343383932 370.8870833098086 0 -6.2879397516875 -10.52561608682808 -226.4515919152129 548.0271269350756 135.1279543152806 397.7058340557653 440.8653905958353 0 -188.4666563082162 14.77211053345072 327.8475205399941 -821.2326354500693 -28.75043480456328 208.7948922058135 -201.0431202386235 0 -38.27717749651599 -11.54511449805958 238.6324107452318 133.0381133278083 69.01213982813164 -378.3648815259978 -740.4375667276352 0 24.92658451130093 -647.434593311945 -575.017999918548 0 0 -241.8858015329719 -395.6367464973326 0 11.58322897656877 33.62785854706345 -38.76907150167139 -169.979776399767 -243.0330652300808 -569.8420651014912 -510.2504211160948 0 -570.3732927178705 -226.3274723578105 0 -248.2770769977153 24.27495230144714 -275.3252186525356 428.761764063494 0 0 91.34085287601816 -222.3772030074308 0 -147.9523163135224 -616.3049205945197 0 0 0 460.1844849229449 -149.5835501671456 385.0310406185282 0 182.1280702460944 0 0 64.4729381783942 30.06106882090971 0 0 -130.2528344368533 0 760.6318465727918 0 330.7147984105618 15.14937928486645 287.9381517770294 0 0 0 0 0 16.60754231018574 0 0 323.0483560830899 0 791.0926501251191 0 0 0 14.01833783251403 0 0 0 0 0 0 0 0 395.6052862466432 0 136.6782432631796 0 0 0 0 0 0 0 0 0 0 0 0 82.64529196318301 0 0 0 0 0 0 0 0 0 0 0 0 0 0 -14.15907819557981, 34.69264740604352 188.0228093865339 236.1220183197518 63.47203422385163 160.021752518818 305.9853060253012 87.13593974342017 0 62.20323112691615 195.664366978513 202.4446715172468 -52.72576264733443 102.2519044939718 -137.4780312777372 -496.5713623534615 0 -83.7114725955752 -425.0776452289305 -590.4761139900876 -496.9285206825085 -334.6746493245077 -920.7158840817216 -327.4411681918181 0 -510.9160567158264 -451.4255185328751 -1137.027778657332 -228.6647499966414 0 -1330.07891810234 -263.0298396887725 0 -78.92354314672721 -448.8060722981613 -929.7729179533202 -404.0519287019252 -697.0295977674818 -181.9646000246585 -422.2993967989396 0 -95.30169585778819 -811.7222504593204 -234.8131606302307 -234.0121420013632 79.86967213304604 -504.3706653630071 3.54533166612606 0 -60.26023707535364 586.6767619304774 -523.3042775539672 -157.8600444168 -11.69078731815206 318.8647746476322 322.9700421136407 0 646.7722682636349 -67.91039244430976 -53.25833518254872 157.9285181415977 0 586.556761403348 921.1003281093754 0 -2.871786741612389 145.0753479112551 37.49801629635485 436.7777067303454 157.1832982596331 568.8439362620031 209.4356062384453 0 139.3385484798492 414.0030690109771 614.4848069977249 1.40479356124996 140.8895253691825 249.6087894119299 29.54437523132896 0 -136.3442349682346 26.84380776984651 155.0468653326529 203.114177302223 0.3827143254854803 247.4629972399043 579.4377853585577 0 77.82112354194412 -243.4971475038824 151.4154742019008 0 0 -217.592584268552 -380.538136089579 0 91.94204344566741 193.0380109349722 321.441531347684 771.1063218990703 99.74846031876474 331.7294391241609 -246.8340757938092 0 -384.7993162497901 189.7625047638092 0 -522.2438113557578 74.59098611106441 -351.7414424015885 744.6103520844888 0 0 424.5814830256645 483.6090463689587 0 18.10378215589864 -365.8417876624816 0 0 0 539.460951692496 -594.7008493393621 419.5779835283441 0 350.1055411842387 0 0 129.6038836114556 -172.2062459422381 0 0 -70.05402124152639 0 750.1749992270838 0 314.6179977679234 -145.735909002817 283.2141233738697 0 0 0 0 0 -130.5301288657603 0 0 244.4922406726361 0 630.392758909652 0 0 0 7.985608203616152 0 0 0 0 0 0 0 0 172.2604785036845 0 64.43764984188203 0 0 0 0 0 0 0 0 0 0 0 0 -61.24280841176518 0 0 0 0 0 0 0 0 0 0 0 0 0 0 -35.34448705288796, -29.3004366627606 -194.5933382368462 -410.1688407578766 -258.0879176214397 -80.68935237340584 -394.3183153847644 -332.7622397757177 0 5.82209401626119 323.3215402758738 58.17949523932241 -91.75200617395053 356.8050961896596 91.63286807497528 458.3899731090446 0 49.87946735042539 977.7616376172429 -20.44390456805672 209.5778628801713 42.79508189215282 174.9849914476128 860.9146615896407 0 283.766248304247 43.09443322192539 251.1051050767101 600.555015073144 0 216.4097743240023 110.7797374200534 0 -164.2707205188738 -406.2842340393937 -290.0650566222313 -663.4354304038607 -152.4853405152173 303.2472471982287 -316.6963817703607 0 -115.1597910286941 -892.1760633577802 -984.0103058820334 -332.1580428400296 -279.3993219918966 -1221.722264409803 -906.5324459935955 0 66.57787488854569 -370.1075188172854 -298.6398610693367 -7.834352547752019 -489.2090090967857 -334.3496489133103 -120.1481483686707 0 -157.2708117240859 -257.4895687055178 -416.7723515824656 -516.3934639298589 0 -451.3580825170863 -127.8664745742657 0 83.59301460929738 12.04728724244384 -240.0840231430788 -237.1664187322682 196.0020374150606 318.6917423536877 -125.2688360109158 0 203.2500587559235 288.431808242346 -376.0921748653291 193.4777658205743 105.2137770357091 -24.49343343932657 146.015599871605 0 -305.4033233783298 -260.2130350968463 -149.1346479235286 144.5113914378159 -210.085245058815 292.654596691805 770.1987484669198 0 150.7291757588627 -399.7056448266698 868.4373920509991 0 0 -24.73848934155751 -142.9248285195746 0 13.88173639677948 27.75332677711573 263.6859593004606 807.3253832843244 193.6454168972186 1216.249265336778 -185.5579837569115 0 -129.635282830408 459.2609262108251 0 -413.9307267107059 -57.1638376516319 -146.5586771063279 594.7208637658683 0 0 222.7362603568637 712.9340363140207 0 425.2689378502482 -298.3612285244188 0 0 0 -5.194353895676528 -524.2823070824882 296.1013144506234 0 401.453519666248 0 0 18.27217828148333 -46.02927664531921 0 0 -89.01470210927123 0 -109.9396585750754 0 47.85184085910046 -157.8963119628145 219.2496758531632 0 0 0 0 0 -101.1240685378793 0 0 -232.206028201844 0 -194.1276988485064 0 0 0 13.21708436814679 0 0 0 0 0 0 0 0 -502.7261597779672 0 -77.54975297444038 0 0 0 0 0 0 0 0 0 0 0 0 -330.3523951043409 0 0 0 0 0 0 0 0 0 0 0 0 0 0 -69.99635431085214


GFLOW: 0.432 0.09460002336639917 0.09679184912154742 0.1360262569722619 0.1386337453898341 2.975081498889261 2.974670936685244 2.920852733118644 2.919310753800888 0.05711259015780459 0.03322663782458998 0.0257997940188271 -0.006353857832563606
q-corrs 3877.279271273746 12272.82213179994 12783.2740594338 4340.598213048966 1480.840477587904 2642.353196690251 919.5147481260678 0 -148.2633148632524 -805.4267549249063 -726.9218933219768 -706.3326164509881 -263.0869253798988 -606.1770266686574 -1324.087155295387 0 -181.8761580081579 -1103.321302306877 -858.8571419975349 -646.2695650542139 -463.8750196739683 -828.2486176304087 -183.773970339146 0 -230.2317170233904 -853.1965867792205 -1438.86247656462 -246.8665750663419 0 -187.8093652510001 -352.1264425304335 0 -275.3836900263237 -353.6949806674255 119.4245816785256 -370.250395397338 -29.30448670452811 -343.7149925023505 -77.51731482398469 0 -114.5044031749059 -316.6316332199762 -246.1613638245038 205.563767629428 -244.7367779742568 -16.27404099159111 -384.4571288705039 0 24.27355810260593 -248.0346916822493 -137.1137277225333 -80.21913423621774 -13.4385561947516 -323.7928793100454 -434.0981292349378 0 -63.45157891369792 -603.5827385006182 -353.7703215190557 -892.8052817689509 0 180.814862143603 -229.6888760389709 0 -37.54785712792919 -216.0276184815763 -570.9250751460543 181.2795654124822 -203.8835712054385 -238.023547098256 -49.85472489036813 0 -147.8565271141189 -195.0179215571594 30.79798861398292 146.3559220692719 92.73648569721105 -276.226497846143 167.5605806120475 0 -251.2961412673436 -111.757770239067 81.98547548362255 174.9931268146705 9.358520109073325 -101.2937681046076 131.7567596253595 0 191.2357315865358 201.6780792180381 251.6352179876568 0 0 52.42123402714824 -43.09828866351806 0 46.04195419688051 369.6027037839987 -322.6359910247438 -166.1526053463802 -68.48436515358924 489.0226624582748 -403.5213931116757 0 -128.8364527729731 66.78527213514812 0 -495.2874171103381 143.2837729928883 -238.2732642813601 923.4885661774283 0 0 -551.840778387099 -528.1873206994893 0 171.829196732545 -643.8628518105459 0 0 0 369.1452880681935 -864.5924032658759 449.107477826587 0 417.0025149956159 0 0 -217.6551485865759 -523.5123482353963 0 0 -236.8405685569004 0 339.9635187340603 0 123.6693004950033 -309.8576111104961 345.0261628894944 0 0 0 0 0 -149.6344757088233 0 0 119.3312596535291 0 384.6389925288527 0 0 0 59.54858015646021 0 0 0 0 0 0 0 0 302.970225490531 0 166.3179948546592 0 0 0 0 0 0 0 0 0 0 0 0 267.1485922510169 0 0 0 0 0 0 0 0 0 0 0 0 0 0 68.52652047038251, 1989.280451380285 6127.954710782802 6096.382117572349 1897.935936596485 560.407403686104 677.8667017310819 -155.4031065959922 0 -234.4714668632088 -838.3490869054588 -474.2775144709229 -479.008310189586 -258.0410229517769 -363.929579792169 -962.7307452019002 0 -67.94593346025979 -655.9574216628223 -402.1725005714912 -498.3775478927341 -207.8020257696007 -431.7776329699724 -225.1101517115075 0 -160.0570925192114 -510.529890749296 -888.3239619278741 -95.13474550735302 0 -178.691963538117 -186.3370726219522 0 -160.9885721350016 -229.5900152971283 111.0776347131557 -190.7365778890582 -12.55644533854239 -145.7378695616996 -141.8619759163081 0 -96.76291369994183 -257.2223011943055 -38.47336733285138 21.41566184261193 -215.1521164474047 -59.5374850096819 -261.6437666255079 0 1.354672619445672 -226.9405551364041 -153.6945335266178 -30.71390047628203 7.629960881998159 -251.8862134556769 -633.0243460278441 0 -84.0582952104257 -589.8753659644733 -361.457623038975 -825.8264909937093 0 -43.96952131543947 -379.6919485822631 0 9.200198358449571 -130.2905769384234 -520.7889179500178 66.09503459978626 -222.9646214150859 -344.0759151149534 60.99243464706376 0 -265.5184817435322 -286.0683370306719 -182.2046734256214 50.05128215737989 107.5795175932377 -364.6447530969511 144.3260144440983 0 -226.2941475687203 -71.62142454227563 20.63987070758467 152.9597599057482 -20.70154376353035 -178.001938030703 -137.2357608695579 0 155.4622869541492 168.1110969489564 146.0682748637965 0 0 36.89595490542732 82.26723300820659 0 10.95993928355592 133.0022706253251 -321.6149881790575 -255.2253063813912 -96.38973195991392 399.4034863758844 -260.551371330979 0 -106.4994240071805 27.5913076954583 0 -218.9718859379014 31.43029279451794 -147.1672994209179 597.30774789105 0 0 -497.4196144328779 -337.1614946231487 0 186.8535849055319 -434.7288411667313 0 0 0 97.05221273821856 -444.9975032122942 316.1120383653687 0 324.267833620574 0 0 -186.9814147158845 -208.3233244873277 0 0 -153.6573607583545 0 14.39960608587651 0 19.65648506165012 -152.4064204588324 254.1379576327463 0 0 0 0 0 -32.16543723259021 0 0 -11.12516242869958 0 20.49252848196886 0 0 0 47.3856468721258 0 0 0 0 0 0 0 0 61.90477505817036 0 45.47596072907169 0 0 0 0 0 0 0 0 0 0 0 0 114.1320139014059 0 0 0 0 0 0 0 0 0 0 0 0 0 0 38.49052735968652, 145.9693300975055 181.2605129165615 -269.2989972070634 -353.3658979866694 -284.4341720890998 -993.0277199871066 -899.9211242317471 0 -227.1049135603406 -618.2138038916996 -200.6831996558808 -159.2286564108608 -168.9440056711675 -39.46882853323433 -363.6915958118421 0 64.97799253606223 -41.72847368525623 180.4810316659732 -301.0426923086465 169.1458309248935 76.3494825712489 -364.7292583950484 0 -141.0466506042225 -14.74065955885315 -64.47957436495989 116.416531644104 0 -170.1580305888845 157.3923076384258 0 72.10023637610438 20.67486357658355 132.7488863060439 178.3500933364099 9.789682695271225 116.5488146230897 -109.4849538329896 0 96.40102874959432 400.9446347432519 591.7744134033604 -147.8819406314803 -37.1014374618977 306.9574009756199 237.1074669376052 0 -31.17199430940838 55.38085780743387 252.1345089819699 460.0045693562212 275.9332215704707 389.8267708520468 -120.1900271744525 0 61.67419203338025 -320.1414452625871 -145.8547231904685 -291.2520306166689 0 64.64983127382072 218.7165152549671 0 93.64180154824332 346.0693703866274 -375.1337775686284 56.20370539982919 -208.4491990772185 -242.7842516466951 84.79955044647046 0 -72.86873401162758 -34.41567464536433 -169.809273414275 -111.3786683364515 190.2165838139014 -649.5831844761528 16.89278111672208 0 -179.4944816785336 -254.2227099208185 19.29175084787968 -66.22444826581932 -112.0827116876616 108.6466598579359 -158.6569827876308 0 -89.99477810696759 340.5744583512082 -365.3971648010431 0 0 -60.41056493077211 79.74023325453211 0 -3.117353501113797 -231.1973376379405 -92.09772646601697 -64.08768002002058 41.4271730249623 127.5163237927174 197.1645829361944 0 36.28643917295265 -117.1909923921299 0 199.2415199264443 -81.35638349286616 -47.2723222485499 31.23773087543901 0 0 -132.2295482191622 204.5804389471861 0 32.17043238170399 187.7626675969661 0 0 0 -115.050027725098 232.0809255056445 110.3294300662602 0 94.72906980597898 0 0 -70.84096008269164 232.3747415666899 0 0 59.66680457511629 0 -134.3817311095317 0 -38.90527514763742 99.42706000484969 98.12553267193582 0 0 0 0 0 101.3655965690217 0 0 -42.69017935968756 0 -137.4097790923622 0 0 0 24.70109102580891 0 0 0 0 0 0 0 0 -44.21810703022908 0 -26.83573518099163 0 0 0 0 0 0 0 0 0 0 0 0 2.14486709668191 0 0 0 0 0 0 0 0 0 0 0 0 0 0 7.132469012339786, -109.0049750798107 -507.9290696254507 -767.8172379314016 -368.2382461245147 -308.2537324312159 -776.722230286761 -430.3192867423611 0 -63.14356423326416 -209.3503171319939 -432.6582647716344 -202.5339328955146 12.15737678939007 22.41584634975661 -65.19054446947924 0 -17.67258971652278 -147.6690570328686 60.7007348395849 -200.6076902179406 163.2977441687376 -56.00756933954034 -484.3168428519161 0 -288.7504863294014 134.5798389084821 111.7474731342365 37.72791740695959 0 -340.3260863682667 202.3786496094669 0 179.6025660705392 54.55366312677918 6.522523246290007 282.8320784223988 -19.93136129247455 196.2267154905745 -56.15724621886559 0 306.4404063384703 815.9906194576561 882.6629456064654 -139.2587910870555 60.35758728427615 679.0596737456051 545.7219971679235 0 -98.25073580577259 198.947826175889 503.5744347250224 780.7510368006638 501.7138638514846 881.8438751214603 545.8832436269022 0 203.1537822184286 -207.8971559747934 163.752241442455 200.2940159837657 0 423.7250767510659 795.155851693745 0 84.49188083326455 697.0130285029707 -329.5045207993028 154.9937334929187 -152.6033137952401 -79.50715676653653 87.89488207711986 0 197.4141457190517 305.9283163930307 144.1823540013268 -309.5715491707766 159.8995478412127 -732.0475021449955 -142.9186257592322 0 -87.28295250088958 -379.5502860311667 79.18366084823244 -124.6180810975462 -171.0162521610556 369.1430730522104 -198.5815230522273 0 -252.8006583563619 170.5233068912664 -665.2679229988978 0 0 -185.1568194842764 -211.6918178591274 0 51.32761790926681 -350.3801986556776 197.1503624174627 110.2304249144587 126.586470631435 -232.379526038203 218.8089491915131 0 -40.94700686769391 -134.564205337133 0 91.72681174313958 -81.77173933393163 -101.720968343613 -180.6332680796568 0 0 196.3326515506624 307.5723391426696 0 -130.2053600098617 291.8145514280232 0 0 0 3.107289918529091 188.9161680100381 24.45346286214004 0 -33.70507742218586 0 0 40.32668281525611 144.1678620775395 0 0 103.6601898712836 0 173.6395694540988 0 47.57087335225678 86.98163997741077 6.079862722519394 0 0 0 0 0 32.06322685245743 0 0 139.3500017030308 0 235.8766497733562 0 0 0 -0.1694787259326063 0 0 0 0 0 0 0 0 235.8313445579131 0 74.56485636471011 0 0 0 0 0 0 0 0 0 0 0 0 124.6619071546556 0 0 0 0 0 0 0 0 0 0 0 0 0 0 19.38376067107761, -58.60806474776246 -244.8408398779467 -336.2587996497881 -132.8107882849245 -166.9630889659031 -407.3995861492327 -137.8642997238795 0 -44.87011972230478 -109.9236717208597 -629.2964773929173 -401.2934455780548 97.44563809553379 -171.5551748452282 -274.3904660984364 0 -79.40399912162145 -360.0987520014121 -289.0841229337542 -219.6390876321583 -62.52118209276151 -442.8671496035587 -405.7019813872192 0 -359.069840429713 59.39288999160721 -4.607806832837866 -15.34515662350452 0 -427.0515122382767 81.68278137454166 0 52.54355358869009 -109.0332014524419 -215.6587140154629 119.0953208771608 -66.62971050965457 250.504752570426 62.45196966666447 0 332.3940444197389 332.3338820185596 312.4245282465921 -75.98456979600404 106.5578600724904 495.9894241875782 472.6317922654476 0 -153.9377263327234 309.0969704009649 111.3534221370871 231.0312628030333 206.5338917747584 469.7214188294505 495.2780021993482 0 221.511806587428 -266.3387568867177 237.8143607624693 314.2008180756446 0 199.3188024748309 99.45174873992572 0 31.8480642647351 284.4511461499632 -409.0277454284058 145.0606439717598 -51.16319380509413 -101.2390283279167 258.4969970032413 0 -65.01819940581029 25.35059756039321 18.49621787868904 -644.5298060713528 -60.15131335255384 -427.5387890195144 -282.2494712488853 0 -14.76815437440382 -250.7309024102339 27.81096618457564 -13.30453200095243 -166.9127673139945 -36.10344558663779 -782.9522180529314 0 -109.7098562261097 -595.7324642656486 -622.0380894783659 0 0 -259.7503407963853 -353.9937856082076 0 -8.411563565826828 -241.3818176839429 3.319939330157681 -282.5516469524761 -62.2921978170679 -530.9851325747806 -308.2766307114877 0 -374.3810472230247 -188.0943810565752 0 -197.913587095188 -54.13735883114233 -211.4024748071458 -99.42056409149052 0 0 84.82566457809915 -243.0927167890424 0 -157.4704447708268 -314.9830662506437 0 0 0 105.8827703078678 -168.471576179111 73.50367309247045 0 -39.34350050915502 0 0 36.03561413348716 -75.37307100085772 0 0 -70.10202956038331 0 339.4106416965427 0 110.9042049785242 -30.79887938334895 51.56225417933999 0 0 0 0 0 -22.07455981818735 0 0 207.5326569917467 0 433.3365414723766 0 0 0 1.984220254384987 0 0 0 0 0 0 0 0 343.2522268286544 0 122.219162418829 0 0 0 0 0 0 0 0 0 0 0 0 168.8645840869443 0 0 0 0 0 0 0 0 0 0 0 0 0 0 22.62793328896176, 14.04533967957622 92.63934571186348 144.6355948964812 64.3796687831489 53.35697256969586 95.58156667277117 40.58921480667965 0 -38.8980261213342 -108.576534326544 -243.9948342975069 -271.552466117187 -1.013383305900845 -270.3485172912108 -636.6463285888765 0 -13.9772116658344 -430.0624877553501 -373.1206018679553 -414.3118156195338 -192.5028607747491 -689.6603945731663 -496.9311436248622 0 -454.0589229363968 -116.2637105460363 -321.338527957464 -32.50543909971184 0 -736.7855479674929 50.75182387233335 0 -59.45540032628979 -222.5447816592315 -506.2036393750358 -5.249369477939695 -252.8880511836493 175.7008586577637 104.107882932316 0 244.7717334561227 -86.93472680957919 -42.30853530462365 -60.22426369312338 221.2245333360104 253.0089576965901 464.7362000268524 0 -142.3611599235279 599.5821646065315 -181.0937362178448 -124.7817525395961 9.952380193818527 276.7276761605431 516.3892463857826 0 433.134796821686 -71.46016962161289 179.9621196974286 421.056722759982 0 258.8165939527242 207.184083594518 0 0.5195143781354563 12.18722932986793 -172.0324398211318 325.2515210310369 77.58632584042235 230.6392425511113 239.7002032716848 0 -114.9644603377924 -19.62406558245482 234.0360361673764 -523.6705285691902 -75.06689513191665 8.260709153043877 -186.4396912150344 0 -16.55741500521236 -49.88384681925325 107.5902962545208 1.918715442201318 17.73685135038356 -149.8661966768556 -500.513672917903 0 -21.32163989451881 -549.6096475140381 -404.3301478374997 0 0 -193.100363817384 -387.6987755815777 0 0.06016187865705547 15.69515252863398 -34.79529598842402 -109.0450671692169 -94.39828876432416 -385.7951203785844 -385.4579379531112 0 -401.8401046775617 -140.3466625709577 0 -287.059960876375 34.31974338492468 -259.8083775456576 305.9639181005148 0 0 88.07903126032454 -150.2679625719188 0 -104.238357545494 -445.5321538310881 0 0 0 352.4836213462253 -274.3817986707237 288.6601891796939 0 147.465413504883 0 0 40.35568365310278 -29.08387032900582 0 0 -105.0432559026822 0 567.9239831313034 0 228.820012909109 -52.86373004245112 266.1898887911836 0 0 0 0 0 -2.012046352457107 0 0 249.8394205109413 0 610.6217261379968 0 0 0 51.8035081339864 0 0 0 0 0 0 0 0 355.1171351842237 0 138.1553184289178 0 0 0 0 0 0 0 0 0 0 0 0 139.1342497333796 0 0 0 0 0 0 0 0 0 0 0 0 0 0 12.56101850013591, 24.33362019035465 124.6470254745569 172.9352738390479 65.99352494521884 92.34690608805043 193.0123542561048 80.38198209133444 0 11.47140213698692 70.59063659847938 55.64837790422155 -72.05300082129628 39.61403977506814 -169.5033397793746 -396.6487194392639 0 -33.3167188073237 -298.3165944379872 -412.4704321693384 -358.0987140299406 -276.5520376387066 -681.2097393965184 -264.7793484491854 0 -379.0104812618471 -357.8205572758853 -843.735125677915 -187.4821189314403 0 -959.6432328395047 -281.4535556356005 0 -106.8102644334209 -458.8409815062976 -612.1551456827555 -348.2646887615315 -432.9298349908561 -95.61335277397239 -391.701030049236 0 -30.25399291875446 -527.4159634817379 -225.0049672706687 -156.7432740925719 15.61319168030043 -265.5395400508965 37.73835599941543 0 -45.80258635698198 313.9855830971491 -240.4974126286263 -112.4199100731531 -4.504892438292117 194.683330367923 182.9434842124636 0 374.7148033478698 -46.64710571533823 15.56787051648643 146.7875009071053 0 404.0315671780949 510.5338441850262 0 7.547002790770613 94.67153057864786 7.533512983612951 268.8813962928896 127.8980027505878 333.9759258395428 133.8786284932256 0 89.47061521207496 239.4921230894118 409.4337425750438 -33.72139000460754 55.57837634591633 125.6359112961792 0.172423555483121 0 -79.97742183922576 47.88113111105594 84.56804651853943 97.14592955452639 15.81599732122818 246.005661991756 369.9359287626443 0 37.79254226032965 -142.5977018996643 134.3834207732089 0 0 -131.6545617591735 -270.0470344144628 0 76.27544882268279 105.9687827542827 255.003614146083 534.9494898650987 118.4878967099962 254.5221386955247 -163.5140009991464 0 -225.9444002797346 159.5738712179009 0 -347.9167033414909 48.82865526038559 -220.9796346465197 509.6444349986947 0 0 309.0451454063207 395.8142672149539 0 56.98454173406934 -230.0725341162616 0 0 0 355.5010328382289 -414.8174613034645 300.6614805793597 0 285.9926333148936 0 0 86.14670526594416 -59.96629746079139 0 0 -52.86057685259193 0 481.2479251698413 0 214.3498718353882 -113.86284722466 254.5796718913205 0 0 0 0 0 -68.39220315295469 0 0 162.2452467312512 0 447.5109670080558 0 0 0 37.59259267249399 0 0 0 0 0 0 0 0 165.5161398624097 0 76.82607514019377 0 0 0 0 0 0 0 0 0 0 0 0 21.06657788241598 0 0 0 0 0 0 0 0 0 0 0 0 0 0 -8.469014963716411, -24.89871551147371 -139.6691294353515 -261.4089606059267 -150.7736898033713 -62.18446080759895 -263.6715452327196 -184.649285090219 0 -35.72677135962276 170.1527829143929 -12.78372626344368 -35.25535061721376 227.9911594799463 3.856690502860431 336.5854130439419 0 49.81345362928603 734.751140157167 60.95492536248172 155.4677408001716 17.84158626476477 156.7930620690045 586.2595404435494 0 213.7896841288905 1.89424345023858 191.5523064578465 464.0011369361751 0 201.9615921061169 103.4619742347248 0 -143.9525277916752 -326.0069014786644 -174.8071718610485 -480.1132464255185 -93.25781241803362 270.431040463555 -176.970209232894 0 -15.78459492450207 -552.6858015351897 -738.004266354191 -201.7233916979758 -172.7571044221452 -783.8964223583149 -556.0482128638845 0 23.91769714042442 -259.67950819047 -115.3070813584947 -11.58394113135969 -338.7706146854113 -273.9467741375724 -92.12737463022901 0 -148.1642148416238 -168.7592403938029 -224.00375916669 -326.5218270726153 0 -257.3713368951259 -167.3797688808543 0 65.39538262888881 -39.42611824590739 -230.1109398193547 -95.64589618607644 130.0749346481779 203.4041104208868 -61.16878762796841 0 132.3028683132235 155.2986109739364 -155.5248015172551 42.19282845216742 72.65643283501458 -20.72971633941785 80.31665393017845 0 -199.7580725678303 -102.4617888379882 -52.87266487238215 93.68747450151632 -83.19373397511794 239.8676121165251 471.3181276180884 0 90.67619829866631 -122.2304425760204 495.6687436372932 0 0 -7.045568560693788 -28.30482415615012 0 46.49565185580244 0.7082170546002686 225.4925565470982 530.0856268545184 145.8673104748115 753.6669262937792 -89.05618453935614 0 -53.5920042634034 307.888435202902 0 -200.1071901931757 -44.29220392503319 -52.06147234604968 374.2041011707169 0 0 177.4854391275772 513.8308542639821 0 293.5406420727882 -168.9549827584621 0 0 0 -11.94048571471598 -279.9572430650339 189.241213620089 0 285.9222590844761 0 0 23.01835336216841 37.79447861053092 0 0 -58.83073328701627 0 -83.8655837942853 0 37.46927555502555 -93.47975623547126 165.6463042158757 0 0 0 0 0 -40.28176129017294 0 0 -144.5574914646196 0 -129.7898503965445 0 0 0 16.60850843894885 0 0 0 0 0 0 0 0 -307.1314069149952 0 -59.32027913739614 0 0 0 0 0 0 0 0 0 0 0 0 -209.0349852353267 0 0 0 0 0 0 0 0 0 0 0 0 0 0 -45.85010907633806


GFLOW: 0.504 0.07425569918480221 0.0762674379427184 0.1030403208719857 0.1054161407435762 2.981858022020001 2.981478632941275 2.940140910295671 2.938720680089723 0.0601113556575781 0.04127547233011004 0.03566460816784694 0.01103205713173911
q-corrs 2367.498764199613 8179.937240359344 9346.713096655836 3510.185427177966 1419.409517891195 3012.521088289246 1452.600540371422 0 61.8674589367251 -286.6410763041355 -355.1318011477928 -411.7118742921641 -167.5808577250853 -442.5397846765065 -926.3992672461663 0 -127.923177392883 -781.8661110344656 -629.5166639697694 -461.0317325284111 -361.4425973189771 -593.9757170892516 -135.5449829563182 0 -141.9793186370062 -603.6651148781602 -1036.755749730934 -208.6376083662714 0 -215.4580350771125 -319.8376888349517 0 -204.3901411027097 -288.9344246997312 3.969116443507659 -316.2389199949247 -44.04047278126792 -251.2901471556145 -154.8559335289454 0 -155.2067257908687 -364.5925504433051 -224.3375341946142 99.30884044757721 -157.2227301473327 -149.2532777877214 -332.3627806696871 0 6.845399624406402 -186.6396550766326 -194.1048203451005 -150.8943072843886 -64.81538165269819 -359.4344840794195 -427.6236529160857 0 -58.14634070293218 -391.7229419031091 -317.7708334155043 -681.9952013660085 0 89.80046181732162 -213.7625290552887 0 -28.26708872873233 -248.5322555237261 -438.7257569269003 105.5271135824895 -157.0743988923087 -233.9513348107581 -25.64300153846226 0 -127.4379455496771 -188.8229972260615 -38.99511022387821 139.1358163152991 29.99472246973745 -124.5690698998638 155.255033146385 0 -165.7592670428873 -86.81398886912334 45.576772825485 159.2649287916546 12.07513304822849 -99.62961141798152 89.91036459856102 0 150.7320932040176 92.57275287112051 275.5905462844638 0 0 94.32267209182092 -58.584035815693 0 35.22341712325009 307.1278381864157 -224.5740272787872 -194.7180883519143 -69.21766272969273 309.5808341858135 -369.0416224408699 0 -89.07440290299427 85.66750662537297 0 -369.0184950150287 113.5929333710574 -127.563776464795 722.2703596115036 0 0 -443.3449082812353 -493.9860140790394 0 147.8859993277076 -553.7476954534203 0 0 0 305.272660914158 -593.5705170861387 363.4782307436543 0 349.3239142465989 0 0 -168.2539232511134 -360.7698286140254 0 0 -200.5306165930959 0 267.5639785418857 0 131.3917332386088 -213.9309281857342 322.6920876524675 0 0 0 0 0 -80.79027186146473 0 0 73.24736074722259 0 296.6204703757377 0 0 0 68.67186580993469 0 0 0 0 0 0 0 0 168.2304874335617 0 106.0507582175072 0 0 0 0 0 0 0 0 0 0 0 0 136.8070613744149 0 0 0 0 0 0 0 0 0 0 0 0 0 0 34.03332053110411, 1327.635052819956 4503.617670088766 5000.479511573824 1788.219293305838 682.5778831053165 1276.699866636453 415.8391403906223 0 -87.798156183147 -472.2936252117323 -298.5421791663494 -336.9312503342215 -181.2150403740749 -326.484409794125 -758.9607914980368 0 -56.30146927182432 -526.0614285984232 -354.6871665327463 -382.4024845034362 -199.8329985488299 -359.5951908250631 -183.3423536512075 0 -118.8713243166349 -393.5402667251227 -687.3588372111218 -106.3101159364019 0 -212.2582543037585 -178.7295250564537 0 -126.3672620229923 -200.5406487123014 -5.847344593765811 -186.546084203512 -40.49520538015206 -123.0138868390913 -161.1351762564246 0 -101.5225428050408 -245.9174989153248 -56.37849577610073 -5.484316463259262 -133.0461919639235 -113.9326048733724 -220.8241951918556 0 -10.31873192809928 -165.5016006718171 -149.9445183712892 -34.55462972159467 -16.41191771556788 -222.746971741111 -431.9443752767907 0 -56.04551934539646 -386.1898614527107 -283.6059231568269 -602.8372890385131 0 -6.756526111639559 -224.816229883532 0 1.744994890913866 -114.5038488163261 -395.393085096541 31.13727725718049 -167.8208179626822 -261.3085345077665 28.48154604879545 0 -156.5027700704741 -184.9261350706734 -156.8066875985326 85.64269714071401 68.77270671902903 -233.480330203288 149.3262114368869 0 -154.2665621976676 -88.3207848382778 6.659791537291298 135.5427759581004 -18.6753760642363 -104.2442084451517 -37.38095583278793 0 103.6760159521683 122.0640156714331 153.9438496633687 0 0 77.98750781539187 48.26246637584458 0 11.09878933968134 132.8186112560177 -205.8762518032519 -228.6340946482836 -65.17211748660945 256.0042231662267 -226.0205830794507 0 -44.78885754323203 40.04005278526179 0 -170.0070291519682 38.96513636459905 -58.87793008008524 453.526043352088 0 0 -381.9242260708426 -338.9226944327053 0 139.817198064798 -358.0205782368191 0 0 0 114.115926602856 -305.826544621776 255.1284751177511 0 249.2931944712513 0 0 -143.0638494061503 -159.062720787745 0 0 -129.7872509773588 0 52.62159009760683 0 48.57787149017278 -109.4406160307306 238.3883023669783 0 0 0 0 0 -13.13044251308436 0 0 -10.71474457065176 0 60.32445351197291 0 0 0 53.6347574148497 0 0 0 0 0 0 0 0 19.53903061004638 0 33.17207289563054 0 0 0 0 0 0 0 0 0 0 0 0 47.01668139161571 0 0 0 0 0 0 0 0 0 0 0 0 0 0 16.68950950083191, 170.3272522192097 436.3639943925425 244.6179870900326 -57.24087669293317 -111.8936608343014 -518.0952708157478 -560.8247018307743 0 -192.6053763812947 -522.6827965589785 -214.5461271023945 -196.6807851409042 -149.7322953578375 -133.7874574866908 -429.0796376127887 0 31.942270110492 -169.3505021131452 21.15577351063678 -259.8541369695535 42.12080480478672 -48.12725850704231 -299.3333972079153 0 -131.1865077218892 -65.26634205175134 -147.798020573413 30.2314276233739 0 -230.4170601138784 75.05858644125738 0 29.23565419323858 -22.90348693168263 -6.903782462610991 82.36237573303023 -29.55274046354792 77.82661910814996 -84.07587579630395 0 65.14720390427894 223.3163408894256 383.9964816177871 -117.4620026073127 -17.89006621987001 179.3390708298989 131.4905403547045 0 -41.34513307891206 34.68857293871517 163.8645327692114 377.0467225585674 190.4857455325878 286.2214785733861 -9.126226252328451 0 59.84013136225303 -240.1303648434348 -108.7612200814642 -232.655507591057 0 84.8784014101258 229.9520011094392 0 61.72303781148518 299.7826650332676 -254.675779139424 22.73485053143784 -155.252201140232 -134.7470097000617 45.1987483565818 0 -0.5374242079141993 21.07381244539995 -119.0646041314203 -8.128454630551389 147.6506691413225 -433.9490915435194 64.19878613614387 0 -120.0387560035393 -189.2062118259051 9.691850158964272 -9.157788172600618 -75.00770007498417 98.24803286750173 -49.39941220525358 0 -63.16720960214396 238.7821714034849 -217.2628198522981 0 0 -12.21706073585308 78.10080548827378 0 -9.137544759415434 -148.5074037614984 -55.15253813366424 -94.97409277257123 32.40392793537234 85.87898176021528 93.85744476564747 0 41.57333137014995 -78.0609547215787 0 105.5512806897178 -51.49870265216624 -1.197158231958291 1.514630029047908 0 0 -113.2778814903176 40.47755658511345 0 29.83699312812895 75.34263501824623 0 0 0 -73.51691339931963 120.9681086717082 85.52178675372798 0 57.05273972877241 0 0 -56.89781923311632 120.1035247523998 0 0 19.87455412880719 0 -79.35002422829369 0 -19.9839654858942 47.86579501598335 101.3379046367466 0 0 0 0 0 59.23517185530456 0 0 -33.91780184305611 0 -67.17332161386028 0 0 0 28.82377791889248 0 0 0 0 0 0 0 0 -34.70127132027006 0 -10.37065510203382 0 0 0 0 0 0 0 0 0 0 0 0 -2.339654976632108 0 0 0 0 0 0 0 0 0 0 0 0 0 0 3.279629506474582, -63.67749329514703 -321.9264810892848 -520.612447681168 -269.4038003451814 -220.8378088666927 -612.8815307397841 -411.6536293395928 0 -101.6683569591583 -272.3151270877136 -312.7330729283752 -192.6097149819458 -39.96235000371213 -57.08713674356295 -196.8612906354118 0 0.5930840903787313 -172.3759786359294 4.702982758594942 -172.7119922462512 62.19870380179282 -88.74502223388055 -363.9660119910529 0 -210.372576628397 58.33646242640376 20.37194297679667 6.38506927276029 0 -322.0963552752382 139.4661597792011 0 98.62677956103151 28.49727290500522 -80.80189074302943 191.5018235574144 -45.19015864732375 156.5624289256167 5.668324105808011 0 197.3690467246705 477.7828683290659 571.0152295808055 -112.6820829471602 69.6514640118293 429.335462574229 358.9868010415798 0 -85.0047017379822 199.1791414560916 339.6544231835576 568.3609952273989 321.0810118822842 595.6725761068465 425.5215992895423 0 178.5969044814067 -150.732977188552 83.02691128152057 99.08010921723286 0 301.207414413992 557.3133045798322 0 67.36456389515114 511.2518680446485 -212.2896734212664 96.97424926629571 -98.09438740610571 -14.57533155863736 62.40447025122944 0 140.7621802183831 187.5195622196831 80.5038718329731 -178.7069382855785 113.1398612415253 -475.308777514393 -90.77044356175477 0 -64.33535051476208 -242.9857590043789 47.43616938265807 -80.07704059968324 -114.2124433003146 230.4174524562347 -143.5210799182291 0 -168.7693647522561 68.75059520552368 -437.2781587249614 0 0 -135.933721863793 -121.2753261082229 0 17.99438895590258 -250.0700283894381 91.70548597997494 12.3273941007072 82.34882726782477 -164.9259853404784 99.49048934870534 0 -47.23920804307656 -105.2917680127899 0 37.95704727276253 -60.84242848021792 -71.4274406280023 -154.4353783051793 0 0 113.9651823388655 138.0408211233055 0 -84.78824834806124 138.5561176428856 0 0 0 -8.078325290386537 90.82985688000943 30.84251145043122 0 -23.01740985559377 0 0 21.81802067231209 85.45308565320843 0 0 53.43964249050831 0 124.0341437127696 0 35.21280555988662 44.97367902876115 49.78002513996155 0 0 0 0 0 20.94012183560139 0 0 95.61709107917065 0 187.8802507030961 0 0 0 16.19596787758313 0 0 0 0 0 0 0 0 176.6219240928994 0 61.46574442524855 0 0 0 0 0 0 0 0 0 0 0 0 101.3566883261051 0 0 0 0 0 0 0 0 0 0 0 0 0 0 17.9175763271044, -38.81953791236265 -172.1979398673733 -248.7638818799795 -108.0812554790993 -126.4675563958288 -329.9115447022841 -165.0861180018225 0 -60.32776985072692 -144.3362860361827 -382.8229464959014 -267.4799981074146 19.1371526610027 -148.1567298822838 -278.4342515182589 0 -23.66755868749118 -261.0787296566442 -182.8464910508239 -189.251640111951 -63.17080584166527 -317.8148488746796 -331.7647453865212 0 -266.9999519859785 10.68264137722313 -42.45300001652686 -8.082953463044532 0 -389.8564488147807 86.50120271166537 0 22.69642406403447 -74.67513212447051 -217.445394123582 103.3292444673856 -80.57750496638538 192.0690751753516 83.53159664658631 0 220.268800287654 219.7374999235684 232.2376379389602 -68.07647634040346 113.5562501288099 328.8750518558129 352.778843808715 0 -115.7019473719226 288.8060819018657 88.00815771465076 204.8913870879975 151.3131085970931 350.3255837998842 394.0159449587777 0 193.4973762714386 -170.0244701115442 146.8918342734527 200.0423803974008 0 177.7563173765074 119.2102889192384 0 30.84835774679848 211.6441263653646 -266.3812307588576 104.4232998917195 -31.16022909144046 -30.51849682972377 129.1106606150855 0 -32.6117276042257 -5.027036622703648 29.69479638572344 -416.109963700665 -53.62439657172179 -331.3932953202182 -214.2791237313519 0 -16.19995590140275 -186.8215637304022 16.34134741709644 -61.47306584365167 -108.7443841919252 -18.34415518798643 -543.8064483152684 0 -109.5291073123189 -445.0490879533824 -443.9638078867457 0 0 -192.8216669224515 -298.8504088248268 0 -9.66676400881672 -170.8809721431166 -37.21358741788129 -221.4655399818421 -27.30323246523128 -393.6931293397462 -240.4195127834392 0 -272.9828965345151 -133.4840033698516 0 -182.3078876863477 -29.35632204559201 -184.4917105641624 -54.93101824097124 0 0 48.88957378251208 -194.7809192983825 0 -119.4681825101287 -244.6534480057179 0 0 0 108.7298469356583 -175.0375970711722 90.96839967748706 0 0.6508299441161682 0 0 18.56096399893918 -64.5229721398666 0 0 -54.94373234469131 0 294.9692200320284 0 99.41896769138282 -38.10071764830806 107.8889201020901 0 0 0 0 0 -13.17011666692019 0 0 170.2228613648287 0 378.7583076804365 0 0 0 29.05461345331388 0 0 0 0 0 0 0 0 293.4170388235774 0 110.5987667990973 0 0 0 0 0 0 0 0 0 0 0 0 156.6775414913544 0 0 0 0 0 0 0 0 0 0 0 0 0 0 25.57623275827487, 11.31204927127544 65.74273821211423 105.7147645350316 52.93267618807718 26.99370010542518 51.59085353472722 23.76272036017859 0 -34.54491397641243 -91.01494340681137 -151.0173707389567 -182.2850917308409 -26.73463265557562 -215.789485794947 -494.4151835159207 0 8.854165678087945 -329.4223943343212 -279.0987710297885 -331.3450331919127 -170.4130588100641 -528.3928144074099 -399.0652765690448 0 -354.5710332484128 -140.320567523441 -331.2557425071947 -56.34324024313344 0 -629.2124805176987 -20.7328908031819 0 -62.40133725615163 -233.1782700439404 -390.1709440283568 -38.46477845228077 -198.3881814279109 122.6041348685893 4.146404142881153 0 161.8972766566853 -69.24761766581932 -23.53825437868755 -64.19173385382391 134.4974926452085 162.1583959365277 327.2995364722931 0 -101.1571921420615 383.7499610889338 -120.1810250184391 -60.19672650295558 43.27496102246203 221.3717394736266 327.2419173572539 0 283.2203953420793 -81.4118708355162 142.1135793835127 273.6930401543277 0 198.0138146340919 126.8781278627586 0 2.59715963978411 31.35005184451438 -117.7997098508026 189.8692967639803 39.87446089650763 130.6275330335009 119.2054614317045 0 -70.28238760221035 -21.6780138545154 170.2589599026952 -324.5612432724332 -80.03175785160354 -78.90359912588872 -157.682634743844 0 -0.6599154028905776 -54.73778073451196 47.96820768148918 -49.58033601400106 -4.133552643299993 -48.42185012198635 -342.220311936903 0 -44.10963043575839 -430.085125812519 -268.274755659476 0 0 -149.1045648509345 -341.8272332249126 0 -1.138701530289921 -2.649663117723701 -34.67257456479309 -73.10695905010344 -26.94561678704137 -266.3459886317151 -292.6313661060635 0 -290.1704337967399 -84.5331116139353 0 -261.8443711136935 31.27388482900948 -224.3294610016501 220.1741098675 0 0 70.99529550284487 -103.7649482433827 0 -76.0503240219676 -329.9480476888492 0 0 0 271.8240576008781 -278.0204608599781 223.3156752043782 0 127.3839580589922 0 0 25.99938565841951 -45.88402276806358 0 0 -81.82454979828472 0 439.0680051409048 0 172.5865339581427 -67.45630279285218 235.7669604359691 0 0 0 0 0 -8.677782406692589 0 0 199.2807741557429 0 490.0581710229764 0 0 0 59.14796960781347 0 0 0 0 0 0 0 0 309.1715239958988 0 125.4690223848336 0 0 0 0 0 0 0 0 0 0 0 0 147.8806124400147 0 0 0 0 0 0 0 0 0 0 0 0 0 0 21.62251679075298, 17.06581908792609 85.51195000462093 125.7911897696498 56.25008984261736 55.38355990830995 121.574051663838 60.56841079472647 0 -7.23750341922929 15.4561789910095 -0.6675591050666867 -70.62860937961619 10.39825884360185 -159.009292323807 -321.4289427762585 0 -10.92657667130926 -221.7111941602589 -298.9283472746654 -273.258632979312 -219.3472551955324 -506.3574725894848 -210.7801169852317 0 -279.9529958770745 -283.111033460543 -630.5788687217291 -136.5970951023233 0 -698.7661477335565 -243.9058334572736 0 -104.0630640726427 -398.4110052353603 -422.2719259026302 -288.6426634907308 -283.5986709193479 -41.72895368208563 -317.2388957265283 0 -6.052820348624572 -360.6410696446536 -196.611309248998 -109.8135661983917 -13.154215941064 -165.272723963632 31.13686866485882 0 -34.75051329951395 157.08527406691 -125.8768376702538 -76.21284061267801 4.389980398446454 116.670951192244 96.56699219540977 0 212.0815324286386 -50.68419369552919 36.29010828663544 109.5664327451133 0 270.701838043883 273.1984066081444 0 7.460340024002583 72.38438974116116 -6.736255709108562 158.7233200040831 87.10608285978833 184.9764854297524 89.34954521413727 0 54.74909229959314 144.7650245211103 284.5723873282941 -24.21298583934254 19.50003888683775 46.29468501757793 -15.01228221910335 0 -40.16559240190632 51.62203331323474 45.87382824245842 47.3069692314536 13.33937763735372 208.1509866271117 241.1165873809824 0 14.84488257861825 -84.3384950879167 113.5721627294196 0 0 -83.17801450389554 -198.3380829360363 0 58.65209398763673 54.8999649794853 187.6042403276906 368.0179433900197 109.6376296407981 191.0885769270673 -114.2869354768947 0 -142.5422437762494 117.6206351047141 0 -236.0189259803549 32.27948390280298 -151.9140976447529 347.2343922927896 0 0 224.5953406589935 308.2683336756711 0 51.64407367690164 -153.1788177290099 0 0 0 240.8976911667798 -287.3656828559551 218.325570464047 0 218.0807333067767 0 0 60.23727370216442 -7.963890547015691 0 0 -38.57044381712163 0 326.4841269101307 0 151.2121873790229 -82.35472660283155 212.2417735391699 0 0 0 0 0 -35.15089024628016 0 0 117.0365629057235 0 330.4926891059726 0 0 0 43.07080295473773 0 0 0 0 0 0 0 0 149.7032939847954 0 70.91495572577797 0 0 0 0 0 0 0 0 0 0 0 0 51.32339585848176 0 0 0 0 0 0 0 0 0 0 0 0 0 0 3.581863104892919, -18.29042964664256 -95.60913563822334 -168.6524623183942 -92.14539239583308 -47.15607988610186 -183.1288724721326 -115.052066874241 0 -39.96112961964067 88.4249493647595 -31.07195279178311 -14.25752683957288 144.3715339409821 -20.79083005809261 232.7344643732482 0 43.91629439377239 533.5111112281279 76.31578617896922 101.270179155908 12.48454807153676 131.5300155571343 392.8911603483685 0 156.1625232314302 -17.30940185143542 146.4584618661113 356.3364569889276 0 166.5420202212138 96.41192061990191 0 -120.6691001007218 -250.91564516803 -114.7380769642163 -347.5595732714078 -53.75294322935279 236.5146522884553 -87.45833586266843 0 28.848915937261 -338.8595441045584 -540.7890696574329 -123.7318349699011 -105.088015783363 -524.3629626336449 -351.4916221009752 0 5.654145115244411 -173.7674140839057 -30.92711735557303 -0.2343686818932156 -231.5375854508117 -208.7169085861265 -65.05119904067651 0 -127.3725764604271 -115.6300609962166 -129.5246393473909 -217.5436257505554 0 -148.1363070621983 -150.9109284292246 0 48.36198384248947 -37.54598250387711 -182.9191001609601 -33.41066954519414 87.14581716681482 122.7302931470258 -17.59161066881029 0 83.68831137671874 88.528034663726 -48.28197295984457 -0.04751347352654989 53.72516409240658 -16.92163533804143 56.25949946153833 0 -128.4876251030214 -29.18894700813385 -12.08898858869457 79.97678216098686 -29.01992523660484 189.6420501753848 309.5833003561783 0 54.96665361462911 12.91506841425009 307.3390878020471 0 0 7.408435291503377 17.91434284493501 0 50.5853381188827 -8.317156780052922 186.6373824365485 359.8312737651985 111.3051809072474 488.5828198397676 -34.77686984346326 0 -11.97440169648278 205.8277112591909 0 -93.43491431860494 -31.43907413307689 -11.58293881218563 241.3737247745772 0 0 140.4987986253428 382.9176147929899 0 195.7275509708703 -85.83705264598731 0 0 0 -14.48102084815535 -144.5157522324559 125.944880952157 0 198.2999751528531 0 0 23.85852742259256 70.49533213062057 0 0 -34.02262132700928 0 -67.8980361674904 0 25.91484764308907 -51.84480308681886 123.6224420602646 0 0 0 0 0 -10.90607229657565 0 0 -94.92089483646629 0 -90.75978365377023 0 0 0 17.07474034523648 0 0 0 0 0 0 0 0 -194.8450507593576 0 -41.56045697661488 0 0 0 0 0 0 0 0 0 0 0 0 -132.6661938478939 0 0 0 0 0 0 0 0 0 0 0 0 0 0 -29.10052696731347


GFLOW: 0.576 0.059980300405357 0.06181943321492261 0.08079503035128183 0.08295047451128607 2.986138360923662 2.985791555889852 2.952960167671032 2.951661219631531 0.05633008045145908 0.04027471579559104 0.03611225049663473 0.01571906151900528
q-corrs 1526.130766213153 5640.362107294242 6912.564749447893 2796.846428441945 1252.76542157007 2940.445943194583 1639.025506269359 0 193.1142734707429 65.85207196568177 -96.25138003157038 -194.9261809818108 -98.64803808270437 -303.0085404718673 -631.9557777294708 0 -88.35106214420772 -556.9463143506918 -467.6256205250994 -338.0893171949097 -284.45474326998 -448.2668276273024 -107.3516198521995 0 -101.8137816228453 -445.8243141753942 -776.2119109113828 -177.459503004178 0 -224.5862918753869 -279.5351767188444 0 -153.2119804088902 -239.7602007077456 -63.00968095932015 -271.1703683850631 -59.4241397511922 -199.355362040658 -183.4313662885434 0 -157.774645519582 -362.189148748455 -199.2520194434501 41.605869580468 -110.8753393219827 -199.8437569218245 -280.8990714512444 0 -1.818782219183317 -155.6037747367767 -212.613027676714 -164.3003276422462 -77.59721287570906 -339.7002374045285 -389.2570484902936 0 -62.44659323654268 -264.5090330969092 -263.4002732172063 -522.6699084611689 0 30.99496441452688 -188.4785444832485 0 -22.03468437957913 -228.9621247086457 -334.986663331985 54.90297809158718 -122.0962812187942 -213.022829778118 -15.76737069671702 0 -101.9938889023527 -161.8972830403259 -70.81726160684633 110.8100846554676 5.63553923659331 -55.87330794263686 121.1031665378314 0 -111.5760570135025 -62.82667686460253 22.65132770047507 128.2984037157177 6.682342418305179 -90.211505086934 49.94936170660672 0 116.0660781254533 34.64747338458907 244.7881799411119 0 0 87.53436970048915 -49.40716987497485 0 30.06095942676392 245.0088345978857 -165.9251788174085 -183.4750267214887 -62.314854416278 201.2776731684481 -310.0082436877251 0 -70.25824068715403 85.41900797970283 0 -265.1296279117727 90.68151537952539 -71.89025186502357 562.5379303961556 0 0 -349.0480405369738 -411.5849423200249 0 121.8309096680536 -453.8423407493576 0 0 0 252.1338897324636 -409.4067308698238 291.0383182981116 0 282.2659879768112 0 0 -128.8973376934413 -245.2370379711784 0 0 -163.5044129962204 0 214.4549463118933 0 119.266938167256 -148.5032800784475 276.3441659423423 0 0 0 0 0 -41.30530118982009 0 0 46.87794245252164 0 227.9042055370816 0 0 0 63.54683072695646 0 0 0 0 0 0 0 0 93.25264361639178 0 70.3834324387944 0 0 0 0 0 0 0 0 0 0 0 0 68.12215330118838 0 0 0 0 0 0 0 0 0 0 0 0 0 0 16.08608678116715, 917.6419465667306 3348.252313301741 4026.053577766804 1580.050072605793 686.5637496330064 1512.001263471065 729.509907639688 0 25.68498801450114 -185.4420301547627 -144.7793087175037 -208.2801111388825 -122.4085530041667 -261.3546323352106 -579.9264435409027 0 -45.62007192876103 -425.0267985668096 -306.3231840718704 -299.7140075440294 -183.7248793256507 -312.5146345961817 -156.0622615392909 0 -101.2505025193533 -312.6352986596813 -553.9510780231751 -111.4080445152023 0 -230.4833457378946 -171.8272843142994 0 -100.0071840780253 -178.1787567129493 -72.38099117446686 -176.3884407133224 -59.22279338054283 -107.6626022119115 -165.8591844789826 0 -100.0464244190313 -243.5154242380493 -68.95043200730055 -21.87245295132458 -90.61619663491163 -142.7301360874812 -188.4560740382058 0 -15.79995396848153 -131.3845295946525 -147.6248907468743 -38.25622788572855 -25.97507908319606 -196.926832106099 -324.4947170300036 0 -48.69119511901648 -261.8745036860477 -221.3584392492844 -449.4412449498003 0 -0.01511850230998846 -138.0408939803068 0 -0.976957686999099 -93.35367738477532 -294.2437529177797 9.926841526521617 -125.92272449789 -201.4033846721755 12.20903349716347 0 -92.00468588815401 -121.4384173865734 -126.6659911915744 88.17564103558944 46.72854557578565 -147.1482002753326 124.6272315909704 0 -104.8727251335811 -74.76859648538006 -0.04422188031033869 107.9098134080255 -16.3124530838635 -64.63318823477135 0.8871707042525827 0 74.52921470061308 82.83527807378933 140.1134147613159 0 0 74.73130545942271 30.63037795547162 0 11.15167580096959 118.8749484429403 -140.3894853593857 -188.6431077037712 -47.36462315944312 171.6665160599684 -190.3472987179538 0 -26.0730694564717 43.10613927940487 0 -127.5817091042079 38.68027751072925 -22.89413847148588 353.2399475825187 0 0 -291.1566483030773 -291.2939586803797 0 107.3165626829038 -294.9258402726366 0 0 0 113.6941223116896 -215.532180748313 206.7446519212285 0 195.215134777786 0 0 -108.281120402765 -114.9134177864298 0 0 -108.2463856235855 0 68.56048955905882 0 56.15405510306067 -79.38215448628068 207.6335125799114 0 0 0 0 0 -1.88419776254991 0 0 -6.94862761168784 0 73.79186262723223 0 0 0 50.51909614976161 0 0 0 0 0 0 0 0 2.725066376652109 0 26.24466969022662 0 0 0 0 0 0 0 0 0 0 0 0 16.11384546576931 0 0 0 0 0 0 0 0 0 0 0 0 0 0 6.294270745754356, 165.0696441768375 524.1537388559661 495.5572630874234 112.149133811427 -1.371393691909155 -178.5500529529697 -292.6304798990011 0 -140.8858714451704 -397.8034919282316 -187.6268198236389 -188.7579947207414 -123.8278867487293 -164.5493158520367 -424.7755591614846 0 11.50970143294023 -225.135187154237 -65.51761517693026 -226.7930966125415 -24.93729297619902 -117.8647890749054 -252.3132543405389 0 -123.6050524896019 -88.30392381737535 -188.1464807805825 -17.88302049429839 0 -253.5276721609068 20.63226402789172 0 5.043179888377971 -50.44395793779908 -80.33825157922848 22.30229542743426 -51.37908258122418 53.45809027758114 -72.56618453799938 0 37.99623953648194 98.27123718375208 239.7437530102125 -96.26846844277361 -7.808562401832193 84.24708511853373 67.02389791153428 0 -43.49441717528757 24.44739780121043 98.53408383738548 293.0598879132546 128.5743779060525 200.7045227896356 24.41241271510077 0 48.31703514999418 -177.5435480844461 -86.52476106275375 -186.648532972249 0 86.99888884753466 211.0386340122443 0 42.83148139456797 243.0859078996314 -171.6346419962928 9.493294927568225 -108.265974412861 -69.95777052296427 26.9102529766075 0 31.69089156493667 41.99533681449794 -71.65970159689982 39.90719918009323 113.248803840771 -287.243708201761 76.85171067481822 0 -81.21272385797437 -130.3682803560854 5.49919844347178 14.52947562644179 -49.1358805422779 83.10826601425036 2.665467523323613 0 -41.24650819545503 171.7076381958451 -120.1832323533961 0 0 8.264695193237586 63.40165369598452 0 -8.43906292386896 -93.31820946817066 -35.3455153536795 -93.1678785661413 23.69218468951732 63.29317176360686 34.9007809991336 0 32.53602787575223 -48.3747435543301 0 53.11806533518634 -32.2621395982892 11.4897419332305 0.5127089128475575 0 0 -94.21976388742776 -27.66778662943862 0 26.72360123815876 9.232867628314509 0 0 0 -43.83534475696996 56.84597920709921 70.42224170009801 0 40.08502353379987 0 0 -44.82261623490763 61.82707408237818 0 0 -2.586953661203687 0 -40.85034002998822 0 -7.412808277995879 20.67020328491597 94.12254909849182 0 0 0 0 0 37.31476544820707 0 0 -22.79927460889643 0 -23.13281476677931 0 0 0 28.59162253307027 0 0 0 0 0 0 0 0 -22.57113762415586 0 -0.08481668799981534 0 0 0 0 0 0 0 0 0 0 0 0 -2.6258727947636 0 0 0 0 0 0 0 0 0 0 0 0 0 0 1.428686977618038, -34.39020841030126 -192.4956866927189 -336.845970460776 -188.3755502942822 -153.6990260533035 -463.8974580765541 -352.4454617634837 0 -109.8482409296256 -276.7568680707649 -237.4029732058821 -176.2941580167505 -59.38831490991179 -98.79523914140121 -257.7448845419406 0 5.612152081045011 -182.6898819986815 -33.88800137838368 -159.5201259491922 7.970082799717332 -109.1781398879729 -289.1487704400536 0 -164.3644379729151 14.70097694444345 -31.65148148061081 -8.580711461259853 0 -292.5032331471028 95.85008071256141 0 52.68254239380236 5.886008679153861 -118.254073852206 122.9984248391273 -53.10552764497966 130.6771128636365 29.19127021937314 0 132.2482217469254 277.5739921514728 367.0778636259122 -91.78190654039545 66.43940691128601 261.3178701023504 239.8981934829962 0 -73.11307639756416 177.2557968517594 227.8530279217491 421.9508141432399 207.885448910265 413.0192132757124 327.7759585992939 0 142.9802640271214 -112.9457278036959 39.86204984968953 42.69378436726049 0 215.3852524958863 406.6227823052434 0 53.02903154613344 377.3484257885965 -132.3606751116827 64.69337168638174 -61.90505970458227 27.7087889374321 37.55781467461128 0 107.3007000117046 122.2080827002243 54.88074694347786 -95.82621365362458 78.99978091507381 -317.5947391717303 -47.94361690146544 0 -46.70482079449126 -160.2653338234405 30.04270610670146 -52.92637945769208 -72.50501779088421 148.4739067360239 -103.6975220600383 0 -116.3153414923012 23.3565801072854 -285.2121310708451 0 0 -90.32678967279762 -82.61395977865674 0 2.973456266485528 -176.9842771498834 37.22800894402055 -32.76473606926359 53.08287151815092 -120.136189263853 32.04579894956967 0 -44.62193654880342 -78.93023419454957 0 2.654753020929265 -43.7309259617518 -55.9727571217795 -119.088266124242 0 0 60.44131834503343 41.85187078530221 0 -57.58894958616014 46.94671771702482 0 0 0 -7.651735771212369 28.12770726951652 32.71715798487463 0 -14.74248074819788 0 0 9.78882445695816 43.77525843493183 0 0 21.43507298578351 0 96.50046261066889 0 27.43306630842233 18.79842557760884 63.35637360483093 0 0 0 0 0 13.69065303626714 0 0 70.26695118149541 0 154.0151571168875 0 0 0 22.41082097497187 0 0 0 0 0 0 0 0 135.4553166831916 0 51.924949839374 0 0 0 0 0 0 0 0 0 0 0 0 80.74417372565389 0 0 0 0 0 0 0 0 0 0 0 0 0 0 14.9978952529927, -26.18276208017824 -122.8799672081832 -187.3888830389745 -89.22272981244345 -93.50942744620748 -262.6514867633578 -165.0309450367795 0 -65.2365269772931 -153.5785794072673 -241.9762239378934 -187.8954926461868 -17.58426944842918 -132.6969519104784 -272.8323830892261 0 0.2316457765380449 -204.6563336999422 -126.860065207715 -171.1436402888368 -59.54570094967185 -240.0837448856137 -275.978397748606 0 -203.9598011028113 -14.32657655873633 -65.56566964838208 -6.727723266612045 0 -339.7182983552867 71.67763537399657 0 6.307710751120958 -62.03520993075884 -197.4530884920142 73.99584471097504 -78.44266746516644 151.9006083827078 74.60052918235246 0 150.443896398457 136.0540028074932 163.5916865603919 -61.33106251124428 97.581495785082 209.2320442912493 257.3929940427744 0 -89.40467829710855 239.6496533034534 59.5662575228869 176.8686859735055 111.1887798672363 267.5355437053514 299.3887655735439 0 151.9142036734755 -120.8908034889979 94.0649937137414 123.0076961110712 0 134.6764602124987 122.1264185626198 0 27.6383390523145 162.1832126330863 -168.7502497862219 74.23629660932932 -23.73867690465458 9.971910112607915 50.91511122225639 0 -10.56561423973083 -10.86462108156066 30.89819295112783 -265.8038591977852 -47.66434628954475 -254.2604938695402 -157.109765978931 0 -11.50972953758081 -141.7007379812899 10.88051545366838 -76.52035820107687 -69.74122582161053 -8.450926547653854 -381.3566332644829 0 -96.80500520454964 -335.1664464240456 -310.7716244726774 0 0 -139.7800317984108 -250.3043683050488 0 -10.27610886086003 -122.6714233792919 -53.03244208048621 -170.5032336953787 -12.01445556724325 -291.4009147537021 -191.7657750640342 0 -202.9932019257442 -94.69540017647304 0 -161.8506234460826 -15.11214333825767 -156.1999500733288 -24.81888897256695 0 0 25.02928507628485 -159.1764463763322 0 -89.18067978816651 -199.56439188668 0 0 0 103.7974496211779 -166.2906762171767 91.74236154684147 0 21.15587441726392 0 0 8.699863199052107 -57.66306748610165 0 0 -46.95776441150725 0 254.7414641620433 0 87.61162215455442 -39.74157161191783 122.9993312863967 0 0 0 0 0 -9.232572200081771 0 0 141.1751597972973 0 327.0790814810346 0 0 0 37.67558553886105 0 0 0 0 0 0 0 0 247.5931888291449 0 97.59407216816483 0 0 0 0 0 0 0 0 0 0 0 0 137.3436273485538 0 0 0 0 0 0 0 0 0 0 0 0 0 0 24.09867614614209, 8.598715170479025 45.78785640254319 73.18873585126619 37.52926255422781 14.77715102840282 26.41800629456222 7.11358694749341 0 -31.6659685401153 -81.21056345889158 -95.60434750828449 -127.1547355600331 -35.86750494162797 -172.8991449026193 -393.820534447003 0 15.49602631863779 -259.350967007338 -211.6862565491661 -268.4127965933626 -143.1475442464374 -405.4773662610844 -319.7905480208353 0 -273.2974709770755 -136.1242224545236 -305.3820215067194 -60.45970669534217 0 -520.1761005278454 -49.40325091312332 0 -56.87482417193304 -211.2317901612116 -306.0659317601073 -56.05922922270345 -158.1724664348628 87.45352208439303 -40.11330016712728 0 105.3152526781763 -71.5468099042549 -19.93000468542506 -61.99339328041149 80.21919233763431 92.09930264210442 223.4500595858457 0 -74.69414476588014 242.1164013216832 -92.10246931945926 -22.79588764802234 51.37491237791211 172.884742126037 204.4326115623138 0 182.2566235205852 -82.3226841728943 106.6227059876266 172.2439765344296 0 141.6086324326021 86.36948740988035 0 3.223867941919908 38.97393393006087 -77.98894539253862 110.7230609229992 16.07003421571898 75.49016317925359 48.026090713729 0 -40.85896767364923 -13.62762069091541 126.3538602973714 -196.6422013109559 -71.49383308073882 -107.0854490504496 -126.07544476692 0 8.888816554620995 -50.07747495750276 20.92705507127492 -66.44847541890677 -10.87195973141907 -3.779758282203588 -236.1357978952546 0 -50.56491265823315 -326.3423535772714 -174.9726717453206 0 0 -111.8583331551948 -286.7039233154233 0 -0.8231530785722505 -12.01082230559123 -33.23888689018165 -51.2547323391247 1.528925545186368 -187.7236921788038 -224.6571813240305 0 -212.887539901426 -52.49014319309664 0 -220.0836243914859 26.06319032129721 -184.333346071318 164.3420382412048 0 0 53.44610511433712 -75.56857454477195 0 -56.50833244472393 -250.7358235393659 0 0 0 214.5922094645233 -242.9764889077161 176.6973139324051 0 109.5276394291156 0 0 17.07777606664451 -46.31609479997691 0 0 -64.17298071578685 0 350.3963697365455 0 136.8183744025084 -63.3399463745946 202.1536428931066 0 0 0 0 0 -9.698631734767435 0 0 162.9345217487355 0 402.2661816803791 0 0 0 55.67752069463752 0 0 0 0 0 0 0 0 265.5367224147844 0 109.5589094771273 0 0 0 0 0 0 0 0 0 0 0 0 138.4574568323871 0 0 0 0 0 0 0 0 0 0 0 0 0 0 23.20353513069111, 12.10908423580815 59.95453528297431 90.91273127252042 43.6816996225132 34.51997544173823 77.22190003676626 41.08169269863475 0 -13.39248180478555 -8.945000599822514 -18.43064610339651 -61.16789958856879 -3.191810032035786 -135.436036996738 -260.6642221326277 0 -0.6629191817462576 -168.8159910909318 -220.1649016951804 -214.3067341584706 -170.1776154244178 -378.3293000476594 -168.8966795870686 0 -208.3707166321206 -222.2575633119204 -473.0298259749955 -95.42914161699878 0 -517.4881523425558 -195.4163039661256 0 -91.10647872666455 -324.874385794757 -306.2567729865061 -235.090066779165 -194.8025744930566 -9.733355530343111 -244.4588530547282 0 1.83482307921777 -262.0519085836682 -165.275611623723 -81.11211376523758 -23.69828827032825 -122.1221624546145 14.91848728091978 0 -28.00809729166174 70.10494343469823 -80.78028533707405 -51.36697521816384 8.203153979737195 68.87493227614122 42.76789437767154 0 116.8028164640371 -55.86200660094724 35.83581830676972 69.43922377341111 0 179.3225859866945 144.5326204692314 0 5.293295228270557 56.48607787769691 -13.75705954357508 91.95329850036234 53.62558831963915 98.12054637856613 56.79681641691835 0 34.52721996403253 93.49333649031513 203.0077368844156 -6.639674967811743 4.239672227277914 0.65307106647046 -17.5393640603554 0 -16.22668147801877 44.81926713763009 24.86023842554214 22.16517982990672 8.55399545948319 166.9654948563644 162.7003990298327 0 1.893148455529264 -48.44826922946807 91.99838361804899 0 0 -52.95038253311581 -148.5284731697887 0 43.00848061893369 26.59225158760262 135.1590260395176 252.9964798086767 92.25383803108289 141.0539720325589 -82.8421319905523 0 -93.88286653329774 81.23974968521094 0 -163.5856866297461 22.08903169060543 -108.8340088695424 239.8058196232037 0 0 163.208530314976 231.9180930684308 0 37.81565502316235 -106.7595566499601 0 0 0 170.8558376348051 -200.2416850558513 162.0342983040633 0 162.2586678209213 0 0 43.1743100212844 13.30777445034432 0 0 -28.22035566770289 0 236.0990590089921 0 110.8322084714919 -58.26245184905271 171.6664446399326 0 0 0 0 0 -17.53283452725677 0 0 90.27186834830785 0 254.447444580565 0 0 0 40.06689244770118 0 0 0 0 0 0 0 0 131.8254054771567 0 61.5114151496977 0 0 0 0 0 0 0 0 0 0 0 0 59.1380648611353 0 0 0 0 0 0 0 0 0 0 0 0 0 0 8.245163294535441, -12.63943068983042 -64.60977056301709 -111.4832809080063 -59.51227910608303 -35.60893233339196 -131.1092465122189 -78.93415823863651 0 -34.36269251607727 45.0382071958532 -29.96689563669613 -5.274712264639394 91.88835298834537 -24.11496941456839 156.995578859319 0 37.11677344642754 383.8875902225091 70.56419473823975 60.70206286716281 11.38193936217495 104.6125952299227 261.1089458258184 0 111.2118602553994 -23.40284138428219 112.6860691601547 273.0917112213327 0 127.6227450973233 86.6179669040821 0 -97.57801596461876 -189.5714758338869 -82.05071593730138 -251.9391272393468 -30.08997859547101 203.3082812030186 -34.12460330732574 0 44.71563774529467 -209.4675230709399 -392.7560535400874 -78.95742738335281 -63.89468400196504 -362.5641844375401 -229.6578294208386 0 -2.242229566391345 -115.7570301942289 3.798721155027096 9.553354204323924 -157.2905780261832 -153.3515561394071 -46.23490114648757 0 -103.1498485219396 -83.49424498310739 -80.88532338261614 -152.9250137934374 0 -85.10750681316252 -119.1539989417192 0 35.08070124384618 -23.28170226920491 -136.0357287901618 -7.319444394480008 57.4265986457781 72.52294827171406 4.239036091639349 0 54.64347118322725 55.68657838047747 3.854626430036674 -3.050922330327893 41.48567039610914 -15.76901396451174 46.67269628129455 0 -81.60888916660909 4.832952806170198 3.844311254389314 71.97438654221305 -6.439639984390027 150.6513101182553 218.3220288624877 0 33.94776665138916 72.86062333275302 206.1979988755648 0 0 15.66147411896259 34.22284444286709 0 44.80568778680029 -11.25426639944071 152.7245311975078 253.1927772180842 87.11426789986962 332.4850461156055 -5.900781084455332 0 8.841622561870178 138.8739402309006 0 -40.68373144065757 -21.83808316690388 5.453505905386074 159.047778450801 0 0 111.3741832177727 290.7028584112589 0 130.6038196223067 -37.48667814861408 0 0 0 -13.61790312835096 -71.75759749192184 86.7533337986705 0 136.36208456999 0 0 22.13422926709452 77.21365876862301 0 0 -17.80423595426651 0 -54.34982716486277 0 16.83742879397157 -27.54266357261783 92.00487800841998 0 0 0 0 0 2.16072652246368 0 0 -65.48752772691323 0 -65.75654541393152 0 0 0 15.66634800770216 0 0 0 0 0 0 0 0 -129.3517760255177 0 -28.66898042194558 0 0 0 0 0 0 0 0 0 0 0 0 -86.56447503147587 0 0 0 0 0 0 0 0 0 0 0 0 0 0 -18.72726896196005


GFLOW: 0.6479999999999999 0.04957550551196263 0.05125692714261459 0.06513039765948662 0.06708669098118941 2.989012978263247 2.988696861348495 2.961918354113963 2.960731934962406 0.05056014162634793 0.03634274480426209 0.0332046982578088 0.01561488485848548
q-corrs 1029.605494914985 4013.251001135706 5195.264049788449 2226.327969718912 1068.586913453011 2687.902518697612 1637.897324023705 0 265.569216277116 286.9231970535723 71.89100701413587 -45.03724561701165 -49.30469314605827 -191.9514161987801 -414.9626791234397 0 -60.75755779477083 -401.2024868229129 -352.1856074541978 -253.5883589782924 -226.1326592488768 -353.0342270195009 -91.44446892079191 0 -84.12863758733999 -340.3745791843115 -604.7950820459707 -155.9403995474044 0 -227.7022873747545 -245.2383568401368 0 -116.7799358059923 -204.5570601408752 -99.49368834965236 -234.2315930438916 -70.50806042449214 -167.4822983710839 -194.0769267227117 0 -146.7550728758308 -342.9849476815379 -174.3042995054329 8.419231964688796 -85.88782787276241 -210.1836642708967 -236.5401443226493 0 -6.437741255318079 -137.8582931840474 -211.9042024487039 -156.818398096806 -74.01101084330038 -300.3699167856814 -343.6705603661617 0 -64.73261576521486 -188.3349092385224 -210.7964422395971 -403.0968683978424 0 -2.002028628599241 -160.8859876039058 0 -17.66885260260982 -195.4061222376351 -257.278907788987 24.10385995105109 -96.76988754540828 -187.5632575488125 -11.47299232994737 0 -79.14651542188065 -130.998929671531 -81.32878072022496 81.18679292626582 -3.778767902590925 -24.17467159620881 85.58379270076739 0 -76.67030594568647 -44.98503338919696 9.599941541762499 97.0389750974507 0.2003251720962034 -78.22553482467819 21.08882751959641 0 89.95850250016314 -0.4295710444649181 199.3193921509276 0 0 66.94212705143771 -36.85101032353482 0 25.50625258090036 193.2016871742281 -128.079116603544 -158.736679003094 -54.23964314572179 134.9876582076642 -251.6035555467829 0 -60.57885617849755 76.61726773766529 0 -187.9572928368029 72.63762104668749 -43.08729021278008 439.417824735586 0 0 -272.5741864649374 -326.3686691904052 0 99.43560740309057 -363.5263181533426 0 0 0 207.1944534228572 -284.5364821699678 232.4099850531079 0 224.8501683361752 0 0 -98.74775809367617 -165.4525888004029 0 0 -130.378812111884 0 174.5491459157 0 101.8493277725679 -103.8001668470193 228.4371387123596 0 0 0 0 0 -19.00802296321632 0 0 32.64473811262941 0 178.4008711532576 0 0 0 54.57595525734355 0 0 0 0 0 0 0 0 54.33720175346123 0 49.39892156377977 0 0 0 0 0 0 0 0 0 0 0 0 33.76982479275217 0 0 0 0 0 0 0 0 0 0 0 0 0 0 7.192400164603249, 654.7289537259544 2528.548639990821 3230.069241830006 1356.297952951294 638.840227462671 1546.199226697142 874.0639881852464 0 103.0512863055264 19.96811592206271 -26.43813739655924 -104.1753074795679 -77.54955113794189 -192.8451095777211 -428.312022241203 0 -36.2822200421331 -342.8316630884153 -259.974336448988 -237.9713634732609 -163.7941284260357 -275.6409389559024 -136.1119797741823 0 -92.74460276408165 -253.532085424268 -460.9448972376317 -112.79781034994 0 -238.2478115689392 -164.9869574525023 0 -80.32068276553308 -161.6403177811491 -107.8568090777703 -164.524603816819 -70.536545809342 -97.18156774983626 -167.3462905933938 0 -94.99940479804775 -240.5742600925904 -75.89198468905701 -31.99487290185156 -68.15156301967663 -153.7736551153061 -162.5392081010937 0 -18.04642268916183 -111.3518627921355 -144.9780183575897 -42.1777075109427 -28.25569852764642 -172.9872051142817 -260.0091517792777 0 -46.58559170966937 -185.7471586322565 -172.387164610603 -341.0402980408649 0 -1.527288123699265 -89.63917195286726 0 -2.049882973230569 -75.59977962103748 -219.24968783174 -1.387908598553956 -95.36937933272958 -158.1965784038553 4.264536293542967 0 -54.74299849845049 -81.57348575604128 -99.8381353590343 77.37380237534511 32.49174719145344 -91.91796463090806 94.45440176608906 0 -71.94500087298439 -55.80313838734348 -2.78394313616889 82.00059946992721 -14.46542702599594 -43.00598289091975 12.13346103325065 0 56.98048006508094 51.11955142430428 119.6913049643225 0 0 58.94429554353329 20.81341615219461 0 10.98585623483474 101.9295526699071 -101.2872529219785 -150.011554669089 -36.60712934401553 120.2682774913197 -157.6156224689394 0 -22.28577753499432 41.6641583830958 0 -94.03783182438572 35.40378431803845 -8.710846164187075 280.3684802203883 0 0 -222.1943521102461 -234.2917384869974 0 84.53330223352009 -241.1867809747611 0 0 0 105.5500527018017 -154.3334000876476 168.0589313321168 0 154.8748091881059 0 0 -81.99540537367089 -80.06975655606362 0 0 -88.77361492456954 0 73.26598272959137 0 54.58769307044759 -57.95073168677663 174.9533382331624 0 0 0 0 0 4.242560164546092 0 0 -2.226578882850326 0 76.06962501176505 0 0 0 44.31149025192463 0 0 0 0 0 0 0 0 -1.048074568340443 0 22.1272668805449 0 0 0 0 0 0 0 0 0 0 0 0 3.680765465897255 0 0 0 0 0 0 0 0 0 0 0 0 0 0 1.739383331434971, 148.8619698926779 529.5907571741266 596.9492536450134 201.2820606644539 64.92033420578861 47.89997004823947 -97.16414205253849 0 -90.18284247609499 -277.5272758009713 -144.5672857361871 -159.2244800292662 -97.98174850666268 -161.6052539874992 -384.6049650998334 0 0.05577885929826465 -237.4908888624643 -106.5565186089174 -197.206200436001 -57.6702094892739 -150.9752042178004 -214.1913833882905 0 -115.232904535792 -96.28707072769377 -203.4727262966742 -43.47251446464088 0 -255.4474807358331 -14.72333337759657 0 -8.327286131888137 -67.23529954639338 -115.0446039361191 -15.32348345890239 -61.75771678270722 36.4619988258591 -70.524487709515 0 18.33232574403459 16.6581386367601 142.6877118754005 -81.37586614551023 -4.007039714085399 19.99733932304891 27.16849576824563 0 -41.53986039190189 16.05051207830024 51.16522336665483 221.0457063618164 85.64392097242387 135.8500089797759 27.04028847121238 0 34.01638734595588 -132.8708171536655 -70.04634894448955 -150.2036541605722 0 77.61726062152501 179.6261453698221 0 30.94360053755198 189.7691957677843 -116.5462454139761 4.614884823683187 -74.02322355296114 -33.21596896417894 16.7620185625523 0 42.17538838791125 45.79708346779454 -37.56895813156684 57.02991718378607 85.67213340637332 -189.8110274123482 72.9818465475004 0 -55.56850462713992 -85.85094760114643 3.74871377193247 22.71761455340873 -31.55548170506881 66.92349754192097 23.86032426559413 0 -25.17301824849167 124.6356831671239 -60.14436588149871 0 0 15.38169313498589 48.03095384887219 0 -5.528940239549932 -56.78895779897825 -24.53659099642269 -80.62441670655423 16.31729406511958 49.84052426786304 2.532028766857128 0 21.38625316581239 -27.68007411931073 0 24.28512526584441 -19.47694176057548 12.35935080235994 8.91023812337184 0 0 -77.87816875815284 -51.22118913565798 0 24.02316164436284 -26.02426280744823 0 0 0 -22.1729678469398 21.10337221863612 60.53620155524366 0 32.76128510980629 0 0 -35.42392228851627 32.05759397371399 0 0 -13.91642031487389 0 -14.88583304325294 0 0.7669087361493716 6.482777900823727 84.09203961938007 0 0 0 0 0 25.2971400467 0 0 -13.29587500284466 0 2.925128748655958 0 0 0 26.42243081201202 0 0 0 0 0 0 0 0 -12.02192397287647 0 5.648681301447834 0 0 0 0 0 0 0 0 0 0 0 0 -1.188604075842104 0 0 0 0 0 0 0 0 0 0 0 0 0 0 0.6841776315193666, -15.75420914574786 -104.4829585616695 -204.0508185152414 -124.9941778964983 -103.4615739935642 -338.5546672265824 -282.7834978434311 0 -102.8022345752891 -253.3160671236421 -185.1155708242127 -156.3877211335858 -63.17396476178573 -114.9322438675734 -273.9240053371623 0 5.554478706234864 -181.1302579555095 -56.95000988549764 -147.7307564355047 -20.21951525402105 -118.3907624177407 -236.4279540875062 0 -134.3714688064533 -10.75367853019587 -61.26177249098748 -15.71291658954436 0 -260.7388897843147 63.9952231654741 0 25.77044559461788 -12.66879101681934 -129.7207038711373 72.90152878050034 -54.08261384186455 110.9125205611283 31.45203185063421 0 92.77936925453984 157.9257249701824 233.9992961411468 -76.73821618597114 57.61733135165998 151.1726564367398 162.002612085338 0 -62.43186032323602 147.4618250202557 151.6286233043179 318.1749761872197 137.2596957508398 293.7594740244751 251.8086986625527 0 107.712495426171 -87.18917049580719 18.58115955524675 13.0884672277993 0 153.5835069627703 305.4185476780581 0 41.88263176696208 281.3758529301479 -80.63293149866905 45.91441154477553 -38.95195019995759 50.96494001709645 17.94119014971189 0 84.93913039679596 84.9901456755195 45.80701998639319 -46.02707397397512 55.0003629706523 -217.6347915110514 -20.28430081730025 0 -33.17895226857581 -107.8088011409631 20.47295713392871 -36.05627189390511 -43.75639935431687 98.52994321134713 -75.33058049670447 0 -82.15472820707421 4.011626105314953 -185.7821513339086 0 0 -57.09982837193341 -63.99975152343975 0 -2.463751772805878 -124.6933838539312 9.720173185189406 -50.01783853258873 33.8666300591086 -89.21440144711302 -4.763488811270641 0 -39.67620872986835 -57.52710427993009 0 -17.61931903465529 -30.51630779600457 -46.28027118124589 -84.76519472510367 0 0 27.07107478498492 -9.327847666612548 0 -40.13585829056076 -4.69635894808507 0 0 0 -2.099685656437259 -8.077304257387411 32.86788282054364 0 -7.24503384272232 0 0 2.207091473282587 17.29122749710953 0 0 2.486126817952397 0 80.18592440158719 0 23.17449862142504 3.549261059846991 64.15256440934681 0 0 0 0 0 8.942636023007431 0 0 54.4045734843474 0 128.5315367977928 0 0 0 23.3472044799342 0 0 0 0 0 0 0 0 106.2479903248254 0 43.87351401863794 0 0 0 0 0 0 0 0 0 0 0 0 64.21466135114622 0 0 0 0 0 0 0 0 0 0 0 0 0 0 12.15139458367195, -17.88909512455481 -88.41696127416193 -142.2423821813413 -73.37489961441136 -68.93260150237799 -208.7680858366232 -152.7771044287518 0 -64.26190836715371 -149.7763506818021 -161.2930993597095 -139.6662596031642 -33.31082950161149 -119.3268649510785 -257.0347935558352 0 8.922330020469783 -169.7826089043498 -96.93291044081035 -154.1544401067726 -54.49621234770116 -189.9491427314946 -230.6114715762507 0 -160.0581428170941 -27.41386504556237 -78.02563969501233 -7.818956204336871 0 -291.5903296820359 52.80247123607919 0 -3.214837382870115 -58.26717196103775 -174.5623436085683 44.80496257271798 -71.60228283158888 122.7194115359946 56.05128092758571 0 106.3459396863318 77.62754425050207 109.6156240190914 -56.34261107689552 77.39808105997403 125.8429516665719 185.2667477530006 0 -70.92191290510033 187.4309861439086 35.1912838943635 150.3797467171287 82.47085405201241 207.4129912315353 225.0716461561731 0 111.8039997447934 -92.50658475842113 63.17641171129057 74.33941689792451 0 94.47654897743296 116.2304733651788 0 23.89957464028709 127.4456900956501 -105.143793379432 53.07076433849965 -19.90242768474824 32.68184223651332 6.337095211660781 0 3.734912279784734 -7.310893975100953 31.61064781192593 -167.8805624073879 -40.90917959650947 -194.8791195344967 -113.0124436370726 0 -6.340065040687065 -108.2409286171269 8.242630916696745 -75.72305800436484 -43.34307057329364 -2.402154874636345 -270.6606458319392 0 -80.81364891956056 -253.2866158040343 -216.6261245097556 0 0 -99.84550245055641 -207.5977181677078 0 -9.650227042461861 -88.30937917980052 -55.360781172752 -131.9301411912937 -5.352224643802348 -216.7500435526809 -155.9289557866795 0 -153.4954411178524 -67.93451939252233 0 -140.070484486821 -6.690749468436411 -129.3491123522238 -4.205904975105526 0 0 9.57611863095417 -132.6693610384787 0 -66.59390259210505 -167.2055904655016 0 0 0 95.88335099827368 -149.9062235045872 85.22293040998601 0 30.10749598828348 0 0 2.868585522384866 -52.15273629913252 0 0 -41.55763124560522 0 218.8378021758988 0 76.45850472833015 -37.95424130779494 118.6730530361445 0 0 0 0 0 -7.245940309321629 0 0 117.8824668513543 0 279.6589715236285 0 0 0 37.75708657807485 0 0 0 0 0 0 0 0 207.9234836734349 0 84.31031051609264 0 0 0 0 0 0 0 0 0 0 0 0 117.3797069151558 0 0 0 0 0 0 0 0 0 0 0 0 0 0 21.25046325981261, 6.269017412887457 31.350327556954 48.82910083923254 24.44805941913276 8.479728078320537 10.82373106379157 -5.488342287216064 0 -29.38725883967198 -74.1044658322235 -63.34610549581976 -92.76120266314634 -37.23372788930718 -139.440178758047 -318.197125060422 0 15.60601817524138 -208.2796208827538 -163.604915922456 -218.0711288305762 -117.3400868945252 -313.7481137046606 -256.5415003337382 0 -211.2033313844119 -121.7271169313963 -267.4093854892575 -57.11932825104252 0 -425.2578909385687 -58.42551699760958 0 -49.5886587593937 -182.1363178006196 -245.6197307648795 -64.46174697108981 -127.6078403150247 64.09884913277349 -58.51991837534412 0 68.12704061273128 -77.4000508685817 -22.61750504665011 -57.93257641109629 46.88610196434337 41.42891874158991 148.4482566865714 0 -57.43174908527148 150.7296372081533 -78.62810773167027 -2.988264029139785 47.8008801995906 131.8543718431669 125.6804253398894 0 114.8421793058475 -77.93749374573324 78.01484400048537 104.92950543059 0 96.18293198610941 64.84351218515286 0 3.359166213498657 38.72542689736713 -51.57416403298704 65.12676427030526 1.618975085329616 46.66549671331489 7.019696167553768 0 -21.11357470417528 -4.769597969563534 95.61261039234242 -116.2824213334713 -59.7135015778933 -107.9121283393316 -97.34597070053027 0 13.43535974469556 -43.65795463927105 8.956209004973061 -67.98506209206126 -10.70013918346023 14.91950684718246 -164.3091994261886 0 -48.5424304757499 -245.1181193743243 -114.660716846654 0 0 -82.2499168022873 -234.4101310835521 0 -0.8368877551599319 -14.30128197256293 -30.46536970031759 -37.75708209520818 12.05150293913433 -135.0750108488693 -174.5702787086277 0 -158.23475272717 -34.59452421979628 0 -178.9098231135895 21.65381599446632 -147.6854167805648 127.893278803208 0 0 38.63309178411971 -58.62530030531458 0 -42.56852535384012 -194.7906356413376 0 0 0 173.7453203683113 -200.8829141729636 142.175487000639 0 92.90663739938975 0 0 11.2104882301372 -41.52039960690627 0 0 -51.15451793128894 0 286.3930874970254 0 111.5363633431666 -54.08314625957522 170.1613124166705 0 0 0 0 0 -8.652842267825498 0 0 135.5077943930721 0 334.5317291092765 0 0 0 48.89464835981767 0 0 0 0 0 0 0 0 226.718285273406 0 94.04384516237084 0 0 0 0 0 0 0 0 0 0 0 0 123.1303154868596 0 0 0 0 0 0 0 0 0 0 0 0 0 0 21.81229300197902, 8.730976996370458 42.71744071859088 65.4554058173116 32.3154626802303 22.24503618658752 49.26284855221702 25.66934772168722 0 -14.73142773964595 -19.24789830697519 -21.12701512251635 -50.03140510027489 -9.208013997396751 -110.6256608282261 -210.790360704766 0 4.013947449516913 -129.8651648966353 -163.3164684712148 -170.0454217791068 -130.3976308678287 -284.0911375460097 -136.7326085419157 0 -156.9432779154261 -173.3267338348107 -356.2542744372312 -65.91493088761614 0 -390.448284667258 -151.4881776027892 0 -76.20758740195545 -258.4639746927165 -232.0346709703677 -190.3086973394664 -139.4122023444803 7.878860475266606 -186.2386031373726 0 3.400549638717717 -201.2475456153365 -136.9296503906601 -63.30809695556894 -25.83571382274607 -101.658420256442 0.09452019625203434 0 -23.78723631993561 23.20516520386707 -63.43891460834706 -35.02063687376697 8.392140126265126 39.18023344644223 9.491224543101175 0 61.26855101737389 -57.35213755905025 28.42972147895704 36.63443104447748 0 117.8245594626432 77.57811047702731 0 3.374258177770969 43.41998969004177 -16.49016850978592 52.82869866716439 29.65009265066462 50.03249673823854 32.33887768866879 0 23.74758823169583 64.795554020846 147.490201878409 8.045063832983587 -1.869151771843296 -22.80455982984648 -14.3043994641681 0 -3.119546378379146 34.69071304987401 13.59154553366383 8.712968520702155 5.378072120081519 131.7625427064726 114.5972095106761 0 -4.971957897189455 -26.06546010371799 72.5428578316198 0 0 -33.21850580641571 -112.6858605300229 0 30.60465208790425 11.9210429788157 97.23385225564186 175.0188889652915 74.45078509647382 103.4387016754878 -61.70347180619894 0 -63.52301896319533 54.26521099600549 0 -116.056864076762 16.06891683603563 -79.56119148723286 169.8034611479669 0 0 118.6785956121329 170.8285459212374 0 25.64213964963879 -77.48907830485045 0 0 0 127.5007785170553 -141.6188047945777 123.1638836009136 0 120.5269525515044 0 0 31.20291041776621 19.59129937847934 0 0 -21.157367490615 0 180.8943459058899 0 84.27996153174375 -41.35132428264585 137.7012497945946 0 0 0 0 0 -8.334488564865953 0 0 73.05721312527899 0 202.9968288616133 0 0 0 34.732715486603 0 0 0 0 0 0 0 0 114.8103812255775 0 52.53118666803353 0 0 0 0 0 0 0 0 0 0 0 0 57.6516449720163 0 0 0 0 0 0 0 0 0 0 0 0 0 0 9.467702660361326, -8.502308349539192 -43.73769881085624 -75.60630578876371 -40.34388919208702 -26.77730059211007 -95.62438930825613 -57.42936996980184 0 -27.30737118520011 22.32121395119731 -22.88578304830839 -0.6657227059788013 59.05602232533546 -21.11420334602269 104.8207189747777 0 31.06565770104695 277.153133224355 59.79766952848131 33.51108002085498 10.87245337576604 80.53586195890043 172.4670682452229 0 77.57156577026254 -22.80126999938378 87.29630423070378 209.1561579265058 0 92.64934069581724 74.6679195119778 0 -77.12105820737446 -143.0101241604965 -63.12744221281003 -183.7466060516649 -16.83076139230682 171.5740303425733 -5.758241537611447 0 46.5664852495518 -133.1267269977716 -285.1160106114148 -53.40736491234888 -39.71993665806485 -257.5383684712244 -155.2022568433835 0 -5.590962007497225 -78.63906572720067 15.05786820088572 15.214620257094 -106.620883023268 -110.4977527856884 -34.69930017363435 0 -80.7653244078399 -63.40215276144136 -53.95494041530483 -112.4246956146642 0 -47.88480748481989 -87.05558673765205 0 25.33588693053418 -9.364942794052588 -97.77587838971468 2.614079940837804 36.8459924852884 42.88882273617092 12.28613648742726 0 38.12010060165233 39.66653813029841 28.3469363627006 5.728820709412219 32.97348843983534 -15.69028269618626 41.85398405948204 0 -51.15452504078611 19.66640041811577 8.944491280259022 63.2619935538221 2.815186026218253 121.7123506923985 164.1444675927252 0 21.29884041267622 94.61800668533738 147.7438282293612 0 0 19.57244529136373 37.50197196531806 0 36.72392701887687 -11.67452422288845 124.4942013771694 183.9306078340797 69.80143056147338 236.5513161477627 8.320659329771914 0 18.28717203517175 95.21292495301518 0 -14.88441739367329 -15.19806967494016 12.12256928621536 106.6226098336108 0 0 88.53074339474814 223.1360245609985 0 88.55033078114987 -11.191283892644 0 0 0 -11.2281669153269 -33.46684044087447 61.35009645507083 0 93.956976092064 0 0 19.25588633740927 71.84793871918373 0 0 -8.291915557612283 0 -42.17864288742854 0 10.74602065303842 -14.06960475171276 68.5371149311475 0 0 0 0 0 7.094229609006228 0 0 -46.67860243088855 0 -48.26850082979448 0 0 0 13.41934237426561 0 0 0 0 0 0 0 0 -89.34139605534993 0 -19.86210095992395 0 0 0 0 0 0 0 0 0 0 0 0 -58.53704881586565 0 0 0 0 0 0 0 0 0 0 0 0 0 0 -12.46386582652107


GFLOW: 0.72 0.04174864987787066 0.04328909330702889 0.05369479759185616 0.05547525362977474 2.991041716104216 2.990753275244543 2.968440065276951 2.967354781326011 0.04469191656833307 0.03193293284101361 0.02939825362786601 0.01395517662335763
q-corrs 721.858486999768 2937.059723145238 3972.425554894686 1781.664496669422 899.216025967082 2381.592772515899 1544.631056547489 0 298.6702184303359 414.1368846981951 174.8194185387181 54.0844525444206 -14.79831211652141 -107.2392642407932 -255.8098300513534 0 -41.79760182057952 -291.8352060416753 -268.1885795479795 -193.3561354844284 -181.3660860436513 -286.8329354942831 -81.7175192866829 0 -76.03465681471945 -267.0368644205951 -488.6666544519877 -141.2858463707327 0 -227.4166366420632 -218.2855011863109 0 -90.75496090770648 -179.2907514870201 -117.6525730214769 -204.2481854120863 -76.99397261705347 -145.7902639310558 -196.7414143923038 0 -132.1329636344047 -319.0398336341975 -151.5671418742364 -11.28233920006471 -71.77099722251265 -202.6111230568186 -199.9348159743237 0 -9.047397390628094 -125.5791024942901 -202.6603501322755 -142.9728664459164 -64.87592142765077 -258.215141948709 -300.4842177246798 0 -63.71664791725347 -141.8899641947702 -166.6665157914879 -314.2605544808063 0 -18.8181662406054 -135.4865654004705 0 -14.57771277120161 -162.8756132543897 -200.3619302219253 6.507392696918028 -78.23889613897163 -162.7791159883949 -9.541794440051081 0 -61.08185477242457 -103.4203965312496 -81.06500878916832 56.48611426202223 -7.282983882432649 -9.270282386166002 56.1128438228472 0 -53.94284217424662 -32.59152518733784 2.589440816557749 70.89473518379948 -4.74216687863332 -66.34879065547531 2.858760438100509 0 70.91126512030709 -21.76382352542088 156.0539812338253 0 0 46.230269281769 -26.29144624844603 0 21.16011777987257 152.6497282362922 -101.7319153789662 -131.6483379293956 -46.66054277691731 93.58642845190607 -201.3004321216127 0 -54.17926115471049 65.35292364182615 0 -132.9523291335568 58.48778346969658 -27.54990963934177 345.7990695176259 0 0 -212.5060921921134 -252.8087251052581 0 81.26372722849047 -288.099523351793 0 0 0 170.1221491215401 -199.5541183263965 186.2003798888433 0 178.6302573656423 0 0 -75.90145561702084 -110.8943186936912 0 0 -102.6957233657427 0 144.2739973778215 0 84.92304757439328 -73.11418143930746 186.6010695521935 0 0 0 0 0 -6.561966374866957 0 0 25.29159303054345 0 143.4346867478096 0 0 0 45.63111727106799 0 0 0 0 0 0 0 0 35.48786341015376 0 36.89851462600502 0 0 0 0 0 0 0 0 0 0 0 0 17.68547548348351 0 0 0 0 0 0 0 0 0 0 0 0 0 0 3.056851948170117, 480.4572766809194 1941.437056019276 2600.504078565196 1149.710458107141 572.7772625155865 1478.250930355964 915.8732816668221 0 150.8152992862997 157.3890858399596 57.9890824730865 -25.36336782859957 -44.0703025689043 -131.3094104367562 -303.9148327048325 0 -28.38457843692514 -274.8099313028666 -217.4378373082278 -190.3036916918905 -142.99516760701 -243.4039597175381 -120.0117889324127 0 -87.15246877619491 -208.9271820544328 -392.7760549856725 -111.6603063253389 0 -238.2217709667809 -157.8612248544298 0 -65.57966100325552 -148.7535140735998 -124.4605938364995 -152.4208623077435 -76.2221486586717 -89.33980272678123 -167.0771536274874 0 -88.29533460502034 -234.4935770115774 -78.30565272700251 -37.89853789672231 -55.85549786223297 -154.0000771898518 -141.2819913124648 0 -18.57270059156168 -98.45305281338173 -141.2139796484145 -45.53920083077806 -27.3963422512619 -151.5106767754943 -217.4402012234456 0 -45.1514862897106 -138.377659052436 -134.6130491532993 -263.3759181375824 0 -4.982614829331901 -62.94230499813393 0 -2.549102890385639 -62.89726301868879 -165.718518624385 -6.786430328726887 -73.43808530937592 -126.8797758043095 0.2339771870277332 0 -33.68455980841095 -56.56471916923783 -78.66438122572936 62.69586607314625 22.51597146725044 -56.94890593724982 67.65563815142106 0 -50.17401920756295 -39.32189928845663 -3.62923914295931 61.09011842302341 -12.90042121650611 -30.93485336048227 12.69957255797303 0 45.69254794547254 27.20063913072768 99.34056884929623 0 0 42.47406586499761 14.93655660368952 0 10.49035796880098 86.18797010623467 -76.4107178763325 -117.249849231541 -29.63571043784309 87.66388284155551 -129.3413259771 0 -22.52033984550881 38.26286680049411 0 -68.81550370873612 31.34655328419485 -3.376980125655532 226.1158666950998 0 0 -170.5447197673943 -182.6511916218364 0 68.03090124520274 -195.9157807973008 0 0 0 94.84538866521758 -111.7570924983027 137.3257907923075 0 124.3124693811394 0 0 -62.44431119840283 -54.20033065960372 0 0 -71.85942414049094 0 72.40125921727979 0 49.6869272944484 -42.49832173946129 145.5396980267247 0 0 0 0 0 7.283904455616986 0 0 2.174937691852044 0 73.67755995610241 0 0 0 37.72696321279619 0 0 0 0 0 0 0 0 0.8807263838194714 0 19.48460649843159 0 0 0 0 0 0 0 0 0 0 0 0 0.04237880875192879 0 0 0 0 0 0 0 0 0 0 0 0 0 0 0.02726355333434149, 130.0086751928505 497.8190916052666 617.4945402949035 241.9327851481726 101.8163634305051 190.5527943766276 37.69856596385078 0 -47.15429004026851 -174.7866955010933 -99.11244259019909 -122.5438246829343 -74.96428594933946 -142.6759264512595 -329.4576083655001 0 -5.668240147850483 -226.3049391791063 -120.648238412721 -170.1173118210909 -71.02271656148756 -161.4681032258503 -182.1272449669549 0 -105.9997520271685 -96.12919528214444 -204.4590492162468 -56.14926146381217 0 -246.1100421446588 -37.19798403561808 0 -15.42440721658627 -76.76434337075169 -128.0938963772718 -38.42521514352882 -65.47905576084125 23.89957321494903 -72.84888644398436 0 5.22027061317948 -34.28081765763557 78.44462522318923 -70.62151585039648 -3.783041297150159 -20.78079362844795 2.762895022052433 0 -37.80083304957903 7.936584205535397 17.29442348324159 163.5081098916236 56.38414520788346 88.98273878019467 18.6641245106637 0 20.66893987355151 -101.9037873582438 -56.58498618801067 -121.4787319352953 0 63.04813554506194 145.7178056259191 0 22.99851982576345 144.5568200201067 -80.51793378172869 2.912457965148935 -50.8350422143744 -13.46327116594234 10.0062655362131 0 41.9986825191028 42.00646639404808 -15.96213407714228 58.40084446095501 63.94187005948481 -125.5985921576854 62.52833812067318 0 -38.40151080214842 -54.72657620931618 3.060222130161383 23.83370437196628 -19.88576862812845 51.92363357462274 29.53413311455842 0 -13.96075926909263 90.23819601607038 -24.30296486268251 0 0 16.275461935011 35.21451277090946 0 -2.481253707236235 -32.5434777321156 -18.5044625731139 -66.1916320369366 10.51249141230771 40.80768335463125 -14.38062651548106 0 11.83631710187708 -13.77049906819053 0 8.704194214316761 -10.83195269461046 9.80036801712729 18.55756104125487 0 0 -64.51698785226083 -55.16753891817005 0 21.82087782733326 -42.55039548288472 0 0 0 -6.57815077358741 2.096336557451036 53.38470921380677 0 29.57488368291892 0 0 -28.26900963721609 16.99017085204299 0 0 -18.65618538521823 0 2.213769324144657 0 6.032870292197877 -0.6171174794217809 73.9754019198204 0 0 0 0 0 18.28042386271888 0 0 -6.046634737798446 0 17.85006217661199 0 0 0 23.536079776057 0 0 0 0 0 0 0 0 -3.784079739885133 0 8.557191707712583 0 0 0 0 0 0 0 0 0 0 0 0 0.7317897260509172 0 0 0 0 0 0 0 0 0 0 0 0 0 0 0.4905608058593245, -4.056888370027856 -45.64637948148332 -109.9810293420394 -76.92158396949459 -66.47942536423773 -237.3330386667411 -215.8895065654759 0 -88.90979733686676 -218.2120039987337 -145.6144620821383 -134.9244032411424 -59.66531140869039 -115.6193631983829 -264.4458490665162 0 3.917349906961473 -171.8023087611557 -68.52448362298678 -134.7512291535094 -34.07143951233947 -119.613737477199 -196.3225609412245 0 -112.9989208337439 -25.37093913201712 -77.67650982125535 -19.40992721357142 0 -231.2104100406165 40.02405325093372 0 9.722977291240138 -26.83243541722892 -128.6267033328924 37.12967526380725 -52.44920781121539 94.22485915397633 23.7681989990887 0 67.77528020118078 84.7784744272108 146.6768224980647 -66.06515094521322 47.14893681450431 79.75342202645928 110.0351899466444 0 -53.00398519720411 117.2993468857513 99.07306061395457 242.9147376381853 92.52219150095721 213.628340046133 193.2236629230015 0 77.41505281536821 -69.00336591567637 9.040006986059524 -1.518840873340181 0 108.3060056314606 233.5328461259958 0 33.31898142418643 211.9828855859735 -47.81551350960778 34.07898912051319 -24.61623188267302 60.75600524227298 3.951688282381852 0 68.57429849143639 62.53384763337574 42.3875875233079 -17.52439021617396 38.14111565648912 -152.1864317142091 -4.844488152598473 0 -22.9897195837379 -73.47808692042817 15.02473878160161 -25.40027159787479 -24.90814469945681 67.04065136173837 -55.24877925628475 0 -58.97100196416098 -4.048444992336691 -120.901538208292 0 0 -35.16676189009847 -53.07591783251043 0 -3.527180647653346 -87.18686999714012 -3.690909078479971 -53.30991746366362 21.35035102714843 -66.99153873658852 -23.66045600789367 0 -34.6924173290123 -40.91452101494829 0 -27.50716907763346 -20.52777338694473 -38.97484685673454 -55.50154527493719 0 0 7.060542408852804 -34.04159315095593 0 -28.16504189544966 -31.70579722078805 0 0 0 4.677949486788808 -26.65935386459545 32.21730407529613 0 -0.7364040741245557 0 0 -2.307901547497472 1.915762649511901 0 0 -7.890912007228307 0 69.63931945367099 0 20.91904744030029 -4.626519883631106 59.95731565648933 0 0 0 0 0 5.920749590621575 0 0 43.86409181310219 0 108.7337725743048 0 0 0 21.87426557378264 0 0 0 0 0 0 0 0 85.19571793277727 0 36.97590685685998 0 0 0 0 0 0 0 0 0 0 0 0 51.48926024818997 0 0 0 0 0 0 0 0 0 0 0 0 0 0 9.786990837142094, -12.27764261797 -63.7343235271162 -107.9791373742271 -59.65328093131143 -51.09753345629521 -166.3265350397137 -135.6545724035665 0 -60.01593511563328 -139.2834212723657 -114.1322746581123 -109.1347218984774 -38.40824261643953 -106.6600348531367 -235.0383283527922 0 10.72765229758469 -145.8901923260254 -79.99523580411525 -136.9288650877902 -49.41380274645016 -155.8766562306694 -192.945397838517 0 -128.6507376721207 -33.97777305900359 -83.63031087048611 -9.640810041869486 0 -249.8640378300806 35.4738350360646 0 -8.794710029946316 -57.5310687552771 -153.5193549199568 20.71365049178536 -64.14581855579284 100.5580910352964 36.71384316630984 0 77.69049504639173 38.05973087966578 69.14878405059676 -52.41120322690622 59.15831876153002 68.71581411190989 132.2244703165844 0 -57.37724583693529 141.7388221447725 16.68757209840606 126.7457503605677 61.61391756407102 162.3115796086589 169.5061455165747 0 78.41017962633215 -73.82186296432806 44.79364443920581 44.36803350665925 0 62.75602480469676 105.6721280677246 0 20.34984189289186 101.7353765088586 -64.55549368904411 38.40396724626615 -17.00753339680809 44.03697658909922 -17.72990461204855 0 12.37036141106929 -1.626238051874601 32.17010588353844 -104.8216685616603 -34.25879344999463 -149.6627527422742 -80.73755643654012 0 -2.247493658395086 -83.07350797954163 6.934405296769786 -68.34626931763985 -25.77490579499608 1.203144123267059 -194.4424825109141 0 -65.54569253275943 -192.1231144532112 -151.4678472633167 0 0 -70.82679734745344 -170.801042701467 0 -8.322673296591176 -63.12422552915221 -51.43557788067967 -103.1448707903963 -2.51533599556781 -162.5206472353453 -128.3009325543615 0 -117.7463855920291 -49.26353591329957 0 -119.055431978636 -1.472454986276261 -105.6227094655253 9.744403372404619 0 0 -0.1482749516195518 -111.8773255328405 0 -49.9155928081471 -141.6263412512793 0 0 0 87.21002511600435 -130.7835270438568 76.21606854698294 0 32.97859761338007 0 0 -0.6161684570112698 -46.80512808257085 0 0 -36.9592713801016 0 187.4570957225359 0 66.38671384454435 -34.41532330751328 106.7458556557147 0 0 0 0 0 -5.976373821276272 0 0 98.90997633243367 0 237.5936911375816 0 0 0 34.35284076990315 0 0 0 0 0 0 0 0 174.4053323500283 0 71.80022842931363 0 0 0 0 0 0 0 0 0 0 0 0 99.16506418704169 0 0 0 0 0 0 0 0 0 0 0 0 0 0 18.21288993902884, 4.434103177514778 21.04794057482681 31.3516837126309 14.67348004670722 4.743241449029172 0.5085511012711486 -14.10775803570324 0 -27.273950229626 -67.96165681494085 -44.72706560451753 -70.7945895188378 -35.17189046980282 -113.3483793365652 -259.5114489622901 0 13.44295366935547 -169.6631044159133 -128.7833220663724 -177.4014020104835 -95.28853963953875 -245.4084574768691 -206.4262020565979 0 -164.7265845962882 -105.0967057212633 -228.5044231006262 -51.12192178956298 0 -347.2343546885344 -58.46134464048227 0 -42.71063388385578 -154.7023876966136 -201.1498003704797 -67.14899690437943 -104.1417537320662 48.51920919249663 -64.57874324822032 0 44.16810296549644 -81.09004908501869 -26.92675697826994 -53.51807213471669 26.60448252578788 6.524605424320413 96.04322635125976 0 -45.64455154670718 92.28771371202444 -71.12445677762696 6.689123843682509 39.97879930599916 98.77227769894061 75.59524267230226 0 70.11700949114285 -70.85634284899788 56.50353469625055 61.2143697539788 0 62.04040190870289 52.14940383524589 0 3.325579223908052 34.55792475549897 -34.74231845919152 38.88023899397499 -6.716257092769062 31.95451180065869 -15.69014545546349 0 -8.11584554629971 1.962261725687597 73.60100518973753 -66.60602837710826 -48.40918054907441 -97.65063524755405 -73.6544248837525 0 14.75143704021415 -37.60993670289339 3.925005509223041 -63.0045224613352 -8.044497039737578 21.52237195694338 -115.3399414726556 0 -43.06176024920034 -183.9779379203693 -76.38845315091478 0 0 -59.73592354156629 -189.2194492722512 0 -1.128602875737556 -12.71984278566704 -27.10992241308523 -29.18792506554642 14.61612190359304 -99.15027902897266 -137.1744121098341 0 -119.0150749241687 -24.295355980346 0 -143.5103005726516 18.44654724659384 -116.9564955693522 103.3577615696613 0 0 26.91284604294807 -48.04076802860732 0 -32.38268371726453 -153.9625067589066 0 0 0 143.7484244893946 -162.445712503531 115.9524084357696 0 78.23036179112867 0 0 7.167913249409167 -35.71578075031995 0 0 -41.38934773439211 0 237.9649414592003 0 92.44746443543215 -44.52811944206235 142.0256854689844 0 0 0 0 0 -7.108630816724604 0 0 113.9138412790462 0 280.3364233184055 0 0 0 41.66379095035582 0 0 0 0 0 0 0 0 193.0644982050955 0 80.05478304583733 0 0 0 0 0 0 0 0 0 0 0 0 106.9054888333301 0 0 0 0 0 0 0 0 0 0 0 0 0 0 19.41682066590862, 6.379816846477695 30.77224013052319 47.00436004140337 23.24126422001329 14.7115739310633 31.30303249394458 14.57208021722506 0 -14.21530383102876 -22.83202596762894 -18.69923591873031 -39.84777690678663 -11.44998531972012 -88.68055659247086 -170.1075039839887 0 5.948693531535344 -100.5326540323228 -121.7540129555889 -135.6507958052607 -99.3498343745626 -214.6330688704014 -111.6334294371584 0 -119.8305299863579 -134.8058685842442 -269.9757218621336 -45.74817086777398 0 -300.0162537821473 -116.1413407814169 0 -62.46828268050425 -204.3763280426551 -181.8494757813096 -154.1129420968445 -103.4302819162968 16.45527082376456 -143.1288540206872 0 2.750396708479174 -161.279250023422 -113.1218209709794 -51.83099193410183 -24.52320628165869 -89.81070805517048 -10.38230440137415 0 -20.78382595229198 -1.308305158859965 -56.43777760559493 -24.33840923195822 7.015099574176407 20.63342535925798 -10.43038176576652 0 28.99845228168417 -55.47069891753435 20.26364516218971 13.34136406161345 0 76.59516573109228 43.70645455899208 0 2.097815410362927 32.95900531524002 -16.65287916290264 30.19810603961939 13.53031620025389 24.43574976783511 14.70749731224099 0 18.16496609088614 47.82538514247784 108.917562286454 17.82133531644606 -3.899363580726284 -32.9204047217101 -9.53657001653135 0 3.499066681349794 25.07260796928915 7.618434316038638 1.304767931988067 3.930642304728472 103.8122163480959 84.326664120629 0 -8.214286830626854 -12.1814711038783 56.51834922271276 0 0 -20.1470705255971 -86.43543522696275 0 21.38358815189653 4.956556397948519 70.35142193041094 122.3127073954268 58.99937147020822 75.9794832394748 -47.03511163785122 0 -43.81622900840158 35.66946642046702 0 -84.33365917953616 12.57125902712193 -58.93717953650531 124.0463020292959 0 0 86.38280191272129 124.2553048683955 0 16.88636144404857 -58.35244227263864 0 0 0 99.70200354908559 -102.2251664150963 95.7902014825938 0 90.51094613958202 0 0 22.55640957892918 19.14874724884119 0 0 -16.39320948394464 0 145.0072560030166 0 66.21610003425009 -29.83773982102664 110.7057139113465 0 0 0 0 0 -3.643086205873063 0 0 61.04348231292607 0 166.4396761700686 0 0 0 29.29086956920463 0 0 0 0 0 0 0 0 99.64803612166801 0 44.79165384303045 0 0 0 0 0 0 0 0 0 0 0 0 52.71777595482377 0 0 0 0 0 0 0 0 0 0 0 0 0 0 9.214703727813088, -5.662582483521902 -29.82842825623857 -52.37205721817737 -28.29866779016729 -19.97760746683892 -70.21044221681225 -42.81441705793887 0 -20.99641422246621 10.81744604921125 -14.99018918392203 2.143113184062752 38.36721050305495 -16.78437379117526 69.79974143876677 0 26.03938971240093 201.9870102500243 49.27494461008588 16.34688104409967 10.24251847952113 60.84357459819569 113.1721234960887 0 53.05483615552862 -19.50810271644456 67.86306783714011 160.153619702538 0 63.95400517752505 62.02305915963682 0 -60.18586181196374 -108.9019380286783 -51.34872100724656 -135.4835078521859 -9.881808223504922 142.3016076221238 6.733436063140427 0 42.1994421171398 -88.71494362778621 -207.8797514349054 -38.6476190207167 -25.91289250022287 -187.2762342813179 -108.3642956218262 0 -6.859469357839558 -55.36068949003496 15.83061014364812 17.40136755337801 -72.17117604319949 -78.81580577962518 -28.24428083810235 0 -62.13835890535673 -50.34685010809916 -37.83466806963038 -85.5087791973009 0 -25.57889888472944 -59.72057817330629 0 18.34297383731876 1.235850373070875 -68.66551677464881 5.506754545572676 22.70073143577377 25.75322413646554 13.30757333281618 0 28.66448486916902 31.7935456617362 38.71086138685819 15.97427045085643 26.83349784817862 -15.67837455925665 38.56133765296599 0 -31.44514358713025 25.0735674933219 9.545225775538626 53.91795950776175 6.499387039889058 100.0603909080739 129.9377327549262 0 13.43957807570924 97.92317983813524 111.3968005903841 0 0 20.9214883411512 35.34596739854915 0 29.0809758726629 -10.94081324913475 101.4085761642777 137.1948972878252 56.92458129824448 174.5994561492869 14.47034151767462 0 21.78805136309659 66.52964297311215 0 -2.641598276708539 -10.66550814510996 14.08398063793121 72.51365904820295 0 0 70.56034081165953 172.4356060670444 0 61.28693482801884 2.152390062332938 0 0 0 -8.450319922511316 -13.81939621438825 44.24941785497444 0 65.23832434677084 0 0 16.12669411539483 61.80115414729911 0 0 -3.109515790229226 0 -31.53224323028923 0 7.019640165557364 -6.87579018328616 51.22055767086155 0 0 0 0 0 8.166099600005762 0 0 -33.74429134423988 0 -35.11354896249448 0 0 0 11.03306648459383 0 0 0 0 0 0 0 0 -63.31853049250982 0 -13.79735580825564 0 0 0 0 0 0 0 0 0 0 0 0 -40.81656898597382 0 0 0 0 0 0 0 0 0 0 0 0 0 0 -8.594948602052888

Number of steps = 10
Time to complete flow = 1.412099e+01 seconds


ask_starting_lattice(0): EOF on input.
RUNNING COMPLETED
Time = 1.424239e+01 seconds
exit: Thu Oct  2 13:14:21 2025

