hwloc/linux: Ignoring PCI device with non-16bit domain.
Pass --enable-32bits-pci-domain to configure to support such devices
(warning: it would break the library ABI, don't enable unless really needed).
com_qmp: set thread-safety level to 0
Wilson/Symanzik/Zeuthen Flow application
MIMD version 7
Machine = QMP (portable), with 8 nodes
Host(0) = Precision-5820-Tower
Username = luisneubauer
start: Thu Oct  2 13:21:43 2025

Options selected...
Generic double precision
C_GLOBAL_INLINE
type 0 for no prompts, 1 for prompts, or 2 for proofreading
nx 16
ny 16
nz 16
nt 16
LAYOUT = Hypercubes, options = hyper_prime,
QMP with automatic hyper_prime layout
ON EACH NODE (RANK) 8 x 8 x 8 x 16
Mallocing 10.5 MBytes per node for lattice
Made lattice
Made nn gathers
Integrator = INTEGRATOR_RKMK3
Finished setup


reload_serial gauge_configs/pg_00072.lat
zeuthen
set staple to zeuthen
exp_order 8
stepsize 0.072
stoptime 0.72
forget 
Restored binary gauge configuration serially from file gauge_configs/pg_00072.lat
Time stamp Thu Oct  2 11:16:46 2025
Checksums f45f2589 3cf24cc2 OK
Time to reload gauge configuration = 5.583501e-02
CHECK PLAQ: 1.9679490689148551e+00 1.9683462922499253e+00
CHECK NERSC LINKTR: 4.2283412790026343e-04 CKSUM: 39d28d8c
Reunitarized for double precision. Max deviation 7.64e-08 changed to 5.55e-16
Time to check unitarity = 5.078077e-03
#LABEL time Clover_t Clover_s iClover_t iClover_s Plaq_t Plaq_s Rect_t Rect_s charge icharge

GFLOW: 0 0.8792720843043604 0.877943442432903 1.96839753125462 1.965997725762654 1.968346292259834 1.967949068594161 1.402617080133386 1.402543736246972 -0.2720352598660563 -0.3885524128771741 -0.5034788470100455 -0.7419422810036601
q-corrs 444121.3614869626 66320.60076448802 -63205.41037989726 -7607.793403052929 -845.8368458386387 21916.70661958354 6274.781512905458 0 -2631.433920251295 6547.829599128259 -123.4771754428662 11226.89740356172 16412.15832068504 -174.9647961064456 10210.82673707664 0 1861.280672340653 22473.10080627534 -7357.482971235229 -14999.86906549133 -5863.577917720809 4226.9954782066 12840.01622548372 0 4908.440437278101 -16088.95420898623 -3855.647623881862 6189.977301513918 0 -1373.129976932573 -7893.490671431089 0 1498.708444597891 5815.511071592673 -10388.86140765224 39820.68378289558 -12995.50345143116 4159.184894773676 -4954.054726937107 0 -7040.333064274222 -25938.90683089335 26224.16196377034 13685.39689945994 -7568.423092323397 -27474.07641617344 17250.72449277075 0 2971.148993107788 3526.54182037338 33228.56266841098 20813.32195350394 -3567.013531834838 3785.899966856078 31795.30058574109 0 -26484.77006686417 35470.53423634981 20496.72638916708 16552.53179817868 0 37157.94596121172 43979.10600758569 0 -154.7268451358666 -3782.377367376426 24486.63212983462 10256.13976550514 24965.59568534402 9536.571615806773 -8737.439924138554 0 -8914.09657099067 -18102.63888006379 -27294.87488388709 18009.19842995351 19166.00369825258 -17782.35142752092 13891.26579422666 0 8597.429001876766 12216.49410315207 1148.010612923953 -13343.14332749412 -1053.26344917202 18562.48582842451 -4558.252011157461 0 17371.89874871963 -48071.6279050466 4029.319664315576 0 0 2192.85111646182 -22111.41133184563 0 -4354.661831168999 -5610.438722421926 -6081.962366894247 -16416.06420862555 2984.490173740859 30455.24612317353 -5039.664215175984 0 -11789.24656200693 4057.711744525159 0 5821.990892286312 -3498.313183872124 4177.143770377976 22734.84063997302 0 0 664.984272621416 -24466.98495042321 0 -507.7289238521071 10097.62302861856 0 0 0 25238.18274325199 2102.742931323551 -10386.68410867707 0 9638.972981950585 0 0 2597.545776742733 2085.444756389348 0 0 -906.5728188007026 0 9746.304011642162 0 6202.291544418025 5632.874781229637 976.6279164547968 0 0 0 0 0 7906.780349890791 0 0 -9398.07186315901 0 5972.888406934002 0 0 0 9167.668249279606 0 0 0 0 0 0 0 0 10873.57660152038 0 9763.832167109815 0 0 0 0 0 0 0 0 0 0 0 0 3495.834615527873 0 0 0 0 0 0 0 0 0 0 0 0 0 0 95.05077847230405, 8382.676114326976 -38108.07113667775 -16074.79224567106 -1728.615982031597 -8071.158538543278 643.7695664893258 -12514.63442022717 0 -3071.900332837079 10076.72828855964 5892.671461118107 21901.09737450087 -869.2230300544861 -3804.506114111069 -21019.62001499213 0 5675.574109924449 -10593.56528083485 -1147.43695192064 -16525.35085831393 10128.3982207573 -11196.92470279694 -5758.877791171341 0 13551.3934671529 3429.0501435537 -4506.240945563841 -7480.501628550207 0 -11721.54229983157 3551.415695382435 0 -1218.785399254622 14684.30942232681 16049.01894695282 1840.72924786624 -1130.175473464998 622.5194443394912 -22163.27934961831 0 -14998.57576276731 -4339.333213263368 16079.99962753964 8073.636143949384 -1073.87920526761 -2139.337746174961 1683.713091379105 0 3413.247270507805 6736.056496925245 22039.40493946643 8161.262949992239 -3870.957093867249 -5051.303037108237 -20573.84359086544 0 5465.281768546921 2845.927908414067 5042.45123340994 -6125.279444934511 0 18026.66640324272 -1867.15470141988 0 -925.3944981479784 -10421.78162368842 4447.855709977301 -9131.837658736091 7963.158305990462 6921.669663539357 -14098.95491591568 0 491.3432572418396 -5288.218682922951 4679.826971955932 19268.69996380751 -8169.52127555243 -21306.80167179721 -797.5959023057303 0 -2957.949454169529 -1151.377065521718 1358.645348032398 -9583.006680744476 5763.544725539667 1281.164994773028 -5076.565059703511 0 -5650.694771780032 -20445.39919203068 -13182.49667914964 0 0 -772.9669869980198 -7931.548457948263 0 -494.8144619385353 9781.072571621989 2663.174906490372 15923.79803031632 1756.113692341438 -14147.66096458213 -9203.476050066634 0 7873.276765134173 1771.624383197864 0 27.14248792036415 3546.242800495192 782.7562291745885 -13334.55824259324 0 0 -9851.45887877562 -19875.61102403203 0 -78.84251800428865 -7242.384135053115 0 0 0 -2586.949101737318 4484.893651419905 13678.37784510798 0 -19063.05610362389 0 0 -765.0742033999074 -11759.15165653942 0 0 -10210.65318299357 0 -13630.59013668082 0 -2774.467725803192 384.4639766690066 -15527.93102632042 0 0 0 0 0 226.4250493721515 0 0 -10621.1799842317 0 6449.534028731073 0 0 0 2565.484423065857 0 0 0 0 0 0 0 0 4165.516797088541 0 1446.059780924222 0 0 0 0 0 0 0 0 0 0 0 0 4134.533320544797 0 0 0 0 0 0 0 0 0 0 0 0 0 0 319.030045538808, -826.193083366559 -1724.18734188248 -2847.939342619826 -4172.13290799588 4038.612653803468 -12361.11762766768 774.137805820716 0 3245.408404368159 -2529.375687088536 -2483.837871638393 -3496.778794751454 -6360.608507390162 -8746.194147111917 -15199.99023375901 0 1647.08127985732 -21899.67576649895 -11397.64375846368 3220.938459884765 -11750.23017014068 -6923.985180168645 20916.01369993701 0 8232.412597754606 -4780.381185457791 -8739.63426846909 3494.649825088134 0 4287.468654316694 -20030.23979168507 0 13802.0811060026 842.2013490808185 17761.59884783371 2020.950777064757 6338.336048038509 11186.86919417702 -5386.175873573409 0 -4056.488845781359 -14071.40173947426 -5751.621602904539 -5447.407458657673 5111.703190680403 9437.413666405633 3903.452881380254 0 -5326.176550559554 -18580.13548900268 -3187.661875224559 937.7154398958414 -10971.81549344573 27302.76266712618 -7091.721368277957 0 -4345.7451500817 -12277.81862580033 -5332.041569350895 2243.407165655591 0 -10921.66591621789 -14527.19800001408 0 75.41144815527809 -4535.87641558066 -24907.62346270514 -25972.15376654425 -2389.618904738231 -36129.64952568493 -6195.10416328821 0 772.3357652552854 -2520.825721166133 15569.07868950605 6566.796664609221 -3270.030094104844 1119.31797997248 -2824.567495995079 0 4172.185233885375 98.47877480743136 9807.08629460611 -3013.660168159071 2936.188153526125 -8352.934235114295 9562.810621833167 0 1803.850343455553 27957.07326678294 -27482.37152646192 0 0 8107.077594938431 -365.3540808627395 0 242.2067438454505 7049.325913376417 -10465.68509448419 1622.650837703506 6110.551162613473 -11872.35944463159 3987.089596820286 0 8695.272810314807 -14830.12129619963 0 6649.831836515966 -4282.035502145223 6456.56082603711 3718.00997149139 0 0 518.6841642867603 -5403.094395372937 0 -2910.175026056858 2511.973851285208 0 0 0 -6057.453729895051 1675.420148357633 1910.691740519889 0 -2891.410727797722 0 0 4917.554901780909 8840.71891241517 0 0 -1306.11050681193 0 7094.891238318488 0 -1069.514777259979 6509.68910591951 609.063254670491 0 0 0 0 0 5693.928782207365 0 0 2481.562311255811 0 -1000.390290667661 0 0 0 -3102.792108186014 0 0 0 0 0 0 0 0 -6253.161944354241 0 1719.45207918103 0 0 0 0 0 0 0 0 0 0 0 0 -8540.094910759175 0 0 0 0 0 0 0 0 0 0 0 0 0 0 -321.3443839262731, -672.7292883591394 -3669.268600662254 -2996.747913880905 175.6389205819414 -3929.769460728889 -3223.965676884796 7819.593666193352 0 -1280.418788378022 2186.896524379647 -4826.617655663575 -4008.358611320911 -110.6182723274414 3099.595193181191 -5649.062727154131 0 -2821.92113071875 -3410.62430172247 -9069.603566363294 -12360.21304469892 -8889.253955058794 4410.520486385925 -18027.72914547411 0 4165.310789346592 -2869.823352998393 3588.570066206548 -13136.31691557814 0 10521.62732481388 891.2891372999038 0 -4031.780134112926 -7671.023779280739 -18537.61102552136 -12296.76329112125 7149.760529763156 4106.501089193497 766.597628319382 0 -5049.448763152825 -14004.2979073189 3137.342215834238 -1842.77128297735 -2033.114319872549 -11950.64387485328 -11757.58698780921 0 5420.251869673993 -5230.083001308651 -358.6829587517823 -7740.661102697073 18162.60843530457 -2730.500009988622 -23942.62806945192 0 5541.545647403464 6189.578693226409 -4136.52943635169 13299.74344434042 0 -13068.34084599385 9923.490050448185 0 751.0036228476581 512.1354293108507 -19431.29152695209 10854.05287575386 -9183.109077339315 4204.983988306657 3587.733698371449 0 913.6317178396439 -9481.283782333585 -19882.3296453204 -15013.76947755997 6246.639278425222 -11757.83099041866 -12742.82755277086 0 -5058.528824906118 2635.457225475355 3779.190757056386 15302.13519557745 -11695.40525941091 974.2524988240464 4815.822024500111 0 -5234.757809035931 -27774.64094000375 109.5586138156127 0 0 -1924.737162618848 960.5932745561631 0 -4034.187665353776 1160.74917792451 -264.5538670719038 3757.205721306457 -3987.044798243782 3226.555170113921 2449.039684942568 0 -765.405923437072 -1634.88297773377 0 10555.64399330482 7417.74788829945 -226.3971317958644 -9436.486841669197 0 0 13234.88740907561 1964.977686516213 0 -2124.631235205489 -6106.438560023352 0 0 0 10231.81436888559 18107.85977845261 5076.727485555561 0 3796.584151329989 0 0 8723.165533994157 -6516.69785903198 0 0 1805.468168833329 0 2468.886052049648 0 7927.103706354845 9102.418081253041 -316.4713922613255 0 0 0 0 0 2898.661143497134 0 0 4096.668272850295 0 3629.027126260683 0 0 0 6280.571822223485 0 0 0 0 0 0 0 0 -4544.095751772999 0 5975.378383118936 0 0 0 0 0 0 0 0 0 0 0 0 -419.0032508343546 0 0 0 0 0 0 0 0 0 0 0 0 0 0 -1235.429821537665, -533.7742537275044 -3145.500629529709 2201.895579143435 7569.148135054295 2312.251862509779 -6395.566008622791 -3467.851364430299 0 -2015.522290924059 5634.371684596123 4813.820831780744 2869.030869125519 257.7775596264 -1010.256711354261 2070.317920338369 0 2152.043351407888 -15817.60712831722 -12995.95424261337 3811.956385633073 6646.74368206485 -13226.54015845353 -14138.90497451974 0 -1822.499727328639 5708.047828279839 -9052.044797442759 -5572.0432497639 0 8122.543326496858 -4049.76927244453 0 -12904.95571469946 15768.74882090673 -6146.766444056201 5324.776846062352 4362.458156187915 7209.526299997662 -11933.60792070166 0 -2463.60461173048 3113.093783442469 19831.15423828466 12307.02449095499 -1020.275565283577 6509.157488060544 -4746.689606052807 0 -1442.518631489747 -18622.59714927388 29717.01434460884 -23080.68900446878 5601.497975216422 -3771.761683660264 21047.65619985686 0 2446.361594662524 1781.682441410285 5598.322992376334 -3458.519787171341 0 12480.18740688206 -10830.35170502127 0 2996.313357695402 13369.94300286278 14592.43345316168 -15988.38025450761 -1928.25299514929 11436.50130973623 11413.74961252771 0 8406.446475545688 4820.96974540635 -17535.75853757345 -19290.33900037724 2706.321143050829 8815.498278440684 3116.66810171019 0 -825.5028990073865 687.6305858071673 -977.5345952529929 12185.01745399182 11901.70759776041 7382.897895943581 11760.62737883976 0 -2954.871758988893 -3915.990317813512 -3831.983288424291 0 0 2896.965582529447 -1941.992326402748 0 -6309.479395304803 -3085.119365930015 -5151.837142400363 15537.18567014798 5806.623905010527 16503.09056572206 -5273.007170362174 0 6936.75593416605 7614.396380651435 0 4769.364325868706 4288.482485018614 -7641.093656892052 10214.89892354046 0 0 9346.781352273609 -358.4006002861647 0 -4440.087334763541 2124.354607298516 0 0 0 26198.69666013969 11007.87599261033 -9607.68577361652 0 5206.972091630412 0 0 6581.824807011681 7447.815359450298 0 0 1952.736049451849 0 5666.666401185494 0 7069.308617254526 617.8438587774908 -993.2470247303409 0 0 0 0 0 -5494.897243944657 0 0 -822.765886357291 0 -4861.184193426036 0 0 0 3334.074628809057 0 0 0 0 0 0 0 0 7886.936858651901 0 3581.811197638874 0 0 0 0 0 0 0 0 0 0 0 0 5661.110981703001 0 0 0 0 0 0 0 0 0 0 0 0 0 0 729.0860899667578, 1957.95301964963 903.3026294214715 3763.562944680746 -10514.57293720504 850.0546545400348 14468.525073598 4398.277404073284 0 -6283.430434991818 8479.706058718633 -11045.29775287331 -9777.110091679038 8686.662430469825 5194.521695602173 -3248.613420788894 0 -4004.791218225327 -6621.956307447226 6101.364106831452 -18462.88016277798 8638.908865262416 -4496.56349528242 -12400.16009204301 0 -6495.307495758128 1301.040422464358 -31329.01246968212 -9598.739888098436 0 22503.56483493816 -1781.886911737307 0 4097.430888907666 3402.525298536222 21848.86315507328 2599.477254304917 -17497.40335587558 4667.877676520708 4272.172497758277 0 -3948.682278956514 -16734.14968634719 -26737.03751813956 -21994.8603280399 2538.829116615838 5012.314505925473 2505.032381356062 0 -5837.287873805321 1040.457993670424 4869.824878383094 -13427.23737109027 13356.04632018717 -2550.430701927852 11092.39411312354 0 -12328.74658003265 -12103.35708253019 5824.843564716432 25062.18734987293 0 9519.518118529531 17607.02057909772 0 1513.126062561507 7623.39182532968 17134.63977259842 4283.640734271887 -4940.892506555849 -9881.803312506883 -9038.820253996619 0 -19844.59238096773 8877.763760114362 -37125.94198413425 -10046.26742876866 5206.272171207869 43775.39014298616 23833.18943018937 0 -1819.8154558516 -12134.01964275462 14234.30692279941 -15933.14596728945 -3123.49294751452 -1918.180418030377 10941.94526616827 0 627.3957515425204 13122.98217846626 -5363.244498090695 0 0 -6304.918025810789 2484.975544527631 0 6213.349381388353 6774.091021312403 -2312.343884931186 -14271.29659223157 1574.797603348069 -1527.835404015765 1672.438857142748 0 11346.36637550172 6405.276720937924 0 -8384.102796866962 4613.991203753855 -436.888858115557 -15473.85276167329 0 0 -2925.067209120793 -17681.67690526965 0 8224.26026550682 6261.944002325683 0 0 0 415.3138792733725 2483.702471025008 -15555.18097417133 0 1616.225103277289 0 0 1722.73544660811 -7982.410860588569 0 0 -1397.16308504969 0 9743.972875093012 0 7931.843164050057 2221.016964025196 -3410.978295504025 0 0 0 0 0 -8681.939105009813 0 0 -3901.909826776008 0 5100.686008526676 0 0 0 4118.837462719965 0 0 0 0 0 0 0 0 3485.376184822581 0 337.3687321731813 0 0 0 0 0 0 0 0 0 0 0 0 6044.509482246615 0 0 0 0 0 0 0 0 0 0 0 0 0 0 -2135.542938617854, -159.5945746873861 -1992.396821265789 4452.650799380825 4108.73286811037 -1992.42731789296 6072.359059037168 514.7245581119173 0 -1966.240833828964 -503.6622990904361 -7608.673564335317 -169.1666137530964 6643.742500381171 3834.635672564398 788.0282488729226 0 -7117.512784798926 678.7171938904039 -2590.171125115385 -7002.81982984922 -7462.224137142093 16252.33689245696 -11979.05480047713 0 -6165.101416921803 14546.89768930133 -33922.16081684604 -17820.20867979589 0 -12363.78308498785 -5389.384896818082 0 -2467.614548077331 -30039.1972973616 -11082.89592099967 -1155.303062071659 24959.72969208997 -2222.915442062621 8310.83958876925 0 2096.6835693199 13435.0216538972 -5292.866595478763 -5925.913312636851 7030.494562727622 -13623.90018963171 8076.889833668177 0 3236.364999605044 -10310.33822930945 -13324.70936481797 15141.82387618955 -15862.49915666809 -9922.742283905429 -32921.72760247448 0 20934.01992802517 -14422.07907062783 -10394.87680586646 3691.659388456184 0 -6921.98745560765 -23545.73109790688 0 -1636.442904638915 5084.972428564502 -17150.58279927853 -11915.68683414303 14247.48348065415 586.7842064772692 -12160.24103307973 0 -947.6317592098367 -23488.16678754981 -3773.102570262654 -16962.29492893283 11658.12505147566 898.0760595550473 -4855.25185832343 0 -5243.881632832907 -4974.673129453994 -4444.567663794041 -19183.9492413802 -4751.043394577961 4296.19156723894 -5304.078352735165 0 -970.199930517663 -6256.404730890842 10527.30870096962 0 0 -3280.2801764274 -6580.787365392363 0 11278.07731484704 -2267.389270795551 3922.148340877415 -11373.23171193284 -6684.565353403143 -33856.16254691091 7437.80879986293 0 -8795.388791490102 13733.33700673452 0 1245.927857939866 5668.330363842121 -5407.933109606 -9425.465143163898 0 0 5256.270158332259 -8867.015513992921 0 -11535.26247329372 1286.110254713479 0 0 0 -559.8469572010517 553.1211880290539 -2707.33251916815 0 1314.744677365078 0 0 -6230.628189839046 -7518.684159155042 0 0 -12341.41992685302 0 -6614.747099088236 0 4243.727459272408 3164.423343334595 -4979.357112287922 0 0 0 0 0 -623.3965411289134 0 0 1177.321360692263 0 -8158.579229131775 0 0 0 6105.571762345753 0 0 0 0 0 0 0 0 -9335.033976108858 0 -4026.006687836484 0 0 0 0 0 0 0 0 0 0 0 0 -5266.114714405898 0 0 0 0 0 0 0 0 0 0 0 0 0 0 -1110.378322487388, 48.2432814344138 5865.464126185259 2376.635524348612 -3890.087051993516 3423.884042198305 -1734.112096171319 5676.824557560756 0 1942.617215941458 -4246.715706727935 12300.46122037773 5234.558382803347 5167.842179174002 8976.11800938265 15350.81333085274 0 -4862.417216611282 15860.38270464306 -12358.32246494126 3520.743884020506 -2755.854183554061 -5433.340397771171 18073.82680002937 0 11434.00152710274 15354.34429154202 18414.71394703778 -20539.46902964119 0 -8763.434564318699 154.640705225052 0 4119.15711445836 -11425.03742588829 1288.152590448926 14117.67342114344 19945.36044037131 16123.88586054787 2591.139804137645 0 7259.446444680162 8434.558477625678 -13264.08248413489 800.6191661616376 -3653.644743650921 13131.6351078637 9959.548585844761 0 -180.6023802798418 -501.8908559327447 -2087.229515325158 12284.42203786191 -12654.71560569067 1479.956273404763 -9324.732701776082 0 -8333.343343615601 -13001.0620632464 4862.088326850961 13705.02802961338 0 -16057.42722853404 6560.571971919847 0 -4111.710787986819 25156.95162215501 -21638.25726463862 12728.72874102625 3869.552919876459 -3522.128191725912 559.1573356216436 0 -21.29722134144549 23228.45192051655 22008.5717675178 -615.0180787256286 9881.152816613794 -16300.67433367528 20851.31262540903 0 1989.021262047407 21732.90647888872 -13250.97704249937 -22471.84736287545 2625.66369386476 -428.0329124667006 38113.42013373569 0 -7101.096365832818 24331.26813985107 -3256.725435320517 0 0 4833.772888762707 -8971.988998187946 0 7079.169759194239 -11951.01336251862 11242.0007653529 -2671.589766257883 12013.25057978862 375.1917079021691 -8321.125914087828 0 7894.962044398429 8784.898647436334 0 6770.782888384489 599.5005729535526 -4333.878160374887 11049.82353626982 0 0 4019.240409315022 5158.358193303309 0 -13727.27293345889 -7679.85730027892 0 0 0 5500.561561972989 -10592.19401672263 -18518.4528048975 0 662.7518066154669 0 0 264.4879411363543 -4565.369921766821 0 0 4431.627842133116 0 18642.07116394774 0 -4599.143938854002 3085.293769357471 -2713.038556915257 0 0 0 0 0 -3128.94996906194 0 0 927.2578500287541 0 -1582.244029969078 0 0 0 4409.815883113679 0 0 0 0 0 0 0 0 9141.144804977259 0 1766.225362861268 0 0 0 0 0 0 0 0 0 0 0 0 1115.416841146635 0 0 0 0 0 0 0 0 0 0 0 0 0 0 -347.5644718674927


GFLOW: 0.07199999999999999 0.6072010742965303 0.6067933215162007 1.208514297375654 1.20751932750251 2.553786156452948 2.553497780654522 2.143943058062766 2.143824987680406 0.1257277359394481 0.1318779392469688 0.1787232236054292 0.1691607697178019
q-corrs 172336.9520291115 99220.55808959923 -18866.01184710499 -14763.4917962715 -6741.538520194113 -9664.197173211636 -7770.028492426251 0 -2172.515307670242 -894.3655392181763 6288.316945183506 7762.832173070237 3279.989628360882 4803.273599572683 -1144.37471425583 0 -1543.92602953029 37.12685413189706 -8287.279565847894 -7936.889237977182 -2903.340209922962 -2816.992238650788 4380.829612073342 0 -945.9887310661959 -6997.45390174056 830.8712630738835 -983.8033010519655 0 1163.164219112121 -3772.602949593672 0 -2134.017347437612 -5701.879131341631 -5507.013312334868 12386.92449346135 -2684.612749846994 1801.350575235932 -3529.228602889159 0 -3010.722218839021 -14005.90567991031 10120.30329056566 2036.232531631553 -3793.012360836858 -5795.894352206396 11782.37632894352 0 276.4248534319895 4756.403118399434 7706.513909319427 10845.50666765834 -4623.964913799849 3966.937503103359 2988.048676891638 0 -9571.046019818903 8531.977180963706 8419.113302922106 4577.785752563931 0 8636.894553916711 16878.25081132003 0 -973.843448898844 3145.327885813648 13958.94600818641 3740.00718136649 9195.263298075417 7907.111006774265 -3310.70714168076 0 -3356.456483100905 -4894.312069452351 -8783.5569576897 7668.065582674348 5828.366770080018 -3224.93015976315 243.8279436773353 0 1158.540714937655 7622.410854933873 -1144.727725255197 -5103.313278758009 4304.415656617277 7999.482978515137 295.8161835797185 0 3000.558743661556 -22336.74803727357 2635.15059546985 0 0 1318.754821497217 -7056.033089084287 0 -761.3787840819888 -7505.140861927206 1097.395381596385 -4274.35256315163 1388.875449579918 5187.048432329295 2600.155730181524 0 -6097.696988351234 157.8931523978542 0 5374.60032514451 -894.5515558604841 -1336.423214337536 2782.831570007233 0 0 883.7396425197003 -631.01550936483 0 1928.779946255991 6853.481036586209 0 0 0 7441.701210964286 2601.272199004076 -3313.057230897387 0 2228.130028078959 0 0 775.2134760483825 2870.664038816942 0 0 482.7324013661627 0 2255.232714477934 0 5849.152293133808 1955.046419082234 2479.848821443268 0 0 0 0 0 1567.727562372522 0 0 -2653.680090025858 0 12117.07929043393 0 0 0 3547.080607980025 0 0 0 0 0 0 0 0 3610.437972502324 0 5424.162062818285 0 0 0 0 0 0 0 0 0 0 0 0 2433.990989944323 0 0 0 0 0 0 0 0 0 0 0 0 0 0 218.3699210118083, 16121.53287425404 -11024.40845304506 -21821.06449399302 -7846.109685194031 -4853.412053251706 -5566.05332827622 -6268.656979835405 0 -2865.679491762466 -708.5944395450103 4520.449218603017 6714.956972642342 -1381.54262868999 -2288.551174306534 -5492.450279017699 0 649.7349407744841 120.0122315682268 68.34133663648004 -7165.230289440167 1497.38325085247 385.6542328315854 -2379.197947412672 0 4507.570325120019 6021.771753843936 2404.86145956883 -2454.334505457302 0 -4751.189808102125 2279.309372310556 0 -224.9604027440502 -960.6505570861582 2855.474818865672 4523.949042054844 -614.8337114484827 -661.5493739300751 -14297.60963609423 0 -3257.10099184034 2183.214040881629 10356.29912026837 1129.599396158065 23.43094962712587 1840.476366780424 1046.840240151709 0 2447.167638223598 -2160.450021141928 7725.438387264911 -497.2608517948694 -3416.629265956223 -5203.321813390296 -11945.53683934695 0 -1799.092884391724 -233.5318507291395 2958.707194764225 -1873.988478760368 0 -1000.812293241897 -1074.459578141557 0 -92.654378602419 35.62949041557022 4098.301845156025 -821.3190015594923 -792.8368837260373 3838.665470460297 -8227.962758492482 0 -384.7138952401317 -602.4281940006106 -1380.656124531186 9862.388577022944 -3809.907550936405 -7169.198591102911 -948.7972733859151 0 -1128.149560855781 59.17237826755945 -1325.12806004195 -734.8815739088791 3692.182351653991 1065.010669343839 5926.984123950364 0 -3515.844501578601 -8424.176362278507 -1512.704677569935 0 0 187.7162580595882 1919.950917404904 0 -950.2574794553636 2678.291616775654 4826.274140656978 1626.010671916758 -248.3326925359383 -5017.057621457363 -4512.989125365569 0 -1482.056094425231 1919.359331139748 0 2515.185420055551 4076.415160520748 3030.077265020484 -6071.158672179185 0 0 -3723.791633733358 -4912.56416009002 0 96.79037400063271 -4784.583801319616 0 0 0 2740.564703877339 1382.284770629016 3973.57542649658 0 -12112.60800965847 0 0 237.059066375324 -1738.698836469023 0 0 -4294.877330051554 0 -3745.859833353318 0 -242.3680615462266 -171.1441103691053 -2001.175670608546 0 0 0 0 0 1390.695786102733 0 0 -3436.660909186197 0 1991.893516060644 0 0 0 2079.781377488475 0 0 0 0 0 0 0 0 1439.315960673483 0 2643.970655538034 0 0 0 0 0 0 0 0 0 0 0 0 1150.234626263303 0 0 0 0 0 0 0 0 0 0 0 0 0 0 -172.76774896249, -1026.538697008435 -3537.328240809742 -4695.751756854323 -2913.356007920468 -246.5453815489923 -3730.489171394888 -1153.050782458489 0 -414.606549511909 816.6759177688569 -902.6242035879827 -543.7889546510955 -1442.688511704604 -4324.068897815858 -3287.156209673488 0 1177.088363157653 -1832.924535214309 -1886.738233274691 5318.016358650606 -6270.664759695119 -3591.496720267217 10516.58656349796 0 1447.720979273942 622.3925515513456 4363.805251370111 76.45134751948746 0 -2593.110265776647 -10382.44461938666 0 5309.17854290117 1059.619797662003 765.7090724327779 4216.967477169283 3988.005416608242 4472.721250395465 -4255.597859605508 0 -2927.954063125369 -3512.858915820922 4975.758555333354 -3071.842580564136 -458.1687187113234 3075.008084663529 1269.719631992553 0 -1197.294063293996 -6437.087390224319 1558.951726593126 109.4429257444274 -1002.513594919277 7032.083986391577 -4066.960845326581 0 -1977.570477316653 -6937.279278105461 -674.0962706994326 733.807133154541 0 -7030.994400803329 -3357.279978499163 0 470.6496627385212 2430.729119248834 -11535.35054224566 -2073.577273020063 -3027.243354776304 -11177.0705204363 -5887.758817646867 0 -1547.735756363537 -251.4243989583259 -434.2851858019494 5874.938125861507 -1404.97258798771 2496.165736590802 2350.946917409507 0 1383.512042025091 2514.206799787392 4257.829762963337 -3000.276901230119 3725.880217837588 -4145.124062685934 1874.45226852934 0 -1999.502107621639 5790.84252036209 -6615.508021546876 0 0 4888.733801736827 5612.209376572391 0 365.4008484368928 1360.340274219069 -3759.040380582274 38.04208499417382 856.2360696115722 -3499.081849342107 1887.030229813599 0 3680.274592354378 -4270.322352982125 0 940.8877912903713 24.78260814731385 4052.147413730189 965.6941843536624 0 0 -2135.38801089546 -3780.535453358093 0 -2120.778071736563 -2665.410425347835 0 0 0 -1813.881029677269 1623.87566148962 2978.655242359569 0 -5496.764072025076 0 0 768.2800269609662 822.5884953449937 0 0 -1370.424722051187 0 1710.579230123035 0 -2843.825209586116 3002.997632011607 380.7728913200444 0 0 0 0 0 1520.155172671234 0 0 -225.036911443686 0 -3749.212653492117 0 0 0 -948.2044572446168 0 0 0 0 0 0 0 0 -3676.40699282578 0 0.779899390798505 0 0 0 0 0 0 0 0 0 0 0 0 -2348.8217271648 0 0 0 0 0 0 0 0 0 0 0 0 0 0 -33.46377273005976, 56.04353400607306 -1304.642024176901 1084.49045052148 1077.993115193962 -4453.079322063286 -3690.619803935312 3012.149107638099 0 623.4672991681385 5425.607193243225 -5823.277969889168 -4650.791976626859 3541.647943759921 -816.8855617399483 1526.428538014036 0 -1223.258175379303 262.8280426249398 -1927.698483308724 -2706.797341027159 -5014.525397548256 1422.727550856859 -3376.726937337361 0 -408.5526803468532 -651.7847659585375 5551.826885465955 132.6441953887388 0 -2367.347394143499 1289.719307615472 0 -2389.751797028131 -148.7326803297856 -8880.285342641886 -5196.217040250203 2070.061891368727 1297.175124455974 -1307.114414843669 0 -1863.24247235627 -4338.042445074243 5448.508475637243 -1090.624899565358 783.3384063504188 2911.291093646982 -2475.594490280853 0 315.4231801342448 -6440.62978403374 -28.25622518658656 -1861.468741092182 8796.346014900173 1723.800973765293 -5250.011585145467 0 2862.892872153628 786.1424773823583 -987.6345340688979 6075.951039887395 0 -960.4962723989527 2834.347938182371 0 138.9852192599611 -18.0281748083662 -13636.82635184596 4733.969535810362 -1530.578771674937 -5288.111885435574 2319.969197054926 0 -1608.249226594248 -7144.042338326459 -12249.87854808754 -9280.709797752956 1208.725684275853 -3737.680526678444 -4441.199736152113 0 -1790.325272199054 2475.560275226881 104.3773838233142 6676.049857852177 -3157.72971573376 -2552.137578442811 -4893.911427145303 0 -2162.255428389379 -14228.06066062222 583.447042237745 0 0 151.908105248732 5072.481043843187 0 655.2993432259491 2432.908827456406 -1476.467863795512 2040.780418577792 991.9680178759002 -387.3359429843986 -1742.448221566745 0 103.2273097952061 890.865383818262 0 3152.528338722172 2989.287695077987 -2305.995269584101 -3163.623425782874 0 0 2526.707247810116 1322.077737836081 0 -3772.961754723136 -2915.910804556786 0 0 0 7118.469464538906 4476.335437417335 1495.830344609011 0 2293.266876359178 0 0 1735.107263116642 -3079.309598699842 0 0 756.8591514870986 0 261.1928998817476 0 3703.202406113459 3868.88707667999 1456.175806810711 0 0 0 0 0 1216.530940249268 0 0 230.1943493940627 0 -1742.886189784681 0 0 0 2491.089600574226 0 0 0 0 0 0 0 0 -1267.233644471828 0 2158.894597427743 0 0 0 0 0 0 0 0 0 0 0 0 -514.2768176390342 0 0 0 0 0 0 0 0 0 0 0 0 0 0 -304.7273879270439, -572.2868641630412 -914.9751898466034 1813.225658508601 2959.7203521495 -275.7255400839583 -3012.530145559192 -2296.170050067732 0 927.4319995591457 2944.071821049081 1272.971701614183 276.1388789460125 1876.990271053821 -998.3913470936993 8192.97823673709 0 -930.7615154172356 -6263.757329474749 -5283.33111889843 -392.5463202249452 770.194072086397 973.0996896736838 -4444.26616516711 0 -2216.411523221193 3463.224359632117 77.24537618090653 23.73678999201366 0 -2578.295943738006 -1274.04516256292 0 -2195.899147966231 565.6502484994708 1664.21276572865 -1308.419478274605 -332.7340043429858 5523.407784455444 -5221.109027991511 0 -503.3135621803976 -573.9243227053976 5823.188675119936 2056.84067890735 -41.08816688156637 1794.713878827057 -2037.012829375738 0 -1653.629619786055 -8784.190549422743 9349.095617258328 -3728.345910360586 2778.108886368068 -2585.102837526343 5449.981172047195 0 -1761.036373357382 -22.04170544640465 3683.916013701965 8785.645225784143 0 3192.466741260454 -9380.260997197378 0 299.4622303897901 -4782.365012335151 87.22452644947452 -6462.687385248671 7427.988842581542 5166.028803216681 2162.505489108844 0 1555.308968522384 -1308.87003206789 -6566.860346289676 -8717.093736746021 -1227.727847505036 106.4225082232742 -1945.106514255606 0 -2316.045846933557 2640.13911251934 837.0117138885896 4447.428420462684 3594.482331775746 2828.128379538886 1580.567024653456 0 -4199.110398605555 -2020.554945443195 -1716.117851242154 0 0 -183.7278454010811 -653.6108984298157 0 -3761.578690895281 2552.95886651745 -3596.877395338678 14870.8513667533 2259.054756951776 2593.47238456109 3935.53751621899 0 1838.874447286489 -602.5059911259109 0 1584.514916246369 4320.669974115364 -6747.455513337666 5980.922857132094 0 0 1995.103458548252 5437.424672818257 0 -3753.972877417179 4717.06544917366 0 0 0 10589.61520129558 5394.936701130269 -3674.95141918889 0 3395.524603088282 0 0 2511.513853357565 3180.958447593379 0 0 -613.5909369267699 0 4452.266548531786 0 4103.749008096263 715.4760560014909 -1900.963877043238 0 0 0 0 0 -464.657506969865 0 0 1514.68738178088 0 -3291.426424021608 0 0 0 482.0715632421885 0 0 0 0 0 0 0 0 2325.437730237165 0 1503.006573349429 0 0 0 0 0 0 0 0 0 0 0 0 1857.139789232228 0 0 0 0 0 0 0 0 0 0 0 0 0 0 -84.39424227498111, 283.5063659445698 -565.3300963599653 -553.0782445419725 -3203.095440871311 1081.042110914521 5298.699174975947 2017.511545065741 0 -999.2824899494522 3030.22695683942 -4416.158594157342 -1517.513716568822 2545.484997758885 -776.7125777886738 951.3697260860213 0 -583.0956923683138 -6274.155851135596 -2118.817834599512 -8109.710900342148 6540.724301233982 1765.976050284155 -3096.207242870189 0 -2038.999554485165 -159.2013368622133 -10209.01100949479 -1599.629504173471 0 12226.95174620188 2622.601237078228 0 1515.368056454027 -1418.421924434554 9830.074808599371 265.7992069727109 -1903.564721656557 -1833.421853361659 -1618.974652826153 0 1799.283712598461 -2597.29608478251 -8076.248135824291 -7521.95008177392 1786.376039977582 512.0111165267522 4735.403346365916 0 -2884.371115935784 1852.216116000923 -5321.694676039438 -1664.623948078907 1812.96628508072 -6202.889965561226 5170.043671001765 0 -5895.721489245198 352.542675374174 2909.463506404461 11256.76265981125 0 -421.7460730999737 6624.863060678781 0 653.3868274878284 7043.947249665067 5647.062609088574 3105.585418010842 2908.585898446729 -5672.881615405815 -5971.232810670812 0 -1181.370017173015 3431.114285951601 -11687.23496568411 -5205.106691446985 3359.60685997444 10699.86977769946 3151.465342300662 0 -1197.416770925659 -5731.237014147271 6446.370120617697 -7172.723817840628 -4218.288921366503 2363.63583770121 3129.644502142194 0 -924.2928232689455 8000.51585356646 -7564.631255226848 0 0 -2403.013826098053 -3696.308583338196 0 331.9365291130794 2636.271614127269 940.100067447612 -6545.567252620894 103.6918213398969 -5535.748604625564 1235.573971915705 0 3679.156533193696 -3542.102084558011 0 -1826.227440705471 2359.909376150185 130.774102377787 -4682.659349285834 0 0 -1447.275505240364 -5595.566069651103 0 904.0563059746903 3354.390959270514 0 0 0 1203.435141389541 2727.845579156857 -2418.396962711597 0 1801.590487371974 0 0 808.5637890845783 27.65910737611102 0 0 -963.0667299268392 0 3099.781909409178 0 2078.940212183355 891.0140081615129 35.87513567789892 0 0 0 0 0 -1699.361384428953 0 0 145.8270848952673 0 -409.2832549351942 0 0 0 1814.77489954508 0 0 0 0 0 0 0 0 590.9640522010911 0 -331.4385066622511 0 0 0 0 0 0 0 0 0 0 0 0 621.7622804807693 0 0 0 0 0 0 0 0 0 0 0 0 0 0 -712.6899886522204, 349.6704619110083 -261.2316414958384 2082.480855357659 625.5342001416709 -1056.527783660095 3296.16165088361 2448.252205489694 0 1253.395888788102 339.6610246419862 -3953.773031088777 742.0430420880828 668.4429433443972 -836.9226865403775 4722.999888375204 0 233.3058301981523 -5872.90225234596 -1898.484454258297 -2959.079970877232 -1426.528525426528 6160.11809277357 -5327.881769277732 0 -4027.563177761197 7108.159005394887 -6509.563449233834 -7021.753326973978 0 -8111.015268127536 -147.1334184271743 0 -2150.196575498749 -11540.31275485534 -4202.25950448804 1214.921025278798 4836.192121961316 -1272.438889341119 -1539.096760081515 0 1558.827593328863 3372.224129180664 -6390.734044904736 -3240.926135495611 1493.112628387369 -10058.3825829691 123.0027182184058 0 1076.224371239947 -4558.306327163313 -88.13596559742973 480.3418939381775 -5550.991105853945 -6347.67114189263 -12271.04387271506 0 4826.524697722554 1350.505171376119 -3486.874951488119 -1834.231882243713 0 -154.1588354396758 -8760.599325449455 0 112.2751410272281 1329.882451037804 -2585.704856113402 -3292.449518467661 7960.863242935929 -1120.766460623932 -2901.011167895427 0 -939.7753384795055 -9750.718816142989 2910.158870160707 2927.28391989728 4172.171479139091 1782.014704320106 -2882.869936606039 0 -1533.564745841039 1.237423617257264 -2181.97763583818 -7258.57747243731 -6750.964172027051 2616.998029102882 -4706.414684780209 0 -2706.402889048319 699.3462669048795 817.4696345687446 0 0 -2323.335754324785 1694.20158121649 0 5299.739565837268 -4832.764963639516 3021.765959108691 -5538.703005748008 -2959.144661762886 -13273.18136198024 1382.024870548381 0 -1895.152855601335 4691.424157810334 0 3523.84442349667 55.19149913431136 3993.220574868563 -4936.105315564625 0 0 315.5598987097271 -4794.882059087777 0 -2626.074525991833 -1637.599039633713 0 0 0 -5241.602223122387 5104.027512868436 -3034.434697766995 0 -16.62586083796123 0 0 -791.690842124754 -1590.641561670889 0 0 -4505.391592411441 0 -7382.432298836397 0 -1544.948126596219 985.1098742364289 -103.8883249132643 0 0 0 0 0 -597.6778021462985 0 0 -605.7711048620004 0 -7025.839481663663 0 0 0 2653.048863784308 0 0 0 0 0 0 0 0 -4417.996455755379 0 -1120.200064105514 0 0 0 0 0 0 0 0 0 0 0 0 -2544.092488995113 0 0 0 0 0 0 0 0 0 0 0 0 0 0 533.6005730993502, 495.971949285431 3375.048714120756 2767.015920155712 -747.7973244626098 2307.642434550874 1880.254851603013 2477.541552261453 0 -146.5283249867197 987.3782727152975 463.9767960880172 1690.938581551209 3577.48141865166 3462.126120953333 2859.990479958979 0 -1656.703304095445 2243.734585954855 -4331.312576911805 765.8423350111216 -1910.891919544099 -4356.212171573663 3242.661376872014 0 5014.16032577652 9923.197069271848 2421.04526779627 -5854.662841615023 0 -2774.144552150363 1026.044639984299 0 -97.31130059520092 -3380.678537801238 8065.842750410819 6338.732208681028 3931.728069270287 3324.959423482527 4424.629228376145 0 2451.175197282169 9422.657959439326 -456.0652755020092 -2714.40215321167 -1474.507120679535 5572.459435192088 4244.771080222692 0 -834.2721323831495 -4635.699984610013 1613.383795858637 4832.481604655705 -3356.533846205992 3117.383670978368 -12290.28557314568 0 -958.1238483060988 163.8381942193882 3735.200542757784 2818.865504430581 0 -3536.645622519724 125.4834547261153 0 -2233.765290461718 4250.820231155457 -3228.364867708475 1260.382597117674 4005.092353206918 2680.118502654733 -2194.675967025456 0 1397.645761300605 5269.66701950288 8049.138114738143 -3055.379976770289 1601.663802888164 -250.8591870744542 1697.530509449872 0 953.4901656187908 6528.235544676117 -3407.628322582351 -4724.951610950364 -723.6117575117353 1525.508747619368 18325.51366629645 0 -2857.679309095671 6287.525829506616 5091.163348513826 0 0 1640.555694721197 109.0771386341348 0 4109.425285095112 331.3911821412851 2955.483745896074 3241.366911228564 4685.206689079068 1162.130458719777 -957.7781265308859 0 1085.021212341641 5399.839065243681 0 1057.217824568266 -1591.436699865696 -1186.742529737322 2808.835317549102 0 0 3182.653836430213 819.6292495557909 0 -2064.823916991282 -476.3802051794629 0 0 0 3180.893038949624 -1434.482172959422 -3659.94339414771 0 -1822.322667697749 0 0 566.409118919481 -2077.880080568108 0 0 487.3790300574121 0 5663.073037562161 0 -1271.561411665823 -334.1060243018867 47.27464207149524 0 0 0 0 0 -174.5598040227592 0 0 3946.285159104938 0 606.0749154643518 0 0 0 2374.889572654735 0 0 0 0 0 0 0 0 2285.596626886794 0 340.5715841370553 0 0 0 0 0 0 0 0 0 0 0 0 307.0655937435521 0 0 0 0 0 0 0 0 0 0 0 0 0 0 642.4271059453017


GFLOW: 0.144 0.3856076428226479 0.3859405744481456 0.6993171724459145 0.6993261886546585 2.798558478000229 2.798404007368692 2.545435908047302 2.545134747774797 0.1227229170814142 0.1515199736826508 0.1783409700496117 0.2209552840562904
q-corrs 62721.93957892536 74052.8117840121 15617.27841952378 -5588.687766860917 -5829.134957871748 -14634.9194787084 -10524.77790899899 0 -2027.649379365669 -5354.533070857531 2073.811626607004 2276.524924268311 -613.770225568863 2089.278343870473 -2889.450785880982 0 -1285.542251185213 -3096.236007640583 -3581.906278636684 -3588.425690514327 -879.0503106296135 -533.721823466372 247.9010219922152 0 -574.1289094750895 -2297.248563435354 270.5756748265374 -1536.641263392591 0 920.3831944348254 -74.11029682625372 0 -1454.014765449466 -2333.832746434912 -117.2872142327086 4799.899457545705 217.4998777221157 602.640657737956 -2238.610524260223 0 -527.5986683758948 -3912.399673030746 3279.079215135568 -126.8084439987457 -1388.8389290123 512.7856108116607 3915.64594687422 0 -716.1082335995964 703.6091513380883 8.187126912160807 2890.30175273753 -1852.960819623778 1056.064639955999 -115.4295875207717 0 -1714.81424745307 -229.0531205744907 3496.519484592627 1399.624349973042 0 -93.10915864456808 3911.503861860474 0 -259.1740271919278 -19.42873218413797 3238.831772507298 1441.405795166686 2338.279006257002 4314.765046012373 -2628.882400721047 0 -798.3707016020518 -1317.558644493714 -1923.136639936945 1455.259722030014 1464.69359570658 -2570.691665383626 -2811.345528141646 0 -890.7495321146498 2009.930346682319 -1088.148042688197 -2420.748428156823 1793.734066574859 2834.844997189989 709.6531763474611 0 -748.0645724889639 -7137.386941880613 -1005.56376298724 0 0 -111.3838366941386 -501.9032352220148 0 7.813742887257263 -2644.990534802799 1313.327664579022 -631.4511020192451 9.982987907844972 -889.8349766429637 775.2568292081896 0 -3167.658667362856 -591.0735240261757 0 2685.293162382187 767.3427714377785 -803.2257187310979 -1538.196179832807 0 0 880.2541254655569 1671.33407465363 0 632.7461427533083 1775.792233684552 0 0 0 3048.526048640769 1207.83841577314 -14.67207739648435 0 487.4847978043658 0 0 387.4566364307317 1627.613347884854 0 0 61.30074002764735 0 2228.343544385937 0 2322.118845344628 -93.35718164976544 3414.092990274397 0 0 0 0 0 518.1626316405533 0 0 -547.496035980007 0 5976.454867670782 0 0 0 2144.125280953827 0 0 0 0 0 0 0 0 739.1947439837666 0 2329.505760674511 0 0 0 0 0 0 0 0 0 0 0 0 432.5199197867862 0 0 0 0 0 0 0 0 0 0 0 0 0 0 -17.61459572390605, 12567.25215149912 8289.62851430023 -7188.169286852723 -5483.974478797218 -4077.851325970027 -8886.95998792524 -6219.022794727492 0 -1667.846725699045 -3831.69596507958 322.9084529966265 1192.189049802437 -1124.91010074128 -128.5026770742562 -1944.256019999562 0 -202.9919756743657 423.7769535305754 582.103840957614 -2127.177811470677 307.8864868334404 1813.772929395754 -775.5864094383228 0 1264.786622676017 2248.838167799098 1654.761373153135 -936.4307436566849 0 -1852.260943475037 1131.433824916603 0 431.5509242545193 -1899.831314117506 344.4272152505657 2300.254225030566 -892.3555494223483 -613.9248241091948 -7456.237265496317 0 -554.0816399779512 -1024.220894373755 3021.432032378994 -1195.664744604162 -880.6146297083847 420.2967493262533 667.921924138629 0 428.0792458547328 -2737.792200045126 5.136913283463628 -796.1399568709021 -1255.372489508575 -1980.250173286123 -5360.456371261695 0 -1021.922347103228 -638.7493162474616 2284.542038834618 -250.9749160989857 0 -3348.270218548023 -134.8792694384274 0 110.3233565111287 852.999992887502 1867.042917953685 -429.6626567315275 -899.5459267685762 3023.277817554934 -3554.490908971379 0 -269.5230401717359 270.3607653724986 -1811.661946910479 3329.439711253322 -642.1093706558368 -3103.758471680186 -509.445267144548 0 -135.8113547031722 340.3606763118919 -1155.667513784503 109.3501358679682 1861.907987775242 781.6780384194626 2495.826550640166 0 -1477.177079359947 -4332.215721960185 -105.2316349965201 0 0 687.8517537703306 2702.316345630427 0 -704.3556815942204 302.1931764533658 2318.102170567459 -553.8651169235122 -445.4311948990735 -1532.765034356271 -1931.333049580028 0 -1663.394150514986 704.02160240794 0 1624.524446307008 2034.177559420316 1894.128630338107 -2591.513635783515 0 0 -1110.476812150898 -669.5017662618504 0 -236.9572857573789 -1636.812075241194 0 0 0 1931.318196595187 844.5910077321569 808.5291012685814 0 -4934.465511329545 0 0 225.5331941902456 740.0706679886464 0 0 -1339.227854883834 0 -263.5661867595798 0 -456.4353629071141 -267.2778416500342 698.575922980438 0 0 0 0 0 683.8022594197281 0 0 -1098.22875795761 0 936.3223754700361 0 0 0 1472.847354747601 0 0 0 0 0 0 0 0 -263.487193829642 0 1396.098727286033 0 0 0 0 0 0 0 0 0 0 0 0 220.4562019773068 0 0 0 0 0 0 0 0 0 0 0 0 0 0 -0.9846895808393157, -617.0365560486117 -3037.961304942968 -4160.197743733273 -2188.447635429191 -1275.251194380596 -2749.119813498712 -1599.549850940745 0 -323.6266843952438 38.47661131124227 -1026.137938081702 -449.6558449515176 281.4628042617276 -1201.765425307699 -106.3035776295645 0 579.0884938824084 2338.753526594669 696.2126083705664 2928.220050542051 -2895.183662471914 -2347.859939703503 4239.597056910973 0 -468.6703639560906 1917.304596639673 3604.286841716953 180.4198670618672 0 -2447.698866588269 -4686.950618262485 0 2158.060133495866 414.9637000687464 -561.1995079383422 418.0922789819248 2222.656549089365 1175.193835097612 -3273.693333329858 0 -1830.825838297351 -2858.799493708819 3935.283204904989 -908.3256977980925 -1715.59255766661 2235.613008026492 -1263.808518079374 0 -198.7260270652336 -2155.516350787924 2036.038217106399 1201.497918635416 537.7769085793121 229.9666261207863 -2208.768907188783 0 -357.8973118854503 -1557.968762272615 283.9751973751422 683.542509140701 0 -3673.953844178771 592.0555783135765 0 395.9452693953893 3573.705652606531 -1572.16357161276 584.8444336677005 -2811.949496684076 -2340.329380206074 -1537.817938295145 0 -694.7211758317251 -220.6240075334553 -1879.21978898011 1928.637292038824 289.2405366627376 949.7274576954371 2290.488915633229 0 975.4400764231785 1972.356400950647 1488.285148327108 -693.3440405930103 2838.395990149841 -1944.948000610151 -1056.698789787479 0 -579.2389397192937 1067.531473547357 -357.5533033481616 0 0 3280.644206654908 3169.282139011479 0 -22.07389848680236 -81.40683023208499 357.3612314889695 -749.2505395740966 -192.7931664835677 548.3685142232838 -248.7782453982716 0 1012.65939238312 -626.3688422193054 0 475.2058518270933 582.1660254159484 2271.783038407857 509.5664623372182 0 0 -1129.532957066293 -1707.505995055812 0 -447.1555446007203 -1376.569771142915 0 0 0 555.4120494237995 750.6368295387463 744.3418271672246 0 -3065.393918584448 0 0 24.84078062256484 -320.4654112165515 0 0 -760.4271190224166 0 -92.75465010123264 0 -1270.341587288826 712.4655794757409 -993.1267015064052 0 0 0 0 0 91.24032005848645 0 0 -394.5536272550541 0 -2293.163441213661 0 0 0 -482.0220043618696 0 0 0 0 0 0 0 0 -861.9584218804185 0 2.365122654185114 0 0 0 0 0 0 0 0 0 0 0 0 236.2522006597655 0 0 0 0 0 0 0 0 0 0 0 0 0 0 160.0700044702764, 61.80097131368825 -278.8183781199733 577.5156324971448 464.1474681787507 -2016.262650503614 -2276.134741544969 53.72334997139887 0 353.4311959232911 1811.376133493957 -3743.456461520895 -2657.81276178739 2000.329744777993 -1287.564228979253 1190.510030343549 0 -5.108172254819181 2551.816394432554 -302.4286116289015 388.3682956810063 -2091.365984706461 35.85540381918474 344.3931116881306 0 -743.8350412321347 548.501968104797 4473.03134389816 1515.425541128597 0 -1873.695940285719 4.561917423072373 0 -484.611432775692 809.924042934281 -2377.283075401028 -1787.191360181729 921.1365796605413 434.1410169191741 -386.3756910325724 0 -969.2787224548733 -1799.021875896195 2801.10310156761 830.5142524649443 92.42734489351585 3257.110077648806 -2011.88146505167 0 -64.29577955569647 -2901.7166714654 1751.35931598244 189.5200266848478 2271.24043356116 -107.0124640967518 544.6864058222318 0 300.8778760546071 525.0444883815023 -559.5394172494077 2423.83685816254 0 85.36220246678079 1219.841931913454 0 147.1272205918833 -120.6327922159992 -4821.024115794981 1014.476032552384 -533.4976665135885 -2229.741732068503 1158.112658976661 0 -640.1916974384717 -3696.103373357574 -4997.94204852981 -3658.103238631953 347.0518061558692 159.3072499696021 -1409.478980222563 0 -492.2631558091197 2111.107226720737 -167.2915809157443 1526.505526784461 295.7864293331006 -2273.056969195487 -2918.737335608359 0 -490.2357056028604 -4078.724906805733 867.3576621391062 0 0 848.0380170445214 2619.980041874124 0 303.8576084111615 1588.619551823512 -824.8703365699175 324.3062350142658 607.873518141457 -1234.139290171383 -1107.4518848355 0 -230.0976209247268 495.6155162395421 0 740.7371893814427 1615.628069552756 -779.336895867038 450.9728374166442 0 0 36.20708195838711 -809.6460836636297 0 -1675.902765288804 -1596.27716733966 0 0 0 3840.780181655932 726.9467383825132 447.7076005083103 0 392.0229051307264 0 0 146.7332975409168 -1524.925376485197 0 0 -258.5423788812474 0 802.4965663703364 0 871.600256787236 1184.38675974484 310.4668141917364 0 0 0 0 0 293.8892703622825 0 0 -240.507501084705 0 -1724.621546757487 0 0 0 736.0905845012759 0 0 0 0 0 0 0 0 -902.1787642852921 0 467.5870323667205 0 0 0 0 0 0 0 0 0 0 0 0 -236.4275156573301 0 0 0 0 0 0 0 0 0 0 0 0 0 0 -100.8266812663861, -256.6928224699768 -401.5986223565051 835.2056163419552 732.316607895587 -837.9452664143452 -1003.711999643909 -1453.909538489051 0 806.6293044545805 759.851545669798 -777.2278737253016 -785.2489743522779 813.4480189763361 -138.9289368433386 3379.12384550265 0 -247.1801588956031 -1586.866389165055 -1473.0675834421 -778.3206593559523 371.5039336780609 2372.010143408374 -2125.015384180607 0 -1004.443899253553 1995.961920950227 1083.962454101432 360.677782956313 0 -2547.429902382994 -559.4485578497065 0 239.5463215571168 -1383.54026303111 1604.698882364694 -389.7109966902665 -577.2082847773465 2186.013885505241 -1346.340793166217 0 -37.35531668586924 -354.1076220371106 1994.658511650066 847.4569950483951 196.3708100180447 919.0604177776859 10.02504965138098 0 -899.8639965012346 -2263.677910038436 1978.7736533148 305.5209757796671 631.2688381430706 -759.5988895522355 2343.066517286926 0 -1625.770298737177 336.8488354014378 1127.108389577641 3307.694507352501 0 106.8476868222664 -3998.811359943536 0 -3.1657847191928 -3359.285381912968 -2822.192825229615 -1473.075831794763 3264.59508185789 2310.176841049977 83.05634603591363 0 51.08863221175739 -2705.269231807222 -2717.805680572291 -4807.834588192221 -670.1217336030496 -754.5900604595126 -1502.643169358321 0 -1441.576974841395 341.3364911901954 266.5107193224004 942.4006277381332 828.8269577353755 49.93873510686666 259.1640257101437 0 -2355.761849584048 -289.3297410916293 -1186.206860314628 0 0 272.7196766505658 -706.3944230946659 0 -861.7215967169836 1557.566252602497 134.5317163312229 5936.394607223056 359.5613331953057 -1554.400892702203 2777.295424691366 0 1293.379520957805 -604.7302298533821 0 595.5736414527936 2226.72964990548 -2419.336517082401 2199.227727980807 0 0 640.1716177269914 3613.378628323716 0 -2180.476353552145 2690.853352207722 0 0 0 4763.049527698011 1464.773584971899 -548.8602757388331 0 1271.929921894938 0 0 779.6445319304969 1298.322675120574 0 0 -503.1641867906588 0 2585.274615400458 0 1668.186456402386 445.2872255004893 45.80752282170977 0 0 0 0 0 397.3022498335106 0 0 824.8604975488659 0 -607.4091820771191 0 0 0 617.7020797906004 0 0 0 0 0 0 0 0 209.8733473543934 0 259.2531835720006 0 0 0 0 0 0 0 0 0 0 0 0 29.80602017685163 0 0 0 0 0 0 0 0 0 0 0 0 0 0 -204.6717772032272, 27.18400240564574 -365.1910348018624 -330.4473754669471 -468.5723010645022 345.8466121034163 1460.987121230254 1177.060618928595 0 -251.9783642788152 1261.705490708806 -1824.336046604412 363.2182427349899 757.3594935000654 -813.6998112797179 1489.278216045097 0 -74.61633329529492 -2805.673152227573 -877.7596343553295 -2517.574110367854 2033.486258099851 1884.187776684536 -1546.911445923567 0 -1190.753951889957 -110.4304437453386 -3579.031847248514 -871.5947211963287 0 2928.014822170586 10.38287657186379 0 567.9032237501534 -1867.81288168261 4675.686146926799 1210.142720863963 289.7502216940582 -1787.326736287321 -1698.716108786328 0 1152.464855154901 1387.098485166322 -1238.928248179644 -1823.189008011776 811.0350877157395 1639.256344138331 4202.905297638253 0 -865.0552474438292 1898.68979094123 -2618.785251873518 22.16748562652469 476.4495285549644 -1116.017756850647 3227.635040423963 0 -1568.65388182613 1464.674668164918 1773.401310648391 3548.677224031731 0 -1502.615003759976 795.720610403292 0 253.2792521750931 1672.284519164793 662.866332994175 815.6750350352247 2266.999988220966 -958.9259399219827 -2323.487871371421 0 650.3617251178463 912.5435545914736 -3236.434551145776 -1923.65261397203 1311.532204749851 860.959090123793 -198.0277757278353 0 -961.0132473620222 -2475.215679620345 1900.902761742181 -2292.192634297748 -2494.812717576579 1495.968105613922 999.9234669082812 0 -1619.566106901697 2734.583661787065 -3698.068414042684 0 0 -371.6485447812623 -1449.102356086492 0 390.7623951610956 776.8478588516912 1375.744951361225 -2143.897681112298 -557.8806827303986 -3135.1910384822 612.1613542383187 0 1841.979474526765 -2172.865091068622 0 476.6510782082926 971.6406363352406 654.4517811599915 -1712.808133418815 0 0 -12.09167639181884 -885.6862426052473 0 -152.3646598001514 1219.729973736033 0 0 0 1171.102469566586 1454.33177051896 -110.9307268056816 0 391.3608184076313 0 0 546.2130322040587 1002.559492509322 0 0 -696.3369966828066 0 1295.684620489528 0 593.722893829192 199.6950007724332 247.9967237462001 0 0 0 0 0 68.34529895138284 0 0 721.1466196635579 0 -361.5596192006919 0 0 0 628.1541961899843 0 0 0 0 0 0 0 0 115.3855717945689 0 -94.45506081551454 0 0 0 0 0 0 0 0 0 0 0 0 -394.8807819446653 0 0 0 0 0 0 0 0 0 0 0 0 0 0 -314.4228318825548, 215.3758909428163 9.933584176195865 464.9256173221704 315.7025883047899 -160.1409478174399 1531.860777178211 1935.597005116775 0 1038.906410208138 1091.630879252871 -2518.619869634996 -295.2131098891206 130.3147592025696 -838.131274655585 1209.1973555784 0 661.756941379243 -2832.308450742047 -446.793069472482 -1829.811028343261 -1171.768418925039 797.3870401642623 -2250.161009559386 0 -2203.573698593393 1267.911345932628 -3068.508762357294 -1773.847642548028 0 -3930.808089389071 -566.5729694747577 0 -1426.973014638406 -4592.677233318389 611.9011081015017 1004.604490737126 729.0941996549931 -1538.483061473295 -3264.577230605322 0 754.9408185727514 2134.70765128287 -2365.200947071162 -1949.524390560968 -96.51979576212682 -1973.582421077619 648.2151300047 0 535.4905424565818 -2114.586483801276 -222.6831771446555 -1639.188902952632 -1124.033228665957 -1925.02829968317 -2976.079031490133 0 354.973588449458 2700.949930164469 -590.4000925263708 -307.3022370671833 0 -840.4196744737451 -5078.572306641961 0 256.2552023690944 417.322637274835 398.1368390795658 -1058.148742108537 3354.932902477709 -1175.525705103236 -837.4824686736692 0 -331.7934311529987 -2876.823316478321 1338.860705901023 2196.644114749033 1076.094166580843 674.7905284619048 -1769.411911392258 0 -433.6317607926458 -313.0524590915747 -422.1070321451536 -2740.186204979489 -3816.675221666214 953.7060479826863 -1450.272010396194 0 -1236.856300147027 715.0201594903574 -472.9222589245692 0 0 -1532.302525490485 897.0129015549605 0 2433.900605361633 -1750.071973273888 1307.195789767491 -3409.876535745719 -1006.485367944644 -3520.048510169491 -584.6695173323743 0 -638.2091498807799 1256.006540003724 0 2265.432282876807 -727.1734555132238 2165.749618488946 -2745.393257382268 0 0 315.2512735419177 -1774.03177987742 0 333.375542332656 -798.332319463005 0 0 0 -3580.83747699622 2708.52805020998 -602.1364707099747 0 -1014.10180134849 0 0 357.4669910232886 653.3139998922974 0 0 -1121.293718733845 0 -3798.514793830866 0 -1871.72568174341 67.18277570380286 624.4372212179434 0 0 0 0 0 -114.9110826914743 0 0 -584.6686036502687 0 -3554.998629449431 0 0 0 894.9132634473955 0 0 0 0 0 0 0 0 -1933.968517091654 0 -285.9318987244545 0 0 0 0 0 0 0 0 0 0 0 0 -857.6316181204616 0 0 0 0 0 0 0 0 0 0 0 0 0 0 222.5269304719425, 348.0847924134705 1134.48760146524 1543.581357946203 546.2097140081491 284.5157537819157 1106.458554313226 1679.167195404772 0 540.7923207746016 1287.050195459155 -1749.41704948979 -1044.190550003279 1657.83642175526 1022.780941397239 944.0158896249127 0 -510.8662007078449 -485.1485027187092 -1822.094642817486 -59.26015332446491 -834.9098141687153 -531.4856803597906 753.5509870163531 0 828.062336558025 2754.901238378731 -633.5295995015699 -1713.842979574961 0 -694.0439775575551 1247.613384191881 0 -169.6460777636804 -1114.902441112624 4001.171119490941 3544.999479208973 769.4927724690677 277.1837718002982 200.4156053590832 0 1317.226985264972 6022.97907381802 766.7292758362764 -1614.039792182807 -768.1044795986446 2317.682045956029 1609.34034402197 0 619.380058765116 -3668.881371334162 953.2443366759528 215.7855788935483 -495.8414974544098 1565.320963501359 -6773.515285989849 0 -19.39304057342042 356.4989926808825 1228.971318847771 -419.7093604919143 0 -1919.311059662496 -2415.458474412809 0 -587.0569401733961 -84.71539234921408 1340.620332937356 -64.73039893419093 1315.898818582854 178.118943369454 -1610.174402596126 0 206.8687118475994 505.4582129624137 2409.066462456599 -850.4242050699584 -323.3403967279841 407.2399721088428 -1228.173181524507 0 431.1871340036971 1794.930931167343 -734.5488285428983 -185.7485387305934 -1165.850512248413 1383.93369529246 5383.108903276116 0 -699.4355968651681 733.0138576768641 3377.414216825358 0 0 -325.3227172653834 853.8181069426892 0 1843.360466419375 855.3020672389374 1631.771857320391 2331.265312675189 1251.516770173374 895.7088431267935 130.3702411841512 0 58.30460191595023 2484.067137441368 0 440.1322235415229 -723.1821389591738 434.9099965970368 125.8785384501157 0 0 1771.897935460215 140.5524776588304 0 673.2369917942603 482.3766357913255 0 0 0 489.3657101989214 719.5943735004353 -1169.792661818713 0 -1072.492576128538 0 0 427.0697955776888 -429.56286241441 0 0 -177.4206685815988 0 1853.608207556612 0 -493.7225272695659 5.347158556350678 461.3897613604113 0 0 0 0 0 -149.1583846696579 0 0 2078.841605587628 0 596.0390845303232 0 0 0 1101.00416667353 0 0 0 0 0 0 0 0 982.5151171376727 0 198.982485812446 0 0 0 0 0 0 0 0 0 0 0 0 161.272973061036 0 0 0 0 0 0 0 0 0 0 0 0 0 0 254.0718007066602


GFLOW: 0.216 0.2507045537230978 0.2514055679836104 0.4215763249938094 0.4221430740009836 2.898325820612628 2.898207516741316 2.74011643961124 2.739668124508091 0.06931161752925578 0.09878699128338277 0.08284583792595684 0.1238599283478163
q-corrs 25855.92334231213 46300.99528603856 22847.11976654395 1129.61684838362 -2490.01040310559 -9254.197745475965 -7937.216892955486 0 -1974.948982615873 -5338.063146953315 -549.3592455070282 -456.5590605416432 -1186.515346972443 78.69678005908025 -3263.484754935162 0 -574.5814392656683 -2708.522992640585 -1237.234004962219 -1825.654560140913 -34.37637889868608 28.61652657843842 -904.9119834188933 0 -256.5717853218232 -702.2072706999516 -225.2923867561519 -737.0233242640816 0 376.1666441301268 1023.20213542932 0 -570.4070419749203 -667.1108111342735 654.991726039618 2413.780534255342 -19.1310058285809 1.886415125468432 -1373.898251560288 0 196.8065202471385 -1227.241076258875 996.2983816112639 -544.8494132249696 -735.2908980821319 680.6535650505606 1455.258814597546 0 -484.6517124156525 -503.7663690718834 -1686.646372678663 313.2634023551319 -463.2804389903905 299.611824196208 -289.3656565491741 0 -354.893607043681 -1155.419497700879 1555.18957878559 224.8919544784418 0 -1227.379716807575 601.714181618325 0 -165.334260423203 -151.9226582226293 79.2862105713881 481.2260102465758 542.2911444990352 2238.259188093599 -1935.893808793442 0 -190.7148400031647 -86.07297759226077 -560.0346163392613 -172.539931518135 675.8361058702648 -2489.06209830668 -1302.952899054218 0 -566.1737076441932 238.354548720357 -528.2223557302693 -1024.452231859551 426.782483604172 1016.462571945452 397.1709677520124 0 -843.593768885095 -2570.804677096706 -1538.124318691939 0 0 -423.8322824550862 457.3390821287932 0 -32.99184500288763 -479.0791233028406 518.7085649744108 -35.61979463951299 -167.6089847860479 -940.3261097274499 -9.999893261670678 0 -1563.08775909276 -595.122239475418 0 1087.10731699539 750.3001167371647 -336.814556153322 -422.9322884232517 0 0 349.3054406194134 901.8395722449591 0 -0.5754066627142436 -34.81919438645156 0 0 0 1973.313678719891 289.9265450195594 859.8383611509628 0 336.1622134534646 0 0 107.1362007444283 941.3224143731835 0 0 -228.9897334759301 0 1855.768625847762 0 1107.60471271533 -329.8966615028179 2551.354228641724 0 0 0 0 0 268.0632846521492 0 0 -135.8117177177177 0 2894.255513971089 0 0 0 1262.813018605583 0 0 0 0 0 0 0 0 -118.7039837776472 0 1035.617325768088 0 0 0 0 0 0 0 0 0 0 0 0 -274.219635145908 0 0 0 0 0 0 0 0 0 0 0 0 0 0 -141.1159910484698, 7930.370144239356 12003.50728398748 2513.169876354239 -2017.249226239223 -2449.145900992244 -7063.414611285496 -5374.877760707457 0 -1380.996856792683 -3670.12063320878 -1005.958419508857 -448.5981619754709 -844.5047959813983 -155.5507202976855 -1639.815674353614 0 -198.7055775274093 -664.4929987554735 262.6094435366266 -754.887004225086 191.7898730901974 882.9346698152642 -469.7699043624481 0 341.2215473922257 752.8235289546816 515.3307677756026 -442.4645777374516 0 -748.0557351227856 477.044236136711 0 236.3437181619092 -910.9937596143629 159.9284443183303 863.9791065536674 -589.4220159485174 -364.9873163908128 -3520.916946818686 0 -66.7618834024386 -1483.589263677018 674.9875063505391 -956.725018214357 -1104.648199843563 0.6434530261767577 -10.23243375997072 0 -13.96552530133431 -1870.157462728049 -1015.083056829213 -452.075706615742 -346.6737161392265 -302.9294998956431 -2187.684135780064 0 -172.6910516823132 -805.0711438711988 1168.857035409033 -13.44101333886584 0 -2102.787835210976 -266.4455828335985 0 0.5359056266255777 871.5625357059503 879.8897447774362 -330.5438542527526 -537.837886953118 2024.929631646175 -1470.21913570632 0 -138.5836115189837 282.1856758837089 -792.478370268621 680.3411749221302 159.7526108951122 -2148.426424649141 42.17753573139663 0 82.260457933786 292.8966634143438 -587.8272363323929 323.7438828034067 834.5222150638344 337.6462563378493 86.63672585314993 0 -702.4832531061884 -1890.251165222065 -415.9684933092577 0 0 369.1371827023085 1777.860627341305 0 -351.2652917311157 -116.1489480657547 1057.312004047994 -809.0839842447925 -341.9618120460006 -459.6841600900546 -745.9806151881581 0 -894.2792298159103 96.14290136287218 0 1032.246186794105 857.9111373736279 992.984584451532 -1049.718963897788 0 0 -381.3167480995624 -145.8647151930775 0 2.76800670747275 -728.1753148688636 0 0 0 1102.696336287566 510.4876382997318 491.6706330800739 0 -1860.31714564506 0 0 90.14704262546947 833.5651781222305 0 0 -510.3010850464489 0 499.6161493986295 0 -249.7758876655452 -216.591157400367 953.5081973972838 0 0 0 0 0 325.0490248239328 0 0 -340.8786601050311 0 725.5520946362437 0 0 0 836.9525960328015 0 0 0 0 0 0 0 0 -264.3497630831433 0 703.8381160100482 0 0 0 0 0 0 0 0 0 0 0 0 10.75188449166876 0 0 0 0 0 0 0 0 0 0 0 0 0 0 -26.59752493629875, -143.9231427746125 -1643.965382210546 -2934.507069441758 -1596.005128922382 -1158.950560269871 -2674.850181144021 -1659.331727248805 0 -259.9125145818523 -422.9164164588425 -876.8201123218004 -412.6229799800913 315.1138663499231 -294.8254901459703 270.0311877779919 0 282.0023779556506 1594.461905142799 604.5256683282154 1317.366757584518 -1134.164838731717 -990.1967346794356 1857.429939603114 0 -306.6432398171647 1279.223451327389 1902.4640414705 256.8160579567312 0 -1078.940198666149 -2243.156778827014 0 987.6870727014006 146.0124736963994 -84.46368878020056 -706.9052223833913 1191.512087913415 381.3076450582322 -1916.851212971785 0 -1044.268468399961 -1628.663074483434 1651.896490998535 -179.1014788922503 -1311.633658173659 1171.772641163162 -1618.542102610514 0 69.64376526142053 -1303.989659091405 2069.467980834786 796.9777771437734 99.56025248434057 -464.6158212103746 -960.8625942081785 0 84.11381149417508 -362.5702963304807 115.4707373605491 724.8974108671965 0 -1649.912256805939 202.959260857906 0 221.5993468982666 2269.347932235367 514.8261193736515 104.3583134229498 -1435.084891625519 6.823328573204719 33.38992121543504 0 -431.845900408216 -456.8769251621532 -892.2449550827363 425.5112990184774 314.7337651636715 -77.04466003864718 1342.299210926762 0 600.8311987132709 1409.095052368178 394.9163351538392 396.8261936415368 1613.774975941006 -916.7090937466611 -1523.096621010494 0 -50.36277476851873 192.467445452741 538.4973220697914 0 0 1699.659739280073 1831.213206174782 0 -206.3209185441006 -230.9664014817821 729.8397649805921 -933.9895969848874 -300.5563464422822 844.7694008870816 -419.6701996578412 0 222.5257797004045 -106.0758990178779 0 475.059599829669 406.4839510228413 1268.055422829739 -63.29189836342027 0 0 -547.6700865280891 -963.3204128634522 0 140.6971891057896 -700.5184104226541 0 0 0 425.3108104563112 410.4597194720241 -82.21239632986362 0 -1595.582704640443 0 0 -50.87957235896827 -151.7260905396278 0 0 -432.9853503758569 0 -326.0047101573383 0 -743.8129331886795 104.0435120295644 -919.431865914917 0 0 0 0 0 3.017489500277492 0 0 -143.786280418816 0 -1207.969501647372 0 0 0 -225.3914055653807 0 0 0 0 0 0 0 0 11.94567790987055 0 45.18199991861289 0 0 0 0 0 0 0 0 0 0 0 0 511.8572791446611 0 0 0 0 0 0 0 0 0 0 0 0 0 0 140.356607845266, -3.478582565138254 -198.9274332176626 -1.959760011261011 37.00732945218274 -816.5992905192452 -1217.888988181875 -513.1341454680703 0 72.01576132655126 286.4330072099261 -1735.895774332151 -1253.013236300628 841.9858649736711 -560.6102927026898 521.8968975140598 0 246.5133918974116 1860.608674367348 185.6551210242059 543.0459376363061 -565.5856645926025 -12.17881050565683 466.2628383403104 0 -410.3086861245146 874.2347714479015 2846.148985987386 993.3367889737267 0 -849.2845898104651 -361.890364766964 0 168.3195118853672 494.815957457501 -632.1896995024824 -825.0361236523554 617.8656413469712 262.4745768381931 -144.6122653497999 0 -593.4651524435831 -826.1107592543198 1218.504297461444 781.6888942886774 -190.249342445013 1686.03949658895 -1439.218454676864 0 -24.87591901780891 -1156.328739063004 1911.670572196902 533.641542192029 273.1708010708375 -528.23299630213 951.9404277445756 0 -42.3401030890571 617.8003614096142 -467.8669606400877 1161.707666518326 0 -328.0171930547504 313.5544233078999 0 128.63678308568 -30.39180445183314 -1539.843950367446 154.3557297837744 -229.3068884229552 -139.7047468168366 794.9863713359146 0 -331.7876823347314 -1996.97177331374 -2052.603256005459 -1756.053672474824 134.4017078466388 744.8122704687478 -176.3708583632912 0 -265.4839023952035 1263.178258166876 38.17534115668853 424.1122882870435 826.3743539760715 -1372.802749263276 -1614.377638924849 0 -136.7105526444283 -955.521778741967 530.7422609802601 0 0 709.4220427982565 918.2070839735702 0 34.53142632742696 878.2214421420842 -265.5183536733009 74.82197165432407 4.539557192201116 -1027.236416320155 -379.0367311273984 0 -8.558405818592348 30.94000723929196 0 -54.04449232560873 909.4106796211599 -126.3651122251028 634.6511318032098 0 0 -200.1371482932317 -1050.948575948487 0 -923.2873106905718 -760.9067757623873 0 0 0 1867.310231058189 -158.1442677931261 -36.63568847117421 0 -291.2618539115855 0 0 -34.43338286356649 -969.1770213551511 0 0 -328.8185369185784 0 606.4700870869033 0 96.94033001725336 212.366697670493 -304.1439767800882 0 0 0 0 0 55.23621410183171 0 0 -31.24748828156885 0 -737.7499381802072 0 0 0 172.0830852635389 0 0 0 0 0 0 0 0 -363.6765827114095 0 62.88350797917345 0 0 0 0 0 0 0 0 0 0 0 0 -85.07555872202207 0 0 0 0 0 0 0 0 0 0 0 0 0 0 -46.17213528469331, -79.33611288475004 -201.3720579956249 184.5410881126566 111.2623868410332 -458.127039352775 -650.2842046743845 -861.5225047889915 0 178.374246061597 -106.8623785722294 -938.3895861541803 -688.8989719864734 292.018020536075 -85.27779094375506 1010.554547940894 0 -2.065602957704492 -349.2845112205565 -234.9418777442015 -243.2996595899574 441.6715833969669 1252.494515745134 -1160.765032631447 0 -425.2013011549795 1279.309700479997 973.1660682620309 -111.8088958743081 0 -1399.774150659838 -408.6853092379342 0 303.0091543078604 -742.6252397623806 854.5119760749404 364.0301501847034 -419.749868694768 753.744329604817 -34.33225896523635 0 108.4490497175192 -119.9313319537671 686.2121687676222 587.9934375476458 180.2281671450667 638.5346811177465 332.4804762605752 0 -434.1968681114198 -119.6320953304529 434.5083130059459 314.8894604169315 57.80793141356787 -39.29363634470019 1507.637597401674 0 -586.1301127252449 75.53571172337294 214.9197659892994 739.5063852158089 0 -567.5715722220791 -1780.74602711604 0 33.96369855754367 -1862.402539027102 -1951.90114191168 -291.7372171344899 1053.737130299472 1100.226940114285 -216.6307243542645 0 -339.0959945536053 -1807.116647653854 -1568.54899712966 -2623.644073080739 -359.1715951809516 -566.188128640709 -514.8037474809914 0 -817.0714298345256 -195.2382002377902 39.79269088297357 328.5889384762285 419.8825878097136 -651.7893801021075 -291.5714498465323 0 -1239.628911850034 103.0744964692037 -745.740566637761 0 0 479.3130748560177 -469.2564553371557 0 106.8895587799942 910.5860891953096 596.566931880929 2128.586058012286 -253.2593679561932 -2003.795700190187 1293.005793677705 0 913.5556088450754 16.19306532340352 0 123.2900510953586 1089.693629327351 -635.119817394517 756.7684487353038 0 0 316.2115133903276 1532.625976330589 0 -1187.298320498798 1161.502190473476 0 0 0 2217.689668402309 268.35859634105 165.0319913028088 0 278.9261503983454 0 0 254.4518605510808 574.5659311554314 0 0 -168.1401862884468 0 1438.00554675 0 580.9852790705298 154.9617251841077 497.1629272596451 0 0 0 0 0 354.650235383755 0 0 417.1507931291369 0 186.2537939340032 0 0 0 477.316707704269 0 0 0 0 0 0 0 0 -57.45619372945744 0 88.76230422591098 0 0 0 0 0 0 0 0 0 0 0 0 -257.604911018666 0 0 0 0 0 0 0 0 0 0 0 0 0 0 -145.0748255645108, -14.58119671311897 -196.7409013238863 -157.8965364937176 19.53075609227179 61.36242108123437 361.9194448364797 825.3614339942948 0 2.605071049750109 903.3846878053225 -865.3365304516993 340.2674592201381 371.132772457767 -328.4165308601719 1071.567151343456 0 -30.91801863173939 -982.124740547654 -55.78111214695707 -885.6471728980631 597.9163233754366 928.5689395593914 -971.9763194847745 0 -649.3005284707745 105.8148762530969 -1805.556030503561 -768.5115720349829 0 122.37141719822 -492.4833827509962 0 190.3880021387113 -1100.692896704863 2549.835513532083 1278.025948916021 22.47273558496425 -1144.226505279493 -961.7816318371042 0 496.7118294813732 1534.774193434893 211.357238358631 -313.8080479031117 480.6376668679876 1654.342612937168 2610.857576235914 0 -253.3756823949596 1205.403468843433 -886.6356341721259 -120.8303386372534 480.8011673252595 658.5049210295854 1871.275534434368 0 -301.7660270507116 603.5593662545602 1061.756507925133 1410.336810251456 0 -977.1126281212416 -711.2325132768708 0 118.4775848108463 115.841764312699 -216.7366089490845 127.618011777927 1042.918627583627 -79.76178116380163 -785.087944474586 0 78.89055493095518 139.160236762739 -1311.256724698416 -812.7665159777828 472.8059973811183 -891.2893963831252 -257.1400406355716 0 -467.9625006530422 -1037.754273447501 327.9708242709824 -621.8645755793884 -1171.900362217172 366.2054858946228 473.321370328552 0 -938.3818073223429 943.7391498952632 -1620.714188570713 0 0 123.3883679491589 -187.078553590903 0 374.9626499359731 439.5491107191794 875.7872269866198 -685.5291944812113 -444.360130893756 -1658.597842221248 458.4265336348979 0 924.1584869748526 -524.2940897368215 0 638.9145197271721 491.6620030220283 499.0438771990989 -906.0366091556153 0 0 224.1711923415577 273.0355542800202 0 -107.3639138082314 507.0229944108738 0 0 0 471.8826290479806 802.9323505528868 98.35802867544105 0 -177.4348381058915 0 0 293.0757870409792 1072.923741385949 0 0 -288.9803431113963 0 467.6225058707371 0 42.13991752975289 105.4353248798084 371.1526026928564 0 0 0 0 0 325.6181070015627 0 0 381.3788647523484 0 -186.9355956734763 0 0 0 316.7869932398947 0 0 0 0 0 0 0 0 45.70276294943474 0 -39.11680026539513 0 0 0 0 0 0 0 0 0 0 0 0 -214.0157868997684 0 0 0 0 0 0 0 0 0 0 0 0 0 0 -107.7571156673614, 42.24230976380369 -99.35880438001863 -4.054452088888524 208.9834642571853 -30.52096096969296 694.2332076341803 1380.837330652764 0 683.0775930616697 1159.641699588628 -1428.100402770964 -236.1084166918895 247.6140119307509 -347.7578099796501 416.6119672133756 0 159.1209744414045 -1423.157235657053 -432.5297738618844 -1156.385300774603 -827.9073090746609 -300.1313648146884 -1080.032155008414 0 -1051.804187619738 -353.8090295942666 -2587.992389701023 -916.5054767959938 0 -2012.334257049722 -633.2115831945358 0 -714.0591657393804 -2055.461280453937 1121.150606398566 984.6537047793935 45.04885928136667 -1366.860351849407 -2342.062061295567 0 242.2898977104092 1353.296142389433 -459.6930330455189 -1037.765537324036 -181.4431822202976 369.2083468844876 1196.238881689536 0 306.9596514331213 -1093.843850194487 -419.2293359376656 -944.1123613097009 37.51923412435794 9.049115645233599 -654.460974492803 0 -448.4022796634343 1351.550707591005 277.8184898407219 449.5058369217285 0 -1197.9684963854 -3089.849399673151 0 172.8438734318576 23.56487560809683 607.5921436274677 -569.1094555365797 1543.126550017295 -811.6585699621278 -165.7470295321093 0 -247.523166910807 -1082.880796474393 50.20635317298547 502.8917715642885 272.6729516425173 312.011490458989 -1329.588832314213 0 -193.4748286153529 -204.1361482213966 -257.2554948337917 -1065.566922759729 -1941.199642392566 342.3080624411731 -170.9310285754282 0 -274.708375594743 -88.5113108744481 -196.1386905916297 0 0 -958.4199871908824 469.3268425244403 0 998.8151015024889 -165.3821349063663 333.7698476505175 -1553.420855070329 -198.2765403365387 -881.7482152675562 -520.1531211084404 0 -406.4167382189631 542.2258716933082 0 1043.821975835105 -307.5779143113801 715.0036748184291 -1501.201466848187 0 0 329.5245450694309 -368.8595071857957 0 445.3084640759261 -441.4197734667921 0 0 0 -1886.158726921015 1047.275210665143 -84.52078803083657 0 -885.0429931617662 0 0 299.6505744267976 901.4064046891519 0 0 -330.2873834861883 0 -1714.454724526928 0 -1132.646529843559 -10.9325956843533 396.728373563973 0 0 0 0 0 101.6610334277201 0 0 -360.485858408129 0 -1587.319557222316 0 0 0 346.2683508187159 0 0 0 0 0 0 0 0 -859.0737739264603 0 -158.687789040959 0 0 0 0 0 0 0 0 0 0 0 0 -411.7349896405954 0 0 0 0 0 0 0 0 0 0 0 0 0 0 13.13906303120655, 128.8463329909337 348.7887165019565 673.6619970235404 507.9144202989075 -110.011044481788 486.4656383971287 1188.114867891915 0 643.0961231913867 1111.088518736778 -1704.139404410959 -973.3435491885067 899.8366309578867 372.6104584115602 992.9639688524308 0 -368.1186268648468 -566.817996563613 -1107.989709162576 -38.46712011329976 -466.857450565896 17.60865663741782 337.6508111717491 0 6.063586934330772 273.0899181308313 -971.8930992361675 -729.5016969948247 0 -367.0913829251974 1045.048480163897 0 -284.2150805439621 -525.0245399424988 1466.846730784795 2030.540599068613 262.8900500638861 -267.9451444024563 -736.5292139818732 0 814.4213710991132 2724.399048557024 330.4844786184181 -930.686628795322 -429.4604871994298 1425.883008412922 1361.299615795935 0 649.5059888484863 -1914.006896588963 -223.9942512682522 -801.3228373919187 168.9362417054442 885.0496213317183 -3231.228867681576 0 -144.1013329866091 -23.56209961609943 663.8395189087805 -134.8407201267047 0 -1432.030141214233 -2196.240182935191 0 -154.7236115421701 -70.34109679663834 1329.65314833477 -293.1645738682866 425.8380991266504 -632.8013216688478 -897.5603220270445 0 -372.8034878544662 -328.0330003320298 750.7405422960142 -268.8594484556268 -401.7543129563022 -130.4994611717887 -1069.574882954036 0 237.520282560123 650.0147466094702 -292.5672600657218 113.6196917822496 -750.047147152417 773.4707044810932 1208.731353096064 0 -428.9240189082479 -350.9258689508296 1438.914992504747 0 0 -527.3218064611851 499.1460174016786 0 794.8575430800196 305.8268732428498 1098.456393455502 1006.448790860886 426.3671925862051 36.99448805784914 24.18203284129376 0 -12.03132170299705 1223.455502944253 0 541.8377411624739 -289.5767591309989 654.4235552208092 -411.6112103956575 0 0 1057.954219824343 293.1027921340819 0 616.0514586925244 196.8791372071363 0 0 0 -269.9009285722277 753.3017267080377 -459.1528765203507 0 -443.3505803602711 0 0 306.3990580434453 83.53457371136773 0 0 -138.546123557766 0 601.3334111834655 0 -264.938947862896 57.63431796479611 353.9797635281449 0 0 0 0 0 -72.04826650237169 0 0 819.3425231186302 0 566.0144085499654 0 0 0 476.7616543030094 0 0 0 0 0 0 0 0 619.6964744375246 0 236.1044819521405 0 0 0 0 0 0 0 0 0 0 0 0 133.7371015233254 0 0 0 0 0 0 0 0 0 0 0 0 0 0 52.07250767654106


GFLOW: 0.288 0.1720483623998279 0.1728479377884278 0.271779781768835 0.2725563832418064 2.94228115658834 2.942163039798027 2.83776197411242 2.837254200390637 0.0342531325010856 0.06160322013151339 0.02458136301820663 0.05825568627947176
q-corrs 12205.4093951033 28244.38323429978 19902.84494194105 3585.072519093702 -273.9768746037365 -3851.882050407088 -4552.130305726855 0 -1600.806569163724 -4152.469449398116 -1383.465694588876 -1270.295112871689 -1012.086916974665 -713.4467948327083 -2947.49376547854 0 -282.7130972630572 -2203.484560322905 -662.1814951878121 -1067.274318641108 20.57418866757612 -105.6712362157173 -1020.449618547103 0 -264.58526852031 -198.4678232677646 -235.6017084451053 -448.6246601798318 0 -13.268034613834 800.0599712586403 0 -187.8239260507607 -234.2493275141031 341.3322628734787 1257.862639921852 -238.320043100306 -178.7083755845576 -919.9245513283915 0 248.0590510185105 -755.7473983960942 286.6339142409518 -525.9139657486051 -514.5207851355926 287.3215083275167 590.3399691986597 0 -308.2758071476585 -668.2611239593542 -1704.955364946586 -213.9527224351578 -82.14627638451333 255.1948487229587 -267.036492235786 0 -86.24943791797097 -1093.00519945985 749.2927376947163 -148.1523966569268 0 -1036.906409276593 49.92768703395896 0 -137.2119080559178 125.9131728485776 -571.4195023291701 105.5086306358137 -125.0479875590426 1223.009369157532 -1229.299194911637 0 2.184384199769283 268.0495874320475 -182.7377805661358 -399.691791678998 488.0901569967941 -1966.328641193086 -348.9721718399154 0 -233.2936304723238 -195.4819132032943 -215.6798151684159 -402.0180135691913 78.53832450366532 333.3730938472502 -67.55448664481892 0 -551.2936760092455 -1008.265965366304 -1272.547712671261 0 0 -350.5335678413744 384.9909129092883 0 -90.17496997558878 101.4583830901652 86.29435942930604 -144.1155437205633 -167.882320306823 -561.8950139850162 -194.1496116210929 0 -836.152091314957 -387.9901133169363 0 430.4397089220846 522.3659480833794 -158.2895371091039 479.6002402632308 0 0 -8.381678838520315 288.9858403415288 0 -20.47866599377119 -480.8479851783579 0 0 0 1435.15198371722 -47.15293264388069 963.4933364925869 0 399.7126154719001 0 0 -14.05341917709774 538.8982070900975 0 0 -260.0000080407904 0 1390.097807657718 0 689.1875468359931 -240.1005456157132 1699.809579816247 0 0 0 0 0 163.7805129750946 0 0 -3.807444216903306 0 1645.855065220036 0 0 0 717.9335441413446 0 0 0 0 0 0 0 0 -204.1783030540048 0 533.5986301376056 0 0 0 0 0 0 0 0 0 0 0 0 -327.4959223495517 0 0 0 0 0 0 0 0 0 0 0 0 0 0 -132.3785821082307, 4822.611067377159 10284.6550196498 5794.953660976178 175.0986881628126 -1003.284659542265 -4082.448107263144 -3699.011611192288 0 -1161.628644519347 -2899.319703418862 -1245.718330095575 -910.1481476426202 -624.6886224883626 -438.5678308911896 -1565.071415276471 0 -149.2044993928344 -1006.508688925487 -60.14530059322954 -378.7582436137147 47.09254323573379 213.5950529993343 -401.2174482122131 0 11.71058132180406 289.2303324795303 78.97501653582628 -329.7759518726236 0 -340.9269777880476 108.8769052709526 0 117.7592588995411 -410.6325556979183 76.14663049645048 299.8079543753945 -294.4631208222372 -246.375037800828 -1722.944306419403 0 -13.19311882976734 -1116.630496828563 122.3674740192104 -563.8341506833176 -835.9282612958411 -41.02061259733119 -216.7532727577504 0 -78.76416257205439 -1159.772232411102 -811.5451546605378 -245.8891941592929 -99.46662905181097 104.0368813753667 -872.5401462146664 0 69.40189366382116 -790.8771360432955 553.7732629351552 7.219872936394268 0 -1117.573349530392 -185.0253712183873 0 -44.41729737908798 755.1408941603704 212.3878303740793 -203.5041564364878 -444.4408624705877 1224.320496126574 -660.1316746465354 0 -65.8879158940086 222.2150083121322 -245.665857450171 -41.0907618263587 304.0820813111967 -1654.015516164703 271.747634905031 0 93.20337759185134 126.3496094959371 -262.1058221012563 292.8658207699873 393.538705133827 20.44355958032241 -651.7252147844692 0 -403.0658190168292 -725.9964732193816 -643.7367171135887 0 0 153.752479853162 1064.175151183505 0 -213.3380352623374 -109.2365611511788 394.8083017183966 -799.2750182603088 -269.261910678877 -217.3279022491556 -354.9054501964166 0 -487.1505377434084 -124.0060003924973 0 601.3977941940873 390.0879208335728 522.0530581223484 -288.7246699648815 0 0 -271.8439273044264 -210.4417655714293 0 131.3937398293118 -533.6469983888716 0 0 0 658.2335500118121 271.0782416999807 477.2918987559075 0 -666.3053230002718 0 0 -11.69788720785296 584.8537462658716 0 0 -285.0576525403662 0 521.999279826581 0 -61.5638631050909 -126.8100100051386 775.4980397008171 0 0 0 0 0 196.3105590572422 0 0 -78.89152797749193 0 562.5417199858779 0 0 0 468.9966323365976 0 0 0 0 0 0 0 0 -110.0900041878386 0 376.689617605122 0 0 0 0 0 0 0 0 0 0 0 0 -38.69525319566807 0 0 0 0 0 0 0 0 0 0 0 0 0 0 -36.65963329562383, 113.7413815006894 -515.5174291845486 -1600.897968628338 -1043.496176994157 -813.4406053387797 -2206.874700802056 -1543.231156808467 0 -325.0332670942209 -632.5907784145229 -636.576965363683 -371.7478551886651 134.6730634575868 -96.1448608770105 96.24589233749865 0 157.5685745361103 842.5898611877365 372.4702337516782 610.7961145257 -365.5375151879184 -345.9607408104608 872.4333627291908 0 -98.7373544861366 694.6468354805952 986.2217389551383 193.9464099178916 0 -301.9629331705218 -1157.464519754868 0 455.7909032772348 34.86874015082017 42.14399051039888 -717.4146456117237 690.6769195161964 163.3695403697192 -1010.66483217652 0 -562.6305436858986 -824.0128164105377 569.1094900654458 31.02465081817263 -818.7565918996939 557.1927265639765 -1178.712244597965 0 102.2744829342499 -859.5605629750967 1541.621267298492 447.2841007962977 -97.05416734893414 -304.5082593098869 -245.0145184628929 0 172.1551103653041 -147.1716797440344 21.90003734912668 602.3310043147828 0 -674.0407350940612 -52.74320462412109 0 112.0747861914802 1407.729155450017 553.8591487945639 -82.7381800934395 -641.3896967277258 509.0624062615134 405.6979959726317 0 -266.3458043425667 -345.9155294188846 -324.8440132429414 -22.72422503128738 245.5718407018544 -385.2119775251626 816.9361752792522 0 328.1058334758632 899.2512860058476 55.48144949752717 546.1618342926572 867.6250434354769 -519.9578667456899 -1291.269649835156 0 -0.1024000525429187 60.05377831503461 227.1164100242356 0 0 819.1031622850237 1156.697904962278 0 -221.7972005023935 -211.9868833005655 389.2386513975404 -862.9307624959457 -267.9792543380371 401.5253734880707 -257.338261642878 0 46.03172024112882 -131.1868088313182 0 370.2425372214759 193.2856855463256 730.5549658965421 -341.9086467505049 0 0 -347.372109914619 -693.7663285402889 0 199.0479256497013 -432.2404467356136 0 0 0 66.93262469648937 265.8645682964919 -227.4552823038777 0 -934.129562298386 0 0 -59.1914838865649 25.78069024776022 0 0 -246.5568803143552 0 -291.74914784123 0 -492.5870820544579 4.099217480758266 -581.1279878633395 0 0 0 0 0 44.63114404514716 0 0 -18.64368817712389 0 -639.5406701934112 0 0 0 -96.53072605065211 0 0 0 0 0 0 0 0 172.4646825144112 0 27.81115138772699 0 0 0 0 0 0 0 0 0 0 0 0 355.4381658497588 0 0 0 0 0 0 0 0 0 0 0 0 0 0 89.47092183323949, -24.08564784911437 -199.8091529129326 -251.8341475037751 -147.3777332367467 -398.3240942575169 -813.4744747980214 -567.6738711104757 0 -64.5131850280065 -159.7964474421714 -763.3565606883592 -586.6500335922052 322.1440738729192 -177.8464768520955 201.556658806133 0 231.1181902974175 1142.986325784641 328.0230310848055 356.649969099306 -19.03413371884139 93.29259283478547 281.2149684949852 0 -173.7109567744179 708.980599347765 1680.748435538202 563.3239151200555 0 -301.6694615444101 -337.5683960593308 0 186.3106299994959 221.6748617337166 -213.7685684506188 -475.3380949790702 449.6044513270889 233.3673287064454 -33.32552581935261 0 -335.713441995198 -363.887556110731 476.8874745769064 447.1514299261552 -166.573737650544 813.3071935413553 -855.5692693574216 0 -5.436495303076768 -492.2221503885822 1374.14722264019 412.4697083365766 -150.9970453979341 -377.5943749644163 772.0764678531625 0 44.53361274043331 410.5519371433392 -307.8231214591762 656.4321697130038 0 -366.9335049368689 -15.8930614765643 0 82.73212303496899 135.4818865299238 -453.9324482606554 24.93080352755143 -66.75209653196507 457.7884341972618 574.2767371100367 0 -241.5257633104062 -1114.834302602185 -895.9392051490613 -1013.240830653149 59.79695187081126 529.0062163323144 186.8860722573748 0 -149.5983999882506 730.5095215209496 81.06530224631911 301.513886044705 679.1292589379389 -852.6462286509153 -1009.628444930911 0 -61.9610000524422 -210.0584308826629 221.6629244239906 0 0 475.659708960784 318.3851496316119 0 -32.48920232035367 453.7952331493025 -53.00695325949579 -6.65129585317753 -185.4637761497396 -736.8459866406949 -91.91885868611593 0 92.78592525802719 -87.96131691298837 0 -178.0973268805074 479.1744927828202 9.734044327485947 252.2607171991915 0 0 -159.0352221897344 -791.2786901021927 0 -539.2402036996964 -320.9328298395202 0 0 0 861.531255078778 -265.5809197721499 -180.2519424096418 0 -408.6442938093904 0 0 -35.86425896929006 -613.5083911949332 0 0 -194.6449129448538 0 366.0526595454763 0 -56.55384231745174 -23.90105633057789 -391.154779095741 0 0 0 0 0 -13.46366660695864 0 0 90.52576237764683 0 -251.9061844569308 0 0 0 9.47501170804801 0 0 0 0 0 0 0 0 -20.81704423146572 0 8.702592825568487 0 0 0 0 0 0 0 0 0 0 0 0 13.07549830574976 0 0 0 0 0 0 0 0 0 0 0 0 0 0 -12.25344193984596, -27.83932660083337 -119.3815331602362 -64.67230227568132 -56.02686132559143 -246.5883863763806 -546.2090067921803 -561.3600381851484 0 -73.07859628561454 -313.625143003977 -675.9680721446368 -466.1732667547904 93.63150945502008 -95.02604742672213 265.5800768245571 0 45.14660748911018 -4.934697887620558 78.39740060898636 -18.40063929651051 362.3430888527105 623.8209826058467 -579.5971804593944 0 -172.4277448803612 788.6764292308582 735.7687826838478 -143.0639520717017 0 -584.018286383103 -167.2946036836291 0 165.5022105328699 -285.3487771247936 443.5451419910105 440.0176918407819 -213.5787748580985 268.4800167105913 218.4280986926354 0 109.2264238339825 22.66997898573706 228.4332010884455 364.9692843318761 155.912674451548 459.7638845458445 332.1875283742104 0 -214.175130572233 279.454879944744 140.714028759558 83.33772971147883 -64.95117570012926 89.44974381761062 885.1611527327289 0 -93.15946189482975 -56.18081487970058 -3.910434272647166 161.0392207031571 0 -540.0967792785331 -926.7051564954977 0 28.79379318562292 -987.0921514371892 -1064.879254175117 -28.10093052565769 324.4238412588464 597.452027310585 -179.8350274824742 0 -375.9533998704803 -1070.568278254784 -940.8262407763325 -1500.303940515232 -211.9615656176439 -365.4967617484531 -109.6904312209847 0 -446.3624422056405 -130.1267355139522 24.37253810293579 202.5568202457341 331.2015847275665 -666.8990296985523 -436.2847748001789 0 -635.8863025312974 111.5061053411708 -422.1014706949736 0 0 358.4844890967742 -318.7352253438544 0 234.534623720268 531.542505437212 418.9955433603475 845.2387201880437 -323.2202557319064 -1432.891703022115 613.8363916420276 0 502.5431313990235 163.2053773873669 0 -26.82411308526665 555.8824168589676 -158.8652098228955 284.6237386342808 0 0 165.2567230609465 571.0803529535257 0 -627.5440980750192 541.4578022107605 0 0 0 1058.916085710761 15.0750682776964 165.5600087316223 0 -31.62101199160987 0 0 110.9333367110172 257.0412295229445 0 0 -34.58278082748045 0 777.5111378592215 0 198.7630705402352 39.2236640090843 351.0332294076688 0 0 0 0 0 205.8744811881913 0 0 221.4045097858184 0 249.9348175568152 0 0 0 279.1479757338298 0 0 0 0 0 0 0 0 -33.90331715100443 0 64.96911341370884 0 0 0 0 0 0 0 0 0 0 0 0 -185.2847359081562 0 0 0 0 0 0 0 0 0 0 0 0 0 0 -82.40943147442756, -29.68979394462872 -161.1572557775408 -161.2455463418063 21.61231494911524 -21.52159948775173 69.31353607665818 490.2609225312193 0 57.13957014885733 588.1827367386736 -433.4390810174987 172.8679381371008 231.8751284371785 -131.4628822290327 601.458597913567 0 -20.99359193988834 -303.0646825965449 12.52496935151993 -400.5875777987565 202.5438674319915 400.3708241505394 -519.937573885492 0 -288.2053472159753 77.51302330026087 -996.0757337701747 -559.9376831092555 0 -270.4848146143709 -313.0708133058255 0 64.24587106662784 -549.8422572479777 1372.950528288642 950.7056684272213 -144.4079708319831 -738.2264077848283 -507.1126153685429 0 233.0154108549606 1022.598267647442 341.5762511026415 8.624319641149071 276.5616529542108 1132.912730718022 1551.633350377186 0 -72.48862567417346 655.0436383904118 -309.1244714499005 -155.0814774474277 345.7752176998264 776.2391833764768 1004.335367045512 0 -34.10368612148937 187.0394066586302 631.8259570881676 748.966692336835 0 -576.2373289713047 -781.3663799873055 0 51.61008231521882 -159.5522190094251 -219.6824888226595 -88.84414894448275 459.1253959172003 -43.0566781126347 -258.665980562947 0 -167.2786243254959 -79.73101986510396 -779.6377441555222 -547.6647839295048 153.6594088455168 -726.548852698754 -214.320968174485 0 -226.943018377432 -427.3161788812296 -71.25984320396398 -170.1187524391301 -561.844767606533 -88.25866707312386 170.4271367293666 0 -399.8711785074447 310.8156884795474 -706.1430955568785 0 0 79.36884161163147 131.3775843688017 0 255.1848829688443 334.2175781637548 443.560871584505 -145.6296498044398 -293.2374071175429 -833.7683808208137 362.7446436505679 0 444.7427292524428 25.41977417836533 0 467.7054716965973 256.2951229685224 318.4587057842604 -463.8363434320326 0 0 182.5618302659337 484.2092250514127 0 -7.825707126391137 330.5871090733501 0 0 0 105.7047203932081 525.8864969252249 91.72745882097618 0 -248.8151175927327 0 0 164.2252215013728 876.0578552125411 0 0 -70.19350241042781 0 101.5735770461927 0 -129.4614480754713 101.6667300956313 321.5922513761923 0 0 0 0 0 288.0293437037749 0 0 145.2037344239898 0 -140.2927116210336 0 0 0 212.0760128114476 0 0 0 0 0 0 0 0 10.46358742606846 0 -15.09127378114971 0 0 0 0 0 0 0 0 0 0 0 0 -88.44879315709537 0 0 0 0 0 0 0 0 0 0 0 0 0 0 -38.41193157054752, -21.22511983909405 -150.5997406690868 -92.40018149632805 137.8218190101219 -24.60910911874358 417.1300918336407 990.9462096251802 0 463.8616045709808 964.6111329534002 -717.2147266345918 -48.70735760322239 279.6315868320763 -118.8814944155803 349.0475492267814 0 -60.10194334877692 -776.7151433681812 -509.8298713834777 -676.081913950115 -542.2749107798296 -415.4873683503557 -535.0893884499634 0 -491.6496238194276 -571.1451116172358 -1909.996507827722 -730.1089858572235 0 -1146.32584858954 -452.2707851512911 0 -352.4955089974997 -978.0019438729381 704.9349887987911 738.4915861465851 -136.0842557409912 -957.8786444761761 -1427.043001037115 0 75.62703595463257 662.7104186020212 24.78965328612315 -555.0893763187654 -108.3397374350674 641.5693243213032 1114.004815286766 0 154.1065203416524 -487.18570928011 -373.5792550756128 -495.4815798379223 227.4181934412952 440.6030065609743 -168.6102750494068 0 -405.1537785103972 540.0634758165243 438.887617326837 567.5736138477971 0 -947.7496543207931 -1885.565125811358 0 110.3932378071037 -43.12569897818832 450.6156377273388 -432.5565847128941 751.3073502325248 -576.0382258750845 69.49471283966773 0 -264.4499457538926 -551.5593684395656 -386.1039228697114 -110.0249489474043 19.84778889609839 242.6488782579072 -900.91310151611 0 -100.6782228861447 -62.07022390873179 -264.9636956265541 -416.4686319982264 -1022.738843194353 38.76782402211094 63.98277930827706 0 81.62735954002522 -399.2871030956775 5.71974471256658 0 0 -571.2958529147365 328.5822461850888 0 398.8608577065243 269.9461616217284 65.14890861005429 -554.3907705239299 -30.02840612438459 -210.0406085173127 -229.3386402568389 0 -229.5948602616988 329.7622000052622 0 522.332807157489 -81.45058338015298 292.0321382198878 -691.7088171509658 0 0 234.897740824188 105.7265747422592 0 284.5449083524749 -200.4186288786988 0 0 0 -930.4619765622367 495.0695410545395 -23.60298861675739 0 -532.0497853721657 0 0 172.9073554153964 674.2154349871985 0 0 -114.036206820533 0 -827.4461168171188 0 -606.7586319912704 27.58895448113681 187.2383669931344 0 0 0 0 0 131.5080276692099 0 0 -206.466238774314 0 -764.8057827505705 0 0 0 155.2676047998443 0 0 0 0 0 0 0 0 -401.6885889999554 0 -102.9642431186888 0 0 0 0 0 0 0 0 0 0 0 0 -219.0599843079147 0 0 0 0 0 0 0 0 0 0 0 0 0 0 -25.55137750506276, 27.73203259205093 73.53411521337478 283.3332645824073 326.5683254552559 -113.2474815327454 296.918065805448 882.2823572012383 0 495.2457269708821 895.5807752810839 -1106.036150873364 -482.723913749528 572.3468308596085 156.3179417808619 891.777364967321 0 -293.7158469481567 -331.3879678793401 -779.3691450341046 -18.0506115614989 -338.2184928032082 -6.659620670828247 182.8297193403344 0 -32.85005684114205 -357.962119815928 -864.6055695783433 -435.7791206709182 0 -267.1276138445923 701.6543274467188 0 -317.7499454321284 -332.6384377113555 500.3214739734814 1122.967923902769 15.27820883530907 -299.2620436903508 -667.6842512640278 0 507.584217882795 1086.741094368626 46.50607931344737 -559.0719906594438 -216.7753350866628 954.1312768351153 1151.522691143633 0 388.6316789774504 -920.8352213995025 -481.7740355731451 -718.4078103711058 284.5306245505041 655.2004096349636 -1552.864944776006 0 -134.8206044912215 -89.47104164718161 562.5802096789309 211.4360151773901 0 -897.7816940893487 -1555.922273297454 0 -37.81350751692256 99.52233881063897 915.7120184439384 -326.6622061624073 219.5856830002428 -612.5410733923404 -484.540001663365 0 -439.6346864010261 -316.3850017508846 202.8676686743628 -177.3561013782218 -327.0487305050426 -306.2796893159943 -669.2530128220371 0 173.9190655462623 292.7871181261966 -217.0213319261132 42.5873654270577 -439.9907940203466 349.6080574692659 116.7512029242977 0 -348.9181494755246 -478.4280585509272 560.0324360806299 0 0 -345.1285970875896 225.5530608654063 0 375.2563485380024 46.13311862252729 690.2968356892422 400.5402790276036 185.7507683624826 -288.6848604527148 -46.91627409261758 0 -22.5124607685562 664.161758639962 0 372.9552731988466 -136.7605665742925 477.0937587310415 -416.7398975859056 0 0 630.2333481767021 267.088330201962 0 363.0304822451593 31.87907974668772 0 0 0 -278.3397364864031 466.9223047165604 -186.1883546218131 0 -163.9600632925897 0 0 200.2327665863835 163.164231653146 0 0 -84.89295925973113 0 252.0993422403453 0 -109.0835302829734 29.05946356913762 223.6095345690448 0 0 0 0 0 -14.68848470228332 0 0 361.0592456343744 0 472.2104105866728 0 0 0 214.8264056742578 0 0 0 0 0 0 0 0 428.8308926538772 0 202.3866309183394 0 0 0 0 0 0 0 0 0 0 0 0 135.5559886527428 0 0 0 0 0 0 0 0 0 0 0 0 0 0 11.11349092356182


GFLOW: 0.36 0.1245585541034871 0.1253273875174856 0.1868271466030432 0.1876327829633114 2.963688025223221 2.963569630677328 2.890436512675368 2.889935913825796 0.01596091569697701 0.03993725893203821 0.000414755749464406 0.02790298363617727
q-corrs 6398.354200142396 17536.08400666963 15204.87569938968 3906.558850865961 734.1509848309123 -523.2228768840999 -2011.258423519504 0 -1093.562349275468 -2888.399530021648 -1368.071416741072 -1291.128961116876 -746.0610685757626 -877.7032178824618 -2401.909175453662 0 -183.6409629029893 -1766.520138338871 -560.7972565377772 -703.9515411925779 -76.58177048532109 -285.5538039662339 -856.7080390554172 0 -281.1799700048748 -73.14325985582936 -221.0480648913945 -354.598951938935 0 -220.77477920171 405.4649522193462 0 -47.28345014396761 -129.5931606347063 41.9914446203756 616.4416763940371 -252.2155602617228 -183.3633608497366 -641.9997972298445 0 154.7382388153754 -634.6696704021831 84.11563974458987 -411.5099066733287 -376.9462162034238 62.65650662057162 212.9596383231543 0 -230.3573253341911 -564.3435762960642 -1328.048734825615 -206.2071804150931 8.889381980591295 225.312476895622 -207.7702345907787 0 -20.21361710458061 -915.4009992005974 388.4558365591937 -206.8586433596018 0 -725.9865683808207 64.2021822975143 0 -100.3401510840532 237.526837826042 -643.7492119574636 6.758359901397824 -337.9723744662342 698.8926271029313 -726.3468771737508 0 55.72478966457832 294.9422833991846 -76.97792696375987 -347.4138820321073 367.9403008779187 -1429.861505994995 -18.18311819683559 0 -84.8902508286123 -247.711365041483 -71.97667227807243 -183.4670522423647 28.19768681802455 25.23522223206517 -349.5610480762399 0 -336.0495745509615 -455.5834136494518 -940.1693981042667 0 0 -228.4694799066959 232.0163394992258 0 -99.11891108286916 192.2628058062017 -131.8606605065725 -294.4359251892332 -176.4718597242349 -345.5876101922638 -239.955793447067 0 -498.2701562253391 -241.4896122545426 0 151.8044494499896 351.7550337847533 -92.1774391904211 730.337859262338 0 0 -186.7318641627643 -50.20353351801677 0 47.00186202902313 -521.7743272273185 0 0 0 1043.950890688374 -134.3619163064171 828.131127131256 0 399.5155877464003 0 0 -61.7989190492581 299.4016443020625 0 0 -215.2954810892741 0 1023.397485291117 0 474.2540305954057 -151.4224133829817 1141.649024654875 0 0 0 0 0 109.6543651859987 0 0 54.30692006653049 0 1058.786359464372 0 0 0 420.7385944682752 0 0 0 0 0 0 0 0 -117.2779017573631 0 311.1858584370619 0 0 0 0 0 0 0 0 0 0 0 0 -228.4723108561825 0 0 0 0 0 0 0 0 0 0 0 0 0 0 -91.28048824709748, 2976.173888460166 7762.285137220214 6054.53235684316 1154.706333094764 -132.4926327540504 -1738.384997621231 -2118.465781904944 0 -861.937262093624 -2124.652973007677 -1109.543949477692 -928.2898599569878 -467.2990879279264 -539.8180151145524 -1393.392611191544 0 -115.3089696676623 -976.7223510062225 -223.484544646644 -261.9976714502945 -49.18824479016544 -98.04627847293047 -357.9874356825069 0 -101.9160817696159 118.1991990916699 -53.53569305116571 -282.1487618965197 0 -222.5187812480457 -64.87737090322548 0 72.87631518119318 -197.6727817895909 -11.99046239456359 83.43372207228549 -143.1524318358406 -188.2117671747472 -908.7803658223164 0 -34.5922570939554 -769.6786013742799 13.79799461141945 -319.1421000703197 -542.7868531887236 -32.91354042161853 -227.8499261605849 0 -89.03671529523092 -713.0152926289551 -571.4166923505755 -126.7604869272635 -35.39436748318843 127.0381093707968 -348.0021435891454 0 95.53336374405399 -662.4094233022654 274.4509935403895 -6.286901667152435 0 -594.513440368961 -38.02216254966916 0 -46.07234437806903 584.9411625761048 -134.4764458096905 -113.953912836855 -387.4459441427976 723.1298017250331 -309.7172454692742 0 -20.525761290784 184.2546931359738 -74.18555345746529 -178.9468620147151 287.7230184489189 -1226.071884995841 284.2018600065458 0 67.16737735732106 14.64774156725733 -109.3301393423889 178.047255316406 211.7388885090597 -120.2921901104234 -737.9578697304485 0 -256.6965893427586 -285.9922793022305 -642.9222612011397 0 0 61.00848496994057 619.4930981127447 0 -160.077542594024 -65.63670582484656 43.27547926133411 -708.1336179642369 -221.2637120628227 -171.3421470122402 -239.848103228519 0 -292.9445214076226 -179.8680832527438 0 325.2353111395872 206.0354424747001 268.647325125081 32.79557391780816 0 0 -277.5092840677939 -291.8964694149383 0 140.4059664714072 -443.5714318397647 0 0 0 430.9191152204166 128.3861183998076 415.0132021227525 0 -205.6669947768978 0 0 -59.90331626590537 361.1646024914261 0 0 -191.6130987731307 0 415.789809679667 0 24.59418484927338 -67.08237169799165 569.3519492091094 0 0 0 0 0 133.7680868610699 0 0 6.34562016218257 0 413.6296075369796 0 0 0 270.7460377732817 0 0 0 0 0 0 0 0 -30.27684955190803 0 209.2217112655951 0 0 0 0 0 0 0 0 0 0 0 0 -38.36667767573188 0 0 0 0 0 0 0 0 0 0 0 0 0 0 -28.84217925773437, 208.4059875616852 135.6555175465259 -598.3726248836778 -578.5595519616679 -496.7151260168707 -1582.921822126691 -1258.111118689871 0 -337.7141147271838 -676.298287082496 -465.8912887504401 -331.6714661232645 5.599886774974472 -87.16941968172044 -88.9857774658464 0 94.19902516921465 401.4329848423436 222.1060950066185 293.880331297862 -93.05139429929589 -109.5343166153591 410.1336565512418 0 -21.27799590034886 363.1581178963137 528.6452282312689 106.6935976501065 0 -26.68407227247769 -635.4219794470564 0 204.9660193015032 -12.34068356685751 37.17222802782721 -509.6527262390699 415.2075107109691 69.254246923295 -523.9325110253271 0 -308.1815049137626 -450.0613271107553 157.1922170387926 67.14724538050828 -483.0551504650753 280.7156230322838 -741.0409958680011 0 71.28699307185667 -529.3914803378973 979.9163744146638 251.6740467962464 -121.1585585016827 -158.4688497357918 64.99284054952511 0 167.8553178071277 -98.07055027668771 9.150015658346703 438.4272020949965 0 -262.0193866685838 -57.01495462083075 0 55.94581246352693 921.8228596977231 319.2011446114553 -90.49308939415586 -295.7024156361185 514.7397225109639 395.3474182287969 0 -145.7317429744296 -182.7561429559907 -100.7339740596828 -122.6731744575651 206.5487923933193 -393.1373609189703 530.3744361619292 0 178.0346740764036 528.2974253698144 -18.39084461482759 412.5855442315416 475.1811959774594 -347.1923266409727 -955.3567819247053 0 -29.78637353401567 52.99555498369816 -57.98416678541082 0 0 405.3375132646159 733.1014986512668 0 -182.960411067455 -189.6587283880522 118.6612534007473 -711.5551233037584 -210.593163227059 91.00246876015207 -139.2856174439982 0 9.319525034274491 -165.4824687788596 0 260.7593660722904 70.20498170405654 417.907704369127 -389.1202854924099 0 0 -272.7741206964757 -537.288281115412 0 129.0141585965135 -278.5159197121264 0 0 0 -93.40789778136809 183.2401855653624 -194.2291441265697 0 -575.1365876909597 0 0 -64.13989637678981 63.48343447577264 0 0 -141.1253348446042 0 -215.1730571619785 0 -319.2421169857894 1.698730605551082 -333.3871206376471 0 0 0 0 0 54.9932807670657 0 0 17.94722925416133 0 -345.4638214146372 0 0 0 -41.85090888492013 0 0 0 0 0 0 0 0 152.2188232916324 0 11.77381598401938 0 0 0 0 0 0 0 0 0 0 0 0 211.2987973312292 0 0 0 0 0 0 0 0 0 0 0 0 0 0 52.1493202288005, -19.18826519224967 -164.0208411525187 -296.7022485187436 -192.2655066783544 -241.762027251796 -637.6613444708853 -522.5699458046793 0 -118.7896930168556 -266.1889990800907 -355.3243937410191 -291.9111769781685 104.9439535673109 -53.30318520231415 59.68572753189216 0 171.9561443543274 694.6540467494772 314.4680486458674 214.1988519539399 118.3224385028276 139.1905692378674 161.1425341603992 0 -55.72879716311317 465.9976777063149 985.055364786117 333.0044234105461 0 -40.16364701827061 -206.4714435584624 0 102.9311693663227 81.35099535797383 -84.45025524403401 -287.0864346586128 318.538066316867 195.3566881534241 20.94524970871954 0 -164.7027374380903 -157.6290791618755 144.376346459927 228.5825048280536 -104.010417251324 419.7638926941961 -465.7589097160517 0 0.04697953630028451 -212.4017619877318 863.6862176067837 259.7894014858254 -185.1944990794524 -200.4177807000648 572.7520844627913 0 108.4183262121752 218.0956343622587 -162.1965311694751 428.8584118994758 0 -276.2035687712561 -92.8542649922174 0 51.75621972390894 216.9845984531979 -100.7985947523455 16.07902052886298 -5.697859729359962 529.4371673079072 398.3104300523598 0 -177.2829368607321 -626.5775276694994 -386.572246055971 -620.0254825037962 37.63169799869414 281.4406877022026 240.901891863064 0 -71.30725981567534 438.980299167164 64.77314586932394 257.3569205334411 468.8252377147683 -556.1992588739673 -689.3853216990658 0 -51.13186225652557 -29.04737920032171 51.19115156238615 0 0 301.3703304658533 136.7316421629524 0 -35.65206905225153 198.3068746183131 -3.912029189116652 -72.67046987125033 -189.3090947070534 -506.2539662473656 2.594085771544599 0 89.22453359912399 -87.1530679702033 0 -132.158876048511 234.0707870987454 24.8191906276075 -4.841063923877797 0 0 -114.0339027004265 -533.4741151228409 0 -308.9058208125746 -118.6330937810575 0 0 0 368.7832743178012 -192.7201593994669 -189.2256619719994 0 -340.7360532993941 0 0 -26.34233038656255 -373.8032439785362 0 0 -92.95381017745146 0 198.1147533760823 0 -74.64551860284539 -50.9079135160409 -313.1543584501686 0 0 0 0 0 -28.10133790215061 0 0 106.7009819264905 0 -73.98251585768818 0 0 0 -27.86111685989087 0 0 0 0 0 0 0 0 97.00900355781553 0 9.552013780104293 0 0 0 0 0 0 0 0 0 0 0 0 54.88733188824605 0 0 0 0 0 0 0 0 0 0 0 0 0 0 3.138028778145089, -16.4930674281718 -95.52146233250707 -141.6371868501175 -96.47493830476755 -157.5659356274105 -449.0530881007568 -402.5878036132907 0 -124.5286778361635 -302.7085169093436 -426.5361885202312 -294.9282387612682 19.90121841802922 -88.49744886082638 26.62419423121406 0 49.78624199601484 88.61471519978365 124.0852142829711 24.93084703652225 248.253859639709 341.1323158496974 -266.6360298582653 0 -56.87090558866595 465.373575983873 523.3655821985963 -55.95121155948085 0 -165.4391177254466 -14.10539533439254 0 79.89166208938315 -86.31824162484959 249.6701803255487 333.6419315370132 -74.6206052622419 107.2981002106541 197.7889451599452 0 89.7351264665149 78.83368005899557 81.30249326062159 202.042647583303 108.9528489527101 334.252486081358 277.1101413557307 0 -107.4435336753303 249.4937382590091 56.4748050292792 -13.51150158931586 -72.08364580161998 95.30023664376472 494.7825682911461 0 59.28865479052479 -81.51565436189448 -16.36815406108164 83.91808136433949 0 -417.3184177261236 -540.4465286661851 0 14.75131006745314 -498.8474672052416 -543.2782536279095 22.25255881270573 91.76551815750145 381.1607267828145 -107.8506232120819 0 -305.6807149114258 -638.7941059628647 -547.9217358901574 -909.0874823205687 -127.70998547556 -217.9446195839524 10.65520650849984 0 -239.5460897121726 -40.92690299559601 26.5484480055683 151.9508701058131 250.6563272143427 -527.4989872102003 -419.6908637391646 0 -325.4478331586358 58.16152279226435 -225.7543437057824 0 0 219.533326444028 -193.7076381427468 0 178.6741075428242 285.8899976146141 247.6981328260285 382.947597319075 -255.443326824869 -866.8807645331078 321.8330398271663 0 255.1203223641256 150.4061000347705 0 -40.44306508560095 279.8281501455066 -38.23640544855999 102.0718638370242 0 0 97.73376784207045 233.7228031412061 0 -318.1436501887026 299.7114358590304 0 0 0 498.391588310042 -8.055773254018959 75.18280257191262 0 -91.10013063850477 0 0 65.23781514768085 129.7130670636329 0 0 12.55247582088084 0 398.4008858298735 0 61.4554991502355 12.87730284811656 175.7624123339889 0 0 0 0 0 108.0789287779648 0 0 118.1640959739327 0 167.3142695463156 0 0 0 145.8117042567033 0 0 0 0 0 0 0 0 -2.533338978840675 0 45.31895897922512 0 0 0 0 0 0 0 0 0 0 0 0 -96.29129223193695 0 0 0 0 0 0 0 0 0 0 0 0 0 0 -42.59696339056119, -32.95490694936484 -148.8924876154599 -170.90910390621 -16.5514868525659 -43.33796274604886 -20.66812279297062 262.2237879463985 0 45.2723150173 347.1688272558275 -211.2377420833507 85.09932101757809 145.4860548573529 -72.68623945266762 296.2600286632126 0 -12.34273522295976 -87.83643096563048 -39.42878647424106 -217.6942514125665 65.47670874421846 148.7387224879878 -261.2704112061251 0 -120.6513850332168 13.74575784739676 -559.5762075872555 -360.6888947803926 0 -204.3112258928523 -145.3830983665835 0 17.51313659796546 -261.2860292624514 713.8072936344365 614.7746169246118 -152.6604801904359 -465.5887881167037 -268.4623060159167 0 130.0252453901901 577.4600656227481 228.4353845615165 45.98088541103513 150.6935594891136 689.3231390712743 934.6529321526963 0 -23.58165551423087 341.3699902665437 -155.1711633498884 -140.2925771908489 208.9495041054124 557.3534227706818 507.3781239281609 0 7.371494409532204 47.92771716636872 386.1893556788488 458.6971776771704 0 -388.3766741355494 -608.9291971535501 0 20.38090820336028 -164.657791891918 -113.8258961865521 -139.1117373647663 224.1530408751654 -58.46126986451841 -83.60281271869394 0 -200.2971236414687 -131.577282564047 -550.1463061057776 -434.9763043014317 35.13254328495165 -367.9992672984735 -180.3231012649161 0 -123.7082724156226 -175.2305937901037 -128.0034813548016 -41.40830324820278 -291.9116561599882 -215.9331639721959 15.07207811436513 0 -132.4525845101021 49.36292266943499 -297.506907931289 0 0 4.048195227224284 166.9302952355667 0 155.6138886504636 251.5671520464431 210.7104292093363 51.83153471286954 -195.6286586974332 -390.4057183941923 269.721749842531 0 221.9531491051382 138.8526403922448 0 318.8702811618745 133.1422699051679 206.3891176442515 -209.0179905721239 0 0 128.8032585611461 444.8329738869749 0 41.17288511069793 261.1038990040448 0 0 0 -27.60704924274732 375.4183849883286 56.3837974947611 0 -182.7196189282274 0 0 100.5619663572909 626.3365733289395 0 0 14.05902815340671 0 -42.23524255075695 0 -142.0733212781007 93.98114529102966 209.2406398630444 0 0 0 0 0 207.1690111826289 0 0 35.11926110536085 0 -130.5359779716906 0 0 0 137.2595690069036 0 0 0 0 0 0 0 0 -19.33418652614797 0 -10.08645444672251 0 0 0 0 0 0 0 0 0 0 0 0 -43.21098600497498 0 0 0 0 0 0 0 0 0 0 0 0 0 0 -16.55866161486157, -35.16471907976214 -145.3107295615359 -90.98795967162292 92.49757821354258 -15.49266365758051 309.6842731265546 706.5053107017139 0 316.7869828701352 733.8699669162404 -307.8690944709189 63.06285573449334 237.7355266775143 -34.94165092234078 313.7258413450774 0 -96.36414715450083 -418.960892860893 -446.6759387526145 -393.7492003642832 -354.3644662770188 -345.6669052969602 -277.7182810728741 0 -243.4565686015453 -487.1636716552039 -1307.113323521048 -546.8794864115703 0 -705.4926111715713 -284.9465850972028 0 -202.927746619588 -519.8028552271661 339.0027410819471 460.7857138036733 -186.6800709482492 -614.4621359639347 -837.6157451583041 0 47.71281412910066 263.9621593743722 47.59405563456966 -306.9273856116088 -50.58691561338433 488.5609307342356 835.8389443381689 0 66.11060463403186 -197.2680452021481 -295.0652836998994 -298.3818491428415 192.6883915450131 421.0339226607767 -66.27216579380078 0 -254.6100266376697 206.2568556294718 392.4615428422582 487.895266500121 0 -648.9329136654308 -1184.710700163824 0 67.99791947615799 -40.54191245669465 333.2077850799436 -333.2841858724248 407.0565439530318 -387.1104600294968 108.7685907054651 0 -239.5485408593117 -324.4954134232219 -428.4308489263144 -242.9695407128885 -58.83106180051087 222.5493081178252 -572.7132827517258 0 -50.64597050354215 5.415159987574874 -222.4087030381211 -154.5770278372988 -565.2168711841119 -98.18187772207672 61.77474362536184 0 161.1698813165514 -406.3913087198207 77.3410168741126 0 0 -337.10408615393 240.9938144406391 0 173.6686049443776 310.2001144282357 13.70191052620149 -126.0620236881893 -27.37234109403526 -20.87817132744861 -63.13401344028213 0 -107.0269010979172 229.8784413435572 0 302.6638746349154 -1.029859181214547 174.5376658259364 -263.3663492074534 0 0 149.4011678506142 220.9935640439217 0 184.1566086685299 -46.09994987529367 0 0 0 -454.7459111352255 304.2660097863464 -19.56970291747741 0 -276.118334256679 0 0 97.75517400874773 450.9426297362173 0 0 -33.44161499513422 0 -434.6332114944939 0 -319.3086298691186 44.99907037818452 78.84385665979512 0 0 0 0 0 107.5033182035301 0 0 -117.5256587121374 0 -402.1464076307769 0 0 0 75.54451733208178 0 0 0 0 0 0 0 0 -194.3075425185295 0 -61.32437592406055 0 0 0 0 0 0 0 0 0 0 0 0 -107.4633038695779 0 0 0 0 0 0 0 0 0 0 0 0 0 0 -18.82614215245314, -8.910905159304775 -24.26151540781996 116.7680295327081 201.8934339087386 -63.49154221322987 257.06386175135 671.4587747015255 0 349.6088186921631 707.2791779961801 -585.7317895642784 -153.5010249747647 386.1102204740772 76.01604344809203 695.7027337985436 0 -208.5477355794896 -141.3412553426464 -537.5140077621281 -33.44321615083697 -254.6644856889855 -37.91975606694888 114.7357518125078 0 7.14406084041417 -446.9941675111457 -717.0581727519166 -276.1433275919519 0 -200.0679328316397 435.002864485459 0 -278.0940736035485 -262.0224888689863 156.1430389477305 600.2451845348362 -107.3307933021013 -240.4368316538459 -477.3829043792646 0 331.119223941931 419.4940728302545 -80.60035049004856 -344.9487224336057 -103.9072251650387 620.5565426660716 869.2326196592999 0 198.2829036696611 -455.8534972685439 -418.1073232461649 -502.9983315321487 251.160621849495 502.6793725482573 -781.9750080500119 0 -90.76599459529496 -77.73573737019473 470.4738288665974 311.3595087537714 0 -532.5003870646417 -1064.106039353348 0 -1.977689025430042 116.7798399564509 626.5954012667748 -277.6897902198697 165.3165674176841 -421.6887280505445 -273.3345266542494 0 -358.7679063993103 -212.4678478154984 39.88582089527264 -141.2833900941807 -257.8667097752589 -277.1051165333502 -393.4045321958739 0 127.983235314205 145.5292939949512 -172.4748388682276 20.86683141180282 -255.160830748142 121.3745009553038 -127.3119279310662 0 -256.4803614971322 -393.4409762947959 236.2297415003559 0 0 -187.6864500350824 63.36856601457941 0 208.845210793661 -35.2660760169727 422.5691615600913 169.2960646173522 79.81012332138408 -305.6302817483681 -55.1122400805005 0 -21.02686844759496 389.6185334382861 0 191.2406543555942 -74.12016103180163 294.4879648793134 -301.762807833737 0 0 368.8548871959528 188.4799846062781 0 201.5223773191827 -9.248668498654794 0 0 0 -167.3314521051041 244.1583962401711 -72.83253714358241 0 -53.02769413028363 0 0 123.8911973507301 132.1021923395198 0 0 -48.66199677359495 0 163.7363908158758 0 -24.28809053582576 7.703106980553725 154.7108576202801 0 0 0 0 0 2.793052760515689 0 0 201.5614957534088 0 378.5612480625837 0 0 0 111.1094253521497 0 0 0 0 0 0 0 0 319.84051605191 0 156.3502521376475 0 0 0 0 0 0 0 0 0 0 0 0 135.4675082000024 0 0 0 0 0 0 0 0 0 0 0 0 0 0 11.57669470399167


GFLOW: 0.432 0.0943195828421716 0.09500785085938598 0.135529482277078 0.1362817667521017 2.975188458369099 2.975076353737061 2.921141671256755 2.920683284998381 0.006317226684936115 0.02555099291018621 -0.006726837957472506 0.01488404881993896
q-corrs 3632.844868188025 11221.41214933442 11172.80452168757 3473.174605367481 1061.221885504579 1142.250984499406 -449.4890808459862 0 -645.3466968365357 -1854.045269768569 -1065.196065226551 -1052.753217544215 -526.7170883513559 -788.6016020242743 -1867.433205747976 0 -140.3054054376972 -1398.380486526028 -520.6706018834958 -507.6603531258764 -144.8103066859594 -379.1031978510601 -666.5476239336529 0 -267.5865826746563 -58.82941100893517 -236.0583061658797 -301.2632590579728 0 -317.0117501111525 132.3200361401714 0 -3.305183000900296 -108.7666490301853 -118.1391700567548 264.4020134826524 -205.5885830981626 -144.3282712061843 -459.5464002940528 0 69.97460570795806 -533.4815876061731 25.37613947115161 -298.8992162238277 -265.5041893476748 -33.92520676288602 42.52312853475275 0 -183.5939093706882 -417.0422212134631 -948.4733875006168 -117.5040625832227 24.21835966211226 164.3503233593326 -139.9001087025361 0 -5.756233858987997 -716.9166435603247 211.7336439402811 -176.9343926461622 0 -483.148760234365 128.6016802197193 0 -67.39161797289292 237.555831084037 -573.3794541731481 -7.126558930309727 -356.2192217549169 409.6088391623144 -428.7377523710439 0 58.53260544961606 232.2148312013031 -56.25816958647137 -271.8578302247723 263.6495744686868 -1015.052182120342 57.08446254281658 0 -28.14964022804448 -214.1602103390819 -11.49218998799136 -120.9080450135263 27.71748954701665 -111.0047145615948 -460.7666820585805 0 -210.2379178811892 -270.2395954381258 -687.3896826618781 0 0 -143.9563830135606 115.5658267921158 0 -89.01528135922931 160.4436092097972 -231.5686487780401 -372.3014391467894 -177.2630957109673 -252.9085013659765 -244.9701666112347 0 -330.6041573740267 -167.2177963136319 0 31.13224260835705 238.3915174249118 -71.55764403450704 674.6329579761286 0 0 -256.0561036498843 -217.1934530728522 0 71.20476067483349 -462.6678918478133 0 0 0 752.9321398277777 -140.0489504788897 642.9309444959481 0 342.145191586535 0 0 -78.1695331651898 158.0554562077371 0 0 -167.6781717634071 0 749.8072385488945 0 336.9915276281972 -95.33379656682061 779.868231052061 0 0 0 0 0 77.66007848438193 0 0 75.2304980548427 0 725.0133909319024 0 0 0 257.9844603152737 0 0 0 0 0 0 0 0 -35.30172838172493 0 195.5272985340607 0 0 0 0 0 0 0 0 0 0 0 0 -132.3402247124971 0 0 0 0 0 0 0 0 0 0 0 0 0 0 -55.58961413481474, 1893.342756099222 5656.481509763486 5297.439789490698 1447.882533938292 295.6556665966361 -277.5533445107719 -965.2289323291836 0 -567.5482974796209 -1465.973276665028 -859.769274785013 -782.9337668263661 -350.4709907068406 -511.2960850789841 -1173.251598490075 0 -92.25829502275994 -848.0085147659074 -279.8519578854963 -219.1643975067605 -95.78619155611086 -219.8723139630173 -315.1200602106987 0 -134.5068748034604 36.65512493779673 -111.0331602374057 -240.2629652798178 0 -206.9006926488644 -130.208156691146 0 46.4822904975462 -116.3968910431446 -76.87296784636513 -9.616239523190387 -81.30409756889941 -144.9297450858916 -523.3820978318877 0 -50.32488861637073 -540.2304909231198 -7.053263284924753 -188.8557530031281 -336.0823677009546 -32.16088840937496 -191.6028358656156 0 -86.93974073344118 -443.6297317744022 -408.5397698397709 -56.14640828613443 -17.96982292123243 86.51777449255141 -131.6052395233498 0 74.0335100874151 -513.0061236300401 145.738540894829 -16.25354788556058 0 -336.3087175815681 60.49596251253156 0 -35.63932126567907 430.8221500391767 -255.0441512418125 -61.19659321494691 -319.6973542064894 433.2075916758745 -153.4554292861738 0 4.567328512311583 148.560908994627 -37.08906723283074 -174.8436813823715 230.3730560432253 -878.711567011994 222.3908584988687 0 44.60472626062732 -38.91547614721749 -41.05171711172358 77.75772667736018 125.2482648891587 -163.6472008679655 -648.4566159783839 0 -172.5442647829449 -144.2811155964984 -545.8804675341134 0 0 21.10471194881296 352.1683501086862 0 -126.8832740236434 -41.68191839650812 -122.6255396857876 -597.4962403173032 -183.8786854949511 -164.6295159758696 -195.1136962148802 0 -195.5658768444633 -174.6420716948224 0 167.5748730418958 122.6390758444193 128.993419575943 133.9213752539797 0 0 -275.9955242357256 -325.6817532818647 0 106.655931690416 -363.1948166867089 0 0 0 304.7364149470327 51.34018201969623 328.1988207839951 0 -32.12629838896899 0 0 -75.27800695454874 204.8367093886632 0 0 -137.8294552618699 0 317.3696754286684 0 55.27022272243103 -36.17364903456374 405.8685282458421 0 0 0 0 0 93.57956094992564 0 0 31.5900774496071 0 301.5029712684192 0 0 0 162.7130808874447 0 0 0 0 0 0 0 0 4.619947359957564 0 121.2505622082046 0 0 0 0 0 0 0 0 0 0 0 0 -25.58036563329346 0 0 0 0 0 0 0 0 0 0 0 0 0 0 -18.78165101607648, 222.5217756104339 440.3533998845502 21.12406650567689 -241.2549136901359 -262.5841561619806 -1006.658546370055 -913.1511770919408 0 -294.6842563824424 -615.6149615218427 -354.4324888088963 -290.5447130482086 -58.21814646475299 -107.338299393132 -199.6132014662545 0 54.79683520638686 149.427905261868 120.8840978377089 135.3250030395615 -12.70137393682386 -38.81553407263928 178.0145607374959 0 -6.705965060768271 189.6029177027983 284.7395014620954 43.68178222468127 0 33.81190649389087 -363.8373896647934 0 88.80220651583301 -29.13720605234468 11.6516538828923 -326.8762399312704 249.1658646202493 22.36847836491228 -277.7985177106937 0 -175.2208625425486 -278.9174916638393 13.96087211234102 54.21722357192397 -279.4884239641275 153.3178059931171 -446.4746847398272 0 36.27842668027331 -310.7075723241134 570.3987935116556 148.4059037396084 -101.3445409496305 -73.64918306720989 164.8619707413606 0 138.6249318426068 -81.61083006274885 17.13894956337978 303.6978852676459 0 -111.6481542641801 -9.377820396340098 0 28.76692039526236 624.0581474891327 147.8050570224819 -61.89948521485991 -153.750746838572 414.7857277209006 294.1476320080994 0 -71.50886438322864 -74.21812129070923 -20.38199512009014 -118.8150989669735 168.3391122573405 -326.8673771589941 354.9865989546023 0 102.1794701478756 294.2379658101047 -21.30123708802669 258.8378747317518 270.4728216079861 -248.9789252585147 -682.9960213102283 0 -50.70526577455725 49.66560413924233 -178.1993395997117 0 0 213.7552912171208 455.6447404814372 0 -139.560300705659 -165.0178689079899 -22.02240440251109 -559.67977516531 -157.1637400001296 -50.94132897440821 -77.84621562265187 0 1.606354673596208 -163.4886986484678 0 176.6843079158214 13.77672688561354 234.9853831302297 -335.9884791217985 0 0 -226.5622147328555 -422.7785147604326 0 62.52423203411021 -180.6783152626519 0 0 0 -124.5179864864225 127.8935981258298 -136.7367760238309 0 -358.1516395894822 0 0 -62.41409908008898 45.22563064099228 0 0 -83.44778430340105 0 -146.0409880088043 0 -200.3025964619017 7.929874327510355 -187.3098002544526 0 0 0 0 0 46.68949748374099 0 0 21.6297760714333 0 -190.8341274525147 0 0 0 -19.21864131654916 0 0 0 0 0 0 0 0 105.7672267741196 0 4.11168794089798 0 0 0 0 0 0 0 0 0 0 0 0 122.213137251077 0 0 0 0 0 0 0 0 0 0 0 0 0 0 29.91199109733672, -8.895787518506069 -112.8090584932904 -252.7576542459968 -175.7513124640769 -164.9397203119146 -512.6659525655321 -448.1770547016143 0 -129.3800737622557 -271.8651749960486 -188.5468368580184 -165.2258148030812 15.57605508258476 -25.85899276608891 -10.96571202472924 0 118.353578524199 420.4512590374826 248.475924091869 124.842498862691 126.5911764734849 137.7608875906484 91.92673752333985 0 -7.479268127031219 285.4550415821283 591.6579793092239 211.2123587251374 0 64.58098010889353 -96.83693482393772 0 43.54549200951796 24.58037423225053 -30.07932614316791 -168.8568126782718 220.0297084677631 148.8574277064988 43.67790867611123 0 -67.83688118888099 -70.07197605274993 10.98978736818582 115.8105498972189 -59.58987363694763 241.1451822553757 -241.1405696759265 0 -0.07289366505465722 -83.39836990466833 515.92121050213 154.2361197197444 -146.9047399887737 -84.6363574036869 417.9256720883569 0 120.7477809414341 104.8388318683245 -64.45923238430279 305.9156870259862 0 -195.4535012569498 -85.72275150170003 0 33.68561215516021 222.4462432225521 8.877746832679321 18.93217303943304 10.71801119705388 456.355818834899 261.9067316463494 0 -123.5116285800043 -351.342037146334 -148.5580457092493 -386.7650202274841 30.41704918374139 119.8373321246945 208.5752076764419 0 -25.36472305244245 270.8260604366776 45.20464497282121 196.6323586367376 308.4802762922156 -370.3857193190898 -495.2904103246486 0 -53.76208883826169 21.22521254542939 -25.98470803511407 0 0 191.527072809258 77.87712478009922 0 -27.36187416304281 52.6150106723299 0.2726505555470453 -105.7857812491737 -145.4193615695243 -343.9412321761195 29.53316032551542 0 66.13352203906504 -66.74884075913494 0 -70.59015892838882 102.2261024710964 23.5514882962288 -119.4652859082348 0 0 -81.28924467106989 -344.9518799416483 0 -176.2500356910965 -28.39517943458345 0 0 0 130.3606243023771 -105.0150567488117 -157.7943544594247 0 -247.8256435084036 0 0 -18.64594635427837 -218.1169269984164 0 0 -37.62449013807794 0 90.84158999808142 0 -66.86754191498395 -33.51529531489575 -219.3880439103229 0 0 0 0 0 -23.57669492528877 0 0 83.33843170443112 0 -21.93559481359058 0 0 0 -29.23807344996742 0 0 0 0 0 0 0 0 108.1392324546868 0 10.89850197242122 0 0 0 0 0 0 0 0 0 0 0 0 60.52530639141527 0 0 0 0 0 0 0 0 0 0 0 0 0 0 8.081001900306818, -13.93368017247042 -86.48550566311026 -155.7884380196105 -99.55340425627472 -112.9135352311308 -357.7581935130469 -304.8784313082117 0 -115.5173353440875 -246.1744801042041 -259.4205479922739 -185.2640552450783 -7.979601028839404 -76.34687721513092 -53.43923010135109 0 43.47481126140767 94.46673969998105 104.0132450896257 17.11138202808933 157.9601696990652 198.7046474734224 -119.2156574883865 0 -12.2776715411884 268.3197071968149 359.7676760742506 7.468340683193347 0 6.813682411494312 49.94582268794333 0 36.46810096675181 -11.71040847314346 151.3265461278702 223.7444660796961 -4.679538130117592 56.84799885754474 145.767066903189 0 73.21040113259031 84.22915862640579 28.95535380228448 104.7928437192467 67.52118655938497 241.2868437107035 211.3986938809044 0 -54.8770909238481 167.019093810993 17.25711704715411 -40.24290432984381 -58.1894091216755 81.95135703722534 282.2771807939501 0 85.02949010341197 -69.15406170699987 8.589630130753505 87.99263294726126 0 -313.716702644417 -343.7842155923707 0 6.988560920601941 -248.5713952376956 -271.0707385309895 23.34566617015994 22.38854941097328 269.4092661210004 -60.25146628574105 0 -224.525803243543 -389.9647912280997 -311.2462460080032 -575.3492146236459 -78.80126295702061 -127.3716064137048 36.76353758980584 0 -127.0708090936086 4.555778574797632 22.4887388623733 118.0909700385734 175.7127940696698 -383.6919006144742 -354.1350719064097 0 -172.7473006941989 21.16016307484948 -120.2547290498782 0 0 128.5424214419535 -99.67991108127954 0 115.706250992592 134.434987449428 148.2770912381307 192.6128026350676 -178.2246796787834 -496.5284042922052 188.8003543678851 0 132.7699523257807 113.8630585730099 0 -16.79692884656175 133.1475709662997 0.9716160721149549 13.31228470231912 0 0 67.22990851076038 131.4592552997536 0 -153.8611380556373 197.3007811676581 0 0 0 216.1857986151776 15.6000363370273 14.06912004216483 0 -83.35765231968406 0 0 45.19834885546267 84.9910182033808 0 0 29.67730686134826 0 184.5198863040697 0 7.703582246460087 13.7346946082121 69.57549992620162 0 0 0 0 0 57.71239669596273 0 0 61.05842286277348 0 84.93987768103267 0 0 0 71.52798615323711 0 0 0 0 0 0 0 0 9.24767870224521 0 26.92231768304731 0 0 0 0 0 0 0 0 0 0 0 0 -42.4586665914204 0 0 0 0 0 0 0 0 0 0 0 0 0 0 -20.45236935710832, -30.14944338404769 -130.4145784294416 -158.8156721859659 -35.15408873313771 -43.58588278872986 -46.71260767983015 132.612782218143 0 26.28236769614989 197.3671109778793 -98.30973891972832 45.84110420774596 87.50121455792737 -53.30113509326571 128.9033314703703 0 -5.764899363223126 -28.80662566387966 -65.00450261295612 -137.682431111474 9.07240063251902 32.30881034404818 -139.0482338874153 0 -58.57395861956871 -26.34661590763645 -329.9493311124647 -218.5824087034916 0 -128.4804184947781 -58.95473775999272 0 -3.89440780259568 -129.7321842336132 358.2378819612917 371.3811611211461 -115.9825881298348 -278.0117211621471 -140.8199168725678 0 86.2244035235332 305.9277905493941 117.9360711567939 28.01470140764647 83.02776441720937 406.4680872813739 573.1270953714904 0 -10.71228695425438 178.2039182706482 -111.5352644338508 -115.9215272525775 115.6421026957672 356.3454542190339 252.1861379589932 0 5.13306157166965 9.996032789645312 248.1862320566042 302.0555097705663 0 -296.1098117511129 -455.0992916322361 0 7.874731477247989 -131.6914680260454 -39.82286820472945 -127.5589671627788 128.6639339170186 -47.62236449267871 -25.60157753806467 0 -172.7459524414404 -129.5377895369544 -398.6514887795791 -344.4116669503741 -7.959319874366798 -136.9531182851147 -141.4784480617499 0 -73.30959485416349 -69.32243950048471 -105.7119483442205 3.851927740022493 -164.1908381910183 -221.6985861733103 -47.54209969082487 0 -18.61781047957179 -53.15577566810961 -114.8048347840218 0 0 -28.09787973935437 144.5008585967455 0 92.89974882105427 180.9383367392689 104.7911962162556 108.6957842362804 -134.9730614091352 -166.0966810266677 194.0586101938599 0 118.8301196221037 136.2382632081343 0 220.5700794059152 68.99284417831677 141.3604274017564 -81.49434475867839 0 0 90.43113476836321 356.4615415178267 0 56.54043285701906 211.3294703941849 0 0 0 -63.6086472697536 277.2338007888201 24.63967147525864 0 -112.7658540753685 0 0 65.18617838622546 424.3949812938233 0 0 40.42851736713605 0 -89.42796567257884 0 -112.9505256001155 80.01974027800243 113.7216713467415 0 0 0 0 0 137.9062372335201 0 0 -9.786963575734653 0 -123.251908571552 0 0 0 80.82529467756504 0 0 0 0 0 0 0 0 -36.44220065855347 0 -12.75474648044559 0 0 0 0 0 0 0 0 0 0 0 0 -27.64644647593519 0 0 0 0 0 0 0 0 0 0 0 0 0 0 -8.320247779901647, -32.88532216499813 -119.1025535148949 -72.25167476541944 62.66927506556029 -3.608743654235248 243.8859066146935 500.2518644334806 0 215.877357678863 536.8694966884266 -94.73897780363504 106.1824655079878 177.3289971609352 -6.214511854139005 247.1192876628564 0 -75.6911751056621 -218.1665109579093 -334.7114817468052 -244.6977423561052 -234.3563254008453 -260.1526556357187 -158.0636355914669 0 -135.9544645405282 -374.2024283644017 -886.2170182628563 -375.3317853217555 0 -464.9942329442422 -172.4206764235037 0 -139.4591947416306 -320.7426144425365 125.4932561291465 255.0018390810093 -181.4528179610342 -377.1519292256203 -490.6950575616905 0 50.18306072680934 77.22966287857186 -15.27910731838708 -178.0569218872277 -17.40650207711102 309.7424108792842 575.7895046907815 0 24.5969778782048 -76.29897566375143 -220.3892674698923 -200.0873463157284 128.2736506354692 318.8670466275442 -26.27921876597639 0 -149.4924581335013 88.83162652119111 307.7666427806013 378.6231284969944 0 -435.4926197951403 -775.2659231309319 0 41.56982534169055 -33.67324577152134 258.1673270065219 -241.9337979157988 256.0275348539908 -235.7252484376593 91.18112962279564 0 -193.119066552235 -203.6006867894537 -343.2756836393611 -233.0198028478242 -73.81141808494831 204.3948526280213 -356.2340264032587 0 -24.17545996736398 32.67649546358305 -163.1730457707816 -42.22038175293304 -324.1463018524963 -140.2025202656955 32.43349683477349 0 151.4953853319031 -324.4472691566772 96.25459272644002 0 0 -199.5604789120512 174.8360554517082 0 89.25576979382035 254.9217570166284 11.86622483031002 34.35644596760312 -40.76465486065281 35.79838814150293 6.520171546270802 0 -40.91517332966011 172.502591705848 0 192.8432299932075 21.38655583079596 126.3225679756219 -64.85693923720322 0 0 92.6155706265632 221.0633698523829 0 128.3250719390435 29.59670361095254 0 0 0 -224.1565069219562 212.9432872096562 -14.55879165615499 0 -129.712898485698 0 0 57.56680008431243 297.3813178214309 0 0 0.9579348066944497 0 -241.7341435968248 0 -169.4947725450146 45.21007008337565 33.75742315361247 0 0 0 0 0 77.26585564360998 0 0 -67.17975558842048 0 -223.258144493425 0 0 0 39.58477399830117 0 0 0 0 0 0 0 0 -95.05951361701851 0 -34.19431262623898 0 0 0 0 0 0 0 0 0 0 0 0 -46.96402883347556 0 0 0 0 0 0 0 0 0 0 0 0 0 0 -8.706638344676984, -18.80580744265853 -50.65959654132962 48.46981745154849 129.4801385218509 -22.78401204600953 240.1311600665918 514.8520981815684 0 246.1521754357648 554.2028197129816 -255.8305058011376 14.04246604160716 265.5749188801859 49.23774060016115 512.8306927496743 0 -133.9598413384906 -24.96581964355366 -354.1266545455006 -50.02646348258176 -183.2402155266457 -44.54597265709167 78.21264778267589 0 22.50493407400205 -394.4227329569436 -580.3316683243863 -170.8954601075882 0 -155.3290288940678 259.8290788744964 0 -222.5752295674149 -228.5656872319254 30.76680189204187 305.1906304972466 -146.3413930114259 -176.9701459929031 -325.289776435034 0 224.1640337224722 153.9623665831645 -135.8338729830572 -215.4268756807612 -48.68906787592745 379.5336359579964 612.0130999073453 0 96.93556130205707 -238.3048239811037 -309.1984991593029 -338.7483186624791 184.675887515689 370.1850004017198 -408.5178566076104 0 -60.70587663411769 -50.63658547614082 365.9692146612277 292.7825585267533 0 -323.3477597394323 -730.9210221077308 0 7.56264503136563 77.71123982428112 437.2112891896601 -207.7256310269475 140.5428874909274 -248.9455559581613 -159.7599371457889 0 -264.1860718853595 -139.0124314081284 3.042509127416935 -116.2200535866672 -197.8659203610187 -189.4824537047536 -231.2493843692772 0 88.05673148920113 80.39539330670929 -128.4387672954964 25.53359150825175 -147.3994541431915 11.47420245956113 -156.6827123123036 0 -170.8810660479899 -290.1887129360097 121.4692816541385 0 0 -95.70355519243185 -14.52216891483059 0 132.6340901763791 -44.33965754011643 261.2086788671094 83.63318107461764 26.1386033585699 -239.9820611815707 -47.53171694089303 0 -16.976782815749 245.0922737553196 0 76.76881924612637 -41.83594189983221 169.8320967202771 -189.974302829624 0 0 214.0958272911497 125.1126302917763 0 111.7485958877279 -13.34284232142935 0 0 0 -80.93152063343526 113.33518512945 -20.77773677580281 0 -8.684697846024696 0 0 75.01074742032446 89.16101696288487 0 0 -26.37548686907956 0 135.9594256541965 0 12.29056681304889 -2.402091619237126 118.9499289076221 0 0 0 0 0 5.39347615058546 0 0 135.5733595261056 0 299.8297328705849 0 0 0 68.16826378935383 0 0 0 0 0 0 0 0 247.5185387911096 0 118.5477611495093 0 0 0 0 0 0 0 0 0 0 0 0 124.4460140706819 0 0 0 0 0 0 0 0 0 0 0 0 0 0 15.41359452288571


GFLOW: 0.504 0.07403828964276879 0.07463424907629887 0.1026652237085063 0.1033329803446082 2.981933092897602 2.981831777344848 2.940353314015095 2.93994996544334 0.0007731141357745087 0.01460132743041883 -0.007027959171596065 0.008758015801411731
q-corrs 2198.540982347032 7424.336619464651 8166.784077812515 2873.55409103204 1079.21198080272 1825.53459512306 404.5928658769453 0 -316.2738694255308 -1094.198157553583 -727.112852228433 -769.8145925366568 -365.0529611173514 -627.1727168153443 -1414.104643552241 0 -111.8115063816254 -1097.851571339093 -467.6225720883103 -388.7046613420848 -171.6511753875549 -401.7258204423623 -511.7807597692843 0 -240.7265079476412 -71.03785993970314 -257.8481156246168 -256.3744764619955 0 -350.8059196133573 -16.67069039457775 0 3.474293428465606 -109.8820488252811 -183.8746652510011 78.09818350255961 -160.241872937456 -104.5307900502702 -338.822074488081 0 19.14240653350167 -433.7987270146757 1.963948229809013 -214.1976389245173 -179.1548187882493 -70.59644725246912 -28.26413718721183 0 -146.4115822170739 -289.9262326600254 -661.2581432065285 -49.71269452705498 20.19853627467039 107.7693100945424 -82.66386406879278 0 -4.209811369645337 -538.288749796239 120.1252130609681 -134.261630203793 0 -321.8476231004789 155.6806045944525 0 -43.23840161470194 197.9441271051278 -469.022035446044 -3.721862858341368 -307.389907077007 246.7250500761232 -266.6487289544069 0 47.90019533181105 161.7275830039369 -55.42984324521061 -212.9501727076729 178.2851312679728 -721.6347838738802 50.53574483315348 0 -6.430784769351899 -175.2650640136266 10.72608188362972 -106.5525866104641 26.35769891463377 -158.7578636584338 -473.8174221484581 0 -140.5527353209616 -213.5269847356601 -512.9645370581995 0 0 -96.61448246680568 36.88706312134055 0 -75.67025145089833 110.1708520648448 -262.1697849562971 -386.0583200695457 -164.6527828459973 -216.3328348621109 -230.7397611486968 0 -240.2893644576815 -129.7048366570179 0 -20.26239969207904 162.8183919439624 -66.75252169269879 534.1322633327516 0 0 -265.1385864998437 -284.8425535289342 0 62.77936628316844 -388.0724120466383 0 0 0 541.9364279412946 -123.8207925099463 475.9884228830085 0 269.0889333216239 0 0 -79.21248395105275 74.38951715807131 0 0 -130.4426790213066 0 549.0634525558353 0 243.3160041711396 -62.32372395881622 539.0781927694057 0 0 0 0 0 56.40992895128281 0 0 77.13207470045295 0 512.66043374456 0 0 0 164.8458302736993 0 0 0 0 0 0 0 0 14.34060716341139 0 129.1891868093488 0 0 0 0 0 0 0 0 0 0 0 0 -66.98787493152156 0 0 0 0 0 0 0 0 0 0 0 0 0 0 -31.59760684381661, 1246.704702005188 4111.740211644528 4349.25988287559 1426.301789449251 467.8837594158542 519.315600108567 -223.8048279187459 0 -329.9653051115823 -947.5041613658366 -607.3852737821662 -597.6243980180168 -259.9534657070434 -429.8553765012207 -950.5540654157311 0 -74.99555508682403 -709.7225051857457 -283.1217812879276 -196.5785585745579 -113.9558066201615 -258.0243682461395 -273.5349646947844 0 -138.8937972222593 -10.81801423318426 -149.4613149219707 -201.9968981056842 0 -216.6372939450787 -145.8860258348525 0 25.17453160296802 -91.59300324680305 -114.5540355925928 -53.59451847577068 -59.91926835517273 -107.6642649635066 -330.9975008436566 0 -51.99845850150818 -395.2424111128337 -15.62176269828527 -123.0236499922518 -205.7152326702256 -37.96568527624893 -150.21273374533 0 -79.21511839189533 -279.5054253540927 -303.3155996187016 -16.23447403284433 -13.49847153949953 52.86575778058786 -38.23853367461942 0 50.0106228842463 -384.1380097689459 83.3413125260691 -18.99518529253224 0 -209.9074573775792 102.9900193742477 0 -24.4927237675782 311.2522504099927 -263.0381000637615 -32.32325934099228 -252.5133874888992 269.0100068749973 -87.54587234942674 0 15.26103259050532 112.2946316972991 -33.79507550030038 -145.743332132191 168.8333945528662 -624.226837652207 152.3292096518458 0 30.71636815430313 -60.87871557525605 -11.51956986978808 11.43362316591241 77.45869666656058 -164.9102966408449 -537.204566148637 0 -121.9125659017228 -108.3956178686821 -436.6369180953531 0 0 1.510939770744544 190.6030503305999 0 -100.4703521514036 -32.26412473076012 -185.576048046693 -494.1746635695148 -152.1086070081525 -163.4229169609995 -167.1378705500496 0 -143.3602729737094 -151.7327927845845 0 80.94121338338798 78.30586646583933 51.93453753239265 143.062601025502 0 0 -254.9838026409841 -323.3098114603818 0 68.61395401362121 -292.6654327030932 0 0 0 225.3213276830303 11.34719916044372 247.4279365551645 0 27.49627456343629 0 0 -74.4701560354729 105.1272507397057 0 0 -102.7813754368795 0 242.57732074494 0 61.36484968102704 -21.36875816829161 287.9147116781053 0 0 0 0 0 65.35044899080239 0 0 36.88022602028232 0 223.3697335812484 0 0 0 102.1298488574445 0 0 0 0 0 0 0 0 20.12329486573228 0 74.54392266540361 0 0 0 0 0 0 0 0 0 0 0 0 -12.91074545379281 0 0 0 0 0 0 0 0 0 0 0 0 0 0 -11.13073085834894, 204.4316812059467 547.2642979892573 354.8929110589233 -23.21494026161115 -106.0538393361332 -555.298473144084 -594.8007355844076 0 -228.2136144455716 -504.5294762266982 -271.6910951144185 -245.6238840285787 -79.63616198777591 -117.4961624146356 -245.4584220837405 0 29.02046763902747 7.833695966114796 50.73444962293231 49.43632392560764 1.686062338709306 -29.23771620193145 58.72496081001706 0 -12.29521379176607 96.50564131374308 144.2825307680683 6.730940017630445 0 23.02643285891827 -217.0710858207301 0 34.96371139115293 -34.4335952480288 -11.35487138516527 -206.3675266740037 146.6276222861764 2.048509579102557 -154.5857619799588 0 -102.4275660497092 -193.4515944467795 -31.61439892238024 32.94633070544451 -160.8452752047714 87.13928781827511 -267.1940372971153 0 11.12229129081377 -177.5154892160549 310.80674281776 92.94980684708153 -77.89592105173233 -27.83227107486078 176.0948720521963 0 106.5261536841467 -72.75544245674278 24.59133463865056 208.0326262877007 0 -65.96146750740695 25.5995961574388 0 15.92695226777166 430.7028808546876 54.88138008989353 -36.38442183330523 -94.67522975508636 314.904003963713 194.1409601797664 0 -31.18284364691391 -18.71495583408346 6.679480349492948 -93.35426485798484 129.4691925799709 -259.2555419152711 240.2582370013417 0 64.04369712200722 157.4953464584435 -12.14893565052306 146.4509731069524 161.1931320720354 -183.6003464143332 -492.7148058618004 0 -57.40345310802738 39.08685823426838 -202.0705362783143 0 0 120.8458213867143 278.347086364926 0 -103.8945516061426 -139.1253252870731 -79.66878836917311 -432.8647389046897 -115.5426487296693 -101.3297855061117 -48.02746143207278 0 -0.573037836541328 -143.2292967303794 0 117.9978254020826 -8.542763531673032 130.5917891551265 -261.3936421165479 0 0 -185.977741068557 -333.0357576019948 0 21.52553671915645 -119.2369598962944 0 0 0 -108.2428748041071 89.87508205342277 -89.79487419106336 0 -225.0461835147856 0 0 -55.07021207811506 21.53638428750901 0 0 -51.51204373633922 0 -95.43825581378933 0 -123.5931125082608 10.83658331158516 -105.0863020679593 0 0 0 0 0 35.02142591840942 0 0 16.58925060461499 0 -107.9605396714814 0 0 0 -9.146423367886237 0 0 0 0 0 0 0 0 67.78653267363417 0 1.028564939627207 0 0 0 0 0 0 0 0 0 0 0 0 71.03572833630017 0 0 0 0 0 0 0 0 0 0 0 0 0 0 17.35113312517593, -0.2564593807087192 -64.94252127717149 -183.4081101884252 -138.505969526847 -115.6973738633315 -400.1037970251097 -365.0896243522377 0 -118.9990341184812 -245.8524306575351 -118.1947811573416 -109.7651342600071 -19.54575816850933 -25.42435961669393 -48.8673046770833 0 78.44707238865814 248.9127168928636 178.2626159140322 69.50014622109367 102.2739708462757 114.3187894214326 49.86693112150856 0 7.610727758916966 172.142130379844 365.3569458601373 140.3114864426834 0 90.49367487909845 -31.96526119836489 0 13.13139323344956 5.292819817429212 -6.09774034933595 -96.25805705074931 149.5474550707113 108.5710584462558 50.33004001637187 0 -19.0825122759102 -33.43608778533029 -34.51630012234639 60.82818677544372 -32.10483929661218 151.3507005285279 -119.4342360777518 0 -2.035362172995676 -21.98331727447604 301.7129141133215 91.37710226925027 -106.8860006000303 -21.42126508741583 307.7457854336988 0 107.4231645234326 47.21095906681958 -9.265933569625474 226.4759073089733 0 -142.1796207120112 -59.38614120550682 0 22.94526978174325 193.5942159575659 36.46588478124139 20.19387249958548 11.00549749062718 361.2369157914177 163.3479650637405 0 -82.23420316057212 -196.3783322336275 -37.18393297758666 -244.9161566570876 25.50702166903258 28.59650891600059 162.4549809780668 0 -1.248901905303249 169.5714980296532 31.77039367098568 138.0019197512653 202.0886891584169 -248.6165106702926 -365.9383998370919 0 -55.49312229137673 37.82769978010204 -55.62776344664171 0 0 125.4172157805997 54.9830875652199 0 -19.97580087092007 -22.60843136555583 -2.13941398344322 -111.2970224269688 -101.5443199701927 -234.1463706027386 35.73943739973518 0 48.94944809239039 -50.03706703060575 0 -25.35928981322691 34.79055189874995 22.97228473045199 -154.2691803789853 0 0 -56.95618481207337 -216.9581081715642 0 -102.0450125765048 12.692563614197 0 0 0 18.57172606840521 -39.80882122376931 -121.3711552125455 0 -173.9024315793577 0 0 -12.58445707845925 -119.5222946308413 0 0 -9.845965231042516 0 27.07145633368435 0 -55.75845161778753 -13.8805675385158 -147.3994543136228 0 0 0 0 0 -14.46551305060397 0 0 54.81606003573873 0 -13.65846963226352 0 0 0 -22.73462013951832 0 0 0 0 0 0 0 0 85.41118044997675 0 8.486623388083913 0 0 0 0 0 0 0 0 0 0 0 0 50.99598502571586 0 0 0 0 0 0 0 0 0 0 0 0 0 0 8.445194509896176, -12.59935825367859 -77.81118460799797 -145.899461581514 -90.6182777405154 -84.45885759361543 -280.1201035356207 -236.7249983678414 0 -94.64136383766507 -192.5735594033356 -158.6913913873991 -119.4484291322433 -18.30390720721851 -63.84501954094296 -77.89176704126461 0 34.42826253192731 72.03435390611409 74.45011659585128 2.229305381109679 97.37476801859434 117.4922309995674 -57.17797222619912 0 -0.06647188777131419 152.8268068187139 240.1370602620192 34.88871529506515 0 57.21830940430985 65.53546976168937 0 14.27470931509855 9.757860151869195 93.65593181379768 142.4803784644047 21.7255090625268 43.22746853915733 106.3384105709738 0 60.51390188635161 69.79621739495666 3.193489981408337 52.89548729367345 41.39242807864044 169.473449619499 153.3836390309091 0 -29.08080186512256 107.4630673882896 -1.006617733532067 -40.87331279567516 -45.87120967961746 66.09796939626474 175.2638540179476 0 73.30803799831295 -48.07189553897433 28.1055267970125 91.28745163624315 0 -236.1838232891994 -232.6282487966528 0 4.236096123852272 -125.0374239087926 -133.9710484634411 17.35721025242463 5.656802717362751 200.7465020002763 -35.37560580076479 0 -157.869759878121 -243.5044895199433 -172.6743935483199 -376.9290031928368 -50.9902294299911 -76.9638874474203 35.35042367009525 0 -66.27682628317977 21.36165435438303 17.10731800716207 90.42079295967366 118.5520781520959 -270.030372245496 -282.4301318589762 0 -98.45794285748501 5.448325532527505 -68.22561580576711 0 0 76.30763994273549 -39.45547396839768 0 72.37073640543824 47.95927483142494 95.13958673979668 104.0702699277633 -118.9999384031123 -281.4623736499815 124.1121825662953 0 75.9941858628716 81.86689808142546 0 8.075070570460383 56.52505430955768 18.25748795570163 -33.1274335478769 0 0 51.22089313795924 101.4280079423075 0 -70.17973089788921 148.0181423831988 0 0 0 73.62792512222143 39.64646405451364 -16.73526802560184 0 -65.9059893485679 0 0 33.45251156353969 69.629359918386 0 0 35.04208105997881 0 67.1127399225723 0 -14.6105600168485 18.72354892550047 15.45587893438914 0 0 0 0 0 33.41620497551438 0 0 28.20783965651871 0 27.16841665253181 0 0 0 32.92412564090347 0 0 0 0 0 0 0 0 8.045363171758417 0 12.75858508752638 0 0 0 0 0 0 0 0 0 0 0 0 -16.66250160895719 0 0 0 0 0 0 0 0 0 0 0 0 0 0 -9.120194087988921, -25.12377021305232 -107.3789263621818 -134.8239827745874 -38.96184401107439 -36.51265728092362 -49.51032485903603 63.1159684356341 0 12.48319870616226 110.0076396586398 -42.65184577230802 26.84103698201727 49.95746115195463 -43.87776063643846 41.35120154807447 0 -1.238678136105285 -17.08621715975326 -65.48080176467539 -99.403168824343 -13.977199104036 -19.00166874678506 -86.75824363512532 0 -39.30978035516672 -44.34321560277462 -211.0798287003446 -128.4329941080646 0 -91.54008095074865 -20.18957378363146 0 -15.23505563976769 -76.62414601539142 169.0065040404519 213.4247026019106 -81.20418640007588 -153.8822127141769 -72.29853916179385 0 65.47263327747015 157.5908827191163 42.0158287590657 8.838915120202209 48.86771430982336 235.9909885374841 356.872782419682 0 -6.627315824880235 96.35432141388992 -87.40073186254216 -90.52687336843387 57.82629193440555 220.7978884142129 134.1529702257661 0 -2.750046323261973 6.057412365484993 168.3239761792634 209.7801749567336 0 -235.4544027486848 -342.9769393630708 0 3.956275178744469 -101.4337338186671 -0.8110272777113892 -98.23509367117606 87.76653687378808 -25.44760562451853 -5.395193601594045 0 -135.444792009232 -111.4976851970356 -282.1545843186875 -268.3018712787656 -22.8325526048209 -20.17196379134802 -106.0705788124918 0 -45.22629451838002 -21.84489881633182 -74.13040979664763 22.28647529221093 -97.29705615673129 -189.4378789211456 -66.32844495655402 0 23.31312196524046 -81.81267962820678 -35.64512183901343 0 0 -33.92402275307973 117.1761060831785 0 57.02260928401954 125.9213810060526 59.74410260480972 111.4624487208038 -95.33589621328811 -59.22050084634726 139.6229672996823 0 68.81961529223219 111.265849101645 0 157.5150729421458 35.2076035818719 102.0715499274219 -25.82389472533656 0 0 64.91812981671046 274.3888800579558 0 56.2538102494244 170.0478601809778 0 0 0 -66.58968064794986 207.8410357742282 3.288898239540742 0 -65.5591056243567 0 0 43.97649858439284 284.2846087587616 0 0 44.92276396388051 0 -97.57619629687201 0 -82.67976570779614 64.78211764965025 51.3280050683969 0 0 0 0 0 88.89408267344004 0 0 -25.57746650006489 0 -112.3189355084117 0 0 0 43.54697534682654 0 0 0 0 0 0 0 0 -42.5661964403625 0 -15.81487321068807 0 0 0 0 0 0 0 0 0 0 0 0 -21.53043948664713 0 0 0 0 0 0 0 0 0 0 0 0 0 0 -4.714600790398206, -26.44758269199934 -90.22973517299957 -52.82977929583879 42.97318569800065 5.162349433968036 192.0583425564356 353.0566755005467 0 147.4340198190214 385.1805682368295 5.609743065459725 110.8883638380816 123.7546424601683 2.614053039080762 175.6749993209612 0 -47.89646970379236 -109.5870704535396 -232.4648365653692 -166.3190160520417 -157.0580458591764 -191.5001326586501 -102.6606675339618 0 -88.1903153945191 -281.3395780099836 -610.4207755780604 -244.2600987084917 0 -326.784194397736 -103.4706016091479 0 -107.1722527321943 -226.4345051786599 16.34313269318125 123.7340665942279 -155.2242427078155 -222.3337965561005 -292.1103301513477 0 53.05599464359455 0.2630937749588469 -66.64150398546681 -109.3653491671386 -0.8483436325662161 177.3611058250261 382.9498414499887 0 7.981802087142626 -28.27612198577839 -155.8851091657558 -139.4808201085592 75.68207427876321 225.136707709165 2.623022889009746 0 -91.2520334930758 53.92740189089986 231.4380959651759 286.0399095490061 0 -296.1395634041138 -526.2568926655338 0 26.24097196468256 -29.50413231543787 204.1583073192759 -166.4529811795521 183.4130526867324 -127.272660738485 69.08086180422634 0 -146.3263641583733 -133.986691238406 -241.1643033837751 -192.9230501113871 -67.55864990452247 184.4968896795788 -222.4566952245758 0 -11.37556817149897 43.77832920071974 -111.4953625046448 8.142567842222981 -190.2380906631048 -137.7724591621457 11.33705151773992 0 123.3796591550725 -238.2370547495188 95.25675088983141 0 0 -119.6357818353877 126.9649365820033 0 55.0472048645137 192.555220212399 17.47543420161896 83.51656083823825 -44.91769142290173 50.63279856540645 28.77112722858121 0 -11.44909235069017 134.4478317435924 0 129.0175414781149 24.0384368177559 95.10916640697133 19.10452366528332 0 0 58.2807124757521 190.0494942686831 0 94.55545006383018 56.11252987596258 0 0 0 -111.2758264797031 154.3960505267462 -7.205217580052754 0 -52.8663682057993 0 0 35.72582449614714 198.815930334236 0 0 14.5113485779728 0 -138.6372156299438 0 -91.00924954542917 38.80758684805552 17.45324511129414 0 0 0 0 0 52.99307431241665 0 0 -38.42782994119727 0 -127.1140353402225 0 0 0 22.48702593154149 0 0 0 0 0 0 0 0 -45.84323172790055 0 -18.23666522472039 0 0 0 0 0 0 0 0 0 0 0 0 -17.01511614491356 0 0 0 0 0 0 0 0 0 0 0 0 0 0 -2.515312078328536, -18.56636177397752 -48.79307678705396 23.6946187648891 88.27040828803393 2.221340147667924 218.8091906313259 395.9555540916742 0 177.0851645938171 432.1507803778181 -72.65734952853943 85.93392009150607 184.0677089513192 41.63371902117899 370.722288008189 0 -79.12023748449039 36.30241110853063 -224.387309092999 -57.5122868000874 -126.4114110239728 -41.31734478252868 52.23436834351419 0 19.09262090650302 -316.6632850281121 -461.6578046775604 -103.6860131509976 0 -128.7730211918647 150.0011398825017 0 -173.7225133574778 -203.6334483521111 -18.65895377508923 138.9913814557674 -143.8232952993902 -124.1956679450618 -223.1858507690409 0 154.0499159760257 41.95692072063747 -156.1130540542603 -136.2858858157497 -22.69957530691622 214.3669340849723 413.4439134820756 0 48.25966586549859 -132.4048381663343 -218.7622907742584 -230.6022957295783 122.4814563625184 260.6003757658573 -217.0040964565103 0 -44.48504314718941 -24.55902843450525 271.3343372347493 239.1938000259202 0 -206.5740546288889 -506.6027526665943 0 8.383301547756991 36.55727717518086 307.4938035898507 -144.0184357836021 121.0020965802157 -129.6413231519385 -93.13644639350454 0 -187.0316937752724 -94.8276489584477 1.328953683663038 -98.41470690556298 -148.00707683852 -104.6608411467644 -139.2739047248833 0 56.78702355338042 52.0381258245808 -89.50717782979281 33.17610751778154 -84.48013002624998 -35.92502850896847 -135.7205111936983 0 -105.2289665528322 -208.9198983782179 78.4989937486047 0 0 -48.04888191676073 -42.28658851869976 0 91.3135740895157 -30.49518399359729 164.7325475782928 50.20381996634904 -0.6621960618853251 -171.5222060854811 -39.56859836973074 0 -14.69245329088355 164.3795779872345 0 17.96026510006061 -22.62840492690628 94.18562542756794 -106.4134408133406 0 0 123.7760971502807 82.51600299302004 0 63.70977588282502 -12.23642572935029 0 0 0 -28.70862443496488 44.57276542237219 4.801487497581647 0 10.23408166518543 0 0 45.3059610907175 56.8231601768769 0 0 -14.10622494632442 0 119.4297406078026 0 25.28583482750212 -5.910289682242374 96.25353630526331 0 0 0 0 0 4.919976468226007 0 0 100.7125718049312 0 236.7083254748537 0 0 0 47.60971284930055 0 0 0 0 0 0 0 0 194.1654427781896 0 90.09982991484422 0 0 0 0 0 0 0 0 0 0 0 0 107.2055057589752 0 0 0 0 0 0 0 0 0 0 0 0 0 0 16.3616199933725


GFLOW: 0.576 0.05980499954393785 0.06031357930663867 0.08050114419608453 0.08107868051332326 2.986194363686425 2.986105435362854 2.953124234706238 2.952776492151777 -0.002583537392615491 0.005991110850055567 -0.005005246622470524 0.005345671883975479
q-corrs 1402.869196319028 5075.935347931028 6020.779401773686 2314.383404096409 979.4345743718435 2000.506019350981 821.7125126112267 0 -97.59725580233379 -568.5196025446162 -442.3574011437322 -519.9751896769008 -249.0049721272187 -466.9474545853099 -1050.319436140274 0 -88.6463468650917 -857.1356657201768 -403.8175719008523 -308.958728029202 -172.7655701669665 -385.0694667591799 -396.6300305054367 0 -211.772995258681 -85.27509892985188 -271.9577802977284 -216.689467286991 0 -351.0491659197762 -87.04828905372649 0 -2.240844095720719 -114.8879468895113 -201.0894954321221 -16.93071743721275 -127.8210119515427 -73.03801710983302 -258.5965089915561 0 -5.288335962354358 -347.6623632779773 -13.58457320834672 -156.9676670504189 -117.4741673222218 -82.76496961873156 -51.43370875859693 0 -115.5765031792795 -195.6812531732626 -464.4024896808091 -10.8747221819764 12.60104049940967 68.3161931346007 -42.11398528099838 0 -5.978569635747604 -395.7856246682036 71.92325976719142 -97.7455627884332 0 -222.8523070450538 150.1372435786733 0 -26.82687561991004 151.7505919044419 -366.7819291285238 -0.1742636138252536 -245.7737018374767 155.0052906493343 -181.4550889931562 0 36.20618097952497 105.2757605604207 -55.89964515890092 -170.0678730146964 113.1961172571857 -520.6245589836142 25.13671025624334 0 2.608384458342169 -146.0624115942803 16.29148500125085 -103.7885856752388 20.99932330234415 -163.5433977603479 -440.8940953747819 0 -102.0385086490867 -196.6148956704332 -393.3311246478015 0 0 -71.5853036888022 -14.01405766232366 0 -63.64748716843373 67.70627643868141 -255.7021694376645 -362.4496193173588 -143.9434942895324 -198.8489628861587 -207.4053837269535 0 -186.4171392439542 -107.4600048069913 0 -41.07354546030132 111.8216599283191 -65.38762962459887 395.8645000741037 0 0 -244.5832139455018 -297.6806539319358 0 43.68638314927205 -319.4781566490855 0 0 0 391.1832272145721 -104.7021709883307 345.0764626888674 0 202.5246416321607 0 0 -72.76606672481699 25.18158874497523 0 0 -102.5298382312935 0 403.6569342806615 0 177.8484200794534 -42.84022927957525 376.7169743526324 0 0 0 0 0 41.2015642502049 0 0 70.61466436134316 0 370.7025686250172 0 0 0 109.1451851972701 0 0 0 0 0 0 0 0 38.71509327619749 0 89.05408125769898 0 0 0 0 0 0 0 0 0 0 0 0 -27.84048026670502 0 0 0 0 0 0 0 0 0 0 0 0 0 0 -16.97236408175535, 849.3815077427009 3020.734143698618 3489.185359791474 1284.469522065313 510.0334385305363 901.379324256472 214.2349083937294 0 -157.5686244658549 -561.2951516642893 -394.0535046118284 -424.5166106068499 -189.0184210167606 -337.6136033365797 -747.8650804308867 0 -60.88170425105336 -584.0061609575174 -262.8257738055619 -178.3597758059363 -117.3577251692936 -260.3699213197143 -235.5299304972224 0 -133.5448268660835 -40.73938437793596 -175.8180694590613 -169.3724968049256 0 -225.2357049002094 -141.7382576769566 0 8.165673955557896 -87.86938961884155 -132.0466962465824 -74.62124459676228 -54.07941801129293 -76.76642220226391 -229.050224528783 0 -45.53686503392764 -301.2394134430119 -23.93989338152492 -89.76963138966823 -126.1443784948511 -45.41667519080823 -114.0830044217847 0 -69.24578184587983 -177.9834924110297 -233.8351799082753 4.438429843743108 -12.60039741234793 32.79119292255115 2.352895109046358 0 31.10749177470568 -284.8318044658409 52.06454098335318 -17.69155969103356 0 -147.4178321508324 109.1549950100956 0 -15.56213205191555 222.5678527802995 -228.5586391642217 -17.19268818589966 -195.3394502873726 175.5197191925357 -63.55232229571878 0 17.53459583797201 79.58819922858683 -35.28914828732027 -118.6918000356062 115.5992364812466 -448.6922187441479 94.46579311912367 0 23.0203061275545 -68.76235834075248 0.3811769350037633 -27.74290338670723 48.89237368030321 -150.1162380725011 -441.2397983633796 0 -91.47971627466592 -105.0161960568481 -344.3968025525103 0 0 -9.278846822536341 91.64474439461709 0 -79.32300421910625 -29.30843127323811 -196.7425990915473 -405.6378433564796 -124.6634409215159 -160.0790328221678 -144.4407470122381 0 -112.9686142661339 -126.9543808492207 0 33.20290744416438 51.85739632951048 9.891880028601662 120.9167147282435 0 0 -222.8454520054146 -300.2218287446354 0 38.38123482630391 -235.1199308491742 0 0 0 170.0043695428037 -9.113243912834392 182.8231861415093 0 42.47598276453947 0 0 -66.72576329901948 45.25100653138934 0 0 -78.58645928186387 0 186.9416838064437 0 57.34457434141362 -14.31286568588436 205.5918803066603 0 0 0 0 0 45.46608813748313 0 0 35.42302549968839 0 169.311770475889 0 0 0 66.92292539855998 0 0 0 0 0 0 0 0 26.68109499055465 0 49.0770241808562 0 0 0 0 0 0 0 0 0 0 0 0 -3.567827455944876 0 0 0 0 0 0 0 0 0 0 0 0 0 0 -6.105883878295632, 176.8208475595809 554.852886274575 508.95043253033 105.3084932125055 -7.930982043140492 -233.0745893149892 -338.9725490074567 0 -160.6518976961256 -381.3370102806427 -203.1477812020713 -198.5950474736102 -78.87101357335118 -114.3556972204611 -249.33573445284 0 12.62428957818343 -67.33421211104792 3.641586608349856 1.354108535895694 -3.978999532133992 -39.18368258401021 -2.557837650058914 0 -21.64677454464504 43.51578175119514 58.27360024988492 -13.13112664557533 0 -4.917466669839385 -136.8276291564687 0 9.387979230028588 -37.05682964186149 -28.92490382222823 -135.0333969545976 82.71670474954621 -4.036393152401985 -92.88359700464338 0 -60.63537985756588 -145.8752462725237 -44.00663817576483 14.59182561812922 -92.49454622936295 47.55595712194584 -161.054419938876 0 -4.143822244652281 -99.45804448456583 156.3821875255441 61.73596529429898 -58.85271752746396 -4.245792770870835 155.9025705640487 0 78.29901839884147 -65.52147184738726 28.00457127912759 142.9603265763978 0 -55.93646329104875 41.516110834001 0 9.921567020587524 301.0403110313962 10.09084725917813 -19.37827239181725 -68.08142740948603 236.5926446127833 116.7875527481112 0 -11.09600102318139 4.752795646883321 14.64890792426527 -70.20136021709516 94.61543419084299 -206.1268697144042 162.950590070588 0 44.08072859491163 80.07745259344847 -4.450360414916198 74.72401872886718 101.0496369037422 -137.7311779660548 -365.2872906628935 0 -56.59866471920725 25.84295372744138 -187.1666359181216 0 0 72.49178249651908 167.3547854783751 0 -77.03170239659343 -115.2689351670972 -94.89242747076824 -333.9614683618077 -85.29092685928578 -111.6595061036141 -33.27252802541208 0 -2.103548216187608 -118.6474082890899 0 78.6609313194438 -15.6888711555838 71.988305803244 -195.846963886479 0 0 -149.2415117091567 -261.4328420223621 0 0.203218187933679 -80.88640178088049 0 0 0 -82.67621468710354 63.95097907778043 -57.17400085210408 0 -143.7371949459044 0 0 -45.54330683368342 6.105620457609241 0 0 -33.0949395889397 0 -61.57123984051258 0 -76.1197261873143 11.1144868435486 -58.7050180482731 0 0 0 0 0 25.41608835282569 0 0 10.85070601505248 0 -62.59695883857256 0 0 0 -4.095186182779005 0 0 0 0 0 0 0 0 41.77786363275437 0 -0.104126549283281 0 0 0 0 0 0 0 0 0 0 0 0 41.676436502013 0 0 0 0 0 0 0 0 0 0 0 0 0 0 10.23331470103919, 5.602712779601532 -26.86883415527056 -116.0098564528525 -98.66536579436806 -79.57240551012666 -298.8396277584019 -284.2855744041314 0 -100.3991865213133 -209.5967702390481 -85.18847187742946 -82.87890178142561 -31.16962487327753 -29.43691571011816 -68.23292075291744 0 50.73863564610505 140.310473570436 119.6384279828648 34.81016591875867 74.0450056306118 84.39656726544533 22.98498872493665 0 8.822412451526525 103.4238260322115 228.7153483474238 94.91398454947173 0 81.39881926123572 -0.5277710050266933 0 -0.6939673939418256 -1.179315243481749 1.421855312520545 -54.73872418618441 100.0189965659956 79.012679638845 48.88627302469258 0 3.365742095939098 -18.20691071842823 -46.02897204249746 33.36421365423904 -14.94573963606527 99.0589920183677 -55.38690946362686 0 -4.187509764808821 7.322994511991929 174.3965992174054 55.92748684823242 -76.64267581923441 9.041568042946153 230.9297848487783 0 86.33824076693318 19.67607930623588 17.86385473020926 170.0189596236031 0 -107.9127141011179 -34.45117893991542 0 16.33696357662177 156.5378020856682 37.43721134657103 20.06068075019066 6.834942099968131 278.8083920111769 96.25338277874049 0 -52.62198802439511 -109.340337880186 13.33461870743301 -157.88035498967 20.68162233207162 -18.40166881324395 122.1970954094633 0 10.17383347480572 107.5667631854369 23.47912363324241 92.15523868118527 134.8053006760015 -167.7337489604475 -274.5838180069866 0 -53.81817026301475 43.79271476808582 -63.46752236478061 0 0 85.42203649502031 43.76999164215424 0 -14.9940832431366 -56.28487560208312 -3.229468393534063 -101.9341114136309 -68.29593084922416 -160.7372244413215 36.27311352821194 0 38.74448732947686 -39.09503549411372 0 2.63154244754007 2.195999705233437 23.13492487640913 -152.966422400213 0 0 -38.76128895374158 -133.0009691243277 0 -60.63150173623909 31.55062997130954 0 0 0 -30.4735390641623 1.094403921402161 -90.95064761024796 0 -122.720410994701 0 0 -7.948628429565932 -58.79188461003406 0 0 3.677398136548669 0 -8.198016727899599 0 -45.92782698267555 -0.2317219750440778 -98.76032646815027 0 0 0 0 0 -6.348317018916451 0 0 31.86163753259793 0 -17.70868661795196 0 0 0 -16.1994292218738 0 0 0 0 0 0 0 0 58.03304758512107 0 4.646739560357621 0 0 0 0 0 0 0 0 0 0 0 0 37.72499259075208 0 0 0 0 0 0 0 0 0 0 0 0 0 0 7.096795493598387, -11.09055196311613 -67.28499562013877 -126.783934487315 -77.79694220201542 -63.85223352422417 -217.3772437034194 -185.6249778431974 0 -74.89483788747287 -150.3928787221076 -100.0552191303423 -80.53299671182295 -21.30302988156986 -52.87773421767506 -81.54447681888942 0 25.90518179743087 45.6497659235739 49.1389337140812 -9.450332549522312 58.81749683757732 67.80578859153141 -34.02384969871777 0 -0.08667305165139183 85.48264369653421 155.0230857077014 40.78540126376069 0 56.71624782462037 61.09397080898615 0 2.07241103055167 9.84922123959354 55.41388641067019 86.89507674221716 26.05167722457562 40.48900388498899 79.74675889496555 0 50.76166805321184 51.69794428645006 -13.92502804798497 26.39977946782038 27.70283518788733 114.2323437343649 109.0336014549011 0 -16.47375499764133 73.00814955373556 -6.992869968868114 -33.05291359598649 -37.4930801542225 51.80796198380217 123.3257360354934 0 54.53714671198864 -28.20738181091426 37.33691324869159 86.75191549057764 0 -178.3593670449371 -162.5278132928485 0 3.787266293235421 -63.75972700204417 -64.44208381344089 13.79973556433202 4.520771674323569 155.3671233019674 -23.27307486947959 0 -108.1601607829202 -155.1393975384027 -91.2008027607001 -254.1460040818377 -34.86828337476961 -48.84255714753971 27.77305681671901 0 -33.34270430824002 25.08159510718261 13.33628812379408 67.64594100185552 79.87426028393273 -187.502977131886 -218.833575982542 0 -61.32149892420117 3.055809622841437 -43.61250523870274 0 0 47.25906086357645 -5.060037412618385 0 45.30513464359372 2.085268407667819 65.76808933294052 59.04272991421136 -78.06999895444201 -160.8947334578712 90.32543149222269 0 49.68660724880346 57.06677008600543 0 24.93581752685548 17.65907375757644 26.16579898429488 -56.08529390147957 0 0 41.1565003815887 88.9753730841566 0 -29.32424726349154 119.8536934789648 0 0 0 3.198526746790741 54.18190448076263 -30.02918956794264 0 -52.01384500337264 0 0 25.47177236895768 62.17667288683234 0 0 35.03561869276341 0 4.604693978413579 0 -23.75772779407267 21.79507029621236 -10.14891079822349 0 0 0 0 0 21.52225525958268 0 0 8.869982199195732 0 -8.767240096404848 0 0 0 13.39336414840008 0 0 0 0 0 0 0 0 1.624937135864194 0 3.019418207991636 0 0 0 0 0 0 0 0 0 0 0 0 -6.603484584459975 0 0 0 0 0 0 0 0 0 0 0 0 0 0 -3.793020356570161, -19.90642732044418 -84.77179654145449 -108.7200562782855 -36.07711416744737 -28.24336188635899 -44.48719173212864 26.13776787325801 0 3.822020580233389 59.09217218449581 -15.92597714603554 16.16803546204903 26.37508081018079 -37.42330719517366 -4.082960464410576 0 1.762711652694126 -17.68490214262227 -56.17577313388247 -79.20361782390609 -21.87312342073029 -39.58751508406046 -65.45197126663329 0 -34.45709215853591 -49.70787426442217 -148.2368484730876 -74.08660751215412 0 -78.11555161854287 -4.026058244959373 0 -21.53489239407239 -58.41695959509931 67.97242049464671 114.7251323241641 -57.70898061282251 -75.34550702354746 -36.21766573197296 0 54.11196657790152 78.751908328469 -6.191849031868692 -3.00460885947426 31.86925260283266 132.4230659182485 225.3146626490409 0 -4.667366580545938 56.35078794040915 -65.04562667636129 -67.31413272953571 23.11653988496047 136.4499152531552 84.64665569516046 0 -8.870923010984637 12.17815568937127 119.5747166872959 152.7675379940281 0 -186.535764288164 -260.333207388821 0 3.481273874562995 -77.69884052082111 17.96188978053613 -68.20617176704897 68.7420428501251 -3.470762482497584 2.567607768511806 0 -101.6439378592704 -90.83540611464963 -192.2237248464006 -207.4849026869056 -26.70128390152826 32.12368991377029 -78.43410758133024 0 -28.4312815428363 0.9809087493669253 -48.1738955175351 29.12559328919759 -58.76126787051588 -150.7166210037072 -66.67817137441286 0 34.49216882024628 -78.53100640890818 -3.221189869459863 0 0 -29.80156085789077 93.74299835497332 0 37.06628149434742 85.80346953109081 40.28825216523465 96.47685858795101 -68.16125680444867 -11.49727718163203 102.0843098457982 0 42.93977996510065 86.38374650275398 0 115.7739890374145 17.0609826118908 76.35079107983245 -5.490523540081981 0 0 48.0060908731587 209.0507880108282 0 49.63170640578227 135.9681257265514 0 0 0 -60.40946870668895 157.1146007212871 -8.995712576373496 0 -38.17328692277242 0 0 30.74437827856892 192.1716967273172 0 0 41.56041636367407 0 -91.27549325866407 0 -60.01811840476354 50.98563847872502 15.41231737830626 0 0 0 0 0 56.79415039038896 0 0 -29.11953427148921 0 -99.03196131697119 0 0 0 21.20527965241823 0 0 0 0 0 0 0 0 -42.20980490499961 0 -17.1224648208302 0 0 0 0 0 0 0 0 0 0 0 0 -18.34892221804387 0 0 0 0 0 0 0 0 0 0 0 0 0 0 -3.039665100454539, -19.90076961259891 -65.29912803486314 -36.51985728693322 30.0420192556284 9.925315209086424 149.7863325842355 249.2801471122789 0 101.327033565479 273.628315984466 46.86880495080946 98.99238184145871 83.06243123876739 4.35912688247965 115.7756797478771 0 -26.15400558211282 -53.22704659846791 -155.7505798333574 -122.4572731108345 -106.7502173287517 -141.8647845426717 -76.60582884360878 0 -65.4789068041822 -211.4164695745776 -430.2380851951829 -154.4342348367555 0 -243.4727951610101 -63.2891376432277 0 -86.74906267517574 -175.5702285204543 -35.350075894299 45.04213923966783 -125.6372785305989 -124.0523261282821 -179.2151250497124 0 51.7137010321421 -28.2651389580795 -94.55890132128359 -71.41047458922148 6.33627078464129 90.11968697981121 250.7864829864333 0 2.336982913419291 -9.069164607992647 -104.3705781593625 -97.36100110634797 39.0985480778356 154.333566856806 23.85397127798825 0 -60.45570973299482 46.41424018530596 171.5278363718926 215.6547311164616 0 -204.7086571647017 -366.7823736221954 0 17.63850298278167 -26.60137967751658 162.040207965868 -109.2492721997859 142.56406119046 -56.4053834480988 53.59435079409606 0 -107.0458087625331 -92.25369694336577 -156.6532488311788 -153.5539321142662 -56.02347701260513 164.6669731399427 -141.6940114474583 0 -5.820607129360109 47.81362736193547 -72.62041894930476 30.17093882320827 -112.8413418621401 -119.3307416940402 -0.5353565212523819 0 97.12199851973264 -169.3022503810257 86.5886617668645 0 0 -73.28473367761987 93.42086718625171 0 39.29121198090429 142.7792488606816 21.13313214591257 89.50141194142942 -41.96188992489446 50.98947886834895 31.3024205194037 0 -0.834144159584195 106.4847856621361 0 88.70242881036235 21.06953969511652 71.30149631486374 50.54011367684113 0 0 37.77512452930903 154.6522615284163 0 72.15738920608123 58.31349848138806 0 0 0 -54.55215223971884 112.2887066990595 -0.6122037534519578 0 -14.32584500942366 0 0 23.3032126730503 135.8439562537451 0 0 18.06887157384 0 -80.26012053899393 0 -49.02157446332484 30.98721903477661 12.17219435531812 0 0 0 0 0 35.8576467989311 0 0 -21.60213690998501 0 -72.49928571147508 0 0 0 13.80369143321911 0 0 0 0 0 0 0 0 -20.57531540100701 0 -9.190487464962828 0 0 0 0 0 0 0 0 0 0 0 0 -3.074635024020227 0 0 0 0 0 0 0 0 0 0 0 0 0 0 0.4448704358105742, -15.10309364864588 -37.73967996931088 17.26894907543394 64.16814480285498 15.43644285077928 193.1901609225661 305.6456365684683 0 130.7163119307208 335.9848841500285 20.2691722759089 108.8711711994001 128.0394068048259 39.15901733032057 266.9599994579887 0 -42.5539532313749 62.60226165313961 -137.6297789540053 -57.35065875478422 -85.27300015944533 -36.26122289133929 31.27559189617227 0 9.418530482941748 -245.7996198669517 -363.2691323071833 -62.82258135286727 0 -113.7745177856533 81.91629142394052 0 -135.3910490905723 -180.1590999966017 -40.67152936298218 45.31034971564396 -125.8869925070543 -83.84340362927949 -158.2678605085273 0 106.1312436580784 -9.724560992853611 -157.7405623047946 -88.18662073395828 -10.90328398198294 106.9727182790892 271.2868152790606 0 25.3767215056147 -78.33978918981173 -152.7930371808956 -160.3144842379513 74.3546686286172 176.0910743277863 -114.285792923593 0 -35.53049486226956 -4.456749998195953 195.6902254462371 184.3111444687227 0 -138.3688232337848 -353.9405604737407 0 6.930142588158951 7.99464729005323 216.6929281773488 -94.20241780385254 103.277035186708 -56.29561109886924 -51.38601080824574 0 -130.0422289237175 -67.95770016593949 6.882431364948737 -84.8180864420835 -108.6875088769921 -40.15989004997915 -87.0179169730921 0 34.49457400976924 40.16655830858154 -58.70743169860938 37.59388821241982 -47.50851267287747 -52.68986833907569 -107.4431747539317 0 -59.47769990661035 -150.6132464562602 60.01953898205606 0 0 -24.80566678713871 -45.2840459477699 0 66.19223122429918 -13.37074555307778 105.8945789275541 35.18510710935082 -13.224821208106 -117.7670659797152 -33.53479492320025 0 -14.27155212570407 116.5660241676147 0 -7.950658252172339 -10.57673308535488 50.81692717441729 -49.13333460626508 0 0 70.91482985353301 55.00532645914359 0 38.76476796462145 -12.19150340087511 0 0 0 0.6699445376554038 11.08805824186891 17.60166046632674 0 19.02144997201329 0 0 27.46941416620514 36.09694231947613 0 0 -7.977205943097905 0 104.8182804785181 0 28.46242951887033 -6.384957602859925 79.37215690660521 0 0 0 0 0 4.286130766148595 0 0 78.41970818840501 0 187.4371953376295 0 0 0 35.68088026539598 0 0 0 0 0 0 0 0 153.323929299856 0 68.99610240555234 0 0 0 0 0 0 0 0 0 0 0 0 88.93832564755689 0 0 0 0 0 0 0 0 0 0 0 0 0 0 15.17275979366899


GFLOW: 0.6479999999999999 0.04942857277118308 0.04986105183244761 0.06489290032265109 0.06538647556663005 2.989056795611461 2.988979930100931 2.962050587638074 2.961753235195978 -0.004563501767433161 -0.0005851891592327593 -0.00243895355423918 0.003189805954669318
q-corrs 936.1422011817892 3578.276704559209 4502.203610525713 1850.095613016025 847.9214617377297 1936.526220704663 989.1838464455836 0 38.25897300740229 -219.3226178082221 -228.4746737146446 -323.4011416266006 -166.2623731335211 -331.8097196652985 -766.4569532045734 0 -68.97590609032842 -665.9376912373533 -338.942412221986 -250.9255273082481 -160.9735728677927 -350.5278000545869 -312.5024917980834 0 -184.7769771503499 -94.88680848862316 -274.6357859363933 -182.6465895634105 0 -334.5246104826632 -114.7496994004102 0 -10.34745154996119 -118.3055642370099 -196.6946842978428 -63.21478261014181 -106.1498109133438 -49.69152996352161 -204.4524503971496 0 -14.25176332241746 -279.5171377799704 -26.58356708229467 -119.7930182262031 -75.99397902590988 -85.77960256327802 -53.56068620239439 0 -90.93372857997406 -130.7919873814194 -334.1470843384424 8.292444421763111 5.828242899822117 44.10993249909857 -16.6132683793445 0 -9.157772112863981 -289.5304838977705 46.81420324722464 -70.16592352374151 0 -164.766172742571 127.9221841308274 0 -15.93673206311231 110.4771066137025 -279.6147802069432 0.9854993125617426 -190.5901533285598 103.1898515125908 -137.1783786593917 0 26.54863466814789 64.97511994264546 -54.36501328579232 -138.4495778218011 65.98729699539693 -384.2247799552686 0.9353129906108482 0 6.778174687708407 -125.6418974288504 15.24419421240033 -102.1431248488294 14.72110449576079 -149.9101934115161 -390.8770909063898 0 -80.15491740908698 -188.3805730895733 -309.5541441791888 0 0 -57.74995661231907 -45.61449920923715 0 -53.64429275511835 36.9822354757501 -232.1588431408803 -322.3193831213407 -120.9416343620022 -185.5351162359464 -181.2304317339637 0 -150.5894483730225 -91.61246961718446 0 -48.39520346901485 77.1120220333181 -63.50578650482005 283.9505878424196 0 0 -212.2814117776456 -282.3836950734491 0 25.07277062466181 -261.2792447112517 0 0 0 283.8781005032629 -87.99221247416153 248.5479819514114 0 149.0493939408119 0 0 -63.25046927767151 -2.935433487043724 0 0 -81.35614460763873 0 299.013205716548 0 131.411578952677 -31.01664202815916 266.5420746919015 0 0 0 0 0 29.98939107293204 0 0 61.25674425430564 0 273.4066561119405 0 0 0 74.58307970154746 0 0 0 0 0 0 0 0 47.84058392858843 0 63.81329305639736 0 0 0 0 0 0 0 0 0 0 0 0 -6.034418639620538 0 0 0 0 0 0 0 0 0 0 0 0 0 0 -8.470877337616146, 597.387210885382 2254.310066753816 2783.856576319139 1111.853196902571 492.060028013289 1046.368712128713 452.2582421374166 0 -40.47625819691544 -285.5687884223898 -228.851045934872 -281.3619366907975 -133.9472590346633 -252.7080369868777 -573.971452932258 0 -48.80388633696489 -474.8687920799541 -233.1894542350121 -160.460563022613 -112.978139723631 -246.8940024505884 -202.1112748224093 0 -124.6069825489967 -59.14308132076001 -190.4793046472002 -142.5906802463296 0 -226.5748477365207 -130.8259686102412 0 -4.332118740886184 -89.99857339695599 -137.0223305840859 -83.69884551914689 -53.18111357362489 -52.60287429471943 -171.3203682502995 0 -36.3333278246184 -237.875378593317 -32.29733868557389 -72.19043701388964 -77.97061845417389 -52.22726069581032 -85.29201694527711 0 -59.22338715171891 -114.6645710672762 -186.3721240396453 13.83372434912435 -12.41266607515893 21.98642344673868 18.7549310474441 0 16.7025253191285 -212.0149483874729 36.20448681643704 -15.12455378522246 0 -115.8784218845008 97.10800772677413 0 -9.056139998721818 157.3320850781053 -184.8435689709781 -9.572300034656072 -150.3792986353073 121.1264483113616 -57.82459192424992 0 15.91087704477918 53.16326384246963 -35.57565011739626 -97.88799151227477 73.79348799077511 -330.681213569583 51.7741451814496 0 18.72073084817875 -70.7350731907422 4.381838562184178 -49.31374486879866 31.28506687250496 -130.4446567077583 -364.2290045446731 0 -73.12525376069092 -108.2699118114713 -273.5116149280941 0 0 -15.36274229073062 30.62683810780902 0 -62.8996625523361 -28.59185714972262 -184.5376268733518 -332.08388256749 -101.2462350333264 -153.3090783861227 -124.6748173143786 0 -93.34246124151134 -105.1050750880323 0 6.541292015662151 34.91994414240776 -12.51202874588466 92.30384310489363 0 0 -187.674639560974 -267.4618415970162 0 17.34502757168041 -189.5880174537704 0 0 0 129.2235399941969 -19.36133789836468 134.3195250523843 0 40.93692380267943 0 0 -56.75383455010131 11.20868426212371 0 0 -61.18786868722491 0 145.1922104988915 0 49.77012882870348 -10.80494121504573 148.6461687764502 0 0 0 0 0 31.64190266571121 0 0 31.75701624685187 0 131.0907168925455 0 0 0 45.67152652381438 0 0 0 0 0 0 0 0 28.57605696248449 0 34.52858721832309 0 0 0 0 0 0 0 0 0 0 0 0 2.37917481503972 0 0 0 0 0 0 0 0 0 0 0 0 0 0 -3.013343825673273, 149.0662161605155 518.1354882951285 560.0042798079558 173.9520364438158 50.25912926961445 -16.87961315211927 -149.5258545757108 0 -102.2212968080057 -267.3068263672382 -144.70126948203 -152.9818275143847 -68.47463899264685 -102.4626390205556 -229.9204509239007 0 2.810484570115593 -102.5147536364993 -26.01224217882037 -25.3665301137967 -13.60897056830249 -52.37592328007422 -33.3317120734247 0 -29.61032864788524 11.53129710239774 3.537037698279235 -23.32997966105141 0 -32.02569789152017 -92.82153915128443 0 -3.29278585158729 -39.75027952233759 -41.57704362701459 -94.88158312480847 42.43730476699246 -3.651042626943592 -62.04438833902618 0 -35.78339293397275 -116.7381347246297 -46.26728273466732 1.094623121173441 -53.02522282650548 21.01048647141204 -98.36129283613181 0 -12.41357784633795 -54.43789651689384 67.34472489575651 43.1457120533712 -44.54989339192416 7.137119346758681 128.2486998313077 0 55.24385403790202 -58.5635253274972 28.43280976720044 98.94197346522274 0 -55.54081835402054 44.72174621026675 0 7.094408394148111 211.9861268456398 -9.835483858470326 -9.02509771711976 -54.13116616350731 179.2370591078753 61.93342838602891 0 -1.733155262117645 12.18344587328203 15.82933739424718 -53.74859535725897 66.08676164827308 -166.970587055192 109.9808673137019 0 32.7762938730984 36.26459060566636 0.2621922607922791 31.27243354114982 66.73163290321222 -104.8510791606564 -279.4665920178818 0 -53.01310465989008 13.31177162657136 -161.6893239275217 0 0 45.32333416089746 98.18863400442785 0 -57.47961121861132 -95.13983226998778 -91.34799004694793 -258.7836938678233 -63.67292093497004 -106.6014630801464 -25.37768997150568 0 -3.68304265339232 -96.01667560818539 0 52.60957160499466 -16.69504403256896 39.06968864336049 -146.1580913601229 0 0 -117.6135082245007 -204.5728199755916 0 -9.600704231716406 -56.61291058756331 0 0 0 -60.43577430040177 46.21024656020291 -35.99344101240909 0 -94.03980484947427 0 0 -36.22974307042545 -1.389556064282367 0 0 -21.97318827771456 0 -39.88258462252766 0 -47.34300789379108 10.18058938408484 -32.25700858459862 0 0 0 0 0 18.58494931913186 0 0 6.401340911958044 0 -37.26914055073365 0 0 0 -1.307561292738365 0 0 0 0 0 0 0 0 24.97257410646523 0 -0.4729287811448941 0 0 0 0 0 0 0 0 0 0 0 0 24.51743650518017 0 0 0 0 0 0 0 0 0 0 0 0 0 0 6.098628839619241, 9.195796501574421 1.064219797991257 -59.93226318197401 -63.36337615953339 -52.05961751735548 -212.1726428663699 -211.8456034104437 0 -80.12077262156865 -171.4322523639672 -66.30927794449585 -66.93975791351299 -32.59217051725855 -32.11672107317712 -76.08203327402094 0 32.12967469398122 71.60632316001508 75.0843621198368 12.72749241471977 49.59792178852875 55.74267298878986 5.389486363995893 0 5.012348253830904 60.89379162370298 141.7263790806044 64.14055829519785 0 59.84632580291763 11.58505292833721 0 -6.80190906600593 -4.780259114735241 0.08697869887714305 -32.95942662514848 65.2546651675454 58.95183673882015 43.42984252212216 0 12.80937328148873 -12.26455998118468 -46.42670663713157 18.45051485582945 -4.029330578407738 64.42184863946434 -22.23431767665301 0 -5.94532202545747 20.89093988608894 99.34417746270026 36.30669663893971 -55.37498694153501 21.78032502430344 177.0836299013227 0 65.60780364619561 7.065326288460071 29.07718392888035 128.7519839918851 0 -84.8615511255916 -15.46373079107271 0 12.16548644564736 122.331549393911 31.35638874876975 19.43070987856913 2.566561883686923 215.2886541921816 52.42341815041676 0 -32.12883424942613 -60.30980369605986 34.77527532042286 -103.8747411573591 16.13539101248907 -39.7253813063144 91.04106153979033 0 14.76182231690574 69.24706445932391 18.46997974344058 59.5921844929534 92.7819381603685 -113.678748354772 -207.9649711874048 0 -49.72448150786626 45.25266371863076 -61.96496449920611 0 0 60.49005106800355 36.6923984421795 0 -11.80291873400843 -67.48152741553398 -2.80356000152441 -87.05161174997387 -45.17028212793853 -111.7664290634714 35.17339548481439 0 32.532428873891 -32.15467021694175 0 18.0347032457937 -12.28618368713969 22.78639586790053 -138.2315538488493 0 0 -25.4012147587205 -79.26181732411713 0 -37.32546256321193 39.46541190052093 0 0 0 -49.12436876954005 23.76137057647176 -68.28886796548075 0 -88.81779600590966 0 0 -4.591543561090677 -22.7226761903611 0 0 9.895995540390402 0 -26.18343021665183 0 -38.05406877139956 7.61124248201738 -67.44687949624388 0 0 0 0 0 -0.6759292592357053 0 0 15.80545251305247 0 -23.32122029888378 0 0 0 -11.29477521770916 0 0 0 0 0 0 0 0 35.04487652462092 0 1.021017948402015 0 0 0 0 0 0 0 0 0 0 0 0 25.42722013727676 0 0 0 0 0 0 0 0 0 0 0 0 0 0 5.314341279629833, -9.349347461125802 -55.84560002985376 -105.1158029448274 -64.31415249138232 -48.29108676462638 -167.8157054925384 -145.9082510514741 0 -58.7915653505224 -118.3964450638398 -66.01444285585096 -57.21698502932263 -21.06614011247173 -44.01549168067935 -77.54994983550813 0 19.00703016418966 23.6945710682743 30.05589643625802 -17.01494015017938 34.50028401235208 36.27252604667488 -26.81821129736092 0 -3.57430328208655 45.66823436979522 95.59910666311625 37.2503394164727 0 39.46066715015025 50.60168120992107 0 -5.133872852409002 2.702587733448937 28.46098309310791 49.65639004778743 21.23621182026962 40.05304199429728 61.34424397607435 0 43.28648876510101 35.95539388458316 -26.29834849496115 12.70940746162336 21.39948165154586 72.8520747355295 77.60981525350152 0 -10.32050796870595 54.48327680213082 -6.8523193046573 -23.45185944449813 -31.66789016079251 40.57736497072043 97.99063610613261 0 37.84910734924831 -12.38255765583434 39.55655522203069 78.46671304722354 0 -134.9585187144777 -114.0368292465895 0 4.117641840457167 -32.2110004966798 -27.78193987598282 13.10864533213752 7.076368285996502 124.9978477150228 -17.1679816724945 0 -72.35456157538216 -100.3621326477939 -42.1116330313037 -175.2760150507019 -24.91427990613048 -31.75629125874739 20.60582119398673 0 -15.40346258496071 24.12519783562701 11.4259390189326 49.8056198890681 55.39039144222251 -129.4150106548354 -166.6521632205243 0 -41.62318963858441 6.882853584815081 -31.66887549703112 0 0 31.08903771116907 12.71918073223649 0 28.66921703397512 -20.25017534712083 48.34606913494973 34.74544411973743 -50.66336827231211 -93.42918720100623 70.91194933468667 0 36.87466515377942 38.40363781748712 0 33.69723795457724 -1.259222034176201 28.6441510203285 -65.5835248965044 0 0 34.02648558182347 79.04050235703943 0 -10.46350576578395 100.55224437094 0 0 0 -29.86809238225685 59.6835686698791 -34.54794888002769 0 -42.73038658027002 0 0 19.73950966367745 55.78133561265415 0 0 32.48800842060434 0 -27.2051137176466 0 -26.91097996194569 22.39552515420082 -21.50394101580179 0 0 0 0 0 15.24712832762309 0 0 -2.469102478886301 0 -29.34713356838415 0 0 0 3.625374827163386 0 0 0 0 0 0 0 0 -5.417446914551567 0 -3.173071626108833 0 0 0 0 0 0 0 0 0 0 0 0 -3.967833384663829 0 0 0 0 0 0 0 0 0 0 0 0 0 0 -1.550306723012663, -15.33021171814709 -65.25897490338573 -85.26699337183437 -31.00071164192648 -21.07807438425943 -37.72976444571137 6.380222033997399 0 -1.357076917991028 28.92355767569904 -3.608823933991133 9.350846859037063 11.87177498645307 -32.40540709386291 -27.39759507295054 0 3.645579361279498 -20.22927643873394 -45.47286955059799 -67.08948491669916 -23.14584113458812 -46.19827834570697 -56.54542623133533 0 -33.45688297150411 -49.02124900838941 -113.1670822154103 -42.11173870622939 0 -74.30846688851713 1.855155196138853 0 -24.81242871678931 -53.81955629174785 13.59086929322092 53.94336330138281 -43.57402601579731 -27.54352906704357 -17.82567132112207 0 46.65382069291472 36.54963582485443 -35.44150670160364 -9.029782329044846 23.31037532982587 68.37652343246201 144.2012088853004 0 -3.430123132562478 37.27848344271244 -44.4280609771209 -47.72323806615303 2.870263172464504 85.21742759399689 65.92518388088902 0 -12.33616289639334 19.66687786374393 88.08651343639926 116.1072467973653 0 -145.4104834604102 -197.1021943785789 0 4.097312337077057 -59.0925261705307 26.72768727656729 -43.08917100933503 58.55975971843959 14.27413718563241 6.197579794622605 0 -74.022326822678 -71.96672407485232 -124.7877894213173 -160.0355141629135 -26.01268589018964 52.90292914118714 -58.062675565403 0 -18.03415741932349 12.45894214206507 -29.21454041909084 30.24294560015071 -34.92331976529472 -116.0470786025229 -59.80631507554041 0 33.71847561446273 -63.81116200642992 8.843332328751821 0 0 -23.31983738391788 74.59391766391801 0 25.81918784838039 57.626812012418 30.89542442041698 77.97276171224748 -48.97328926705896 7.855435703950704 76.13197843790699 0 28.59705219287646 65.85849153599267 0 86.87510664603147 7.170793829790923 58.18761158305553 -0.7129155619768355 0 0 36.52856000655685 159.0934023938976 0 41.05537032368539 108.2468186919716 0 0 0 -52.64600596974454 119.4203647162561 -15.13299728932569 0 -23.50558352110008 0 0 22.20542437740895 132.1899080201867 0 0 35.75425410551283 0 -80.47359630447295 0 -44.47001141072579 39.53192867764162 -3.550995565411753 0 0 0 0 0 36.44905065119687 0 0 -27.7701858179636 0 -85.32935116471933 0 0 0 8.652243898172312 0 0 0 0 0 0 0 0 -38.7127206289688 0 -16.79644201907571 0 0 0 0 0 0 0 0 0 0 0 0 -16.01742217421825 0 0 0 0 0 0 0 0 0 0 0 0 0 0 -2.214977444458385, -14.42906437386046 -45.78352851760193 -23.87568453809306 21.56712776978404 11.75480651935795 116.0948210562634 176.6566835651013 0 70.21633357440473 193.5223999159284 59.33170510338464 82.19066546444331 54.17921740107729 3.643628181891032 70.98134309553464 0 -11.68121081966828 -25.34454809659805 -102.9873922924839 -95.59404455595623 -73.83644846133649 -107.373319632952 -63.71001450090304 0 -53.50022426814365 -159.9638748615222 -310.9068020036889 -96.37653371161383 0 -190.9846530752258 -40.77879155554815 0 -71.78074311581994 -144.0865785393364 -57.96107075054462 -0.5142835540126729 -99.78566634153111 -63.04076397214347 -114.8243728225712 0 47.21338958998381 -37.59889688716022 -105.2204506519942 -49.60911900902639 8.78311687516846 35.1514573345271 162.6878802009791 0 0.8015003084305405 -0.9238532607185697 -66.14108786188682 -67.18533920069626 15.25713914565215 103.7803413448481 37.24843975453153 0 -43.47071399681062 45.91061049441707 126.3960410789798 163.481549070976 0 -143.2362313626682 -259.9687574341726 0 12.80133348124684 -23.86248712675403 128.539560566736 -68.06716422069006 115.5712560307396 -13.04502104276558 43.91930111288622 0 -76.58670811252908 -66.28240231628716 -94.99089398141717 -121.2722876688473 -44.67147042713817 146.0774891686257 -92.85109168384081 0 -3.752974962820737 48.14810889245149 -45.0796616390537 38.4097098252594 -66.80150454636009 -97.9884398996151 -6.517101664081821 0 76.44683696068272 -118.7010577312986 75.5638295275954 0 0 -46.20299914894906 69.96256068087087 0 30.84362400337841 106.4142551642898 21.85354143822384 80.24656489232267 -36.20701832517543 46.26562983525565 26.87257983224369 0 1.524010937274486 84.8995109712472 0 62.14507963608936 17.2202139193407 53.0187771284072 58.88849764954209 0 0 25.13271383343574 122.7248269909469 0 56.22038512742077 50.77570859898947 0 0 0 -25.12113820527426 81.41984422331223 4.062337776477868 0 4.118483279293386 0 0 15.82794454790069 94.93905915241135 0 0 17.15712595890435 0 -45.83781879764719 0 -25.99413022435076 23.80219718719852 10.57947825952564 0 0 0 0 0 24.32837681115372 0 0 -11.45396256917142 0 -40.28538220599505 0 0 0 9.077716819609011 0 0 0 0 0 0 0 0 -7.081432376269174 0 -4.049309314011602 0 0 0 0 0 0 0 0 0 0 0 0 3.147323200884793 0 0 0 0 0 0 0 0 0 0 0 0 0 0 1.63467917342612, -11.16035450957366 -25.50404898341259 17.64201564730534 49.34155232193473 21.34331133085291 166.9156981836198 237.2271901440072 0 98.71662574955262 260.9804241349327 62.44494702104607 108.787241323921 89.23565677101037 36.96887186165289 192.5650401246369 0 -19.65162434110694 68.82486626096035 -81.87759294129872 -53.1039200996171 -57.27968158390711 -32.00046669131456 14.35954216453814 0 -0.2923062505522651 -188.6681393053735 -284.7353972340224 -38.85528112641695 0 -104.9680335605315 39.84824297096265 0 -106.1645052185349 -157.7209996991942 -51.61690007477861 -6.890357595345161 -105.1061199443267 -54.46018322693087 -117.4014080937365 0 72.95466705898303 -35.42444056467333 -149.4374131457236 -59.13189187375747 -5.761542118227155 40.00268178973213 173.4022107732949 0 14.28781322461607 -49.18992100749176 -106.4808191277989 -113.6556807130569 40.31772317129267 114.164362949748 -57.40542467932548 0 -29.69800100724973 9.11203104099765 138.8677060912456 138.4645028404238 0 -95.67920458324197 -248.9879782459843 0 5.360094677626575 -8.224832448470274 153.1011508399245 -57.96869539735597 87.49565111332853 -14.26271664125483 -24.34693445055123 0 -89.65377456386815 -50.87836246993885 12.41407024287648 -73.47703112693176 -78.89056949079283 3.473852300678445 -56.70815964556419 0 19.52969292909034 35.40126116563899 -36.036243714149 38.83034548800816 -25.62983563526804 -55.40628661135044 -82.7074381343804 0 -29.2346147551845 -109.3763715365768 50.33889723398304 0 0 -13.89665499738707 -38.12921169808469 0 49.89352047923639 0.6666287822275301 69.18545156524235 26.94775859267846 -18.40862358991934 -78.7036932541891 -28.92806205781782 0 -14.58919849814661 86.60037229841376 0 -16.9039332506571 -2.95354720089794 26.91420821496764 -11.53647430361156 0 0 39.6427267061464 37.45854006330529 0 26.21995177348586 -12.97398580891802 0 0 0 16.69372963970219 -3.801515861553431 23.7965710213719 0 23.30257884058291 0 0 16.67183669783789 23.66754825452188 0 0 -5.144323000179083 0 91.3891719496053 0 27.94740109901641 -5.736896033921672 66.07866814215126 0 0 0 0 0 3.829078521235563 0 0 62.60137507301609 0 149.6356998686734 0 0 0 27.64959191094579 0 0 0 0 0 0 0 0 121.8865950810563 0 53.36971364256706 0 0 0 0 0 0 0 0 0 0 0 0 72.425570680558 0 0 0 0 0 0 0 0 0 0 0 0 0 0 13.12461083640217


GFLOW: 0.72 0.04162053333732899 0.04198970959544931 0.05349721172905341 0.05391795471715639 2.99107739950005 2.991011297811253 2.968550920582564 2.968296588050409 -0.005600321206392253 -0.005368040818418393 9.148577599426129e-06 0.001765358617354286
q-corrs 649.0024570481689 2593.677077113139 3421.414304261617 1481.372208326241 719.4604347136415 1773.614054133186 1021.462363960487 0 117.526307148157 4.829362692736229 -77.67571439304106 -177.9205829050605 -107.4780458899545 -225.5564631928968 -548.697909112336 0 -52.44966171580912 -514.6176386331366 -278.802396995882 -206.0617916829352 -143.7088968082275 -309.7784736461226 -250.4588200663122 0 -160.725202124818 -98.86342889514302 -267.2233298484533 -154.1243615772036 0 -310.6076144114244 -121.0389993814977 0 -17.20833941648637 -118.9073770812853 -184.0233096333263 -83.92357024163086 -91.47661889019358 -32.68659628559253 -167.0151034901384 0 -15.49133042826399 -227.9949908670371 -37.42720583935107 -95.69599196596589 -49.16374791901805 -85.72670863045471 -47.8013484744851 0 -71.97247446622183 -87.97997004471929 -248.4753156441662 16.34141304163836 0.7574218251696143 29.97973109156468 -2.235102845332321 0 -13.20301569823957 -213.169690910404 33.93427718585246 -50.50846574472858 0 -131.3885869534348 100.4544607459757 0 -8.723901305511117 76.90021093809108 -210.519820412483 0.4440258456307227 -146.515675152178 73.41827039956738 -113.9124641078757 0 19.27294538619944 37.74603555599977 -51.31825068432966 -114.6017442571553 32.9795955245937 -291.3966531182021 -17.14629873819718 0 8.757998266863988 -111.001056539742 12.10004445469031 -99.26941647647878 9.332972622496387 -130.1251445030356 -338.0153562194334 0 -67.02379351400168 -179.4267233716749 -249.3222518597375 0 0 -49.08410812989992 -64.04934771295424 0 -45.43773814025362 16.15863428832369 -202.8071122504643 -277.9819324148847 -99.1653109071034 -171.9323537477811 -155.69279019052 0 -124.4385987818567 -78.98804425096046 0 -49.72845742189737 53.33078192412789 -60.43931451219416 199.8062636487998 0 0 -177.7861353848324 -254.4840146338183 0 10.45879686092205 -213.2861842593188 0 0 0 207.3312628558265 -74.53202860580583 179.2594311261983 0 108.4166446736357 0 0 -53.11948037928019 -18.08306843055554 0 0 -65.00177836207683 0 223.6681875995194 0 98.05715279515792 -23.5600729600434 191.2271475313079 0 0 0 0 0 21.68355870748922 0 0 51.69090056107129 0 205.4130358587001 0 0 0 52.44711564199943 0 0 0 0 0 0 0 0 48.7817822460658 0 47.33474077499278 0 0 0 0 0 0 0 0 0 0 0 0 5.307644495191724 0 0 0 0 0 0 0 0 0 0 0 0 0 0 -3.678969785525799, 432.4193425820468 1711.444674170672 2227.265381988214 945.5790323470188 449.6795864684801 1063.791120722798 566.0151285072147 0 35.08605811538465 -95.46848375995856 -107.506999163702 -170.4017992784042 -91.88237010876288 -181.2117375283067 -430.3051193400404 0 -38.36917650850035 -382.0071274268003 -201.0136676689377 -142.4215140305874 -104.4892146306061 -226.3367157706685 -173.3105389338643 0 -114.3010401964032 -69.24659414549131 -194.9174346038322 -120.8554636200698 0 -221.241988136256 -118.3859179011176 0 -12.81895257562546 -92.22439617118467 -135.0102375571688 -86.27678286028966 -53.2284206388196 -34.51107128474949 -136.2876706071738 0 -27.29512727905735 -193.6887356575878 -39.74320574879318 -62.07526282175178 -48.79060836929816 -57.72649582039113 -63.47465924017816 0 -50.26183675377268 -75.09382817182706 -152.9073228800887 17.09165042687891 -12.18180399217465 16.27094310237642 23.70146516462056 0 5.418519645869686 -159.7610787407532 28.12282592789791 -12.71880213500238 0 -99.36431332839935 78.30748900629192 0 -4.497256139109744 109.3223973890356 -144.9017446441016 -5.931128675862514 -116.3114825762025 88.40157758709402 -58.99614091312274 0 13.08417511311099 33.41293308320783 -34.41623881226673 -82.4507714632343 42.79139007740743 -251.4734285139214 21.98983132940584 0 16.05063398941999 -70.14007080068919 5.027034522602346 -60.20398196994161 20.26664646435562 -110.5856774265637 -302.827758422531 0 -61.71707556584673 -110.019628248463 -220.6148049724302 0 0 -18.53861449886686 -6.775098510062724 0 -50.36559830092634 -28.37613586350218 -163.5506979357629 -271.7519924886969 -81.63884771455163 -143.7653809058613 -107.2647547903112 0 -79.20946873020071 -87.10068560369268 0 -8.427805106349881 23.60244446973914 -23.89853499556557 66.05838196170991 0 0 -154.2564879383524 -232.0214240683857 0 3.682319331410458 -153.7278089411019 0 0 0 98.39623562287063 -24.17741089404401 98.79272824207101 0 34.18450011030402 0 0 -46.81351342308207 -6.984927811811604 0 0 -48.27321736101329 0 113.5105055511877 0 41.56929784919559 -8.90650593353806 109.075066680783 0 0 0 0 0 22.10458217237932 0 0 27.567442038183 0 103.2537824346627 0 0 0 32.34137908465716 0 0 0 0 0 0 0 0 27.91955849850136 0 25.68862872674027 0 0 0 0 0 0 0 0 0 0 0 0 5.710463099811129 0 0 0 0 0 0 0 0 0 0 0 0 0 0 -1.191943868303635, 124.4673182366795 465.2853723223286 556.0168671136528 205.1691573960136 82.50117302950855 120.8133601021675 -16.86783806508013 0 -55.83786586033903 -171.3279400863373 -95.64544413226548 -111.6718916033213 -55.15372193275481 -86.42766026546515 -199.7131888277208 0 -2.542302343797098 -114.1356086470522 -42.92475661150538 -39.43327759267578 -21.8886308824361 -62.94103566754521 -47.81824719199128 0 -35.04087070047101 -8.499524411417294 -31.74462383622601 -28.28482842226709 0 -53.3379608246949 -68.5485080748543 0 -9.90767414367216 -42.70774125283793 -50.246180301127 -72.78997814389095 16.74379437522453 -0.9925657338789193 -46.74174855147876 0 -20.62105237865693 -97.57786955235662 -46.09380898791707 -8.187582657121407 -30.0384692885388 1.973835390928073 -61.04318543941649 0 -16.36419309442621 -28.68176525980271 16.88354834446224 31.47912664066486 -34.04838731773023 12.0593671347557 102.1822059950216 0 36.9858569512519 -51.82400591811142 27.29991324422356 68.99264416222611 0 -56.43617700793688 41.40348260043935 0 5.732394573707865 149.6429279799563 -17.75521929035307 -2.970929753182496 -45.26309791131563 138.032498114416 24.56483629134951 0 2.430752044992541 12.64808007918558 14.6449983436401 -42.96307341985601 44.00770151419231 -138.1274018881285 73.23269119629595 0 25.69382350828724 11.03304513885066 2.794793776006951 5.469773483508844 46.30167496943329 -80.81898653239135 -219.9462120768962 0 -48.76921616592625 2.873335046172627 -136.6310962848888 0 0 28.94474165936387 54.78166558777448 0 -43.44772146253715 -78.91265753594448 -80.92924156346766 -202.0472586011638 -48.09266267371711 -96.64071031138619 -20.64108882635731 0 -5.151582889443119 -77.28878599490432 0 35.22755173058303 -15.50866797441991 20.28431947215943 -110.7206758570067 0 0 -91.57535139471028 -159.9999599083116 0 -13.46267188374969 -40.86432684572816 0 0 0 -43.98614698186906 33.80555716840783 -22.79157777083086 0 -63.45853441257182 0 0 -28.18412536942983 -4.082316585259061 0 0 -14.99028095671314 0 -26.32729149190374 0 -30.03735178280541 8.820697372588409 -17.13812892026494 0 0 0 0 0 13.89886505879802 0 0 3.346529080213543 0 -22.90331207647938 0 0 0 0.2737347036207307 0 0 0 0 0 0 0 0 14.34491138935675 0 -0.5633933555804562 0 0 0 0 0 0 0 0 0 0 0 0 14.27456948300082 0 0 0 0 0 0 0 0 0 0 0 0 0 0 3.626911215623184, 11.22373812757012 20.52595661649701 -16.75762014325829 -34.70865709466949 -31.13996136152692 -141.2721129294535 -150.3716873726118 0 -61.19199747594685 -135.3049436446785 -52.77176575974929 -55.12727616901623 -29.78901251457208 -32.63519400866944 -76.76436774096246 0 19.89164731133372 28.62398264734532 42.84693708328344 -1.481183903659263 30.39806680388764 31.51179152597958 -6.161249109756586 0 -0.0276810231511746 33.57713077833554 83.93063577413558 42.72096661844336 0 36.41002921939329 13.94535941074476 0 -9.633932301884929 -8.415854660565778 -5.235995514029355 -22.76603436383384 40.75766710164764 45.75276070275132 36.25192699967322 0 16.23065086351741 -10.55570092291552 -44.18652690122275 9.35751279324967 2.859933460631959 39.64922300126223 -5.309832514242625 0 -7.203222244753004 26.53448043434182 54.83070428069637 25.48790374376971 -40.62112989054232 25.8706173248825 138.8219779888636 0 48.04287180033265 1.59269791819537 32.18868469213619 98.56482647262398 0 -68.58410535969779 -2.133795033922887 0 9.482043548496863 94.28003931686244 24.84254815772657 18.66654247734331 -0.5048786521320707 168.5269487882588 24.51551940528194 0 -18.15608983843303 -32.43412616705503 42.58616988940975 -69.82815439305173 12.16215340713232 -46.91770674954819 67.86333095744234 0 15.88631808293268 45.28193374044835 15.40265815899203 37.43439431730102 66.35348593318784 -77.30503400963708 -158.5876579502689 0 -44.5886268025568 44.24240651454473 -56.86790886380775 0 0 44.31657946663513 31.09276968418917 0 -9.696752809616434 -67.5216540001999 -1.726490876753559 -71.67182677419056 -29.52649860996605 -79.09073752467168 33.30643420249893 0 28.16561130234768 -27.53974714831934 0 25.20159977056338 -17.7011058328671 21.51696063487709 -120.3364261121054 0 0 -15.81280922793831 -45.61728820838597 0 -24.10830133814516 41.52600459313872 0 0 0 -53.58865586455484 34.39016677092834 -52.20270350002583 0 -66.51145988446086 0 0 -2.280207314219278 -2.372163563204342 0 0 12.30113303944585 0 -34.24046631852085 0 -31.90668147076496 11.35701996585717 -47.63721924855407 0 0 0 0 0 2.702836405606804 0 0 5.336615284354927 0 -27.41477368799539 0 0 0 -7.973710457272524 0 0 0 0 0 0 0 0 18.04261420620158 0 -1.777988004053775 0 0 0 0 0 0 0 0 0 0 0 0 15.56475119062288 0 0 0 0 0 0 0 0 0 0 0 0 0 0 3.637726125743379, -7.546178886217035 -44.65690718207983 -84.12414656455952 -51.63582947672732 -36.40036600798115 -128.9866347269841 -114.5070878323308 0 -46.17929183408929 -94.04220188941369 -45.90324747877623 -42.80061235510288 -19.44249406788861 -37.16396076008373 -71.17867692332084 0 13.8122837908974 7.703778430988468 16.30067157927206 -21.45014310116224 19.01997797004437 15.81891085604259 -25.35926874078505 0 -7.283620569831415 21.66317196667628 54.6945478207013 30.78083811646516 0 19.87153617994908 39.73540303903982 0 -9.510011856855435 -5.582003955354192 9.230184277843207 24.90680105066198 13.85490105857609 39.44939230410021 47.9075151431481 0 37.51713484734615 23.86529109782087 -34.74985924254958 5.20013905530584 18.74226727495316 42.80289190839995 56.18506092760603 0 -7.330973775147644 44.51415726213651 -4.472163347843566 -14.51445623145416 -27.16624589156605 32.58145098962542 84.8136583572757 0 25.21146858377892 -0.8827631433274252 38.15962646068058 69.60701361594064 0 -102.3358791830699 -78.48640067501256 0 4.569637414774061 -14.88473008138456 -7.281426955846989 13.92949545517902 9.780389322077685 104.6359611988251 -13.69632800545867 0 -46.9162527866948 -65.39957689060611 -11.65303220133501 -122.7993784507212 -18.25671174775481 -20.18788565417587 15.44161543438527 0 -5.566020637367661 22.09538432933087 10.74347953030867 36.49527225049574 40.41256639866167 -88.93424720104213 -125.396266189905 0 -30.33218156717535 12.5751342975429 -25.13045123258766 0 0 21.97512937188105 20.68547768025683 0 18.38980180749677 -29.67095840462405 37.27780419506942 21.1013796490266 -32.42308998912622 -55.2332714331465 58.35231354079119 0 29.93524517784085 24.69588455638997 0 36.56135986103219 -9.834203356976376 27.93369647507669 -67.59982234034999 0 0 28.65269677608702 68.83712111985598 0 -2.553217814462325 85.42798430202387 0 0 0 -43.70276920875928 58.95380457984766 -34.89603619365796 0 -36.67739761137446 0 0 15.52736801180362 49.01876004725541 0 0 28.88085047503905 0 -41.98176616375918 0 -27.18201699282681 21.27322679134424 -25.90023809969024 0 0 0 0 0 11.51892233528688 0 0 -8.868014307968956 0 -39.89625330676624 0 0 0 -1.191282516847853 0 0 0 0 0 0 0 0 -11.08675180926372 0 -6.802622947187959 0 0 0 0 0 0 0 0 0 0 0 0 -4.253184304943126 0 0 0 0 0 0 0 0 0 0 0 0 0 0 -0.7693100667670754, -11.61501625971822 -49.53485776920415 -65.92604882636591 -25.70994232909896 -15.540484075162 -31.39627886437938 -4.096415366363019 0 -4.338533459879637 10.82426384498558 1.545041277846416 4.638248484526294 3.134858653511618 -28.41312044250368 -38.84372459535968 0 4.692893899199369 -22.13896974990581 -36.39918728247015 -58.72805260962217 -21.86332527320137 -46.75349712215225 -52.04961289024875 0 -32.92488134633193 -45.80523048499872 -91.99279446544182 -23.58435648302639 0 -73.21444972588341 3.155354329029691 0 -26.07383722639919 -53.32602970792686 -15.72737584295331 16.95905955367078 -35.31106338717159 0.4622971987654036 -8.888143629975986 0 40.88459444858908 13.49681245908427 -51.91460892860047 -11.68394423034684 18.82290850421639 28.45722927207323 93.60245819276653 0 -2.646998683957374 28.34853641023097 -27.41114244197089 -32.07837473033889 -8.374541923824895 54.34317369913359 59.55058913756872 0 -13.62946700330523 25.54434114701699 66.75874910083124 91.57231979737621 0 -111.6185172211649 -147.6732452507412 0 4.833097277309446 -44.22473532452547 30.69467135109971 -23.94452420106271 51.90779065658482 27.22456679397275 7.966654701780612 0 -52.43211363487359 -56.0264522111597 -75.63170171695194 -123.220241646366 -23.41950485743043 59.19462667489073 -43.07275550113447 0 -11.43472735504592 18.27759812116096 -15.93437074333368 28.66734326905934 -19.47604252167609 -87.93124234227008 -50.61664671863309 0 29.0463825607959 -46.95472061692747 12.46559892732914 0 0 -17.16872286139952 59.12612157726284 0 19.20387094158966 38.22802774766089 25.44008528145832 60.99323039029471 -35.21775350859051 14.19454730306315 57.80354376728522 0 20.1292385608305 49.80853004819193 0 66.0787778301203 1.774386489252002 44.72420859178284 -1.888671646599533 0 0 28.46398216476252 121.2050065374244 0 32.56680279774057 85.93646268425552 0 0 0 -45.34679567222777 91.15112730350911 -17.55213994039694 0 -16.06682810542986 0 0 16.49038800834489 92.67972560428932 0 0 29.65875194379486 0 -69.01427397571024 0 -33.92642356480323 30.43729313695457 -12.65711338153348 0 0 0 0 0 23.67309709769722 0 0 -24.6606829772478 0 -72.39674959099362 0 0 0 1.961838736139523 0 0 0 0 0 0 0 0 -33.97527395220907 0 -15.46277434141598 0 0 0 0 0 0 0 0 0 0 0 0 -13.90532991323644 0 0 0 0 0 0 0 0 0 0 0 0 0 0 -1.751188205246871, -10.20542695095786 -31.25554575568078 -14.50780649129896 15.98644492956256 11.8661719657554 89.90190325611583 125.9952724678295 0 49.08346601898643 136.7020226477607 58.74303882626059 65.69406012865014 34.36227238355857 2.150800196211499 39.3594436486991 0 -2.84585018238047 -12.58629838861211 -68.31676148827471 -77.64498258772804 -52.26793177462682 -83.76572851555869 -56.58293583211267 0 -46.32662789157844 -122.3730961716283 -230.5777364777547 -60.13608203486501 0 -156.4520859836015 -28.58680780051166 0 -60.00418001052557 -122.1441383699529 -66.41325580787645 -25.91205922857451 -79.38818494202853 -26.08751839336535 -77.73711522481094 0 41.20165665945375 -39.97938408831421 -105.5637249388242 -36.60266369750543 9.051642168846442 1.448634024469698 104.4785398746274 0 0.4940711567459815 2.891090318307189 -39.53860230685542 -45.71406899257295 0.4129046370470588 68.45849186618324 44.09059256497801 0 -33.17645956994973 45.76815223026015 92.90283498523065 124.8848893781244 0 -101.0225647160057 -186.0773094578332 0 9.981763978480316 -20.96551718392717 102.0484695784799 -39.37743599975837 95.57286900758037 12.09456671350253 37.66230919277137 0 -53.926867860186 -49.45801505880193 -52.5448548683293 -96.00562443261654 -35.05732523991382 129.1264839143754 -62.72979842675569 0 -3.172990307689505 46.40337782091541 -26.15375098321262 39.89534942528668 -38.81270852752947 -78.7211779428654 -9.189226989738682 0 60.77799071545633 -82.67046580499203 64.64265416245698 0 0 -30.07669207062344 53.33737647929067 0 25.57525713325478 80.40499357274079 20.5836651037035 66.94219131207583 -30.11601866229917 40.0525432266454 20.82393080692471 0 0.8827167887436165 67.97235595461049 0 44.2036660841739 13.84459850591051 39.292059011517 57.50409601293688 0 0 16.94903194958359 96.0763529792215 0 44.34591042437915 40.6605400903446 0 0 0 -9.390802136254607 58.92178492489407 6.909711088201977 0 12.221395857377 0 0 11.06456229950079 67.71827020160855 0 0 14.58705677831273 0 -24.91697881041365 0 -13.07034005443998 17.88151475025342 10.02176344623619 0 0 0 0 0 16.68596355263287 0 0 -5.162132643312024 0 -20.74218688669491 0 0 0 6.350286358266658 0 0 0 0 0 0 0 0 0.4197460375500999 0 -1.060293889289025 0 0 0 0 0 0 0 0 0 0 0 0 5.817537448306931 0 0 0 0 0 0 0 0 0 0 0 0 0 0 2.001798951593811, -7.709749300002329 -14.99614310565127 19.78486341534081 39.63554668374301 23.11433420627506 142.3910679939727 185.4060990692865 0 75.91989157435431 202.8951705345673 77.49428491815334 98.93674096122447 62.2369880896526 33.90628264147391 139.1452343120667 0 -6.021051297318488 64.59775756874608 -47.17130437870132 -47.44176364937653 -38.90363369439147 -28.99575433306201 1.215494677889161 0 -8.025796913922832 -144.7319612165286 -223.7430593376714 -25.17103309571253 0 -99.03894144329988 14.03451466229878 0 -83.92380572957866 -137.064154111219 -57.16395537026222 -34.9034741133615 -86.37608249037491 -33.79726339402845 -91.25787675074886 0 49.95288294548134 -48.45510545023878 -136.3347962217775 -41.60668302058581 -3.61393970767449 -0.1833754139430468 107.5558873701065 0 8.509331029610205 -32.48138410410793 -74.5032887329055 -81.88458996213807 17.59705262924619 70.42694224120005 -25.36833280537672 0 -25.13412139194456 17.23528468002786 97.50828485300573 103.0250281699553 0 -67.23755841765535 -176.2584366662653 0 4.194405148704231 -15.85003995277725 108.8083490130694 -32.69742790754034 73.89507544899836 8.442643339921773 -6.736341569801269 0 -61.63776317084908 -39.56810683972773 16.49576937267777 -63.53878883910851 -56.91181707701786 30.63892415794888 -38.4953383788228 0 9.87031205192889 33.45914982533448 -20.14101356167645 38.09961403435701 -12.59721157648309 -52.2181749329234 -63.32766348575186 0 -9.936701803990607 -79.91235414113552 44.21754355017499 0 0 -8.844580506824606 -28.13310513280805 0 38.88032158028315 10.47247826002392 45.89994178367557 21.57507045592072 -19.84853796902691 -50.99865481070738 -25.14047058562082 0 -14.78243490661118 66.86594751404348 0 -17.95390282830828 1.807008090046076 14.21990320847518 12.26842964251215 0 0 20.93730583344566 26.35046812504073 0 20.08491226097114 -13.70074357957582 0 0 0 25.10236044372413 -9.377643632687505 26.4353036291306 0 25.24689915664455 0 0 10.03693084238596 16.41432823035034 0 0 -3.901457180034978 0 79.52429066351615 0 26.19399451507441 -4.814064071882631 55.51861150830276 0 0 0 0 0 3.466405610256949 0 0 50.82860094982708 0 120.8868494437056 0 0 0 21.8158713426237 0 0 0 0 0 0 0 0 97.75075133692852 0 41.79858380689073 0 0 0 0 0 0 0 0 0 0 0 0 58.63193561364395 0 0 0 0 0 0 0 0 0 0 0 0 0 0 10.9768287283124

Number of steps = 10
Time to complete flow = 1.411757e+01 seconds


ask_starting_lattice(0): EOF on input.
RUNNING COMPLETED
Time = 1.424695e+01 seconds
exit: Thu Oct  2 13:21:58 2025

