hwloc/linux: Ignoring PCI device with non-16bit domain.
Pass --enable-32bits-pci-domain to configure to support such devices
(warning: it would break the library ABI, don't enable unless really needed).
com_qmp: set thread-safety level to 0
Wilson/Symanzik/Zeuthen Flow application
MIMD version 7
Machine = QMP (portable), with 8 nodes
Host(0) = Precision-5820-Tower
Username = luisneubauer
start: Thu Oct  2 13:23:12 2025

Options selected...
Generic double precision
C_GLOBAL_INLINE
type 0 for no prompts, 1 for prompts, or 2 for proofreading
nx 16
ny 16
nz 16
nt 16
LAYOUT = Hypercubes, options = hyper_prime,
QMP with automatic hyper_prime layout
ON EACH NODE (RANK) 8 x 8 x 8 x 16
Mallocing 10.5 MBytes per node for lattice
Made lattice
Made nn gathers
Integrator = INTEGRATOR_RKMK3
Finished setup


reload_serial gauge_configs/pg_00078.lat
zeuthen
set staple to zeuthen
exp_order 8
stepsize 0.072
stoptime 0.72
forget 
Restored binary gauge configuration serially from file gauge_configs/pg_00078.lat
Time stamp Thu Oct  2 11:19:58 2025
Checksums c5338124 c08c90e6 OK
Time to reload gauge configuration = 6.037879e-02
CHECK PLAQ: 1.9666336898165768e+00 1.9671141602888325e+00
CHECK NERSC LINKTR: 1.6539819267812552e-04 CKSUM: 52825cfd
Reunitarized for double precision. Max deviation 7.58e-08 changed to 5.55e-16
Time to check unitarity = 5.043983e-03
#LABEL time Clover_t Clover_s iClover_t iClover_s Plaq_t Plaq_s Rect_t Rect_s charge icharge

GFLOW: 0 0.8806566644901691 0.8786240741209009 1.971391035345757 1.967886967391949 1.967114160379422 1.966633689830289 1.401104196182748 1.400847649842685 -0.8498464795083303 -1.570821032892459 -1.338066040812873 -2.523012926862949
q-corrs 444915.4581079973 74777.09357512751 -77663.42629517455 -21642.26040342578 -18410.5707734696 -170.3064488129462 320.4329676179314 0 -1794.471548746685 -12333.0174157983 -15397.85735702921 7927.874215987591 2805.923644709369 3439.244463884431 -9409.918188439073 0 796.0943873388651 3995.90548916455 9474.205614809538 18800.23579030713 -2966.112140090071 -23684.91635197951 14672.55573599768 0 2986.36512998915 5568.889609713517 -21344.02779701379 9497.590332524931 0 -20279.20440926884 23039.76032542512 0 9022.463602925178 -11220.35040390496 -2046.265447849521 26869.55243134746 3799.519202764328 34538.53748221652 -22787.96438247132 0 20179.14155919969 -38057.17870582767 -16142.77625087979 -6868.696569158749 -6856.343547337729 -16385.60906575478 19856.91986976982 0 10069.96559119995 18948.74748919473 -15145.17739292779 17243.44433328676 -19235.80151758395 -14435.33381306406 -7219.092296739433 0 8165.690494632465 14416.96744544905 4913.773175320459 -12911.83350587374 0 -6237.12317806073 35678.82108342828 0 5492.522403467813 1127.351226340524 -43388.47410814783 8892.676582050361 -1128.705894219443 32198.07972883018 -2463.943008099071 0 -2459.52854937521 -4707.598827718938 20453.05505760835 40934.4118585013 19310.61256176164 -1977.78859858828 9703.490349828935 0 -2407.970282040237 -15319.71598560577 10942.94842291113 -1791.483589868617 7694.128483654153 3173.294833470098 -11642.62808638752 0 10806.14314081176 12149.95261596398 -27293.78879474746 0 0 9276.927905107364 17122.04609075653 0 -3682.626064860833 -12053.72833335311 -18880.08780167855 1067.035899463693 -5534.923092501834 27428.70406169014 4246.280937500789 0 5164.180821208469 -37207.19210699411 0 17743.14848135195 765.7306200223038 -10395.87642326247 8417.898325035025 0 0 -1961.842409752378 -2531.067883311726 0 -5553.854769835947 -3987.594878926956 0 0 0 3496.409596986034 -3418.62315845063 -2707.972895791759 0 3784.63586846314 0 0 -4244.132939935685 13424.63587817586 0 0 -8366.430017016966 0 23428.41699384918 0 12348.77372230279 5347.03651520243 -20357.05429499433 0 0 0 0 0 -6154.677911040969 0 0 3600.743376007318 0 13818.03868595983 0 0 0 -9425.338212493842 0 0 0 0 0 0 0 0 2255.422795830446 0 7971.477014561226 0 0 0 0 0 0 0 0 0 0 0 0 14258.38830475397 0 0 0 0 0 0 0 0 0 0 0 0 0 0 1835.074760736625, 11387.76366951236 -30106.86753242861 -9585.631506810299 -14178.83081377239 1827.33060165646 8056.879854512031 -8561.664759104611 0 11119.00348576999 -1652.228122454427 7002.457679157262 -4744.073757139114 -1053.182515393468 -8900.693691171866 15356.17943077791 0 2805.70207638552 -2181.264357703062 7825.133517220845 -5198.153289538083 -7827.570521375723 20137.50558594664 499.4715797617747 0 -7173.953504128331 15299.42476676385 -9432.660533537395 3516.654252186824 0 -19486.13792448418 -901.7263416545375 0 -3328.096958154618 1090.646322829605 9938.089577921855 7967.000289684245 -11738.20262360505 2274.0331277775 23058.13553533554 0 -10865.60965453534 60.01742587207264 -3857.479878328804 -3428.323814844267 -8046.589895951994 15477.33507578898 -3065.249636823496 0 -6948.467301073159 5168.352733664324 -7123.312756379837 -21557.63087028289 5146.867646884586 28978.85257479888 -4499.709133231087 0 -2540.407648008219 -8741.778200159046 1846.001139964567 4910.916888341655 0 7452.777556738018 19272.07320137334 0 -170.9474022379409 2426.358590624282 21191.33422103003 -4036.798061766348 5515.262062030255 13174.77529174854 -2302.31114699605 0 7889.40875013838 15687.81143903649 18928.3132531719 4353.286082077128 -5950.776862812695 10305.84263715713 608.775696102045 0 -1681.116951477354 22767.32060125329 10475.421963721 826.047880294062 686.540083570193 -15143.46834386176 4273.108504790127 0 -11473.31616882878 -4105.051559732025 -950.5875905811472 0 0 10693.18616479928 -14639.73639644723 0 -3749.255906347302 2017.624004980727 -304.4343729964453 -6644.591698662236 -12253.21996307333 -13930.88088882339 -6435.808697303469 0 7327.766171160451 2668.429064147836 0 -14262.2441163735 1228.661984016528 -5504.733065990444 5770.662974079907 0 0 11294.41726448582 1129.825745146546 0 3018.804402405519 5253.611722756493 0 0 0 -6115.761677107837 -2206.326607453872 3522.92055678598 0 -9197.623067011044 0 0 -3557.838065411494 16142.57194516038 0 0 -5172.940313563462 0 14829.82168205791 0 -3770.409342012465 -1258.320740804789 -1418.394124501631 0 0 0 0 0 3825.262179437405 0 0 7253.900392748852 0 8001.760043317924 0 0 0 -11596.6282373445 0 0 0 0 0 0 0 0 545.9953941667159 0 -8439.925794721808 0 0 0 0 0 0 0 0 0 0 0 0 1053.786910059101 0 0 0 0 0 0 0 0 0 0 0 0 0 0 -253.0766523777704, 363.7135454069375 -374.7476714908216 5722.850724003152 -5279.212615498395 -10266.88702576228 -235.3710917307549 5164.985390347554 0 1027.384132266797 4470.81703823848 1114.135726088449 -1021.441457396226 -3656.528235736432 -6139.934335319078 -2418.779620135463 0 4898.99652008289 -4318.789143579626 3106.737737407006 6537.726729751862 -11992.73506732158 -15055.36146269801 -9979.560807299358 0 -11666.01602207296 -2678.238952422242 378.6225224397094 -9755.416361956195 0 -8963.85273533697 -11820.0326555281 0 -5744.839400001006 16009.55464778917 3045.318817402916 4994.976211852661 12156.71676146686 7719.458882636085 31794.23267542412 0 -3269.912377877077 882.9324239763173 -18098.49770018887 -22366.89215080237 7151.119725804661 -3828.00002096333 4655.841859754852 0 2304.076650969063 19689.45911991983 4860.547700287207 6261.621285815359 -12342.69322786467 5211.757941082611 -14022.76012163448 0 6783.815950107841 -4070.512085581142 17253.13375011668 12142.19959387852 0 1295.128544448355 -25370.63176033673 0 3943.369029964065 32683.4726219827 -24036.60156999011 2790.874832307136 21115.39831422018 -12112.42239517396 -4289.214423995115 0 11565.14860049449 3938.908575267291 -19516.82698792658 -2809.21779064142 5292.926113599553 -9172.528724092814 -193.6000416007487 0 -8680.342070458479 -8033.865576018883 1550.355818111653 835.1598122725145 -4342.873871814874 2788.040684227629 31289.8208531152 0 -2056.383913934157 12763.49391318751 -5840.444841616751 0 0 10557.17809642378 3786.330552807511 0 -3695.367991229308 -1121.780859549553 -5134.200359544033 6881.317526273321 29.20587129203454 13657.9576852771 5776.961635186546 0 -7344.699564124965 -3311.715753708545 0 -8883.343151779962 1514.305389744295 -3517.793005025728 -8597.553910980187 0 0 -2628.575569732698 -18375.09738048137 0 447.6283512306991 13836.65168005259 0 0 0 14040.36165885166 12357.45419737421 -3576.127745699008 0 6073.170105332076 0 0 -788.7058808569408 8858.58214238385 0 0 -568.326452659059 0 863.6092069533588 0 -5153.086356207832 -1219.007725281708 5840.117169469706 0 0 0 0 0 1404.303682930393 0 0 -1797.218703782169 0 -2251.817775579444 0 0 0 598.3885068234231 0 0 0 0 0 0 0 0 5145.981225710789 0 5997.311987734471 0 0 0 0 0 0 0 0 0 0 0 0 4854.724766628306 0 0 0 0 0 0 0 0 0 0 0 0 0 0 -372.0670682444616, 2470.979509290665 4666.578199964133 -2336.525066429149 -3808.999082042717 -8173.734460962686 -18298.23207518348 -591.0262899028039 0 6208.99881559511 5696.855386012183 8865.190202123627 27.77446942031656 -7183.642971874398 -3991.498670248875 12958.50872096595 0 -12.93763812779162 -4435.404188537614 9694.849932968309 -2981.172194794092 -2576.050240253092 392.6498675204348 -4109.021240230193 0 -3728.916786110821 -10337.74370810973 -17373.22413926713 16489.28038764965 0 435.3118276346622 -10279.5667250139 0 -5950.664707880558 18731.55214591946 -3644.319358948875 -5819.785140027623 -8043.131568366911 3869.561372370893 25301.19488024662 0 2257.54987736187 -23871.61788549796 5790.879514720327 -11086.5903180939 -13406.21613140925 -205.7227372218076 6193.929918166457 0 4691.32017493005 -5309.981699956009 -36736.26892388565 -15229.04491040834 -6369.221379511177 -5976.714450802056 -18100.08992599647 0 12858.52269482656 -5109.889074607267 1690.662891178315 -23700.23764339114 0 1831.995085509092 8766.914287184514 0 -3561.556486257158 23346.18553999825 18773.19041335368 -5005.209659412875 18589.23876121881 6002.724757541772 -11683.5927266632 0 17560.16958212058 3360.334225105458 -18275.17203675233 10136.91475360321 5110.688675764752 -25225.39538976032 -1335.574448134113 0 -11399.66727984229 -3640.236854324172 -8506.771686415703 -26640.56311745384 -7325.383260653032 -629.6390669093512 -12365.67603449049 0 -15782.34129589019 6566.092894322497 -14262.9655468789 0 0 -1705.939155429798 10701.10395435532 0 -3128.773154586027 -8491.240781997931 -3320.483089309489 -18576.5948388555 -253.5464459123295 4209.247132391831 1973.071812085909 0 -13114.48395097162 -2186.213117128436 0 -9016.927199788084 8881.925614027314 7216.119063981385 -8113.686130980152 0 0 -1387.339038148015 2931.983211309171 0 16561.34223749161 7397.356769638094 0 0 0 -4451.938353026642 3575.21559287323 13778.37656089574 0 4443.333889326357 0 0 3345.876287952774 -1383.983352886799 0 0 883.2594728853519 0 -21292.22765650009 0 -1381.094634781026 959.8681744671444 850.7638415263264 0 0 0 0 0 -8802.679049705537 0 0 -3023.724678879506 0 -20210.1577558816 0 0 0 -2149.351442675524 0 0 0 0 0 0 0 0 9821.504204984318 0 -232.1175392720797 0 0 0 0 0 0 0 0 0 0 0 0 1204.474340857652 0 0 0 0 0 0 0 0 0 0 0 0 0 0 619.5794537914323, -320.0656133862067 -8522.633011988659 -6590.460145075494 -6823.532533030578 9040.017992213196 4874.446227053605 -5764.617190983396 0 17473.18860672292 -9447.944239494136 -9818.384314647166 -2248.879334050952 -1233.16988691142 5267.126498541964 4654.348266985975 0 -385.0242556612138 7443.683267672408 -3890.34604223184 3048.685891694186 2345.414798958216 -16504.97533043277 -19006.40477079709 0 -7540.021674102574 -1196.106602214114 -5739.033945848872 -12814.52093486249 0 -8231.462021197709 10615.9795732378 0 -13603.92975083505 -10397.51744393794 4149.82648722311 -12770.61084895436 15252.83798433003 -1945.265139619552 -10330.13793372929 0 -1508.032616066095 4348.161196661892 -22144.76251288068 -5305.39514988529 2317.864026778958 -6164.045499043468 -4745.216138584207 0 -1415.227298519289 -903.7373506520953 -11946.95281602428 -17006.16091529162 3022.534098605251 -5672.57637733345 -23176.15611829157 0 -2395.669709235492 -30761.59673006448 -3470.454266937699 26467.2541553974 0 -14890.05213175448 1852.736002839835 0 1796.075018402621 1707.911685096497 -8057.117116774785 -2872.769861910392 4792.867421491539 29280.52823289256 5064.18376431266 0 -4674.986981229049 -10697.47398075143 27373.30087295733 11882.32030363889 -3799.903011094501 -6078.497696297492 -11848.98215444839 0 -1462.568899613531 15023.72787238722 -9445.528277974141 2857.651958727191 3135.694143871911 -2170.487843950072 7780.867401850833 0 16487.830017263 -4902.350445680951 -16738.34376503156 0 0 -6483.218807344175 1890.915979769143 0 -59.61096069447376 -13648.17162077994 -8049.027599023268 12819.14292977842 -4563.041684729516 -12485.13937812792 -6236.772534710092 0 -18839.28870440151 -2787.563770875289 0 -13601.70920611517 3516.456078437897 6190.202903084064 352.8543455700806 0 0 1131.050671674159 3895.247527304591 0 5241.926122449637 4912.109879707123 0 0 0 -2357.953502790922 5802.804844140319 2595.112201789902 0 -5896.212751294573 0 0 1065.205916563978 15965.37710442683 0 0 1227.035556292637 0 -4730.586878362223 0 -2965.390652716269 -5062.524702188455 18421.63618253561 0 0 0 0 0 411.1150545957331 0 0 2483.518476569955 0 -10086.11489810759 0 0 0 8678.746833774705 0 0 0 0 0 0 0 0 177.7861454730144 0 -303.5015145192638 0 0 0 0 0 0 0 0 0 0 0 0 2838.535007760915 0 0 0 0 0 0 0 0 0 0 0 0 0 0 -1130.641860378909, 253.5976721715692 1576.545371760257 -1858.787247660862 1494.967319839353 -2836.379510743609 14775.17700413247 5679.900932961631 0 -1331.54266139747 -23401.97471114776 -2010.159062269835 -2153.997464096303 -2940.127686822056 -8560.886382917593 1695.430407011406 0 -745.3908270880711 13180.63877681207 2277.561400841613 1241.380153648657 -12905.16412151582 16287.09391741996 7719.953459709519 0 5544.835921069002 -13605.96809711216 -6489.173653943756 -14132.73764814969 0 -15982.53800085451 7167.069235293254 0 3850.792275214392 4413.239600289524 -14252.91666740179 -5797.744197228526 18872.01980225919 -4088.542497549302 1596.194923724166 0 12105.73937103098 12352.76460368418 13476.38616858729 -11871.00070764137 -13460.06120642513 -16077.12913355261 -86.03683889566219 0 -1873.8308683219 -20508.88804400055 -1647.288852573683 -3504.003870456817 3792.074996532803 32907.308018927 -18235.09428494286 0 -16023.81570072613 -6910.785668906488 -6041.94029271558 15306.34246709616 0 1726.757040488485 -446.3713754205692 0 -6116.087150510315 -6710.112678155915 -23032.36997483795 -115.7637615291314 16393.48085578257 14348.05888670294 6540.959529611411 0 4010.034131426081 -7776.337269550995 7478.455132690759 6907.365782282697 -9762.572073655607 -17904.00317105883 6653.672234364748 0 1699.068538555084 -4377.787558248436 -803.516859077662 -3510.438803677411 14904.95716195718 9521.882140804815 10949.05853612406 0 -1016.382944019146 4420.725226493581 -6135.336939560593 0 0 5171.971828648943 2908.789676940095 0 4688.699886606643 11990.93474494506 -12724.78324975547 -17105.02732696855 -6349.181357864717 -2817.607500768122 1147.3270355463 0 -14928.99034276693 5330.478711456115 0 8238.930942528405 -1682.345475034532 569.2127901774838 15178.41817089627 0 0 -5979.408637474036 -22706.56482968919 0 -18840.07660152554 -5090.898809828022 0 0 0 -1352.865159235851 7915.79009176026 -2735.421556081482 0 3653.46999012062 0 0 763.7067448764553 -6994.690415033891 0 0 4776.883236072899 0 8388.292522724521 0 -49.92593470999805 -729.2710680800219 -2991.315746091513 0 0 0 0 0 -6132.689506869467 0 0 4912.23748340574 0 8940.414364027049 0 0 0 -1288.820626014676 0 0 0 0 0 0 0 0 3947.508535317203 0 -2946.576668010789 0 0 0 0 0 0 0 0 0 0 0 0 26.3190923121316 0 0 0 0 0 0 0 0 0 0 0 0 0 0 -2309.431413702889, 479.3326280613383 -5608.290121950704 -10626.54979230132 6371.992779699181 -2938.127828048148 -15230.09314304385 854.5686333086815 0 -4247.152240481102 -502.3098482132964 -5669.951684317191 -6658.935973594407 743.3009084745108 -11773.50160362709 -4880.606410478264 0 -3666.732208091796 11182.42273889855 -3406.128072289821 -2540.730106652513 -11723.30147152993 11090.17728318108 -11987.49611255429 0 11554.514545959 -8118.303098566701 10251.10927709173 1517.837550392067 0 -7756.316749354162 2669.124172550089 0 651.3124017150667 -8349.888238362615 18536.63059032807 13128.96643224217 7436.137235654514 -1725.56726925905 -17249.10872568118 0 -12134.12090301183 -6555.108882384258 9492.665136164898 -7984.5017750615 6976.912771670123 -21293.07623913969 1901.684032004207 0 -3009.093945484819 -6771.420061968706 -13347.84182462194 7580.679976318132 -1995.068484817855 3359.742251377317 -7616.963713447269 0 -12544.90798274317 -5341.530182383683 19358.56874777018 28180.4340686563 0 21250.0992896503 2536.031845564857 0 5700.19331450889 11157.83446626559 -6990.697501935523 -999.4537955796386 8142.707213497153 8040.66204012844 27252.24724331833 0 397.9381099478851 -4237.246715736419 3392.312760817434 1854.523530121707 4421.051163510521 -4880.409137805505 8827.844355279707 0 -3511.536061809557 11109.4916421734 5074.980915934129 8156.494577067985 12890.88822432276 -1629.05755168031 -2028.184753115977 0 -15999.49529920295 -7584.482895819331 -90.4970270216063 0 0 -14309.86438412407 -16480.56463918729 0 -210.5087623598222 1794.081722294371 -4578.194847858483 6678.743433009909 -7201.791695757469 -4972.000907437161 -7541.369249169005 0 7342.70167124659 8524.116746235793 0 -8500.229857603397 2804.471899376455 6320.117092161414 14275.47646905258 0 0 -4123.239235712096 -25694.96628071451 0 -10679.12895343405 11052.74941120775 0 0 0 -8199.429206164632 -5181.682605325617 4814.518750114945 0 -11224.05629076093 0 0 1434.829797056538 -9434.203152776716 0 0 -4288.543605707902 0 -6160.057883565931 0 1161.110470867058 -2865.041625310513 1843.948904049596 0 0 0 0 0 -1835.583406784177 0 0 -1513.422483777504 0 1070.574549908456 0 0 0 -3887.242756458503 0 0 0 0 0 0 0 0 1453.862834158392 0 -1199.44453480454 0 0 0 0 0 0 0 0 0 0 0 0 -2046.850516672038 0 0 0 0 0 0 0 0 0 0 0 0 0 0 -1753.395690111146, -1221.457379883578 1801.437043071959 1605.077577420781 -1054.045541682063 -2071.516271106816 6555.58991720055 -1244.476275401638 0 -632.7300301472496 -3308.075609043676 25348.55930229379 17994.92614586313 -3992.625397283822 -1637.659040218216 15036.50627465218 0 1348.438237956274 17990.60226693389 -16152.77723500985 390.8119861147152 3651.03473347692 7912.426717649139 -9081.903800772869 0 2399.179302618246 3592.175916795151 7340.086191654694 -11032.67344012994 0 -631.1163038155801 11577.83709129529 0 1318.025238351471 15368.22599547357 -346.8777741188628 -6753.719384873177 -6707.622332940063 -13824.3142497233 16040.67049344512 0 1596.318795352871 27410.58306398943 7737.325622487502 -4249.006356569613 -2730.649475955031 5389.452281565162 5682.832605840967 0 -10095.85197960553 -8168.877515964679 35767.12058829357 -14286.0656606467 4823.825296982918 31765.102790388 -2802.517076185453 0 274.4307308052771 11860.62903368481 16729.47864228672 8357.470294670424 0 -28058.49652765984 -24255.46519108875 0 -5570.530530818693 -4571.749699626611 -902.7206973822322 140.9680261960898 20033.41319043165 13739.86498447068 -4426.340921916866 0 12977.9704482711 -2384.54940137575 -1625.624789179822 11251.86219267521 3190.772039356187 -365.2600934215925 497.9446035411279 0 -1459.46075337511 612.6941581330782 -14700.82427524156 11886.83541658943 -9634.016609399507 3041.16873746438 -19711.99209602051 0 3127.661949909484 18891.40389122257 -42.28610171042419 0 0 3061.74582253303 19757.26998731203 0 1219.590129743697 -3896.965429931324 13281.34403744927 4448.51808887044 654.5958552501897 16455.86918338132 -12203.86151095349 0 8598.800084519482 8173.899306460011 0 -6158.231319741235 6370.236056128111 4534.599696135277 10049.06817702814 0 0 -12406.06370597659 -7307.017115602283 0 13854.91957743774 2219.077395440398 0 0 0 3527.558545154332 2336.465604357359 13489.02019487209 0 -10553.48357661896 0 0 2952.07105188995 -784.379229832036 0 0 3501.662707089083 0 -2414.931018510594 0 2909.310294507919 -1776.686906540981 10839.67600977919 0 0 0 0 0 2258.349896686408 0 0 11161.09600407432 0 1440.383251142422 0 0 0 482.2386776541762 0 0 0 0 0 0 0 0 -2488.325768034565 0 -3631.305734106662 0 0 0 0 0 0 0 0 0 0 0 0 -2937.825678210424 0 0 0 0 0 0 0 0 0 0 0 0 0 0 -85.78317832720001


GFLOW: 0.07199999999999999 0.60774694570736 0.6059025317658712 1.209830775253559 1.206629353537562 2.553401733079945 2.553117158892941 2.143343415828139 2.143548373377137 -0.4560547507235857 -0.8452212260989067 -0.6724900804498746 -1.231336311233082
q-corrs 173333.6555199301 103023.5653639054 -19620.46758168006 -18524.55311839419 -14402.00399651166 -19437.35370231447 -8850.686581246318 0 -2588.881688638747 -8449.913732703015 -8230.73572451463 1083.10375604644 -1258.237145341749 2842.521351144313 2679.138715876422 0 -978.3073870808981 -2098.896102587832 8113.931862732465 7810.99042358821 3508.410765010736 -3689.911299539246 1061.859633056673 0 -2178.084567714274 1356.140473766565 -5878.366795967873 2671.51617101425 0 -3175.790198460941 13541.47605768964 0 2441.726045593439 4024.073623279909 -3099.661789093693 5066.122371732105 3430.444182460869 11946.35190041118 -10777.30694923696 0 989.415146728609 -10416.36513946734 -2359.414451352697 -4057.578797642557 -2269.955501789423 -6356.814017171939 6603.090308001716 0 4748.512261142656 4988.451820165857 290.3772314788525 1023.407922061043 -2769.589370921311 -8152.802270296697 -17731.48067238491 0 1415.206736479826 5647.486404187444 1865.387299182895 -3077.429874885497 0 -265.7745703486653 12067.71328515172 0 2363.567960582787 2043.693882098521 -11675.18093219946 4885.404829472048 1319.039889449462 11453.37875635795 -456.3823383421809 0 1272.442349221781 -932.0451283136022 17394.93414819974 20837.4064115791 8589.668797112667 5049.684473696372 6441.192814458183 0 -3381.591939372218 -9867.763880596902 3943.027939161943 909.5463922081817 1865.25240151234 792.8172249537472 -4182.304175927653 0 978.7252786278166 7864.975197615423 -7826.373201468189 0 0 6180.013731129183 -1720.552393306527 0 -2530.104181816684 -906.1706783746129 637.5292273107557 3336.922612390466 -2843.478004791868 3012.274741238697 -286.715588902922 0 -801.8423319390316 -16925.74380767126 0 1919.293954938375 -1611.01629508718 -9932.160282984589 9798.082578605365 0 0 4126.750939026033 5369.366283983547 0 -1086.833687543613 -3946.837167790092 0 0 0 -2863.070348674161 1166.956142185564 -867.0679663019928 0 8299.830706121606 0 0 -2165.752356497475 8582.70364246803 0 0 -3521.283287494211 0 4627.440764196745 0 2464.43776851742 4443.092672971361 -4109.675335750081 0 0 0 0 0 2105.899389004044 0 0 1911.377377039854 0 5191.11284330087 0 0 0 -3735.993588933428 0 0 0 0 0 0 0 0 1345.379437037079 0 2525.118760979601 0 0 0 0 0 0 0 0 0 0 0 0 5388.923135247283 0 0 0 0 0 0 0 0 0 0 0 0 0 0 1301.014728453996, 16505.92173861775 -8441.273876517311 -18105.18795542255 -9770.998787713213 -4322.366671119192 -3022.768993605554 -5037.063713935749 0 3634.376660087828 172.7522612835598 -1350.271139691769 -5748.015617806282 -1135.284941864219 -1838.064900467213 1846.753338795591 0 1269.63895494344 -806.2948234086339 5979.933039507378 -251.113124146902 -1405.183748496259 8615.982712044359 60.55009417910333 0 499.4268371264785 5405.920164223596 3991.510014194441 4205.010408591565 0 -4954.108180054485 1218.528692819725 0 -1964.025305272589 2761.122852764339 1585.084189875573 1199.215901680157 -3228.898577124726 1063.22429313137 7491.352437346384 0 -3373.040926714624 -5237.131550777402 -1098.782252622619 492.5741505214196 -3283.015764973711 6124.484604437106 2772.970132030485 0 -2745.292981070726 5299.385366267018 -1427.879439766903 -5098.281127287846 3394.605865493085 2225.416793929583 -13158.44615364697 0 377.4044907690532 -5080.653979259221 1173.890817697913 4067.547790293977 0 2059.125688093261 6245.728518846709 0 481.6785751251037 5348.848044592458 10466.02510232194 -399.6435349264412 1677.251633832934 6957.330107162074 -6390.428961523389 0 1126.925174910248 2661.245700912123 13849.88820868306 2001.894569982964 -4244.62434957058 -2170.095281039664 2745.780065929137 0 1118.154977781091 1580.534903407504 -1040.216099750356 188.4121275092102 -362.7036642750536 -3977.902787092236 -5875.251761003386 0 -3620.291862691267 -2085.825786558544 -2707.670359806948 0 0 3256.894819653463 -7653.817018830867 0 -306.6933253545924 1864.691438216873 1965.65528473444 -1772.927646471437 -5411.552882025221 -1745.533956644055 67.62459830994715 0 3325.094172970614 659.3396907283473 0 1502.522518637964 127.9477976572546 -6399.324931499044 -376.4270332090464 0 0 3534.635041618856 7787.707487759313 0 1868.880870687366 3177.952656901116 0 0 0 -5401.673527715673 1203.128066463859 1271.223571685041 0 -874.4450296257826 0 0 -1743.517913672967 5497.721261294376 0 0 -594.458403578328 0 3217.607727332012 0 -3061.058355102688 870.4032961078948 -1069.58237555132 0 0 0 0 0 -299.1953251435663 0 0 2659.943286353917 0 720.0290328104333 0 0 0 -5120.605442053176 0 0 0 0 0 0 0 0 294.9582971656735 0 -2300.842129530702 0 0 0 0 0 0 0 0 0 0 0 0 180.2844012014745 0 0 0 0 0 0 0 0 0 0 0 0 0 0 -1056.098058812984, -1124.293908576381 -3797.514754049015 -2232.580345642692 -3954.028128897115 -2276.994052241107 1891.19127806895 3967.644830569583 0 1807.360987274558 2474.551192928093 -933.3080840924492 -1652.04885069196 -1734.976731406643 -572.8006366580784 1063.572409553753 0 1605.602168380966 -5883.984805383787 1727.167620917306 3735.090768363733 -4611.907385659843 -8924.584002678961 -3087.670492108239 0 -4447.677712372532 780.4023638582494 504.9216441182775 -2883.123845631734 0 -3525.962024517117 -8022.379325377645 0 -1840.788401768343 1917.018038650336 -3000.245023599971 2388.91269437448 2090.037208793767 2553.833527895948 7059.228002696767 0 -6308.2359939429 -6879.695722052866 -4640.605264077794 -6303.671198387759 2715.492200959484 -4239.200198525992 -680.0819570552593 0 552.0136893063981 7843.614579861716 6255.737573400233 294.6216850641922 664.7802295461956 -1754.650885023061 1638.644589340232 0 -416.3189440320298 -5365.717918804222 2780.647409005428 9394.803411245441 0 2770.09014079527 -4230.123815367498 0 1612.359404519404 11862.42350412283 -4157.213863796871 -1304.49810476604 5985.088242844483 -931.4294169112914 -4383.230267588505 0 4472.163194559513 2835.1790795874 -4652.116272075669 -4476.647461842274 2033.366017327162 1159.899508504115 983.7842017081364 0 -3156.965937446441 -8889.395244219651 -2668.701914431653 -909.4967202452349 52.34871019906655 2137.278080127092 15462.11164413854 0 -2631.634933870148 -2873.599183214936 -6624.885836834511 0 0 5088.059171189678 -3125.165864727429 0 -2158.838683668958 3373.490181506482 -3503.049506617152 3654.928615889055 681.4958141818654 6894.148770618976 -783.2540528904517 0 -3361.677216936005 -3595.429115672741 0 -2284.735807989559 1081.285171091483 -4359.132693870114 -3766.059883671297 0 0 753.4363859600336 -2091.419917374783 0 1771.786964468721 2876.989424576217 0 0 0 -825.1657859923084 2733.307326085063 -1601.613655054395 0 2136.53725537543 0 0 -1441.149651355269 1853.26924173998 0 0 496.1934112520505 0 -3744.693960314849 0 -1974.289233375895 981.8991610404481 2911.618753482943 0 0 0 0 0 -916.3834956936932 0 0 -1187.77826186043 0 -674.1802786793173 0 0 0 -605.7275408809551 0 0 0 0 0 0 0 0 3450.795183472867 0 2530.126041811904 0 0 0 0 0 0 0 0 0 0 0 0 1661.773856881468 0 0 0 0 0 0 0 0 0 0 0 0 0 0 -877.4604057235014, 844.5963198564812 1299.183946678633 -188.7867525768788 -2516.037043070651 -2814.325102411973 -9987.171820995223 -1934.437297499109 0 442.6608143063418 2193.688153316033 3208.326355696833 -265.1998266487215 -2065.439202463684 -790.1423738206605 -1039.95642220221 0 597.6770203190765 -1635.998404193018 815.4122424798597 -647.9151459818042 -684.2377425614727 -1669.889771765354 -214.119606330839 0 406.3548462622384 -744.1824762172073 4703.596793482321 2721.448308816986 0 3531.176221457127 -5799.419740658655 0 -1045.613440384126 7433.847776634077 -847.1622156769677 -2597.707277790214 -1705.954231663602 2541.515043474782 4402.749656462206 0 -457.856432067067 -10028.47903397017 2088.780530763285 -4737.869173908945 -5601.183638241218 -47.07038431538558 -1200.910905064733 0 -1388.451199429857 -3165.060242388808 -11756.0530469823 -4146.584276291263 -1562.360731556017 -5122.080261664871 -7221.868275097535 0 2883.526291376151 -7635.289230258631 193.5986841647468 -6300.317691046331 0 95.3710807768598 789.9915963266444 0 -1813.781809721476 10342.34768807716 8850.808822773206 -760.2745506326772 6097.414881199384 6972.515679928323 -6254.298094673001 0 5453.078717736599 -91.34627712364249 -4519.605197378368 4390.999872960083 893.9903417698554 -7557.818496953089 3785.003966222914 0 -4474.104857991069 -3354.482521643153 -3466.026212410804 -6317.646986812366 1273.065652369611 -258.9665153789767 -4648.207293337005 0 -5854.727653796798 -2016.457046318362 -2418.936005820492 0 0 3454.050668503347 4859.536327944118 0 -2442.24089022061 -1781.892985109289 1465.320229433459 -4704.739113486396 -196.3744353682278 4384.790567727383 -3344.320061166915 0 -7061.230816571855 -4028.086782066592 0 -2333.907281085401 3671.429578159771 1397.1784902254 2282.307580143819 0 0 2999.224824592563 480.7550237670728 0 9266.575493174676 -2338.76029236522 0 0 0 -707.2896600324852 -608.081016322708 2009.573518913695 0 3008.567578250117 0 0 1220.539249598005 3199.493407500084 0 0 978.9786770697497 0 -4205.716132511249 0 -1540.467666252154 887.865402783337 -2446.548623839428 0 0 0 0 0 -4106.155660704904 0 0 947.8658770060067 0 -6253.058110356502 0 0 0 -2687.386331329943 0 0 0 0 0 0 0 0 3156.981738799238 0 -66.41359663859299 0 0 0 0 0 0 0 0 0 0 0 0 1129.147128458533 0 0 0 0 0 0 0 0 0 0 0 0 0 0 80.1090523285597, -955.4174113217014 -1545.962741014988 1537.400514227842 -1687.828388866394 3272.843619162923 2581.207303627685 -2372.22182017456 0 4886.597513930325 -1489.150372240172 87.4298464909258 -1497.455885530247 -263.3189744779642 -3236.464448226568 -5733.406939829334 0 -325.5936398491385 2617.819355093793 -216.7021268043554 -1098.56195622405 -1663.29252576305 -3082.920261311249 -5748.701564866294 0 1303.709949963663 -1467.474411402224 -3963.078102120596 -4829.775062750554 0 -3931.969828416492 -1606.154328660418 0 -5377.874064555157 -7577.371317935251 1547.391906667791 556.1745126840988 4069.005201550309 -171.5692228718267 296.6838577654726 0 -1701.548155005054 2765.860488747416 -8668.556726258961 -3524.976100107864 725.2495368020864 -1635.839790276478 1649.264233259926 0 -370.9847093442842 0.805562763369835 -4032.117413800912 -8725.689641768551 599.0447194708212 2465.784875181762 -7523.895991054284 0 3724.31467073725 -9713.178276232551 3124.563128451927 14278.63957367459 0 513.491201563932 3066.472165538612 0 -1032.674013201899 812.3863245649045 1988.43422674282 1051.462102687389 3485.251966889959 11832.6132648849 1371.834400241574 0 -1289.629788705289 -5754.543849964603 10882.61941937832 1402.920825881049 -5095.361430494506 -3163.649102812208 -5213.981480095418 0 1031.77415592014 8505.021537978999 -953.4232635899034 -48.50761767140557 2394.019055616585 -2031.177726307334 -8697.013300943732 0 2226.445681631772 -5420.591134081714 -1292.995140674824 0 0 -4318.211211055503 3737.885551906593 0 179.8976444131833 -2960.611510298624 -2670.767845029979 4433.800286980297 -3996.303158422556 -532.8818980779656 530.4836620922505 0 -9436.743693345599 -985.8448217616192 0 -3208.408675652609 2516.866009429148 3888.620459486507 2748.428456445292 0 0 -1528.743135285977 3142.032118099702 0 6883.729014376466 5522.345822860355 0 0 0 880.7799499719821 -188.6685362745803 2580.254675786312 0 -135.4590357431562 0 0 547.0082315494958 8141.535844990398 0 0 1834.109416391756 0 -156.7516820895951 0 -408.0620879146286 -2124.933212817163 7050.028197225067 0 0 0 0 0 226.3780433477264 0 0 1419.81957894876 0 -2661.875786990741 0 0 0 2734.009114955393 0 0 0 0 0 0 0 0 2349.22966334769 0 -453.9707420148182 0 0 0 0 0 0 0 0 0 0 0 0 1649.003676130885 0 0 0 0 0 0 0 0 0 0 0 0 0 0 -19.38280914202664, -475.2573924229177 490.119361434488 1439.199952003795 -65.79446674956566 -174.3637795034249 4129.181814610607 -331.0648637203178 0 2149.192486706911 -7894.596028497052 -2845.574850488443 -2793.76322056857 -1358.51327271329 -1483.313702033377 3219.931003706216 0 -56.71645492926996 7549.785735532133 3001.55161278664 -995.9842291390057 -5307.721617376387 7172.076616244728 3155.022753677064 0 6581.780834886591 -3284.3475636346 -5706.277602133385 -2143.495194107624 0 -5680.22055053353 -2654.265451289017 0 -0.2689057245652293 3801.125785994875 -2139.259566773366 -4167.561537159452 7078.563753853178 -1798.374242329379 -5631.021790307619 0 4904.449855636115 -676.4280497004829 5118.573519430143 -5754.302295327709 -4512.848067712108 -7734.72146799187 2331.31557488159 0 -1620.063976803589 -6975.274573355717 -5873.206907708582 -2978.760334661799 -4427.84609202812 6793.5202965124 -11928.86307561414 0 -5973.913602350133 -7229.262729620867 -2642.572375221149 5617.764395026834 0 4888.927839980435 3423.749938316356 0 -1818.588268600916 -1154.791027216609 -4026.099863857987 2717.252946031469 10270.79672562462 6153.68554665456 1311.566151474551 0 -1693.846991378988 -5640.958970673038 9502.987183557181 4432.343984464672 -4694.301247301913 -3307.374244073867 -497.1318423027355 0 2539.460673687967 6279.321510149064 1774.248526530368 -3691.128088266492 7024.294562395535 3495.564019746775 10062.31623228109 0 -1625.489761526673 6525.235411589958 -5644.678776746085 0 0 -1673.65525841789 2875.550464486194 0 2291.007469291761 8479.221283221632 -1095.56801678013 -5967.006785705805 -1827.263468684844 -1548.730430247895 -1720.674234381863 0 -3556.667342739521 169.9493901256074 0 1966.086268430516 2065.85402212855 -67.38061174525455 945.9501075922612 0 0 885.8474768591353 -9854.554409749086 0 -5625.685714091298 -1857.874142403562 0 0 0 -1752.5788882052 534.3373160651754 -1279.450747103647 0 -2880.953633333783 0 0 100.3591347629693 -1481.408568640715 0 0 1906.146253445068 0 2140.289919575687 0 -1953.892929527133 -906.6372840451008 -2503.530480476249 0 0 0 0 0 34.02784174290787 0 0 3417.020727718695 0 -1052.038091816408 0 0 0 -159.5279646526144 0 0 0 0 0 0 0 0 1432.833275126144 0 -2884.155704492047 0 0 0 0 0 0 0 0 0 0 0 0 -391.7415807737489 0 0 0 0 0 0 0 0 0 0 0 0 0 0 -529.1070087115841, -75.58379072158118 -2709.175548620948 -4536.869301187086 1506.400813816192 -3470.333459694039 -5877.5183647021 -1416.548051858453 0 -2317.221496967544 -4158.442492487035 -3485.404480116725 -3848.39163758866 1851.055088932211 -8262.842727317213 -5277.827076008463 0 -1580.500660637041 2007.633363977598 -4300.516757343363 -1733.648417355595 -7322.416410953002 -331.466632996724 -3903.236093668223 0 4035.929979990181 -2517.045823132044 519.8555505598401 -59.62140124387861 0 1188.145680637185 -5758.324129674036 0 -834.5943140982195 1356.891435123684 9022.844128327926 842.7226215898827 3891.511052151578 -1507.696095776264 -3719.425038839926 0 -2928.0014016048 -1743.324591095572 6643.993763424371 -2682.32173130205 41.51307090784235 -4919.482972225869 -655.6218972009465 0 -1414.066848527311 -1027.985801186526 -5596.359749122266 424.0535078197353 -632.0575369763169 -2632.981296575207 -10753.83316051942 0 -4941.347397336918 -5578.949007077351 5080.423946061072 5674.43363805739 0 12148.77449963245 -1559.525701534275 0 2326.183619535505 -2207.608863407456 -11364.68510743565 -2228.813420084753 7786.342894410177 -2026.533988190292 10487.42253123529 0 1210.196852143274 1017.968048686123 2901.244206640783 -508.6566320201784 787.6778949928353 1475.88967971636 1704.545059910062 0 -1041.776978367465 4151.771720304519 2591.666726769989 1463.799798498325 349.6089002611793 132.3882614933661 5591.726822121657 0 -5561.010508787936 -3152.545132378715 669.9543435805265 0 0 -4239.267608824654 -4403.373260475829 0 1149.533338145416 1701.765215473827 -5789.59060554945 -5048.560366926915 -3456.160736138634 -4121.163190025433 -4190.480825289772 0 502.1446706818533 5622.12344714977 0 183.0361123523201 1697.204347624285 -450.1505061154726 3936.03924180169 0 0 -1530.505041281133 -13144.38261345651 0 -6945.355824773903 1218.834280462955 0 0 0 -2167.562978126001 -463.3613481582352 3836.921712730013 0 -5741.061623274692 0 0 382.2672376658978 -11268.02699101833 0 0 244.6548686117426 0 36.16910844735935 0 -708.6111092472805 590.9343102657754 2809.022196501604 0 0 0 0 0 -2552.855477467353 0 0 -377.6211024942036 0 402.9263792351492 0 0 0 -1762.693072396157 0 0 0 0 0 0 0 0 -595.2189185389294 0 -1587.334250477676 0 0 0 0 0 0 0 0 0 0 0 0 324.286754746174 0 0 0 0 0 0 0 0 0 0 0 0 0 0 228.1347260601632, -501.6934132662536 -1245.817437781869 -3670.830594232639 -1418.248268915035 -587.9089518454466 4189.865716037305 3582.209998205781 0 -709.371241171862 2631.03027055462 9826.387162555946 4518.874468641052 -1326.115234368775 -2174.194033842293 7250.82090207277 0 2452.387727435068 12246.79820956507 -5072.651070951773 -535.3843453512281 1661.178180229118 2515.019601101771 -4702.595784354206 0 1881.86158952199 141.0906418363566 2342.061934594291 -4952.195681907068 0 -2227.871487621252 2637.442304111322 0 607.2602545547986 2121.074270119226 822.5154364871648 143.1676566666287 -5856.585585373247 -1166.280951664981 5794.134318390765 0 2921.321767212639 9447.794688757227 3691.918931775052 1211.282836862346 140.0093109460961 1179.255577915947 2691.747895024203 0 -2875.092258788319 1457.532555741621 12015.12411875881 -1746.979534965526 682.7381575575432 4413.865844451012 -5322.573712176159 0 4532.797839837765 1096.11540743535 5236.162923734833 2661.569901165169 0 -3225.047789958177 -10509.79300204447 0 -1351.469750865405 -1504.304787323494 5236.288927314999 -2280.779759268152 6405.710434798319 8479.829074995263 -1795.000418935891 0 3151.45127376523 1376.549512237556 -2274.300036904418 -3148.391987666355 3717.854441601282 -6945.235420676959 2012.550722797377 0 -2228.668531799198 5486.557717876311 -5135.404630900118 5935.939826770919 -3920.677440607935 -248.4989286769962 -1497.596092224196 0 -2104.64139981983 975.2074708036471 3946.680613545834 0 0 1437.734411801631 9661.216426542309 0 288.754822728689 -124.6920185218248 -503.0421856131957 697.1797593851218 -477.5944330044933 3313.841750007822 -3962.158286540644 0 4291.031277034393 6403.691630471776 0 -56.63156512197509 2692.124064802113 2226.416254401121 6213.285582273513 0 0 -6451.105241815008 -5644.841540032889 0 2846.17353848716 2496.794437740823 0 0 0 299.2275832759923 -259.8717466161287 7836.618426655566 0 -8002.908431915962 0 0 -1220.239617557177 -1727.118314362169 0 0 2906.505048178958 0 187.5570311953338 0 -3186.944728852991 -241.387592118674 5525.091969552168 0 0 0 0 0 875.7506515712493 0 0 4952.832520782815 0 -964.1415231592453 0 0 0 1261.488190248838 0 0 0 0 0 0 0 0 715.7717049955759 0 -1306.847176863416 0 0 0 0 0 0 0 0 0 0 0 0 -626.8827300432945 0 0 0 0 0 0 0 0 0 0 0 0 0 0 125.3153644444713


GFLOW: 0.144 0.3855801453774388 0.3842362821721508 0.6995290423439242 0.6973518207502656 2.798541711145498 2.798529149818915 2.545426998499597 2.545899548699525 -0.1883073996545967 -0.3609683131903595 -0.2862938368716154 -0.5027968117921309
q-corrs 63430.00303173457 76201.10820761419 17134.82539847794 -6288.656604474183 -8116.762836078034 -18452.86068521836 -11597.09252185634 0 -3055.33164720666 -6647.212714607246 -5688.868100093838 -2821.483695237465 -589.0846297640286 329.6567278011516 18.75479166917989 0 -251.5982385270228 -921.3125510019369 2207.508868932101 2105.18650308737 1173.935723114655 -785.2552288813138 -316.3915865048864 0 -972.687557949475 -119.4829625872489 -1107.606920770978 693.4093725758946 0 -1071.312237532967 3439.503163230205 0 434.3863904220094 3096.304399959638 -287.9905716912128 882.382441844135 342.1791675596095 1900.903385905249 -2237.163362542617 0 -997.3697910298074 -1541.274564305258 358.1146329275713 -273.9792432674811 421.5577679910802 -139.8363882308546 3241.244234954999 0 1135.606015324695 2355.371595014828 2009.592729565969 -1274.530420088226 596.2890337367508 -2656.695878028696 -6707.985746264804 0 837.1243737263246 3548.280443177265 480.7886936267315 816.185976276273 0 538.3610293039353 4793.576594032435 0 829.7551584062719 1727.918823353585 -810.0614398946391 2592.138226413034 238.539804463865 3309.085201246253 -539.7386155666011 0 -361.1594587805314 390.804611540793 7025.179236171936 5305.396781381589 2191.669190184134 1653.430109679702 3316.230542297668 0 -1277.512615986886 -4058.157064436963 1225.858241273335 1461.52491777724 631.8860916890883 -711.3534238976511 475.8126035538044 0 46.51881639008013 2875.115891284342 -1473.099855375177 0 0 2592.86725233901 -1233.319225753632 0 -802.4863995429622 1360.040304977757 1215.777840135897 2520.08609895735 -977.1776793091718 1938.899173599422 -133.8452751092353 0 255.9796621716253 -4669.2507648383 0 418.8170412466601 -439.1392073061384 -3441.997232236939 3896.206844349962 0 0 1318.464104133338 2976.791283686449 0 106.8526993309403 -1445.181616461195 0 0 0 -1533.409895214354 1535.319309874958 3.026125624225074 0 2105.030368313953 0 0 -873.1121476300025 3780.470684058496 0 0 -1217.519530006183 0 839.1741159606873 0 -754.9381409096086 1967.884197956786 -315.6658217226447 0 0 0 0 0 1801.570668067316 0 0 950.5559688348765 0 947.2986881368246 0 0 0 -888.8777842096181 0 0 0 0 0 0 0 0 1186.71452297554 0 435.8903043925356 0 0 0 0 0 0 0 0 0 0 0 0 1822.965640831008 0 0 0 0 0 0 0 0 0 0 0 0 0 0 419.9368608790171, 12426.84895926318 8601.095685531949 -5422.103030014472 -5267.356881822664 -4298.262002226195 -7947.102057195571 -5098.107755954035 0 206.1850377270756 -1438.303924501674 -3539.639595189203 -3682.356007283018 -328.2156948821009 -379.2778895669273 -158.7888997777513 0 438.3964761650292 371.8902625822107 2019.507410354376 524.907480528347 140.8191402011564 2107.308630064115 337.0943247152693 0 321.5391650823278 1692.598501312227 2706.367460535447 1180.56615084432 0 -83.27137760031746 -475.5174926030481 0 -265.859442641739 716.2104271780345 782.2406177606654 845.3856873048744 -692.7154826969049 84.32340845375643 1294.400569251131 0 -1202.819398281951 -2320.420934071811 -661.641888775823 824.2351422118616 -660.6400675245231 2055.469546444682 2754.241007168661 0 -695.949307709647 2479.832003766084 2825.548690783447 -653.5670169494801 2134.717620027882 -407.0032346514311 -3815.510149052539 0 522.6938631764347 -297.8976368441436 992.2137712529607 3777.782639883251 0 828.1646625126587 2181.921890488854 0 371.8142611974482 3240.270720998133 4237.974139338898 -265.6926424104904 714.8819666198582 3920.103953829512 -2969.876763289754 0 -1019.937999865512 -301.9071939711102 5329.891858883822 275.8135997316492 -1769.246730228441 -1513.415484390673 1996.680669523134 0 825.4998263308073 -1514.926573568025 -1299.70953381547 785.5748586973496 -174.6796762234429 -2225.143445642532 -3625.855088194935 0 -518.4548580254625 -1612.882038426255 -1383.681817521537 0 0 831.4303814099103 -2259.54577819863 0 170.9463190451982 1037.297628706287 457.695936766245 -133.3616946229145 -1683.995857868516 1477.855062663162 87.88312294179258 0 936.2362731191286 -389.3372352948247 0 1377.341568999365 -69.12133446217678 -2674.129625291423 -697.8438284588487 0 0 1041.644514832319 4658.35606528493 0 1061.628187222536 973.4738340163738 0 0 0 -3144.44473351699 655.3756316379931 257.5381201777894 0 -755.3109947662883 0 0 -409.6016472195033 2118.616723251846 0 0 -91.34468148154798 0 -756.1644644828175 0 -1920.388957785809 518.1093402053907 -176.537859261168 0 0 0 0 0 -125.0980505157071 0 0 340.3019505584558 0 -537.2551440667164 0 0 0 -1195.126272717321 0 0 0 0 0 0 0 0 148.2493927944091 0 -263.982693835612 0 0 0 0 0 0 0 0 0 0 0 0 21.88140501866023 0 0 0 0 0 0 0 0 0 0 0 0 0 0 -374.5731603547573, -1119.863025049765 -4257.871333603292 -4596.115470658468 -2600.340051452486 -932.2438606596709 -1168.222051874828 -290.7772436343682 0 64.33684857975192 202.1152531555496 -755.9568666269687 -1023.845710562921 -549.7136293380611 -333.6971422103713 -1201.255358322739 0 147.0751824778282 -2144.926604216218 1364.760811025883 1029.244571715725 -926.6351042585048 -3963.958072321693 -1031.381482998843 0 -1999.054404024715 1785.994411477158 517.0215379983856 -2037.284164618855 0 -1930.848309498318 -4900.860971897089 0 -396.2862703624684 -1387.228299802031 -2445.9038764309 1012.872879770193 -627.0084918358891 -680.5732409960643 -483.7966224893364 0 -3266.288458545123 -5668.866700723335 -1555.142707227016 -1647.268401053511 613.9558090724959 -1749.159649613341 266.077781935742 0 -103.9772834568639 2817.363604971511 2187.293813314506 626.0454438058875 1149.040116307125 -1578.155692942717 1693.273865612069 0 -1441.072205243606 -1645.243381329954 -165.0031304142937 4003.162536504666 0 852.5555579073532 293.5640860311014 0 624.6645653875703 3037.471939427234 -231.4001313579365 -1686.122786293666 1630.223929840225 879.0991320706892 -2448.534718722792 0 953.3599447727943 642.8205440622701 -1537.198069180597 -1695.148012250395 -206.614087860384 230.8414456724465 -343.2548516813863 0 -1449.324670032517 -4767.903772857035 -2017.632285250377 -1039.324878952186 -173.6333059645148 182.3299866928784 4267.850250942909 0 -972.1403581225836 -4963.125090340058 -1471.989224703653 0 0 950.9073420290752 -1913.961206472856 0 -992.1987502541112 2174.170094651044 -1656.362207269078 1979.61193203657 214.1742445742304 3024.729597601658 -1047.736394266281 0 -1166.032943046977 -1471.284706349642 0 -509.5443855443232 401.3510850164378 -1655.100598688991 -656.3989915476782 0 0 1036.334732522577 1542.35657731921 0 1723.773095333902 426.7594242165786 0 0 0 -2315.746587329088 -240.0579659130454 -769.403954258667 0 -598.9857106485773 0 0 -242.2228829894151 589.8568514482399 0 0 336.899511860189 0 -2646.385436284622 0 -1681.773249910237 108.803977611991 -168.5875405491367 0 0 0 0 0 -906.097382173381 0 0 -384.4844371270364 0 -446.5288107437746 0 0 0 -379.9111180932193 0 0 0 0 0 0 0 0 1276.094256479376 0 1220.755427425221 0 0 0 0 0 0 0 0 0 0 0 0 592.455957114818 0 0 0 0 0 0 0 0 0 0 0 0 0 0 -384.8434374607556, 135.1544819765325 185.4727561318863 -329.6759509700069 -788.7162931817102 -687.3126344309012 -3480.552315703425 -1404.39417517201 0 -844.4353705278313 56.90378088304982 1431.773486578341 -164.2955417973292 -528.8965087330105 -208.2475695506496 -2449.532414280081 0 354.0025122995724 -85.92334279810467 625.8345170729376 -130.3473281116618 -206.6302186428667 -1708.109883715382 325.821916987491 0 410.4810330033271 1503.055184444457 4249.172222441577 -289.5863807640192 0 3116.555808686742 -3208.365418757569 0 104.3731157938956 1509.914481132987 102.7792939825093 650.9927155221064 879.4641477410005 1044.113753558656 461.9909830238 0 -830.2845201062231 -4581.53380470093 918.1020695994251 -1704.979554430907 -2944.892809869007 124.9778176580173 -841.6073651663414 0 -986.1247635696268 -2591.160171437396 -3102.328181072214 -374.9477389943825 229.2986591801512 -2056.833753067742 -2647.83129780884 0 -26.22038417221995 -4439.889658876303 -872.5382772970086 -1177.184215543645 0 379.0299026213255 -659.4914463353764 0 -511.4957135959205 2366.313934671008 2595.677283676815 -0.7008945009843046 1872.744755257876 4206.342034846687 -1481.754973116258 0 1004.282683270591 -1184.585615669316 -1272.174854345427 1096.659803558329 41.89567804701858 -1032.965661806968 2293.85591712185 0 -2068.329178741776 -1523.766016751301 -602.6700640085154 -1399.827737445084 2007.753012072708 779.697732546284 -1124.669979128643 0 -1626.036142325868 -1414.336649720461 -3.238161585215494 0 0 2980.331265973705 944.163454886537 0 -878.1649674681682 -441.968586920627 1402.91017313739 -390.8877696101117 593.4324746495843 2386.751186134499 -1607.531951069811 0 -1821.694197431806 -1875.625001939921 0 -867.3371585008624 967.0341833654528 462.288188660158 1423.835770402731 0 0 2425.825273473262 840.8203200348145 0 3529.003134660874 -1185.944805570274 0 0 0 127.7458578083096 -543.7438877600335 188.3355441434054 0 658.8486963074147 0 0 773.0947061113468 1203.565849930993 0 0 564.3094572777633 0 -37.37869262190429 0 -802.3922824310139 169.0617259131311 -1668.837312586317 0 0 0 0 0 -1574.726417145336 0 0 924.9364325521849 0 -800.0996872225971 0 0 0 -1311.988584271655 0 0 0 0 0 0 0 0 1458.121305796636 0 350.3409918022203 0 0 0 0 0 0 0 0 0 0 0 0 573.2772306785307 0 0 0 0 0 0 0 0 0 0 0 0 0 0 -109.4671794350986, -551.2980247984578 -411.8474919360416 821.294252459184 -196.5466965772665 1097.829739657428 1331.31048022883 -246.5507625691735 0 971.2622045558991 598.6038001276556 892.8519279766354 -503.0615602998797 -81.83422004615147 -1143.196592901756 -2104.936348947107 0 60.07677212208074 323.5974709748576 261.9330883293703 -804.7991155889 -1384.872547840343 -980.4531455488884 -1307.114873218291 0 599.7926341748034 -50.72732251276022 -488.2632017240442 -511.0300173801595 0 -1772.458005505649 -1841.96176452241 0 -2225.18833139604 -3881.594452966969 906.712031997619 1540.60860723423 456.8280546761096 216.328281108518 190.3887096975577 0 -157.3261389025814 -74.41403586212107 -2345.104024741293 -1570.645195288373 -1019.854479097614 469.2385559479766 1824.010598518356 0 -0.1733628832092791 -1193.867807473355 -1567.190186694351 -4032.760387532272 933.6932497145655 2805.585816248986 -3533.012691255019 0 2312.554679604695 -3415.112731047816 715.5630181934692 5175.904595691536 0 3151.852939173295 1112.858372972769 0 -761.4893724112162 483.823440490798 3714.981775530624 1028.312587698835 2741.835403411477 5077.321118054571 1419.472487848905 0 -528.1684193153442 -2645.512175125383 2846.632479410937 -698.0613412094463 -1458.278682276464 332.0026352457287 -1783.885723265112 0 349.8429044218009 3537.460755881526 1373.768669274301 -992.4389878108459 1363.813796225057 -1673.051273814296 -5593.216107674625 0 523.4262271189936 -810.8686135692564 1101.942727927382 0 0 -761.2507169957914 426.7940851811016 0 676.2230171610473 520.7748076064898 -691.6312369212632 1106.586797480138 -2029.718853914824 1135.377322201371 839.3368615144258 0 -2586.418903538021 367.6747352955639 0 -1271.987565121143 1121.018498723427 924.7301151004121 3229.409341592711 0 0 -182.5584538801038 2447.426321149536 0 3393.260542052245 2233.455276224213 0 0 0 901.3549056741972 -445.2764931292834 1933.72674648266 0 985.1376745132483 0 0 308.0263509304159 3245.786666290174 0 0 1170.58686700047 0 1093.066298639503 0 -11.85584366485685 -472.8332253469807 1897.051662053982 0 0 0 0 0 227.9438969457954 0 0 812.1634185434816 0 718.2744784384232 0 0 0 433.3147690448686 0 0 0 0 0 0 0 0 1156.343574363984 0 188.1381909715185 0 0 0 0 0 0 0 0 0 0 0 0 545.7758523691017 0 0 0 0 0 0 0 0 0 0 0 0 0 0 54.78972531108306, -492.7328326449874 -508.2231926591024 262.241705716021 -462.6891693608894 -151.5690014244361 129.7108650752309 -1660.882231071979 0 918.6895432513628 -2196.608604776794 -1913.896047567552 -1372.974012705126 -144.5717003076936 46.33261398909022 2526.718057510957 0 50.43171490912599 2567.164084926089 1293.443700032475 -131.5633415891259 -1228.034832171465 2224.515786291021 586.6699186426903 0 1790.587537304898 -836.8325738990334 -2205.598223509641 1004.666941914644 0 -2596.435958778165 -1976.219375545184 0 -693.1669103546832 -0.2756607080937101 -784.1982899105784 -2653.485679626686 1333.927182347961 -41.53877005380539 -3878.318051236106 0 1109.751556221328 -3806.352793593785 155.5031473057139 -2025.115246355231 -1688.381272006088 -4084.679731059321 336.0896587553561 0 -853.9597076905496 -1934.053795987549 -4623.120331212584 -2732.808047779426 -2559.742812946432 523.5652753808413 -5768.846643779163 0 -922.7903915118733 -2759.554491334648 -1284.35089203285 1299.073241916528 0 3164.079125527465 2942.474852159047 0 -444.4453257067629 -643.594973108917 1177.841776336791 919.0551775539381 4435.335985109823 2738.890002287024 814.3577018434939 0 -417.7870514028667 -1015.419421689097 4673.433297611016 2507.697316435131 -779.6722054938773 2021.955121044892 -1152.140087757842 0 1341.652120353936 4071.814584395958 1554.666883281941 -1757.650898481774 2239.129102232164 1304.037117154056 4908.79158240795 0 -94.4114678966946 3507.579013360295 -1525.530689022465 0 0 -946.4534238261557 861.9879987225422 0 1063.894311827003 3907.883454957368 431.974781212005 -1552.857387066088 -576.5555660988849 -964.3816574445168 -780.8207603461169 0 -1393.501058919877 -194.4962241675108 0 280.6790133506954 1550.528267855248 -378.2641889849756 -930.8661248587364 0 0 657.3186583195071 -3334.360653900936 0 -1443.291594896401 -1098.928101433221 0 0 0 -216.7285137417259 -467.6613654268306 -746.0947776017119 0 -2109.076519464512 0 0 -6.831695444588718 -1090.600508232149 0 0 388.9755613685625 0 1010.313719025048 0 -877.7113622185152 -261.0125460353626 -1597.956994079465 0 0 0 0 0 46.99399909704482 0 0 1177.891460367292 0 -801.6768559880393 0 0 0 -280.7289550479425 0 0 0 0 0 0 0 0 495.4541480551804 0 -935.9636812323606 0 0 0 0 0 0 0 0 0 0 0 0 -78.81498818923413 0 0 0 0 0 0 0 0 0 0 0 0 0 0 43.28303598708172, -284.7313214271759 -1169.738517643282 -1093.131443440978 241.4516800304802 -1571.47438595913 -2313.814919623779 -1226.41184833779 0 -829.7438981515114 -2579.618650698634 -2570.669201524493 -2441.880169812019 633.9726481714495 -3448.042255915494 -2256.992627112379 0 -660.879882210849 120.1016092644758 -2547.134439200315 -418.5531895567502 -2356.827597710452 -884.2166020996001 330.3291394944542 0 1409.63935092628 -1283.351038808463 -226.6388559105812 247.0840328401263 0 1304.485492651442 -3414.234870698399 0 -423.372221724597 760.8044352345405 2457.900353208103 -1496.640514065582 1590.434485700719 193.5498127557181 -739.1249032193449 0 531.0007127975033 667.7669706654292 1917.671396699512 -1102.692899137529 -459.3511232733846 -2168.676875562669 -1686.825227170244 0 -720.4784437194735 -1027.548629600434 -3151.483567076199 -1028.685172589801 -1257.601828424772 -2443.891032129214 -4304.315890966282 0 -863.6698411466496 -2566.468738784415 353.4871229094717 -507.1435397387343 0 3962.654577060689 -615.3720380853565 0 190.0615912463833 -2740.563683767533 -6901.75803985148 -763.0802219918037 3030.657559968848 -948.7090420882454 2565.849537513194 0 746.2615839329894 1133.693300648921 1058.022033979222 54.81709529241436 465.5555475830495 1320.196924627267 51.89703292573873 0 -5.309319007514205 626.9808766996011 843.6922344666157 -837.2044637191193 -952.0276114527655 39.32835172720809 3823.694593895773 0 -1953.744796465724 -528.4487727484532 678.9094555410868 0 0 -701.1361476072871 -953.6922360722566 0 382.5378067683048 704.8367513608979 -3783.964697888771 -3569.762300381795 -1388.658037526781 -4116.811782910328 -1737.431826460203 0 -165.4583475262266 1197.405254942008 0 751.2127358940329 931.2613124061673 -1208.266393932295 -1858.09449755825 0 0 -1406.466944902353 -7783.006722398823 0 -3657.414414076236 -1601.095449682959 0 0 0 141.062077261325 -117.0102084544035 1166.245633271161 0 -3102.582052499987 0 0 -186.9823992440384 -5911.030651944693 0 0 92.52390725864535 0 1713.303091268346 0 -742.9402227250007 391.2132930670178 1011.711110505101 0 0 0 0 0 -1454.66605373906 0 0 479.5696474828215 0 242.717688847039 0 0 0 -572.3944070487502 0 0 0 0 0 0 0 0 30.51550365966824 0 -712.5859918556393 0 0 0 0 0 0 0 0 0 0 0 0 265.1610532229928 0 0 0 0 0 0 0 0 0 0 0 0 0 0 298.5253017010041, -196.2147601160004 -892.1098164628684 -1445.394945128591 -466.7024951054377 -32.44955815068221 2025.881651037361 2062.320496228805 0 563.695946342685 2336.108483122408 3224.752957334848 1089.747050432784 312.0526270960249 -682.339325726145 2242.754379929583 0 1071.748263222408 5391.349622774989 -1166.87789469203 -655.2068845636327 573.1043953076874 929.6664967250194 -1428.907829543195 0 1154.179501742874 -915.9225559453021 -139.5077243642281 -1367.783650686255 0 -585.1231854723233 1018.160609582441 0 -377.9405468655767 -868.9963402977537 253.5368129389682 280.4918952204936 -2644.576722011146 303.3072710531461 1779.929650784033 0 2152.698227458969 4706.718816663039 639.839216057524 400.0727090198815 -449.3228555711081 523.4463924919788 558.5206035889717 0 196.8209669628325 -349.386122319054 3084.28337281295 72.6694834748173 210.8396504867635 -63.3047526989759 -1309.48409416439 0 2933.799604422828 -143.5720931999577 1433.273791761175 917.1209221353492 0 1603.517797831015 -4001.811567674918 0 -424.4434157492203 -375.8923151365277 1082.669201577887 -999.1695128683132 1584.455903129338 3106.248638663564 -143.6561965501822 0 270.7205576397496 216.6165575150721 -141.0674412241333 -1946.246897095597 2206.579495869595 -3860.329032056567 1695.521344232252 0 -1366.272545769985 2418.791053690443 -1649.267246294524 1635.141131695053 -1459.771346744285 287.6711335829541 116.0487880721148 0 -1813.857553090048 255.6090170610987 1386.452187019795 0 0 602.9376680154031 3360.310599928071 0 429.2587662304395 -88.50095467798656 -1683.564347343326 -1395.574971497721 -293.2343255014981 -279.9139802866901 -691.323736452953 0 718.5669367467367 2235.363564508079 0 351.3652691478154 830.8486192597123 426.0688709367735 451.0695085234194 0 0 -2984.44527024248 -4032.093864290578 0 96.49960950903881 299.9384395227921 0 0 0 266.1214300195618 -425.7008017271323 3264.088427095136 0 -3526.15460240286 0 0 -1361.62178062255 -1668.301772937162 0 0 1062.552634385708 0 1504.300676089486 0 -1752.630482772076 -2.102538943302477 2205.899993508443 0 0 0 0 0 -0.2469574294958647 0 0 1569.423326719321 0 -673.9645857244997 0 0 0 394.0149251507586 0 0 0 0 0 0 0 0 112.7216885218359 0 -840.2775458549472 0 0 0 0 0 0 0 0 0 0 0 0 -585.1106041472972 0 0 0 0 0 0 0 0 0 0 0 0 0 0 -45.30600693279624


GFLOW: 0.216 0.2505115291902176 0.249497928261413 0.4214305343053676 0.4199335790779941 2.898385952392706 2.898492151915791 2.740276158472851 2.740818697437092 -0.06050598412596464 -0.1258544694793863 -0.1162955719123021 -0.1901659240688156
q-corrs 26165.40611688202 47467.18111672757 24183.79818709815 1367.187811058768 -3190.312275306028 -10841.46729431392 -8457.688437760375 0 -2611.362077659064 -5240.108821708849 -4672.218393516959 -3374.327208569703 -363.8408263541965 -1227.231798499483 -2039.516029570863 0 -70.38938545739707 -923.3553893983021 -203.7573973262293 278.8245028862325 -231.8037715726294 -1134.681244525486 -326.8063478995037 0 -359.1929191693117 -289.8958712825198 -450.1196719013986 267.2535339263569 0 -601.4959430719271 351.6222519272782 0 165.9146208750847 987.8655988418709 270.3128594028211 27.05191081468632 -273.2055763010264 -48.42129771158523 -83.69917351891723 0 -464.5536529808664 522.4423523670647 123.1084025500252 615.6853938402791 572.8553556861862 638.2982153074324 1703.340674450885 0 327.1643655799379 1709.140710548845 1840.492158332606 -519.8828522763763 685.9510210811709 -372.7566112176463 -1350.798347182109 0 799.6437228307885 1945.760906387472 497.800873608375 1469.880746630212 0 291.9238941696512 2315.374451575044 0 328.0688738856574 1268.837305909059 1015.216211363047 1243.356239124814 90.17363287609214 1332.893051358508 -26.53102800376092 0 -777.5517936983729 288.4724921125635 2474.790218344797 1348.30408850879 493.9047827365112 916.7337275911389 1498.564228567641 0 -197.1083729301233 -1469.948158349237 301.0251239355766 1083.785787865248 154.6808864935802 -1133.312152896967 642.5295362694061 0 410.1962791895072 1110.056983130088 -85.15611691474442 0 0 1032.817132346134 159.8656619333506 0 -315.9759364146332 854.4070944824564 299.9980575254003 793.7340635218109 -550.0935630716544 1885.675022666179 132.0892425915866 0 581.5887016959805 -1370.068916403407 0 700.0735838504716 -152.2353585187502 -463.2570638429627 1088.449720131112 0 0 -21.38388735653993 1169.703610013795 0 314.3985483459114 -114.3170658372193 0 0 0 -1133.55941424923 1234.854612612722 119.9086288631535 0 -268.1145360182926 0 0 -318.5799017557558 1830.617915087537 0 0 -365.4940001940494 0 -284.7190681038309 0 -1011.5323226371 762.7454356926297 163.9974032751425 0 0 0 0 0 925.1727661014675 0 0 331.8207236405057 0 -80.3345326675975 0 0 0 -49.79947066539148 0 0 0 0 0 0 0 0 702.4906356214594 0 167.0941360966764 0 0 0 0 0 0 0 0 0 0 0 0 739.5406206671737 0 0 0 0 0 0 0 0 0 0 0 0 0 0 164.5468044322725, 7762.877647295351 11971.9840317196 3324.674677071357 -1560.127930070397 -2486.907101580771 -6710.741002540459 -4661.555604717631 0 -929.2039379751883 -2248.334000651799 -3265.951510479407 -2620.737516469574 -90.65603361984023 -717.5773503382084 -1045.565383135117 0 43.55201344337291 -184.4751758513114 272.1195748126551 312.2086666145725 0.08454827440819201 -45.63667850390868 179.1043923124687 0 -25.46998462070383 634.6667003144105 915.9202561456741 230.3590613727933 0 200.8768340097254 -433.0213848977475 0 111.2143203683415 150.6890258765135 685.8277664611212 594.5769036369966 -350.4267311297101 -408.8353109690005 181.2680408712632 0 -378.9754339138919 -141.2905245545092 -311.2438668760068 637.0532650100747 78.28650772809846 1058.749116036875 1809.819671341631 0 -77.13323327611678 1417.853302755669 2479.904007692386 145.3613366980729 1197.833516829956 527.587767234066 -220.4252964931002 0 440.1187102472847 886.6305630760731 733.6660123061465 2435.471287475902 0 353.7201031366731 1081.445926743792 0 263.6760232051545 1878.60389455418 2151.4331586038 -127.1076426878242 595.4937116995845 1895.837409352354 -854.3663385841487 0 -808.7780403657281 -412.3708704164306 1662.817157588546 -221.47794633076 -607.8901408089073 -141.5578643124544 595.1564680897429 0 298.6961423506795 -1186.925555813134 -565.837244658351 468.7764454065834 -217.1139245856605 -1573.08958447274 -1540.705879344768 0 117.6675619004716 -986.6304255126089 -553.3064643483057 0 0 120.496427095597 -412.9387706395515 0 33.16577339071466 572.3024008171368 -118.3940380021825 -116.6359241116848 -615.8332307034887 1326.819212587883 -9.987087763997593 0 211.1870412243932 -299.4807374059974 0 567.165543667481 -130.2226056284265 -660.2767833122796 -564.1305830206767 0 0 339.243332944606 1933.946200960384 0 533.1321808032422 318.1764093066302 0 0 0 -1882.578273873865 277.7865149302045 -57.25176496359116 0 -964.8489963611305 0 0 -25.12732015366562 1126.089258817456 0 0 -44.48315613824145 0 -1124.251644184893 0 -1283.255770462823 134.2777679325768 -121.7425327328838 0 0 0 0 0 74.63579288152118 0 0 -46.96079011757664 0 -618.8495395557823 0 0 0 -182.6888821915081 0 0 0 0 0 0 0 0 125.2715463796983 0 103.3171779103164 0 0 0 0 0 0 0 0 0 0 0 0 129.0426062842481 0 0 0 0 0 0 0 0 0 0 0 0 0 0 -75.57112463161248, -541.4465030938893 -2614.432600900762 -3633.819372630006 -1827.044276835807 -849.5054596581522 -2421.133938001503 -1707.852941042249 0 -531.3618073369934 -786.435743567906 -767.6927952162052 -890.0806531840105 -171.2471807043565 -401.8203657141042 -1379.827096667327 0 54.84279320276686 -580.5298641655118 582.3847713771232 169.7960149164377 48.91742649674853 -1527.548702917252 -393.3906939950291 0 -996.6899470552697 1289.426437659678 454.7183538840534 -1132.89183660551 0 -1050.531746843312 -2216.594656674948 0 49.38565751451316 -886.367491630876 -697.9752703739462 818.2711489345013 -518.4561574062762 -1001.138307687721 -1042.989968473616 0 -1328.114641081811 -2713.143651657679 -408.2650230574622 -577.9327834036252 -81.04808224044709 -286.9611672295848 440.493265819073 0 -100.4920756693526 712.5972226815475 847.1436078195915 734.032193239487 552.8131588085926 -445.9213613392322 610.6800198323837 0 -769.2023109496315 -368.9914246838328 -461.3693434986288 1046.083501592385 0 -118.9812930298974 -30.03911650494115 0 241.5507198795553 710.2482593314189 25.92557479290156 -1181.274841724043 739.8892851184428 674.3382328637454 -1076.012280785981 0 138.5766836344999 -136.258252854156 -1544.250790290227 -717.1030329496981 -390.4292434044464 -399.0541657262205 -324.6254997520556 0 -904.9800849447352 -2546.586566587984 -1047.775804784278 -760.1925240221444 -323.7376978274535 -255.0796994120776 1005.413752757034 0 -385.8437354383641 -3205.65487332655 -595.4084980566441 0 0 123.8704531118013 -946.3930759285666 0 -460.2198624748114 917.0200467785031 -580.5400792167707 989.411886568099 34.27417909825664 1416.464267240366 -460.03168210732 0 -402.5315162297888 -503.0745451837191 0 -279.9458736507304 128.3401561636697 -519.6980605587369 -296.682010654725 0 0 881.1319444307908 1454.00484854675 0 934.5847651578451 52.96586046298557 0 0 0 -1347.278193933973 -482.6968111525299 -579.2386030708008 0 -837.0956485379646 0 0 213.1220863605496 282.467400149358 0 0 129.0789251905587 0 -1228.092323547294 0 -1130.850555518951 -200.3177696464798 -768.910245796864 0 0 0 0 0 -552.6721037594632 0 0 32.14667461610429 0 -301.4016092264658 0 0 0 -258.153360222501 0 0 0 0 0 0 0 0 706.2555735319781 0 568.9710153199629 0 0 0 0 0 0 0 0 0 0 0 0 407.3209970685979 0 0 0 0 0 0 0 0 0 0 0 0 0 0 -101.1457721005636, -93.55297249357 -354.8562301990166 -646.310917909939 -429.3283812299254 -268.320340533423 -1562.18185418924 -1029.286915623028 0 -672.9416461796386 -434.8367511322616 593.0720506660165 -130.3009328796429 -216.461902063274 -116.8115072786056 -1486.200810570199 0 279.8415139187213 113.4819303724825 426.1659134553039 -141.5133323387237 212.7008680056378 -886.2980622753464 -9.505225964095246 0 -127.0537331951908 1332.595681470636 2275.829984543112 -345.8670264644977 0 1312.698816471906 -1766.131100408643 0 134.5315214095212 34.55485367766789 450.6523215934237 1187.445374203236 759.8256688921754 290.0363787075275 131.3782282736078 0 -628.7969831829355 -2364.786434870239 887.0157599922642 -694.767333363912 -1644.914128941352 222.4816167022952 -423.7934871213906 0 -494.8992325417817 -1502.269529354586 -938.1410829732798 460.2518236956881 385.4251172638291 -431.226582586375 -1382.347771132295 0 -225.0560559993286 -2359.117859388295 -1149.036606959102 -934.3183285966259 0 134.2747296064519 -661.0250222315431 0 -167.3296426621629 124.2911447785074 482.4513359165099 -273.3893126459167 622.2233350900789 1889.072643765991 -140.5588728653452 0 132.770645579326 -784.2983849118843 -899.8780574311797 184.4356417007014 -28.926781960217 -360.8609623631389 991.2624636484973 0 -1181.368765521359 -916.6227033158532 -122.4705222934864 -585.66461203494 1076.0079379961 683.0686167738261 -296.1855259112554 0 -490.5190215138281 -694.0673214839125 40.00873399898023 0 0 1522.654768884256 -53.05530139341352 0 -315.8344559934357 -398.644674524025 864.9827508627857 333.7489623903878 609.1878321551702 1444.301095810024 -359.2408432680344 0 -144.4999973183968 -599.0647449885631 0 -313.2385183862962 155.8901659105552 327.5149479308229 256.9085101448911 0 0 1531.345643624758 1144.39551642103 0 1291.191312570596 20.18238795785649 0 0 0 55.78195410645276 -118.4981394616958 -87.28600736680897 0 11.64671746968031 0 0 540.7595600802271 327.8999797532192 0 0 334.2785595275851 0 461.4855431737101 0 -338.1138953961399 -33.32094767908475 -912.5369359675843 0 0 0 0 0 -695.2431286414758 0 0 612.9762198903677 0 422.5417796901296 0 0 0 -570.5711226913347 0 0 0 0 0 0 0 0 952.6416780202303 0 375.6671449436429 0 0 0 0 0 0 0 0 0 0 0 0 367.043076300583 0 0 0 0 0 0 0 0 0 0 0 0 0 0 -54.44810169176142, -272.6691168486632 -382.8678730080351 -15.77611944134685 -57.7621245882344 312.7321398035025 403.7835356792554 -24.78310185755146 0 189.328190875951 326.0018123930914 544.4642041966681 -11.00639213959847 -81.09401058797232 12.43199590636169 -348.4886318809685 0 181.3622737641811 6.928775781887907 102.5082712543607 -261.6390373116259 -486.3304379491406 -681.7241713782253 -361.2802177071533 0 -224.5302590986913 272.6064707283745 302.1316442321209 283.7422484818869 0 -760.0871352333967 -1188.841180429159 0 -957.8858498082072 -2183.91153054271 477.4022966564775 690.3818753042467 4.565308496590802 317.4910563985362 -380.4354776650684 0 -161.775640241296 -1269.507311418897 -635.2241230023116 -633.7200102650604 -1091.527750857416 -36.37348890339604 834.0684238371526 0 -50.6489688685719 -756.5267464105521 -1163.510166764695 -1621.997356085029 584.4379354293769 1549.346422410516 -1788.580661286262 0 1236.107976174649 -1367.229456464571 -276.6950080016427 1571.018798600124 0 1793.718977052764 819.5991251213516 0 -389.7082736737624 350.1901273157665 2490.7942456082 560.0050808754388 1548.288390343143 2485.108789411135 1031.752001164722 0 -286.2347002577671 -888.5159345059318 1198.658248602963 -223.8042171397667 -197.5241215358907 1422.27371564181 -481.808733975451 0 11.81034711940311 1801.068270670444 947.0144985049242 -710.9339049062032 978.9949995778786 -772.7537091780815 -2166.057542869024 0 539.8056863524663 21.41230256482243 889.0279040276533 0 0 -9.910106813671291 -353.7203134264806 0 572.4572742115778 684.0701295372197 -161.3899479236187 510.2531025587053 -598.3133189910186 1081.597059698633 279.781218357479 0 -663.9574269368809 552.1811841690985 0 -545.7873459934866 447.670846285497 59.01254997453168 2144.919518259529 0 0 388.6883077872553 1698.996348189536 0 1374.201013298818 965.108061691421 0 0 0 722.5557496365471 -40.50976041523012 1080.354627531274 0 829.5391973258672 0 0 275.8328274357094 1214.197757746736 0 0 622.437472258704 0 945.079380315625 0 185.5350103306693 52.75834718120387 583.4306902816345 0 0 0 0 0 64.45123541114273 0 0 439.5346044845612 0 865.9820889910844 0 0 0 19.97716820377091 0 0 0 0 0 0 0 0 573.7889721375266 0 229.3853865409362 0 0 0 0 0 0 0 0 0 0 0 0 205.5067019735125 0 0 0 0 0 0 0 0 0 0 0 0 0 0 20.83625881853125, -287.4948107868331 -565.1251880418765 -361.0470635819737 -377.9602102587899 -221.440976835449 -537.6753462555941 -1133.180734525227 0 262.9603766659704 -837.7104216890048 -1115.975604411191 -683.4523382125893 18.27718378434037 340.9898689060577 1488.539004627614 0 9.364906186959558 792.0458933038744 273.0611877313936 208.0644146909077 -302.2469032260899 499.0491223605882 339.958242149774 0 199.6337514902534 -304.9499820631695 -748.11287704958 910.1608308103533 0 -1434.998194955958 -1010.232412861483 0 -621.2283592617941 -1195.965628044635 -834.2106603136831 -1851.061088592771 42.02483727666791 370.9444999892072 -2067.836334303901 0 -32.49247723678855 -2886.93597408831 -953.9632206164255 -768.3073099968005 -748.8212791957342 -2445.697649906609 -531.6217962752096 0 -347.5844798443913 -415.2617999732821 -2456.586168138079 -1642.95136680329 -1149.214773016201 -560.7263268640467 -2311.36225038148 0 251.7861599134747 -713.2120340869596 -765.619803585636 365.162244401438 0 1743.65055627703 1712.703395707723 0 -196.9059664493091 -286.2230664784632 1348.460339559398 398.8900289627459 1818.115972460012 1215.587775593563 706.0223075801956 0 218.1887780807006 171.7728766445459 2170.390605271074 1395.660926807665 121.8212799807166 2094.781928561808 -572.7879554231993 0 488.3306288007779 2052.364762472732 762.7701482580268 -666.3687435469732 730.0580734324155 348.7051633310181 1953.394275090873 0 353.0204977722906 1418.883314231573 -85.29610369693683 0 0 -354.5931996870161 84.65730263898593 0 571.2516371376191 1710.833464976316 -14.94689539665457 -521.3377682898189 -317.3794499400511 -810.2133260537938 -201.4611610976683 0 -452.0353855610035 -12.21705842439945 0 -85.71156865055914 709.294690485503 -331.5971408347622 -517.7563628714502 0 0 203.8433148937501 -1345.222953719906 0 -723.4915910951339 -331.2081806258499 0 0 0 226.5090555402788 -320.7566276919006 -388.7754104599398 0 -1064.989772693333 0 0 55.87788517591457 -892.8142569866188 0 0 145.0514706815206 0 683.3925412919763 0 -279.610392586964 -4.236001385577197 -817.1282174938655 0 0 0 0 0 -151.3010606624689 0 0 471.5659898172114 0 62.06813939346989 0 0 0 -215.936684622768 0 0 0 0 0 0 0 0 332.241919548621 0 -169.0752974281652 0 0 0 0 0 0 0 0 0 0 0 0 108.7376784658137 0 0 0 0 0 0 0 0 0 0 0 0 0 0 80.92373378450012, -183.9633464295119 -557.8295347194899 -369.5009521438988 -43.24022100808031 -723.5687281715065 -1260.259844928402 -1060.885668183001 0 -347.8416971958164 -1452.643505138551 -1690.308041774966 -1307.082137271015 188.8270484924845 -1118.385978094316 -355.061144036724 0 -335.9018782216845 170.3224836875386 -1194.189791963474 86.40767486780101 -529.2128872454108 -45.54231318699976 983.2015322232419 0 700.2776992837216 -554.4492683833416 -186.2535497934394 351.155222160214 0 886.6041562154738 -1261.920889649998 0 -244.666593092258 -203.3374435678959 536.1889516297847 -1336.837358277961 512.4768379313718 471.2922611820004 -603.8565451204257 0 668.2611477520705 206.6746759337695 122.9611352839723 -566.2873208833689 -257.7294310058118 -1236.864023436305 -1329.854471720511 0 -341.8400888652176 -790.5320944202809 -2081.988729629457 -766.3841443585546 -1077.30388033703 -1745.586989820636 -1211.679030266258 0 159.5271063743192 -1012.626516851024 -327.1836345637183 -802.6118994331794 0 1246.279113123663 268.4756626770733 0 -235.8572567087479 -1456.988590728211 -3394.951079941032 -161.4537360145112 807.625822383161 -311.8622997599358 593.0652922743881 0 513.2100436432913 669.7258366446041 352.2244477123181 65.11939858645218 593.9479963093647 578.9665604155193 -45.53001643761041 0 -61.83805536839185 84.20987360477804 254.694692417351 -631.2243696924704 -492.9722834118834 -192.1739324890397 1427.41523482067 0 -784.0750632225881 568.6466317978493 -65.02636174357059 0 0 -200.526885937522 -217.1372108843626 0 148.4989563624667 137.4114238859631 -2048.788209236753 -2066.758941291564 -685.1206331940834 -3007.534838464108 -485.4778580710793 0 6.420665245671103 -132.6195761123716 0 311.4904664422528 340.0355154346329 -753.3749356350511 -2091.032434157306 0 0 -1184.090546812537 -4457.07622885231 0 -2026.208955590932 -973.1720501191019 0 0 0 159.2892899506203 -244.5817863418289 0.6070894221687695 0 -1779.573813716534 0 0 -261.1024192694456 -2815.74301571807 0 0 -85.30348904129042 0 1134.675019289194 0 -410.6607706466164 64.48069567074161 57.16601372425075 0 0 0 0 0 -633.240358132771 0 0 373.3569556641964 0 370.1902639179225 0 0 0 -161.99065408208 0 0 0 0 0 0 0 0 167.010404679492 0 -158.3749761412771 0 0 0 0 0 0 0 0 0 0 0 0 136.6220023663271 0 0 0 0 0 0 0 0 0 0 0 0 0 0 127.76488941966, -117.5681153968085 -326.1705314693787 -198.751153186735 33.93368556350494 31.19666106921116 956.4099917770861 910.2522349053901 0 489.2087149650371 1189.570139339974 1019.74322754879 524.3775362917397 382.150402210481 -131.0613731091279 973.571231332972 0 375.2860830334652 2309.522153538328 -39.42176171033776 -449.144703304425 427.616245255432 942.6620108405066 -374.1945114742031 0 627.8253835117257 -817.4174702342282 -486.2600927808218 -160.8116347248218 0 145.8938372418547 1025.411420813764 0 -513.7645693536132 -792.7629367545696 151.1689224476702 377.3607680321991 -1191.450045251237 99.83128595125307 507.7311476575916 0 1503.994422787863 2400.974938441824 -63.90572632998038 10.17933364724666 -354.8888783487408 832.6475576535297 544.7845878535577 0 419.8830508073089 -736.718030873541 1008.295061731964 -18.61049072270703 48.45955337564857 -59.93079636010734 98.77670786311091 0 1500.976081229901 -42.19465466717338 476.3611508458417 474.6423278647956 0 1570.546270292802 -1211.83766514294 0 -270.9217131481089 36.52996724885617 -809.9577518084675 -224.0120557919008 523.9781555441617 784.1817476740536 269.8345161784536 0 -63.35261543440856 229.3271856317965 414.7502268351441 -748.6190514200338 1266.507272912885 -1879.901872365605 839.8440170865666 0 -711.9869455194007 658.3651859399092 -498.5478846317309 415.7105431013323 -554.9542190692169 510.8202041359028 195.6705177050004 0 -945.3156562448232 1061.69846822923 13.05706498387383 0 0 85.80100908017278 1124.233774161886 0 370.9368128550292 -548.8496150824569 -888.8330900126959 -1508.00572800684 6.914842581174099 -943.7318534403195 -94.7887840141513 0 -11.16141432292397 496.1178234826153 0 280.4240153978473 133.7448249871063 -82.69973688528074 -1207.572298458703 0 0 -1540.447710536263 -2835.867835034178 0 -421.363228345462 -435.7639010119251 0 0 0 203.6709547605846 -299.7005786174044 1089.731121129975 0 -1650.126556413088 0 0 -789.2418842294426 -1258.209851795176 0 0 155.9630072705531 0 1173.354209802358 0 -588.0005163380445 -77.74850913625077 835.6090338063796 0 0 0 0 0 -159.4113842857584 0 0 492.0469653327959 0 0.6712666963005915 0 0 0 141.6216285590409 0 0 0 0 0 0 0 0 -200.1667548876613 0 -362.2800057910077 0 0 0 0 0 0 0 0 0 0 0 0 -480.1288109811194 0 0 0 0 0 0 0 0 0 0 0 0 0 0 -89.72872469900327


GFLOW: 0.288 0.1718656262389851 0.1710295826538572 0.2715729897048502 0.2704547606802886 2.942338904197503 2.942472272322719 2.837922155595973 2.838447812446729 -0.008214921264984546 -0.02617240339527466 -0.05018519165662108 -0.06876050811890019
q-corrs 12319.42282338017 28805.39455447132 20722.36250190333 3933.262329993285 -524.5445806130767 -4558.735907197098 -4676.94647363323 0 -1918.496160396703 -3929.755516537828 -3609.757724245509 -2833.938120186571 -361.7567573834849 -1573.253214964174 -2483.599344633476 0 -110.4828735466734 -1235.501253885146 -853.5346913761766 -264.3960579466843 -582.7084188455071 -1276.311450034827 -354.2611519781668 0 -351.0231163291557 -272.5766718005798 -475.323114677736 36.15405160731279 0 -500.0716146398558 -342.149753952775 0 67.79275520532882 129.4154106168411 252.1808137123246 -244.6340735426643 -208.3365396440417 -198.22888509197 238.5575784144368 0 -101.1952537803776 818.5494559106555 -53.76957698157482 603.7574759890562 355.3844034466269 528.3226456979755 888.8189507591264 0 222.7036172206631 1125.864546130258 1484.863650280985 -16.65295352348613 384.8964442000582 338.3261189900248 335.2201743901269 0 587.9391232416139 1189.679063071454 486.2711211930973 1279.50182685354 0 324.6562907012805 1230.861492803041 0 154.0526662882382 888.3375567363041 1066.572493516818 613.200580559452 259.9239093036364 714.3987738853643 236.9648318537887 0 -518.3088875755742 141.680520343247 984.7377205400383 408.1102296516138 135.4821641730612 772.3451746255053 575.9869784172488 0 66.74111433048611 -450.249138281433 80.74753992208863 638.4449282572164 12.42080838729134 -915.3332625912508 134.3365767829154 0 407.5813789017675 508.3231105186219 108.8156888669861 0 0 375.8135817155661 579.0381225463054 0 -171.4113210659661 313.0132147343588 -71.90949274262388 -87.26787032592497 -372.9191582099861 1191.671800407981 179.9788308205572 0 417.4286371703195 -479.6562427055429 0 672.2230795295891 -177.7557273595044 305.9784811575345 -42.69109631910601 0 0 -285.4776278795608 414.0323429208494 0 283.1486299293022 205.4206916931872 0 0 0 -1004.403239571754 886.2563648460803 5.264268086893836 0 -656.667552479867 0 0 -126.9283394913145 977.696300311987 0 0 -61.18374216669179 0 -574.520529889758 0 -759.5126750215065 337.5539932009669 89.48058693112534 0 0 0 0 0 437.3145724219262 0 0 79.67707865034947 0 -274.3945828304621 0 0 0 107.7277481064667 0 0 0 0 0 0 0 0 372.3250109462998 0 115.4030653342758 0 0 0 0 0 0 0 0 0 0 0 0 369.7808718292815 0 0 0 0 0 0 0 0 0 0 0 0 0 0 81.80309366714083, 4720.011063965012 10242.71523780199 6199.16097806551 509.9177672256158 -1025.090495485938 -4016.082346999058 -3335.244613604354 0 -1102.354322831234 -2329.852370118929 -2615.723755855791 -2043.194271417996 -152.9698949557686 -958.7644882110477 -1478.694444221045 0 -98.50572174474561 -682.647780929338 -361.492890847138 -0.07245892749946847 -180.043102437769 -558.8941308094539 -39.30472160133536 0 -184.9610404250348 223.3318043917335 166.651937686947 -26.96676944787021 0 45.00675162396067 -271.5432796922997 0 111.7590496286155 20.58311255767595 538.8662652461533 329.1483637387531 -177.7009053390663 -366.4914863706895 134.7818180853821 0 -38.27133219515224 576.3385892008356 -81.52160155639625 441.8775968781704 186.0373655752764 778.404570680271 1094.156564999476 0 119.5032398304346 905.4351700640156 1732.749341679366 347.1837043862511 606.0725557122616 808.9188896033677 712.4613578506999 0 349.0480350396633 902.2591338471639 515.8254226900278 1485.156700364703 0 182.7622130997429 608.6867201711696 0 175.2047382726028 1087.232022577404 1318.61796591598 -29.36915167930997 522.7057006004137 945.1196837038767 -156.6887192253083 0 -427.8761926849636 -235.0649480876915 420.6129397575783 -229.987353978874 -225.7780877638683 280.968826477832 24.05116391639697 0 72.38386220073652 -666.0433307612454 -219.7756732470564 181.6747485492609 -175.9891660028241 -997.0965333636452 -728.0406333482646 0 180.206700689565 -557.0911040504666 -295.5431818883074 0 0 -62.44018071455878 114.8013020512065 0 -41.01950324504166 238.7978873459261 -198.4921383094002 -224.8495322970155 -317.4253576711062 773.2553474197688 10.98178918252523 0 56.11646552531394 -168.9848856987868 0 328.5801266412016 -146.4749258401298 -3.802330894006872 -508.8798837902248 0 0 100.3171988193825 791.1083769215749 0 315.2487735537778 160.2869678729271 0 0 0 -1175.314817875639 204.6909937945262 -130.8430124854822 0 -766.8008298272659 0 0 50.62701134042787 666.2184507075942 0 0 -4.445498253968253 0 -830.7702172931656 0 -811.2507196455997 27.93250082233241 -112.1467256476535 0 0 0 0 0 84.10928900004694 0 0 -54.88752239871316 0 -456.1752072369244 0 0 0 23.32564995727112 0 0 0 0 0 0 0 0 147.9461388966307 0 110.4612960523716 0 0 0 0 0 0 0 0 0 0 0 0 174.8037986948657 0 0 0 0 0 0 0 0 0 0 0 0 0 0 9.587120188471843, -123.4311095001391 -1126.569762617182 -2110.556143707388 -1188.173129395595 -716.9488578569287 -2327.86411402882 -1776.850838978984 0 -620.6464113711904 -1049.229748396023 -817.6848016378264 -799.1848857443113 -110.7372115623469 -431.7025531206604 -1087.033302101558 0 27.88280498112896 -309.1753835998124 151.8564732321039 -7.247376983497361 160.9349080263065 -603.8366458119508 -208.521891199166 0 -503.1824870104682 754.9920372696698 361.455440475212 -568.2181629451604 0 -391.3965950672363 -897.2337896777447 0 150.7682785626612 -260.7108508465147 96.04875385981299 693.1284235600651 -184.776133354073 -688.1616838439427 -556.6683385051501 0 -549.4201847599201 -966.5842922443887 122.7071080079869 -209.7244362131526 -190.8508562557976 254.3248421023705 336.027134997663 0 -4.586730962667957 130.0396464263126 657.3063327862114 610.6027480637601 270.9244280803686 150.4939782489506 234.43739193879 0 -262.3311635849232 -69.42853803417668 -372.022450023232 79.8940238607515 0 -294.8918361790906 -399.2708031618104 0 124.8981481509137 163.4251152311327 79.14612999590588 -770.4005138712187 409.7816873823564 325.9447336698142 -512.4221101496726 0 -53.35548595332361 -286.6705799151264 -1395.106134728962 -415.6491725395676 -263.0877062136375 -477.6915733670371 -252.4048871726083 0 -583.4321221769961 -1530.31094043964 -542.1534588579184 -527.4021625844961 -265.5932874909553 -196.3546354729703 234.4034648319345 0 -189.5659455029392 -1663.178570252357 -531.205958927325 0 0 -8.252138593535136 -440.0209519550449 0 -257.946818301325 280.1131522085644 -130.5423196245107 508.466035046047 33.97311356928935 668.7478789514023 -116.1468078912262 0 -109.0344569098869 -251.9188625410161 0 -159.4781986474491 10.27883451814583 -137.7262193996885 -335.1421554105204 0 0 648.9774121335995 984.7534279446343 0 406.3586039206477 96.77100481688935 0 0 0 -700.9496424866177 -329.7272217421199 -383.4575472434972 0 -571.1145934688068 0 0 240.7522457536998 173.8385256383087 0 0 58.6311557122301 0 -495.9731420791169 0 -615.6603991202079 -192.3457189602044 -552.6531589943866 0 0 0 0 0 -299.9141179143766 0 0 153.4631955913202 0 -95.79605479800679 0 0 0 -143.7373377683938 0 0 0 0 0 0 0 0 539.3179740522393 0 282.6779676729215 0 0 0 0 0 0 0 0 0 0 0 0 352.0871166312625 0 0 0 0 0 0 0 0 0 0 0 0 0 0 8.271617078150399, -127.7828510426033 -507.2996006140789 -786.7540978744428 -413.9518983006552 -225.4021770029265 -1066.345289747631 -847.5143152902181 0 -463.0372777538241 -505.0640784053777 156.8816230954777 -156.4556610852359 -133.9677492831808 -109.1923916545828 -833.3144459733901 0 195.9438484847718 66.74103664210494 238.3341446932004 -84.38804527816254 275.7871254196068 -392.4069206186414 -107.9673590593641 0 -251.2549612720018 873.2652369629639 1191.672034036394 -222.8454739327202 0 495.3197151272904 -956.1491720938168 0 130.9252121348551 -120.1126625637531 490.3841480832301 880.6458739195189 448.726319054618 0.3126887323849132 -33.61947779787877 0 -482.1653010008121 -1273.151051969756 717.4892152017944 -299.7578521511126 -943.5885152605792 215.1388534848402 -267.4850476224712 0 -220.2552517808096 -791.8582273364123 -222.1015531862133 460.6277138800481 229.5649261508411 29.81948507779575 -903.4463833362043 0 -23.28850713022092 -1273.327304710971 -915.7129191271786 -925.1595527881952 0 -30.62813094736444 -521.2589469304058 0 -60.25395866132311 -221.8335441235608 -57.22139075813119 -358.3808347382533 189.3940951852482 742.6178862362926 -24.96197620150087 0 -43.17477275550978 -439.1512104976862 -865.6047019038469 -1.191802520031786 -45.79510623586772 -450.3797631150591 404.278839810935 0 -691.8941094922932 -694.9192996747184 -117.1903813115874 -370.4018343671593 470.7343793036158 500.3777061062121 21.89145295597814 0 -215.1070306844885 -354.112635614742 -148.641108767232 0 0 667.7135419162749 -159.2807132314877 0 -158.5694053773233 -388.9755472903557 561.0313923969392 449.0412117836071 456.050686283032 868.9169975826462 94.84636803282763 0 178.438807494042 -225.6128789533303 0 -65.63566889484719 -57.18792658000137 191.6145401438477 -169.095177657885 0 0 998.2804601332157 1071.320411239373 0 480.3797735964218 425.6103773409298 0 0 0 -57.47839676504043 64.35744736155033 -136.2158366551154 0 -93.7984514239152 0 0 352.6609300626656 161.7456094544368 0 0 248.4795795745207 0 355.8403972345131 0 -138.2000777747815 -13.28962232468694 -486.1924887090967 0 0 0 0 0 -338.2292470073584 0 0 393.5339831205201 0 471.4843858804797 0 0 0 -259.1813927744332 0 0 0 0 0 0 0 0 650.86391184014 0 252.3900165870555 0 0 0 0 0 0 0 0 0 0 0 0 286.597059896852 0 0 0 0 0 0 0 0 0 0 0 0 0 0 -1.781678709437603, -147.0780924372025 -348.4600168394632 -312.3526531248026 -140.6277068313875 35.35920460530465 -85.17060247381058 -174.0715270710299 0 -9.816559420641582 13.89381768561341 209.45813213688 25.33773087119792 -68.31691650633401 157.3223979486538 -22.1953840590639 0 138.2846715936168 -4.282209456096979 33.25126977349447 -57.46595219796626 -90.50881391225951 -475.7811979205607 -133.5228638415408 0 -375.1561378659858 235.8769250238144 272.6542748854322 205.8131034066183 0 -461.5033312059096 -819.4422592556685 0 -431.5289976546712 -1279.234121165123 147.9852863211814 148.1794052506563 -30.56455712912229 226.5067831904602 -488.0273470004776 0 -280.5025936687443 -1306.124956655868 -258.5806776043187 -305.8757459682497 -729.7532156237904 -327.4643616499107 186.5980449903568 0 -66.24687003659432 -341.6624412039685 -780.9325984000093 -609.5556769848138 247.0837587148542 674.2901263687958 -944.2748883112257 0 675.8681167794464 -624.0230512897786 -387.025488815452 346.4595736585552 0 812.5933822726124 640.1226267987696 0 -186.2209325970441 212.2392033405457 1350.299167613164 286.211945831446 757.4636266495236 1247.874528382197 577.6214875343719 0 -130.8557735612222 -280.6249854570366 662.867125618467 97.94968914454341 19.89831821115871 1173.277649015906 -93.11218636627507 0 -76.34365288801948 991.5868866653229 442.3629354011298 -312.9322483198424 613.22191651813 -227.8292450284853 -601.8579337616154 0 448.6119234786155 31.51002384543381 621.6236195308923 0 0 56.37518488263245 -282.8605041787991 0 360.935941439439 432.0139805034853 59.7961308061931 448.8808346028623 -76.17349091953164 751.0825622066312 115.2142358074692 0 -209.7923122870901 428.7594950958883 0 -177.0409651932281 165.3672155435116 -60.90844107379655 1162.884397617145 0 0 446.8970482199034 1173.668031326513 0 565.5604295843873 571.3174586269652 0 0 0 421.1123747174095 139.7558185620418 556.1924285778875 0 512.7669989424907 0 0 211.5572586579499 533.6371452207384 0 0 364.1723276870434 0 582.2954754793421 0 168.1541947008679 142.2778509914183 242.6780501438524 0 0 0 0 0 -4.438668395146173 0 0 254.124296735892 0 562.0753059179834 0 0 0 -33.73302346564813 0 0 0 0 0 0 0 0 349.3603819890582 0 143.1702769387263 0 0 0 0 0 0 0 0 0 0 0 0 136.618046138429 0 0 0 0 0 0 0 0 0 0 0 0 0 0 14.98712048129865, -148.8996528922088 -403.0091372824584 -419.14776360567 -274.6157484033299 -196.798385730627 -540.7679524212879 -670.8415672330484 0 64.2525169699565 -402.9123437485109 -650.5926878288228 -361.0833604682666 33.19046434879311 293.0898738667759 815.5448246022397 0 -17.39382063216798 297.9456330615006 23.05232367965147 208.6120090202453 -71.60598379873306 13.52335816455545 271.724215394575 0 -118.1599707108972 -152.100305477372 -305.5288326205358 538.6328424342228 0 -840.6736502275152 -625.0393379463519 0 -443.4868881487001 -1129.308320277697 -682.3886278224865 -1276.313157369438 -153.4874628406061 367.0044864342315 -1113.897757459361 0 -244.1643607654597 -1866.203327449341 -919.4993133401696 -351.1488986518993 -365.7690710747588 -1514.116496625601 -627.7697449946935 0 -130.8584662332186 -101.5041299749031 -1309.825193054101 -878.3096466603961 -588.4148154979569 -608.9002516512824 -906.8109649813337 0 315.2898134215392 -130.8963284956346 -450.2756006431014 122.2934995254056 0 921.2291612329612 1032.049705693311 0 -136.7768066216075 -90.31302132053321 840.19615945946 278.8587455261595 777.4927511838075 594.8411879214185 509.5196389975435 0 220.9901999495631 271.4379562536307 1125.604829920124 733.3072995756812 231.143428608622 1462.238054216269 -174.8161126284064 0 161.0091671065888 1154.725121432949 348.0859829196457 -182.2920587433071 309.1026261525966 25.10437241892119 823.7455245610138 0 331.2962548269231 644.4680179501493 223.0787200503447 0 0 -143.4679105641341 -85.45345095112467 0 348.8692520804428 779.7190264375358 -172.8626048569074 -220.3121073491939 -191.3703388474614 -614.2325072165958 -2.231928251686057 0 -146.2846733894779 62.67443029982439 0 -131.276784933985 301.2582713497455 -261.1639873341246 -242.0157403424875 0 0 12.10824565488272 -705.9079393509235 0 -507.2588324949563 18.56753725459981 0 0 0 203.8063856324769 -171.7534328897979 -186.1917962796047 0 -528.3361875141807 0 0 42.94723637222083 -607.6577382886214 0 0 116.9661277502824 0 449.6441732769984 0 -77.88486892611412 42.50885689094014 -384.400374058383 0 0 0 0 0 -134.7033027958871 0 0 253.3947774005512 0 270.1974880895224 0 0 0 -109.1112743529883 0 0 0 0 0 0 0 0 299.005507320175 0 34.46098572567042 0 0 0 0 0 0 0 0 0 0 0 0 168.9956861256105 0 0 0 0 0 0 0 0 0 0 0 0 0 0 59.13209606387689, -87.65077834654615 -267.2428778401155 -216.2797103095513 -106.9905127166296 -374.3678308065226 -822.7856674374249 -767.6494591687673 0 -184.7530415994049 -827.2485097427929 -1020.339468638962 -676.5379386080676 73.34926024021965 -282.3719471455146 184.7526742074845 0 -185.5620128414493 236.4807386402544 -420.0532704120829 179.6021516435337 -7.480483328659965 265.2746567132314 727.8502807037778 0 386.545001805622 -239.0939891637042 -48.8254997562177 373.9821062801902 0 551.1334527721207 -322.6234932541464 0 -204.0920058081618 -397.5793597859308 71.2006149998407 -859.5537041007967 118.4801958112176 337.5656112239299 -375.3904432149212 0 329.4049835637936 -76.85090589330468 -295.9633942849979 -294.4372780242557 -124.0070975783005 -717.8667192258742 -813.8392688502588 0 -132.5572651796749 -494.2931246072223 -1294.527020705793 -471.7345339943084 -690.6534719350218 -1129.643399240792 -338.3330604689672 0 249.3606298659314 -405.8611574611734 -348.3647079170454 -487.103074319775 0 483.7201270876682 462.4587245125232 0 -232.4102788972465 -654.601451503032 -1717.80174473464 28.21702649013086 85.12656302951979 -216.6353023114606 225.7621732786944 0 300.3192362958649 394.5179687733408 158.200544573474 -6.594141020261389 545.5806040918469 161.6713508895239 56.49425031644637 0 -101.5817662024999 45.32040408979918 108.5433390447019 -257.4537490144322 -236.8401049212573 -200.9217865571081 402.9171932543564 0 -412.5936353251418 685.0999329970773 -355.4780874535252 0 0 -116.6478261075011 -99.89947038424108 0 106.5933166260828 -150.7852416569463 -1065.66536257528 -1273.243964552047 -390.3877785567358 -1993.031308124108 -32.26498938946744 0 60.35877064448817 -291.7155153296181 0 58.92330817327681 65.09899015316117 -415.0101576607567 -1512.413291226058 0 0 -827.2566164446208 -2583.617475231897 0 -1193.167849071401 -370.6887788944701 0 0 0 -9.13292227920158 -216.3341532538397 -246.3742023755921 0 -1059.916940194017 0 0 -206.4313403087102 -1459.875325113265 0 0 -64.16318068239907 0 593.0852929579369 0 -202.4349574225159 -21.17951917084049 -141.4077626763301 0 0 0 0 0 -279.4878099508776 0 0 224.4584901788406 0 339.3751480506677 0 0 0 -32.27160025878601 0 0 0 0 0 0 0 0 169.6566936116931 0 25.58414888437667 0 0 0 0 0 0 0 0 0 0 0 0 93.36074537007562 0 0 0 0 0 0 0 0 0 0 0 0 0 0 50.83928506667132, -56.78081556600591 -73.6012285119715 123.2228448404056 140.1020330481599 30.72115295560229 429.6081544569307 424.2473457614831 0 243.3730740086947 558.5221154010209 334.1309530830391 312.0673659255897 239.7132381105183 64.97079594147093 639.7660201492208 0 143.7502278091668 1178.470659296231 280.0747500265213 -222.7949899033637 417.4362170799344 861.5800234472548 -100.8896373978754 0 367.4231972722392 -476.9626817469218 -311.1497110789658 155.3369132644441 0 275.546413073138 916.9454408493266 0 -358.561725339496 -436.6839748356821 148.2039826762629 331.2174617813353 -630.1560049443926 -60.23182871461812 168.8393932517318 0 896.6582343553004 1282.895604677857 -118.2671337947764 -40.57156514349222 -145.2773866879954 703.5190191861207 474.1116549154835 0 264.5788385251696 -454.9625763206886 436.2118729587493 0.7912647840407203 -32.64594642356817 90.77437256602917 377.5484900738446 0 834.0200757513142 15.26140512575921 116.3393675612772 213.0671596283776 0 1051.129859868846 -143.8704225365089 0 -186.3431425675675 134.1009812588578 -972.1514082419467 54.96269244336452 212.4812864937601 73.34236234440277 314.9103574215774 0 -25.44665903241486 280.7689994698407 316.8628238174038 -336.4893311033564 781.8085816133599 -1003.129175550857 431.069268282335 0 -423.4443818360004 66.92699645267942 -96.40495511742614 201.5774657144415 -257.2674938097109 392.4875022032587 88.1396042588961 0 -552.5858061708606 1044.151485139686 -329.4711105653569 0 0 -32.96229499064157 438.3729339733082 0 261.9415153535165 -647.2905643869539 -420.4371208806069 -1203.193879404106 28.22920113264666 -896.1898219199094 -22.10188715305441 0 -17.42659788140242 43.48627920408884 0 105.8722644914419 -76.20906207434145 -81.74876878508681 -1283.15201914195 0 0 -912.1536211902556 -2031.514546275979 0 -442.4371614696813 -464.622093541606 0 0 0 22.79919211623923 -282.7130262050881 296.9357865469659 0 -908.6940026174515 0 0 -437.743094191667 -947.9505673784518 0 0 -100.0745310383434 0 701.9173236971028 0 -187.4120124088168 -124.7119395219633 345.2703966780957 0 0 0 0 0 -148.2312299889416 0 0 180.8053603479215 0 265.1191958235382 0 0 0 90.36286764021223 0 0 0 0 0 0 0 0 -175.2553027888746 0 -84.58501877005227 0 0 0 0 0 0 0 0 0 0 0 0 -314.2129448423658 0 0 0 0 0 0 0 0 0 0 0 0 0 0 -76.86097737221486


GFLOW: 0.36 0.1244456243129202 0.123698120919846 0.1866651794820148 0.1857472873748243 2.963726846428839 2.963858895962824 2.890544187869253 2.89104151034438 0.01287005246074531 0.01558467668761031 -0.02455176903639694 -0.0215378877383492
q-corrs 6437.938835562108 17792.24358775073 15648.96565656147 4156.922927273863 616.76819674351 -885.2834370675121 -2029.769154098115 0 -1275.922124889717 -2806.555240679318 -2627.234368349063 -2172.59429582541 -362.3397848870785 -1453.383154903034 -2346.710896332555 0 -151.8908172100641 -1360.81685532816 -965.3173586151992 -429.3978965888948 -604.7972346391465 -1198.09177576407 -363.8704959635784 0 -379.1726086789627 -266.3374532140814 -535.0136716395516 -90.90695600985877 0 -430.7351413411903 -435.1101910647999 0 9.415737960358399 -115.5321386056537 181.4270414719854 -259.9169969265704 -71.01438737649659 -107.0291355515859 223.2604740603589 0 43.5668098165887 708.7564378738604 -71.04869789479628 450.5160643415152 203.512095128685 441.4142883889598 492.32376813368 0 201.1295030631753 710.6859594278224 1177.345060307158 162.2487121181696 188.1315023899365 465.7293844976084 734.145355040157 0 392.4967553542654 838.1030546466463 396.9198288405345 981.2342657235547 0 318.8998592085073 685.0225351060212 0 88.5537951997257 599.786919013591 851.0857044872585 326.9286517016743 334.4284283915313 454.2846794486128 274.1666476639326 0 -265.9593702073298 69.39765683987839 464.0774801406907 116.5054097423526 47.70352730945521 615.5156192955147 164.3605514030156 0 83.1142986361202 -78.79782250825915 42.12188834774599 336.259737778557 -20.76132452619592 -614.6675929153367 -140.9852827241096 0 276.325458985103 239.8483418082012 49.88310532798243 0 0 102.2943386758831 551.5329787269184 0 -99.40128239879979 11.72959248197127 -163.2737397259444 -341.0484444585553 -252.2853277023963 607.5861138074381 165.6063309303805 0 237.1567304385361 -203.4844563889864 0 518.3850495665051 -198.3354475357198 362.1818415312406 -441.0165161931837 0 0 -260.0144662800118 115.0730290168242 0 203.1198893610421 225.1395491083445 0 0 0 -849.5657822105613 606.9018193192981 -93.87465174007457 0 -560.0113629884665 0 0 -61.02150460164242 553.2908393912523 0 0 25.91991632660522 0 -565.1101351663247 0 -523.6073008333312 177.4360183243038 6.427159120994588 0 0 0 0 0 213.2765450922692 0 0 -8.737204084605249 0 -276.7360245220828 0 0 0 93.37018740255783 0 0 0 0 0 0 0 0 199.5080452964581 0 71.49635518737969 0 0 0 0 0 0 0 0 0 0 0 0 218.0198345154862 0 0 0 0 0 0 0 0 0 0 0 0 0 0 49.93877031673335, 2922.855781938369 7739.106376707972 6265.694966615937 1360.020625096643 -170.5267574789027 -1800.90730753006 -1967.286473059484 0 -920.3430984627857 -1998.537887102685 -2004.428397394792 -1614.206252698239 -216.6270123827597 -981.5461501852246 -1567.341462888435 0 -142.5327790747506 -911.8384620466944 -578.2093917012255 -191.2690213496278 -273.9589581593596 -658.4420655811684 -155.8415902051316 0 -233.7611646894806 25.52681389600953 -129.3483641258896 -108.3785857717279 0 -36.37528317428723 -209.9305750768687 0 68.19675794328387 -1.224529344633197 400.5940337337336 184.4765864265017 -29.55141101509497 -217.2696933185592 170.9004230069185 0 73.47802093542731 666.1485637414963 48.38809448166253 317.7328988466218 145.6929198351852 638.3343686871374 648.8275338461982 0 163.8601512984629 577.2432925815268 1259.843203144587 367.2271913382647 299.7131011103756 709.5887422075218 813.1590109601517 0 256.6946902692488 717.5223611860741 349.9827064754195 933.8828248571433 0 132.8702833660091 337.8117851206958 0 116.0680193196033 637.2261654358497 867.8355239093901 3.152266527121213 420.9128486757828 504.5127649113255 34.81977577983025 0 -202.2330804664558 -117.339384504842 43.25620930591583 -173.1431336361097 -100.50246149592 304.151076353882 -132.4337860475202 0 0.7546443632358262 -350.0151135617836 -83.01108467226646 43.40745567863561 -123.8812001401731 -580.9855861928238 -417.2874854567951 0 133.3412285444726 -318.2292020993605 -218.9447038432503 0 0 -98.20395263465784 221.973799026507 0 -58.5574798396836 35.1135300312518 -160.1184605859239 -240.9400189037789 -187.9215660265837 390.5581844432038 45.33741220812661 0 28.06901333952983 -112.2001458480319 0 250.579559449718 -140.7140907834819 143.7927597217021 -476.1835716260154 0 0 21.08024973761902 349.2715359182375 0 190.7736007442491 123.6746830288296 0 0 0 -774.8319173162073 191.8932140039644 -131.4169448345532 0 -525.2645699035011 0 0 45.90191168182381 414.0783546815265 0 0 17.1286732686801 0 -547.8546881017497 0 -496.1007138583395 16.33433051137933 -78.38072032519847 0 0 0 0 0 62.43787990558324 0 0 -21.42500485335901 0 -277.7802681708392 0 0 0 48.52918567350896 0 0 0 0 0 0 0 0 159.0818878771362 0 80.19535171843431 0 0 0 0 0 0 0 0 0 0 0 0 173.8481356186331 0 0 0 0 0 0 0 0 0 0 0 0 0 0 30.89348276042597, 76.86053025796207 -229.3852071353457 -931.5965210853776 -670.3074298763428 -507.2285081197844 -1790.949943902667 -1454.86755980685 0 -556.7335406756081 -1033.108270365325 -798.0116307294028 -712.1124433939697 -117.5974400878427 -431.9884197094766 -878.0931984868959 0 -16.73675268560487 -342.8663835352652 -68.20023839659876 -47.0653597439306 88.10767115523137 -305.9629688020499 -125.6724984218608 0 -263.4810715512987 419.8926994745184 244.7731006945501 -310.9566216687049 0 -45.61846973086784 -374.6895223509961 0 154.4257463504711 31.75439572845222 336.5713504556741 543.3645172438972 20.71134534937264 -411.9401617219464 -202.4727136421141 0 -238.4855159208736 -174.0823187554048 320.9180087739322 -34.65813978020682 -160.9225612024805 417.158876869748 225.7251008071747 0 58.46154741524212 9.95457507211259 643.8846349115246 469.2745688322429 154.2968821327106 301.2009060948486 124.6213633894431 0 -49.78368094650355 9.77423663498223 -256.458478836218 -133.7834187026606 0 -235.8457711877277 -441.5334232920841 0 86.08787050784559 48.00431783744851 84.97906135535108 -492.4867215108255 226.444237570368 89.17707326184049 -271.3000957846344 0 -89.95018025126777 -242.0059971321959 -1079.608672660862 -268.8382000435416 -152.6402175105971 -429.3309850271809 -198.0318132550136 0 -369.1348413250946 -971.3843118641468 -301.3297714874383 -355.5561237150749 -195.1364849140859 -74.62341696547952 63.16215607675792 0 -116.1294077094895 -830.1281029287884 -471.0567448354214 0 0 -36.41856376724066 -181.6065993442862 0 -171.2325498292455 16.10112244617704 28.66661763186262 279.7122476280251 54.21140263718245 326.4988346549735 39.64743322874638 0 8.855062114185387 -181.6070665254832 0 -52.72443772937359 -36.47343590532235 -6.065003038795894 -336.5446750069229 0 0 456.2292192171235 647.3125776922077 0 159.5261726908638 153.4746205948193 0 0 0 -388.628246634315 -152.4088871256323 -230.8052177798793 0 -357.6517587765671 0 0 179.0807198334289 138.727313530309 0 0 48.90654037455724 0 -178.1109617114773 0 -313.9785415840057 -113.8086166375939 -305.0317059077304 0 0 0 0 0 -151.5716057139157 0 0 161.3877632110596 0 40.42123730454328 0 0 0 -68.52638409226209 0 0 0 0 0 0 0 0 428.9514025023292 0 162.7454773114652 0 0 0 0 0 0 0 0 0 0 0 0 292.7442314688232 0 0 0 0 0 0 0 0 0 0 0 0 0 0 38.99509317848278, -104.3071658530172 -461.1233317743622 -737.5973105578055 -394.2877751735518 -217.7662873779115 -876.5877820950905 -737.3780554751127 0 -338.6007727843297 -496.6708596591654 -66.82490429771238 -195.0484392793331 -106.93609994552 -120.9675103066759 -529.6261589558102 0 109.0364806268852 -22.93362281206052 106.6000393873616 -30.17148382068549 196.8672141469645 -192.2834830398647 -86.35903929633713 0 -206.6354873543528 532.5753253127157 637.0999678094522 -162.2246804297798 0 214.093906554622 -535.0616582127775 0 126.0431067643567 -42.99078576663948 413.6757873783002 561.3470882549997 273.4659391349982 -92.37284705952702 -95.66593899685222 0 -347.4103812082647 -649.8307462615118 543.2761861459692 -115.4328235576343 -551.8674261380684 197.8833308656469 -182.4073789047692 0 -73.28987587856189 -417.0877787060652 60.46029372753492 322.5486829210143 119.3503163281921 97.93578130103582 -620.3169972979642 0 67.14692222441553 -706.1888466802775 -618.5099366807349 -749.2121799436135 0 -83.2416734905881 -428.3143820067065 0 -12.0032898746985 -194.1398091556403 -143.8254907581248 -315.0931578030162 25.42275341452805 226.0103359116189 -82.7528746338354 0 -91.08152828184188 -264.183794142251 -761.9356142848981 -27.86352033529309 -41.09160241651792 -485.9011108218847 168.9768400683751 0 -411.8803262968585 -549.1035744992369 -129.5288471389826 -249.7995737012497 178.5490707865846 354.2871133561713 132.3199340843699 0 -139.4452848562875 -178.2171812766823 -216.2208650145286 0 0 288.0200870854001 -99.08700553325622 0 -105.9643184134774 -312.51700166389 393.3474462425713 409.1776520556913 311.5939436533848 506.6982850489124 222.6772856438577 0 196.7217522670649 -126.4187577803729 0 37.29672352542903 -92.48410522347565 117.8555084441044 -268.7437659850642 0 0 673.3197071199378 849.8824466677345 0 179.947153332919 467.3624440493487 0 0 0 -104.873057367788 129.6763156471207 -124.5003598028296 0 -100.0944016000138 0 0 229.2352889444312 147.535899114276 0 0 192.453710773655 0 211.7201355938857 0 -63.60930205391378 20.60835580717541 -264.4683971602603 0 0 0 0 0 -165.5218159817248 0 0 251.3349883460953 0 331.7076499915058 0 0 0 -125.7773479831854 0 0 0 0 0 0 0 0 444.5301555450325 0 151.8221822963042 0 0 0 0 0 0 0 0 0 0 0 0 225.6371018797298 0 0 0 0 0 0 0 0 0 0 0 0 0 0 20.45927184417547, -87.93569919673564 -288.5615875635231 -370.4619715939764 -184.3383614962688 -60.37753617544171 -278.6286212290888 -268.6344841371834 0 -70.79551681575659 -125.7284740108335 29.75482792470694 -29.4788423550695 -52.38479163491179 86.62988125763945 -41.44166999381898 0 83.12551982248948 -13.95989176711609 2.030513461265912 -18.57699702809833 3.025404537778059 -333.3004385254961 -75.34641222148929 0 -310.8004641784743 146.2839978278911 122.2829280730331 73.60604642291874 0 -359.6858558564603 -575.7190370035607 0 -207.5934454633949 -754.5998647295064 -15.77414422040876 -73.29381371181613 -28.95337076147688 131.0761079927142 -416.2323486186087 0 -266.0276255948761 -989.4516839900981 -150.8340628422278 -169.2648307371649 -440.2631178487978 -331.8802817951089 -79.94252131683584 0 -44.15202145245101 -162.9712219358514 -449.5093547499095 -234.4746885812471 73.47421818222686 244.2461318712491 -545.2819452782505 0 375.7773878625402 -326.5895314025258 -301.9529153881706 -36.81729174688644 0 365.3598000069436 387.7546638953847 0 -86.95927763317971 111.0493587522962 690.2461669719708 137.3903457021084 350.1299723024064 619.9071827451385 288.0035028748173 0 -74.80802983489595 -102.1521118945984 345.8899390868285 168.6276982534827 34.11951124129558 711.3023117940537 31.06031099171723 0 -76.67053118253415 535.8878245387252 179.3699509989476 -93.44584645656735 345.9788985598427 -16.33029125073699 -27.70393528138516 0 290.0722154041837 44.64645189438333 427.7581975019841 0 0 48.4503963505484 -138.098366892359 0 210.4412700473733 239.4793235197557 143.6321424246963 401.9789274675528 55.87670602706238 477.5871357300322 114.3337170721181 0 -62.1560668373659 283.3158358661032 0 -16.55036230442326 56.02380916959267 -36.50014829283572 569.6757978704941 0 0 358.6264917562763 805.9054742183051 0 246.7376088046314 415.2779481014657 0 0 0 200.8711481268056 179.731627971553 268.1555307324859 0 271.9255645160473 0 0 146.190323381633 292.6386971639302 0 0 234.1910555974993 0 320.9575095080093 0 101.4668527856821 124.5552098103327 113.7549776782944 0 0 0 0 0 -13.19805603702043 0 0 157.1180018919849 0 334.1401684902482 0 0 0 -25.90882427280279 0 0 0 0 0 0 0 0 244.5051319870148 0 86.86037164445997 0 0 0 0 0 0 0 0 0 0 0 0 118.7690912995296 0 0 0 0 0 0 0 0 0 0 0 0 0 0 17.87820878512722, -76.67675636534358 -259.2204943662615 -335.2228666494714 -196.9083137198926 -150.8019442043598 -429.6709219248817 -410.0248176128214 0 4.290615529846633 -213.5940711012408 -372.4922070680715 -192.8323308676931 34.42920528328625 192.0240966141758 440.2552857801442 0 -9.437348476695728 177.9701132946771 2.158171234451942 129.9235429364918 -12.93840601376422 -90.37764826248919 175.9653483129542 0 -138.3557642716332 -99.63228901166765 -175.5008234781372 308.0778586055963 0 -533.6864631106641 -418.1095096733773 0 -300.6568677785269 -825.3676110739312 -507.953725597583 -866.6170386361821 -143.4795378602114 283.6372916795224 -630.351977768494 0 -209.7151282589175 -1181.564672806385 -692.6338233175549 -199.2482556515416 -195.6785436043262 -951.9195720077444 -507.6896697251402 0 -51.84995388260563 -65.34280967389913 -745.8952597745888 -471.6697988644771 -348.4758299680286 -481.1640242402582 -415.8959463634404 0 214.2262141463062 -7.08431441628727 -277.573349277187 11.48753240734638 0 472.4121799425299 621.1013452218094 0 -97.72557791562305 -19.64445590147923 424.1357453388276 197.9056469684235 335.477518907205 292.9577023728125 343.8752936191826 0 121.5180107972417 181.7503367533374 614.0501786683183 389.1880371829836 198.9868542218309 913.552330062155 5.188183221690572 0 48.91754728138123 682.1534535497212 168.3594710557745 -0.6404773260193082 161.1781343818471 -56.27584189876715 411.0151578431465 0 212.8750698094958 368.6262071472703 232.7285760439756 0 0 -58.04735463282589 -95.7051398239887 0 222.7926532632492 367.4359479756304 -142.5399671353811 -85.49718227293289 -115.7530159335513 -432.7604628065618 62.07527052990962 0 -53.36146615459657 76.00594541782628 0 -97.41223573286315 128.0015660406816 -185.3712527832422 -137.111832018519 0 0 -42.66706443899048 -410.4260472702377 0 -342.8059216906076 122.7351460568079 0 0 0 121.2184014789118 -80.60872580443323 -95.37876813087041 0 -274.7928065312083 0 0 18.66084240469021 -377.2337261410037 0 0 99.73907446354872 0 286.6626140066242 0 -17.28572629213252 41.57300034976382 -175.7521961964468 0 0 0 0 0 -85.91140931819255 0 0 166.916438182569 0 256.3633617693798 0 0 0 -43.41842174682297 0 0 0 0 0 0 0 0 261.3151271492148 0 72.04743407389942 0 0 0 0 0 0 0 0 0 0 0 0 166.6226071188935 0 0 0 0 0 0 0 0 0 0 0 0 0 0 43.85304092943034, -36.54939574483716 -125.5886572477939 -144.3653752259659 -96.9747924848055 -209.3090998826037 -542.5308797890088 -495.8203809084491 0 -108.3454184241525 -456.0001021512592 -576.9939773811147 -344.4940470827215 41.95879602322833 -24.23875478759544 250.0512861091393 0 -86.95865365462305 251.2333701022866 -64.58451698240532 149.3969813110838 112.4842824870697 290.2989353443494 430.7543568567563 0 218.7823229607498 -100.0611239411731 39.93394762463117 336.4361229284364 0 311.1081098074341 9.618388366095928 0 -163.9573120153331 -320.860510225346 -43.83447734670818 -514.6674499063779 -3.49169003790071 217.9858325338434 -174.5391538073568 0 131.6458684029029 -121.5986307282124 -313.7520876118763 -151.7783352281297 -37.06859734487713 -428.2801923134502 -468.3188776238559 0 -41.38771202787223 -273.8955883135289 -773.4979255640651 -290.0245012627781 -417.6270946914798 -712.9694657488965 -124.6009140746495 0 201.9757991417521 -165.2647577356387 -289.2495628770316 -298.5560060649597 0 246.4874265884124 415.1751746941345 0 -167.1103976327543 -297.3635572985314 -969.2867072437791 78.50836972673672 -104.5784543643797 -194.1615210521014 160.2321807555772 0 155.3153046391324 223.5437912831201 66.18314744970436 -35.85577804536678 414.5180888517685 -8.59945907539543 108.8765723965415 0 -101.5092164091871 22.15673950184373 69.19774291363447 -63.20889094034747 -118.7026765063898 -149.1476208744389 56.75538672991283 0 -272.5698364791613 541.8199199532955 -354.2990288123908 0 0 -67.54764819422661 -80.84902152839433 0 86.20964573540763 -240.2321407348934 -559.5531336988092 -805.133335620684 -232.4831630346311 -1291.884776583926 79.64841418238049 0 59.73812138649419 -217.7424687238048 0 -34.63995276534206 -28.75789513511808 -232.6232940040765 -1039.219742842281 0 0 -538.7353883679822 -1554.522772441514 0 -722.0724023165276 -106.3975439691318 0 0 0 -77.81382893057921 -159.2411733595125 -237.0254422754849 0 -650.5783644973729 0 0 -147.6028892160036 -836.0671864086556 0 0 -27.22183855174098 0 313.3072914859891 0 -102.805423697717 -28.2651091537984 -134.1404163559509 0 0 0 0 0 -137.948626804893 0 0 146.267806897927 0 272.7263196062965 0 0 0 4.892703131380264 0 0 0 0 0 0 0 0 163.2218027000238 0 69.54370096088229 0 0 0 0 0 0 0 0 0 0 0 0 86.34706044937062 0 0 0 0 0 0 0 0 0 0 0 0 0 0 26.2795265005185, -20.32352262268523 12.45781969770189 144.7069690559826 113.5634853405079 18.63240184867803 185.6033942522999 202.5494905015927 0 108.6695539315685 267.339278796753 125.2534345389737 188.4252582500021 133.6886603881128 120.0420121000153 452.7746855733067 0 73.69739752150555 698.4301296798778 335.333103570498 -79.86930063162669 360.0426837076461 690.8040733372842 -30.06666045232657 0 235.6525707756354 -213.015085015182 -99.29136403790289 217.5169803438449 0 248.5352837193872 720.319418803072 0 -210.9536555021257 -198.3692249437627 128.7623105297957 236.8768142708699 -356.5774239174425 -83.76775283864924 117.6453749176931 0 486.0273149418961 733.0827638947325 -87.03241493597548 -6.456077158176925 -9.141766757662467 460.1772284166101 312.1478408795389 0 155.0556659954365 -189.7084916845303 238.9913242017786 31.14156641043442 -70.39499155916288 67.76459426115355 364.016359858873 0 518.3835734216862 61.31788633982995 -55.24855517932724 53.99833413403155 0 681.2956616910883 194.271401969282 0 -117.7357569365298 122.9739865485977 -753.6093030264024 132.0974025232942 88.40441437447731 -74.95525282948819 280.1762535482093 0 13.56271984094087 217.3388441363356 186.3032586364005 -183.1075212199407 507.898108718676 -573.2151350037623 286.722992694973 0 -291.2813048620341 -80.33399002538431 31.81767777199883 189.6665993904213 -131.8836519688772 235.4945302402973 -2.042350162032477 0 -371.4053949503497 802.6069237374318 -332.553441503146 0 0 -16.52327608175258 191.8719527920462 0 176.5852609466951 -561.8030934767276 -203.4703879498605 -878.0989640442828 -3.620811331577684 -722.7196834001822 -14.82499807620587 0 36.48599250779102 -44.98638058519867 0 -16.26730574249092 -116.837539316363 -33.05754813925233 -1034.684178198665 0 0 -590.1768560237034 -1456.635379714371 0 -354.0486946522786 -342.4105885530445 0 0 0 -75.2552907931818 -258.7184785855175 19.2976088228454 0 -570.8940594643585 0 0 -262.4866449596471 -714.4514358161598 0 0 -131.6236469772055 0 394.8105929716313 0 -74.00098673287573 -122.1703685979881 132.3274141266002 0 0 0 0 0 -116.2916613651601 0 0 85.48326682952039 0 282.6647855510656 0 0 0 62.46626581334651 0 0 0 0 0 0 0 0 -95.06952563081845 0 22.14834811853881 0 0 0 0 0 0 0 0 0 0 0 0 -183.6677966903095 0 0 0 0 0 0 0 0 0 0 0 0 0 0 -53.81116688224165


GFLOW: 0.432 0.09428988799890728 0.09358314512782476 0.1354456325522634 0.134627713200251 2.975207444351821 2.975334083760111 2.921186481252341 2.921665305757029 0.02086656539611686 0.03271751054477536 -0.01423575755444924 -0.002507226496924815
q-corrs 3648.738840383401 11343.4758049201 11405.32275129463 3621.856934287792 987.9019964408201 909.1514127672264 -481.9645503583604 0 -780.6700791646508 -1911.133511637561 -1840.796165801622 -1608.300097479092 -330.1283845498081 -1216.415576192483 -2041.760209912884 0 -165.045805361687 -1325.285160884066 -926.306910109492 -466.2549723125971 -550.8329165960986 -1056.279232966966 -345.7267319726868 0 -358.4414090735396 -268.6946523987107 -557.6258434273046 -149.9258275651628 0 -362.9916992300851 -391.6915949886096 0 -19.33413640732738 -155.1984772395609 130.1528847966004 -203.2598797925779 19.47176367304171 -35.30011246870987 176.9774111968843 0 81.18973755519652 554.9290339809393 -42.31973747735049 322.6090406136989 121.520305701863 386.2147725187303 295.0584199069363 0 172.9292869271913 456.7184366774259 945.1729492889178 203.143106484578 91.62660048448534 413.2133648708795 729.7518724927344 0 257.6868771367588 631.0296236037195 296.6906175609913 727.8472546129375 0 266.2035934169764 386.9121853487199 0 61.72685781291464 411.9343551517327 640.7620472089585 187.3534321626125 320.2916422079527 316.7057850319141 232.0550878707584 0 -117.5278360012668 37.87549113115126 249.848139809399 6.376105474191988 18.08747080414724 451.8722909303477 2.055465442178601 0 57.6270755757473 35.58979189903596 34.41600601143517 163.9251044987821 -26.64731922056899 -384.8449337281259 -218.0152500896251 0 160.8003616442824 105.218627520055 -19.68754710254626 0 0 -2.703118559792102 416.3393444345318 0 -58.58863458316074 -120.1400124479277 -154.7768698485908 -345.2158200972266 -166.2274523142106 269.40136400711 135.8469257283289 0 125.6358564143479 -107.2331218457032 0 373.8218722746655 -185.3176851886323 271.8869599864626 -528.4173036991779 0 0 -187.3036970507331 7.468897692944552 0 129.320996728603 183.5497087683896 0 0 0 -679.1295138071807 417.4025571965367 -136.5347518382642 0 -416.4719205901098 0 0 -35.18014055585225 334.3145010594386 0 0 41.40733303330205 0 -470.2747431581085 0 -360.8629457855367 109.1999045680359 -36.20789581624337 0 0 0 0 0 116.1036797002194 0 0 -31.78116935409477 0 -234.7399186727728 0 0 0 58.60317884611902 0 0 0 0 0 0 0 0 116.3574274781651 0 39.61986238837952 0 0 0 0 0 0 0 0 0 0 0 0 144.6892194554437 0 0 0 0 0 0 0 0 0 0 0 0 0 0 35.3523896724841, 1868.717172825676 5650.432814204811 5412.654459660847 1565.782546844712 250.8965244448845 -391.574953310639 -935.7209143170662 0 -661.2598397684421 -1539.487391310945 -1489.647408529522 -1256.685887335788 -230.3627138178816 -888.0444645422006 -1469.732619429974 0 -149.5016916145678 -962.1473416371858 -633.3412280510698 -274.5413228333152 -309.8712655808757 -651.0460804694197 -192.8370031317152 0 -229.6503010839107 -75.21311323313225 -254.8581267777172 -138.1388773143797 0 -66.56264039514815 -191.5938826416019 0 38.18321846803369 -1.25626258815555 298.7967817150011 110.0564842047169 60.28290801986932 -109.4287839781571 174.5623476530019 0 89.75570137716841 582.2670088480929 105.9345966947084 242.9019706641666 93.65107310482726 527.0037702343483 387.6779924058596 0 154.8690633624165 370.7809280840264 970.8978890050555 322.2691521889223 153.4460385753694 531.4302726893194 691.7871419252681 0 182.3117386217704 541.349442870394 231.5458964288935 611.6190661994401 0 117.1404819489491 174.6611642916384 0 80.47147496569741 393.7815918902804 586.9734105984314 5.628991401048395 321.4027664113285 283.77337289106 79.04290331812868 0 -89.31585864630142 -55.95485317084264 -58.36460313965746 -127.3813026263567 -50.90586189198042 227.7130675818279 -147.9248418150885 0 -16.85637763858234 -189.6724209682785 -33.43332167351811 -13.35203312264956 -89.75022402084252 -321.6181057736108 -269.0572260699568 0 80.39913737094385 -190.721422339482 -188.428755810639 0 0 -91.99053551253111 206.5895296454088 0 -55.15836575013513 -68.52284009818878 -112.6820118964126 -209.6541332873192 -111.2097878574491 181.8470595560914 64.881931821702 0 22.18181329697323 -89.98218593618418 0 204.616156453132 -125.9298057966851 142.6842373820147 -434.0730346432271 0 0 0.7283175449067691 170.1185127746759 0 110.3990677990996 111.8703579628502 0 0 0 -537.0241148278137 180.644493967482 -116.4196023345955 0 -355.4568554604012 0 0 29.73356037499834 273.3071250911532 0 0 25.79372343794748 0 -357.8255397029964 0 -307.3675428036737 24.08316815938111 -51.94416861606607 0 0 0 0 0 47.56331319668759 0 0 1.613247342575264 0 -156.8721727509965 0 0 0 39.20685221163723 0 0 0 0 0 0 0 0 150.1097780455978 0 57.07978881434939 0 0 0 0 0 0 0 0 0 0 0 0 152.4897116778657 0 0 0 0 0 0 0 0 0 0 0 0 0 0 32.96767129372301, 149.5139802457711 220.9039638725481 -197.1220625990051 -304.594724925102 -309.6359393809231 -1218.542935971014 -1072.014301803036 0 -452.8808895101627 -909.6338394296253 -717.9255772368226 -623.1934975965946 -123.0010796605758 -410.2694095215246 -752.5621215784761 0 -49.53021259176673 -396.5103844096566 -182.8544568072868 -64.64092197876596 3.489266840756059 -228.3959485107561 -76.42716364533649 0 -149.2191978800653 226.3281489648407 136.957819442483 -198.0268975689102 0 92.09601745373183 -187.2480197981616 0 133.2386161491123 131.7658270266342 368.5156771483881 404.1391570861763 113.7491602100256 -245.7204599535957 -27.32360106173422 0 -110.3154984748957 142.0618257301431 357.6589417545873 53.25481601047579 -116.397560474648 428.8879734482792 146.8861871178325 0 83.92330206667657 -1.014997831619567 606.3109160581992 348.8084993560644 98.49262587362415 273.7446534926208 87.18175986169317 0 22.00355705398394 38.74459521976836 -169.6600112551004 -138.7224033639731 0 -143.8420703923912 -366.5840669402056 0 65.45082112788828 30.27727006861606 63.96090486565487 -317.8410546812466 122.7260970355735 -36.56543222232747 -151.0803123121464 0 -83.90331609329347 -166.8529879060142 -785.0326658802026 -178.4793515832376 -82.54125580665456 -356.47789754714 -148.5142597354254 0 -233.7519804329734 -635.015964886157 -182.9366350048738 -240.1965235903942 -147.8003299651412 1.528462934945878 25.20538033314748 0 -81.51486591680379 -425.4327567264828 -386.0374008088675 0 0 -40.53678228130482 -53.33076935259498 0 -123.1672786559768 -78.44656247763945 68.85546850737504 160.411466991819 58.74660070666526 169.4988227204757 98.38757169180593 0 49.08189659062626 -147.0743165532169 0 20.79612249570707 -50.94538047694932 37.51448062343623 -302.9414664885902 0 0 316.4905957009819 437.1900120063099 0 58.18434264196873 172.5802704575866 0 0 0 -240.4017093867653 -24.10161339354158 -136.6293396822166 0 -232.3045631993806 0 0 121.2191189594623 131.1596065872276 0 0 50.21548528473821 0 -52.95654864024816 0 -163.2051443719878 -47.13717566991198 -152.7985574724443 0 0 0 0 0 -68.44914255069398 0 0 136.2985202751599 0 93.36502373211573 0 0 0 -27.65064406713023 0 0 0 0 0 0 0 0 332.3592378998342 0 106.2391079849743 0 0 0 0 0 0 0 0 0 0 0 0 230.3650098680426 0 0 0 0 0 0 0 0 0 0 0 0 0 0 41.06972746036969, -73.0783428944267 -356.1145172026388 -601.6098503849857 -337.0807664111479 -194.7894855405567 -734.8223688384227 -635.3065037689794 0 -263.4511292556548 -461.930325056758 -170.9969602564789 -216.6205460101014 -92.06792207732317 -133.3458907034126 -396.0087947483722 0 46.98273037262676 -96.38940837593225 14.39193852094573 -10.4337434864087 105.2672232715552 -127.0465312657907 -49.49816212824391 0 -140.3596873692015 316.1168910483273 343.204673664145 -125.5621628010324 0 124.1065505459077 -318.5046477664324 0 111.4227478990773 25.26496625191633 326.6725237604393 352.3112545374214 186.2075823620353 -107.3049331044222 -86.76528732199671 0 -235.1248216822362 -292.9801496061502 408.4143108507863 -21.99542811500582 -330.6441886590382 184.6832716097847 -124.1708379827185 0 -1.94779950551893 -228.3256775321803 169.605140896525 205.7631986070386 63.5083428609917 73.17121063147046 -430.9150485510003 0 77.53660010685016 -402.9836922168155 -397.5763821170736 -546.9921355305544 0 -81.6730384117587 -356.3004862780309 0 8.846160025143419 -129.8882447000265 -132.7981147846034 -244.2967893649908 -34.13523280272722 -1.904702590612402 -104.9170244657036 0 -102.7345464965632 -170.5625599411945 -616.0957516481288 -27.35820684034044 -27.08128787194079 -442.4887944416711 77.97773266126094 0 -252.3542813963547 -423.8012479284588 -118.3395499464271 -165.9729120997125 48.37887058008032 244.4438589279623 144.9258839356757 0 -106.4369392732611 -78.26735730668889 -208.2006593074609 0 0 133.0065600664565 -37.12608303775966 0 -77.0625944027678 -229.097216201638 284.1999737404672 322.2250669712271 205.5924805943944 293.371273016501 232.2090626438438 0 165.5294407950094 -89.53826297439977 0 77.95367148046961 -80.89017930370051 85.80456908224917 -259.7121936705328 0 0 459.1225733767923 629.4998833922843 0 66.24518294265175 401.2955576342616 0 0 0 -109.7098695027527 148.6872644107016 -100.5262309891611 0 -92.7330007768401 0 0 151.8261167177575 146.2779348567724 0 0 146.9504354673498 0 113.7204780678074 0 -38.26830971192337 38.05517303158835 -149.9897877355113 0 0 0 0 0 -76.67909602468927 0 0 162.1634345128199 0 211.7782189931985 0 0 0 -63.44736095867189 0 0 0 0 0 0 0 0 306.1785003925805 0 91.89805207175841 0 0 0 0 0 0 0 0 0 0 0 0 173.1955673964283 0 0 0 0 0 0 0 0 0 0 0 0 0 0 25.33243172839844, -57.90324148487491 -231.2052820030567 -343.4334494330432 -182.8276824736624 -86.03539944062503 -322.4101650629503 -286.7609126109609 0 -86.68766392677018 -168.9018935524505 -45.00741230812416 -65.72590904843855 -41.75315132284626 15.7227992120185 -90.99987619937725 0 48.53863657210225 -27.20413355324743 -19.70398664992202 -26.25944107936049 1.708595083115455 -243.0438099412509 -57.40832608707009 0 -221.0926644993872 71.66418548809546 16.75733697528878 9.641448819263289 0 -285.5476386804791 -397.3663801707242 0 -107.7673361351127 -453.9938269174588 -69.46297673642282 -134.6721682938076 -21.33995378143661 76.52286967524805 -306.5859511202289 0 -198.8700653988009 -665.1571240204879 -102.9578054593882 -96.35667802556726 -267.0759954846952 -251.4798088545076 -149.6104126824711 0 -19.01299595049463 -99.38902237646803 -229.5115599851216 -102.8993165444028 2.04177426750045 55.56006852457203 -354.2214187331498 0 210.8213559735601 -193.4433371688097 -212.4648262831306 -139.3132114848758 0 166.1325870839869 174.9992248445805 0 -39.46836283702446 53.93614944942509 344.3228462381733 54.89337075823609 154.1302398217679 289.3773638244363 135.0079954592837 0 -63.90206255447961 -50.68629946343489 150.5820840122037 148.6930589999376 28.05773326030739 363.9343478044651 72.48150105793498 0 -58.52775614086069 276.978247818545 63.11105709986634 -4.298783790093609 187.5888347575923 42.73868876814458 139.4675782965884 0 158.7641070307535 79.30695584744862 279.2468433920585 0 0 46.97350468727792 -50.0750262165958 0 120.2362370030806 122.7954919525494 155.1107751065198 324.9190888137086 69.64694571453965 291.6659274348442 130.627601033557 0 7.898863999345565 173.5793155639843 0 43.24755415496827 14.97577209833603 -3.602815624558389 249.1242325384459 0 0 259.6068850528941 549.723706301729 0 111.8403368750473 322.78568821519 0 0 0 79.63877610411927 167.5957514075524 115.9250581166005 0 125.3574307735528 0 0 97.96562266281782 187.5824532466469 0 0 158.4160398978638 0 171.6086997835594 0 50.31318067451845 93.28635729186921 48.74135372839078 0 0 0 0 0 -6.784237946379871 0 0 104.5493636056424 0 200.9791179748651 0 0 0 -14.4481919995949 0 0 0 0 0 0 0 0 184.1000734923449 0 57.19756271342477 0 0 0 0 0 0 0 0 0 0 0 0 104.700923618624 0 0 0 0 0 0 0 0 0 0 0 0 0 0 19.11669683992249, -41.28784927928703 -165.4327412088036 -244.2752282388181 -139.8935041967219 -108.6737819361528 -316.4793470890458 -263.250857911111 0 -15.39579272033696 -120.0618946701926 -205.7051777613187 -101.4371662855193 28.70979886283922 109.2917341714009 232.5197616621743 0 6.760604044324348 143.5658631823639 15.04749676639992 59.08925202634839 -3.268755100893031 -93.26078043120771 96.77308872477877 0 -107.9416629434867 -78.69376300263849 -124.893081217161 190.979940893415 0 -362.9784005460111 -272.3931461324355 0 -203.9571446990109 -564.4756240187977 -369.7361675517919 -587.030656254014 -107.9155458372491 210.947004478477 -370.240778291035 0 -139.3108327626113 -748.5853936307851 -492.0961419202448 -129.1526738590534 -113.110969146753 -611.0001091724082 -368.9942023621762 0 -22.07031738102675 -65.74098218473469 -444.5356064671703 -267.7503079122683 -226.1036031337908 -355.7835844772827 -242.5755504543487 0 128.7225125512497 3.930215647955237 -187.4122378325599 -49.41034978139827 0 233.0808856267897 352.695269005213 0 -65.96743425113426 -7.244036159798796 177.9456096534295 128.3595828721716 136.045512503415 128.0331141846047 221.8879917193414 0 45.92869141861964 96.38272253706523 323.8333212000878 213.7528979379379 149.5347133557482 528.9211777951141 67.96177341316275 0 7.281446762605711 394.1581077289832 86.77363057624524 50.88307990903471 92.1252512488756 -60.83568937398725 236.8119666470589 0 111.6550624901847 251.3377117941017 168.6399285317252 0 0 -16.60744250486922 -74.2240484803667 0 141.5714841802833 171.7480324964802 -82.84161709584821 -22.43076996958254 -70.16927083498594 -295.9672578532131 81.55808641293466 0 -12.52448988110391 61.29860618944478 0 -56.62399165431393 54.12757332646389 -119.2704781038865 -104.2259110236998 0 0 -44.31147720213202 -239.9624375311987 0 -221.9317851563788 137.7799904850699 0 0 0 64.11045425235852 -27.37367850050653 -57.83630385743912 0 -155.5913266366417 0 0 5.049622319060077 -224.3757599645047 0 0 79.01470118227027 0 188.7500837789638 0 0.7567707185411336 33.91727529146668 -81.49747452515842 0 0 0 0 0 -49.53975444464872 0 0 123.3253343412402 0 208.4832528431172 0 0 0 -13.00534388018369 0 0 0 0 0 0 0 0 220.2322314546731 0 69.12866728869638 0 0 0 0 0 0 0 0 0 0 0 0 144.5056281645797 0 0 0 0 0 0 0 0 0 0 0 0 0 0 33.9452702379081, -13.31725245935542 -56.89032936099624 -91.21414909317087 -69.07930597344415 -120.498486947605 -343.6644077947093 -301.3064174393789 0 -64.43128517842717 -241.7813505117225 -306.642824001565 -167.3828080261778 28.44432819242724 39.84303953817846 201.2180040594413 0 -26.48065855575152 235.2951780337332 70.03252194895751 98.73186821898881 118.039175846253 237.4077202921978 235.3872352672213 0 125.9337985259914 -36.86307419849753 78.58070377197188 276.8897842024326 0 165.8068604608119 107.4914686407173 0 -123.1272887729355 -217.0255899648093 -69.88653849968199 -310.8990635614687 -31.20307299642131 152.4285759633231 -57.81889676076699 0 51.31416990446488 -97.95064649662265 -252.6794264905618 -78.75640337840275 9.936541075445355 -271.0446470849348 -274.5149701441011 0 -7.648548347397607 -134.618888747425 -457.4100695118025 -184.1855989797256 -261.2466701218116 -461.5354053231483 -68.2560689099916 0 150.7579844844682 -64.65502776833654 -232.2821590611412 -211.4612189899975 0 148.0260345066945 312.9381892995278 0 -110.0190054008976 -157.2055726274801 -610.0727803670526 81.64654751221313 -130.0597382175854 -164.453508009103 126.8923934325316 0 72.86788673952557 115.5015885536057 6.76705704395566 -42.35456097082172 289.2582861246783 -67.39772066152528 117.4662676761591 0 -94.07228842792082 -9.760395922986675 51.80008010089583 12.26414458830417 -61.13892363031842 -100.060575853921 -39.65803724106604 0 -199.0483700542646 386.4253520682792 -281.6795311755294 0 0 -31.09150915866392 -70.91251131125699 0 66.15319129995207 -231.7018225915076 -298.6928100313975 -513.092482681613 -140.924082214509 -839.406738864096 88.89306782274312 0 52.19733525066511 -140.6014050954233 0 -56.02982927282618 -49.49886709101998 -135.1945156794203 -714.8085032432083 0 0 -343.1879428136053 -965.6010614640487 0 -447.285897134145 -8.859325979622042 0 0 0 -84.85793137974025 -110.085258281672 -184.1923913800757 0 -412.1428623754837 0 0 -101.9702319595828 -513.3423676798216 0 0 -6.426339168439547 0 183.1875472912527 0 -55.38148428522663 -20.84588971949712 -99.89332468789085 0 0 0 0 0 -77.43524253341788 0 0 107.6917122992592 0 215.4332075550795 0 0 0 11.44063612812148 0 0 0 0 0 0 0 0 153.7283205593145 0 71.34599823589096 0 0 0 0 0 0 0 0 0 0 0 0 84.25420256632671 0 0 0 0 0 0 0 0 0 0 0 0 0 0 18.67290452928505, -3.179350213689986 34.66604873235343 108.3478177469553 72.53400838436319 9.015686582975533 77.88483813691741 95.11119325364538 0 49.36632288065162 131.3995720774428 61.13504715791331 117.7275801427068 71.10855673952686 115.7044142682789 311.6094176525059 0 50.10898422904264 449.3420679268787 301.0819517377712 -10.82453471697583 281.2410037662578 517.588084026658 -9.51879813661542 0 158.9865000829415 -63.97965563602958 37.78577023697387 207.967766456481 0 201.2053820149115 533.7491819327564 0 -118.8637444208613 -68.29265486278749 99.76094207709173 157.4536715750475 -197.2265590469614 -52.11301515871408 125.3984060086714 0 255.4427981602174 443.8598773986511 -65.77247752847966 24.73925123690719 55.29425514160813 267.9688922999821 174.1459222798632 0 95.68984666295904 -31.25591751730326 161.2324222495654 35.21738384126502 -87.3744596234517 -0.5822116389953038 293.6368692095174 0 344.5493469275712 90.97855884593338 -128.4683108782033 -29.28122148042112 0 449.0809926267021 259.2650489685346 0 -69.70625860357477 81.51295691795875 -540.538031591259 141.8141622410938 34.50827675511371 -70.03101752291687 228.4996905415092 0 28.6017271254397 131.6653617299245 104.554887362357 -113.731998915611 337.2167025013666 -334.7961827186298 225.9491297930341 0 -217.6968044735465 -98.06633002404766 64.86652929667092 182.6955496113008 -63.87863741251671 124.6481860854075 -45.62910737320566 0 -264.2436006201447 575.7713233248313 -262.8827551612741 0 0 14.53638355602217 84.74371246315518 0 120.6703339682043 -436.8391621162172 -101.4714666300115 -618.9856616264003 -23.61976165522837 -554.7230666213183 -11.56295549284941 0 58.77038930090552 -49.57165603952027 0 -68.98171364533795 -106.5673414288207 -11.11711917952923 -779.2317561714151 0 0 -398.1413801629277 -1040.207498102111 0 -265.7708646326007 -227.7018151105462 0 0 0 -106.0017924635627 -216.6339558774592 -76.55732204805159 0 -387.7666010298346 0 0 -168.7712907740588 -536.3342345335139 0 0 -106.1109844223573 0 215.9745966253982 0 -44.15998628777594 -99.20094621815275 24.46696372396163 0 0 0 0 0 -89.53363468987334 0 0 51.1260529395249 0 218.9681385771266 0 0 0 36.4765755311645 0 0 0 0 0 0 0 0 -35.72569525258524 0 47.12135939971748 0 0 0 0 0 0 0 0 0 0 0 0 -97.90563102782463 0 0 0 0 0 0 0 0 0 0 0 0 0 0 -33.59987315238596


GFLOW: 0.504 0.07408777118671528 0.07339815336667704 0.1026632617253104 0.1018922739450309 2.981934931270779 2.982057828051936 2.940339532439669 2.940809530516264 0.02277980772505792 0.03845605889541575 -0.0101964318363492 0.004940144764764622
q-corrs 2208.153331485028 7490.815435794824 8290.388614570436 2954.106273742687 1024.870220551268 1642.86228684076 335.7218422248602 0 -434.6680587391428 -1238.510127567834 -1255.538423138419 -1166.299160173647 -278.2793914201758 -975.8910473674796 -1704.145933313418 0 -158.6738209704125 -1206.31449677192 -840.9274244663909 -449.1897160188353 -485.7365207897229 -913.1853912168747 -312.7534127184077 0 -315.1214771905713 -266.0485972080508 -550.1672841051694 -173.5523154431207 0 -307.8830809331246 -332.2062938569857 0 -30.22837540360219 -140.014206092089 95.26917094104388 -147.6787489032949 61.49678009929502 -2.625696662298679 139.4796724616422 0 75.36679672155357 426.5665130078171 -12.44887800104659 236.2098347163623 76.40490055452051 333.7274740812078 186.6861320317759 0 141.4968473332569 305.5122777266826 769.1999125446242 196.524066958549 47.01787254821268 325.0157707397701 617.088029417111 0 173.2829327068237 483.691092866437 211.2847075682214 533.4186910808342 0 208.6684065114126 217.8290058480072 0 48.63210178724368 297.0061398572445 477.4253459380809 110.6955707127804 270.9902648533252 228.65592963754 181.1757417892398 0 -42.85426836015795 23.7612063504409 143.7310060754034 -32.04513073930054 7.026337320386297 314.093296941615 -50.72398298848679 0 35.56971247326518 55.64997770238693 26.64058920110008 73.03082556499351 -27.23506443859382 -232.6764090359463 -206.3948488292014 0 85.68559346387438 39.63761319686337 -59.86757936644206 0 0 -36.24343230146484 291.2989249211235 0 -37.08392529271733 -161.4434371518713 -120.9837647548059 -282.5319666229399 -106.0183094817 101.3533209678776 107.2751465447278 0 67.06556366958273 -71.65475228943032 0 267.6251834891681 -157.1018126323255 183.6926997223532 -495.4929756439474 0 0 -123.4078425001984 -23.21028296077422 0 75.03483514150612 141.5117227472877 0 0 0 -525.0247115355444 296.6075708975899 -140.9598111321003 0 -306.8344985055855 0 0 -22.30337151785151 217.5783061224564 0 0 38.25452344356002 0 -366.6194922120921 0 -253.679532914128 76.50213507159927 -52.54724059180997 0 0 0 0 0 72.69467156472348 0 0 -31.1773547855086 0 -186.8158747778367 0 0 0 33.36636130780326 0 0 0 0 0 0 0 0 76.3034394625564 0 20.83092333277949 0 0 0 0 0 0 0 0 0 0 0 0 103.6073049955888 0 0 0 0 0 0 0 0 0 0 0 0 0 0 26.85875603693723, 1237.474606018345 4117.217761348588 4415.012043013704 1490.659757890012 424.9180809206437 389.4787716953898 -263.0571949292223 0 -430.6647309829492 -1104.09818103831 -1077.915788482608 -958.2683690450922 -210.9603799941197 -752.825033206465 -1290.018487809276 0 -141.0509400768018 -916.3482279018878 -617.3313133229642 -294.4375925224116 -312.3713301292908 -609.3768112091693 -190.9982815379181 0 -206.9390933782466 -124.4179784896665 -308.1074000713679 -148.1063236857241 0 -79.10741625776689 -184.1596079102151 0 21.09612798180618 -0.3548355123681688 226.3105813924512 66.84490837199273 98.504181491343 -53.34763664901725 156.2378096030799 0 72.70084203615525 470.8061869679804 121.9466597445218 194.6034819173594 56.24185631802442 428.6993568641944 234.8093040902998 0 131.8654099981756 245.2985673305149 773.8973061348149 264.2845242586852 83.88183613907864 376.2451659164348 539.7109253704803 0 130.7686773330234 404.9816490612555 150.1129887649249 413.1132386252247 0 107.8744214584627 80.27750894759725 0 58.9333879885359 263.2363604506346 405.0442493856955 -1.223791848910842 239.5317109235273 163.7036032916429 82.9211860098315 0 -36.58810844932877 -25.5224706609493 -80.22403387240854 -94.03026659363049 -25.84659851618894 147.3118648140402 -124.5502867410052 0 -18.46978840561614 -112.8570767666049 -18.33547785194943 -33.64878058823768 -70.1939690043083 -172.1385579187725 -182.4400091632607 0 42.13544902641293 -119.9614363002486 -167.1582289537246 0 0 -75.68300478440896 165.8984771074641 0 -47.4542399753693 -110.2612220822582 -77.08688810829915 -168.271579883182 -63.40669176588537 77.62558632152836 71.12839075118821 0 20.58222435976415 -79.28253756376668 0 168.8121708626875 -107.7803321140951 111.7213418013082 -381.115635437599 0 0 -0.1738722977977005 93.44302774931946 0 59.98068253705398 103.5565287179698 0 0 0 -386.9119514563198 165.874589715579 -99.80527882299143 0 -250.0717077957486 0 0 17.89289067713773 193.4845779516997 0 0 28.31362190609897 0 -240.0993861074569 0 -198.6267359391135 31.51684601727221 -37.19507070417853 0 0 0 0 0 39.53317182045972 0 0 12.06737681505124 0 -89.03107220242441 0 0 0 27.39323207867067 0 0 0 0 0 0 0 0 129.4247846357118 0 41.00602957486175 0 0 0 0 0 0 0 0 0 0 0 0 125.2024513726072 0 0 0 0 0 0 0 0 0 0 0 0 0 0 29.04475448695199, 163.0058913234009 412.3704394152841 207.8107268127638 -71.42286602549339 -159.151547913994 -747.9851653303585 -733.1051275557638 0 -348.2498000850495 -750.5015422693034 -608.560993544216 -531.2143299647992 -117.6612553365684 -373.3110241031636 -659.8593569890355 0 -65.35049302573273 -417.263509667765 -237.104573736191 -76.21784302695458 -56.69019176239615 -215.8741149794375 -47.89655021137605 0 -94.26836125986971 113.1515408156945 51.03565797119501 -144.4327099664193 0 126.8491622135079 -123.4737808234089 0 107.4650878206868 149.093984945926 332.3727349925718 291.5318617551311 142.2999881382117 -155.1286507943682 45.90223526360612 0 -57.94093871709843 243.1417987764735 327.6478447944634 92.69043858121515 -81.42072596113668 384.3858044964461 93.56386812269521 0 87.4916842397046 5.962571177207288 538.515960154866 254.9611724463798 67.15315717586913 204.7582180672372 68.20905003155718 0 42.1576332703144 50.91605646688894 -113.1798111723919 -103.3457971568771 0 -69.60077917808125 -279.120996305199 0 49.84021006315918 31.09896019310001 40.52905664950865 -211.2471472014449 67.06576150069527 -91.77754274378867 -82.0506153332497 0 -68.92091558006607 -106.9852211889694 -563.7267024096226 -120.9278496036315 -40.4953820573119 -283.9709129920622 -106.940494643327 0 -150.5728842478465 -425.3889719173267 -120.8000897735786 -164.6562737547794 -116.7009910530784 32.92432702773087 14.97696005410484 0 -59.94989908574242 -227.7036177360059 -304.6190634778447 0 0 -36.68387099226122 8.364769064788732 0 -91.55198387256853 -102.8881092802286 65.8403982461805 92.29985220858336 51.85321462717042 94.52770929363055 112.8539932420452 0 57.88319084064082 -120.5435871431418 0 61.80491753431365 -51.44964004237787 49.25756343464829 -259.2611976739394 0 0 219.0661886471865 305.9757361683911 0 18.98743298898678 167.2871134307015 0 0 0 -165.5396637683176 51.14851187169707 -83.92233030531467 0 -160.8804188988003 0 0 80.60110077496134 127.3874369704119 0 0 49.52404980512537 0 -10.23042521583129 0 -91.6271591908545 -5.579507043039737 -72.918147130688 0 0 0 0 0 -23.31066534424657 0 0 105.7616768299745 0 97.40519593497777 0 0 0 -7.470584688010909 0 0 0 0 0 0 0 0 250.5457926113181 0 73.95082886792976 0 0 0 0 0 0 0 0 0 0 0 0 174.952051074867 0 0 0 0 0 0 0 0 0 0 0 0 0 0 34.77819225679688, -47.0172018865629 -251.158283403522 -450.2479794937871 -265.0485663708814 -160.9065982590459 -598.1786446343034 -529.383547510485 0 -211.3199377543382 -411.5858899386615 -207.8527106249047 -217.5792760177057 -79.21283462193816 -139.4460536560132 -329.815727158364 0 10.50349519922415 -138.6195695387839 -44.59685179744851 -11.34480905560666 37.56259844325697 -109.1659330786447 -23.47208696022639 0 -89.91455003671024 182.7774964966144 180.0667747169742 -96.74515387655983 0 93.57777269381575 -203.1135804146367 0 91.17099508922479 57.19741587660766 256.5951787798483 225.1940287266707 139.7602032892312 -96.2665986178783 -56.15924519491369 0 -155.6137450610667 -100.4519668976605 307.7344080699348 25.40098279728335 -205.2546971966053 170.2832671474451 -85.7200754551877 0 28.79276216905018 -133.2803733734936 201.262237434856 126.5994334745844 36.01372887400902 37.61809502191053 -304.4628086688049 0 63.96668056610678 -236.0437572706294 -256.0671300203628 -383.3242079560539 0 -60.26385954223088 -291.2981026432039 0 14.86751963049492 -81.69588567580276 -109.5057514962226 -181.8509798813306 -50.32777627965941 -96.57558117163819 -91.57426120927943 0 -98.11107009360181 -113.979852242394 -476.3349761915267 -23.12584237882783 -12.34376667713344 -367.1034890807084 43.18572641843389 0 -159.45195955989 -316.8392004401076 -97.51449901893392 -108.1572877958005 -6.159263899638699 165.4329441025861 122.6075016509615 0 -83.0076878708155 -21.39483173696652 -175.4825961309298 0 0 69.40715018664669 3.065450479978665 0 -56.45657060572557 -164.4860538743272 205.2546141298188 234.6536648088896 134.2425110590507 172.3697654620397 204.1320344346568 0 133.3447663455583 -68.30404849142643 0 90.14370984190484 -62.21678333569202 70.2719514234532 -222.0859272222345 0 0 313.9311952556497 453.6915554540826 0 22.65411593578941 319.3503935231296 0 0 0 -97.86071357316661 146.3692281937849 -77.94675359629571 0 -82.69497591519708 0 0 102.3060254500486 136.2667657344751 0 0 110.9101723681865 0 57.38929345303765 0 -29.27901925691832 43.09869859608241 -89.09300081405495 0 0 0 0 0 -30.97679075820515 0 0 106.9984239993945 0 133.1669239210926 0 0 0 -32.28017507680877 0 0 0 0 0 0 0 0 214.2512851070248 0 58.25482598155234 0 0 0 0 0 0 0 0 0 0 0 0 130.9305898354312 0 0 0 0 0 0 0 0 0 0 0 0 0 0 23.32725499277355, -40.91614987429637 -182.7834000694496 -291.0670910935539 -160.5085182184392 -84.48733614373037 -302.1421971826932 -264.2211791552704 0 -85.32295420560942 -169.7506276672879 -68.80804588463792 -77.65661991908475 -34.88066623946581 -27.13633304270768 -118.3499208355154 0 29.70292637592272 -34.70200574530246 -33.02153432170715 -38.78976177958179 -14.16586693778265 -182.9786416016734 -47.06697888071596 0 -150.4652484178651 22.95869284023253 -34.82643549743244 -7.29520357345492 0 -215.043254643265 -268.2185918539923 0 -61.70517102750817 -282.2481955838915 -70.99595427849091 -133.3842739274547 -11.81084109532127 50.26373993857218 -209.4056709237679 0 -134.1462204943167 -422.8793046203197 -75.17624215352323 -52.10845274637126 -168.9844032463483 -171.5321497932572 -145.6648464501695 0 -1.360688590099986 -75.84009238337752 -100.6526631828016 -57.42767509617173 -22.89332195661026 -23.25703566987505 -255.7413827208984 0 118.0859381719926 -126.1932366432257 -149.2235943672842 -151.337468802202 0 72.60182794545227 38.4009931276413 0 -17.0482243084031 23.79227234951934 164.2783628136783 10.47965801221429 59.93002720356448 112.4730678933398 60.64739117419741 0 -63.36499580792481 -34.76061627261167 38.35933662249256 110.9629468555308 24.54397965797918 152.5857187243024 81.28261487915515 0 -42.22947754141614 133.2268724948037 14.25296155468039 22.84999185036612 100.4724062398647 48.73264474425628 158.3618175332049 0 73.68333856153365 100.7809815349519 168.9671951519509 0 0 47.67920643273998 -7.732215830023335 0 67.78086990259905 53.96309040381392 136.4207080464286 241.9979649816775 56.71763153396411 172.125879565432 131.22745410402 0 42.66245307915017 99.49287060040962 0 59.15792776508556 -0.7944516892619617 15.99442228916052 82.8206890475206 0 0 182.7496290809638 373.6133778046245 0 48.86333713095323 253.3145495195829 0 0 0 20.63969952947333 140.7754804922282 38.86198343355954 0 44.53571911021538 0 0 65.98407272552484 129.5271532644083 0 0 110.2812727031882 0 93.24140770086177 0 20.63934005438094 67.61111428664282 14.10026400020675 0 0 0 0 0 -0.7726895405446594 0 0 74.65342583996235 0 126.9724389390217 0 0 0 -7.584359998255607 0 0 0 0 0 0 0 0 144.0168342264287 0 40.7888603120316 0 0 0 0 0 0 0 0 0 0 0 0 89.78927235871105 0 0 0 0 0 0 0 0 0 0 0 0 0 0 18.08139367323945, -23.88320363408279 -108.3498621128077 -173.4580405917637 -98.79904646602311 -75.59062608975992 -224.4846005719751 -174.7762563974091 0 -21.0074704154645 -71.42880038827852 -107.9729891943738 -51.50465433133883 20.20581886079491 53.95615513433567 115.2407309416756 0 18.39777710144248 122.5345042527361 22.52881350279905 11.82633622137789 -4.67980361764463 -75.34822123094979 44.98476975605696 0 -78.22491861236547 -66.56563528801536 -93.48441945286066 133.3219031745041 0 -255.1344328705167 -168.0683187646763 0 -141.6830731471977 -382.9727882366396 -266.8550077075045 -400.7741415946471 -76.67361304824603 161.053414503804 -220.431128414231 0 -82.61258350303592 -476.6620105467507 -349.1640792625269 -87.36742162216373 -69.02843112896636 -403.2961461209711 -260.1355890505557 0 -8.958152893101072 -61.52256835946153 -270.1077344543384 -163.6465390014426 -155.7411324660239 -262.561040838183 -172.0844863234173 0 72.08231950296054 -4.744237170340853 -137.0620748907758 -79.47080160066764 0 106.2309714084733 179.1703133881862 0 -42.35755997515784 -14.83987636591027 49.05662311301825 76.86156423951581 44.04910676285512 37.12482825036921 136.4153352173664 0 2.915973602665836 40.74027428218354 152.4888471430069 119.5610346799817 106.5506657881033 281.5452358698067 79.48659241564536 0 -10.40161475027986 213.8380908248408 46.00914975841197 52.72009983909921 54.17283704642016 -46.13724935758448 147.4905489847822 0 45.3564252677857 185.8574023883612 98.11007891111302 0 0 4.817788697535381 -52.36368836654204 0 87.41920382167922 73.10860897588665 -38.54857766815326 2.869322055011565 -41.65105976259292 -202.7517075155283 83.55606522305985 0 11.79176604060163 37.65848726377374 0 -27.32692816341028 21.68013137664687 -71.00287584512074 -94.26520483687239 0 0 -29.8694156103828 -137.1081901763952 0 -144.4174566369969 126.8709718160735 0 0 0 32.80164688010018 1.425794020703506 -41.27364737209486 0 -98.47715494758752 0 0 0.6947317674239457 -130.5648840673866 0 0 60.39261741365034 0 132.736066808845 0 5.997565741470062 26.79634705114562 -40.2690999219472 0 0 0 0 0 -27.69648737482426 0 0 97.0277550553823 0 167.0809124460602 0 0 0 -1.150308522882646 0 0 0 0 0 0 0 0 183.3169028899718 0 58.70655614427768 0 0 0 0 0 0 0 0 0 0 0 0 120.3677509217295 0 0 0 0 0 0 0 0 0 0 0 0 0 0 26.84354494899952, -3.523254097184633 -23.49398993789793 -52.60715626681667 -43.37515442379899 -69.10760429417675 -207.9390470186365 -175.8899323156049 0 -37.78822982635212 -123.280796303179 -151.2901725730827 -73.57887891922871 19.3024098207036 44.53054441320546 140.5118087575191 0 5.302948501861781 203.2912513751354 105.0957436967229 56.04178529703366 96.03233932899278 177.2149855598263 123.220538346628 0 73.49742497243352 -10.55062418626471 86.42335515698289 219.5473634613384 0 86.39677811038212 123.1850962655804 0 -91.00252834619701 -142.3165824521006 -69.95465942757482 -195.8425074191971 -29.83947651055254 119.5099224285242 1.313305599989661 0 23.96225542130514 -68.38731014099065 -195.6978849917852 -40.83857819287014 29.61575942309801 -185.3716576751706 -170.1937828316808 0 3.37580992874507 -55.24726657829545 -269.649244636053 -121.811828071045 -175.2182979715451 -314.7728433641815 -48.26581408885821 0 107.4826192492839 -21.00632423893694 -186.3297077808945 -167.6109825938651 0 92.0640860257861 213.0307115370004 0 -69.48162667353826 -105.8558118770162 -415.8962774083507 70.91061097087281 -112.1297384922906 -130.708768781178 93.64440289412435 0 29.81290433191656 49.296868913951 -29.74124887198693 -42.16919670412412 194.4362938421878 -81.78900396652494 105.1554294403207 0 -85.30185613619165 -36.43252165869623 39.97318895355788 32.88079499208027 -31.77736164333756 -64.35180296561451 -53.90889435246174 0 -149.9307681876348 269.0541713143374 -214.2639653519711 0 0 -7.885115469958791 -59.65165212002446 0 47.42576216944779 -191.6964967363077 -160.6919867371386 -327.9101973423822 -86.14614251661648 -551.9023863157774 76.69845647585815 0 46.6871509073787 -91.62356012357215 0 -51.40217491327518 -46.10368656489736 -80.72958940840084 -496.7948662533232 0 0 -215.6237529209181 -612.1447558931253 0 -285.4507875162369 25.8715350266143 0 0 0 -70.39651859343499 -73.31312191369892 -136.546528255171 0 -269.6320342377896 0 0 -68.33450358946723 -329.2614885733693 0 0 3.321098761384285 0 120.8200224661142 0 -31.09263153513684 -13.50556512580157 -73.29532824680166 0 0 0 0 0 -48.64078498107156 0 0 85.84020272376628 0 170.5948495519296 0 0 0 8.96546959090502 0 0 0 0 0 0 0 0 140.1312407881651 0 61.78819942053931 0 0 0 0 0 0 0 0 0 0 0 0 79.40053966286713 0 0 0 0 0 0 0 0 0 0 0 0 0 0 15.64443322645225, 3.464339001340022 35.65904450106177 74.82512623030388 43.99687684671221 4.233895883526749 33.006951774828 44.09386655555764 0 23.82819110214903 66.59381510380501 40.46527453427169 77.62143903379696 36.51256038040346 92.96692135363175 208.8496913803282 0 39.12594713041731 302.5409549640997 242.6763808188999 14.90772652612655 207.665937508271 374.3000225707441 -2.360706287306543 0 110.1201296419728 4.252145286713287 101.1303644872313 179.0477456474268 0 159.8781144519667 386.5950240831744 0 -68.72100724047574 -6.271321672212395 72.04026343370867 101.000037060471 -101.718250800713 -13.80249270731814 132.4540186252445 0 136.2475468132351 281.3721225931409 -57.32556155970651 39.94537249393903 76.88451887950733 144.7692306271447 84.73235409129359 0 62.742114845145 47.57016845076413 125.273834078593 27.01704751883706 -91.96045072037731 -52.63497552790351 225.4402049667705 0 236.9185378712913 101.6153281859965 -148.1038179674886 -64.82247596495185 0 301.9750141529184 233.7622297539694 0 -39.48038187078959 39.8809494309836 -386.5821265086754 130.6162754166569 11.85977522783267 -38.41487141096648 178.3308624067132 0 30.19884052188758 64.48549216785679 58.18253087908155 -78.58209756752295 226.0941032053438 -194.4299355116246 184.9680563475835 0 -168.7660359319652 -85.93539277023221 66.91515253977715 160.247843376629 -24.7108826359304 59.55412945465723 -57.49469862594313 0 -190.9022188596773 406.1733925007628 -195.1366264702895 0 0 32.94463677144272 33.61224514505345 0 84.22302074757812 -324.7468266464756 -50.86941181065328 -430.5560904497963 -29.6982651169593 -418.4634748556838 -6.856040608377768 0 59.85917588679351 -39.49275244408028 0 -80.19581056525291 -85.40213527530668 -5.565719724887856 -576.8368911325477 0 0 -272.6234783415401 -741.3803079244194 0 -198.2024380253379 -145.0293081766063 0 0 0 -105.8790661518399 -170.5810714744244 -104.7880589082082 0 -275.4817656096832 0 0 -112.5639036429725 -401.8382587323204 0 0 -74.59392643069968 0 113.6916554073282 0 -35.71994636834336 -74.16557522191749 -31.0974350001835 0 0 0 0 0 -69.58087244814143 0 0 35.62949997324594 0 148.2856349380409 0 0 0 15.80792357703248 0 0 0 0 0 0 0 0 -1.497957495109178 0 42.9886926592041 0 0 0 0 0 0 0 0 0 0 0 0 -45.98818708968908 0 0 0 0 0 0 0 0 0 0 0 0 0 0 -19.0403687812594


GFLOW: 0.576 0.05992432749381454 0.05924147951072704 0.0805742592611966 0.07982421448382725 2.986182074526662 2.986303082843737 2.95305982757011 2.95352642978359 0.02181914118806192 0.03867976406904486 -0.008828940407960027 0.007288718163334638
q-corrs 1411.016262579676 5118.907924686389 6089.499043623366 2354.908320406357 936.3876185101237 1843.09119718702 725.9084311968807 0 -206.3441037144971 -754.9569560492116 -835.3105085609484 -831.261441746763 -221.9497195396 -764.2026030127627 -1384.113992569865 0 -142.7170461920503 -1054.777582208259 -740.8930656401066 -407.7029065140404 -423.3709763121192 -784.5777890636323 -274.7084480730711 0 -269.3180264825633 -255.0005426730032 -524.0667246453067 -179.6023610140729 0 -267.1579551526108 -283.8674844382934 0 -32.33953232284551 -116.8209490564694 69.80145449169024 -109.1246898434153 73.13592031329101 5.361310046585409 108.3793326684566 0 55.58552424258587 325.7869110549984 8.160018866049509 179.2495934553735 48.98270577401619 280.2592494767717 120.3630353716617 0 113.4923536857676 212.3287455923929 630.1469796058816 175.036897581214 26.01437260143833 244.5282700347626 491.1256511528168 0 121.7951602114653 371.1659351942362 145.5339125829254 388.3142463949504 0 162.8730915535804 120.9484412830483 0 40.29597591283019 225.5190948304421 356.6442156522613 63.98713619846369 216.3433145392287 164.8160773676883 140.2585978162026 0 -8.949182053340238 17.16652944124066 81.55257799635768 -38.88893720246726 4.369221434568487 209.6273667628346 -59.10388868366564 0 21.19867255632472 45.46909300816476 16.74562473208515 27.09088753163763 -27.36768582186656 -136.9500769981709 -166.6317705577337 0 42.01439009977104 10.40190178236926 -76.77221536594419 0 0 -41.62513736012033 200.5736872544758 0 -26.94219581297932 -160.6169034862295 -87.81552121421446 -215.8727235586856 -65.10868154855319 25.2237409717395 85.18755506407012 0 38.85011941145672 -57.94420846692026 0 194.9802930107317 -126.736567903099 121.90654194734 -425.0682221994025 0 0 -76.7720949134505 -25.66952572561441 0 39.14669614737242 110.5156661043558 0 0 0 -399.5516705513553 219.4849730694048 -127.6540251921283 0 -230.8189791035277 0 0 -14.26223418418136 151.7620936863109 0 0 32.33887262652001 0 -277.9869355719454 0 -182.3892087950129 58.61055350252439 -55.38100250046595 0 0 0 0 0 51.08156537460594 0 0 -24.18509781170306 0 -144.4518757269552 0 0 0 18.23941648062524 0 0 0 0 0 0 0 0 55.26147151123948 0 10.70790876088742 0 0 0 0 0 0 0 0 0 0 0 0 77.33857682166982 0 0 0 0 0 0 0 0 0 0 0 0 0 0 20.84030266533933, 847.8566248055756 3032.224542776004 3528.109793952071 1317.178357542756 472.2810357011996 772.1196474368948 138.6014706791865 0 -254.5446360467068 -746.3265397676868 -760.9023434285034 -715.7056598365934 -177.5587479811227 -613.8627396628324 -1086.478730580291 0 -126.2287223070453 -825.783320448689 -568.2002474693081 -282.2240123604738 -296.4382008228617 -554.5872905964447 -174.2806223672895 0 -180.8081001687596 -145.0919998324292 -325.9193643234288 -148.9165995779943 0 -86.83603723076283 -178.143093011132 0 11.14229649298733 -2.23746509579248 172.7186921388322 38.12174027398327 105.1559246584415 -30.39644933591729 129.0745061858528 0 48.24491987722709 368.6452451307554 117.6674767601343 159.9201345264028 32.26843755063413 343.8291569252523 143.0608023039028 0 108.4485134607665 168.087291472132 625.4325659314478 211.1332953014989 49.45066812890754 261.6018746408751 407.9781261787717 0 97.16652893752938 304.0698386996283 95.02400101732732 284.6988338107413 0 99.27920603039394 28.84759271019965 0 44.86003265048802 190.2394663310276 285.0924663269213 -9.099586415600253 177.1198231627573 93.3732513910481 76.83781104392516 0 -13.45257253163356 -10.42648084109207 -81.3410585259312 -68.53870331109945 -10.63356901749592 85.93951686645113 -95.33393312923006 0 -16.32573798051423 -75.83848387121995 -15.71606765697492 -38.09265267868788 -58.60543074236095 -89.20521401130858 -125.4665247706913 0 18.61740603161625 -77.8288117288587 -146.8648159101811 0 0 -59.30342965271835 128.4481210349549 0 -40.45584067857001 -118.3957332672422 -53.06302567830257 -130.6575810412587 -34.32779943018791 28.32476234203938 70.12620453314973 0 20.39819789402231 -71.55576539880765 0 139.859576061987 -89.39717940730074 82.9962100753432 -324.5857921258764 0 0 3.647623034425301 59.28118830313034 0 29.83248799436322 95.23158283858356 0 0 0 -286.7424702921708 149.1405626001462 -84.36702505263156 0 -184.4664936301717 0 0 11.16060270097118 145.7520254018742 0 0 28.09128050383421 0 -167.7165117899829 0 -135.2348827052279 35.05722829916522 -29.55891926676588 0 0 0 0 0 34.45142296471617 0 0 14.69683728453784 0 -54.24390436614368 0 0 0 18.54033909081195 0 0 0 0 0 0 0 0 105.2636280834602 0 29.36133842152286 0 0 0 0 0 0 0 0 0 0 0 0 98.86587255396844 0 0 0 0 0 0 0 0 0 0 0 0 0 0 23.69521564689531, 152.8141268889499 470.2125047229703 407.0499299293266 66.46281342276262 -56.18909912833563 -401.0258675513242 -464.0242158163679 0 -256.4722663069689 -590.4387368147957 -493.99551095197 -440.3023818070415 -104.943483319644 -327.9528568001319 -575.8918820188276 0 -69.09525704027561 -407.3774500744842 -254.7091754892255 -82.96011644852416 -91.40833337723268 -215.3759104378833 -33.07373569961979 0 -67.1934575066967 44.97665110821251 -12.40753157911722 -116.0891225126724 0 117.7503731972315 -102.5255097411451 0 83.22456633797512 134.6077377848289 278.8059027286221 205.9677152369285 139.5382668463355 -106.926690730421 69.05023628146327 0 -37.87680754626147 251.5065438859013 276.6450247923127 105.0885144192875 -57.66781375066077 324.6686945686018 57.21543396674178 0 81.1730485479805 11.11540450318872 459.9572924787963 184.7815992583374 47.59881861086754 140.9280708860409 53.86929472601735 0 45.4504457222222 54.48579174598702 -78.743638909559 -70.29067593738003 0 -18.89871105347633 -207.1500751441385 0 37.16567551677219 33.3456820249809 23.61152272699857 -145.8759332392079 38.37187497751754 -109.4641613573302 -38.56634896595049 0 -54.67828501074351 -67.01003775937232 -408.5527341083264 -83.16850148437202 -15.40098809843025 -220.3327554336466 -74.93312936772909 0 -99.51564798572781 -290.8831940852364 -85.58164145062142 -114.2577341104597 -94.5617593276213 39.69588153718006 11.06649340165215 0 -44.21198674296611 -126.2676282878128 -236.6003409601915 0 0 -30.70811989512096 36.71377343448812 0 -69.26902738809295 -100.130271873 51.1698271460018 52.16156118531543 41.29190099592353 57.0023143637257 108.9371020749915 0 55.55187246086108 -97.90832371108297 0 79.67920057398815 -46.46646697076734 49.55948828961436 -216.5487128221469 0 0 152.1514018393502 221.2783443347819 0 4.655799273112159 151.1813498286796 0 0 0 -123.6299587173356 87.45558249424023 -55.04368038181491 0 -117.989373932052 0 0 53.98588718996429 119.9362508816479 0 0 45.91791541975452 0 -0.1105184352147432 0 -57.50213580167107 16.26447626507322 -33.70232105536694 0 0 0 0 0 0.06439652290077547 0 0 78.5687934772242 0 81.42615199201019 0 0 0 1.693423421100501 0 0 0 0 0 0 0 0 185.2522027455733 0 52.61444922068667 0 0 0 0 0 0 0 0 0 0 0 0 130.2828751115654 0 0 0 0 0 0 0 0 0 0 0 0 0 0 27.27840271727805, -27.74030483140019 -164.3186223670136 -315.2624832204975 -195.6011290604753 -124.8301216476258 -468.9910610488927 -425.3600449774897 0 -170.4487556822963 -353.5993295701624 -208.1967507836544 -203.5858288666982 -67.06614081588593 -137.7873790532966 -286.9564794712525 0 -8.379385051014005 -154.7528123065011 -77.53459700975102 -18.6469509607452 -4.691072427006652 -103.8486220803516 -8.762316871711462 0 -57.28915480201324 100.7988590881688 85.9069599960566 -73.86280443481931 0 78.95136615356921 -138.8739512204961 0 70.4364340053649 64.34224865748885 203.265892047577 146.6703279430331 111.2075887512453 -80.08865514676182 -28.24708047720341 0 -104.8714686958949 -5.226695142248786 232.2313022324422 47.64302106966466 -133.2522523634521 152.6421930611652 -62.25872902444706 0 39.58673954906269 -84.35312194879107 197.8980759964589 75.64073187273418 21.68558079538712 9.681565811946761 -220.2762460222195 0 48.93415342638284 -141.0420869580765 -169.8519717548576 -266.1258527779859 0 -35.24997496111188 -233.1282708031852 0 14.04571213874602 -50.40098405403887 -89.05078660264006 -134.4970872967181 -49.21531320526018 -129.0922798931654 -65.0533972981694 0 -86.24074492052264 -77.3954467953301 -361.7293259999748 -18.30827690004655 -0.4891887121983807 -289.6643217914308 29.32342470019181 0 -103.845845937979 -231.3360302755225 -76.95776702071137 -69.40299383881769 -26.86794785973645 111.3310277182255 94.47106069975109 0 -63.69664048026806 9.081668846084639 -140.3481745463156 0 0 41.20751901124339 25.21902214687069 0 -41.56113913427828 -119.7471627915708 146.9455891380705 163.6511712290445 88.04490143577507 104.3656175648983 168.5618632869679 0 106.7849221325008 -53.57479851079506 0 88.54520692415599 -46.54909309737853 59.84324864297594 -182.2215504518457 0 0 215.3691572866621 324.3925423912341 0 5.876087507328577 247.6341802397583 0 0 0 -82.09871308149559 133.5046391205119 -59.57907334864142 0 -71.62603717958186 0 0 69.84219376585264 119.6156340483407 0 0 83.42578051481156 0 27.26304287485912 0 -24.81483239640615 41.46258514638754 -55.10431599774941 0 0 0 0 0 -8.155154184510883 0 0 72.61200940489752 0 84.96937698585342 0 0 0 -16.10877305295764 0 0 0 0 0 0 0 0 152.7242646864594 0 38.88890914597532 0 0 0 0 0 0 0 0 0 0 0 0 98.54774113537852 0 0 0 0 0 0 0 0 0 0 0 0 0 0 19.41361748812277, -30.00448141099872 -142.7231426937075 -235.6674997154357 -132.520982687563 -73.44935418847577 -259.6452806531443 -226.7633625980157 0 -77.27122414259597 -154.2039050776346 -71.18627398641507 -76.08650381766149 -29.73351513489423 -47.98878263850564 -125.4675118742824 0 19.4005462216626 -36.22988478049621 -38.75755414362534 -45.96308136099354 -24.62846987796535 -140.0879624829 -37.91637724136652 0 -101.5424594721944 -4.539233012717148 -52.77996214928791 -5.04660123703669 0 -153.3793918062596 -178.3404496492452 0 -39.71340464730373 -182.217009537491 -54.61713120519495 -113.1721465287319 -2.968533254533533 37.26126463084243 -136.6953846557605 0 -87.04842488094063 -261.9921583482599 -57.40040836761088 -24.35679509327413 -112.2828868580568 -112.1466603289777 -122.4165338122986 0 8.882421308233965 -64.02640652248782 -30.53225814961301 -41.39837772754892 -29.23877107528166 -54.38771478857673 -197.9553888335863 0 65.1763626127329 -87.89739507730599 -108.25659052173 -136.8372485046107 0 27.80926085139676 -35.41979714238632 0 -6.825607205753274 6.811386481772516 68.79651566822858 -11.86201163952139 14.36567256581173 18.58904489180867 26.19515896939143 0 -61.28577513029439 -28.48179614205232 -21.94113269390751 77.1536138110099 22.56879476674121 36.1658343422678 75.51845498817684 0 -31.06111947862467 54.60069611366021 -5.718006717896387 25.36636227259207 52.73756395669805 41.18266814713554 132.620767277546 0 24.91369542246415 103.4367555187001 92.0520716185838 0 0 45.39113606627703 9.808515619608016 0 36.96080158305608 13.8367517830097 109.780505471676 170.9408200285239 42.36564030575664 97.7175812123248 119.1351739216743 0 56.14863220707588 51.75911781343241 0 57.37306375326372 -7.079121614329264 23.80500715318266 -0.4791785963133322 0 0 129.1902175557094 254.0617016735132 0 17.03266833054349 197.9009842608941 0 0 0 -5.667438871875774 112.7423294881682 2.134098635628163 0 2.857343229599891 0 0 45.39960883406093 91.88709954397248 0 0 78.39558714530887 0 53.55624981220686 0 5.552712779474611 48.89439959913265 -3.237196528848671 0 0 0 0 0 2.269916433667637 0 0 56.47797358964915 0 85.74769944341813 0 0 0 -4.151978919402566 0 0 0 0 0 0 0 0 115.2532047985465 0 30.8042551636273 0 0 0 0 0 0 0 0 0 0 0 0 75.49021111136872 0 0 0 0 0 0 0 0 0 0 0 0 0 0 15.95791459471774, -14.92141280071786 -73.28255489665179 -122.6540874600107 -69.69288055467274 -51.44462135767687 -156.0177495316645 -118.4860122710367 0 -21.06621111102096 -45.36009906709856 -52.60865447612237 -24.68367167096473 12.25959681802369 20.53270086245239 48.63825172418254 0 23.78115598719971 102.2508351104218 23.25936178922679 -15.34915905754565 -6.472049428548637 -57.00174902360109 14.70529871819729 0 -56.34662966182338 -56.60844392392337 -69.1239532039604 103.0025125783158 0 -180.7205880583842 -97.2331386538261 0 -101.7678938424501 -263.5963731790681 -191.5173260541728 -277.722877080722 -52.81478650012809 127.7671948167167 -130.044525232288 0 -44.8115589883357 -305.9056649362028 -253.4424563571968 -58.90165933880466 -43.69028945904056 -274.9718281598986 -183.9020479331452 0 -2.154185774477817 -52.57432476754499 -164.3372727000674 -107.7441635011343 -112.6593350322609 -198.2968939698486 -135.3917970125548 0 35.94045247204406 -12.20879331527972 -105.5596674985072 -90.3035648509963 0 38.97992184404907 71.52646919949299 0 -26.14221899560228 -25.99643480285341 -14.4754555096041 42.48417949224296 1.911505449069622 -11.15826198305097 78.79206601367756 0 -17.73269785718831 8.870833097309536 52.36290618680128 65.72837402111165 73.83576334399348 130.7882399410761 71.38135245154594 0 -18.29205587924994 102.5050755775104 23.83429325778144 39.05388449629299 31.37718371800343 -29.57850254100926 95.39254823011618 0 6.825461090909201 140.5678975067287 41.62849655170942 0 0 14.82086197342659 -36.52665583616058 0 51.48034295407754 21.64761828904776 -12.12346516176538 10.87295969610069 -23.02327177134303 -141.7443296250806 77.97554334522219 0 25.83887913502581 15.52101635862236 0 -10.1273059290637 6.943767482834573 -39.92315265955325 -89.07283260742442 0 0 -13.50949372459021 -75.39033391488204 0 -97.9142287928115 110.190173330594 0 0 0 16.89956802334739 14.66727075725213 -32.58104561833957 0 -69.54961124210966 0 0 0.9244294937468247 -75.35842965037114 0 0 46.00961229335471 0 99.62021064684768 0 7.176799291633706 20.87974003922675 -22.4506692848704 0 0 0 0 0 -15.7725207329 0 0 78.97092321036357 0 135.382033660504 0 0 0 2.5545265323367 0 0 0 0 0 0 0 0 152.4503680785667 0 48.43430233046579 0 0 0 0 0 0 0 0 0 0 0 0 99.34659882371568 0 0 0 0 0 0 0 0 0 0 0 0 0 0 21.53534248389945, 0.3317893115051334 -7.201225681438288 -26.78515500618464 -24.62810081344776 -38.60337766040712 -120.0190946647078 -98.94040474535109 0 -21.6861154953032 -59.67848448105951 -66.17598940388342 -25.44108612945234 12.51728471063512 34.40981804760511 91.56954266762804 0 19.22658884504921 166.6326072415879 100.8648915947792 25.89472828816849 71.81454952246384 127.2129254327227 61.46607408157098 0 43.15149107873143 -1.970801697291897 78.7752768561333 172.3203554420775 0 44.81363549105846 112.5563278404767 0 -68.60317997664662 -96.34998367345679 -62.23841954586574 -130.6786500801783 -21.84029125073744 101.528253066699 29.11433577096483 0 16.31616496351049 -46.25320206264881 -155.2619098788142 -20.46177066963207 34.43339981853288 -136.6707386567574 -113.3079237881199 0 6.387296652402689 -13.7724879048962 -157.6148064896772 -83.97061209632652 -126.5223916273877 -227.5802552414753 -37.69960139445044 0 72.58639825972169 -2.011092808121305 -149.6011280662119 -139.7319609473822 0 54.46294066896161 132.1374602056656 0 -42.64054652924287 -86.83462374966857 -298.872974280933 57.49114157518152 -87.60829598143688 -100.6828872875117 63.68379153297016 0 8.445620855019779 10.80395456572671 -49.60859505740218 -40.62392389766366 128.6408125494132 -79.79075541996792 85.74047889033672 0 -75.46621862836801 -53.26826107477112 30.66853633349829 31.7588400598536 -16.71716602260111 -39.87434117572312 -44.8688737340234 0 -114.2752802478538 187.8550946222862 -165.2087309304645 0 0 4.664083954884184 -48.34788038955733 0 31.72312282784845 -149.5442038350437 -85.6262860032268 -209.545157168931 -52.35449948233403 -368.8823687626794 63.81529974637657 0 42.58620458491007 -64.10234742708752 0 -40.28505902637517 -37.02886169473786 -49.21881874140399 -350.5724388220993 0 0 -132.5065282534594 -392.5354867948188 0 -188.8842706727706 37.98069591225717 0 0 0 -52.66099867978324 -47.73243853401747 -101.0316318033004 0 -182.2482904722965 0 0 -44.16191560500462 -217.407165773222 0 0 7.705830494638544 0 87.53694077645892 0 -17.76191823855754 -8.393673870944344 -55.79409278866029 0 0 0 0 0 -33.34612216100326 0 0 70.86154453829374 0 135.3785252758531 0 0 0 4.955804698349347 0 0 0 0 0 0 0 0 124.006712518356 0 50.43480340308543 0 0 0 0 0 0 0 0 0 0 0 0 72.0102071148244 0 0 0 0 0 0 0 0 0 0 0 0 0 0 13.75283212461044, 5.337578670427604 30.87125433634534 52.31800092024429 27.49562760036942 2.712580152597411 16.11805420871511 21.33487679324739 0 12.52954178954184 35.656975390833 32.58889421826917 54.09076945874342 18.14090231544536 68.95009742186143 138.0474561634394 0 31.86227943299611 210.0171698050733 185.386725961877 19.75854372274166 148.6529754288018 265.5112419501852 0.2697898839891941 0 77.35799454988657 27.95082745372893 117.0158848319979 147.7555718422585 0 126.1475253651871 278.5224691365761 0 -43.05331765752672 17.76918407307409 49.58706521241918 62.45152212821242 -46.5420224018326 14.83932317481073 129.8093068421562 0 76.42461488567292 184.8475071333015 -54.97425254956978 43.96652697230505 77.4191659271786 72.15166087109823 33.68486585225465 0 43.21491054962678 79.515687314476 104.2487946504284 17.0124702836509 -88.72305178772949 -79.42081803713324 171.0521534016953 0 165.9418088478986 98.84381385635427 -141.4432346281771 -73.95866710423061 0 206.3328815099396 185.4251982190033 0 -21.48669459090017 8.425070339162302 -280.2677280011376 113.5485497575761 3.233633435457207 -12.32897334817643 135.8719660756028 0 26.1283208254224 21.00773953833563 31.95646421574645 -59.46114342942561 152.7215592754604 -110.9194938141692 149.4527273286328 0 -132.5031192297351 -70.33859343926861 59.67138125118191 131.3916160006735 -3.104263812071059 24.72904216771217 -53.99995476823339 0 -138.7973007804388 287.699702523152 -144.0547892425035 0 0 39.23471555911465 9.077516456914353 0 59.51960061412078 -237.5520165881207 -24.33765400339803 -298.4692116452129 -28.16992401052685 -314.3068948542906 -1.639292190302278 0 53.13634674337557 -30.25872694507794 0 -73.26401262802344 -65.47845667858299 -5.221807355949132 -427.7527181660689 0 0 -186.862937445161 -528.9107274517086 0 -149.4692316048769 -89.4693990028747 0 0 0 -94.6241333413231 -129.659511798352 -106.6390561764629 0 -201.8002817740235 0 0 -76.05250070952873 -301.2861829154082 0 0 -49.41036920920588 0 55.69563175373912 0 -31.82035523541384 -53.54162510769955 -57.34965642283197 0 0 0 0 0 -54.71974359384522 0 0 26.95682076873976 0 92.97207290627337 0 0 0 1.912225985253956 0 0 0 0 0 0 0 0 15.79760773443469 0 32.12017658850564 0 0 0 0 0 0 0 0 0 0 0 0 -16.20556765681436 0 0 0 0 0 0 0 0 0 0 0 0 0 0 -9.569921290137664


GFLOW: 0.6479999999999999 0.04960797555078948 0.04892846373636485 0.06503183548508119 0.06429130685894781 2.98903290862785 2.989153044171292 2.961943331154675 2.962408516464748 0.01965965337094472 0.03632943982106386 -0.008504050518354799 0.007388075491207662
q-corrs 943.703434446816 3610.056770403061 4542.758798282111 1868.419783595393 813.0566232258452 1797.443901103601 880.863008681286 0 -61.07687853547762 -417.7283655674504 -538.8718589414963 -581.4633156346351 -169.857472959431 -587.8755205969634 -1101.237746479535 0 -123.4678618042687 -898.5868889746699 -639.3514747960671 -356.782076198448 -366.0672669143581 -671.7875647107589 -236.7691742057708 0 -228.273435717168 -237.4291503150687 -487.6477921665279 -176.5888725411654 0 -237.2290849547932 -248.3873456157847 0 -30.73557084605643 -97.66551430974879 49.94656167219289 -85.64859339234974 69.27057413141272 1.380716598207478 80.2636652960702 0 34.16403246587925 245.9672864538561 19.69750705554663 140.0918948991929 30.48827910121063 229.5001181454011 76.41584020952899 0 90.78386688680618 151.247668982492 516.3143816692714 149.6581351947822 15.63138121664901 180.4937060523639 379.5051609246585 0 89.78820356726682 284.1139833843347 97.3637798538538 281.213274312674 0 129.7520031211047 65.5257738118729 0 33.64424514073265 177.9452403789726 267.5235855754391 33.89003938294487 167.7668434064788 115.8183596688721 110.2591246265631 0 4.595594017963297 14.09782889603269 40.81978557257549 -33.1102133102393 5.604853052349537 134.7580120378793 -51.58602315285551 0 12.1270292256026 28.77175850109416 7.084883257982025 4.559584832132604 -27.54517101682277 -77.88506269520245 -123.7837643954818 0 18.00726787190331 -0.7415511583604228 -80.40708510629665 0 0 -37.25482016450984 139.9272444950719 0 -22.65208027804999 -142.9990489141405 -61.86263324201808 -160.8581890874329 -38.12580215296785 -6.080617256966374 69.64161254181178 0 26.21302201528366 -51.84425437402884 0 145.724024971562 -99.69848355675126 82.29664340249829 -350.6213760461197 0 0 -44.97979757904199 -19.33148366260665 0 16.87721344812675 89.4972658204623 0 0 0 -302.5623431047446 168.3051725569014 -108.8092991493247 0 -177.6976472341705 0 0 -8.660769948097105 111.7420819727006 0 0 27.31713984553071 0 -208.8068677763769 0 -133.8520246719758 47.20971809093184 -52.09516151594158 0 0 0 0 0 38.46162218019357 0 0 -17.14959476721575 0 -110.5600945649942 0 0 0 9.635975853968244 0 0 0 0 0 0 0 0 42.29517120228687 0 5.351174120544149 0 0 0 0 0 0 0 0 0 0 0 0 58.79765774724262 0 0 0 0 0 0 0 0 0 0 0 0 0 0 16.1813180822691, 599.3772335207946 2267.9411537705 2807.534193815304 1126.392769588557 460.1161894292066 925.463599514791 360.82146201051 0 -129.3283264977578 -472.466545774461 -523.1456267860444 -523.5663923116067 -141.5417159791394 -487.4995117893367 -889.1732634523422 0 -109.4661256833437 -719.4848672667486 -505.1924841800019 -255.5991337083153 -271.1078258515288 -495.3665735735772 -153.5127012972098 0 -156.5321219123344 -149.9292786189753 -324.5555559627215 -145.0156973625255 0 -92.91395531685008 -171.5688613814373 0 4.847329184237047 -6.558623134477713 131.3780841674623 17.29536912812443 96.27054634107716 -24.44767640618357 99.84501957433521 0 25.79258222886997 282.5593643681162 104.9112401189762 132.6926041637535 16.82220708635744 273.0693768877939 86.05136030270438 0 88.3369888398408 118.1562633911174 507.1267270465291 166.5428084264891 31.31520679083448 181.1152013312622 304.1370869956377 0 75.21798738231735 229.7287042869796 57.97161413746748 198.5373857749144 0 90.80396712927201 2.665146966526365 0 34.76016098615987 145.8875108876448 204.2999036989497 -15.27480299442461 131.0137012085231 49.57728914940488 69.15521754277287 0 -4.14916509018256 -2.632470459056464 -77.69318502663774 -48.46456629618096 -0.502115051560228 44.5273687159271 -69.6330963818867 0 -13.91767145004726 -56.78275765867398 -16.71323726588421 -35.85573426380729 -50.84708304582905 -43.72322534440528 -85.26617443633953 0 5.622848848783207 -50.84456262083343 -126.774574432126 0 0 -45.53247553062828 99.86528179491592 0 -34.88350574363049 -110.421650755937 -37.03538099305833 -99.67204037341118 -17.07515626385061 6.579141172964334 65.98496723546802 0 20.7396320441409 -64.24652363315963 0 116.3235096959022 -72.55854366849367 61.94586687622736 -270.5851115736628 0 0 7.443461963998871 43.48378441722362 0 12.5607088861673 86.77082302906486 0 0 0 -216.8308134595309 131.7161211362085 -70.6723025362821 0 -141.3056839327004 0 0 7.68400298655326 114.6144598390646 0 0 26.59793619259249 0 -122.0658509305082 0 -96.68101901403939 35.14413170661788 -25.24943920832447 0 0 0 0 0 30.18486182427778 0 0 13.50431619043605 0 -37.05442512521217 0 0 0 12.50945159336506 0 0 0 0 0 0 0 0 82.37801589287565 0 20.740738080912 0 0 0 0 0 0 0 0 0 0 0 0 76.20187918155493 0 0 0 0 0 0 0 0 0 0 0 0 0 0 18.59795640246585, 134.9990115451044 464.3625679459943 488.1553433550594 142.1585279123036 9.727269714926141 -159.8624136880806 -262.2792334701608 0 -181.0661937576731 -445.9842741999311 -387.7272443825136 -355.3966550836734 -88.97979164621103 -279.8861168851299 -494.6032860782602 0 -66.0517007427967 -378.1243058266232 -250.5295214826616 -85.04773892087744 -107.3053392862385 -211.7131514982801 -26.24756706368598 0 -53.34940622715547 3.128128321805248 -56.72344281680347 -99.46383602037898 0 93.06675048840853 -95.71279527870045 0 62.46428222711572 109.917315137015 225.6071237323671 142.6387739617745 123.8189628285936 -81.10354072563901 68.72362052772644 0 -31.38683617222358 223.0444875687479 224.4031414443133 103.3048612930542 -42.61056947157588 266.3504570602507 31.97474829124805 0 71.46125193197125 12.01178861139882 383.7923846355196 133.0946947031707 34.544232973514 92.30959401964348 40.94194601111734 0 43.62542773542051 53.0019523418324 -58.28906346287218 -46.91299812145625 0 13.0253815580131 -153.2185393039548 0 27.10415288137825 34.0852447652149 13.28009672012205 -104.7795001116111 23.76979688575906 -109.4651073578324 -10.10407498989801 0 -43.17489385786941 -41.75970686380604 -301.2345051711081 -57.16687030884437 -0.3529940874992459 -168.0914859060351 -51.33227388545463 0 -67.78190598052052 -202.19004163989 -64.00196760382877 -79.63563830644739 -77.65897349951138 36.59524343289785 9.955670172815246 0 -32.12921493865966 -70.84591144447367 -182.3282920899556 0 0 -24.80757446379759 48.36749402627903 0 -53.13699652623773 -87.98245292030444 36.57867184778404 28.97896492591727 31.35850407586564 37.67004284724223 98.32457020798424 0 49.96652615428386 -78.76111535464545 0 83.40919097620566 -39.83058629255297 45.86305812535542 -178.3861833829208 0 0 106.573409988531 164.6770430565478 0 -0.01423480550047174 131.8118477725415 0 0 0 -97.10289184171796 99.47513107364546 -38.74649076350848 0 -90.0776679650066 0 0 36.75927085472964 108.6304669515512 0 0 40.7468904680713 0 -1.158104173371569 0 -40.33093700461359 25.70372493705503 -15.2258415381368 0 0 0 0 0 11.1333667855631 0 0 56.90983741095376 0 61.00583150490441 0 0 0 5.2916616543217 0 0 0 0 0 0 0 0 135.3720048739328 0 37.55888330697442 0 0 0 0 0 0 0 0 0 0 0 0 96.09944687727692 0 0 0 0 0 0 0 0 0 0 0 0 0 0 20.73317838873027, -14.16599134402684 -98.00329623812667 -206.0970909400531 -136.2695981456391 -91.76585141028099 -353.9954882198726 -330.1204792653989 0 -136.2731240692372 -294.5240293156966 -190.2308202115914 -181.2211424706791 -55.88356265258003 -129.6861887619733 -251.3553829483376 0 -16.90153438927803 -154.1885672601188 -92.41564526286791 -25.50415205975344 -28.27073685101717 -99.91408964103989 -1.494893002433955 0 -37.48656822976499 50.23911964603244 29.95855816376192 -56.89970480889406 0 67.34294522968531 -101.8641694400073 0 52.15714155368501 58.98866177142241 162.0984312889026 96.23394608249322 90.86873646402886 -65.82541883317904 -9.775015166624939 0 -74.23821127870441 35.60388803268156 175.3361300155313 55.92871094565312 -90.93861658402716 132.8898582606495 -48.7729375391631 0 41.21182925690768 -58.25911784021405 179.7255718541598 43.02773344533886 13.51512153724754 -9.022629493791445 -163.8140599063494 0 37.65599506288855 -85.27714296851994 -117.8244308068205 -186.291513310557 0 -13.48214216645218 -183.7910940842945 0 10.8418759316496 -30.8724229261602 -72.65695940804605 -100.3801065698632 -42.275586737975 -133.3286982241805 -38.66452616220863 0 -72.31064109447769 -53.06010361431828 -274.2050909576814 -13.39618331410103 7.7402116787183 -222.6469410656293 22.90465308437502 0 -69.78193058127066 -166.8624397681535 -60.07515244722345 -44.0004202030226 -32.99292817244225 75.8230363841287 70.98264746507529 0 -47.91853746645717 23.64466086121071 -109.9052085758848 0 0 26.85987275179766 35.58265969693915 0 -31.13713895007384 -89.37607504023769 104.5338757858456 111.8969852191243 58.70114739375232 65.98457462114152 135.7706104644805 0 85.53975907712567 -42.84927420984511 0 80.54641628190046 -35.04676111291855 50.91530242823342 -147.3238541564467 0 0 148.8411563552189 232.6318822205324 0 -0.4697417934104635 190.7744784393494 0 0 0 -67.1310740160426 116.2084559880479 -45.34136950459366 0 -60.56062325565624 0 0 48.24294762797109 100.8359910135989 0 0 62.91097141772174 0 11.83775329083107 0 -21.34475004386307 36.8528712470912 -35.18407806044691 0 0 0 0 0 2.559083889898289 0 0 50.7419533494128 0 55.77597464639713 0 0 0 -7.600238018540457 0 0 0 0 0 0 0 0 110.95624776365 0 27.15498605242299 0 0 0 0 0 0 0 0 0 0 0 0 74.38264721165152 0 0 0 0 0 0 0 0 0 0 0 0 0 0 15.50707413183484, -22.22680541339508 -109.7019077984249 -185.1615080647436 -105.5216742320194 -60.23770037088774 -213.3176915970274 -187.2124698351048 0 -67.02780137308183 -133.6591552799433 -65.52143094619484 -68.84624712076084 -25.39734237753192 -55.27349277195785 -120.5181124919732 0 13.34747474408458 -34.3902354835155 -39.41605264679686 -47.45971415612613 -28.49639481750026 -108.242799894872 -29.60633291977494 0 -68.85376613454321 -18.17400872585029 -54.39351174492333 1.489848406644391 0 -104.7683933899432 -118.1222214953418 0 -28.58649599432891 -122.0865025801406 -36.09120384792556 -90.84104357081112 3.781630665892756 29.35737897252216 -86.68948033900631 0 -56.57021252661589 -161.1062473587779 -45.51655781181166 -7.176398777415976 -78.02965273578033 -72.41570958701841 -98.79711455406314 0 13.96045352818912 -55.46390847980262 5.049201631156819 -35.18571211424841 -28.86055911840077 -64.85291738602311 -159.1736465300208 0 34.76716873688103 -63.76381579470392 -81.92684012888347 -117.0532313301416 0 7.014951238713152 -69.05375649900913 0 -2.495109028513168 -3.774676779561936 17.29226745643845 -21.90388828068917 -7.308949534105057 -29.62584100083331 10.81330079490301 0 -55.98088214993314 -24.55919383598757 -51.88783543744266 51.60898294111007 20.64706740398367 -23.13492291819692 63.85607317123096 0 -23.96548688215858 11.97561217147519 -13.43951969773197 19.72303823092913 25.80257833868085 33.01365900634755 100.5569851733066 0 -0.673565547904345 93.83430990109693 41.54319136278896 0 0 39.93357869719991 15.34274624344917 0 18.5513386149557 -8.599785875050479 84.66874748276041 117.3728455820613 31.72993904173247 52.84404379625215 101.8878592509233 0 57.43377942655663 22.02203435590962 0 49.44092936751896 -9.440129147346559 24.52309888146637 -39.40615597620577 0 0 93.26447974620979 173.9191486038506 0 0.4011307952956571 153.9637224177089 0 0 0 -15.83245737895643 87.93151146608838 -13.6552632864841 0 -16.88222141683008 0 0 32.1544537437682 65.70065994981364 0 0 56.75029990882854 0 33.7604900731824 0 -1.252675852865799 35.50852333535842 -10.73396269659342 0 0 0 0 0 3.122314811577672 0 0 44.60426023638037 0 62.20126827901069 0 0 0 -2.471951337496538 0 0 0 0 0 0 0 0 93.71184396043769 0 24.22366852833471 0 0 0 0 0 0 0 0 0 0 0 0 62.88275102083854 0 0 0 0 0 0 0 0 0 0 0 0 0 0 13.60341857125696, -9.933442742866362 -50.8783274819003 -86.95878972647985 -49.28716057578217 -34.6129595785848 -107.5333541456106 -81.67919296435841 0 -19.04536001107583 -31.01385230618394 -22.49516607439092 -10.78254539133142 6.177098552624379 1.863296580927681 11.43757043554871 0 24.6580445005537 82.73518064913569 20.64289750436765 -28.7888349952058 -6.89507279190525 -42.37125945249342 -1.63228204716491 0 -41.06563822501982 -47.63642150083182 -50.16954760066461 84.43565817341921 0 -127.7928256662676 -51.7682223893687 0 -75.64901973484767 -185.6061599650432 -137.1728178293008 -196.28046436255 -35.44097594981216 104.213760032152 -74.52025410030637 0 -21.65562833599899 -198.6874082377482 -189.8002105281869 -38.92375035529061 -28.4464343787631 -193.9684055780138 -132.6165523166026 0 1.637597470215297 -42.80252011325948 -99.09784937139473 -75.74496436469346 -85.15491443583885 -154.4454424640599 -111.064761991535 0 13.13288063517729 -15.85528667182581 -83.78562029594917 -90.28174144420429 0 3.470560673062835 7.957424063506039 0 -15.57805627521107 -34.93380313416101 -44.10365299352142 20.7620524271355 -16.58692907943691 -35.23933704032459 41.25622377597274 0 -25.43989136997547 -7.664953131724434 -4.426686909081834 33.66923703364358 50.3745402123549 42.71652132435975 57.31833490534856 0 -21.29678348781135 35.46872774890942 11.06665985352735 23.24703642291985 16.82899736724076 -15.61975098756632 63.51253707260223 0 -13.61920357829595 106.0911042887709 2.565707643829597 0 0 17.91025899222461 -26.47222475518508 0 28.05820576533713 -5.16043176314534 2.093249796918343 12.49328140263475 -10.5509960643745 -101.8893379933245 69.40954098425161 0 32.18191371171465 -1.181163639014168 0 -1.476503118962199 0.1156913795879255 -21.71424127562894 -83.33897139610359 0 0 0.09200258626747981 -38.59965815310297 0 -70.34095909124503 93.6165740423899 0 0 0 9.012721459270576 18.72466200307742 -26.98795431051766 0 -53.3682018663791 0 0 2.657238812085589 -43.73977546660098 0 0 35.47130409031697 0 78.44365281869673 0 7.009705295446953 16.00445923372283 -14.66526512544041 0 0 0 0 0 -9.654159682752496 0 0 65.40451617269646 0 110.9475787339736 0 0 0 3.093995423381823 0 0 0 0 0 0 0 0 127.0523032024933 0 39.73546344700036 0 0 0 0 0 0 0 0 0 0 0 0 82.08239480356926 0 0 0 0 0 0 0 0 0 0 0 0 0 0 17.48875994742849, 1.678618849410952 0.6633924284631796 -10.68742028161026 -12.35483689375511 -20.50384598951462 -65.4213703292653 -53.10945890296 0 -12.11419900415807 -26.34811651568808 -21.58164215256502 -2.029249840172497 7.670032517508083 23.19415389750466 56.67008276415768 0 23.49068527578291 132.1386824332695 84.27741504134025 6.460349791445481 51.80605680073947 89.42590824613742 27.85465204044463 0 25.14164768673437 -1.047767390200827 65.16043179369433 135.4769756514351 0 23.04658441226294 95.33473047748025 0 -53.49420437362434 -69.29020354669663 -52.98472465673165 -92.82274008493253 -14.22999988428825 89.32938697210236 40.49548575304351 0 14.87687247904889 -31.77205545318152 -127.7550453292874 -9.236151929447239 32.49350081157235 -106.874409767822 -80.91682158281567 0 6.750568367060431 5.865889420130266 -90.42545315244425 -60.20482396173163 -97.08532247291177 -173.0407727085601 -30.50408491808952 0 45.81316151903652 5.740842652543932 -119.9402313732242 -118.1001934523215 0 28.07458001749083 72.56099802995348 0 -25.46811506193113 -77.97648296109438 -222.5418824653134 44.86965082234187 -66.40007356911421 -77.16349990993865 39.91200711809043 0 -1.615355936528289 -9.900563249456223 -58.56495034396553 -38.68043234040373 84.61558447595939 -72.69350392319512 65.9702417530382 0 -65.04003568222652 -61.33876099281483 23.14123357816322 23.63187098140047 -9.284315171642717 -23.19629181640745 -31.84824482880146 0 -88.01722603810617 132.6415492295455 -131.1998050573736 0 0 10.12123618089828 -38.62392424763156 0 19.59768399534956 -114.5034827322842 -43.88073259063152 -133.4031486775935 -30.89309321695143 -251.3674218554428 53.61418584846827 0 38.70534490543427 -48.93422735094082 0 -29.72244958903514 -28.28551864637804 -30.7814601035492 -252.2948778460928 0 0 -78.19281881287998 -253.1545970898361 0 -130.1028567010492 41.33304313762029 0 0 0 -37.75104422519946 -30.90084987803332 -75.81039440836255 0 -127.3608578308638 0 0 -27.23263617048548 -146.8142879534725 0 0 9.542146045110989 0 67.14208579768984 0 -10.18054436043917 -5.19920117115633 -44.2376919146834 0 0 0 0 0 -24.38568755613114 0 0 59.12433514928053 0 107.5724966906467 0 0 0 1.657145180691513 0 0 0 0 0 0 0 0 107.3517676218097 0 40.22449616841735 0 0 0 0 0 0 0 0 0 0 0 0 63.51716425119778 0 0 0 0 0 0 0 0 0 0 0 0 0 0 12.14345097438996, 5.314034684009357 25.3779974104923 38.22660438149016 18.48593901899472 2.714472343721724 11.03164002901384 12.16583133422229 0 7.403769544660683 21.06730919904031 28.39601335789748 39.58118720678074 8.694530374222193 49.10331912564071 90.72009163886895 0 26.15489429824563 149.3402772332658 137.6503353949896 16.25754216516671 104.6597629176562 186.4140914473672 0.8438749141769257 0 54.69867636875649 30.79828180508759 108.7412162454236 119.6892964258593 0 98.50188782164656 201.4199609487909 0 -30.23656543863626 22.78153627513746 32.71957258794873 36.41737691705349 -16.46002497891383 31.88638972294038 119.8032166019863 0 46.34279303405198 124.6555861608118 -54.37853197263475 42.13481043531599 69.2576210899188 31.04725194847757 6.858877187129501 0 30.90438808872747 86.6970519068701 88.55592057176409 8.738446402481244 -81.1204360110392 -87.65651697640762 129.8215227673816 0 117.4868685496853 88.90794251887719 -123.9305666471195 -70.32845775853421 0 142.3739088312371 137.7178297773323 0 -11.08544083276952 -11.75171002335458 -206.2736801161212 95.68683351446543 0.4478229791453572 3.546978803773314 102.0674807448626 0 20.38235053469812 -3.989404547577919 16.7450025431163 -48.12242862484818 103.9771783399111 -62.0954502920454 118.1360220086976 0 -104.2154693373972 -56.99721335451243 50.32958585642839 103.3088016745697 7.711717615450821 7.471023868709587 -45.14659388099741 0 -101.7764294065124 206.4327863528403 -108.463457821386 0 0 38.32751574179418 -2.166034869866785 0 42.18592629033396 -173.6609198189492 -9.787997687051964 -207.2568282827132 -23.53306020970494 -236.673279824574 2.988828378575228 0 44.85808418373817 -24.18246098808742 0 -60.76467472525785 -49.58609131840318 -5.687270274028947 -320.5986535781855 0 0 -127.1666276785376 -378.5461276864668 0 -114.5697398904475 -53.03138724523312 0 0 0 -80.75036971330637 -96.86061741051228 -98.35384419210379 0 -151.6292088723537 0 0 -51.36715981891059 -226.537651158132 0 0 -31.62163878219027 0 23.34762165604019 0 -28.51640997130102 -38.23929555298045 -66.95027137339794 0 0 0 0 0 -43.43564808502642 0 0 21.29268715128469 0 55.08985410181372 0 0 0 -6.228074198839899 0 0 0 0 0 0 0 0 23.27425023054381 0 22.08898365958861 0 0 0 0 0 0 0 0 0 0 0 0 0.03543319826752178 0 0 0 0 0 0 0 0 0 0 0 0 0 0 -3.81286811738252


GFLOW: 0.72 0.04185132882136473 0.04117515752854972 0.05369319642551236 0.0529582564626556 2.99104386779147 2.991163438901297 2.968407372724772 2.968871047857875 0.01718565377026101 0.03294665747005765 -0.008459262633277729 0.006584061317703113
q-corrs 655.9252455858102 2619.009994499912 3447.014780116057 1487.917951618851 691.0161236419602 1651.343525908598 912.1773420850686 0 28.6991150593737 -187.5238188583206 -331.5696533987482 -396.9274406007267 -125.4850222973539 -445.0500095741335 -861.1218098511572 0 -104.2659709651983 -751.7417429371787 -543.1248160764334 -304.628637193674 -314.1409992910405 -573.2096250768636 -201.419043162944 0 -193.3247975148223 -216.2962753776508 -446.4597136840457 -168.7240953192668 0 -214.1754314655499 -222.0977052428904 0 -27.87294772680961 -84.04370189044444 33.90056519352122 -72.22336111954215 58.89927929763592 -7.098494916629804 54.31095607697849 0 15.53527212236975 181.9915600516098 24.63682681676534 111.5195668787055 17.06055095448597 184.416229736242 45.86913259057294 0 72.94708534014774 108.5249761921453 421.429029127391 124.3046401837518 10.17187009351244 131.6068417927534 287.7421154610502 0 68.88405671244757 216.9731395863146 63.02716086219701 202.5938037451425 0 106.0193494887337 33.96124116236689 0 27.76195566776881 143.492152967199 201.0933570799262 14.2307548280383 128.074466049582 77.71737473107258 88.43176024634005 0 8.704467761867894 12.7455216147548 12.92913555597574 -23.6998569321462 8.203035854813495 83.04503386908843 -40.05573577731974 0 6.25034038019078 13.60520919863578 -0.7652055351079863 -6.087693979342177 -27.46295110137233 -41.6223854298986 -86.35237469316647 0 5.35803300065453 -3.479962350437091 -77.30218714288549 0 0 -30.49821159908612 100.2857048140475 0 -20.88760490288177 -120.7097322746031 -43.10568584682382 -118.452626393937 -20.75464465385637 -16.70009330728989 58.94596967432885 0 20.96963152410475 -47.93830918033406 0 111.6539419070559 -77.47796077731675 57.33987917183319 -284.0198847710468 0 0 -23.99728058537212 -11.37757049815491 0 3.712709114071309 75.22058969196587 0 0 0 -229.3992553210044 132.4479678389338 -90.10142357490864 0 -139.2826874654731 0 0 -4.674320750516247 85.37519861649436 0 0 23.48916937295947 0 -156.9748397586544 0 -99.9890086418925 38.88344512025826 -46.51793663015316 0 0 0 0 0 29.89395698996913 0 0 -11.81345974032863 0 -84.77630005073718 0 0 0 4.768263101765132 0 0 0 0 0 0 0 0 32.93382614498874 0 2.435463709186891 0 0 0 0 0 0 0 0 0 0 0 0 44.92798689881849 0 0 0 0 0 0 0 0 0 0 0 0 0 0 12.49778398022026, 435.7742305004512 1725.079787838096 2242.135955483747 950.1579408834843 423.1092809463319 955.0077378721696 471.7386673937472 0 -43.81356882147851 -271.0066578279876 -347.7775314509617 -374.2657646221121 -108.2990092301577 -379.2078515464503 -711.8412314441779 0 -93.00050534985553 -612.9117375842669 -438.8729026311207 -223.9085222463125 -241.8852689318809 -436.3596661905905 -132.9274127887869 0 -135.3525419111639 -146.0915800056204 -312.356389206393 -138.5209413227794 0 -97.52454971926166 -164.2511915047675 0 0.5693854807790899 -12.17896427635011 98.64136312791669 1.564358382791712 81.41039891692738 -25.94915294207444 71.76228756577237 0 7.866887912152691 212.0066062295121 89.59206584818124 110.1973488555707 6.34231094530795 215.4684368044943 49.32220484714608 0 71.95616108826043 83.70346257426094 410.6162957493419 129.9728044225991 21.04673871754319 125.0242527077143 224.4430420517214 0 60.24330405498688 174.5650702526927 33.09946600527756 139.1570881141254 0 82.59741731162163 -9.520873675738919 0 26.98639670485737 116.0396338934065 148.4448269509794 -19.24245927867064 97.22691173384965 21.08145022356645 61.91820119178994 0 -0.9628591085544382 1.695083779638541 -72.99803836306585 -32.641658821643 6.406189046748313 18.56327839727942 -49.25927892400677 0 -12.0020618832699 -45.69327046693564 -18.03978886933843 -31.14118898510487 -44.86555602463027 -18.59113966241334 -55.61901089586244 0 -0.8127778619130979 -32.50669478964188 -107.6123936327179 0 0 -34.65076216192399 79.13720108169979 0 -30.39845053179233 -96.10967135932104 -26.04620714237848 -74.79170060728171 -6.962467375896241 -1.668774798092272 60.73429414682224 0 21.07211094361265 -56.90944384537242 0 96.96804281357193 -58.05657168019663 47.35336692350181 -222.3557851231483 0 0 10.13606883447537 35.78142224020765 0 3.071038663213693 78.40670701150817 0 0 0 -166.3328234369744 114.4775253916692 -58.82527417228135 0 -110.9485354518324 0 0 5.944079770959165 92.3206643077614 0 0 24.49813581164903 0 -92.03224163267532 0 -71.86265240959851 32.96266626076174 -22.32335735488707 0 0 0 0 0 26.05731028757002 0 0 10.89615143649525 0 -28.43348941412033 0 0 0 8.429134066321133 0 0 0 0 0 0 0 0 62.79852235907297 0 14.3743596465519 0 0 0 0 0 0 0 0 0 0 0 0 57.84195350035879 0 0 0 0 0 0 0 0 0 0 0 0 0 0 14.2941768497676, 116.2563633839324 431.0792429316684 505.0815946496505 179.3792896671665 49.67364588980657 1.267884851755779 -116.4602725469782 0 -121.4162672055183 -323.4122097847264 -295.5398492227791 -279.8075870664181 -72.5610913144003 -233.0809503732733 -416.7559625437808 0 -59.79748648627682 -339.1168996479794 -234.2030997220233 -83.18990551530797 -111.0111359940201 -202.4617399835819 -23.40129166627263 0 -45.78891858198089 -22.46564964567189 -85.90603854165839 -88.6964814855217 0 65.41637664845135 -93.15819063966033 0 45.60021675692303 84.07551027018734 178.5948521961389 96.18005943703102 104.2701872879408 -66.9400915995307 58.02021518884915 0 -30.26615898639688 183.0405699232834 178.2125865087865 94.78820044432058 -33.49648718542572 215.1158402080991 14.140740698768 0 61.36192653226522 9.780311049096905 315.7913814109099 95.04692011968652 25.38851235727858 57.5811599397698 28.89161740690425 0 40.29840225871116 48.68703904017853 -46.10553424032956 -32.07575285028476 0 31.78751588982873 -113.971716225967 0 19.34432005056416 33.21524239088053 7.30970306396609 -78.05305191968087 16.12134871583885 -102.2275859484691 8.414421796265998 0 -34.26674216599052 -25.89099007012194 -226.4277885985205 -38.42701977745197 8.631722647709601 -126.9203666517883 -34.21080318911149 0 -47.68530078539629 -142.4140756145254 -49.80084401750179 -55.31693040553353 -64.24790035231035 31.10133175369318 10.9529288131555 0 -22.79309864514429 -38.65297872143822 -139.7332087843077 0 0 -19.64937503923631 51.55946642183697 0 -41.28059166352541 -73.67922433822885 25.42524472773221 16.38391734819677 23.55313992335322 27.68999295565013 86.06397048351319 0 43.92536366082778 -62.93464843000296 0 79.40888041185926 -33.18829957819788 40.92859966031207 -145.5507972063389 0 0 75.71652561492057 125.7269203706075 0 -1.074305909567361 112.7462312399983 0 0 0 -78.26897109431087 97.93961858600913 -28.9275588111233 0 -70.44394778692359 0 0 25.55739814539695 95.25692496326769 0 0 35.17435450045134 0 -4.706098209816417 0 -30.71833964780836 28.15459375360887 -6.860852211324385 0 0 0 0 0 15.40319328593853 0 0 40.62089677765857 0 42.72582723754044 0 0 0 6.191055084283613 0 0 0 0 0 0 0 0 98.36050896393246 0 26.75407750148202 0 0 0 0 0 0 0 0 0 0 0 0 70.66693953117324 0 0 0 0 0 0 0 0 0 0 0 0 0 0 15.56354682748287, -4.880567573137036 -49.56291915256055 -122.4202355935368 -88.76972298343514 -63.82360062396192 -256.6225705585161 -247.5057739228517 0 -107.1422154437571 -238.7384652437838 -164.5017547858697 -155.5168467866749 -45.90021651700447 -117.3739085091153 -218.2855637149577 0 -19.81338330130402 -144.5722490594632 -95.96158303596478 -29.82344524076099 -39.86572011504907 -94.79182482444406 1.534846966497383 0 -25.82844851416011 19.04553118478285 -3.947308615509698 -45.15507640796747 0 55.77028709234335 -80.04737088955909 0 37.35526463305704 48.73620959570334 129.4974163477764 62.53529089237764 74.81822139603489 -55.04251278819272 -0.2259645966672394 0 -56.17317606309192 47.7053472095471 132.4003214117502 56.61510447865035 -65.35769859778382 112.8341880735807 -41.28367654284746 0 38.90857277881454 -43.79294073197224 156.4862668544012 21.958190691064 8.387440869387863 -20.63748237965182 -125.5857002094499 0 29.88988777708265 -51.77587629179706 -86.04489902034649 -133.0106507356633 0 2.909509674778295 -143.8899535303103 0 7.33870307357253 -18.98531163289384 -59.70906424598695 -76.16590458866064 -34.38357176065036 -125.6785536597955 -17.50115139102759 0 -58.99273591861635 -36.59426521615411 -209.5161166948222 -8.698149417472127 12.82564533948862 -169.0695141202601 19.09060377634778 0 -48.49289686252197 -120.1834790349471 -47.17175666987947 -27.62822567478191 -33.13007610451425 53.27343196221702 54.34252133199376 0 -35.43053474819767 29.14003320939395 -85.39414218909938 0 0 18.37827904436976 38.87215371053466 0 -23.96044163624544 -68.23077676783032 74.3847202557585 76.52726033491651 40.24524552059515 44.17831045626573 108.5015054432118 0 68.6439172876126 -34.82471283314166 0 70.15903572041296 -26.78855094382187 42.78208258698729 -118.3909738961222 0 0 104.2030164151598 168.6179670909342 0 -2.685830728470222 147.3228859458877 0 0 0 -54.19744372075768 98.13060549565122 -34.48520890760437 0 -50.2489972745832 0 0 33.7763270053964 82.89829617630625 0 0 47.75013493909181 0 4.350358583550786 0 -18.06673490792074 31.3365893580081 -22.99966648613557 0 0 0 0 0 6.977471348874868 0 0 36.50639421051057 0 38.01753731041931 0 0 0 -3.132242429162758 0 0 0 0 0 0 0 0 82.18072627156734 0 19.68630564285222 0 0 0 0 0 0 0 0 0 0 0 0 56.56968630558838 0 0 0 0 0 0 0 0 0 0 0 0 0 0 12.19907588450176, -16.34163370191087 -82.69803708231318 -141.9480987715185 -81.88250353017848 -47.70852742615317 -170.4308560916944 -150.8592818037398 0 -56.58851576200931 -112.8772212805718 -57.39639563124221 -59.91693316524264 -21.58105738811783 -55.04481875041952 -109.6628596073367 0 9.425059081559402 -31.35465718465802 -37.41179213722522 -45.192412952438 -28.31427143926772 -84.40183245951384 -22.56256324157644 0 -47.18373025708974 -23.81621211824235 -49.78956487833599 6.628667764990364 0 -69.36444291331647 -79.05254558508427 0 -22.37866433976393 -84.70241864378086 -21.06744223403979 -71.75723596618596 8.110211695928896 23.15287498301376 -54.16230020219194 0 -38.03343028369014 -99.96228933991817 -37.23736793953817 3.034900876749887 -56.40944038313145 -47.10797751764487 -79.69408701268507 0 15.85497252453331 -48.2004807881939 21.19391442661852 -32.12790751440542 -26.39386859851692 -66.29614201682959 -130.6804078612263 0 17.22386062069848 -47.47232749246857 -64.59068281397194 -98.62004881778472 0 -1.822288511200256 -80.12178896168427 0 -0.9308517412760848 -10.73590804732192 -10.48650476612845 -25.44310430603444 -16.96950894469834 -52.7661909507787 4.218473136916607 0 -48.70455398320149 -21.07289099914385 -64.78287382002316 33.74514155436975 18.50447811574715 -50.23273134087653 50.89122103651471 0 -19.43495208570326 -10.78643228991949 -15.93025274994557 12.48933874072906 10.03112938250487 27.25040826809493 74.18837570646249 0 -12.76228043225388 79.10643706767976 10.22052904991528 0 0 32.88942472891769 15.4832980062083 0 7.465544238684744 -19.98806100514423 64.14022590328082 80.13218533976907 24.69958551530851 26.77868408477428 84.42911952284462 0 52.73865820097676 4.16711824341801 0 40.28687746173394 -9.935318564564117 21.82567666803162 -54.65803942893722 0 0 69.4221396348171 120.8466396512405 0 -8.102593859886923 119.7953801986262 0 0 0 -18.24724892875669 67.47779524230776 -18.9570839581916 0 -24.71163040385648 0 0 23.53591672191834 47.13576883052969 0 0 41.80372006817778 0 23.95062392915377 0 -3.712307282370048 25.90352305973992 -12.92472753194277 0 0 0 0 0 2.846433016089556 0 0 36.32707335841545 0 48.21768830873739 0 0 0 -1.579656413645449 0 0 0 0 0 0 0 0 77.16154745529259 0 19.63716114925265 0 0 0 0 0 0 0 0 0 0 0 0 52.27110506701273 0 0 0 0 0 0 0 0 0 0 0 0 0 0 11.41697772785169, -6.892264671674162 -35.91675434387358 -61.88630864518785 -35.01833844995514 -23.20810876112964 -74.17801099268816 -57.29675845770745 0 -16.45986763230642 -22.86294233359104 -6.961563180240383 -3.997642268736087 2.024219665273915 -7.724099018774602 -8.510670244163904 0 22.99001634690951 65.23730229271912 16.91787309403683 -33.78302808001656 -6.42919901866879 -31.60194511747838 -9.655426306103546 0 -30.40744594015634 -39.77024227978815 -36.25808971456924 70.7961824840319 0 -90.27517482324146 -24.16535865333076 0 -57.95128304109279 -134.0112958760686 -98.58524707096758 -141.9068181068503 -23.25833223111253 86.07005276049789 -40.66012615113694 0 -8.362657092614469 -131.4603566702904 -146.5890674656201 -25.10199023987326 -19.0709768395465 -141.5009040931473 -98.39231713680414 0 3.662156541628118 -34.35189927111952 -59.01479688722259 -56.214319669133 -66.82478446494983 -123.8639353377897 -92.55608254618105 0 -0.9894922320354809 -16.80837766534331 -67.72129107814632 -84.82232349950689 0 -14.8699064689859 -27.40671961390426 0 -8.955405834268714 -40.3393938029608 -56.38463660810775 7.432178936974143 -23.77639559560922 -45.95863121224512 17.5834488365274 0 -26.39925465079524 -15.08157326258948 -35.04912989586906 14.37769549952409 34.1006350825093 -6.481430526824795 42.94919595723523 0 -21.61358555991366 -3.507155115035587 3.498135655970692 9.842106800663931 7.180552237232408 -4.927161657862008 44.00481867071268 0 -23.2178362276543 79.3043516120197 -21.6539277938786 0 0 17.11644400212874 -20.50833772479247 0 13.15300132424176 -18.41698902671428 9.104362431179435 12.47151925515492 -2.177165385522447 -75.25691914734438 60.20822786832914 0 33.35011407289927 -12.11153636921705 0 2.064932216699106 -2.979399915098551 -11.87520276848032 -76.23296702825334 0 0 9.963431879847155 -16.65312699742921 0 -53.52465279573487 78.79116578205016 0 0 0 5.133564385090585 17.97999529884298 -22.78159027212838 0 -43.07450861027011 0 0 4.446512865222742 -25.9127623056827 0 0 27.79855298870715 0 63.68972220667379 0 6.426645602264706 12.03572992145811 -11.05683273515132 0 0 0 0 0 -6.647425100910955 0 0 54.62818285547846 0 91.66995628549839 0 0 0 2.598926477230487 0 0 0 0 0 0 0 0 106.1097638532598 0 32.63718894516207 0 0 0 0 0 0 0 0 0 0 0 0 68.04388620612391 0 0 0 0 0 0 0 0 0 0 0 0 0 0 14.34164367329134, 2.004329412486072 4.281021835882299 -1.269817730820535 -4.856905075472881 -9.906609751126579 -32.65607289586316 -26.4474492853507 0 -6.525154966092337 -9.359673900062688 0.5545232264047542 8.35549333595722 4.358585434651641 14.34100679327185 33.11374168423538 0 23.10439650496139 102.7234035389297 66.25112866243266 -5.168296305438659 36.74093858225874 62.02240577797142 9.646512776595898 0 14.22665307262054 -2.771022158985975 50.69635333359501 107.0718783181123 0 11.2818293698398 78.20462050092013 0 -43.10728746093974 -53.16800142479963 -44.43571180374661 -69.87732671665171 -8.686125054333377 79.06058235426241 43.17049045292958 0 14.7690943857119 -22.89067582144708 -108.2472093422738 -3.094139871895337 28.08706107323344 -87.01395360506442 -61.26959952997805 0 6.255947181352632 13.67919341187593 -50.36020975948459 -44.76299309609659 -77.73080313846694 -136.5275015829347 -25.18708620439982 0 26.22274810344725 8.151068391754436 -95.9062238529802 -99.79523353442613 0 9.704948075867449 31.37274658059911 0 -14.71862617212483 -71.50821209701519 -170.0264552391992 34.01964622893426 -50.16603016828273 -59.87619856908475 22.4752593367979 0 -5.939440791146247 -19.67387725714272 -60.85713491863115 -36.31219555117253 55.58118679492154 -64.79900576029951 48.63364413629505 0 -54.7955574217827 -63.18960926275046 17.07829260715793 14.51881096236936 -5.931815299832246 -11.78567526889308 -20.48486411937122 0 -68.66520071436292 94.7983411524874 -107.1766961213866 0 0 11.42989590340791 -31.04336076600815 0 10.80027747327519 -87.75959390733129 -20.36822255831701 -84.17541868802806 -16.98384135487678 -174.9938605294144 45.68047817130584 0 34.61954174477648 -40.15308596281103 0 -21.58492421791117 -21.34406679758798 -20.04061521558226 -185.7781263076269 0 0 -42.77464378277207 -163.5843751759973 0 -93.37573904146552 40.82713314597998 0 0 0 -26.77305316762205 -20.29499572663874 -58.02824292972311 0 -92.04292293305835 0 0 -15.67282123232307 -101.1906433594307 0 0 10.07240542153487 0 53.05614709668605 0 -5.844484015540644 -3.314668379058332 -36.18780885924939 0 0 0 0 0 -18.69153733384067 0 0 49.37412589977134 0 85.641100646178 0 0 0 -0.5491850589410576 0 0 0 0 0 0 0 0 91.54538416589452 0 31.84926451451506 0 0 0 0 0 0 0 0 0 0 0 0 54.98493564562568 0 0 0 0 0 0 0 0 0 0 0 0 0 0 10.6378710423762, 4.66356474605368 20.59505428062604 29.32890334748242 13.54997472710415 3.191328508707979 10.41159263642542 9.093834825963654 0 5.045375784284893 14.28397302756295 25.29355723276848 30.17033157646787 3.967500272330918 34.22367080017139 59.49254681417142 0 21.48375196958969 108.4170311568332 100.8052455460867 10.49558636687538 73.1261657118994 130.2912962060378 0.3882952205681178 0 38.73655245126832 25.60926280057149 91.13020646653587 96.2580911907871 0 75.86434387269399 146.9522502295269 0 -23.73575536689415 19.5638420308434 20.48595613679447 19.00101110502223 -1.294085660075961 39.9009566424705 105.9743946161773 0 30.80897136162893 85.48681315066069 -53.58390702815655 37.6857614523514 58.54654710053364 8.278433117510609 -6.115193624380957 0 22.70768940751734 81.95533702156305 74.87085781552312 2.691888159883568 -71.65960624295235 -85.20936126230012 98.75806153928978 0 83.60164783447729 76.14721034997295 -103.5825702856597 -61.67901631271049 0 98.38389987012611 97.64766997544582 0 -5.193280477571144 -23.0071466831862 -153.9673977536569 78.92587892074494 -0.2569765899135064 11.2833934738613 75.83951931872556 0 14.79135516853025 -16.74084719807573 7.524323959382301 -40.61817555056103 71.35594884060849 -34.56680875685421 91.54985514414865 0 -81.76120182282509 -46.5817800332472 41.26089916627951 78.95833760778001 12.15959656090168 -0.2453067509657565 -35.77859030852565 0 -75.62656505845197 150.3446792316852 -84.25866303670303 0 0 34.03359751354085 -6.949109399075773 0 29.76023416148203 -128.0901119457808 -1.638869559741209 -144.5983304718388 -18.18027784868189 -179.5085561992441 6.474240219059713 0 37.14827555255108 -20.62134724265323 0 -48.23277971198307 -37.64534235328609 -5.927594936659606 -243.9898031667319 0 0 -85.36433993036394 -272.2530407267507 0 -89.38655655577494 -29.46136710134314 0 0 0 -67.55921958209832 -71.99569842687679 -86.77717271044028 0 -116.5998848045141 0 0 -34.40351502837854 -171.1171719033977 0 0 -19.66277822797895 0 5.816238511226793 0 -25.20901371199702 -27.37742014113473 -67.4188942955625 0 0 0 0 0 -34.72568303077965 0 0 17.23301045014795 0 30.9077171946422 0 0 0 -10.30646726117485 0 0 0 0 0 0 0 0 25.44174729062645 0 14.62416397960527 0 0 0 0 0 0 0 0 0 0 0 0 8.303808790653928 0 0 0 0 0 0 0 0 0 0 0 0 0 0 -0.5099230556014431

Number of steps = 10
Time to complete flow = 1.423579e+01 seconds


ask_starting_lattice(0): EOF on input.
RUNNING COMPLETED
Time = 1.435698e+01 seconds
exit: Thu Oct  2 13:23:26 2025

