hwloc/linux: Ignoring PCI device with non-16bit domain.
Pass --enable-32bits-pci-domain to configure to support such devices
(warning: it would break the library ABI, don't enable unless really needed).
com_qmp: set thread-safety level to 0
Wilson/Symanzik/Zeuthen Flow application
MIMD version 7
Machine = QMP (portable), with 8 nodes
Host(0) = Precision-5820-Tower
Username = luisneubauer
start: Thu Oct  2 13:07:12 2025

Options selected...
Generic double precision
C_GLOBAL_INLINE
type 0 for no prompts, 1 for prompts, or 2 for proofreading
nx 16
ny 16
nz 16
nt 16
LAYOUT = Hypercubes, options = hyper_prime,
QMP with automatic hyper_prime layout
ON EACH NODE (RANK) 8 x 8 x 8 x 16
Mallocing 10.5 MBytes per node for lattice
Made lattice
Made nn gathers
Integrator = INTEGRATOR_RKMK3
Finished setup


reload_serial gauge_configs/pg_00013.lat
zeuthen
set staple to zeuthen
exp_order 8
stepsize 0.072
stoptime 0.72
forget 
Restored binary gauge configuration serially from file gauge_configs/pg_00013.lat
Time stamp Thu Oct  2 10:44:55 2025
Checksums ef34a655 a1c21e3 OK
Time to reload gauge configuration = 6.190705e-02
CHECK PLAQ: 1.9674702333949419e+00 1.9676791648258078e+00
CHECK NERSC LINKTR: -2.0371173310527332e-04 CKSUM: 3d3d2e91
Reunitarized for double precision. Max deviation 7.58e-08 changed to 5.55e-16
Time to check unitarity = 5.017996e-03
#LABEL time Clover_t Clover_s iClover_t iClover_s Plaq_t Plaq_s Rect_t Rect_s charge icharge

GFLOW: 0 0.8797607788786397 0.881237869365316 1.968849482581463 1.9729831257886 1.967679164805354 1.967470233720259 1.401941094557637 1.400332951717742 1.595229540572786 2.549431725214153 1.896682215862141 3.053755359195787
q-corrs 447947.6722469012 75085.28561420851 -74582.41952792722 1777.985913160589 -10616.76274339077 14903.93856481074 19751.27618071387 0 -3417.64933210382 -296.520639239317 -14113.11008519074 -13705.25682346789 -10249.39542421947 -3696.905129640221 -11384.98243229265 0 -3177.606797436731 9618.633380371997 4657.209815995713 -3096.804778055616 12456.34398386806 -10682.71523453977 4282.499428202327 0 -8878.307430544872 5178.055258334398 13992.14926064234 27198.64891591696 0 16171.01482205155 32949.25095647237 0 126.4840356502136 -9471.038909380244 -5335.821104571462 2627.105098067957 -13151.55959283991 -9449.850910929348 -10802.41543805508 0 -13216.93886328812 5390.415707289169 -17548.80686071108 -6598.412613336453 -15239.82449384544 12180.60630139245 -10873.88580322936 0 7980.781234313163 5015.478299702026 29566.69180534339 -28562.25648061491 14915.63204337054 -6213.861558994463 3830.082245217056 0 -6269.858991368113 -9999.190370874043 1308.846850191348 7220.996209349612 0 -6887.079895022497 -19622.90388357394 0 5768.083536071897 31226.53402320971 -5873.269579448709 -3744.396890397973 -4369.538601386304 -8966.1098317381 6231.956343739665 0 3648.009523997044 -20873.48398740244 -6351.27050955645 24843.64116382444 8022.438376533864 21231.87381546146 7646.605083307541 0 -14465.01303146497 -30392.61674788345 -14531.67881333328 -21279.6297302218 14596.42062926322 7868.810530351273 3719.767480966267 0 -16245.29642538043 23103.78263785449 -21212.32666915783 0 0 -9365.93028342411 -15223.23960989265 0 4197.521693513352 -883.5127489098487 432.6854320469554 -8383.224630976092 707.3503035246358 8332.832549645393 8297.367541183597 0 -3281.022230375562 1243.277156544157 0 17423.56548802321 -14675.17888558188 1190.587691176184 -8026.82098272432 0 0 3501.801519344005 2030.152145937097 0 -19900.95335341777 -3810.599159960766 0 0 0 -2012.297029886729 36233.35621530415 -3944.518484640647 0 -7364.098208435349 0 0 865.8144892597102 7868.95871995866 0 0 8779.2131699897 0 7900.924378792645 0 -3358.004002154702 -2671.099273251216 5052.054191258445 0 0 0 0 0 -6246.958335387685 0 0 -1311.808437211685 0 12118.02422064383 0 0 0 7037.577580881557 0 0 0 0 0 0 0 0 -5170.722202617035 0 5273.862027317704 0 0 0 0 0 0 0 0 0 0 0 0 4318.953712499913 0 0 0 0 0 0 0 0 0 0 0 0 0 0 1502.380294969337, 13649.67264424919 -26654.75874032481 -18956.71912442032 3220.680972216232 887.5627106223936 -5085.371303413569 -3779.621863891701 0 7480.301242231872 10024.61878621727 500.1491133544336 -1854.944804209149 2428.944862453102 9440.592161167298 4536.523318059581 0 -6998.368869371569 1863.039577399679 -10060.74067343755 -15716.96142521984 -3084.5194413512 -15598.62482579633 9501.262829154628 0 7252.693614832473 2216.0838882765 -2934.494578606984 9295.62532128601 0 11675.03856984345 3445.238942910093 0 -2582.853983071723 -12094.99118818116 -14638.53268446999 4722.69027257203 -3571.407936811192 1260.63448179916 -13906.90361623465 0 -14114.18319891548 4219.678383850292 13453.62650588543 -9837.075238657295 13278.96246592222 -9761.790639679086 8112.906308032083 0 2436.573843945002 7158.691978741818 -10429.52537260239 -9602.886412848558 -7949.384345671053 5915.073850690983 -15998.89253016994 0 -3986.891157247888 -1163.022096124837 2517.492829628232 -2313.938757875741 0 8693.426314570093 8403.809105738848 0 229.5074348828243 10890.9179808825 15562.16882090441 16732.62623399519 -359.8554311500138 -8051.372956930438 -791.8036502447167 0 17672.9283196153 -3895.482575777753 -1.998435998389141 -13792.47111277814 -6470.155793682544 15713.62227158708 17532.34225106523 0 -839.9008824673451 26728.91635862074 2681.293437040562 -6290.210509307347 -11324.34225657781 2806.925159004238 -9587.491470269893 0 4061.751816223541 24334.06480460173 1985.914470715461 0 0 2104.855707977746 6177.656825593241 0 3324.747889572991 325.6806544120177 -6766.115550720608 14355.49666934012 -3346.364533816117 11828.7542098018 -17291.653674674 0 4356.382652299747 -1249.143928504684 0 4449.567088146415 8.55371412821728 1498.942699794468 349.7365639176705 0 0 -2079.529485861035 -9204.176092886117 0 -166.2736115265143 -2014.485359321351 0 0 0 640.7889773320348 3996.851655195419 5127.271641425407 0 8007.927539173721 0 0 1505.313030715371 -7194.815353387758 0 0 -3796.052773353992 0 17249.80898548444 0 -2004.745490562066 4449.440008185878 -10676.25529401272 0 0 0 0 0 10559.87732863191 0 0 -284.262766133332 0 -2898.131474287967 0 0 0 1558.748270942841 0 0 0 0 0 0 0 0 -5465.143364973976 0 906.2383071596294 0 0 0 0 0 0 0 0 0 0 0 0 3833.225782406608 0 0 0 0 0 0 0 0 0 0 0 0 0 0 -410.9722580675007, 226.9084247651601 1568.366413351386 3429.04569373075 5824.472381484993 4784.83242422106 -2264.453384948305 4608.353924642286 0 -6227.380966501101 -7107.746988152117 -7681.975846882094 -7418.96474479553 -5064.489261939359 -608.8788352002489 -18345.76622321374 0 -1277.895662793366 2164.675204534751 -7059.842638683873 -16264.77577165638 -444.9716808717367 -16441.55953807988 -6525.630529348545 0 12698.06216905858 4676.797865568657 -11622.93480655316 -2954.598131981501 0 1409.80805822254 -9807.096860904845 0 1305.548708897334 -10981.08549671347 2388.630055319353 10208.74314382202 8380.041936953879 1156.587167696508 -4614.602254825972 0 -1010.858782984546 37385.68872324821 2172.814542381439 13435.02118692857 -1577.932162419188 -9560.867839286067 29585.54892881884 0 3443.255777888591 9074.054185307908 -8851.061682853695 -45835.56006595827 11619.35849145872 19181.24128116143 15776.75937179631 0 1202.182319810864 7301.4466106973 -15260.8844517619 25394.87855494158 0 1239.320918675573 24427.90499503054 0 5026.154445697964 27498.06801971004 -1111.153675019568 549.2805729661222 -6872.269094763094 -459.4697976768784 1219.664579428394 0 -1258.152541790009 2097.108357597269 -6915.311023865062 -8702.473765514982 -1203.609990980226 19115.64246013185 13324.92596326953 0 -7531.949570766705 -1052.361058914712 -768.9240113362803 -4572.772206698134 7264.999562574264 -3990.931794877448 -11983.29736646178 0 9511.551207890152 -29970.5207299403 -18966.69647416031 0 0 10977.4944043174 -22646.59327226464 0 3234.554183182289 -7190.076321740919 7091.863990519891 -16070.82105259959 7.487974931986173 -21032.45073242239 10966.34737089231 0 231.2668457118493 -731.1890785486644 0 10677.36910189358 -487.4743889246474 5226.215499089049 -3156.379436640345 0 0 -967.5569425319434 -430.5634544551499 0 -497.0677830009772 5488.372381518805 0 0 0 -2432.619076717842 -1728.591197851705 5723.764982345219 0 1143.272397010873 0 0 4010.220625813432 -5984.860436878304 0 0 -2445.303735563829 0 3440.278400025714 0 6249.308015998131 9189.411225342108 11253.82241287145 0 0 0 0 0 6081.463121856365 0 0 3321.401740586767 0 -554.4622231477542 0 0 0 -1579.623485505457 0 0 0 0 0 0 0 0 -7078.728463728633 0 3458.149795848128 0 0 0 0 0 0 0 0 0 0 0 0 -5464.438606640892 0 0 0 0 0 0 0 0 0 0 0 0 0 0 -68.05288438794003, 1865.869766760921 -802.9951040035842 -1526.032188861778 -2485.098220273306 -1814.653438567064 312.9519528040819 7990.623179205773 0 1762.702105170835 -5228.220998948572 7082.206508704992 10942.60449754292 -6638.567141972173 3860.329814539022 -1453.110141004318 0 -223.9004276540702 2545.469135713518 177.7355150592966 -123.8200940912759 11829.79506179504 2747.602562532447 9058.623819132321 0 -9674.308899232266 -5325.980483429177 10402.08225088844 7439.562421447158 0 -4783.409456589225 18230.40192657438 0 3141.621750795036 6496.544892336482 -11052.58458230045 10945.69755015474 -851.1865977410444 -3890.852269060092 -11002.55787726732 0 -3611.003857237551 -6301.694259431905 -851.8446040424315 -7577.110751067647 -963.988119931355 -2626.01275113838 -1942.506748009974 0 -2999.067313575062 -558.2508626437766 2143.406244689446 -9971.905880192477 -5942.385403019532 21600.40942978259 -24923.71265095255 0 -3603.153991282576 6538.690635626075 -2281.603265136315 -12138.2826474535 0 -25969.4750585901 -28873.66813686885 0 -3122.273581151422 14947.23467280143 6476.653156769789 5444.887498258538 30765.3032630319 4582.42467254382 19022.87230160379 0 7699.185435791403 4780.921693752314 38940.41869199794 -1765.546456637824 -15521.57634429806 22020.33558824982 -5325.525247247428 0 6743.105028984464 33280.39763139191 6827.358268661805 -16318.73361011928 2355.393650317651 5585.370996543228 2606.732280007902 0 18472.37958321405 3966.506973998582 -15248.1172860792 0 0 2168.16308512278 -18868.44139465362 0 3440.371405450001 4119.338061752436 8905.62438284983 -7989.165752657091 11462.46364071702 4495.348552383477 3627.022317662708 0 5542.523337388642 13528.29392344711 0 -2220.99061502091 1604.773547136603 -4047.892490941979 -9705.24925953124 0 0 4656.34383434644 4000.069212375395 0 -8393.505344624718 26315.83965412957 0 0 0 -11426.74951079561 9576.196438785202 -619.9423521897488 0 5413.269102657619 0 0 -5083.034222792227 11271.62728809596 0 0 -2622.584368427614 0 226.2261011016321 0 -1114.334417213939 -1640.997594709417 -2339.253782850768 0 0 0 0 0 -1029.84463704265 0 0 -1905.913709880091 0 -13725.57989512689 0 0 0 3012.964421300883 0 0 0 0 0 0 0 0 -3140.212428379256 0 456.911900609699 0 0 0 0 0 0 0 0 0 0 0 0 -4915.25233748609 0 0 0 0 0 0 0 0 0 0 0 0 0 0 -4025.673892722652, -641.929973389706 -1959.890875341404 -6455.211072733479 -673.93250768797 1155.244386627955 2076.68284188319 -10871.43891451282 0 -6179.872039103805 -22060.14673678742 -11907.71485587041 3414.875994336555 2934.192921345011 -10393.65837251757 5400.531412354959 0 -11855.19579697399 9181.25004658242 -14964.14645081032 -5022.156828457557 -13831.19878777705 -11058.67423942049 3505.945624145391 0 5234.41235383778 -3926.326329450248 16155.79782906449 506.174484297143 0 -6880.727344922808 19629.06765130966 0 8942.466029127549 -1423.874229121689 11792.45924644831 2422.169832251075 -1733.54641498022 20803.82322542384 22214.45531316926 0 4883.430705504905 -8034.45597990951 409.4188276488194 -2921.260738496213 3368.749999291132 7789.57976784251 -12992.56126367573 0 -3969.430203164482 14625.75910253916 -10233.29056163236 21230.41042566021 -9638.09451814052 821.8001288666283 27715.01922119645 0 5251.645746213041 -1498.286247317883 -7976.202323532564 -14504.40859791336 0 6249.098528242786 -6476.777565355767 0 -219.9087294763619 7391.394445686748 -16045.51226293777 1776.678667197157 2471.74451538969 -4544.623052118019 15661.39009933495 0 8752.450969834441 6929.242608710339 31695.03887892545 -522.466796167673 10796.00262751111 -20378.77138691452 -4948.35855982519 0 8027.528399798626 8790.407495081716 8705.736015098613 3894.723370703703 12676.2560148544 -6582.913737451246 -2085.246877823562 0 2777.504052433496 -13419.93648184979 -780.4371422780011 0 0 -8249.963701999975 -16376.03129502555 0 -3972.889632773536 -4664.456467621553 -15810.37838945757 -22092.9031763061 -12021.56867439397 12169.79963201598 6520.087566614918 0 4316.799214468496 -8297.487496750828 0 3323.208518051923 -5777.230546721128 4596.439177442115 -18006.33508966117 0 0 -872.713846436267 -2913.470439485618 0 1953.771453834784 -6090.452333832741 0 0 0 2743.21737498749 -64.68473768161994 367.0161290311262 0 212.3061758159174 0 0 879.95010760322 1257.039223251204 0 0 207.0305164789586 0 22375.85258665571 0 -11912.90504790988 3948.439562017165 14704.41928118907 0 0 0 0 0 278.3903553038116 0 0 4590.202712953915 0 12376.69156384779 0 0 0 -899.370291508046 0 0 0 0 0 0 0 0 6365.132793918518 0 -1125.437615909473 0 0 0 0 0 0 0 0 0 0 0 0 -632.822601838001 0 0 0 0 0 0 0 0 0 0 0 0 0 0 470.622319833928, 2300.75185340101 -2860.009704800883 -1310.369973389494 2214.414441978108 -4129.507080184255 -4322.206780849594 1845.172324194011 0 6371.256241692559 -14064.69226593888 7587.902055872712 15715.40961893486 7889.166785708154 -635.1255332600085 -2827.656902847437 0 -8019.135560509058 18849.40831102867 -29213.38143786326 -6541.35306248577 837.3314333742237 19123.46431112894 3475.852974671237 0 8859.613783827415 2705.385634693967 24523.7342422028 -2783.018888266892 0 2139.832450548238 15614.22536282133 0 886.1520722881519 8308.580807995306 -11457.92644014555 9203.599016488359 -18597.90581551211 15412.93732892546 -13285.03394185738 0 -7822.682653319664 11752.65018168114 10432.07270927672 -1066.780764151198 -10624.57692146057 8800.13158562663 2634.933619639267 0 1928.00162866776 6853.330138089437 -12250.18882658044 -4906.393052763598 3908.523569915404 -26375.42064424888 1316.586442004522 0 5824.238184806361 -3705.574653554744 3897.567213557225 -29977.81180914237 0 8641.151390397185 -5565.0578671533 0 -3169.952021998906 -28876.77380101341 -3248.904739276898 16293.7512677763 20500.41346791301 -610.3385912889617 -16195.710124513 0 4868.670421065581 10486.5457364831 -858.559450955805 8214.322081479668 -3893.666656777117 5077.103513845002 -4821.526243945807 0 354.9631930147559 -31170.67954067314 1040.478494237523 18407.28115481562 2710.835652331438 -71.41501958489425 -3063.606052311619 0 8278.687387095761 -8358.61245302442 -6562.819785835364 0 0 -13505.79271686404 23204.25847599387 0 -6224.89600807179 -3774.116600685952 6452.53314062051 1489.622070066466 5551.204988724296 25652.15766584545 17749.32375106147 0 5204.415433788404 5422.609711645678 0 -9335.025448760947 4236.943819983143 3335.078316082979 1113.332427074243 0 0 9341.300917864895 -11097.05600972823 0 -2579.691218552215 -8195.851776315034 0 0 0 9808.055538321511 -8504.074733555459 -7779.396518627249 0 -14777.83697371661 0 0 -5294.075967142536 -10950.88332706803 0 0 -1875.875429372285 0 -8224.809081481071 0 -1363.068684421619 4464.592153365573 11544.65889267837 0 0 0 0 0 1861.197688194306 0 0 -6614.264958689375 0 13470.77505768458 0 0 0 2984.702198167608 0 0 0 0 0 0 0 0 -912.8344787814121 0 -3765.820997398608 0 0 0 0 0 0 0 0 0 0 0 0 -2192.194642217689 0 0 0 0 0 0 0 0 0 0 0 0 0 0 -2002.639616334746, 1350.876534054669 2078.409116641054 582.9089031852354 3866.108819293353 -763.4862244896849 -9151.705572906903 -12795.88663150362 0 -235.7564325829799 3463.866038529501 -6535.639724475964 -4364.401979205299 2958.139885002335 7052.829847206334 -9515.751946896959 0 -680.6139649848851 -7456.300583679002 -8389.900800647292 -11824.21871244702 -4385.309447013148 5737.037904711267 -574.0823075495528 0 333.0724268777121 20823.30605668233 215.3433103814441 -10403.98341914994 0 -171.4249185393728 -4693.915213611785 0 1889.031719190864 -7052.019651959759 9329.731345467011 16889.79570329772 8603.616436777296 4923.85049834456 -5970.531241786476 0 -15252.16610161007 17284.32797446816 -7363.017553029198 -12.68156412218741 -5198.17974430454 21094.54592679119 121.6184782454056 0 -459.8342880772266 -15249.30952821835 15369.57722928304 11902.23579650358 -4779.479581750786 -29185.9305814786 -13250.00906304846 0 13092.48312402232 2214.015776564715 7414.838352719107 19945.74643086136 0 -18666.90164238494 5173.01868055466 0 -1357.284859153643 10293.96072238048 -15991.15031725969 10678.23870630001 9212.893261337147 11882.28050932632 -11019.71183299745 0 -10218.53569999979 -3280.792409040158 13240.64488545016 -8000.93815584396 -2216.344352606065 -13688.98863259663 -20195.90109192623 0 -2252.206530787745 -9214.013980186224 1207.127631723372 3927.489962174061 -3296.017349425026 6927.948773105834 26177.42827007518 0 10241.93143169874 -20027.86003463099 -12033.47348459607 0 0 4079.591071769533 19076.43025434598 0 -14065.09042705636 -8658.259326157691 -10097.7780594785 -5651.382826973764 4506.072931178042 22003.51228709736 -7656.036360219691 0 -7717.785282804967 593.0810249512988 0 -5953.026863303832 4163.520591683062 2014.543878657174 -7845.814743895536 0 0 4055.488017874663 -3300.228918643398 0 -16092.52569874384 -21644.65900004054 0 0 0 -9190.007892950962 5134.049350629037 -4616.182831501315 0 -3174.70478037442 0 0 -658.4095101801211 -23470.98216156274 0 0 2048.362407857426 0 -9470.831969133194 0 -5827.290294459881 759.7580580945951 9781.022435968802 0 0 0 0 0 2121.789382557219 0 0 -1634.194965718 0 1872.090778336629 0 0 0 950.8483112745944 0 0 0 0 0 0 0 0 -2805.258624650761 0 -2879.258593083352 0 0 0 0 0 0 0 0 0 0 0 0 1165.835660876487 0 0 0 0 0 0 0 0 0 0 0 0 0 0 189.8736359690137, 4636.152760630148 -778.2567129928143 -6413.211923104051 6.314707484027167 -5616.220867161597 13006.35142626066 -15407.84202251757 0 6761.679155151853 -1209.656950329614 2495.544014057421 2223.099255487004 4237.302498379955 2720.648837973104 12455.45370140072 0 1703.449235461253 2104.308338910804 -8080.59432940297 -7112.722099775367 -9535.508026765059 -4525.789924453877 -8702.520910165575 0 -357.4099812735485 8203.71234339367 21684.04795958071 15883.53368117894 0 -11424.01249264769 -7760.209455405134 0 12045.64493428927 -12240.27947007909 17581.4891870134 15460.02256086035 -9573.09001684919 -6676.024514966627 2364.647138735817 0 -755.2978895216347 36794.89510009067 -14047.98926002994 -9824.44433626773 -8695.372913828543 -16224.07680019969 23832.41230250214 0 -2291.245024844565 -13927.0795348058 -4.648837046345761 7871.932018814295 1466.905261326543 -10927.14401139437 7857.401709394402 0 -238.6382136605366 2127.778530938359 1131.702303509961 -8077.729013140284 0 -8422.52381483984 -25060.71120859751 0 -5059.951753451249 5861.414243852414 -17086.56145108793 -2281.00045718426 -13229.51716296408 12510.37613077703 1173.728123378235 0 -7190.249581059665 -6573.970538512936 -1051.76323958801 -11933.57878736488 -250.5047326895201 -7138.471093918379 -13159.28912558295 0 -1908.506951801573 12595.06962337486 -212.1107032827194 -30230.27383851437 6275.856963053651 -220.0669359300191 5578.804149377656 0 -2223.868021450499 -19030.14932515498 17636.25995625624 0 0 14021.25862184793 8388.914332567028 0 3434.574676993198 8377.361549238256 -12493.57907843618 15068.55769848515 -4581.204394020078 30504.02853868328 -5325.522363499133 0 -9289.561292490756 823.1827347684375 0 -12775.36837995796 199.2635719871073 15560.44015060455 -3025.854978114256 0 0 -18534.43733536764 7703.828139990786 0 17023.58378120604 -13956.37930317595 0 0 0 -14699.1509704214 -14670.87090182766 -1323.223924237288 0 -2170.273242358695 0 0 -170.7103788371229 2466.307083122347 0 0 -333.2316630051066 0 7208.826932303497 0 -8898.96431217592 1150.703825436105 4631.111284688954 0 0 0 0 0 6316.327609769698 0 0 -14885.69750741982 0 2410.069518650434 0 0 0 1071.509750753348 0 0 0 0 0 0 0 0 -3603.079816082933 0 1525.206574321814 0 0 0 0 0 0 0 0 0 0 0 0 -3055.846055167734 0 0 0 0 0 0 0 0 0 0 0 0 0 0 1360.861442061845


GFLOW: 0.07199999999999999 0.6085261991117497 0.6086963809494564 1.210365209894221 1.211476552738404 2.552759061881286 2.552873956084813 2.142242369645262 2.142029894256205 0.6190054993078115 1.186585596656535 0.5656878095553897 1.21029995815419
q-corrs 175322.4826520994 105791.9346186079 -16760.17808899099 -6838.013578343436 -10864.57806385634 -11484.77463961625 -2498.737773887803 0 -1588.562123587187 -2914.970229787921 -9181.47672579923 -11885.88586235001 -2610.465369232823 -1714.708387871778 -6677.455442777866 0 -509.0210792283862 -980.3987775908636 -2159.875881011042 1755.935897987646 3765.391713080543 -4809.894555535054 2766.870607043154 0 -3527.747289988894 3619.782950344322 7039.637307892626 7567.35884890454 0 -373.6781902476728 10158.68598825372 0 796.9219204591675 -3335.09247805604 -2293.956283687183 -996.9138425593585 -3685.004633525617 -968.7334159991664 -9671.741257148946 0 -6868.781640030557 1828.057751368973 -2318.285765315738 -3000.333755135252 -1327.618722177504 9145.535271425138 -6130.817900404754 0 3869.298061298444 1144.775383150002 14692.80292108911 -12656.82911656786 969.0027321906994 -638.3602283678179 -4678.655480040342 0 3121.182661705989 -4305.683327448698 1848.892414328464 -2268.90672012876 0 4479.516253399131 -15363.87825618772 0 1266.174307922251 19159.39071471877 3876.501862194825 -277.4163040063053 1428.833474063924 -4407.947570052646 3657.090384783798 0 1521.500941473879 -6658.258068755897 2951.743069863663 11877.13897831935 2461.520191990481 1122.599550626023 7784.231538526523 0 -3697.456469754465 -10033.11719874663 -5881.897575059064 -3888.737367042741 948.4121858373221 171.7587113738155 3365.897526241503 0 -4287.954445882014 7119.187723540879 -6201.056560272351 0 0 -28.56157826540516 -8167.478691069693 0 1203.659126275121 -1932.862108780589 582.3262808700779 -5455.868928364327 2490.64317006119 4839.230028877718 -1881.126268274278 0 254.8051451812662 -2095.650082546877 0 10743.61946550227 -4435.180397855818 144.6922995913409 -8002.510204358198 0 0 1358.795168674986 -1538.235025892642 0 -5013.077868959574 610.6469890014348 0 0 0 -5407.301466824352 17391.01397707334 -387.4899072732373 0 5781.63013961561 0 0 36.9781768061419 2841.410465139054 0 0 4096.930250125612 0 4600.983376644775 0 -54.54023410759714 1058.962791382392 7152.163326335492 0 0 0 0 0 538.1363662429055 0 0 310.6014005975089 0 3469.737551237245 0 0 0 2101.132280331175 0 0 0 0 0 0 0 0 -3003.064847849817 0 620.4764310306814 0 0 0 0 0 0 0 0 0 0 0 0 737.2468824092264 0 0 0 0 0 0 0 0 0 0 0 0 0 0 -211.2639368230581, 18720.35097492159 -5854.293041027935 -22277.96876189366 -6025.00334893696 -2395.607157908941 -6689.276504213466 -2826.572896621208 0 747.094547201715 -468.5903539789234 -2312.641859015951 -2922.892994353816 -1333.07111380958 2599.105291474289 1395.820690642145 0 -1894.672050504065 -1791.467810028483 -3408.869696739618 -1907.519090450942 -634.8805475682809 -5631.420516840963 4798.323533999433 0 1448.982242668165 -3153.96726711109 -1012.317643843173 6963.0263348 0 -3470.750752052164 -1131.400682942891 0 -2467.463534585772 -6814.879083980014 -2532.764499649929 6232.078525006327 -2931.714599616864 2764.521230608621 -6738.001596767343 0 -6796.94025911097 -2710.311035741527 2529.07802227857 -3796.031549534335 5489.826403605326 -4210.821079562455 1524.238524484369 0 1586.291581565345 4138.011745477193 3784.05672226888 -4393.673763679561 -1469.318749202543 308.2014649360872 -8649.238114864562 0 -4251.937813382358 3464.306447956216 -3295.995678781233 -7998.034668903611 0 979.9808196367703 3481.23395385737 0 -291.3910896752476 2041.310444062845 6091.036473699103 4813.314959770276 1511.726951909414 -8536.319422370863 -4932.082903487468 0 6783.076203408265 -217.7911294075348 5825.763956184125 1485.178212356312 -3740.829804501782 5234.578488201218 7656.059392093512 0 -1884.781322936748 7581.474003137122 745.6478438082886 -180.1725301401018 -4452.923617051958 909.6450610755464 -2160.12907024456 0 -52.59055797724614 5091.080701566087 -310.3542387562579 0 0 54.25890022652447 920.3886693330974 0 2288.18039197605 -1549.185235280032 -2013.334306192053 357.226694362992 952.2169809656843 2239.608787533736 -4082.734785299739 0 3440.871350178207 -350.7669724951438 0 -1027.835514176642 -669.2329408109749 100.5066101531825 -1931.721780618994 0 0 -39.75993539835389 -2857.360071900146 0 -1066.018512850613 750.7124070336935 0 0 0 -1520.480375304525 74.24987548945546 489.3389074201441 0 2511.272666732582 0 0 1590.31531596727 2018.240935401973 0 0 -201.828853314651 0 5873.827257653919 0 -1992.841272625133 1147.083434101633 -979.3273807353467 0 0 0 0 0 5877.200799707053 0 0 1786.653807131745 0 1239.688069504814 0 0 0 957.0214142756669 0 0 0 0 0 0 0 0 -2630.796110800778 0 -260.6397832572168 0 0 0 0 0 0 0 0 0 0 0 0 -14.52114463848719 0 0 0 0 0 0 0 0 0 0 0 0 0 0 -186.2832300612209, -1617.757972367082 -3762.957949165637 -1546.799191639942 1068.923206281282 2670.305328259259 2580.071067992364 539.7327546570623 0 -4101.984504714716 -8171.497817136438 2747.110002998907 -2518.018118980317 -3439.70285065281 105.6451135591282 -5493.858558933666 0 652.4665265698807 460.1759615405172 -6577.728718511981 -6314.327657157069 -223.030884092627 -5299.758284970902 -1079.307106997996 0 2173.801738441587 -1829.712410077977 -6279.702544218988 4353.997681929101 0 -1328.993651687847 -3321.566688989843 0 1581.615659275285 -2647.567312543016 4375.102986353089 4633.379554624228 2265.66830042336 4581.951950781372 -4404.944185686279 0 -2121.192605224559 10580.29200487363 1284.380360429132 3026.876196415987 3690.836624319162 -3127.906738577054 13477.71205835204 0 -650.5109187312792 1041.553112569924 -3954.644885896594 -16984.37416472984 3530.613954494887 9032.93758922648 -2422.963921164689 0 -1978.854461165962 3709.895308269275 -4823.46683927486 6992.741987796864 0 -8426.647574060851 9759.658509077764 0 2486.960183188576 8094.831814526615 1017.323340117928 609.9851064253999 -2922.69747288196 -5349.889133597497 -4945.822045385584 0 25.84067246919767 1990.226288401341 3177.431461631559 -5857.075594269241 -195.4790370326714 7894.241675520131 2380.984246735407 0 -3096.833496020522 2628.562617486709 -563.261521664549 -4642.204867762513 3441.359352843544 684.1098122488298 -3754.773886839956 0 5217.244680526347 -9740.394674262618 -5605.660368663512 0 0 4349.203666099476 -8064.300905131369 0 1308.428810511487 216.9243006097802 1567.681880632402 -8240.716522434042 2430.191153281969 588.9439131367717 570.5668100342888 0 363.5304965349773 543.811965119286 0 5795.648285291199 -447.7373320164324 344.14916168943 -1823.158211569776 0 0 -50.66665899226024 -1809.403496073895 0 -2309.380808117995 1060.311456533584 0 0 0 -1093.046410962727 1465.384007370963 1786.345328525114 0 -3162.101254836864 0 0 1452.841775310407 -1693.168599695005 0 0 -1224.065474606968 0 -121.0315389306608 0 562.6423107958115 3991.049068718453 1949.197266381914 0 0 0 0 0 3683.368988249709 0 0 891.7891811475217 0 177.5825837083288 0 0 0 2307.908025554751 0 0 0 0 0 0 0 0 -918.6971131166475 0 1294.795290596394 0 0 0 0 0 0 0 0 0 0 0 0 -1606.20286159328 0 0 0 0 0 0 0 0 0 0 0 0 0 0 -665.1922471190121, 282.969070381977 -269.9275327626837 394.0109201040505 -746.6871570310046 -1023.80665078004 7.788895413498267 -1266.416680570475 0 -3289.453780133031 -5735.493266327101 1523.544328270563 2328.8735708131 -1149.8779000381 -655.6390516790555 4187.745081093402 0 -1587.378235757496 4791.943426367081 -2541.318571502602 767.1075761759104 7803.168270667928 1887.964996375006 6962.748854535505 0 -3735.098221727245 972.0393134469982 984.1730162820222 1878.677427762084 0 -83.66206096724591 4274.700639425854 0 -2338.644563897232 -3763.837376932099 -4535.181052470723 2367.560460855782 584.5910956591453 -2222.708216084 -7408.15537979554 0 -1883.22197737086 -9876.509445769421 -5366.179690595973 -4227.733713175919 870.0441738187617 -2940.144264996487 -6424.153706779461 0 -3336.651077670159 -5929.558100503627 -2931.379171856285 -5395.272525306968 -2023.285150343983 7752.259514848454 -11350.82681574312 0 4409.393197996916 3267.345819104156 -1447.677641516117 -5625.282598639687 0 -1197.297193592978 -5982.672333890072 0 -392.6828858635902 3979.130144361266 1117.794021279507 507.8525181252949 11499.15963130528 -1360.161155409584 8263.382306652449 0 5400.462698517258 1228.649535197432 20832.29582779148 -3263.511750598104 -5044.111309910877 5289.351633220134 2577.287579089477 0 1474.321211071932 10178.43694845887 1271.104686650357 -1518.778798096732 -128.9412185747963 4118.039808815026 -152.0039499693803 0 7667.516794009249 4677.707158456803 -7176.654480428547 0 0 3197.713864934317 -11259.94962221941 0 1163.599521641684 1368.622855648255 2199.362751194497 -4833.547545071568 5407.206721688159 2160.792478991481 -437.5900102829069 0 -1992.87060103569 -681.9236568767838 0 110.6649438516347 -701.9743140749505 -4169.65030608749 -1978.479548990412 0 0 -90.61259393200362 3453.10633936364 0 -6905.21407291458 2908.013136138632 0 0 0 -3892.513192139491 1136.248660828266 -555.4646059280733 0 -2696.607365148493 0 0 -1446.997775197327 507.6305819740666 0 0 -2439.616736229776 0 -109.2014558718872 0 -1375.232806477019 -717.5486675238692 -2104.510363242379 0 0 0 0 0 379.2533485039827 0 0 656.2221134668162 0 -3600.46176108218 0 0 0 2099.114288042031 0 0 0 0 0 0 0 0 95.5124703908059 0 -797.4159607752727 0 0 0 0 0 0 0 0 0 0 0 0 -2168.468213770499 0 0 0 0 0 0 0 0 0 0 0 0 0 0 -1350.652675409672, -178.625026724505 -1156.489019524289 -4359.1674733907 -2602.614169049561 372.2138400195122 -931.6429010961629 -5540.378707168602 0 -3313.671437240806 -7772.114638497189 -1828.038469904308 -235.0434997301243 855.1063395376522 -5352.601344255206 -2869.476790866026 0 -4314.594143737734 3093.087790654707 -10374.95646561455 -5450.853921924959 -2088.787919211495 -6047.529353702082 2062.032378213616 0 5477.441875878233 2576.837571444375 8576.994472671551 3166.131111101618 0 2261.728546900253 8877.531277318893 0 1201.689547578813 3816.867122794021 2715.113466790792 6085.13833056717 2745.129368753679 7970.005099241209 6800.288443916905 0 -1123.172117999178 -2958.394326741258 5189.05029740765 -1697.805109792144 4442.783450043145 8098.407907294797 -2281.790059254412 0 -2489.674505506401 6465.540315295957 -3018.207125590675 8219.641978330767 -1409.753527175869 2058.810290510617 7469.811537602552 0 4452.85494104909 2828.465233007141 -4326.428539988423 -5982.00126325203 0 5000.704457960407 -1008.302523204087 0 -950.1589841221356 2009.523155764788 -3045.793316515138 -1143.404973834439 2735.144554516075 -3806.52675917439 5289.046254020563 0 7446.117433374104 6848.678435078022 13753.33153318442 295.466388834554 3166.278596105572 -3200.037803890222 -2045.385680955383 0 3688.006609886551 7945.196371744748 2381.244417452748 1456.667914997507 1440.102839689416 -2920.474599277972 -5213.049650459077 0 340.3906487826879 -1421.940476574985 6108.689218559217 0 0 -2520.268636526519 -6295.597944423707 0 -3259.432966991623 -3915.294691899798 -6815.101260441701 -6226.173249141013 -4217.935600412759 5436.276933341212 612.7755487282761 0 -3329.229636952169 -3025.015423426775 0 -109.2803346064643 -793.462170510596 1840.788065584895 -3514.011938220194 0 0 -3137.609473509974 -3520.811313056217 0 -433.1515718499813 -2699.567077513268 0 0 0 -1061.229603002173 2262.783285702199 628.2612840215179 0 -3019.179050223793 0 0 953.2655504163363 -3056.809582044246 0 0 -851.6332414576347 0 9771.956962293472 0 -5516.608436430808 373.2320939757171 4811.373388132404 0 0 0 0 0 -564.3833933473077 0 0 2087.422952523706 0 5433.405490795107 0 0 0 1832.441045536118 0 0 0 0 0 0 0 0 361.0825916685499 0 -1360.265688639754 0 0 0 0 0 0 0 0 0 0 0 0 -289.5540809767641 0 0 0 0 0 0 0 0 0 0 0 0 0 0 -53.83070401733107, 882.412115061974 200.9969649005976 260.3969480383362 703.0351805814011 510.4313162328399 864.178597883058 -47.89818556920454 0 -1243.377856033636 -7052.367730003652 2942.254727005894 6656.641818030824 2172.754623307952 -4033.391048163066 -3552.709869156044 0 -1568.970404773034 9040.552512475146 -10282.11611418202 -4603.987299137408 2966.319593948288 229.9719702637049 412.0537961054534 0 5031.752337531337 6848.520980751024 14017.04415138509 -2608.854748075758 0 -470.6056709664831 6551.623543216189 0 1039.179487776841 6199.268521403574 -2819.528797300399 10212.81105121225 -4422.248987224006 4447.17766403315 551.4094378670206 0 -4239.621799086439 1474.421940914665 -1290.913224626722 -1590.258078506554 -445.068781732368 3174.272358537704 -1131.279753345979 0 -43.56887960578138 1149.337077089563 -5591.025606743357 -4736.686911374044 2090.149340285955 -14118.82680402392 -1086.983977056922 0 2675.297891178044 -3477.298712691017 -1564.587151352375 -10116.946145282 0 -3242.131974451555 -5693.753904848219 0 -3016.942634775185 -6154.286830220834 1723.894432023246 4140.525735319037 3381.79398654619 -685.9763732260776 -3318.609636028808 0 1436.404182514978 6191.01286993246 -2163.363723896822 5245.503970842648 -918.1171638341364 4866.783516836393 -3463.296006086321 0 -2751.394095504186 -9370.628671822986 1461.103949198673 3729.698412737244 -100.5717106482239 -2246.49472564099 3789.527298478298 0 2015.195441373092 -4077.546780434317 2952.784440215436 0 0 -2204.670558900785 7656.620425917599 0 -4573.939787814323 3345.2319474501 -929.7681524206378 3834.28041072753 1792.230320391656 7770.32146881438 6174.826714888773 0 3737.97091766906 1435.633788792428 0 -1932.259431381741 3287.416605404206 2780.943882625479 4941.388217039158 0 0 1925.081380786622 -3753.14831655957 0 -437.444341111222 -2042.785597515815 0 0 0 3678.834530997816 -2016.097284771586 -159.2729110846044 0 -3274.184532837148 0 0 -1478.465295462831 -2934.644180842387 0 0 592.4522333117252 0 -3667.042576167685 0 69.39187196999973 1621.593000988089 5090.896472889463 0 0 0 0 0 960.3410921466156 0 0 -2069.129120378171 0 4206.13530302732 0 0 0 628.4930862203396 0 0 0 0 0 0 0 0 685.1757242830472 0 -1205.991709608927 0 0 0 0 0 0 0 0 0 0 0 0 22.43843666828354 0 0 0 0 0 0 0 0 0 0 0 0 0 0 -77.24455024047643, -250.0187401710615 -2050.947451181212 -2715.240262635012 880.2011204351788 -218.6638486153581 -891.7447490752375 -3985.56916041572 0 4592.308896858316 1223.484270081092 -2747.900578647183 -2571.337602928874 774.0601990060336 1870.880902374309 -343.9189095102602 0 1194.623301526462 -867.0099968651875 -3631.76340889005 -6128.736025625435 -58.58377187775238 -602.9732399215261 1196.610967290193 0 -4556.590543112943 4658.540427945087 -4401.38283819167 -1129.22715550154 0 -2790.20900510366 -2982.860280135058 0 -1709.188506336943 -7640.025818726097 5682.21764633239 8567.713078230892 3906.557865372522 -3782.913324278039 1680.460695237578 0 -7867.007336729479 6302.112501683947 -473.8504988592017 1680.462495145133 -1900.387414645706 2946.591061135039 -3286.976881163653 0 -3004.009493713022 -4903.279183509243 3379.515721436287 4830.119284519513 -3867.676940860696 -13391.94932803388 1518.195580764422 0 757.0937820380373 -7336.864999139119 476.2045524176933 9509.282710853528 0 -8712.16364820204 94.73430645082635 0 -745.6112150601959 450.5638737792397 -1997.106298089238 2512.997762487244 1094.896736952623 3236.026833325647 -3040.227346256149 0 -4285.406085235551 765.1087894850807 -205.112262200812 -6834.014680910412 -1156.423638768349 -5428.985257720316 -6002.771336234466 0 -2760.59544701715 -4022.733759091681 1321.252825400561 874.2566577669379 -481.4977133097761 3288.88325108339 14376.15160551793 0 1347.313086780889 -11235.68106676455 845.0286679145679 0 0 1724.707613334336 9847.4134023895 0 -5079.779500017043 -774.217954451834 -4392.074594080632 2991.38336311205 215.8991989831916 15720.54115695767 -3279.412109803297 0 -5588.3762409773 -1260.532293202287 0 -3754.540259251317 2441.668931412702 2742.931589822721 -3220.968879039171 0 0 -1158.674388435067 -1939.005380351302 0 -3256.590744691546 -8495.666415910253 0 0 0 -5354.029443811378 -1012.375727409363 -1302.226778807142 0 -3776.268091786266 0 0 -2576.108067536848 -6247.907132615988 0 0 -199.628528398739 0 -5838.406706567999 0 -3231.504642520706 852.2601847988107 977.4040462796356 0 0 0 0 0 1974.41521334436 0 0 -2150.650825185347 0 -180.1214680623343 0 0 0 0.161510681173695 0 0 0 0 0 0 0 0 -873.070488381977 0 -1761.199293505092 0 0 0 0 0 0 0 0 0 0 0 0 51.23668227960894 0 0 0 0 0 0 0 0 0 0 0 0 0 0 191.6135521687025, 1573.698925262494 49.07653612171339 -138.8668651849579 403.2971462585261 -1018.181385565141 5972.726693466964 -5620.777394519754 0 3054.983245828163 -3816.688696238252 1499.064394960797 2579.496019555762 1984.596425868459 3230.529987313885 1959.729783897906 0 1795.783168231363 1375.207589918886 2279.764747856591 -2853.164749393925 -1926.233582168198 -161.6718992586805 -2150.924402304209 0 -1463.62622045895 3402.065952359191 8888.362800275605 10359.40329084452 0 -2221.720747453346 -440.8032842626541 0 6500.86112706546 -1154.344513891857 6291.462715938291 6667.223381757703 -1006.461744146028 -882.1805984130824 888.597135170535 0 -3166.517271280213 15818.25457715481 -860.989500188512 -1779.832928836298 -500.5219332690358 -5121.607163849621 5705.965761105024 0 -3952.24647797182 -3868.415415628304 1908.033585739735 3710.503425249205 174.9098044047032 -3198.526713581229 4633.311750683639 0 27.86084085710127 -920.9153243832689 1327.960888050988 -1063.294080429993 0 210.5747239120719 -11295.1558295363 0 -1809.547769291373 5904.84356253399 -3635.852597792705 -2206.817029718117 -3343.826659448961 6042.264951034733 1858.462459832552 0 -1192.447882492967 -518.9323466514973 1483.693797842316 -4339.364319390081 434.9272740106401 -7312.164054674515 -7715.491504305777 0 -1187.219998893234 4505.643438994909 684.500913035447 -9684.059490582573 366.6321009468932 1576.710422982183 6810.338843736869 0 -503.4911265570959 -6016.894896023188 8063.524119964695 0 0 911.1333529671781 2409.828664880795 0 2154.451980604482 3665.160570383326 -3711.927900972269 4940.140624543791 -2957.898605695368 16018.52946909907 1670.941003588952 0 -2743.415934317759 -3845.916027684066 0 -8414.110030008796 1736.542510600021 7188.697463771696 418.3267427429 0 0 -2415.496288514242 214.8454926165155 0 9592.379682769197 -1229.205227698246 0 0 0 -4943.142303151158 -8107.524256579596 -1745.425327823464 0 46.24652892691051 0 0 237.949591135036 4134.399040926229 0 0 -107.978834723284 0 3627.356556319945 0 -2712.28461376377 -1171.775755182976 2678.158445126324 0 0 0 0 0 2748.694483721594 0 0 -3724.751410751941 0 893.4093357821228 0 0 0 1595.29903928359 0 0 0 0 0 0 0 0 -3109.973298631357 0 -468.1234467862622 0 0 0 0 0 0 0 0 0 0 0 0 -1233.351267481361 0 0 0 0 0 0 0 0 0 0 0 0 0 0 616.2240468712719


GFLOW: 0.144 0.38755670213614 0.3869258449482593 0.7021043232093958 0.7015311326868126 2.79770886383416 2.797919227367851 2.543454614639869 2.543966641093885 0.1797460653624616 0.5065051584900165 0.03098203300914878 0.3887500458940348
q-corrs 64776.67692923834 78860.63789784827 19772.61169278427 -2181.425293916292 -6794.323405409255 -15367.04441956007 -8589.964268440664 0 -1140.042439951933 -4429.155443416905 -6917.024919451775 -6997.033296895042 -439.8919294237735 -1663.164068603555 -4671.245912794073 0 -599.4478188685736 -1707.620196119133 -2152.298174852307 652.0180833087995 231.5169217037736 -1789.470035842986 1449.506808759542 0 -1895.416601062591 381.9029200612887 536.1437521592072 1740.50415241991 0 -4289.554192403113 2002.140842025344 0 495.0614533648364 -1743.03862321759 -613.1968894032609 -1134.947364667388 -387.705817675485 1568.956058170314 -3996.007066422464 0 -2996.052422413522 3449.806705841401 294.3755870457799 -1819.772237346082 827.8149459102291 2295.669939702291 -2915.277285554816 0 2232.412989209389 178.3753503924937 7026.691217140659 -2829.119072319806 -109.0517332623024 -3053.427620491605 -2476.771757692787 0 1838.05649914766 834.1286597799487 -735.5630488949346 -3345.277016011557 0 2368.539230567656 -8890.647417175624 0 179.8090080438726 5005.913550808863 364.6878700802109 -804.1157644206255 1067.354371378068 -1362.162915224951 1167.028557605302 0 445.919930142049 -1389.30045445914 2820.489540120996 3971.374546187383 50.02300697647915 -2358.175694638962 4107.894407349057 0 -1252.791432176249 -3064.894629775311 -1584.158855067451 767.8673332823357 -766.0871437828538 184.5099266750739 984.1453765186611 0 -1193.086263966236 1033.820527450989 -275.0781815895232 0 0 728.1050975844457 -2703.113690934832 0 -186.1971815438721 -2061.686720695306 1030.453013574749 -1496.327144656797 1705.52444558176 2623.833475138434 -1099.542047490612 0 377.6874902195107 -1184.515504544509 0 3662.851661192928 -1725.80789883981 87.26062455775602 -3322.772661174458 0 0 708.7077955899917 -151.430263258829 0 -823.6560306635046 524.3451503083506 0 0 0 -3139.944947172632 5626.434149407245 258.9402585240211 0 2635.504140541937 0 0 109.765593474613 1456.691349408108 0 0 1187.005498424289 0 999.928790417815 0 1094.179026644989 1072.787796933716 2877.129944763625 0 0 0 0 0 773.0187391323584 0 0 37.79875593338173 0 1716.514001482392 0 0 0 283.5767115540762 0 0 0 0 0 0 0 0 -1268.898163935861 0 -443.3626747254201 0 0 0 0 0 0 0 0 0 0 0 0 -625.8720348324216 0 0 0 0 0 0 0 0 0 0 0 0 0 0 -273.33991160751, 13398.91655448933 10216.85185818992 -6127.87634505108 -4753.143833288685 -3193.102717566946 -8120.480495797818 -5256.14626663544 0 -778.134052504076 -4010.262984927437 -3133.267527704435 -2735.521549250163 -1409.460178729821 125.3119648294586 -1056.907613090433 0 -799.1896685508016 -2337.454711798452 -1287.671148202355 589.7798082286954 -478.06736057826 -1028.004696941719 1531.8608759828 0 -136.0086140427604 -1410.362686965641 -691.5707394869515 1760.156985107222 0 -3665.800311014822 -1441.067288889656 0 -503.8955282156525 -3060.508712317031 -150.9800268631533 1206.404571584431 -690.0501734622968 2140.969079227583 -3071.249384717898 0 -2535.322851247849 -520.9895100861968 206.4814077463357 -1949.511464705899 1567.627393189303 -2499.363903578423 -343.3916409365881 0 1009.863463589861 1517.254065849722 3169.473360838486 -1162.658196563584 -815.5001349935982 -779.5444764132599 -4462.575425162049 0 -1324.653281049979 2648.763589504961 -1950.39999842682 -3967.373879159074 0 420.8095833737325 -48.47673107816672 0 -139.1863067765531 233.9665402770725 1956.157567888226 775.7862591004487 1077.347556214442 -3888.701273929482 -2145.492948943158 0 1082.83282945547 96.96895466679689 2741.414674688796 3044.846878971389 -633.3574330145409 -142.9907199081895 2285.762818835815 0 -927.6740438842965 1260.906341116196 -50.83566328749677 529.6503031393711 -1420.427832657931 58.80568020044768 1655.8568879007 0 113.6946817372402 1223.065977958382 -1014.128240423869 0 0 -531.61974627624 -940.6886149775798 0 151.509393488074 -150.9727458726913 -91.00251308983007 590.6836118050646 791.2726164862149 596.2261809556649 -527.6489389375038 0 1135.501805720297 -714.0252296548204 0 -160.5231706504272 -369.8021974151011 -657.8800160781982 -1660.093369532988 0 0 348.3006233471007 -225.0436231535791 0 -1250.354539420624 480.317125465092 0 0 0 -1968.878058167607 298.1409532743619 -222.8836138634506 0 -335.1070757127917 0 0 581.3609631576526 1733.662003722877 0 0 179.78382218998 0 833.4313407188537 0 -693.8497738807046 545.3174973006039 588.1013298535088 0 0 0 0 0 2063.474424551643 0 0 533.4818569440561 0 650.1326194032067 0 0 0 378.9017886367066 0 0 0 0 0 0 0 0 -844.0230203748299 0 -525.4339029410335 0 0 0 0 0 0 0 0 0 0 0 0 -585.0583258524011 0 0 0 0 0 0 0 0 0 0 0 0 0 0 -182.4650409876872, -1126.921546949664 -3319.883127826523 -2489.78255303332 -607.2447489956412 195.8734033364904 -48.70813133448303 -963.9123666374821 0 -1800.772315958122 -3861.2350217786 1434.626734832822 -395.3515172901633 -1504.329014129795 251.7039037237375 -1424.846001465212 0 201.0033751928864 161.1856693823738 -2095.034253011143 -1496.428666459596 742.789860240712 -1222.227199979202 939.220965620952 0 -244.3403598372549 -596.3091707951515 -1315.00056584118 3079.462718903065 0 -922.55326141511 -598.6106858656236 0 526.6781283497303 -933.8095138779902 2081.696395717155 702.0422154678964 915.1693608327208 4131.389124593373 -1140.591872182976 0 64.95774197414687 2278.80327011327 -374.9886300832403 -102.4930255526903 1208.779785897727 -472.9195329373329 4563.758384844625 0 -617.399037295 -930.8106325238263 -2250.387908416012 -4920.156362820284 369.2622775715209 2520.548189052454 -3440.324610997934 0 -453.8437072976157 1246.303955747096 -980.0152549262359 1027.128486969739 0 -3804.41235355217 2452.999851277059 0 705.79728615498 1557.398387416197 1817.221330369251 991.4167520930677 326.3237174651509 -319.4483140349244 -3145.178161824625 0 -435.8300411468122 732.4108307978287 4390.799837799898 -327.4992156781066 128.3504049409289 1614.832630574744 734.5317652663746 0 -1103.295710888583 2740.977266655313 432.6086124485925 -878.5889399701493 1941.830780916867 492.3614956312485 1152.080660592616 0 1865.522754569915 -1428.928190253573 -115.8383386816956 0 0 1057.883930705746 -2595.034979573573 0 891.6747741576281 1443.668222480931 815.6972391978029 -1449.919006158449 1208.949162156376 1582.629389225089 -850.6152086089539 0 -355.9769192960177 1130.175758391115 0 558.1926634900958 483.2761597677365 -1203.207165714988 -239.3057816650902 0 0 143.9098474259253 -145.9372130442017 0 -1577.997165384849 -1006.683249341029 0 0 0 -599.0921148101314 -579.5259259225472 504.9910589445128 0 -2030.735879688254 0 0 373.2358237809893 -71.9502666329131 0 0 -987.4838585710297 0 -526.5182666821 0 -720.6761246641801 748.3225938176392 472.4365818274133 0 0 0 0 0 1521.936555312501 0 0 395.009488900035 0 -332.7331468750244 0 0 0 1444.513534354889 0 0 0 0 0 0 0 0 333.6264932372616 0 318.778790836676 0 0 0 0 0 0 0 0 0 0 0 0 -276.2908227648406 0 0 0 0 0 0 0 0 0 0 0 0 0 0 -247.4254275277811, -133.5625604584902 -304.535766365855 6.449890890397114 -517.9247191841732 -308.5736951006178 -957.505218676323 -1807.616945792196 0 -2567.441560363372 -3514.065952629247 -759.4852318644823 -604.4258095251749 189.2552833519724 -1131.075630863891 678.7536136508561 0 -603.7721045407837 3012.937967020644 -2114.172129722365 143.0562524449881 3429.156168714155 1200.403096411656 4082.378328663831 0 -800.0117446077146 -223.2071766810627 491.3135654015641 502.6552015118965 0 2602.339432788913 485.8830031018779 0 -1945.955625223674 -2582.97524743649 -909.7843117343913 435.2414573736388 842.136637162195 415.7313713181479 -2974.363114057865 0 225.7789797004484 -3936.992012568564 -3008.016565479349 -1759.170541566414 289.5940775760496 -1851.480986057588 -2554.203579171045 0 -1326.193186241593 -3002.610906222955 -2983.49899371052 -3548.710830631963 -290.0399558824894 2271.992398863429 -4109.791102741881 0 1821.724687033696 1011.314198202547 -650.408526359714 -2575.097956625235 0 1740.448429878773 -1967.538308590976 0 -74.4781346092831 -222.8623352395571 853.911221271321 281.908270883006 4325.811789918417 1246.509481049489 1109.033988466709 0 1816.758888064023 364.6653349594226 8346.884076290036 71.30976774874955 -1590.409576622877 1272.305477123119 2202.293610467083 0 412.5568555874248 3458.433233293571 434.4013393444587 2371.02306389246 515.3992762724374 1245.690918934994 423.7052106315437 0 2100.574722958129 1542.474055281465 -550.6256071934486 0 0 1865.468505102152 -3060.255799217305 0 512.9321113272401 1527.008656097928 854.6767028385671 -1960.334315961313 1313.108114511746 420.0996708354267 -1699.953191011949 0 -1946.665339158802 -959.3751658119932 0 -353.2067937185432 -161.5837586399815 -2408.28792940671 629.2952884465917 0 0 -119.7081166162906 313.9054675595332 0 -3129.972117191064 -2399.90155120309 0 0 0 -928.3711770892123 -926.9250774176915 895.3343053289916 0 -1710.679999379204 0 0 -128.2753159476773 -502.2442664789093 0 0 -1787.336659880324 0 -136.0872351745372 0 -594.2443585337958 -543.4383483432066 104.7763651167388 0 0 0 0 0 459.624522743185 0 0 533.3124338468494 0 -1002.083816338161 0 0 0 1042.998838573692 0 0 0 0 0 0 0 0 -67.45381388338865 0 -574.8680247626759 0 0 0 0 0 0 0 0 0 0 0 0 -1053.964588581299 0 0 0 0 0 0 0 0 0 0 0 0 0 0 -407.6894840270118, -23.55621368814172 -776.0418970963734 -2493.533486984035 -1954.026375287811 121.3266159700428 -1438.607976050989 -2660.360272574302 0 -1788.549923729653 -2933.672645257664 -960.4675151037206 -1088.828182258134 47.92464521104829 -3104.246086223058 -2949.215041401218 0 -473.1076365405266 1809.799299164046 -4760.486486078342 -2278.180663070648 -255.2292822298843 -1790.273968428447 2205.14358813234 0 2252.587879498095 1493.178813849732 5142.165215824269 2471.609034095862 0 2657.448402798637 2487.323492839544 0 -322.2362566959395 1524.968465514793 304.3516706838952 2309.510428648886 2506.347693282722 3770.034277215575 2559.143112455705 0 -114.8014260693292 831.5278774727741 2557.579181911162 -1621.524028459314 2079.416963376986 2831.085643062653 197.1500028310036 0 -830.7390614590158 2163.681650824483 -1435.165665559309 2064.276551586561 1022.503555296742 2771.124759288835 1391.851706641725 0 1929.454972365634 1979.735213457201 -1383.823887334391 -3320.309097640412 0 1997.414121323577 1012.332911061812 0 -519.9212333832736 -257.491607796943 466.6634645088106 400.1165161016923 2275.8392272146 -242.3372616805188 1198.24655019888 0 3156.891828811094 1955.23070838996 4373.812732379275 224.698007148884 547.2754179944967 771.9833627202515 -1397.610717703659 0 1052.887331999462 4105.152007201609 625.6048788854872 1410.854061076499 -498.996015186897 -1095.128527723421 -2374.431522692405 0 456.7792342651741 -573.9599214060061 3392.602664934459 0 0 -1048.817301115479 -1370.042145645265 0 -1156.947218932365 -801.5421806016615 -2997.500245471094 -2117.799061184119 -1171.994809366405 590.1537192054236 -53.77044345289085 0 -2461.036802878144 -1448.771333168415 0 480.543752303848 -309.6118621352653 -542.6938913276362 -71.62755267377429 0 0 -1403.365955624214 -2578.65786831806 0 -1259.17560416156 -1315.258167354499 0 0 0 -612.3824378632221 527.2126735343173 1098.715139880854 0 -2132.853361030775 0 0 484.9785237146968 -1462.819498322084 0 0 -437.6948861675179 0 2562.825267877949 0 -1614.728254604595 -419.7580415817057 1759.689730799716 0 0 0 0 0 -376.8655223183389 0 0 276.348158832594 0 1533.719125678524 0 0 0 1040.449737157441 0 0 0 0 0 0 0 0 -1089.712840338397 0 -423.9932109077435 0 0 0 0 0 0 0 0 0 0 0 0 -1241.63894425444 0 0 0 0 0 0 0 0 0 0 0 0 0 0 -231.6936869797655, 264.7769001197591 448.2601508084187 270.2769688125505 104.394252195947 739.127967858774 528.9155251818518 -329.7708564854767 0 -1506.289082287332 -2433.29451673538 866.5920005768706 1567.002974438775 183.4511813719515 -2425.714287267119 -2275.240466477807 0 278.0317569426471 3631.803241631197 -3149.195837744656 -2131.970227201829 673.4560164230468 -2166.649615670505 -103.1067562309246 0 1117.25405990841 2316.372779340176 5240.337996197234 116.9759407799441 0 202.1455958200166 1905.301746053579 0 65.81601328975506 2061.48637890405 -1410.208528892962 3505.105188878994 276.2306849905431 1604.955865282561 3043.304770376351 0 -952.4105739380973 733.5750251345341 33.09824227371632 -1021.317913223778 316.7943971192287 2664.102195124739 -268.060064625808 0 -256.9475063973687 -841.4518296303796 -4060.862899572942 -2187.438444721683 849.1279398529915 -3297.833757960826 -2751.917091404832 0 734.7994449883286 -2928.885345139568 -683.7169625566605 -3338.075726128029 0 -3994.339970064739 -2779.023615852543 0 -1168.488479468286 -123.0476329714493 2226.667784856086 695.3791129035126 -1051.602776986027 -660.9861895946908 1444.688114671943 0 478.4755459195884 2820.714515478171 -1557.273930008531 2326.962440986495 -379.3713846349519 1889.090363514432 -699.7266118175106 0 -1084.372100754304 -1144.404794398293 543.6596144024267 986.4417190078377 -262.8862625382445 -10.56333625126301 3419.604637487138 0 739.9448973609552 -2504.565373223944 1949.197903346623 0 0 -477.5479828579383 1289.967845805807 0 -1550.663570351393 2745.511713327311 -1434.351867586839 1840.768142249679 324.3770819796355 1071.426257791688 1668.242699878875 0 -245.9065572870721 -719.5554727498308 0 312.8597569844868 1474.497815045459 552.1833859522537 3185.921602783479 0 0 -654.5695865195605 -1775.263435109321 0 -562.0795753257693 -88.96684702948596 0 0 0 1347.744157907597 -270.924454341761 603.2500172650505 0 -519.0380121081208 0 0 -418.2759269041829 -314.9216523261267 0 0 443.0759956321787 0 -756.2103777989755 0 -96.25332657382737 130.3945632050686 1746.370208606739 0 0 0 0 0 235.2417106719442 0 0 -784.0409472078406 0 1129.596727176132 0 0 0 438.8391878001876 0 0 0 0 0 0 0 0 73.87829004328046 0 -113.8704197116974 0 0 0 0 0 0 0 0 0 0 0 0 350.0530984856322 0 0 0 0 0 0 0 0 0 0 0 0 0 0 224.624862476028, -355.6696086032709 -1582.838851389709 -1526.506267582461 -71.29158382912374 62.94027042352863 977.5401153612329 -697.4152584810769 0 1915.6769171207 -173.8502072540298 -244.838413466991 32.55049475491232 -401.2054302073399 1221.864142158453 508.5700804741741 0 629.3338423586505 387.5515708018775 -265.079377939987 -1795.926129103104 -276.0389614697468 -2132.892920866021 713.9476435143827 0 -2920.59285382167 78.02189574128272 -2044.016211608157 776.102150053483 0 -1184.486557299435 -1306.311903310296 0 -1266.520565323293 -3293.524832540487 1482.003358596986 3586.421438718949 1028.115711248628 -1957.102878193209 2185.761067526954 0 -2838.659289058056 -477.6389364590132 534.075886726404 910.1162810244476 -1154.427482815495 517.5553905918314 -793.2877743226927 0 -1891.91135695684 -1987.959885689761 -2413.206390200066 771.9904436765371 -1817.210629241881 -4721.44777902438 295.7510428622543 0 -438.370747896485 -5299.841271612991 -270.8950175903601 1956.604729576095 0 -2113.097140411948 -589.3516765022132 0 -696.1095761905665 626.8534545484758 152.3991969624394 -56.06867194089455 -1636.115840686296 201.0696080888829 1205.90392531808 0 -19.57851332658129 1920.007778320711 -1358.375051533877 -1964.05493269619 -613.5961813785361 -1425.401325727925 -1136.008323250308 0 -1021.16862865691 -849.6617925869139 317.4914781822445 1338.495369508697 -421.7483913781579 1785.305648653408 5705.474831204103 0 410.6907804135277 -5426.107421106299 1123.855648334449 0 0 237.0937647175178 2475.409474577974 0 -814.5930778161839 1649.698046192209 -667.0848755410543 1716.706124352837 713.2712875232805 5382.552565419093 -1715.654946838087 0 -2397.099775114908 -134.2926512655048 0 -1843.523768906126 1051.067014515229 1342.7653721922 -578.7655845557765 0 0 -1562.081967271478 -1524.114621611487 0 251.4753246253031 -2647.711697169681 0 0 0 -1465.623933904223 -1028.653583073361 -958.6400526203615 0 -1451.778499464401 0 0 -1398.734472841586 -810.2959641159487 0 0 -318.3962194494544 0 -2930.064897945226 0 -957.8573923891536 206.9375024619717 131.996031397961 0 0 0 0 0 1056.484566878472 0 0 -1242.531136460452 0 -713.9933190638774 0 0 0 205.7202920643198 0 0 0 0 0 0 0 0 -331.4222109106684 0 -561.0738691838608 0 0 0 0 0 0 0 0 0 0 0 0 107.4811451084747 0 0 0 0 0 0 0 0 0 0 0 0 0 0 143.3527084976192, 420.0715488161477 285.3527189132943 690.1030526329102 160.4316197428772 -284.2123094061074 2119.456710760333 -1660.082632760131 0 916.7278175297026 -2279.637209639049 700.0156142297866 954.7150125973387 64.07894759388734 1260.597213486607 397.3557418374637 0 1203.196908857128 2757.074564599741 2402.992613953923 -175.7033963076207 -93.96083452863559 194.7756604793021 1194.092060437591 0 -911.6431324607163 1154.769218379021 3917.099307156741 4936.224882124299 0 1029.965995335475 431.5717181659421 0 2075.139731611092 627.059930816677 3078.675372996609 2486.132076712619 -64.40748707343855 -333.2224086327923 447.299917635105 0 -1238.314340431142 5030.536874871977 2174.812470385398 -331.2545368719393 221.1756990338529 -901.1923515863118 2345.67080119214 0 -1835.467254988946 -1818.388203196299 -1393.602938722918 1987.561472365568 610.9599595791915 -846.7686053054881 1390.658237266219 0 -763.4550745761626 -2370.311524013936 1228.759160308045 -20.41845925456403 0 1298.582044405722 -3408.072660281572 0 -965.0183579381278 1767.572353976848 -1535.029183176612 -1187.144426603114 -499.4484875569553 436.8164554966658 1463.193393656319 0 829.7823240393327 302.76393266139 1169.462431128212 -1231.263256878986 -216.8311860865707 -1386.634974284654 -2843.175890548795 0 87.74488049406204 1849.856519718553 297.9523979280984 -2105.296230735597 -83.58937161424649 2036.750821807587 3769.827817900486 0 207.27287177263 -2294.10839442519 2046.659750539937 0 0 167.459568468396 749.8086565167209 0 142.4470941455467 2047.661296512586 222.6714074534258 1099.354563594327 -121.9657289075266 6290.467786261597 959.5958356323589 0 -319.4956394978666 -1754.836811326847 0 -3559.557461335321 1191.680401741634 2360.444200502413 -274.7089316994088 0 0 826.7465132616107 -353.2196169858919 0 3190.102970167607 319.2202079836165 0 0 0 -1234.534085803897 -3113.364115095063 -213.6067463996864 0 -849.4722823303487 0 0 149.4278598705991 1341.897501207243 0 0 -289.1897829838671 0 212.4632883568298 0 -1180.857300766782 -1047.599811499437 1010.64199245243 0 0 0 0 0 604.2020953492471 0 0 -1028.766542852353 0 -297.2833528462168 0 0 0 754.4475971018678 0 0 0 0 0 0 0 0 -1433.023406845072 0 -208.8984867530447 0 0 0 0 0 0 0 0 0 0 0 0 -511.2680739077566 0 0 0 0 0 0 0 0 0 0 0 0 0 0 159.1030009493565


GFLOW: 0.216 0.2527934308686818 0.2519425538610677 0.4245146577342174 0.4233596688127279 2.897663754722339 2.897890032584289 2.738256902693201 2.738966912248232 0.03876230339452024 0.2344188958432405 -0.1051373451588183 0.1014642739371025
q-corrs 27045.31284158778 49546.83721396593 26195.95939871293 2847.458931432971 -2672.007937544115 -9271.850507557043 -6998.207941915258 0 -1447.231009581375 -4486.982387870832 -5209.717552346832 -4438.055512288732 -308.1172572905704 -1517.944218097732 -3273.04002661301 0 -659.2127957873236 -2035.671028582593 -1889.302206972916 -122.0641587192397 -538.5072854581066 -1214.094750631127 412.8402717557703 0 -1140.849880501113 -290.293869345811 -1022.327685783469 337.1691236643056 0 -3154.02826838264 171.7600741136754 0 320.2945080942152 -1008.3376535108 163.7240230718546 -646.9100330548314 110.9007881501324 1463.450668557977 -1646.258300861519 0 -1294.776283955297 2988.118333104515 231.8491257630253 -755.1353724836711 468.0683592824913 102.969009657325 -1184.866464709575 0 1381.676463089543 -142.8982536591386 3745.795612396193 -291.7888539666161 -13.45041805456214 -2250.427650259694 -915.5522714380452 0 501.8373232318319 1358.903257689521 -995.7994744513372 -1624.687241798823 0 1098.038478178277 -4167.668064553918 0 -42.13436973715439 794.2196941430501 -367.1128391835703 -843.8121283259982 414.9130373016637 -780.4610528106285 -43.09569868760485 0 -63.56727596169145 -550.0140295840717 1494.540024860014 1759.826282726969 -228.2812000260779 -1744.188214834635 1834.666969668752 0 -455.7739736256499 -932.0483153557379 -683.2308211806892 1221.249735576226 -508.6372289602455 422.1491566642545 677.9787377333907 0 -617.7279092688359 758.8805904906028 1255.284357920282 0 0 675.9357232963814 -306.0009996376946 0 -178.0547089297605 -1210.558691517046 1017.592621756336 -109.4736795044633 976.1516155254556 1414.24156721081 -31.19151132096181 0 394.6717397596872 -149.3567522754357 0 1469.752575125274 -836.311031745644 255.5236769332575 -1372.695100461193 0 0 659.9061747767887 767.0543006986393 0 83.72147742973829 498.8267007974514 0 0 0 -1570.035072188014 2064.507746699306 88.42411179120052 0 884.3058079099674 0 0 223.2718287531144 1079.569026704458 0 0 406.0497624888726 0 -228.0427572328098 0 610.3571519329784 628.9593326704967 984.3422109440021 0 0 0 0 0 399.6801519961342 0 0 -105.7637805213004 0 523.0891466070545 0 0 0 -61.21884791069364 0 0 0 0 0 0 0 0 -522.495706439777 0 -432.6327956650662 0 0 0 0 0 0 0 0 0 0 0 0 -559.6958402853707 0 0 0 0 0 0 0 0 0 0 0 0 0 0 -167.941508924457, 8298.49928858493 13191.29324543631 3945.802735452867 -1267.156028544414 -2043.284445731698 -6297.575347338628 -4832.001365334061 0 -1156.027180079237 -3755.040001022601 -3010.825569774546 -2438.865371735618 -801.2095461309575 -649.8807499048978 -1765.404043210992 0 -604.7607359045312 -2031.728400345451 -1135.137538725975 179.0941825238925 -427.38419688565 -734.0592746165438 327.4000678011413 0 -548.4028381071196 -526.7217001894962 -865.3075121149882 133.1850283334027 0 -2591.382985772774 -1214.164565455866 0 35.61461633785535 -1443.451044835549 -145.8737369697099 -345.0847024652522 -171.2110720085541 1395.883124956227 -1399.845659183035 0 -1108.231168580249 234.2176073734751 -264.7637536494584 -807.6816731620233 303.4418026323327 -1436.888141501942 -658.3303533079462 0 763.2200367789173 390.8492823760343 2127.867962803456 -324.3151265564543 -452.0762465084176 -1049.83407153694 -1865.000438171576 0 -240.6159342204178 1413.630100679698 -1209.02217291224 -1533.735178485977 0 316.7006662650837 -1061.407852317283 0 7.342773318812661 -92.62330320982983 665.8441054969619 -168.5900344077282 502.5534819518159 -1646.643295380212 -720.9765800272269 0 -305.3432666876715 -227.9083833590922 786.2470205110834 1730.626279852628 -54.12844760267399 -670.6964043693401 723.3729961398842 0 -462.0356394669818 -53.13359463849417 -286.5336134299212 301.0532390446187 -627.9922891180948 -28.19456280904137 1550.753546947354 0 -12.63386349539587 370.1834390109493 -79.63894439337398 0 0 -218.176329984046 -580.174957375051 0 -221.7274953173943 147.4757468153097 151.4994403601329 695.7965817009922 434.3749261463461 303.041896658494 83.11806347698808 0 305.9999908643843 -349.507359463145 0 -7.362348101665702 -148.1179947632502 -539.550478863341 -731.4543099144257 0 0 374.419056844229 423.5330846371373 0 -760.0076415603248 329.1432003699877 0 0 0 -1070.92565049112 186.876466219769 -217.0260378823788 0 -362.4825090309781 0 0 261.0572805359276 803.8539937318376 0 0 147.1424179190546 0 -346.9427234197103 0 -234.6241928233618 296.650373287833 293.5591914952319 0 0 0 0 0 709.247482035962 0 0 46.77981215537454 0 -156.6746292698051 0 0 0 124.9002094369372 0 0 0 0 0 0 0 0 -365.3999526509767 0 -392.2015258276214 0 0 0 0 0 0 0 0 0 0 0 0 -459.5906466655317 0 0 0 0 0 0 0 0 0 0 0 0 0 0 -139.7227998801682, -374.969765732598 -1659.547664682209 -1997.407583253599 -821.4429220968249 -450.0647292850443 -1443.052902725691 -1352.029885124185 0 -1000.663230867319 -1956.009713640314 -56.37866162440986 -415.5149018608673 -507.5838364011805 -170.3608886819628 -676.7581974214052 0 -41.44563375523076 275.3868564628127 -561.7488292457942 -168.2980286674436 600.2584917551027 -374.0632279548434 853.4531356836178 0 -511.4075084658987 151.9586857516238 206.1257245530215 1351.394977165678 0 -453.3200463034181 -288.2249757557185 0 233.6310669041578 -781.2419592618355 580.3506702432193 -159.9293024045228 316.0895269054681 2477.486396871447 -214.8988562256558 0 542.144734096124 369.3632614541744 -595.5339469997728 -327.6379713253957 68.89440843803712 -505.0374804539233 1178.432441857291 0 -224.3592239384011 -602.6722725271904 -759.4205885828538 -1760.265525283409 -246.3058031036913 789.1918858519664 -1543.565060027463 0 44.77562490107772 427.8293293023976 -298.006697786765 262.9806889288458 0 -1088.106853158476 385.9612678996136 0 208.3164521561361 169.4460856660494 1543.726685306399 595.2005815650555 554.4636996144754 1063.257546060271 -1285.392460654686 0 -341.9613132248185 116.1899117761195 2672.544500926295 986.6805675052066 -9.893152753056825 597.9926802862575 627.3716316504189 0 -397.1783068279432 1488.359654110856 343.6522090204298 129.0324517118102 1215.908338072485 192.3877144435255 1607.224718140359 0 581.5363797146714 153.173270709789 980.4005397270166 0 0 489.3835157381732 -1514.114575619926 0 545.1395728733899 1201.942534767278 588.8705624609233 452.7853155666774 413.4783344107065 594.4369788913579 -901.2110596992093 0 -462.2964875677998 813.827807714397 0 -810.656068659528 469.5335418126607 -1169.187120597562 599.8819890203476 0 0 151.698917304149 43.05853021989901 0 -886.4218645041575 -1349.102974186048 0 0 0 -112.7913324286968 -1176.887633743545 265.8629644858087 0 -695.1463318540507 0 0 125.5170951891222 -31.5287620599114 0 0 -695.6764681474433 0 -397.0257591407072 0 -465.4306975504379 -84.79690314155201 393.5688815820511 0 0 0 0 0 629.825948878443 0 0 131.2702848934464 0 -413.542540735943 0 0 0 613.2853657812778 0 0 0 0 0 0 0 0 185.3381018133033 0 -20.19474368338899 0 0 0 0 0 0 0 0 0 0 0 0 -42.97632816737222 0 0 0 0 0 0 0 0 0 0 0 0 0 0 -65.85739647996834, -134.5495878932525 -370.3481612370499 -553.4590508990184 -509.1454894136235 -234.214007061809 -1439.931751770328 -1510.218772642951 0 -1488.612997045279 -1835.880442321545 -1135.028081067299 -917.8181833097497 318.5892042475076 -1286.970176422047 -442.5140586912449 0 -136.4745459074579 1825.909087214415 -1365.373388740401 -63.62407885760922 1268.291424897414 540.2602643605534 2297.880686290473 0 -58.19095980967703 -338.6433627144094 703.8017010623759 622.5953057255483 0 2108.441855081927 359.5196886833865 0 -913.3683513238329 -1421.653851131435 62.04626878758586 84.04812180856459 412.4339617040701 1046.909117525528 -823.3729344396318 0 787.6587121845675 -1230.313088761282 -1617.352523170868 -770.4827388863403 -121.6388087012887 -1016.960307133907 -501.3979571215762 0 -478.4856950446627 -1382.686217695733 -1585.073364951962 -1718.70113250237 58.7219249782483 1027.358814077115 -1372.690865106008 0 349.822279223158 412.1406198696004 -116.0485730110746 -1018.833183718541 0 950.936101870305 -1033.309101776252 0 -53.09102696659826 -705.2504324674507 1046.763708808836 306.4372973589793 1697.55546384186 1670.80173056737 -101.4494034535335 0 578.4385207428845 -23.80861286805219 3676.002793914915 919.3910209803514 -677.4667645226539 629.2160354773807 1320.049783626473 0 133.0268573779572 1686.38932862342 181.247499215482 1617.597113386628 724.1491408971051 362.0504040191854 606.595645445539 0 663.8471898914513 619.9162546496406 1016.837669577428 0 0 1090.877935074578 -1162.528873430086 0 439.2571249546986 1135.432838827847 677.0838752336729 -654.3363719104743 304.0322617378628 -78.20443945118552 -1350.557770936678 0 -1101.349729556563 -210.9360020458889 0 -553.9700032936581 139.4090670992458 -1361.504105743022 1094.912805718995 0 0 77.04755921809337 -596.1935968188009 0 -1320.581882331494 -2206.919427182967 0 0 0 -40.59280709445761 -1091.33635291872 1065.656696111957 0 -583.6407060109243 0 0 88.90956565856999 -290.4963597264846 0 0 -1041.715530672048 0 52.81091439948972 0 -232.3517021248409 -390.0392874732671 762.4811641066499 0 0 0 0 0 261.1711553809134 0 0 112.6469807586533 0 -311.3679312780729 0 0 0 494.5349221530209 0 0 0 0 0 0 0 0 -305.7587792273271 0 -296.1940309253629 0 0 0 0 0 0 0 0 0 0 0 0 -635.6217159680875 0 0 0 0 0 0 0 0 0 0 0 0 0 0 -192.3459493172948, -27.74005662222044 -462.302252718971 -1335.126561251529 -1050.311894918415 -66.91373670605365 -1276.016404530715 -1530.502919518141 0 -1133.676380957921 -1467.611240164157 -823.9553705267132 -858.9098347446809 7.553015481704826 -2162.405767713688 -2028.155737290404 0 310.2955146800559 1330.778225277485 -2145.65336756486 -1026.47415128558 -294.5286984182533 -733.1360619759394 1359.680741853137 0 841.6608012531101 359.9824868580702 2893.68916280167 1731.628484621834 0 2114.133538375218 881.1133998313084 0 -467.5353109231617 284.2301559247346 68.14071446341273 786.6543249469722 1420.181826119781 2216.885039545356 1669.285076000675 0 422.9167177644371 813.1522974027462 802.4228979225421 -890.1050082818516 850.4555211617782 789.1606168940913 631.9926863563279 0 -281.0014982723828 793.664991577956 -962.3147901465167 652.6933252361505 987.1155837683386 1945.221243717015 146.7102219062363 0 518.3084086985573 996.0700010303714 -214.9700664116743 -1352.448019198106 0 694.9951124346966 1027.977675774712 0 -256.4487045388693 -90.03524659800195 1171.225163710008 583.0871701701705 1021.771702593538 409.0985456528417 583.8218166945455 0 1004.950947433742 563.1676691728065 1650.611774709076 682.6761017231909 39.48381174072665 1045.777512009151 -362.8910496996289 0 427.0459080960866 1603.515986811584 202.7820087911129 807.956517377959 -258.3899810119178 -402.5346024841599 -639.2888628297038 0 555.3898918642778 -338.2169640843757 1049.189307546135 0 0 -416.4442605024454 -259.7558589410435 0 -356.5082567839171 254.8870492069543 -1454.018828361791 -1335.314477543425 -322.6091617824676 -441.6507384759001 -333.6691147340921 0 -1331.599601524416 -1029.683596178 0 220.8599320540785 -108.7452541394309 -856.7132850000907 407.6400894530846 0 0 -618.0773298525282 -1616.141429199095 0 -1061.044651136189 -851.1387960768739 0 0 0 -192.4283814540146 -256.263503948603 915.6917704412615 0 -929.1395803288074 0 0 190.663512364758 -505.2236448057456 0 0 -257.4855440137352 0 590.5337915805143 0 -398.8162352046136 -293.6968843371631 970.0908597503533 0 0 0 0 0 -119.0405644602733 0 0 -249.5531456481215 0 330.2960903932723 0 0 0 471.1454774501725 0 0 0 0 0 0 0 0 -1077.49683261385 0 -198.7599726609218 0 0 0 0 0 0 0 0 0 0 0 0 -1054.403230971189 0 0 0 0 0 0 0 0 0 0 0 0 0 0 -235.5429104255848, 60.57330649580194 67.88562999545766 -156.7290561453846 -184.412688520892 234.5360349161019 -221.0638671684112 -543.3631729950024 0 -874.9392948810028 -1143.648843681137 95.42276842487087 181.2578741048195 -160.965807503207 -1465.498180408752 -1561.703565566429 0 497.8516475137862 1349.844879647783 -1119.339698683779 -986.9778348821062 -150.2480140810531 -1543.667512524684 -212.5136243944967 0 -71.47977909770194 595.8463432546944 2108.745981065647 673.8485551968442 0 383.310744778839 590.4666343834197 0 -231.2728413505444 387.5287810775412 -799.6790815770888 1044.609292567635 583.255399170803 800.6601712905352 1810.002908173112 0 -72.07277808655954 85.79614728692647 469.5597023641984 -644.8118563230016 43.9735898735928 1659.333920207848 354.3238731213312 0 -140.9529167737554 -693.6689629241905 -2634.566960686147 -941.350971680134 653.6270455973363 -311.2200953350049 -2118.063587114155 0 345.5047311152109 -1519.776783438269 -127.2556808272928 -987.5750350476872 0 -1902.556038026196 -821.0869403662732 0 -453.0716689813937 983.4583018458726 1604.007695198464 95.90094309165954 -1216.292890083168 -654.0288492545885 1642.686109610605 0 134.2947148895767 1264.792183933895 -330.4539749504806 1371.599016351968 -13.45998671632447 852.927306485861 -41.02726438465885 0 -46.82681614365737 0.8782477933241353 143.4620699712023 636.7285227275472 -146.2795818603235 557.577810297635 2071.672594485006 0 609.8168772022432 -1265.406045134142 319.8444901070829 0 0 -326.4029513549759 -36.29228193729568 0 -531.4219475578066 1574.861016296865 -942.1461797696284 414.2974324284107 146.7122657285764 -299.3458742344927 189.5116296753105 0 -838.231656660203 -863.1670742325905 0 -48.11222105226453 621.4652815257069 -283.9096354304208 1276.54105655995 0 0 -820.2516596543563 -1310.054057748865 0 -626.6601764644103 -94.26743440524228 0 0 0 494.4868648173839 -365.3338923843006 277.1774435882771 0 -266.7179343371022 0 0 -230.1613265873012 -210.3747436729035 0 0 110.8165383156037 0 -271.4206393061345 0 -67.80343094240629 -142.2115953699279 768.1986384463984 0 0 0 0 0 96.54141237915954 0 0 -427.9124219078424 0 241.9772377247216 0 0 0 364.8411582545463 0 0 0 0 0 0 0 0 -179.3836486498956 0 58.02715445263368 0 0 0 0 0 0 0 0 0 0 0 0 168.118842832897 0 0 0 0 0 0 0 0 0 0 0 0 0 0 136.474386872832, -207.3749060827257 -814.657548719429 -710.0863499350849 -124.2299715016365 -50.04738887832264 371.0366505516462 -210.7408129696801 0 559.833059165494 -390.9120495004923 280.0448511385684 311.5547217226578 -342.9464483425626 686.6137729363192 214.3159595914535 0 428.4990960094391 723.8987077883446 409.0718567079298 -461.5005991060581 0.0701190578471369 -1256.486422338356 236.6486053938594 0 -1316.834816114994 -173.6235020967889 -370.9141216174806 757.1615240803069 0 -190.7899142396262 -296.1760179991567 0 -509.2371162561305 -1040.165694592328 320.9850299643779 1378.349557091411 112.1586709944865 -758.3196908416714 1046.524849133487 0 -889.6951386418918 -1102.877495498338 711.7535140004906 116.9943465084338 -522.03694202023 503.3679096593086 240.9316515737225 0 -920.9852761495781 -991.1160610155516 -3155.736151972394 -308.1056099621874 -371.1190480775387 -1533.360556194132 -947.123218103339 0 -94.66973538417193 -2854.461722344777 -156.2265129863465 38.79926019371578 0 -523.4942029240403 -239.9024079491933 0 -499.143290671037 609.3303057555061 -200.249562224493 -472.001856446238 -1434.544845004234 -586.1442169308345 1363.649378692014 0 721.4385128904948 1263.515706839237 -407.0126971030659 -26.19907152069561 -87.87605013978805 -97.82725608541887 -108.4174650173658 0 -186.7494029696464 -64.98763371973618 -59.32946889006257 1017.379793598914 -229.587525593493 1491.714319674734 2878.41720837732 0 531.5764621444257 -2318.263369637699 588.926805930146 0 0 129.8051648932612 267.5196443298398 0 -108.937609194407 1493.659036127585 385.4010347112241 756.8593304293972 693.8508214550643 1717.01186994723 -990.297668519062 0 -984.9807253970913 80.50396499354582 0 -1035.902655042714 550.9084924965715 520.9681159305736 318.2031858292612 0 0 -767.9230678992678 -900.9328877558005 0 323.4398917559462 -1044.899749090284 0 0 0 -325.8036369486367 -705.4948843674813 -459.4818068163498 0 -396.5826113166232 0 0 -588.7636293358094 -29.23930292574713 0 0 -168.9385808799861 0 -1364.395230461902 0 -252.3434394276048 -38.23966729900987 178.2247757467378 0 0 0 0 0 478.9760008553822 0 0 -680.9089944132087 0 -553.7347149285653 0 0 0 241.2853903740303 0 0 0 0 0 0 0 0 -334.6489941108124 0 -151.3996731793815 0 0 0 0 0 0 0 0 0 0 0 0 70.18659510951478 0 0 0 0 0 0 0 0 0 0 0 0 0 0 87.51330738638185, 134.7298328574461 270.1797880831327 478.7345036813231 55.44869256947791 -46.95705068034208 616.0143798683348 -705.7154216799225 0 187.5072972094089 -1090.966422101966 381.7076480605808 161.071078308534 -162.3294482003731 480.6687368986481 56.75840875726351 0 794.5297286190225 2324.797485660516 1358.140833667844 262.0950755946639 341.5428388880018 197.7017165473973 1259.153287918436 0 -406.5165831819387 507.6317985998137 1992.960927680545 2276.109237298141 0 1031.853933836669 538.742654598068 0 592.2108906464676 528.1244042402589 1522.449256117687 1230.533673700566 -260.7207347897079 -525.7464293363857 -109.6423578984816 0 -372.6549582402598 1684.037754664339 1674.370336270455 -354.2843880804357 176.7110649468816 -99.32741218837577 1487.11064067042 0 -829.3799059429683 -1129.192767100034 -2571.134396701893 654.3814222352239 680.7150657259172 -177.2194308657981 -398.3427048263096 0 -931.9898194071144 -1971.274925064016 733.9764296369558 -304.0830210643096 0 488.5140751358222 -1057.273848499033 0 -654.8412644115524 0.07004629227333226 -1207.182490234605 -779.3542355222423 -351.2052838873669 -849.7211356547298 507.1547518249314 0 642.6447156743515 404.9384471578559 325.1985030483731 -360.0929432883834 -160.196060395482 -45.99945688546913 -951.439063797106 0 277.4190422987363 605.580940657019 -19.49701288408444 -247.4619384558663 43.39245370890228 1519.313877548218 2186.088865808499 0 465.0488015462569 -733.9465086721757 327.2962233068117 0 0 333.261448863936 298.5735298073151 0 -208.366770918824 1466.160118882458 908.936291337496 371.3567522697516 531.5549343638911 2576.9236250604 198.4605028145515 0 220.1295836660779 -905.6186586925016 0 -1301.38182274612 692.709711151864 879.298352271211 -187.0886266345888 0 0 834.7325878635554 11.90274277714707 0 859.8014691870153 43.6998491106115 0 0 0 -486.7831923068677 -1289.391909388869 232.1685872874434 0 -895.2677846141277 0 0 117.7250258101052 440.3028438442343 0 0 -193.7197868281747 0 -431.227746897186 0 -735.9076452058803 -528.9589889134737 473.7624262826647 0 0 0 0 0 128.4801173821052 0 0 -494.1443178130857 0 -430.0130217999524 0 0 0 330.4223011067253 0 0 0 0 0 0 0 0 -642.7275671099186 0 -28.53104648430721 0 0 0 0 0 0 0 0 0 0 0 0 -234.4432983175178 0 0 0 0 0 0 0 0 0 0 0 0 0 0 14.00705055151936


GFLOW: 0.288 0.1740176951532451 0.1732357209887739 0.2744714007765935 0.2732977557862089 2.941759048013211 2.941965843542043 2.836136990015044 2.836803998121734 0.001041890301594632 0.1299164003698428 -0.1157873274658657 0.01648399995895058
q-corrs 12870.78545908811 30309.86129390111 22248.05899402898 4646.249819795483 -245.5410259297869 -3583.927642082054 -3932.868572770231 0 -1289.870883703631 -3600.550764007263 -3749.466695969177 -3008.699286371788 -315.5387237722272 -1318.893051140852 -2442.950903411015 0 -556.6790376715437 -1958.416088629091 -1592.399117066712 -398.7713046792061 -577.5625406276725 -1185.261194334191 -85.99202558832201 0 -835.133918158285 -316.0384503108135 -1124.631900341858 -82.09170398213051 0 -2057.266296080239 -378.9108583100544 0 185.7030723868295 -720.9329126074447 243.8420581119153 -437.9993042234748 80.85242042747262 945.4799924361395 -848.0809664666335 0 -599.986503499053 1853.508389899868 103.3260425761893 -261.3194496163733 143.6197569376333 -301.2655655228973 -602.6387145758108 0 848.1467509298338 -243.2230647355725 2165.683597883693 74.43879997661008 14.65764263417216 -1304.895424567342 -389.6447289774422 0 44.3088825775995 1062.047671267664 -750.8848927765172 -770.5185070051937 0 645.569462576665 -2030.766142423187 0 -58.92563473428517 -56.91863675010273 -191.2504716830968 -556.8447543057546 230.4607269953408 -563.3536113580442 -63.27887397750338 0 -202.4670114289308 -425.9948688152685 729.57265095617 1006.983022483836 -124.0389693684225 -970.9278557115259 883.5595824755624 0 -165.2698156076115 -154.7557068806448 -436.0339260481053 913.076479746145 -318.1820673363453 353.7680614354315 510.0230711349403 0 -345.1778396048251 730.0624688266323 1331.114084606854 0 0 473.331763184556 369.4494856031256 0 -35.98145862571934 -631.9334847293212 706.297123440241 263.4201234408443 591.2256185579063 980.5261932249874 237.2040738708751 0 335.438842774388 208.2347369485182 0 782.4395007139784 -418.2611436871854 280.7454582347875 -568.637048599776 0 0 493.4713491565017 894.4713247063272 0 222.9475130178807 445.5571887993065 0 0 0 -818.4373654764461 991.4253413319459 -46.62153858224707 0 387.9037268816808 0 0 176.6334479555719 761.1395084911296 0 0 220.0570936886016 0 -475.5513670106287 0 203.815727706219 350.2709529425447 270.5496404083926 0 0 0 0 0 213.7283684987347 0 0 -140.5898240275208 0 -132.1060172567794 0 0 0 -102.0076497119857 0 0 0 0 0 0 0 0 -335.290608710426 0 -321.6201590728422 0 0 0 0 0 0 0 0 0 0 0 0 -383.6610701200015 0 0 0 0 0 0 0 0 0 0 0 0 0 0 -104.6458399575308, 5063.490180220246 11206.53530015312 7084.886691818206 833.6331201920771 -789.0030868655342 -3529.657285492219 -3259.780887085048 0 -1064.354744778597 -2916.965548567936 -2520.304970568664 -1991.170859818102 -453.1803154207206 -859.3473267816325 -1684.377239504216 0 -473.14853096321 -1690.502347770697 -1116.411658777102 -151.157689419062 -420.0976159882865 -893.3915770276028 -67.10241105572047 0 -595.8531202606609 -264.1147045428328 -847.8094214301448 -245.2094668310641 0 -1768.490958479097 -950.0717217616261 0 91.63691448032125 -849.1520500684051 -178.5224511696559 -506.732825509469 -69.88958350905068 836.1170010096869 -737.0820854117114 0 -543.1795281575984 199.1383732443466 -281.1510335317739 -262.8849108605292 -38.06325121722519 -823.1302223186202 -587.4756963533333 0 506.8112855707943 21.19082497066755 1486.397207518452 -140.1008334380197 -271.2902205237517 -838.0098635240677 -764.9374744929078 0 -26.09087013649599 869.4491537823974 -781.3052087269746 -659.6834607798316 0 272.5202417928276 -1074.297014302118 0 44.26100104223539 -123.6567533493579 376.2737587179786 -266.0585437728632 319.4800977244523 -763.3245887926577 -138.2457863453837 0 -423.8232760200146 -363.4958670201628 141.2233993822415 905.6936085960693 -15.74575955479963 -357.306647586598 302.0611771291919 0 -238.7623987244361 -142.9136275770124 -283.4816098357944 164.8712415471952 -326.1293190681606 -9.334958965934106 880.9631628940671 0 -55.43891633283027 100.3476403415741 382.7799866855063 0 0 -29.47650310561846 -298.5081678562845 0 -145.3167579469822 109.1558192329861 77.68856863009358 525.1759100498167 277.6923601438567 248.1256310594197 101.9081864422146 0 76.17788805840192 -78.46810416503428 0 -12.30675345349519 -55.85467821698902 -341.3300234381668 -219.3446700504038 0 0 298.5129243159583 488.8586616509557 0 -345.207315738921 186.5229692893812 0 0 0 -503.410584589536 66.54104751572854 -152.4668218632532 0 -99.40085344655503 0 0 141.2837926371437 409.1347411749231 0 0 93.52447664617465 0 -480.361886191173 0 -111.8622493153359 144.8751594105189 54.0962867983464 0 0 0 0 0 274.2069708015247 0 0 -106.0293376429035 0 -413.9202006994948 0 0 0 18.25202270935924 0 0 0 0 0 0 0 0 -297.9232871612787 0 -277.2764629234081 0 0 0 0 0 0 0 0 0 0 0 0 -318.3642469741991 0 0 0 0 0 0 0 0 0 0 0 0 0 0 -88.26832726805119, 39.21747254958782 -395.5106990063595 -1003.518450231634 -599.7880969552078 -480.6354865173823 -1620.581908223859 -1314.03451660783 0 -705.8827629268405 -1289.142517096203 -648.1775724223249 -560.3818835149051 -156.3979128371517 -404.5646859417404 -510.3399170433293 0 -106.1116225681674 131.2614608831822 -326.6703690081171 22.60133517314934 274.1242498038665 -208.1218696469906 488.4228609568105 0 -355.4804951973118 225.1962006078132 393.8677361256289 536.7312587136738 0 -250.3114947524966 -202.2166199558755 0 119.3635891838924 -595.0122004539124 26.99750289913828 -211.7643981654337 93.31167379913526 1394.435280401532 -44.15090505126494 0 432.6555404164806 -140.4502500906556 -547.3637439327968 -165.2234971218675 -174.6907203107834 -426.2899689850725 177.0172088848967 0 -57.17007854304856 -233.0750929496876 134.6009897105532 -694.9045689107928 -260.6574309666679 268.3674776416414 -474.4615792260623 0 135.7353119746736 311.7528917188074 -160.6732085304364 196.4141707164228 0 -212.0220575389569 -194.2949501326515 0 111.389268184117 20.65327962229117 1180.39849086433 284.8679033632669 483.2793299684462 969.4989100150833 -368.3474004414948 0 -238.603539120039 -83.31644628418209 1388.440808807497 873.3116397722879 -91.40347899468009 536.5674306320996 528.0597339469221 0 -157.3043985202092 728.3780386238742 167.750581151129 176.815405226018 723.8149780098558 50.46550513934409 1087.255227984961 0 233.7729499715308 107.1046549026525 869.3662440720343 0 0 346.3772781759327 -1101.824955059096 0 268.7620748932494 816.4958263692176 299.0186673002761 543.4193055581588 156.5061433983964 152.0135425049531 -724.9837683671605 0 -378.9834528415686 393.6921087987996 0 -853.9905701050643 307.7605841833648 -863.2677791840069 689.3144704743122 0 0 119.5199953867932 -58.0676332464638 0 -489.9634584062178 -1084.782752595726 0 0 0 84.14665825193499 -1052.400727560771 189.1429637714053 0 -143.0446783859588 0 0 54.37209936661847 -127.4828265182511 0 0 -438.026990480931 0 -244.1466171114285 0 -194.564458949371 -207.4567902167789 258.1295395287581 0 0 0 0 0 246.4465160157809 0 0 -5.726891821891911 0 -316.8123590103971 0 0 0 250.5968624636118 0 0 0 0 0 0 0 0 -2.644831385130232 0 -76.23323702254874 0 0 0 0 0 0 0 0 0 0 0 0 -48.15006787406848 0 0 0 0 0 0 0 0 0 0 0 0 0 0 -25.501559842292, -97.3959015787608 -391.789607487776 -718.0639552441367 -476.7083653418404 -274.0415379822435 -1368.63586005942 -1175.44904318402 0 -905.7278225662074 -1055.029418926412 -919.2596425529582 -701.0144663199799 227.2577247228807 -1068.179246757463 -533.3332840483558 0 -8.047486258192748 1088.088300361334 -801.8604225130123 -143.731490102388 385.341659514503 168.308566203639 1240.610619550716 0 67.68363554317061 -211.462377160701 572.5570408823648 623.6885609745162 0 1255.346949805277 364.3617251782648 0 -433.3489587091644 -860.8758492360671 119.5092737780595 -26.24204963424091 136.3079391849402 997.2118136373136 -112.2832496434349 0 720.402863356717 -412.8055245002404 -1054.177802330658 -360.0087604690693 -139.9355221197806 -617.8124298478979 24.12671544678437 0 -191.0012775675563 -555.1040350887517 -562.7513609507305 -713.707293513809 70.47971549265199 625.4824143288097 -338.8812570286113 0 1.716010833731758 298.6054171294475 96.03401285803812 -214.6847341700255 0 470.4112172649092 -445.4314016963399 0 -14.21485918955479 -361.8098702867204 1044.840922171988 275.3791255947126 809.0769194528958 1294.447551511177 -93.23076747616994 0 208.0457678229083 -43.72369731558609 1934.008439942167 869.4807685205185 -349.694137186166 600.2878104911099 852.5692350075667 0 57.27329958484992 922.5642538248489 122.5009683184855 861.2210997924398 602.148510182055 131.3089511221516 559.626171326525 0 348.7912558970042 317.17435583047 920.5186337957921 0 0 675.287576878885 -728.5413421945864 0 295.0215696003261 805.1835216598124 443.8788209215536 -214.5040544578779 77.32588619297546 -117.5748808568047 -938.8818636126456 0 -606.3852043601516 -22.11036739793255 0 -567.4788772915881 178.7520860858627 -808.5602648783879 915.9617677307738 0 0 83.35663948263412 -555.6978083986621 0 -623.124329570255 -1483.919981385805 0 0 0 192.0018319770047 -912.951585176856 731.2403532247877 0 -150.6104935574382 0 0 77.28098550081265 -188.8343856229919 0 0 -581.5522060530902 0 117.4914126050836 0 -54.74682276591516 -274.7766210665931 594.7807275046036 0 0 0 0 0 117.3109713119812 0 0 -27.54448196614777 0 -80.91405610172521 0 0 0 241.1084504513566 0 0 0 0 0 0 0 0 -285.9991589332273 0 -133.4983242768087 0 0 0 0 0 0 0 0 0 0 0 0 -377.8361412929218 0 0 0 0 0 0 0 0 0 0 0 0 0 0 -108.1293494910346, -32.75111599005868 -308.5614868307114 -796.7097575294282 -580.8775413808683 -154.175677640062 -1070.729283026785 -1028.208950264428 0 -765.1255912332948 -907.3939668680362 -644.3015227075082 -618.6043104650736 9.504425980738937 -1491.60312494469 -1404.192132259513 0 309.3344204806367 839.022927790664 -1047.171104024376 -655.167562437694 -310.8466803697877 -459.3576260423391 713.7674536277962 0 318.2806628338876 -26.43734442470625 1483.582235817929 1153.087041331796 0 1334.149811239751 493.4983597848188 0 -381.4186614535341 -107.4858374749313 26.65575867825476 231.0959605759579 713.2835571363482 1394.354827980471 1044.461422726634 0 463.7970787699802 435.7524148809921 35.73115793109707 -425.6877986419154 365.7286415707367 156.3538170518408 501.9986514170535 0 -83.1488149949796 352.6732419658346 -494.6602643181608 222.4265431116374 598.4682009464871 1133.284289596275 35.27796803040098 0 159.5369406614304 557.162194419519 104.8439704222123 -305.4835692439262 0 403.4835773033644 726.447841820361 0 -122.4273119806128 252.538759952193 1196.716853240964 419.2960352155482 438.2953537896226 400.9115367367947 458.421103206617 0 291.7244912038365 250.8130670513714 1051.379362011609 854.2022389149467 19.68900754674814 850.3482129432388 150.9333463328081 0 269.6431718940023 767.4306391439702 93.15174897186955 475.995694263631 -41.922759588573 -157.7256317372456 51.67091839654563 0 491.6179804018998 -31.32837378893953 340.1117616819892 0 0 -66.49302938878972 -80.12953649740206 0 -128.1600695801733 456.202613838436 -700.8228724774497 -862.413776323458 -127.5610609088681 -428.1447157218659 -388.9552179031264 0 -700.7366275415532 -660.983548963081 0 -54.06855366208772 14.95464006304439 -598.6670778896337 316.707958918323 0 0 -372.3717344015993 -1062.930001118198 0 -676.5084074080199 -654.7466887072306 0 0 0 -45.87528671271809 -418.6464708605567 544.3955630583849 0 -424.244255726959 0 0 40.65553515905679 -253.5098378103832 0 0 -190.8906417779251 0 65.86667051719547 0 -122.0581538152209 -191.0356722014721 530.6220620732399 0 0 0 0 0 -30.17231499098166 0 0 -302.6334439585287 0 -67.94165720054741 0 0 0 218.8716496635658 0 0 0 0 0 0 0 0 -821.1041036117306 0 -144.2898105653874 0 0 0 0 0 0 0 0 0 0 0 0 -707.1888645637505 0 0 0 0 0 0 0 0 0 0 0 0 0 0 -166.5700367691069, -6.716017212464806 -122.995817120764 -336.6174128945707 -244.6355827226984 -34.18131164913601 -526.5844489082766 -583.1144920683111 0 -541.1611918541414 -742.348959918967 -112.7478750464216 -152.8213668320601 -179.2401082256258 -933.9039433064418 -1196.37239318554 0 393.0181140242056 556.6650222606922 -432.7005755851246 -612.5969748340456 -200.7544432067766 -899.6755281458481 -239.9450679446607 0 -260.9199979982667 157.0858144409604 1022.043621739226 604.6469390099335 0 270.9914428556152 269.5657375192993 0 -204.6198062294846 -15.66024539634986 -375.8004994958479 360.0864789090691 364.0947080959106 446.3780509101932 784.0830252160289 0 82.70067799120545 -119.5024089680725 371.6876508272711 -369.9722470598989 -60.30239164505792 931.2242452139919 400.7271166935523 0 -57.56188731154641 -398.5118407305446 -1559.42397386505 -532.8777778772715 540.5305846915963 191.9641944378262 -1343.942798285563 0 272.5975322050224 -739.2494936021176 13.3483691014506 -242.2709671948045 0 -549.5058492623389 2.728674012902786 0 -217.6661877839709 983.2875064932874 1063.133957432705 2.976487173832936 -779.770857785392 -555.2985201904528 1140.565466771563 0 61.08053007211004 666.0640909945391 215.5002225207313 1064.875705351064 165.0718727657809 545.7872432464357 156.2066443602958 0 210.0270485491146 200.2301954641467 26.39871961738713 409.6544802030123 -92.68909284105234 498.7478771927827 1281.092527376429 0 507.4604126714939 -441.3171755459184 -113.2017449722545 0 0 -182.6621272822648 -166.3611678220146 0 -240.3240500317139 887.2204213149103 -539.8654147916678 -189.886283420557 107.9213411417908 -386.761057196216 -206.2031956023036 0 -602.0352519878487 -636.1966155545374 0 -256.8905961100048 276.6920578207267 -358.8364432078457 382.89823260677 0 0 -610.9453532382106 -1060.722186106849 0 -502.996446062893 -261.8931655177955 0 0 0 109.5802604543479 -426.4652651145606 107.9112367614863 0 -257.7887925991882 0 0 -184.7557662891215 -258.6544929773315 0 0 -25.70513663897302 0 -259.8945208460329 0 -60.17637646207966 -139.1987489703752 379.3323273691373 0 0 0 0 0 53.58353860990881 0 0 -295.8178296454799 0 -43.94586735982207 0 0 0 235.2911711221126 0 0 0 0 0 0 0 0 -250.3122110608842 0 26.2555789767968 0 0 0 0 0 0 0 0 0 0 0 0 4.730731514435845 0 0 0 0 0 0 0 0 0 0 0 0 0 0 51.05688441661795, -116.120129425597 -445.6113453133942 -438.1833413693013 -134.6454719730178 -113.6582659719788 -92.76512436995949 -235.9323288056685 0 105.9190783890351 -319.6497670780859 240.3290058177799 156.0164599220722 -212.2701299122089 308.3647403485854 -65.32367253278835 0 344.7928649764038 693.2196038857876 465.7770023260449 -172.6688152321377 165.4187496604863 -504.1443641905841 23.43412218967273 0 -580.3854518023279 19.48978945944906 237.3277499912335 575.0289883085399 0 84.59816981649392 115.2891393533371 0 -160.3243697649409 -270.5574744207051 104.0693304510148 645.1441686920512 -102.9582437836848 -402.6151511591422 275.3102855455627 0 -255.8261957861163 -709.4116604613463 608.7036175182861 -182.2176217790629 -233.5467013085269 434.9722040186441 413.0951626859598 0 -473.2953929728844 -628.9413206155269 -2577.522136590892 -513.1254841461902 157.7634265143725 -526.5864985431679 -1180.423293998685 0 13.52893882563059 -1638.621454357718 -86.96525973449815 -318.1678410625011 0 -128.3296591103425 150.0556420404977 0 -336.1785960778821 362.5086415204545 -387.0804675990485 -392.1450272153289 -1009.300137753107 -688.3736505196514 811.3285182251371 0 568.7470513942393 824.49824429055 17.90818992072263 497.1810481842064 107.506423624247 111.4503704082819 133.8742965505755 0 38.97685497551007 3.191189984584412 -120.7890646193598 615.3050087281657 -107.9178636395778 1150.526922705531 1874.949388944465 0 449.0678141454296 -841.6523134004982 261.4103687590284 0 0 110.6966707632306 -159.8850397352415 0 -55.21676333992549 1024.783542270582 430.3887110542132 315.5607505050396 482.3639358789336 673.4536412275042 -576.6601783110752 0 -425.8101583805114 -41.41502354479331 0 -605.1963913714746 322.9675224511451 124.9433910818859 345.2977273397769 0 0 -327.7874590567565 -529.8819408315828 0 83.85994379783065 -528.9723213411996 0 0 0 -77.6195403170284 -452.6149225022961 -123.9190544988485 0 -169.0912916768663 0 0 -260.9631007162113 15.56590948142318 0 0 -101.9202028249262 0 -656.0666865280963 0 -99.6048737575704 -66.08525760188891 187.1674545349271 0 0 0 0 0 221.7422722158312 0 0 -391.5993494217022 0 -321.4486162358154 0 0 0 177.4362634638484 0 0 0 0 0 0 0 0 -285.6435295058008 0 -37.92011034958215 0 0 0 0 0 0 0 0 0 0 0 0 -1.582769700497167 0 0 0 0 0 0 0 0 0 0 0 0 0 0 40.24863717591124, 57.48568862240836 190.2050984391618 265.0526611461822 12.18009408904388 9.22482278555178 92.05778037429235 -457.0960632864965 0 -31.97250069464106 -574.1617181348252 221.9397036102811 -23.96723662878608 -127.2305713878267 203.8733714387122 -60.49666338966307 0 501.0169287259003 1538.135517768965 803.016347305437 193.9912267758488 374.2997214809043 226.8993814172392 758.6947707086758 0 -153.3366623581633 311.8319217365728 1165.998025493288 1145.651919289399 0 757.1040119703226 544.8793173023191 0 216.6595167280422 402.3213271244756 805.8317981329863 817.1021477868258 -283.2189856668008 -496.4621754372778 -225.3928547071541 0 -69.97911374317665 699.440642083414 1094.278148539799 -391.300790520484 141.4046861172159 12.51463639258358 984.9824053245987 0 -456.3317272720448 -757.9123400288929 -2540.746934438415 -51.73883212697504 589.0180580390679 -10.88047752705522 -1008.444131785092 0 -685.9491202958018 -1447.280526884903 387.6791374337582 -400.8606073580825 0 -19.43098856939832 -232.2153999176646 0 -451.0349381986298 -532.5366018784133 -1064.428534448761 -523.0697631342071 -526.3327821873917 -886.5087061465621 14.30620812898383 0 347.3524989264615 396.4224181816664 -2.950231758063978 -39.0345083146494 -60.89845840486529 -96.78974581303123 -297.3575294573052 0 176.3026662426144 78.36147518038095 -100.0791645146808 103.4670579824299 21.32292789070925 965.392885672343 1424.242234985418 0 359.7434702633679 -171.2395780384913 -108.7308494902526 0 0 261.8361233649371 158.875238475833 0 -181.4087008237961 1036.676473592967 750.8444403588298 207.961492195422 443.9442844001387 1146.497107880793 -9.273422423397022 0 232.3090122435379 -547.4787035733951 0 -467.2274154623661 423.4136039923534 370.551577699459 -6.646388616944648 0 0 567.820132156457 139.9538564376315 0 189.5952571193961 -50.62692073792191 0 0 0 -199.2980198769875 -527.3324599027346 237.1697095430837 0 -609.0063224461804 0 0 102.1284486780718 276.5067557515201 0 0 -109.8618495199583 0 -321.9092460710596 0 -425.5392404148488 -235.0293753938234 297.9307165268785 0 0 0 0 0 55.14063409633583 0 0 -265.9579325204525 0 -251.6949823212449 0 0 0 174.4636551110068 0 0 0 0 0 0 0 0 -293.9031288314345 0 29.09470242710755 0 0 0 0 0 0 0 0 0 0 0 0 -87.18844224758507 0 0 0 0 0 0 0 0 0 0 0 0 0 0 -0.9001851324721741


GFLOW: 0.36 0.1263421664329446 0.1257130594873265 0.1891917403561142 0.1881999874299216 2.963263438068528 2.963434666511765 2.889032811003863 2.889579508299813 -0.006843658722713663 0.08569513391498283 -0.09623662823025418 -0.002558476241128091
q-corrs 6784.217229986622 18855.74481526363 16813.06149641993 4629.100119450677 825.7776255340997 -159.9590416488996 -1512.408736827595 0 -892.0435041362419 -2502.343984533901 -2577.323729914808 -2064.049204969183 -279.4594723610111 -1103.185046171062 -1904.389297308358 0 -429.9594640385357 -1687.306674815784 -1305.833965305358 -453.5262474014803 -532.2242833148633 -1110.916804041801 -249.4529820255663 0 -644.6942386673379 -294.6602838129932 -1017.767961716785 -238.9840999808175 0 -1415.96937404207 -538.9880522052229 0 84.45552253332724 -593.7498223754986 113.3134929159004 -363.775249913101 6.846375707673644 527.8004160036101 -576.0556958058266 0 -324.2849025044972 942.5486368621835 -12.48061970937039 -79.65766250402493 -15.38027978695433 -325.141159343045 -411.8292065771191 0 519.560534775342 -228.9398979239302 1313.31061318723 17.89840552060761 -9.053648104598182 -773.3988546964066 -248.6738541624744 0 -53.95581805759593 768.3024472803346 -519.6145461016256 -414.4974087908375 0 434.6474394224954 -1140.958875676934 0 -35.72603370708095 -158.569714760289 13.97337675731973 -320.9115208716397 198.8470315596738 -398.1030296558384 116.1623226191972 0 -211.1452571448277 -366.4545098168889 327.9880770699723 627.0802989053341 -37.11320686976242 -418.2632336580182 478.9779903172126 0 -72.00010808571929 113.9731009699663 -287.8892421840042 605.5425114996128 -204.1326795294706 221.9975064638468 357.1986266524074 0 -140.2494750983161 565.7015012180168 1047.405803355168 0 0 294.3570737432551 447.2115409296874 0 20.605823589804 -315.8505491288165 418.7726724159612 297.1590198994368 364.9573098894923 744.7707516015696 237.7319725106172 0 256.2631867385693 251.8251934600672 0 491.5797600613321 -215.2019881488395 241.0973718869124 -217.4148090999137 0 0 306.9239271429286 729.7615853753805 0 217.8403544936527 348.4087978216359 0 0 0 -465.3864094589042 590.6053842069574 -91.60788827185159 0 215.8690814397371 0 0 106.9557890016069 506.8583756792024 0 0 143.6153086590725 0 -460.2242377203834 0 23.09812677121161 209.5430048916922 8.886213778474648 0 0 0 0 0 125.0755370672151 0 0 -154.4144123805738 0 -361.895381093126 0 0 0 -88.5256504940113 0 0 0 0 0 0 0 0 -296.4686453871807 0 -235.0089604853154 0 0 0 0 0 0 0 0 0 0 0 0 -268.3032876603222 0 0 0 0 0 0 0 0 0 0 0 0 0 0 -67.25632927315783, 3152.500116020814 8475.792194856331 7077.645624509842 1671.612884840231 5.814536884706371 -1318.186234124456 -1734.086808831055 0 -796.3662086451592 -2080.682444998653 -1924.425371377839 -1517.371950575103 -284.6525971238484 -831.866933019209 -1418.768761345739 0 -358.3896297716827 -1366.264307016657 -987.436697351872 -266.8879261614829 -404.2263876865716 -865.8521816272812 -177.3379301399312 0 -494.9089626054712 -207.3675518556342 -751.3313876132016 -304.7208362907481 0 -1205.788544941003 -718.9930202112415 0 51.20001012378439 -589.250918199331 -172.0200895270191 -413.23160278402 -44.30999766754445 485.2465976485164 -462.3116141314692 0 -290.5327871006231 57.9167205060001 -237.1341148482907 -56.20711843937316 -114.9178953772073 -487.5497349255575 -452.7228755732318 0 325.1320634273709 -56.27322932659655 1078.377159997038 -88.49300615721674 -181.640950758429 -579.1606734806342 -320.8228117934477 0 8.167471284878459 617.8640712311689 -498.504830575689 -309.0896304758023 0 249.2352202363275 -851.9004154179391 0 47.09677863809317 -78.84529915514389 334.2127004500831 -194.552702837546 284.0169262963879 -368.3429531008591 117.5678925069467 0 -326.7457907552682 -353.4415332074219 -27.52933111709649 508.7336312524349 -21.08001047472681 -62.1161731330771 175.237093174263 0 -125.3323565834444 -26.6314880481896 -213.6044957104807 118.920715452747 -178.0551803640156 -8.641392942358408 472.2302075451915 0 -12.20532293539962 15.65772081121438 471.518440643697 0 0 31.51622833744409 -141.5782897869738 0 -70.66787022866967 77.9713820535153 19.8819746922216 355.2411590122227 186.5940949741501 244.8793068740191 51.05413802373302 0 21.74144969552282 30.48814317524321 0 -7.856341426651611 -22.2149111136884 -190.3458742341757 1.666843366065052 0 0 195.7140656534276 392.0107665802385 0 -117.0974818272187 91.17636802243841 0 0 0 -247.1880450609953 29.25114675400658 -95.76640672340082 0 27.84566458457984 0 0 78.31219981009386 240.6642625062688 0 0 54.06383548957437 0 -396.9637819497517 0 -71.47763390464661 72.59818412301595 -33.26590460509202 0 0 0 0 0 123.1854644457242 0 0 -137.8957652959951 0 -419.8827128172348 0 0 0 -19.16880214942999 0 0 0 0 0 0 0 0 -272.2641373662874 0 -197.194185105452 0 0 0 0 0 0 0 0 0 0 0 0 -224.2498106497839 0 0 0 0 0 0 0 0 0 0 0 0 0 0 -54.93158643244791, 200.0378362941584 288.6746916412155 -188.6562030807839 -301.2114396926446 -346.1466882246857 -1300.508686953917 -1081.107975770254 0 -538.7584035536266 -984.9943236928555 -768.0734568506231 -574.3844142542409 -60.39089088442002 -460.4751951243708 -471.1120385260394 0 -112.1979777288968 -57.36433700008664 -322.1945673464527 -20.36162462829658 54.31713638027303 -187.7391620278377 230.9682623618698 0 -213.9549916642258 113.9344490330663 219.0043951112066 199.7395036785277 0 -196.9290246484256 -144.2272694517478 0 35.16867674684957 -432.3322207029286 -124.3648299966216 -175.4130024126862 25.00553700824418 813.2955867957835 -8.924352073815044 0 272.6787475884956 -220.5952053894277 -450.3577713045952 -49.33590912488731 -162.063880125836 -295.6779797674336 -62.19371412735666 0 8.771725227107694 -31.10067335690152 495.6355350736098 -251.1964631057381 -199.7281465472568 88.12714730353966 -11.8412137850824 0 122.1281611410357 328.8872807268277 -86.74133977699603 212.1986605362172 0 50.80835701027999 -303.4394363792235 0 93.89270512533052 86.7305565388026 914.4261044230761 142.6679329251564 437.4954185775542 694.5282287392738 6.401917967921293 0 -168.2392987059127 -132.592295586814 710.273899742994 576.1979233771202 -103.3430419956979 536.1056620164888 364.850912869351 0 -64.65298078949925 381.0966906977115 68.23275321477244 93.57258683894929 415.1209823230387 -18.47734221700986 634.3255357219042 0 144.8082860102002 -77.46226550330846 592.5074769774017 0 0 234.0456172550612 -784.5040711898291 0 109.2329271413585 541.0371836714492 97.44031811621119 337.0432053248871 71.67551311506499 0.3531865644621917 -539.2285119298826 0 -285.308877743976 151.3127281239965 0 -657.4652280333573 193.8326383248073 -590.225709280047 554.9520709733192 0 0 77.76007189460353 -127.6183590214211 0 -285.4830228740742 -766.2247630801019 0 0 0 133.7691081279562 -785.2593368445429 134.8929447393035 0 25.81060177812373 0 0 27.61813941846022 -159.1013852994535 0 0 -268.7307942417378 0 -129.8211366747797 0 -61.81013407388591 -180.6254171781943 139.7096196714866 0 0 0 0 0 84.73816488205516 0 0 -45.5249215256338 0 -214.2924464570821 0 0 0 100.9543487774216 0 0 0 0 0 0 0 0 -77.26833059433181 0 -69.09088720988716 0 0 0 0 0 0 0 0 0 0 0 0 -61.12132344725815 0 0 0 0 0 0 0 0 0 0 0 0 0 0 -16.37158824520149, -66.31286421775678 -342.0623403100959 -661.6547270290948 -409.9385640143136 -268.8074588205382 -1149.019450266571 -928.8982078449505 0 -604.2345816276237 -736.2339565670741 -690.4312655050235 -514.2918787853757 119.5900094075344 -792.9881304182607 -488.9861721845889 0 14.2487962747679 590.3311135938594 -478.8256435633311 -172.9884787772303 66.21443447460462 10.75774110202806 628.5738537873797 0 58.54504460359139 -147.3477068653111 345.3218962239361 484.5440634007461 0 638.8320634996594 289.4341327345748 0 -257.836300094681 -569.4595346136049 12.33065737712849 -89.69330047273749 24.04822163680467 785.3829277531354 89.23782275152143 0 527.3570605735121 -163.1609012513431 -761.26036632441 -171.694895079143 -67.78997340079673 -408.4327950253039 112.1289617210981 0 -72.24337964630436 -135.9588942118499 -29.86230140034436 -250.9825212954964 27.98403062930531 419.3255523010902 88.90385513426924 0 -15.05601077116563 304.0192443738764 157.1679261393705 149.4236518650736 0 300.4074811556054 -115.3115434266779 0 20.75446067935765 -41.36985315911454 947.2544858504717 233.1076488592567 519.7529954723229 945.4512428205852 31.13078202167083 0 87.43054429043093 -5.624287372914978 1174.365973648348 666.7233529143003 -195.5081854141982 621.4527487540249 566.1981522291059 0 47.7769691178444 560.0980509555999 100.8234033310895 448.7209489222179 439.6489705789559 41.49001405650228 441.2204399417166 0 250.872708844573 131.8590156270375 617.9118250844928 0 0 426.7942624744457 -527.6060373303964 0 160.4455566061815 577.0488143501213 230.5956863374549 -94.1822335482201 11.99652018321591 -103.3043659421783 -655.1051060750599 0 -360.0495718028834 -19.80639099936099 0 -492.7938494307442 153.4205435529878 -506.1368412773083 637.9429244448382 0 0 37.61673763924536 -433.8632315685905 0 -337.6991807042854 -966.6655375644203 0 0 0 206.5008408657084 -701.9266729168644 417.4485830925566 0 -27.93670782274889 0 0 40.39854035946466 -175.1728269396916 0 0 -338.406762702164 0 91.58380685834669 0 2.815583072905689 -199.0775605691648 332.5522162593364 0 0 0 0 0 37.21999331600753 0 0 -54.51875857121154 0 -37.97809066605069 0 0 0 113.2781353351354 0 0 0 0 0 0 0 0 -215.3477032511038 0 -67.66464071618729 0 0 0 0 0 0 0 0 0 0 0 0 -224.4937842888436 0 0 0 0 0 0 0 0 0 0 0 0 0 0 -61.42191841715064, -33.88225902962949 -245.3108867927153 -559.382775803072 -375.5997084239145 -175.5428741656725 -883.0977938526144 -776.3310069056045 0 -543.8617328493913 -674.3866017926423 -497.9991318711162 -466.8166866487795 -14.68917288813424 -1016.79350725084 -1025.367535347042 0 206.5967494615322 459.2008457288125 -568.291741212306 -477.5631351951459 -253.425190335878 -332.4012594999567 336.7593419804601 0 107.9321259105303 -122.7333231542388 712.4298579807978 745.7361193394777 0 715.665350547202 327.8868390050354 0 -281.672963196579 -215.6518445885331 -9.891962745742035 13.91054739728474 337.78384340496 885.5951175499349 595.197474293593 0 358.1220651758489 212.7986128986208 -231.0130747888668 -202.0084413115101 173.3870385079765 -26.95410655531452 335.3232532058168 0 -5.570131904067722 208.5739479409415 -185.7417116060167 59.37895755785303 332.0149941330227 648.8046468832504 70.56354826862315 0 108.9950741141342 369.2170269209724 171.158165711955 124.1803697828898 0 351.4962712333715 546.5584571976059 0 -54.57686563288001 407.0366022522109 1047.151562415256 274.4796197585433 246.5489944523427 364.8206423227394 377.139891477798 0 100.184897783247 185.7732206979473 840.0988657464146 800.0173123535003 50.75056627885715 688.1957427054099 312.8711011837933 0 205.8067623819293 519.9386429521625 63.59469919957087 315.4578037947607 76.7256154884013 -62.05783169788209 259.8877004605512 0 372.4203776323757 118.2036821820535 204.4488497412077 0 0 86.15008840771064 -54.02266398105839 0 -60.03912362846873 407.6828731809675 -345.8692095024863 -559.9227406610764 -77.32896436028646 -279.0951628992945 -342.4893011089626 0 -366.1528259617083 -398.4336858570852 0 -153.8235496200475 52.45074688957048 -356.274793015118 168.368406057114 0 0 -269.6276216188746 -758.9672369491255 0 -400.9422327198796 -511.3231743374012 0 0 0 -35.0085814708919 -380.8693855161394 258.0090396594959 0 -251.510714793314 0 0 -20.98494802348338 -202.058733998568 0 0 -150.2072755576413 0 -108.3299853202343 0 -82.5733307040955 -134.5353082322506 233.1479047112461 0 0 0 0 0 -13.69238232528593 0 0 -250.4987335936767 0 -207.6990870781865 0 0 0 95.2824444527303 0 0 0 0 0 0 0 0 -576.9061518708077 0 -115.1385417520138 0 0 0 0 0 0 0 0 0 0 0 0 -447.3667347904743 0 0 0 0 0 0 0 0 0 0 0 0 0 0 -104.4978129086442, -27.80893917409929 -180.2135296180034 -364.1698543820507 -229.9265997467987 -122.1516817703048 -575.615585146807 -538.5335183125794 0 -374.7119887974456 -566.8587331416541 -169.9575852711927 -224.8019958752618 -147.7992433457618 -625.2250708391073 -923.7980495403831 0 269.298749891857 259.4692317318145 -179.2180597337763 -440.2310769172831 -127.446209434645 -503.9818319198477 -213.5298848533658 0 -222.7605693721879 50.62595242106934 552.6077155423797 445.6530253508519 0 139.0293887806841 185.4355892408209 0 -135.514327217703 -88.67403761192276 -158.2031851477954 159.3284797012302 177.0989297783994 235.3632952636816 267.8851868342175 0 61.67808612277781 -145.9356016179426 221.032799789182 -215.1132743223226 -72.07333532379442 500.2784032544093 303.5577670023615 0 -19.61172366076458 -227.8020915053541 -946.9103856346442 -386.3123406845822 401.9903766787081 183.1525704896324 -876.0740036315124 0 234.3779548976594 -384.0571555765035 35.31572713651568 -11.90860734741079 0 24.36968509496475 315.0722900395888 0 -130.0804226177274 773.9483973549404 718.0183047026837 -12.80796156343217 -459.996848179968 -400.2230273216941 740.4595419213096 0 49.93370285976744 438.6234294952807 349.6562140013564 895.2657193677076 220.4734721855037 402.5314940867614 247.4565012293356 0 216.103710116447 260.6079201100201 -7.241195377630618 260.7109046113118 -37.44102608240547 360.5098643230272 872.4108403938374 0 374.0012194274043 -29.30170380229971 -87.84223555854376 0 0 -51.33479126620091 -90.69537459213151 0 -146.2846792577256 517.8455721765758 -314.2629919868402 -328.4019306416367 73.46662447334076 -250.0087750885325 -235.6469734640465 0 -337.2551267676531 -434.8836852876266 0 -235.0351115685239 128.9593901091725 -255.9729720927437 38.79959304791353 0 0 -418.5407810012906 -825.6431037461826 0 -349.3344034048792 -291.0891534233898 0 0 0 -58.87866985046045 -345.9346550687746 23.18031368242539 0 -250.6747212037008 0 0 -142.2888790255753 -239.1452965404909 0 0 -65.77352775662007 0 -265.1814230900397 0 -87.34771923838808 -102.2935277088067 161.4134087366151 0 0 0 0 0 27.66641323619759 0 0 -221.2895428165074 0 -162.7496476218797 0 0 0 126.7844104025787 0 0 0 0 0 0 0 0 -254.1478211560032 0 -13.01219937030008 0 0 0 0 0 0 0 0 0 0 0 0 -74.16062248103729 0 0 0 0 0 0 0 0 0 0 0 0 0 0 7.627610542863373, -69.89254111570938 -282.631540440898 -341.643708284246 -145.8304831840977 -121.6780606095521 -274.4189289381183 -283.4118440536448 0 -41.69937264048772 -266.6551039532148 139.4635945235164 47.20865888959642 -138.6761066503034 101.3568329200535 -179.5386057612444 0 263.9212698505722 536.3239780238321 392.5944385967186 -112.8583663689802 194.79086942007 -123.7734871535935 -53.96449748696131 0 -262.2239958786042 124.1490973960173 393.8634299562133 418.0527928639969 0 130.572435441389 249.029154011693 0 -29.67172009305734 -21.91771887646658 66.43430033113182 409.9762083031501 -140.4588640095716 -289.4181653166763 -51.38342571819135 0 -84.95609704932353 -414.4353763485361 465.589914889938 -237.7752556069216 -120.8394194102179 284.9668174640773 362.3798902402317 0 -273.1404097342925 -447.9653164301001 -1931.604761709071 -506.4626812715655 280.027543820898 -204.4350834535989 -1091.833018112709 0 35.16082656769004 -1042.695711464693 -63.75838675695414 -342.1624653901634 0 14.73982467481548 340.3419278193126 0 -232.9463437409514 164.2855758041461 -394.5725734452033 -269.1854829247208 -728.1401142510666 -617.4474573905301 404.7619088313177 0 356.1753603642271 574.0144400784832 84.57168821535117 580.2316878704877 168.2074263261221 37.4138484170582 196.5575081891802 0 65.24090100968689 -16.09673915593044 -102.5771276221811 322.2733350281 -60.96026118520231 807.4864693627401 1313.369268515289 0 304.9723661451773 -208.2443938205273 90.49358841001231 0 0 85.53089199347133 -142.6600419627925 0 -70.77721309884467 641.4205800117705 273.2569707493698 117.4915597269959 311.886395286323 339.9547228336012 -319.2275729503489 0 -182.6621837217966 -132.70809900475 0 -335.6805008587901 190.7820168082327 -10.82164816826024 202.5044997224651 0 0 -139.421383765911 -335.1197786851448 0 -34.08996101017844 -310.8081007816455 0 0 0 -35.90775046248785 -275.8249984917283 2.132060021797969 0 -134.4365149893493 0 0 -124.8271181132138 -1.215291577452533 0 0 -73.32437263254673 0 -335.2784920205761 0 -71.90010724442165 -50.97181310429699 147.8342946274524 0 0 0 0 0 108.6189324426714 0 0 -226.0186868268316 0 -183.2734402354377 0 0 0 115.3767039254392 0 0 0 0 0 0 0 0 -202.8224061772472 0 -7.091066619917061 0 0 0 0 0 0 0 0 0 0 0 0 -27.62273712615921 0 0 0 0 0 0 0 0 0 0 0 0 0 0 15.48734336294708, 27.56848014162438 105.9676094644606 113.8769919901467 -20.11470545481765 3.071001303122152 -86.04001031182338 -345.536865420338 0 -87.5727654885314 -352.021128549203 136.9438647571378 -38.15755206797164 -90.8308386283844 84.27456620142755 -87.03419047134702 0 311.718262292442 955.3011662720567 528.2704237603211 113.9123160506355 308.9812764236519 252.8749199105949 399.930297820684 0 -28.3513676446592 252.872454746874 804.2768685862279 652.5458591138974 0 564.6350053138362 519.987333161987 0 134.9587791682249 349.0093714892466 470.0967650143642 634.1231455514298 -236.8434243948954 -391.4505729801125 -183.9223621672588 0 28.23015920994546 381.8986605465007 754.6902197030295 -348.3621730205639 106.7755167492945 22.60830138484773 676.480394341266 0 -298.5372816105968 -532.0348451422969 -2134.432219782674 -303.9146575692228 469.4780690171038 26.27896469120009 -1067.052707255218 0 -440.3016737452763 -1076.346049807318 191.3680498064861 -414.1213836001335 0 -179.1396031166108 67.56552062780753 0 -314.1775921118382 -609.0987299367837 -941.0085477208193 -342.3910278262528 -590.6269549872666 -746.4997684466691 -174.0352653750851 0 178.740688892386 321.3772048640742 -132.2860456053078 68.02232397287887 3.087669343824132 -259.1197309246447 -67.63327950424707 0 74.60448162665575 -128.787002579444 -93.77798470175688 101.2029611513287 -20.83764728819099 589.7477222385811 933.8232174100283 0 215.1452826895787 -6.70672098627648 -225.4495657806559 0 0 157.1957547223936 105.7849492078637 0 -129.3011579354482 685.5001672973707 493.7322976616502 135.2226086069967 282.552449030588 549.2580411072851 -39.79782386755228 0 152.9063838969494 -352.6131169031881 0 -174.1009845376735 271.0867364781186 171.8100476618983 81.26782545276444 0 0 371.3627928056485 146.5510698376237 0 13.48971381824882 -58.42999820105129 0 0 0 -30.7261200533336 -217.3490306106392 188.6769746400754 0 -354.1303216228291 0 0 82.09420650285188 210.818134348905 0 0 -62.62715214228582 0 -124.0567464076309 0 -214.2617650221019 -103.8314864714195 222.8593134875944 0 0 0 0 0 40.9095637992455 0 0 -115.5768000471582 0 -63.39532873986622 0 0 0 114.373058029165 0 0 0 0 0 0 0 0 -92.08105740024735 0 52.34409539625222 0 0 0 0 0 0 0 0 0 0 0 0 3.862106939245834 0 0 0 0 0 0 0 0 0 0 0 0 0 0 9.124469195924334


GFLOW: 0.432 0.09592543865731948 0.09544788132019719 0.137599730484969 0.1368238159209922 2.974831739045675 2.974965368673413 2.919916943009425 2.920338029458247 -0.008127943677208036 0.06196680795434571 -0.0748893497252177 -0.004110464550378474
q-corrs 3872.132609045495 12099.57675528965 12302.18417159227 3993.488216218604 1169.256075472382 1525.527486248698 -13.13040052092488 0 -499.3781819160178 -1548.91350984433 -1693.291475760896 -1393.636762948083 -219.6472526749876 -881.7448638544913 -1486.929365257765 0 -322.9791338705297 -1382.877302470996 -1056.26847333427 -426.2000191095547 -478.2669967543243 -970.9479996016676 -276.496666831287 0 -495.9423479670864 -288.5627502162458 -903.2555979496078 -290.696332626012 0 -1043.288931212897 -539.8125390272737 0 17.51342691173971 -503.9846569992355 -17.23357521875776 -328.0236033934368 -43.67827764328703 265.0468272879123 -458.5291687156833 0 -207.8263260092554 382.1607457761822 -95.77024945145524 -18.79871733959506 -78.5281027151279 -278.7138356894936 -318.1537997747159 0 323.5992300192692 -181.7596852251006 835.5263012283826 -57.21205634836856 -35.70326046009579 -499.0385856414865 -197.4522535816437 0 -49.91891650826845 553.0176113084492 -355.3988771590807 -233.7822444189302 0 308.6376117466543 -737.7046413318665 0 -13.54176557587501 -121.141639970581 130.625373587265 -180.4964356731065 192.3309261123595 -277.1588498791881 229.012272590517 0 -188.216945919851 -306.8197581515482 118.8012010731551 396.9096278690498 2.733260807084449 -80.89439703814574 285.1193783604611 0 -43.4456048003611 185.0184169283106 -186.0423357132059 401.4534494551034 -131.8628283630792 111.9994737965531 252.035836530843 0 -7.473689633966615 394.0106147622488 753.4212078935541 0 0 179.556035445129 388.5557076434011 0 26.83260842378512 -139.0153058201751 229.466578941552 235.679885248135 219.3062266324078 569.7437648904299 185.7039731581261 0 187.8861149773407 204.8399693626148 0 337.8839628768408 -114.7644583286877 194.0720325401348 -63.90679841265025 0 0 166.1314195985091 523.4389524457913 0 186.2080010483361 252.7328852480481 0 0 0 -291.6328410140927 397.893955951895 -90.95998559741531 0 130.1302661657277 0 0 55.7035742786811 336.3861783852053 0 0 95.01757673106691 0 -390.0280251879467 0 -41.91017158398519 135.9435216366003 -72.75640098161286 0 0 0 0 0 80.08038161415462 0 0 -149.5448796823004 0 -391.6623000860819 0 0 0 -68.5098514993802 0 0 0 0 0 0 0 0 -266.9199516498201 0 -173.4391272270129 0 0 0 0 0 0 0 0 0 0 0 0 -195.5155041580963 0 0 0 0 0 0 0 0 0 0 0 0 0 0 -44.32503928860845, 2025.071383669019 6200.621724808865 6081.037146340528 1842.955879854698 401.424111653765 68.4783905720231 -624.0592293411984 0 -510.9604701808802 -1374.93051360311 -1371.904261753841 -1100.385007554421 -192.8723236662386 -709.3277676956139 -1144.166147684091 0 -267.2443158529244 -1087.316470165762 -821.8197920226639 -283.9879340791992 -369.9382341864056 -747.4819250388698 -192.3318890285345 0 -377.1376219156713 -204.1737724503698 -657.3293140262856 -284.1635049130407 0 -851.5673344948339 -545.4694684934884 0 7.49206712324807 -445.9316253038943 -161.3208730648357 -324.0229974850538 -39.64830986284252 276.8511746757255 -329.2255058399991 0 -171.4196437143161 -40.63497799487104 -207.3788709795121 11.20110829258584 -116.7941383607478 -303.4601050091493 -331.3548873403585 0 215.2385100427283 -50.74630326940242 802.716601651988 -65.59707920356823 -132.5064802034793 -386.7948420940976 -129.5934425920159 0 17.51962556077785 474.806666839338 -314.226128919984 -129.4124490080882 0 218.7191013572092 -632.5436048493323 0 43.61263006163553 -26.07845765901664 331.8115181405482 -119.9122089271787 268.7830947440685 -174.6623641914037 222.4588070992111 0 -232.6687105925068 -295.9257769024593 -58.03400711141745 304.4191263256554 -19.57682652514229 126.9928086049826 120.1674840772119 0 -68.39573103956739 61.07708433068265 -145.8089241663542 104.8626067100577 -99.72413458953847 -23.07438018160995 271.6843026720606 0 43.02955165658808 -9.231624838197362 417.4915248925859 0 0 42.70579192700303 -44.2836410870611 0 -35.35605099423045 77.49054149455101 -7.99503933527285 228.9426791394336 118.4339641332543 232.4088946133795 16.34875677290007 0 11.09419797507443 56.08725826979423 0 6.357763550519692 -7.310076022723038 -93.69067536979803 83.64907748208483 0 0 108.5852343424519 274.7990211610397 0 -12.40599535119202 38.08084701840472 0 0 0 -134.3606696536678 27.70128019523747 -56.57925203055746 0 62.09881312951048 0 0 40.31972889604064 154.4682051100242 0 0 28.20733129787008 0 -298.0833002391327 0 -52.95815775691747 41.1561403404604 -52.04703871049905 0 0 0 0 0 64.45565482606006 0 0 -126.3728225008836 0 -350.9885577583137 0 0 0 -26.96848070617718 0 0 0 0 0 0 0 0 -230.8509871958518 0 -140.322812834277 0 0 0 0 0 0 0 0 0 0 0 0 -160.463405633276 0 0 0 0 0 0 0 0 0 0 0 0 0 0 -35.17749853244835, 236.6520776921723 580.0891283299774 306.8695338411018 -61.34718061400453 -196.6636471420206 -873.9099733820469 -789.0435314212011 0 -408.9404024175146 -777.8076640293444 -698.6601560311366 -516.8304254554739 -44.3308536452279 -432.3649340059311 -458.7583855956466 0 -100.7030797167172 -182.8152667176905 -320.1404780956278 -76.56726721189752 -59.18123832690994 -197.2984490816375 83.93582025498016 0 -136.9418539919386 5.859583144506544 28.88973134018838 59.29725367984325 0 -191.717328830698 -115.3261860134011 0 -17.78777907734605 -322.5992108182074 -147.4332905064108 -154.9691287282589 2.841743591643763 498.7823679425347 3.91429488518699 0 163.2415997969224 -179.0769758427153 -362.2496678691332 6.083926329999585 -104.4879071550448 -195.9308455425483 -91.17301893252335 0 38.0225177790095 65.16965808640757 579.3744833592875 -58.45207318296352 -149.4740862181524 33.00316880400626 178.8799880489835 0 98.08639521593419 345.8137236220346 -34.69398340271981 232.2938365571119 0 125.7749499911708 -268.3923858645878 0 83.76778508789513 138.044594749275 732.1004140781429 85.56442079749971 396.3184906508793 496.1406515609971 146.195631401612 0 -115.5657514384064 -133.1601601508838 386.9220407430733 349.4859853766358 -92.00115148602666 512.6731256747403 221.5706259662603 0 -23.55581710733617 230.2085374956269 24.51455118269683 41.73325241231647 237.1573811193817 -52.82286316730305 355.4464351891563 0 120.0989549181697 -172.275950585723 381.3529577040111 0 0 143.0520273475929 -539.5623854674544 0 32.50202577385171 370.7604313264288 -6.225548178307918 173.2848422084557 32.18599834536821 -43.1198519597184 -394.421417129386 0 -212.4707227328834 40.30523341548898 0 -469.2408926863549 126.9526126751964 -395.9882198040932 407.3024888893293 0 0 39.82757037968191 -149.8144884317661 0 -175.0701982052057 -528.5855041459093 0 0 0 128.5552413140202 -553.9313978618952 92.77022119122773 0 60.48688450964567 0 0 13.9380135362551 -150.8639726416532 0 0 -169.756951448204 0 -62.31891054545839 0 -9.828646492287005 -135.4829391448729 67.71881098292204 0 0 0 0 0 19.9788962863259 0 0 -45.48756387350557 0 -140.5729084910224 0 0 0 37.97585133540871 0 0 0 0 0 0 0 0 -86.16129725756994 0 -52.99555853821108 0 0 0 0 0 0 0 0 0 0 0 0 -57.26015107130587 0 0 0 0 0 0 0 0 0 0 0 0 0 0 -12.17391199996704, -42.86296245420209 -263.4213820845254 -533.7348451213011 -332.2965231407925 -232.537769655013 -927.7768933833609 -753.9280486097721 0 -435.1773791285977 -596.1351428875527 -531.9564443226211 -403.3152400386318 39.02092754901787 -582.8169639939454 -457.5050400304981 0 9.906048536791143 264.1005103855609 -317.4216389776245 -180.3846591465717 -44.83514628927344 -62.93133658189015 287.4841201745694 0 23.86719904821772 -130.9677776957612 146.464699632577 330.2797967006447 0 267.8227028164904 197.8302579959616 0 -185.4670393794509 -401.1653410376965 -66.04611529613459 -122.7469227971076 -15.30699982628292 573.8511079644529 127.2015946148524 0 358.5292447159275 -72.03477499365914 -569.855893989949 -77.63907068880428 -8.417538526965963 -274.0391576923482 107.2338780776148 0 -14.93517680342823 57.6562324027368 203.9194624629959 -52.87395035810405 -5.460321091970094 297.2224766241969 266.2707220480768 0 24.04536576480177 319.0229720274477 162.4380632521312 293.7875455847523 0 234.8771072051377 34.38886911219063 0 38.24947983099213 133.0190518109599 825.1405984875241 189.3194402074591 406.1039594554848 712.7556706614441 112.1921590902836 0 46.81051691739399 14.41786744324301 783.5086891806617 480.2049740618079 -117.0851078590249 598.5243922801222 371.8510720711529 0 52.69206157252316 380.8931390413897 81.18912588483374 240.5655247861995 311.4504537329904 -5.11185055337566 316.4859077684887 0 193.1941309732586 16.04497431296976 395.6730704795582 0 0 268.1175437927302 -389.046273668317 0 74.38568119421274 414.6901025207951 90.87240351733973 -71.64506922319634 -10.51727023918377 -97.93027465061513 -469.1692909354776 0 -235.6913775981745 -39.97314748865301 0 -396.822526021252 118.7871814653664 -334.921477738025 413.5292046118967 0 0 -0.07562649424514944 -356.4051235685921 0 -208.8276278206335 -648.9070289234328 0 0 0 160.2723248437181 -528.2182889769671 214.6305957317217 0 -7.368564938312744 0 0 15.37996621083433 -177.5477470621581 0 0 -211.7995940649793 0 45.50286403031772 0 9.067560308454521 -148.5512012080152 149.3411912383527 0 0 0 0 0 -3.017243852739913 0 0 -52.98304336643069 0 -49.7183800801925 0 0 0 46.34374837187967 0 0 0 0 0 0 0 0 -157.3525827678036 0 -44.80440820812419 0 0 0 0 0 0 0 0 0 0 0 0 -138.4518305315541 0 0 0 0 0 0 0 0 0 0 0 0 0 0 -35.43352835856665, -33.72800846180473 -214.2441266311159 -444.2562844129109 -282.5456252679639 -167.933257594528 -733.1033625893079 -634.4774759982919 0 -404.3932243716402 -562.0490527037296 -397.5460448401464 -374.3221454050796 -41.60404449867586 -703.5813232971891 -790.6628114484045 0 125.8508917804112 204.0781537391071 -347.4847006367767 -364.0467858828202 -191.0593240332439 -256.7387861146767 126.611770663316 0 14.11996009851318 -135.4930357308813 305.565425689416 471.8210403606354 0 322.7753163147447 215.4331880505146 0 -205.9380289032887 -230.1728456949483 -44.26577311477735 -70.16693623234629 144.0245511629417 562.7895707453524 319.8005657830932 0 247.600182519406 95.7199158029908 -285.0278105203563 -99.70631764945556 93.30401293709022 -68.14673209344002 223.3416135580051 0 21.06441582859333 153.0595825464598 -30.24795647581101 -0.2778096235847585 186.8414067111153 394.4559630327964 101.6905146694947 0 111.5477084760324 278.8818610220962 170.2328649815884 273.5541165769121 0 316.1281275245587 449.2665379467121 0 -22.84426756194804 430.440637185577 869.665405551101 184.1474075322218 184.2661903037655 341.6783449975969 310.9809901325547 0 57.06890409583288 168.702729035886 688.1220781092013 669.5095018110632 65.89376314382491 572.3604643956801 325.5203171086705 0 166.9358649524179 422.0177510064791 51.37444489959287 224.0982573143596 128.5952614769539 -18.59123287568895 289.2852931750094 0 265.2367133671924 159.3172835778408 186.0924124594463 0 0 131.1721591585914 -40.62550450404794 0 -37.35178291747226 307.1740881132127 -182.4251342918194 -374.7632488920293 -51.26044132883949 -168.3900871143423 -270.8501395454084 0 -192.7254547782397 -243.2693379758723 0 -160.1601253630901 48.89929100140124 -206.8429358503951 54.09111758126755 0 0 -200.6167161299716 -571.700631234294 0 -242.9888737070183 -390.4241331643789 0 0 0 -60.25594072780825 -300.6027612896132 83.03673207887353 0 -189.7856258250779 0 0 -37.60728871284187 -185.9071980175067 0 0 -118.1243739736106 0 -171.5503530668738 0 -86.7688515409599 -98.31393887869717 52.81387617210716 0 0 0 0 0 -15.75997805006482 0 0 -192.3942059279695 0 -249.4833616269629 0 0 0 30.48844823426867 0 0 0 0 0 0 0 0 -401.0022424325683 0 -94.76233116725356 0 0 0 0 0 0 0 0 0 0 0 0 -283.8853428294553 0 0 0 0 0 0 0 0 0 0 0 0 0 0 -63.92121530274942, -32.45960852075413 -184.2796775904512 -341.2525474385506 -204.0760809013221 -135.5059808507482 -532.6524636582974 -476.3912819873092 0 -280.8421678117091 -465.1073655942558 -180.2965972849075 -223.7709630912037 -118.5527998589825 -439.4965468771939 -710.0412861353153 0 176.5764655644132 120.1107026825526 -85.55784022107125 -325.4527629590781 -73.15999493319009 -287.6020797917832 -174.3018153003927 0 -158.9483412501521 19.62523008412627 310.327847092568 308.1325872301573 0 47.03194090827573 144.251632039715 0 -85.92677472665444 -91.77946682905159 -71.60034329447991 84.96357624545058 61.95210098821596 108.9782964643938 42.68158818658709 0 22.55905535984812 -137.134347487412 117.9347688480441 -133.433299855499 -60.40625920757628 260.56770679141 210.6017622159736 0 -7.271730139164859 -142.6678252148953 -625.6436646580212 -310.3357856512547 286.1154278091193 118.5792877136369 -606.7078547827267 0 196.1692473382721 -219.9678803387116 32.56554128806741 57.67839284796094 0 210.5519995526866 402.1215841598651 0 -91.8966279728605 566.9711789093651 497.2145668599401 -15.29803269050765 -279.7506248239671 -261.9650784680913 485.478559895384 0 48.1453500544668 330.9361049369904 332.8842937662803 743.6940453903826 217.3382307979909 303.1603914363445 277.2999672696399 0 172.6245438391974 262.1256703767142 -16.22345754124595 171.6362669134576 8.114736643823449 257.27783533631 641.4659833844573 0 256.7274724739842 145.3047979987036 -3.284000339358727 0 0 27.95989059752165 -13.92002581584399 0 -104.033577969819 306.4568759567974 -189.1463625696931 -292.3254442326422 50.80697925323675 -125.886117529425 -172.4814772140283 0 -160.8726581404694 -295.7961571484115 0 -156.4983076562345 58.87350215020464 -153.2237029160825 -90.46961855573312 0 0 -277.9655604873317 -610.7859423170482 0 -231.7946490594802 -241.2779721928064 0 0 0 -126.5528874504466 -235.7156918126374 -30.47778369957626 0 -228.6462437036446 0 0 -101.4765684046203 -193.5750917073048 0 0 -67.72120145126398 0 -253.9198656362514 0 -107.1622372222656 -69.00938075671235 32.68895888798816 0 0 0 0 0 11.55977918584726 0 0 -169.8972551605068 0 -210.5242133702034 0 0 0 57.76833856487755 0 0 0 0 0 0 0 0 -228.1609973524424 0 -35.00865099301522 0 0 0 0 0 0 0 0 0 0 0 0 -96.05829845327881 0 0 0 0 0 0 0 0 0 0 0 0 0 0 -9.127742192285728, -46.33497494220637 -203.1043385800681 -288.5500475850273 -144.8896807930416 -109.4580085144565 -314.8364458746041 -291.8329420063384 0 -88.35674566614829 -236.4890255604879 65.20313870219817 -6.039825740165526 -98.65375201292542 2.509772453013582 -200.5277938679502 0 190.7197535100463 380.7095009252753 300.8188659977845 -87.11174308443489 171.145437199661 36.74260146744618 -69.81095926260775 0 -116.517041384097 151.0585766577553 390.568008324948 298.9528125486132 0 125.2016768790322 268.9166634295611 0 19.58110013749323 62.49317968153812 56.05097398007892 313.8436876723973 -134.0724715074415 -233.0029917478301 -146.3689450840953 0 -47.06205547699961 -251.4712851822831 353.4626456919488 -209.6673045213285 -71.22070645001173 164.7652807489522 279.037847008842 0 -173.9554390412421 -330.3805788520383 -1433.178585017414 -446.6225925486504 269.3050144972696 -97.67051205553338 -923.9183081325878 0 39.5663977977951 -714.2343300628652 -58.29038852468605 -301.8552025210329 0 71.41458648149596 377.2709943609687 0 -171.2615391134251 47.99810544344368 -349.6203122273598 -181.1287030580883 -547.7039318014133 -518.1892072263173 185.6201475529641 0 208.6730989810735 407.7986482954128 45.47680771871796 524.000420544475 175.60059247961 -50.93449936358058 200.5775455486011 0 49.37280322331634 -30.33446556963708 -77.80020025875359 148.6479445204824 -41.02233550456387 545.833481152571 921.0831181687743 0 186.5823250745699 38.35329922310062 10.61018275891638 0 0 66.51828486019051 -65.47568099215627 0 -77.62185934046089 381.4945829844727 143.195322027865 33.9264971165755 199.7585677115902 202.3547014407026 -162.8406718842371 0 -66.20949649695008 -157.6376790446249 0 -173.3967630067902 110.9196864014441 -37.56460031387397 85.48633341105977 0 0 -60.06250431059032 -221.3983504515822 0 -67.62712582677912 -189.7142790303656 0 0 0 -31.64834678236025 -159.7876271360168 29.15674054134954 0 -120.9304286817111 0 0 -63.35444685382692 -7.89334554095138 0 0 -54.30773485872424 0 -179.6675888985029 0 -61.66519861149249 -33.70119142728691 100.8669738616292 0 0 0 0 0 56.96746519107249 0 0 -126.7201487440893 0 -105.8271563948216 0 0 0 72.79290192542695 0 0 0 0 0 0 0 0 -125.5223887630761 0 2.394668306674998 0 0 0 0 0 0 0 0 0 0 0 0 -24.3326603275048 0 0 0 0 0 0 0 0 0 0 0 0 0 0 5.715757314080463, 11.98272597445623 42.86276016634207 19.81622453264995 -41.03721534639206 -10.87160609354615 -137.9397619960612 -270.0726226960522 0 -90.94308647029618 -239.7514265739807 91.02290130569438 -22.28511157263388 -66.70746064292466 31.2664667672706 -75.44814957135387 0 198.6169088553847 604.3858521117934 377.1865986971737 72.70994773195093 242.2288087643275 261.0434020134892 208.0626909000986 0 33.79293106987126 229.3819595675561 626.1368153997837 416.1036208357228 0 438.6825519314553 474.0536190697717 0 117.7721623264524 316.1787176027825 302.9034624078164 519.1668950437659 -186.1664745305165 -291.3652904812856 -122.219896103101 0 53.1854316070823 255.1207218830931 555.553978625265 -279.6735533748614 78.97632096785124 22.46071120600453 484.3683008401861 0 -215.4747207291081 -382.1606477913053 -1690.234424678451 -347.5050438795641 364.8332729922494 28.7577026752947 -938.6650864158847 0 -274.3926204747183 -818.78677282025 82.47202140130211 -394.5439589245257 0 -192.3172504967891 156.495727123338 0 -225.0614699522708 -544.2481413887598 -809.7265838474593 -225.5526535290775 -558.2699978969204 -612.9019694433373 -226.9838662249788 0 88.02565869765732 229.9558782544977 -193.8433901784407 84.4090630475314 33.79435481986201 -340.3425547304224 5.87121971333039 0 13.71222717738067 -201.9708240763189 -71.93737306173941 38.52375047872742 -43.53811432539828 361.8182301479808 593.469290118659 0 109.0661517655853 24.93585748630133 -245.7897652897699 0 0 82.74114834032331 71.22462352947861 0 -95.0982283628156 430.6497148482882 294.8080561213065 87.13252219684219 168.114626375197 274.996331133178 -30.85491901487054 0 88.95292477973595 -238.000781824331 0 -69.86935010636934 178.987996571593 82.49227316203832 111.5710461327095 0 0 240.1876264294193 118.125286876009 0 -26.47711001579964 -48.95073366050757 0 0 0 64.71526668603636 -98.15392060653151 155.705190636355 0 -186.1124531119636 0 0 60.31782224566857 154.716097592113 0 0 -37.72266783614135 0 24.06261385041854 0 -86.12783919258803 -49.40972793170717 183.8831620732275 0 0 0 0 0 32.43872362931389 0 0 -18.28575633081437 0 68.25135930744204 0 0 0 85.20667964744182 0 0 0 0 0 0 0 0 32.49282394765054 0 63.89694859517758 0 0 0 0 0 0 0 0 0 0 0 0 57.40571998474873 0 0 0 0 0 0 0 0 0 0 0 0 0 0 17.07231539957268


GFLOW: 0.504 0.07549177818472247 0.07513919438475089 0.1044941453532401 0.1039088131871398 2.981624979201329 2.981725852161267 2.939268590448911 2.939583193383176 -0.008773693885491081 0.04588058882616389 -0.05804378407947637 -0.002653646582074592
q-corrs 2357.680248671261 8039.417647371171 8992.040597041223 3265.597624734356 1187.661814564883 2198.215756717661 793.7065470517442 0 -199.6806167265842 -833.1805565230642 -1055.142432050372 -910.503123976655 -157.3428765193679 -672.1774878158892 -1136.39073184813 0 -240.1493094657523 -1102.969763115035 -845.5844677568264 -372.9616412190879 -418.2512471348429 -815.1806919854583 -257.3912840769721 0 -381.0006805125539 -282.8783440428232 -797.4156194908128 -291.4271096691848 0 -808.6733467018132 -484.0708690836801 0 -23.01075097338855 -427.0425411560591 -100.2444609464888 -299.6622062593156 -70.61993532730806 115.0348704044708 -382.7225729252492 0 -151.5830419378391 76.81435425824748 -142.7664589550025 0.7026818355227995 -95.1163743322705 -226.8930674839394 -253.2266691947752 0 208.0865125490326 -136.1994195496214 558.2734262843198 -94.10865922291629 -53.0033107711195 -350.0423512607243 -161.3532852759993 0 -28.30226866119768 403.5885811446794 -244.8041311985206 -127.6343710958236 0 223.9019590742975 -526.1954253665376 0 0.3496727283803054 -73.99897999458778 178.9385964781386 -103.3609440031999 182.743410332744 -194.4017115065799 268.0981146097809 0 -160.9924916648626 -250.1746431086035 13.19616742013759 249.1805481429415 16.42251588586087 103.0500348056092 180.2919981604617 0 -33.75907613925911 185.2519644336479 -120.0123126310887 277.5738991755076 -86.74292082496925 35.26326231985834 182.2544044523574 0 66.30059933582797 258.7089017428038 527.9189225597291 0 0 111.277157683466 317.8056881298968 0 18.81478781118831 -37.09213918673674 117.1293933931591 163.8163941675224 123.4491190864841 432.6767278826537 134.7109119337944 0 134.7618905256327 148.1834885035894 0 245.9756235825755 -62.23112359164124 154.371949290148 4.60194003662285 0 0 74.4759339577346 353.9460866204386 0 152.6398569780564 175.8493567308057 0 0 0 -197.5831640359897 285.7887034262483 -73.53216979992342 0 79.76005215589433 0 0 23.92306724499982 229.0271611512176 0 0 61.69512100506109 0 -316.211277497476 0 -59.45327836735521 93.46818936425319 -84.79334859894934 0 0 0 0 0 55.80382927949771 0 0 -132.5733901391219 0 -348.7166964609777 0 0 0 -50.69703324139699 0 0 0 0 0 0 0 0 -228.3120444843542 0 -129.1675825542425 0 0 0 0 0 0 0 0 0 0 0 0 -145.8887643546938 0 0 0 0 0 0 0 0 0 0 0 0 0 0 -30.07241618684045, 1346.096088305619 4527.206165890844 4949.808135563431 1730.209237453101 556.7049133661886 817.6794830048274 76.78166902647297 0 -275.8759052955676 -830.580383840992 -923.0285524845801 -765.0888308375577 -133.1782303722216 -563.1436567800197 -898.1982294088145 0 -198.2770511420778 -859.7474273720607 -666.4763816363293 -265.089719035483 -325.9875107233676 -621.4311633810944 -179.5046579328105 0 -284.4341363912956 -207.2775459078353 -580.868281902958 -247.7821317325301 0 -634.2847319605912 -423.3595353076032 0 -23.32846168652918 -355.0505183876443 -153.1815432275786 -266.370486083052 -42.62036292398653 154.3260948329093 -252.2916316441307 0 -111.9398102298916 -93.78930096178519 -190.8645673064958 29.36188623052399 -98.61562677849014 -201.4605882595799 -240.123849741596 0 149.9021614278454 -30.61038905213822 607.7210203129555 -52.28618202157557 -104.1260413264777 -261.6404582343047 -40.28908038934674 0 23.06693728925244 379.4528298631091 -197.7227739102289 -28.01041165233011 0 182.7364369740786 -465.2056783077106 0 38.84832743573133 10.4503296723845 320.2778031944869 -67.94830781853052 248.3455450060582 -76.66883141837504 252.263125126844 0 -167.648774754732 -235.4359859126928 -54.21224681090855 186.2230892411643 -15.6869319799796 229.3063100941081 84.36283245315812 0 -40.32999437988691 101.0998379150401 -95.40764033986255 97.63961735250031 -57.51914601611265 -41.27602719029118 170.4489556764987 0 81.74282222834034 -20.29315030872047 331.6613637517359 0 0 36.95943492353508 14.08312338102917 0 -20.12419993413224 87.00140463984933 -22.05739188826895 142.003663556503 66.58086581177471 204.3548981385436 -1.839398454367155 0 7.60913093329718 52.31501814518357 0 19.2438787449328 1.333997199442535 -37.77411795727384 107.7805522529785 0 0 47.08994478726362 178.3931335939045 0 29.51331833779744 9.549183939313462 0 0 0 -80.31772862178782 32.10330478355404 -31.30467118254857 0 60.46180698390521 0 0 17.23977030149833 103.8677421343294 0 0 12.3533825226702 0 -219.8192043991031 0 -41.53167618033316 26.50554493248924 -47.3985211748129 0 0 0 0 0 38.66968138419531 0 0 -103.5811509904447 0 -273.5657646817247 0 0 0 -24.37957964464805 0 0 0 0 0 0 0 0 -183.830239682453 0 -100.0211240002947 0 0 0 0 0 0 0 0 0 0 0 0 -115.4504494375374 0 0 0 0 0 0 0 0 0 0 0 0 0 0 -23.2081616413844, 223.4640142616506 660.9543906493742 555.355486894254 95.88434622918149 -78.1687561830164 -496.9168724051794 -515.3065357315361 0 -299.8159139078781 -602.6852062582332 -571.5712886520757 -434.2689258676392 -45.83390472045924 -375.3982348313579 -438.7554681593791 0 -84.98619269570113 -244.220346595654 -301.3191925298073 -110.9627755624423 -109.2526808373554 -207.7803625768428 4.456320371568886 0 -101.3485055543324 -63.4816067090436 -100.7334566486559 -2.401088712461501 0 -194.1584633457881 -104.3265540467042 0 -45.38563773536904 -252.587936984206 -137.1991766686096 -146.0045379054127 -6.667340593841004 319.3881277471735 9.347340952115019 0 98.89359742259717 -123.1200157076013 -294.4153492032235 29.5605362411092 -55.82214765140964 -130.0578376009704 -72.56667033090163 0 50.49912173394935 105.5990645049995 549.6404793502751 20.44631504935633 -114.7395197213272 22.18171288153661 249.2121813359774 0 81.46208741230269 341.7328864284249 -1.380928264767832 240.288289978704 0 138.6915087645519 -204.0199969066678 0 71.84146107962025 153.3619735513533 601.5210326090391 63.380600300707 351.4279279042706 372.6010808521646 189.0456498939343 0 -77.77178458106425 -118.311379371932 236.551500045311 206.2679135148948 -77.35407786638889 474.9226951326739 123.3570425890917 0 -4.299455466041735 163.4409240750034 9.185494905380239 22.12196530452635 139.4541890981118 -69.6391564006032 197.203697607247 0 110.6818542171607 -197.2507811788546 249.0076374522864 0 0 80.16976459579745 -364.4363643011387 0 1.020617144608018 268.1425324085324 -50.47537801915811 76.95299463908918 8.200733758236034 -49.02275180894873 -291.2525565851408 0 -160.8865633085707 -2.894381789806204 0 -328.2444064108332 87.73248768910517 -266.5243130719437 295.5142438383516 0 0 10.75735933541919 -147.7255136085117 0 -110.5826871949552 -371.2139300487188 0 0 0 107.2334911940781 -386.3694850054197 62.86458162647207 0 56.80683738818267 0 0 5.232931154427936 -129.588931314937 0 0 -113.1433028449054 0 -27.88119526453382 0 7.001639673717968 -98.33135487794479 29.41390177182636 0 0 0 0 0 -4.224853670265116 0 0 -35.48915054881027 0 -92.67867952943158 0 0 0 11.47426108871695 0 0 0 0 0 0 0 0 -72.09078913413433 0 -38.59593904806536 0 0 0 0 0 0 0 0 0 0 0 0 -45.86024509708744 0 0 0 0 0 0 0 0 0 0 0 0 0 0 -8.916187891029217, -25.88134846938183 -186.9809815753412 -401.8718845117382 -258.9516989667133 -188.3724162604432 -737.1153722123345 -618.6843229415366 0 -330.3237228919857 -514.3362379689845 -425.4222558977816 -336.205243754889 -11.35079409930816 -441.1467992100758 -436.2211864887586 0 1.198851376214382 60.4765034260895 -241.1694261173201 -177.8518334094173 -83.69014249811181 -106.7711066060724 103.0532336280726 0 -9.249621174125693 -128.8834174533022 5.390523744771286 207.3283412253961 0 61.50465374901171 118.7022006831995 0 -145.5364714892094 -298.2254463555746 -101.2891266661989 -133.3560720796624 -27.93991044367186 406.6433970010568 116.0648310672061 0 239.5395641734338 -32.30990483950364 -433.2204117805445 -28.47752449297471 24.71186650820501 -181.2524355408055 89.68919570846589 0 12.78903190854416 134.7336878600963 285.1045925865232 26.0489385172863 -22.29735971003247 222.8233348355188 327.4814610196742 0 54.52578006921868 317.0067544719623 149.5547714090896 336.241107772035 0 196.8887624744921 92.14249222844286 0 42.35999558635325 202.4464393803793 704.8111554598464 151.2917206338674 339.6854897557437 558.2757546478404 147.7863753134053 0 33.49045840904125 19.32858003064939 559.2288848110641 339.895786728506 -75.67407431481618 543.5326650663918 241.8491227529533 0 56.19002353112191 284.6612640909176 63.74369539505169 136.1675453003271 222.2539292737123 -28.85699434135392 215.1143886035133 0 150.2760123536412 -44.49110251280996 259.0837877056069 0 0 166.9321573779627 -287.916176703981 0 28.40220016168213 298.7884952312611 14.1162295346754 -70.96551579990759 -17.70333290762937 -95.21723374609583 -345.360226810767 0 -168.2984395517993 -49.67184229766146 0 -309.6692524436791 87.71962744432309 -233.4432007469272 259.3033896215445 0 0 -21.10316929453132 -305.183671851693 0 -143.5657587647481 -455.1850497552962 0 0 0 108.336430199167 -398.2599991777602 98.14299273044242 0 -12.7655960822099 0 0 2.11973222723311 -173.2053501159045 0 0 -142.8199926701863 0 8.031046506846817 0 1.264692875979165 -113.2480538839332 44.37934694686554 0 0 0 0 0 -21.14092004782611 0 0 -46.08601188249823 0 -65.03698097016364 0 0 0 11.89476143031638 0 0 0 0 0 0 0 0 -117.0834753737786 0 -36.10743623735875 0 0 0 0 0 0 0 0 0 0 0 0 -90.28198384683452 0 0 0 0 0 0 0 0 0 0 0 0 0 0 -21.32794454561346, -32.1551968482994 -191.2017568361284 -375.2532378391666 -232.9216249070563 -151.1557102916804 -617.1728730573871 -541.6546987560489 0 -312.9499268153211 -492.004944096809 -328.9105491819317 -313.78931408054 -60.11756186720676 -504.5494517307757 -639.1867792648877 0 73.91144788865464 42.73577452116464 -241.5793874707377 -287.6964887509788 -146.215051849938 -213.17871613028 11.76211246922071 0 -31.754264917117 -128.0437415941545 89.77262142440655 291.6582000059831 0 96.4768709588393 133.036831187473 0 -152.9360870528097 -213.2715532237206 -69.46058974014727 -97.66885544197545 44.99763994913988 359.2655389540692 163.8076164837103 0 165.9350943429588 34.06246018243728 -261.8212357503706 -52.57886583873261 58.36694747073416 -65.38759846398071 156.5401301457171 0 26.13891477388484 124.0879011772345 32.4365538016429 -18.805860902577 111.5544060229665 263.4233916734843 119.8418370751454 0 113.5495214485487 226.4240207919131 152.6448050930463 308.1062909182889 0 272.5123527017433 382.7741558917404 0 -9.551831031036546 394.361523523185 706.4796878136651 130.4315450912932 154.6723094655668 315.7907189882379 256.8218529707011 0 49.82497160371526 154.433743242259 560.0659937231223 534.6451817611245 67.65180798606755 477.6070946298926 287.9509936618598 0 137.655112889792 356.6387027665863 42.89952753196095 164.8309441072687 140.0306994396611 3.929546285175135 262.068359839189 0 185.7140994283339 157.9385635436209 173.4086340399414 0 0 129.7846300044853 -27.43879982081969 0 -28.220792846048 214.6796725773954 -103.1652543086611 -257.2800236256608 -30.61004209198309 -103.0581274263883 -203.3264829429111 0 -102.9417352652457 -156.9058716973881 0 -136.2665330914552 33.76736904055015 -124.0944952686776 -19.93512757335888 0 0 -145.1346901446392 -439.8075515207238 0 -158.3285898113706 -292.4271491105685 0 0 0 -83.23315768002978 -227.6109472247462 -12.13879042431279 0 -160.6732349426522 0 0 -35.83000286558642 -170.384786670251 0 0 -91.69668248282017 0 -188.4271965260773 0 -90.71743003250404 -73.29199758340323 -43.91753678220151 0 0 0 0 0 -19.9365641884059 0 0 -147.2953529136398 0 -249.2801141966302 0 0 0 -2.973476666490225 0 0 0 0 0 0 0 0 -285.278080125699 0 -79.64028169513662 0 0 0 0 0 0 0 0 0 0 0 0 -186.5481636671781 0 0 0 0 0 0 0 0 0 0 0 0 0 0 -39.98629016934213, -31.47688289210413 -171.1848444094299 -307.4884408239075 -181.0958024688707 -125.2751588443649 -469.1289285116007 -418.4201093612161 0 -222.0044928862153 -395.1061470747806 -172.4765646386936 -202.8615165663846 -97.40363444637183 -323.4366672813039 -551.592307470932 0 114.0244707439644 41.03975465307821 -53.45491676106538 -243.3295751685037 -45.29965883351099 -175.5331730644168 -140.3374582241863 0 -111.2638782410284 5.282420988691207 171.5483473226336 206.1069157626978 0 -8.336187610215688 110.0748492604055 0 -55.82006420200261 -81.14436045449867 -44.3465664838229 48.44872694409941 -0.6867552738552831 37.67349557767759 -45.7912116501622 0 -1.848217465913642 -121.9849713693081 60.99281842181747 -88.81570067420748 -45.26931951113508 133.5733069591325 146.0232588827781 0 -5.429881673077027 -98.06778777851846 -452.3312394593283 -255.6473916313321 204.4529100861753 73.38860794503056 -437.068773524099 0 160.8239320383469 -138.0334635289024 26.85096144523806 73.949889888793 0 241.5768271099553 392.797540008345 0 -72.07171616033868 405.7426022734418 349.3372853214676 -13.12740845483992 -182.5413520244322 -162.9606349239087 327.2683316182697 0 45.70865844328381 261.8343085139641 280.116372946758 602.0982755208355 192.0945626854459 225.46203883695 268.5845081989374 0 130.6130696373118 235.3789885430489 -16.46217046883163 118.8724627199975 35.18004307414796 192.1098435936879 491.2629632572753 0 170.1568552478411 206.9715240836061 47.53139195590552 0 0 64.43916638766129 32.48747547065505 0 -78.12812480118131 178.0999994012333 -112.8390410951124 -217.0826306052935 40.1296416368651 -48.61103759357952 -104.7698827538219 0 -59.23967903408787 -204.9267565728584 0 -89.23914393804912 22.51748993677822 -82.84974120293606 -138.330949307598 0 0 -178.9161461146864 -435.6372656311709 0 -155.2077946368571 -173.3857792474235 0 0 0 -147.3998558553344 -146.8979955737488 -63.00466512814823 0 -199.657265563998 0 0 -68.54784522606276 -148.3925634976181 0 0 -56.06169007789367 0 -232.243332441749 0 -110.9280308560949 -44.60930539947277 -37.73274796733354 0 0 0 0 0 2.300777470806935 0 0 -132.0515659607631 0 -218.2161193399566 0 0 0 18.88577179896357 0 0 0 0 0 0 0 0 -191.7445177100525 0 -43.36299727673754 0 0 0 0 0 0 0 0 0 0 0 0 -91.16153978728475 0 0 0 0 0 0 0 0 0 0 0 0 0 0 -13.31976314524852, -33.6187855332073 -158.0540005249458 -247.7502213578381 -134.7976635620855 -93.0902644278985 -299.7115204083234 -273.828466071445 0 -98.01206794696637 -211.5590985736599 20.24386785686089 -29.6822458854419 -74.11592976189586 -38.29540141260723 -183.4594230936226 0 133.6049567852932 262.3752577819058 221.8685478192199 -64.95253199677082 136.7990712349566 92.94653626151475 -61.15832781085805 0 -45.92386733668886 143.0232854133624 338.2605372927051 213.3905859628883 0 111.7913794653756 245.1231788835047 0 37.66297776451595 90.43036855545745 50.1196461514868 254.5674005551677 -115.3780041145293 -191.5509817174249 -149.454800146257 0 -39.23856805874504 -158.9584068382297 274.7648174162794 -163.5401473180573 -44.86037531575474 94.10970669801601 207.3829135873043 0 -118.9340417804828 -246.6201460595775 -1073.488295665969 -376.0440582134892 226.0472939879802 -61.16353181134089 -752.2646479301931 0 39.7656587747966 -513.7917566824057 -56.87050458255557 -254.8169896474845 0 86.4535561991087 341.675523601719 0 -132.2505180554944 -13.03008937886986 -300.1608489615636 -125.0596292699413 -424.4109570339662 -426.3556917660775 77.1765564827069 0 118.4912858534504 289.3318074105409 -1.441073971066032 429.8222716893328 159.5926432541216 -104.7713053717807 180.8531796943355 0 31.7223009748256 -37.27855180716125 -59.3705268610308 56.57975492616964 -29.77523953309148 369.2432641657463 642.2967383155503 0 105.9727581037486 119.5047298831829 -24.39229111503025 0 0 53.51102434210755 -12.32418487671083 0 -73.60762453010872 217.9013956215948 67.40064683252579 2.561450216787208 130.4692760743333 130.0146882251112 -72.40630019229486 0 -9.075984436296764 -147.5257345641463 0 -82.40904915968969 63.26722113329275 -31.69640584504032 16.18318875198383 0 0 -24.44018981084374 -146.9102579780919 0 -67.68835970749575 -112.6684635973397 0 0 0 -29.22873541218064 -88.11871580323364 25.75891910001391 0 -103.2826968097682 0 0 -33.42659314045021 -7.054782637945856 0 0 -38.54335729169046 0 -96.5331534263819 0 -50.04573800251987 -20.77431899921504 64.83270284319156 0 0 0 0 0 32.17308398894279 0 0 -66.78672757479514 0 -57.00807580011295 0 0 0 46.29593969881212 0 0 0 0 0 0 0 0 -66.34011482588672 0 6.708815871228829 0 0 0 0 0 0 0 0 0 0 0 0 -11.56670136541828 0 0 0 0 0 0 0 0 0 0 0 0 0 0 3.025501648974393, 3.126592791387679 3.544759081020857 -31.82633464299604 -50.7927025798584 -19.21060679758622 -141.9331135696181 -212.3294038865496 0 -78.91321672179048 -171.7606280733891 65.36604183377533 -7.275067805572334 -49.38365045680533 11.17298387680133 -51.36618087494676 0 131.6829606149943 404.3828446525593 285.5591472912865 55.53841892657707 192.1639307185091 252.9808924704038 115.0216670192539 0 62.02997204137483 209.6725817369517 515.5408230893441 288.8591249300053 0 352.3158039880275 415.5530068993078 0 108.850196308126 283.2812290031362 213.3622437801755 429.5851105157066 -142.4601131295663 -213.3989356006742 -72.59843014188793 0 53.28844410748911 189.1334023828789 426.9494599976464 -215.2982170902566 59.2745444365706 23.69913233303837 357.1103002022453 0 -162.9955639965816 -277.6308564510952 -1310.222814919544 -315.2787376349601 281.9578407533385 21.14951252412423 -773.4619964094659 0 -172.4638772961858 -633.3446856857551 22.31039895326297 -358.6239320685113 0 -164.7876056206628 160.6579874638888 0 -165.8453319317827 -451.3423553518754 -680.6405483255294 -153.9327886428695 -486.4277413827217 -504.4208644876111 -226.3155910714726 0 37.53242926435621 151.4327514517561 -219.6926888012909 69.01120279515142 42.04994462868049 -358.2181917249591 20.59193837961822 0 -16.14118195827711 -218.331880061366 -54.6696065678218 -14.97053113130272 -51.46620009725383 226.2743253914075 364.4021774635514 0 42.243109355234 15.90844845392067 -232.1642157657034 0 0 37.59060095606354 40.65138771915564 0 -73.94428292682062 261.8110202744433 163.0593776573023 53.03350063560829 98.3712110960173 136.9906026134465 -18.66544071861062 0 49.4194577793671 -168.5548956769578 0 -32.48255598378999 121.1554935540887 36.41978488491835 116.2202405808501 0 0 153.4389153690556 86.13460383369826 0 -31.09972004870968 -38.37196734435636 0 0 0 111.966219932592 -52.99745796700712 136.2254014096246 0 -84.69260881227649 0 0 41.56860492290144 109.6355265825817 0 0 -24.42209102424848 0 113.9460548490656 0 -13.02655570436631 -26.75422608521269 161.0299309595839 0 0 0 0 0 25.18992894104991 0 0 39.09173098763405 0 147.8543400392834 0 0 0 67.75444114525681 0 0 0 0 0 0 0 0 103.94055538456 0 69.27295141274232 0 0 0 0 0 0 0 0 0 0 0 0 84.86037723569549 0 0 0 0 0 0 0 0 0 0 0 0 0 0 20.52887313947485


GFLOW: 0.576 0.06113107294795012 0.06087420400342537 0.08213563985121672 0.08170175949591862 2.985922436283277 2.985997262279253 2.952149865327407 2.952381460294946 -0.009682157906322033 0.03359974182304774 -0.04571795496898008 -0.00156115697422685
q-corrs 1515.119517855165 5527.604658415412 6648.296267898579 2621.155151306383 1082.543854204983 2350.228411458624 1168.961808468452 0 2.042521885652434 -336.754994132006 -608.7514438205387 -564.373669363179 -102.6688513207646 -489.1436832496489 -842.3042678844806 0 -177.4420820130968 -863.5047118530534 -670.6618822882921 -315.4062848370596 -356.3254227059415 -671.5143022478638 -225.536361370346 0 -295.4901346454114 -269.8262811668624 -699.6340553437759 -268.9931885756851 0 -648.3786402436854 -416.6722299801725 0 -45.63203890080653 -361.7803345647025 -141.563011598259 -272.3749590251655 -81.839184180964 33.74262994161394 -321.8670034171188 0 -119.8381953634197 -76.90503358472098 -163.4965057705524 6.615814710481082 -91.75512683763398 -184.9739240300028 -204.4842553979211 0 139.4324597745791 -101.0325569472949 388.9843115293597 -103.9468158210751 -61.71687916386392 -262.5846695263438 -129.5962941557889 0 -11.50961129445411 301.2959724704799 -171.2533380465412 -63.80145191933125 0 163.983084950879 -398.7165911092828 0 7.25215789140546 -41.79624098015057 187.2024389351804 -61.00264787911587 168.1619149446771 -138.9521814087749 264.639129642865 0 -136.0715772145541 -201.8799964727339 -36.91426873862707 151.9132554855577 18.44693544388343 191.7736879045809 117.1574974716071 0 -29.29709332534266 164.3019507551896 -78.49396163958875 202.2801843950367 -58.98561813433244 -14.51111459985588 132.0174508930764 0 101.2425072421163 160.802243965783 370.412338006594 0 0 69.68477106132315 258.0751997150105 0 10.74948232890836 21.04206588127318 52.42384759448175 105.4189033793186 60.93474231258249 326.6307606740135 93.89393203132852 0 94.38394647744948 103.8971872504256 0 185.7166796564866 -32.93350507677961 122.9155396026694 36.91810615856072 0 0 18.95177361945759 231.8599996215794 0 123.5888121753435 118.6057611909221 0 0 0 -140.0025281354197 212.275147787688 -52.93879303696723 0 50.0525536973842 0 0 5.719552701521753 161.2349093452358 0 0 39.19695283077399 0 -250.8407455303044 0 -58.64218604965146 66.65740664838127 -72.9637397723004 0 0 0 0 0 41.52774667216713 0 0 -111.4766878001262 0 -287.9062963961049 0 0 0 -36.49548315082816 0 0 0 0 0 0 0 0 -187.7566947277421 0 -96.85979521525302 0 0 0 0 0 0 0 0 0 0 0 0 -110.4491826659923 0 0 0 0 0 0 0 0 0 0 0 0 0 0 -21.10373176190894, 925.1740359246841 3341.229291103622 3955.791246035128 1522.325979785466 587.7587874090506 1164.039811082584 477.0306064341942 0 -104.9092029947029 -435.3045083749707 -583.9260837602526 -508.3907688824656 -89.54688950819769 -425.7225114069228 -687.8337719435722 0 -146.9727860242098 -677.4653447172481 -535.1877058332101 -235.1718854078745 -280.6370504991671 -513.6636311437306 -160.4212273672986 0 -219.253213035441 -204.9149214801621 -517.8068438947402 -212.8182054265595 0 -497.7284471976634 -338.6892453721319 0 -41.98352227993485 -293.1770647591898 -146.0646428022765 -229.5506399964664 -46.80004895279343 82.13475446644253 -201.8516360945015 0 -80.34802548702567 -118.958971263299 -179.798666439829 31.7257706520112 -78.04060718345366 -144.512005750134 -177.0498793318116 0 109.5095058851293 -13.75465145601589 465.5535349142736 -44.3703936401059 -87.02081682406224 -184.2043782678643 3.112376075122938 0 25.4717846067367 309.523159912548 -125.5024422733855 27.08408913431069 0 147.8963912907347 -346.7368123390882 0 33.60956415667916 27.97125339130116 294.736456334639 -35.289514003866 223.1878228609266 -27.06790911180032 246.0136060130942 0 -125.1639818932174 -185.4788467908307 -44.83372686471126 111.4644414609093 -12.8011619127749 273.3896288763636 56.78162155032699 0 -26.59346337201197 111.7904499913712 -61.15296979787549 90.46578934330429 -34.54243883267545 -57.18804393913011 111.9498124037262 0 101.607786603887 -29.81803922906214 253.4874921243311 0 0 26.46818047762229 45.06648845025307 0 -12.51381425006794 94.82849844549631 -30.06423034866376 84.04088402114769 29.06127843226052 169.4374582073204 -11.51078464440403 0 3.250780413565586 42.63618825884583 0 26.72372435525474 6.963808038613578 -7.908462800287008 110.2566914022914 0 0 7.477225664317409 108.4934487736756 0 43.28264826614589 -6.393758086918886 0 0 0 -50.74079791257494 33.74450391256887 -14.985685110143 0 49.93699098989012 0 0 3.661108317236524 71.92393373873972 0 0 3.052845268317494 0 -162.266456561 0 -32.96914946831238 18.53394536344164 -36.62778756743822 0 0 0 0 0 25.86160880631333 0 0 -81.36969025070172 0 -207.6179615229552 0 0 0 -19.20101225135168 0 0 0 0 0 0 0 0 -141.9002256413136 0 -71.77094892893105 0 0 0 0 0 0 0 0 0 0 0 0 -83.6960347075937 0 0 0 0 0 0 0 0 0 0 0 0 0 0 -15.77488960298867, 194.7117650874568 643.6292215566195 651.5462420529299 185.8868430858169 3.468298849563325 -210.6086671538018 -291.5128953521831 0 -209.8247771100631 -449.7980362810675 -441.2472375941052 -349.2305107454126 -46.78958939920712 -313.5829916037061 -404.4814009373201 0 -69.90944696742261 -263.6471598548532 -274.3756976114117 -126.134573413578 -126.7593886056734 -212.3079088760603 -37.50687657917131 0 -85.94863855374602 -100.6761412693572 -174.9380330006591 -31.48085361748601 0 -193.5885196857801 -100.8845540432474 0 -57.38432530482152 -207.3103309500916 -121.7693926060682 -139.6375916474861 -12.19054541180562 211.5005439966158 10.01772162953323 0 62.02801244774591 -81.52649150779111 -244.0264909986997 38.29517919061983 -23.91257068728019 -88.04287907893921 -49.98649053921077 0 53.67208598174096 117.2795091517427 482.5187735100878 47.25630961794631 -90.86300286210881 23.05600938833668 263.7207925830048 0 70.39631430643566 320.5333863938006 17.77211214117507 235.1737594533408 0 130.2759577598032 -146.2258312312203 0 59.54336593096649 146.6177477783856 501.1558590170481 54.38833353796508 305.7449713792859 293.5239541337438 191.9392051235795 0 -52.47999532651274 -100.1649794386398 164.6287758019326 120.1879717021581 -64.32381596057286 431.342190799461 62.96552055268295 0 4.432160064856689 131.5956977423857 6.077354431482874 18.29472084320729 86.65566232453511 -77.03370391168332 108.3172074624743 0 103.8816263654853 -188.6937301669531 170.419723344571 0 0 40.77452320857812 -244.6126943188801 0 -8.824943488728053 204.6483912079514 -65.03341470262691 24.83168202280277 -7.428065855501401 -43.54624718183723 -219.4664720738172 0 -125.187438098262 -15.15718710739791 0 -229.7840941831976 63.75770431998955 -181.5957983683962 218.980626118973 0 0 -9.289975548590146 -136.3737096271984 0 -70.53998038908607 -269.3258723913416 0 0 0 84.74991944309204 -271.7062415057813 43.08344354461046 0 45.63295597574849 0 0 -0.6346450953501934 -107.337347736125 0 0 -79.80639332918646 0 -11.82299359988546 0 10.52177509818835 -71.51702245596945 10.42943628533308 0 0 0 0 0 -12.01750515858555 0 0 -25.73526788384416 0 -62.45483123894735 0 0 0 0.6656074877144178 0 0 0 0 0 0 0 0 -54.69586038897332 0 -27.64686490166235 0 0 0 0 0 0 0 0 0 0 0 0 -34.19893232165786 0 0 0 0 0 0 0 0 0 0 0 0 0 0 -6.358529840524224, -13.99212739096372 -124.3414662318937 -289.2482070347791 -196.0056399475293 -147.097648400028 -579.3594257446492 -506.3236554107385 0 -258.7873893504152 -449.2519857511382 -349.4514876408553 -289.3591772877356 -38.87071383057904 -346.8383774531985 -413.8856768707291 0 -6.227786746446942 -60.52799608278339 -204.3410858702593 -170.139926901599 -96.77326855142293 -135.2006427284289 5.592272285622215 0 -34.04324813533343 -127.3716650812303 -83.42633254336226 120.4854709492628 0 -47.76441130468515 59.2786609386882 0 -118.0544656740181 -232.4771347036712 -110.5269637939955 -130.64996338666 -31.21363266951928 286.1117229040178 93.46220364901025 0 161.8234234051803 -13.21181330909758 -333.3028633289437 -2.867383219221395 39.18654903638541 -117.5761267870986 74.68273023293499 0 24.67303277478148 155.8309634625234 294.4733582409086 53.24617148283478 -27.5003687092323 175.8262796038659 333.3900418413905 0 69.36693272759365 298.5888561704929 132.2339520879906 332.2960173362994 0 167.2364459505757 109.4684562138351 0 39.607224243296 215.6500283477939 595.1290711380407 121.6559336293141 287.6649092414494 449.5329158904916 154.9472182268525 0 29.13311912516695 18.44009689079111 421.1866227258437 241.5721684762256 -52.35141337929465 476.6896072271705 157.7758046173029 0 55.54726605980646 226.7732808477123 50.51653130143613 83.34063005930949 162.3558792659656 -38.70554019097612 142.7387809817279 0 117.9279676518482 -68.14642875023466 177.7325902853098 0 0 103.8031599320365 -214.1011780295048 0 6.913257579400508 216.8729221158716 -22.20772860757137 -70.31483067516625 -18.8092593861068 -89.56880978461048 -260.0116877168517 0 -127.5962925598243 -49.04648263348527 0 -239.3056204356455 63.13262778692263 -169.5837832172259 159.5617105049269 0 0 -29.93817852874598 -263.1129109364949 0 -105.9089445682407 -332.1355149305348 0 0 0 66.64324594841064 -303.2847354731186 34.81409302422676 0 -20.60442748019985 0 0 -4.072436108065354 -160.7409392547927 0 0 -102.2248370097219 0 -15.83710389371215 0 -6.972278864585377 -87.66738162693488 -9.840295710581145 0 0 0 0 0 -27.7506696495885 0 0 -39.09132938283776 0 -72.20848062798449 0 0 0 -4.968807165767761 0 0 0 0 0 0 0 0 -89.49718727211499 0 -31.19394943725229 0 0 0 0 0 0 0 0 0 0 0 0 -62.38355413325021 0 0 0 0 0 0 0 0 0 0 0 0 0 0 -13.62108166575257, -29.40171214319292 -169.4047621865091 -323.8270381863913 -199.8204686365074 -132.9472590232313 -525.8680281307261 -471.3234465244736 0 -250.6670537336899 -437.2223008624311 -279.7731171238999 -270.3875022475929 -69.37232731450187 -378.5130531581322 -535.533409759307 0 41.78677352131984 -54.91621785373676 -188.7806270813907 -235.1276766864417 -117.922132135756 -188.606828712392 -48.93088274693278 0 -54.88314351100179 -117.2074946669052 -25.15093827665946 174.7612531005577 0 -26.48752856732528 74.89536645698649 0 -116.1469527751848 -187.4679606649376 -83.82756767751354 -100.8570887572222 -4.388769365448724 231.5290112147052 78.61760397881989 0 111.7042733077438 2.388879349492285 -218.0397585845471 -30.10298238475217 42.30306518996132 -51.36471338752914 116.85260631668 0 23.29256277744311 104.5359645199919 49.74358017531651 -21.76811568197038 72.04551597665521 192.5910925318942 128.0329309755392 0 109.0013331260803 189.4902437001539 132.1398846310148 296.6463105887669 0 228.2197816820859 327.998079864304 0 -4.691990984586461 339.1264684968613 568.183015997752 97.88136109787106 132.1147675500803 284.2192054899546 211.7906129595598 0 48.85688326747908 136.978849799162 455.6909688941294 419.5437290514243 62.80158106482274 394.9689120351104 239.7784188236627 0 113.7000113816216 300.2235316265635 36.1838385473301 124.102912101181 131.4048797583522 16.73418842057973 222.1248889430398 0 130.1247817478684 144.3587864780501 153.0005133499539 0 0 112.8536146635834 -17.0951556263851 0 -22.92859060747902 143.5858233823164 -60.28251464589016 -178.9173534843106 -14.3037327760803 -66.24022783529281 -148.3059846603308 0 -55.46478388686356 -108.0037197045197 0 -108.6080148032087 18.97049726555915 -79.13427826232191 -62.64734295367772 0 0 -100.7716429838475 -339.348384482465 0 -112.4277431064509 -216.2759373063197 0 0 0 -95.13938016747909 -171.9868352452845 -58.62698113829263 0 -140.2630497315096 0 0 -28.42728456623262 -151.747149570328 0 0 -70.2100248963051 0 -183.3630286779828 0 -88.1653145723494 -55.67801942692731 -88.89674956284357 0 0 0 0 0 -22.46189431690814 0 0 -114.5904131241358 0 -230.4745506104028 0 0 0 -19.02360643918747 0 0 0 0 0 0 0 0 -209.9612186818104 0 -67.53080514563786 0 0 0 0 0 0 0 0 0 0 0 0 -128.5841657053028 0 0 0 0 0 0 0 0 0 0 0 0 0 0 -26.18423926283067, -28.73647328473986 -153.8081017119077 -273.937210641485 -161.5531715078627 -110.1367657104153 -408.4461557925235 -368.2481026719668 0 -181.9431951895802 -341.8325355400793 -158.4759563511491 -179.0790193241562 -82.26063278500474 -248.0706525212297 -437.986978584255 0 73.20039081219657 -8.044546025486625 -44.76417832103891 -185.6370953082037 -33.09807984649658 -119.1867353060639 -115.0001533251077 0 -81.11110727457888 -4.424168612616075 87.37871371266881 134.3580275452925 0 -39.23620141636644 80.48320695883513 0 -37.92484016465885 -68.68025263351412 -38.33325821394007 27.42662047291554 -31.03012674698802 -0.2407159809644348 -74.09617655411341 0 -12.73053809731343 -104.9047482548481 32.8378855843406 -62.55855724403709 -31.71604886602547 69.11262167264265 104.7849489314922 0 -6.565016965415534 -71.16102794960804 -349.0927743504802 -210.5159626429416 149.673911696653 47.98810210999111 -321.001435376207 0 131.040996215715 -93.21844272635906 22.05252692178283 71.87609186363147 0 219.9338962177483 348.3444398050264 0 -59.46437003927296 289.4838986033653 247.2948544111264 -8.818999044063872 -128.5351308938586 -98.83294899541892 227.0964966253602 0 41.85615713399611 209.2889729401727 228.7498551111594 478.8101373726485 161.3882431021051 164.4191280354767 240.5457381782012 0 98.54329474507676 199.3063112985037 -13.47227153904527 86.42607927995718 46.66540286789942 151.6374935903804 383.7116748600848 0 110.4948702287626 217.9201279287495 65.42139532665179 0 0 75.52891913746114 53.11657951585113 0 -59.60205644347962 98.19954816331047 -62.74376660302903 -148.2092080647088 36.47157202024654 -7.442252532684819 -53.71693388742021 0 -5.218396598329534 -146.1073536748173 0 -45.21226125071661 2.892520800424961 -40.86681078845387 -152.1776763588163 0 0 -109.9592039843644 -303.1233281730577 0 -108.1060538660005 -113.4718887356038 0 0 0 -145.8152159957854 -87.42818906224613 -78.61984551187544 0 -170.0265828970842 0 0 -44.31776679774418 -111.5055408239282 0 0 -41.60244003011978 0 -204.9576269492393 0 -103.5377865326505 -28.33459004937772 -71.01687853395705 0 0 0 0 0 -2.749317222208949 0 0 -103.1390806439814 0 -203.715771757735 0 0 0 -1.306696686569833 0 0 0 0 0 0 0 0 -155.0744961541937 0 -43.64042871977612 0 0 0 0 0 0 0 0 0 0 0 0 -76.97705242833842 0 0 0 0 0 0 0 0 0 0 0 0 0 0 -12.6002539290012, -26.10226574339848 -128.6116171394343 -212.9460006616366 -120.7571087215398 -77.89218314928942 -266.9503755722495 -244.7673235141644 0 -93.28373136050377 -186.6962407481057 -4.719596702159947 -38.63567978553773 -57.33924225795553 -50.76765786429965 -155.0464179564685 0 92.55773500860715 180.2449023497736 161.7704756677961 -45.79328408697775 105.8680732643668 104.0700783652086 -46.07952050928475 0 -11.12623636016721 123.2857969444046 277.7253572991918 153.4781705340714 0 98.46942165045593 208.0812632336215 0 42.22609704483504 95.62706844419129 45.26321137256879 208.0164034915001 -93.99662882756144 -156.9264971745993 -124.5655307427543 0 -35.58760925683092 -102.6905177784787 219.0101606044872 -121.5375736456119 -29.05326042282731 58.2958219657778 153.4843764287555 0 -85.43810258730625 -185.7092362919653 -814.79567829398 -309.1173203265917 181.4875480092991 -47.43103885600733 -601.8589557810818 0 37.77042126637991 -382.7979652236158 -54.71989867593093 -212.9400725785697 0 81.92604940717524 283.3567718539887 0 -105.0337156096553 -42.92945414906631 -257.0724022617721 -89.41101706174683 -335.5761801920689 -349.0720466814087 24.12950642247539 0 65.5881757379415 204.6551344540994 -32.76070529618573 336.578084594593 134.8481206713534 -129.4439416194543 152.5523885794734 0 19.17044570705647 -40.70716242594867 -46.48336298779583 10.64379051167913 -22.53474803250251 255.6811412799273 448.6373148642189 0 54.79133630109636 133.379940410239 -38.99952837440149 0 0 43.56971074626524 12.61295058676024 0 -64.48893075390768 118.5802364591557 29.57134020862598 -6.281058036839529 88.81080432521145 86.05316894126994 -22.73240291171232 0 17.40211452224361 -125.9635497595343 0 -34.72437833132591 35.26274840198207 -21.19993847587484 -18.91023676410572 0 0 -6.356724823729532 -95.34211872909842 0 -58.29404076052342 -62.56911154587912 0 0 0 -23.86839927366833 -46.24399921986336 17.72218134672013 0 -83.46038346875048 0 0 -17.70645159296147 -3.798203784883359 0 0 -25.82365318211567 0 -47.55384727981439 0 -37.05475538247887 -12.21800094292379 42.03191092849404 0 0 0 0 0 19.4733196347831 0 0 -30.39202803286135 0 -22.81161820623464 0 0 0 30.41658848989784 0 0 0 0 0 0 0 0 -24.84510946672268 0 9.746726156014347 0 0 0 0 0 0 0 0 0 0 0 0 1.337092126251076 0 0 0 0 0 0 0 0 0 0 0 0 0 0 3.020267859113093, -1.763700053718935 -17.79989646456465 -55.9675592433143 -52.52777274015716 -21.98827386035008 -128.4261449678369 -166.7919459819896 0 -63.82161547092759 -124.9248771626454 50.27728615813307 3.068795560225482 -35.98190509077652 6.536116526489479 -26.10387565902676 0 90.96965416751596 289.0586640143877 225.2155177194581 49.05698503725787 156.0742174813591 234.4827023697561 71.69254002947645 0 71.77136732675224 187.4505383708374 432.1517281638138 212.6123524418376 0 289.5370457606172 353.7389935057304 0 97.90707266373462 248.1186735327245 160.9592448307596 354.4742217010888 -106.3252043254873 -155.8523795323196 -37.91308827660602 0 45.96720041239186 146.5848426273024 336.4062547370154 -163.3164374109472 45.24531172734186 25.83759577773194 267.5937651305896 0 -126.0623344445326 -203.4977258417159 -1009.508575371093 -263.2480530241828 217.8998601273681 11.50832982921891 -622.3242511165188 0 -111.1619023735653 -496.4006733404535 -10.15413802203282 -316.5692652123513 0 -133.5748015149468 134.7367343056187 0 -124.7661099014499 -365.8276128243385 -564.9688427427186 -110.5372053500978 -408.2535619745034 -417.7890419453591 -206.8433321663453 0 9.16092936765375 93.56658169113507 -223.3270800245529 46.75143203637957 38.3842839973216 -343.3757090927487 14.78128070550133 0 -28.13946177114825 -211.2425337943028 -43.63912764506152 -49.16512302596777 -52.36536688240714 145.2218918265758 215.7095701723561 0 3.160408048419328 -3.287940321598711 -207.9928683583097 0 0 11.31028031350383 14.03294049472763 0 -59.84477438462573 155.5255194139993 81.25206762961773 29.30802351981253 57.63385829548595 62.67467272960761 -10.97779773980025 0 25.77861037999715 -124.9520933737842 0 -19.59021127261936 84.07001903622954 10.37123515638815 110.185355899719 0 0 97.17861450629324 59.99269473126725 0 -27.65015819206515 -30.14564084800522 0 0 0 130.5004569593494 -35.19853844954035 122.9499176927735 0 -25.93967804571419 0 0 27.57099461533684 77.45215349316065 0 0 -16.93940127329647 0 161.2784293832948 0 26.87902492035032 -16.6706418188054 145.5897599460616 0 0 0 0 0 19.52205673294299 0 0 69.58496070002677 0 190.5135040354384 0 0 0 56.12834586830053 0 0 0 0 0 0 0 0 139.9590263438531 0 70.65488597742555 0 0 0 0 0 0 0 0 0 0 0 0 95.85400369745459 0 0 0 0 0 0 0 0 0 0 0 0 0 0 21.11997931498729


GFLOW: 0.6479999999999999 0.05064778923655192 0.05046159054688794 0.06636954323397434 0.06605031626400824 2.988812868021509 2.988867935570358 2.961165027898585 2.961334496425913 -0.01064217083267986 0.02392510642126324 -0.03670753293064247 -0.001159310149135542
q-corrs 1018.959536951203 3922.862521012439 4995.514145822961 2097.397557981016 943.5689167973795 2258.961643235499 1298.737096894772 0 126.8889803428693 -10.21111176602189 -303.8686723099506 -319.5513250430363 -58.76564497830975 -338.8307636621958 -602.0377997007713 0 -130.2678961251881 -665.8529577194543 -527.5166203097756 -261.4948099357405 -297.5523375511583 -548.8241620931842 -192.4123079787143 0 -232.7686978841364 -249.9921627488054 -610.3134609529519 -238.3694339512529 0 -531.8432832244971 -354.3833902539591 0 -56.82142395241242 -308.2546091989746 -156.1194986116937 -246.309274304671 -83.779375625943 -8.562512005711882 -271.428346313881 0 -99.39608570089626 -148.028055091749 -168.6726236399162 8.007847475899034 -81.46389540489272 -154.6002293917487 -168.3833559911847 0 97.62821593969025 -76.23363753576196 279.4684464652758 -101.2366027651359 -64.85092308735602 -207.9108193467799 -102.9533759988456 0 -2.508429896354443 230.7639574088827 -122.5390664757424 -26.89028403632651 0 120.6431842820557 -314.1353486206093 0 9.744553446522001 -25.12210513525321 174.6580241471484 -36.89357564892898 150.9994388813279 -101.8737380115292 241.9105302603946 0 -114.8015641787925 -163.667565773686 -58.04511631321595 86.65135363423722 15.70142327782092 225.8253696052801 75.72195225047818 0 -26.42282938497426 139.9023120093171 -52.32981890988115 154.5771939689029 -41.8584032310666 -45.18044187816098 92.81065668817919 0 113.3264999734771 91.87691333259326 263.8575632065404 0 0 42.92342735873769 210.0002504094667 0 5.87557604563636 52.52157518846398 15.41628490005498 63.2875239897936 20.98888787589124 245.8071612133879 62.69485901711526 0 63.71128807760186 74.02761462176696 0 143.1142730259157 -15.72194624817955 98.03329465293973 53.16619596397186 0 0 -13.06720520145904 148.3769973262969 0 100.325039981588 77.1214897260848 0 0 0 -100.7188034527975 160.443354294795 -34.5687007254591 0 33.42588392101624 0 0 -4.103863274933881 116.9472278859517 0 0 24.20528398160981 0 -196.2584942090381 0 -51.23417607988456 48.6099516035295 -55.5548183215973 0 0 0 0 0 32.24209572343182 0 0 -91.08507552755992 0 -229.7263354466221 0 0 0 -25.73712890887601 0 0 0 0 0 0 0 0 -151.3375901034764 0 -73.11261322936571 0 0 0 0 0 0 0 0 0 0 0 0 -84.81141284795622 0 0 0 0 0 0 0 0 0 0 0 0 0 0 -15.37359201717367, 655.8830623577497 2505.061049393746 3152.902735350446 1301.79575170398 561.2467327490785 1279.971995326333 681.6664220043798 0 10.39037290559511 -160.4943244493006 -338.4856040823137 -317.7258348533791 -56.27521763687392 -308.8818179477219 -512.9682856038417 0 -108.9114476445567 -531.8660264372336 -428.1760845742763 -203.4803125965185 -238.2923485772551 -426.4400451949699 -141.1163872654024 0 -174.3239417546271 -196.3147745921954 -463.1027058041134 -182.8970844468664 0 -407.0647194436721 -279.1920690143888 0 -51.82905730611226 -248.9165998018576 -138.4891086157845 -203.8297997667827 -49.46250593574645 39.36735432779118 -166.6452903489405 0 -62.53458524438143 -129.0104253975867 -170.0457385496157 29.44644265472804 -60.57000331356721 -112.3765758455775 -135.2535451327711 0 83.10124008936072 -3.17001475358034 359.6211358741845 -40.12200308934227 -76.01711534356545 -137.3426827835303 23.38013223389416 0 24.79089429102982 255.3922905326705 -81.24366692152228 53.49255661120974 0 117.6077695048541 -264.6723033696753 0 28.32691247989369 31.47323887021051 260.483602392508 -15.45597475884485 196.678043230311 -2.647407679576055 224.3493282177923 0 -97.0887308904872 -147.7168038406381 -36.65645973179193 61.59559002871015 -11.39866068020258 282.2095996304931 35.14803022530356 0 -19.83610274455141 108.3956629317112 -38.65550129093576 82.58889940870161 -21.82533788891024 -68.60826875824455 72.82938465006441 0 107.7138412587194 -38.92475294234052 192.3778393617161 0 0 15.94361149018142 58.27559450356706 0 -7.577430357902941 97.76536922929732 -34.62952433832404 46.05863325910018 3.374642793179058 135.1729976549282 -17.34136155647608 0 -2.279281046831656 34.59756879309787 0 29.09313606269412 10.58078749704364 6.685843688108729 105.5440732900701 0 0 -16.54115551322578 60.64892079235609 0 45.49365619964232 -15.92144914238028 0 0 0 -32.23572268095019 32.00848699345353 -4.241774871679013 0 39.94726148356172 0 0 -3.990759992493706 50.86587653783047 0 0 -2.264825372883895 0 -120.3279498868672 0 -25.9367508967919 13.47174115306618 -25.73334037442373 0 0 0 0 0 18.69949647345424 0 0 -63.10454846423082 0 -156.419004134794 0 0 0 -14.16896529887785 0 0 0 0 0 0 0 0 -108.7253070845371 0 -52.10684227719869 0 0 0 0 0 0 0 0 0 0 0 0 -61.66134825431996 0 0 0 0 0 0 0 0 0 0 0 0 0 0 -11.11140477705418, 164.2702312358631 587.0379144593327 663.9784788842418 230.1107189200057 54.9837584865821 -10.42904668536951 -122.6455691456532 0 -138.3199005584225 -320.3042777673707 -327.112184364644 -271.614944247948 -44.05773668136579 -256.0569312196391 -360.0157633988944 0 -56.97978637861308 -259.1749184060784 -245.5639474335585 -128.9392751030383 -128.5019149337005 -210.3121076473217 -58.71124047129932 0 -78.98576983022693 -117.3247181153436 -211.6555351760531 -45.92012295202242 0 -189.0046471018671 -99.48924221116854 0 -60.87354771708603 -176.6913261171808 -108.0988525766502 -132.6532787420369 -15.93007171631326 143.656956120885 7.454080323102765 0 40.32144847534819 -56.35738757608223 -206.1546122036981 40.03234882620809 -5.404204278176955 -61.77513519961628 -33.02755814074743 0 51.64689062785315 114.4715316244312 408.9983411109222 51.15653028368001 -73.98322844782082 24.4016377187622 252.2756827700359 0 61.7144797198203 289.8790245712275 27.42112606399466 220.5911982475008 0 115.2439840284376 -102.6201591342265 0 48.37764629818449 130.0196569390794 419.5389459166345 49.91532779886001 262.703519278587 238.8664597914415 178.899229935547 0 -36.25956410095213 -83.3335211720062 127.3327877984459 68.42077301201864 -53.45022599079195 386.3018763334899 27.82041172010585 0 7.828400213995316 113.9186042953946 7.268329533330383 20.15265303352979 57.80119543534578 -78.98423072376251 57.36222095739353 0 96.56268426266534 -167.738329918961 123.7329913074199 0 0 17.47844171774231 -164.2403867864486 0 -9.411930994449083 163.0322497024983 -66.05145689062681 -2.327355109091258 -17.33882564058998 -35.9655198144467 -169.1976451342439 0 -100.140926443605 -14.64844635369323 0 -162.6021608298472 48.34266075985302 -125.7423226764076 167.5846801769502 0 0 -21.9517125065996 -122.363291390778 0 -44.73541018343323 -202.2183287378908 0 0 0 65.8846938339619 -194.3265016933768 30.44370439392937 0 35.44174962694667 0 0 -4.442585694918828 -87.95679706061256 0 0 -59.09018694602269 0 -4.830707320900245 0 9.700459899047384 -52.75648902316364 1.586245258667908 0 0 0 0 0 -13.39363032251562 0 0 -18.51696700327988 0 -43.48798786631602 0 0 0 -3.38866662004747 0 0 0 0 0 0 0 0 -40.4060555111453 0 -19.88768470480997 0 0 0 0 0 0 0 0 0 0 0 0 -24.99420740327569 0 0 0 0 0 0 0 0 0 0 0 0 0 0 -4.524760014934544, -5.894018179506659 -76.88200144567591 -200.2168043052789 -144.6454951432541 -112.0904810469706 -450.7509708609369 -410.4560751543698 0 -206.17839457737 -389.5503936775035 -291.2352528531781 -251.6420654269099 -51.47820295006463 -281.7547900052076 -386.8513745394839 0 -11.35511410066523 -128.1134353687196 -184.0505515864086 -159.6247136020358 -99.67602835961378 -152.0881612363987 -44.43025045509772 0 -50.18041191212712 -123.3671254703772 -134.0566759503652 62.49610353357585 0 -102.7236927512419 18.11586054381457 0 -97.30364088347473 -188.4413015830054 -107.6402276017697 -121.5732088852435 -31.22543967320792 202.5530856624346 71.20057709394027 0 112.1482545769871 -4.007635380637538 -259.7408235930847 9.697500870463671 43.21798691636451 -75.09948465226424 63.28539850696949 0 28.1530374317455 151.9686085249946 272.849668902779 58.79535180175274 -26.65081047243844 144.0786988947606 313.9873474661639 0 73.00602869358076 270.5543858499898 115.0824499148117 307.9348246559347 0 142.1362053270991 110.2024522643594 0 34.30477858386146 203.1628940452236 498.8646220259712 99.63359628334 243.098454060497 368.5784558190161 147.2972390620532 0 27.32379963623156 16.35090264048202 331.2139962026122 174.2715654595019 -38.0185660028702 410.1691330911666 104.6289271199347 0 51.76535294697013 187.6935401405668 41.30160421331939 56.25271928772231 122.1197904023077 -40.57189478614062 94.53472026473199 0 93.65971892999458 -70.81390351094123 128.6525633344744 0 0 65.16889130076123 -160.1407546869901 0 -1.465846170327197 159.2921528403897 -35.69904887609641 -65.73433454183909 -17.54923503245476 -80.6311191492573 -198.9626395146549 0 -100.0403293089521 -42.85499527921235 0 -184.9743748262312 44.89084426183921 -126.8512600655885 96.87223701303307 0 0 -31.68130211234447 -224.5319200664537 0 -81.35579520134209 -249.4775652808205 0 0 0 37.29150293302676 -233.6061215867096 1.846228217419672 0 -25.28688820420697 0 0 -6.504814955756849 -143.5468722876059 0 0 -76.18587591873319 0 -28.65046359033348 0 -12.29020263739834 -68.62051365724679 -35.05029680713508 0 0 0 0 0 -28.65818550569606 0 0 -32.99300029486314 0 -71.9589555019611 0 0 0 -12.45836619677743 0 0 0 0 0 0 0 0 -70.08749687267886 0 -27.15940187304861 0 0 0 0 0 0 0 0 0 0 0 0 -45.35754456410193 0 0 0 0 0 0 0 0 0 0 0 0 0 0 -9.263606690200056, -26.02457002135475 -148.0465416149646 -280.2336406362765 -173.423525288362 -115.7645866690922 -451.3484491210293 -412.4524800774935 0 -206.2609154800176 -389.1833671164945 -242.5303380852675 -236.7432831710801 -71.74405933294625 -296.7999798745561 -459.6611109408249 0 21.92247159123129 -110.9707088090833 -160.5521662931496 -197.4582560424175 -100.3518333687315 -173.3885046426103 -78.83424881651733 0 -65.73438786730752 -106.750695198508 -85.22415465658618 99.67315966596138 0 -89.35479646238423 35.6709080684614 0 -90.23248120245358 -161.2538731911705 -89.2371324934121 -94.21347321030524 -27.6284425764627 151.1771420851479 32.96167922460491 0 76.7970631789148 -12.75767597687481 -174.7116766205488 -18.81405281529595 34.20075775748157 -36.95247357090109 91.97839328100501 0 18.42646975543393 89.46396430616917 48.40153148660733 -19.27479729112957 50.32505583396346 150.4181841697176 128.6157819934162 0 100.0130718145999 160.005527015741 112.6150199988973 267.7714696708953 0 188.8035540740425 280.3776823656818 0 -3.20772880793843 283.0274417287714 455.2586340274393 77.36790405927178 111.8516730108715 250.1094106026409 173.9449528008603 0 47.5576969930366 118.3758492594544 373.1603265455743 328.2642047188511 55.33334150897021 323.4119634313241 194.8935196155555 0 93.70748928762296 250.2132237412847 30.98580957487747 95.31707970445611 115.2758564904827 24.34476031395439 184.1663093260268 0 91.66054191029517 128.938990123084 129.5095179259784 0 0 93.35136656547886 -10.53349502943164 0 -18.61345056642499 92.89263735956258 -34.17085088115698 -124.5630509715388 -2.365208806333303 -44.88059783836523 -106.2786454358192 0 -29.47649647960969 -78.50913194228858 0 -85.16592895787603 7.854940836233773 -54.0791359538344 -83.69073068628853 0 0 -66.67053207321388 -260.6694366780868 0 -85.82320057772665 -158.5443709279226 0 0 0 -97.08376002388562 -131.6792175826369 -77.44141086280707 0 -122.2034328361094 0 0 -20.51223932823456 -131.7062686701518 0 0 -53.09946417132649 0 -167.8806574845394 0 -80.85249252789959 -43.07651458318273 -104.4955864097836 0 0 0 0 0 -23.06683884054982 0 0 -90.61937477765642 0 -204.1049392030149 0 0 0 -25.47418156602773 0 0 0 0 0 0 0 0 -159.3463872270465 0 -57.18817626018415 0 0 0 0 0 0 0 0 0 0 0 0 -92.77403192520978 0 0 0 0 0 0 0 0 0 0 0 0 0 0 -18.04111676594672, -25.59401731661096 -136.3178302043596 -242.884136680439 -144.2281977687717 -95.72880780277153 -355.7855217161966 -324.8718385045825 0 -152.736842875653 -298.730762233872 -143.6627170297614 -157.5668458727521 -70.84709087195478 -197.2328580335003 -356.7004748167993 0 46.71443990722198 -39.08262124887086 -44.26804723857671 -145.5549407395715 -28.460123086507 -91.0428712547064 -96.70791409430203 0 -62.77548156869319 -11.60092446910756 34.99162600138415 85.18670653201727 0 -55.04986967222732 56.5711146059484 0 -27.08340549872424 -57.28314242622027 -37.82486412197765 14.77430372162328 -43.10741466986806 -18.96700333367706 -77.21449547087315 0 -15.99373684290777 -87.90944719660686 19.78336321526866 -45.84644060712654 -20.98832521846313 37.49350439508939 78.52701575643161 0 -7.823674038412662 -52.59218601623171 -279.4773189842886 -172.274564300178 112.6123827410283 34.14642719502893 -238.0922373867216 0 106.8865651516502 -66.62577396283817 18.28395037376279 63.75543928157069 0 185.4487309655099 296.1049777710384 0 -49.90960257559492 207.9559410165904 175.8707099307382 -4.090012426633621 -96.42802188614958 -59.20590333529179 161.4006142087446 0 37.41037014698529 167.4946799834839 186.9713382105031 377.5913042309532 132.0104931080212 117.3734755361706 205.9103179496155 0 75.26983033615458 163.3689925119097 -9.671223300754882 65.03271883769662 48.50299836521702 125.3720458108305 303.2954421053743 0 70.30607177394813 206.729399256736 65.07476051973467 0 0 73.81390917283639 57.37081692091756 0 -45.65929685467633 48.46683055182491 -29.11452889221921 -95.52659643747222 35.69904794956555 12.01227961648756 -20.00692575259499 0 21.23191612988717 -107.4804786215219 0 -20.03561778472758 -7.483118196242994 -17.92864132708937 -149.9207103036697 0 0 -62.47069227421425 -206.8932871266348 0 -79.28058774089486 -68.16482712380608 0 0 0 -133.5947993439635 -51.14895059393472 -82.24642228459652 0 -142.6294269631334 0 0 -27.2578204682119 -83.44965965033354 0 0 -28.68359790736478 0 -175.4665301341007 0 -90.7842479729205 -18.06252760781648 -82.20178986071377 0 0 0 0 0 -5.379809626523049 0 0 -80.43596331250667 0 -178.6667621516385 0 0 0 -10.77004070744557 0 0 0 0 0 0 0 0 -122.3212912068909 0 -39.76417590445067 0 0 0 0 0 0 0 0 0 0 0 0 -61.37454173876903 0 0 0 0 0 0 0 0 0 0 0 0 0 0 -10.38746654328014, -21.1702429344532 -107.201152983646 -182.8411827544197 -106.0053343005241 -65.16593449711142 -231.6275798111378 -213.5221611854627 0 -83.44013568395741 -162.3913798323148 -17.76972519410317 -40.49802167090841 -45.13545133049831 -50.73135224887222 -126.6464028677998 0 64.15537614077647 124.7332280521629 118.1011793925218 -31.00977108412249 81.26883020817864 97.3010110795617 -32.09131449130652 0 5.476839385114005 101.7876427284508 222.7669880258183 111.7407447289153 0 86.08244174479006 170.6192385104387 0 40.56531251182093 90.68218354316323 40.66500752552104 169.2991077351737 -73.93419507278857 -127.7042182562386 -96.10515322305537 0 -31.57758400785802 -67.10434700095384 177.5076049120037 -88.75401099593238 -19.14525524235339 41.21989546704371 114.3607557624732 0 -63.52290189263239 -141.1131979957692 -626.1084584849464 -250.8681970984514 143.4953863028608 -40.86362497338917 -478.5351655968841 0 34.24851466822494 -292.9566441464724 -51.05002717592685 -177.864294315624 0 69.91615923743109 224.9957604573325 0 -84.44551501201302 -55.91442976992193 -220.7847694005451 -66.03347075484766 -269.1159739250272 -286.0082718733467 -2.252122983712709 0 35.21497361893692 144.9993764081457 -48.70844052482829 257.6226467501765 109.0542228668785 -136.2840107386982 123.3009656967624 0 11.20943394545817 -42.41443880110796 -37.12208332631023 -11.43599398960183 -17.84851874281603 183.4200655648387 316.224440990539 0 23.29402275934535 121.9453347238637 -44.38609214817399 0 0 35.11831740774877 19.59943773951245 0 -54.22775838342395 59.45038875904228 12.84278672862618 -6.150452242402995 63.90744123019682 57.51032297273329 2.914123476330756 0 27.67672166148902 -103.7008320605201 0 -11.53229919967522 19.02427625938487 -13.50149119029644 -33.89684832346403 0 0 4.235773934439971 -59.11202778842482 0 -48.07781610834913 -30.76722639546605 0 0 0 -16.76475963868918 -23.04812180420737 11.92126971690158 0 -64.91034920330966 0 0 -8.795472245525534 -0.4475604341858794 0 0 -16.26896000944503 0 -16.39628888957355 0 -24.80668204603928 -6.93517092843711 29.26911135999281 0 0 0 0 0 12.4763613060185 0 0 -8.061470880362531 0 2.170724933426015 0 0 0 21.06608527760897 0 0 0 0 0 0 0 0 2.947275070051358 0 12.24194042387276 0 0 0 0 0 0 0 0 0 0 0 0 11.4443968285082 0 0 0 0 0 0 0 0 0 0 0 0 0 0 3.74499746362175, -4.230246405344701 -27.62104884159402 -63.94040117614226 -49.5596428172624 -21.49671691564704 -109.8130658748277 -130.5525453393056 0 -49.72805096913832 -90.42321241075379 40.76770905260341 9.712862142639139 -25.40698908349093 8.102534252586935 -4.288922988648892 0 65.15434919889702 219.3117370710266 182.5092716841833 46.36019461914118 129.1110555631432 210.8636784411796 51.68013318851088 0 71.85553350838271 163.7313854770371 363.3043997706304 162.7447352072051 0 241.4219886219581 295.1964701512152 0 85.18436312138434 213.0654094040183 127.12390159901 290.9097778918397 -77.30851630602939 -114.0025894405111 -15.12507199663893 0 37.26366909338662 115.5132096488988 268.7521556564728 -123.4229563377094 34.73315907855838 27.28364983980904 202.0524796641163 0 -98.6035675117692 -150.7677397263074 -778.0371786014452 -212.1904615512559 168.4948263258499 2.686022183206859 -497.6334234023213 0 -74.30207364423589 -393.4967543370788 -26.6609214148213 -274.608807058074 0 -107.9777906216805 102.1054277148832 0 -95.1217059880297 -295.6559390474611 -466.9320139544974 -83.73892371717452 -337.2109944388783 -348.2391630588465 -182.6421234318169 0 -6.232623697740539 54.30240853996447 -214.0092811547562 26.63671790834732 29.98175345078448 -314.5576688342736 3.575269440212724 0 -31.06583435215064 -195.3705972097239 -36.6712807794685 -67.77762481719347 -50.4038979747247 96.22182837877878 121.6391804463434 0 -18.31940507402182 -22.13660189020102 -182.6468687872354 0 0 -3.925253098459153 -7.138322589668086 0 -49.63671955683436 90.30377161461942 32.56350783715656 13.42098880797785 34.24586554811813 21.16783407545633 -7.73414663207309 0 11.08083497293392 -96.33768237459424 0 -15.80655194280317 59.90418392014299 -4.912810665677142 100.0508256876984 0 0 61.61222199849449 41.10916782257468 0 -23.16367854139817 -24.56759464028526 0 0 0 133.2224385585628 -27.43211975884237 112.0121900503787 0 6.80316259141707 0 0 17.97709551507452 55.93245638626215 0 0 -12.45884416641158 0 181.3078793270129 0 47.25395529611988 -11.6338010390973 133.3389854578562 0 0 0 0 0 15.4278713154984 0 0 83.39693908579724 0 208.8028277885787 0 0 0 47.89880272430668 0 0 0 0 0 0 0 0 154.0536173678294 0 69.35340796519515 0 0 0 0 0 0 0 0 0 0 0 0 97.40103826458964 0 0 0 0 0 0 0 0 0 0 0 0 0 0 20.2791133391953


GFLOW: 0.72 0.04274910183094918 0.04261396116920053 0.05484373533504618 0.05460910738035298 2.99085587707638 2.990896340452089 2.967738472165747 2.967862480538032 -0.01139712991539313 0.01633464665935513 -0.02993675322106845 -0.001174105222883212
q-corrs 712.1847659412942 2864.396364766842 3819.409357811541 1685.316726533752 807.0280288555418 2068.222795261085 1297.624219016527 0 198.124400366273 194.9570491931151 -99.88877822783036 -148.9748168603111 -25.40734282663067 -220.6906832311698 -411.1709275627126 0 -94.85631761322787 -506.1908365990143 -411.7823660204 -213.8428810598755 -245.0683613441226 -447.3325043616679 -161.7549241772894 0 -186.3932154789235 -226.425995212736 -530.1739431125936 -206.9758426736896 0 -443.3240995685234 -301.7325964616484 0 -60.98300606463972 -264.9924928089198 -155.7659674492958 -222.2829454420182 -80.69295939573993 -29.55344320073776 -230.4410237263763 0 -84.98374132603388 -176.2372159980978 -165.5224042151748 7.816024394398135 -70.04926159617634 -133.3783734988661 -142.0836954300083 0 71.25745180399463 -59.58859180115365 204.7640978867594 -94.31849533980612 -64.82798616205422 -172.2359892005075 -82.24295763664006 0 0.6517337263823046 181.0396024127728 -90.3326712478414 -7.128737315544264 0 88.8147377102777 -254.8890738792889 0 9.846033262072229 -19.47142438770354 152.713216866847 -22.46963198269783 133.348115726307 -77.06082545916047 212.7507379849205 0 -97.17996772417037 -134.7626936921004 -64.63483923884834 42.19302567241567 11.27223986188692 230.1943914475527 46.92873158763576 0 -24.24299749787197 117.5038661752577 -35.50750395731033 122.5804753009749 -31.12591491042374 -62.92605248109888 61.0984378068659 0 112.9250765544483 43.84223621803786 192.1138674752436 0 0 24.85999678520743 171.0907216461745 0 3.838644485421751 67.74275911366439 -5.597437829650808 34.43448912545306 -3.854416208979941 184.7316926766424 39.13188409975774 0 40.42695142035964 55.2715570155715 0 111.3060658657532 -5.279622200161127 78.1597493526705 61.52020808309424 0 0 -30.59162961861873 92.35908625762296 0 82.26362402162647 47.25130247169663 0 0 0 -72.05510744814923 122.2389472724678 -19.98047211525597 0 24.77150222443099 0 0 -9.054391754599569 86.679638797373 0 0 14.21503217488678 0 -152.0827424491759 0 -42.092268059891 35.91342776544644 -39.27501773277703 0 0 0 0 0 25.63763922140736 0 0 -73.40889101736036 0 -180.4240933785597 0 0 0 -17.85165932508229 0 0 0 0 0 0 0 0 -121.2314469927165 0 -55.60407477848247 0 0 0 0 0 0 0 0 0 0 0 0 -66.20713159313466 0 0 0 0 0 0 0 0 0 0 0 0 0 0 -11.63973448268127, 478.1728423003406 1910.724229551381 2524.608513458133 1100.327383627787 511.757912797213 1273.005824490762 767.1001800363663 0 83.74296842153478 23.86739382752189 -165.741671291499 -179.1018270489584 -30.86266946655463 -214.6773290080958 -370.8684501535038 0 -80.57273188027649 -415.3492786679691 -341.8585516541685 -173.3728152857342 -200.6557119113972 -356.0329571522404 -123.0366322383111 0 -142.5770967787878 -183.3872440593628 -413.9434386040008 -157.9238075606458 0 -342.7546782475445 -236.1232079274761 0 -55.8366437761655 -215.7356303947413 -130.0881902132606 -183.9208817321208 -50.08271249328742 13.8622074916162 -141.4029242343829 0 -51.88568141712152 -131.185938173493 -160.1694599272086 25.97974408918141 -47.26662055089673 -93.85795491842966 -108.0189621287488 0 64.86572352862677 2.039905348294042 279.2988140179534 -38.26038846254636 -68.31196420772 -109.2528618761912 31.08857256909279 0 21.90294306239482 212.1795038031387 -54.33014460524073 62.77132557654325 0 92.56445657311595 -207.9069932151761 0 23.362489103493 26.77469287845376 223.1912979220579 -3.586243363291619 171.0949898053281 8.449667993162208 197.7691761589626 0 -77.91257093905965 -120.1772274427106 -30.56028899524971 27.42905955840983 -11.04463766379801 271.4609700033117 18.59431836090118 0 -16.45067118636808 99.28825205693244 -24.02506520850596 74.53355544044658 -14.61621729323004 -75.36632610580475 44.09504016553737 0 105.3952845636055 -46.56719058015607 147.3190193766223 0 0 7.095448978474067 60.9639394685414 0 -3.716994415732355 96.17423052569009 -36.75650524458715 21.46860213245978 -13.26766095128412 105.214348507504 -21.29141996257654 0 -7.9032536939471 29.45725885260545 0 27.95608239522188 12.70329715079368 12.81054105707198 98.84547252987608 0 0 -30.23892506230228 28.88604227785307 0 43.3630151340592 -21.94942400965309 0 0 0 -19.51470844618392 28.13530636248388 2.869191479565195 0 32.64790775749731 0 0 -8.05878015254358 36.44993197534864 0 0 -5.259141522108163 0 -89.61293914422747 0 -20.01606004144212 9.894436501747879 -16.59236521563519 0 0 0 0 0 14.23595646747538 0 0 -49.02952936481802 0 -118.1066546671921 0 0 0 -10.06582862194068 0 0 0 0 0 0 0 0 -83.94881250314194 0 -38.42808027442729 0 0 0 0 0 0 0 0 0 0 0 0 -46.55948355169802 0 0 0 0 0 0 0 0 0 0 0 0 0 0 -8.169752873451406, 136.9911002158528 519.4203303717829 634.4141039954047 245.856504015194 84.96375835773257 121.4854520297381 -2.022328061254782 0 -83.38691709434501 -214.7407006988603 -233.7934514068017 -205.025682403664 -38.57810100404856 -205.7349419860526 -311.2397036426166 0 -46.33221175631597 -242.108403497443 -217.5702959507252 -124.5832933409338 -122.8359711514637 -202.9666764875529 -68.16858062287548 0 -74.91178071692966 -121.9597076780544 -225.3238881551164 -52.98794169924181 0 -181.52097950617 -97.88067288796117 0 -59.96824090084572 -154.6937312482331 -97.12998972247499 -124.7361170733229 -18.54899624578908 99.3807161417606 2.965702896783718 0 26.82460710292664 -43.13269907313093 -176.8972540478073 38.23498518957883 4.27250040040866 -45.80288283092074 -22.20463215975963 0 47.02308842656241 104.786011744117 340.525510063672 45.83690384572556 -61.66539692806419 23.51416073719615 229.5938482967685 0 53.87928759966882 255.8671849505614 31.07625238289229 200.5919953404047 0 99.16830551116743 -71.991040965644 0 38.90846952505523 110.4636966588605 351.0922304526125 46.70658841305678 224.0775562760543 198.1899462144534 160.3754445280822 0 -25.98139255508472 -69.24315376376214 105.39025512349 36.64256489249394 -44.47260360443335 342.2732875396515 8.122699566663591 0 8.525729219602628 101.8742867176896 9.356927493005703 23.18674190199446 41.49141923432406 -77.59282100074552 27.19031957518069 0 88.35784394096413 -144.1509987930856 95.17309913627122 0 0 4.283339630385377 -110.6647003869645 0 -6.628687841466657 133.7455014088203 -61.35607732600496 -15.82188346947135 -23.14618210012923 -29.13309830417495 -133.2758871370003 0 -81.97440900369175 -9.716206823248349 0 -116.9162868159353 37.90525248848049 -88.61229954146444 132.4768687106387 0 0 -29.13413185501598 -108.2070934229245 0 -27.76135254553454 -156.4926503240554 0 0 0 51.33718456027542 -141.8266229059547 22.3936793494018 0 27.79811846988094 0 0 -6.70426946229469 -72.0586164357405 0 0 -45.40977857569872 0 -2.042234242042319 0 7.873977105062565 -39.60346327633703 -2.193152146549345 0 0 0 0 0 -12.43112215945166 0 0 -13.68592010560111 0 -31.54904305332237 0 0 0 -4.587426404909626 0 0 0 0 0 0 0 0 -30.21598808207818 0 -14.59489445593466 0 0 0 0 0 0 0 0 0 0 0 0 -18.54048694623203 0 0 0 0 0 0 0 0 0 0 0 0 0 0 -3.307310290353947, -0.5063056168541848 -42.35159553402121 -132.4258136821449 -103.9364124198681 -83.66616289885734 -346.8133553486707 -328.7686710405823 0 -165.4964389293928 -333.6414337685184 -244.085476509755 -218.6955901235818 -55.15059675648745 -234.305014126502 -355.7987407785018 0 -14.40698149279862 -162.0243035984092 -169.935792142628 -147.7544432127139 -97.93445754674158 -159.7477893773711 -68.61139336888517 0 -59.30673606088286 -117.1840421451107 -159.4566779906841 24.96289955872576 0 -127.908403274019 -8.847775865565211 0 -81.1363659205671 -157.4058513410208 -100.1490796420783 -110.3114761305567 -30.13240036020326 145.2885094946051 52.33853106861839 0 80.14030077032268 -0.1488421294612436 -205.3201890735145 14.94471980730653 42.06707396044018 -47.70427288266594 54.28572605582776 0 27.43357916726256 138.1676644422582 240.1085935808779 55.807175591438 -23.41246779838318 120.747599863387 284.2824385191118 0 70.2097437108024 238.891746926031 99.42101373993471 275.7186605304742 0 120.7884689034243 104.4146222659334 0 28.62859980201834 180.9440202222535 416.2882507006863 83.35147171272492 204.7389558751138 305.8728823675672 133.1534577641465 0 25.9798192307957 14.48971133746633 269.2526479875277 128.1843986598603 -28.44780411295883 349.4837942870574 71.33374570952765 0 46.34489689758819 158.7519810052925 34.98781358133076 42.10080793811244 94.61278557217102 -38.28687190930256 63.59756936170075 0 75.30078374558693 -63.25094944121778 98.14177666749939 0 0 41.79843889155489 -120.4770813511306 0 -3.45680978424376 118.73142343733 -37.41981031638269 -58.1459836962738 -15.46950939128447 -69.87862392499147 -153.9357591357549 0 -79.68216187074847 -34.6634518600217 0 -143.6091676640109 31.85502312485518 -96.73688850656347 58.17382826989071 0 0 -29.79017418637724 -188.8371166038003 0 -63.80706938482759 -191.0076246406984 0 0 0 18.18462189842234 -181.776502785324 -14.25674411014274 0 -26.59710258311489 0 0 -7.027337031415765 -124.7490501385955 0 0 -58.1855268996074 0 -34.00802158438926 0 -14.7452553877983 -54.13372079965536 -44.58406932357876 0 0 0 0 0 -26.90884235630985 0 0 -27.82743453157489 0 -67.19781308980079 0 0 0 -15.06495401903442 0 0 0 0 0 0 0 0 -55.92939089803813 0 -23.43075010736005 0 0 0 0 0 0 0 0 0 0 0 0 -34.33241351023531 0 0 0 0 0 0 0 0 0 0 0 0 0 0 -6.665462831458634, -22.50748691201275 -127.7113798874515 -241.4854133891581 -150.409725679828 -100.2214288373255 -388.5555981676391 -360.6825773656071 0 -172.9717856854381 -345.4487826502943 -212.7420484368914 -209.093176626585 -69.79481368719466 -241.5090757567403 -400.5025554754369 0 9.546758149830412 -140.4343560356637 -143.4560432607394 -169.1185203916235 -88.77259250454523 -161.9549119745003 -91.30040119076077 0 -69.48445780516593 -97.21198289066879 -114.6927760082708 51.85043378478456 0 -118.2556425431221 10.13705629380045 0 -71.57006755010043 -137.652702747894 -88.505505319409 -84.34456728075081 -37.16071996122149 100.2369157012691 8.800196700833396 0 54.24829871556584 -19.05273467440435 -138.1963604474899 -12.78246278710626 29.37919285283691 -25.36246923595563 74.97977869776098 0 13.77855879274859 77.11718218833879 41.1510856914247 -15.24695986576387 37.48829424358604 122.235867662891 123.6816266184626 0 89.00107367277656 135.1452072785367 95.16641284204476 233.8735655495394 0 155.8232446688044 239.0811316489447 0 -2.83170409683928 232.9899689397701 364.7841684482008 63.74013709546021 93.71531371448006 216.7567908716095 142.1332416842005 0 45.11074372769295 100.788612341001 308.4344383055865 257.9986317659452 47.29845834628472 263.0309131004768 157.1112662880943 0 77.06677396031655 207.0412811050156 27.0293098549472 74.51519233682295 98.00010455523727 28.79381277891429 152.2579562792836 0 64.86693468540938 114.5850995119743 107.2739023989133 0 0 75.8388167878046 -7.026724219762571 0 -14.64821322759967 58.20045816190132 -16.88225154752469 -85.85488182199599 5.78910495880034 -31.60033392403452 -75.1901098826183 0 -14.70242186192522 -59.21389322872658 0 -67.0173583510865 0.5561034154694262 -39.33929049150347 -90.67633760175002 0 0 -41.3653168226501 -198.8106072199646 0 -68.76472043442939 -115.3519300534423 0 0 0 -92.27396329958513 -102.4953355482942 -81.23663524102439 0 -105.2881883184154 0 0 -13.76503874723832 -112.0695234032089 0 0 -39.71994362257503 0 -148.0090300993156 0 -71.21753115181399 -33.83815694798838 -104.4566067362672 0 0 0 0 0 -22.26194553721658 0 0 -72.40655438470775 0 -175.7096864394692 0 0 0 -26.77270359274263 0 0 0 0 0 0 0 0 -123.5486861949224 0 -48.06887877311185 0 0 0 0 0 0 0 0 0 0 0 0 -69.31752385858809 0 0 0 0 0 0 0 0 0 0 0 0 0 0 -12.98303598083131, -22.52137423643272 -119.9701399149311 -214.5434825518536 -128.3756620711017 -83.24806656221199 -310.8384783743803 -286.8376584539931 0 -130.2396939121171 -262.52438539032 -129.9841239123236 -139.2911855600994 -61.73426784789815 -161.5906573597074 -297.4212007975386 0 29.42717676986349 -58.23077537566996 -45.9424629283757 -117.4572329001313 -27.01020012056675 -76.60009670233583 -83.20802810788192 0 -51.37985112401986 -16.67635241061761 2.244662392385607 51.98717922323594 0 -61.8479131517136 38.27372881852509 0 -20.31039492485016 -47.70486603228429 -37.57952605394324 7.092126937686253 -45.54691164529115 -27.00037581558905 -70.72613523860686 0 -15.79587224916544 -72.53350797140186 13.7773597786708 -34.50198122332447 -13.11688099485379 22.23816993652355 61.04842939168412 0 -8.452274050231061 -38.81382042183865 -227.5233202108976 -140.1299774016692 86.69137277127734 26.09377042910982 -177.8877243490589 0 87.41836319572077 -49.78202836839269 15.18546760759456 54.13169623443622 0 151.927424010208 246.9128040738806 0 -41.91760316387376 151.1433747005477 125.5265716371907 0.02924760847447772 -75.68813216135544 -35.19945764352019 116.6368476366881 0 33.0531526922739 134.2716842608103 154.2933434271097 297.3664035705934 106.3697053981138 81.80659174604574 171.6142724989056 0 58.37891060560059 131.3574436981752 -6.1430759789258 49.77630042578886 45.4380049529358 107.0717062722551 242.1880674206498 0 43.35375409793016 186.6548046514654 57.10350229411807 0 0 66.57624513030521 52.81566207083208 0 -35.03329854176779 18.00819870235812 -6.828806563053639 -57.82078237846934 35.53605523513238 19.7526698114466 0.502874751954721 0 32.47702965491943 -81.38028713336561 0 -7.124460975256099 -12.4536042640262 -6.426604232681321 -139.5621636075336 0 0 -30.21325776998333 -138.4877738680562 0 -61.09743981756606 -36.53061436265255 0 0 0 -116.9119773651397 -30.21355448659137 -78.4775262802716 0 -118.4251399830865 0 0 -15.52349950655293 -62.63255397428564 0 0 -18.55120942967693 0 -146.2735281286128 0 -76.48149966853468 -11.77040904917478 -81.16717863480795 0 0 0 0 0 -6.617461029577416 0 0 -62.26714829229167 0 -150.1307115504105 0 0 0 -14.3205478952001 0 0 0 0 0 0 0 0 -94.5530917356129 0 -34.10009800164978 0 0 0 0 0 0 0 0 0 0 0 0 -47.22953961330165 0 0 0 0 0 0 0 0 0 0 0 0 0 0 -8.009754242516104, -17.61860354387314 -90.55085262269932 -156.9327502124798 -92.08164746674532 -54.86764695775021 -199.1096250696406 -184.1458232838269 0 -72.52049903452878 -139.9521505350675 -24.15292901831235 -39.16480516718759 -35.99040962312173 -46.00247566721585 -102.3359416108044 0 44.75397622490101 87.07523110331552 86.71551134711162 -20.57742131728152 62.4325238884312 84.4933601741173 -21.41067472996977 0 12.57917076886021 82.21037143312515 176.853227376426 82.45189172757215 0 74.50048070413715 137.4751513541412 0 36.21830737699925 81.3442665213669 36.05623518244959 137.1511904664749 -56.84712913912527 -103.4116765141729 -71.74125996904289 0 -27.28479666513631 -44.4338150457504 144.9975555668848 -64.61309035071852 -12.89991698287064 32.69553530185087 85.92432282579551 0 -48.37885907103478 -108.2540636563916 -486.1107671207015 -202.3403785351385 112.8811470693576 -36.55786838509094 -380.5500567899343 0 29.82418655541343 -228.9724197732756 -46.34602641944581 -148.9701569926766 0 56.41114259480439 174.6631210599319 0 -68.14598953500983 -59.69629620181492 -189.951289137635 -50.14792205072998 -218.036954288121 -235.0281987731204 -15.62184205845728 0 18.10829873672225 103.4761874449359 -54.29223074930508 195.3012374690776 85.79020702041464 -133.4312457196317 96.73541902873798 0 6.37012811448388 -43.02625349526386 -30.01447839241155 -21.68420647755495 -14.84561311914042 136.9122945665255 226.0711585199632 0 4.279774461438748 102.8240805376561 -45.43785921678638 0 0 27.72269800418013 17.5421291943238 0 -44.70888877194933 24.76638710581802 6.53423966329219 -2.996937676191173 48.79513897227528 38.45083596718537 14.93470808232888 0 29.659820166469 -84.38798460669746 0 -1.453920700360875 9.752826918346472 -9.206549831371451 -38.07291061331412 0 0 11.09488372922264 -33.72855060300444 0 -39.42417921066091 -11.33802824320769 0 0 0 -9.457323435576939 -10.94682740624517 8.98711058403309 0 -49.20003856252274 0 0 -3.408843757936073 2.249246299743032 0 0 -9.51271119080193 0 4.329779571809439 0 -14.49821467651887 -3.845549987338966 22.85495886355429 0 0 0 0 0 8.349874827432664 0 0 5.742602437974206 0 20.35230346214725 0 0 0 15.60265374095022 0 0 0 0 0 0 0 0 20.98721200927569 0 14.23496892492957 0 0 0 0 0 0 0 0 0 0 0 0 18.46931291023172 0 0 0 0 0 0 0 0 0 0 0 0 0 0 4.469323130284353, -5.25514781692587 -30.73239264619724 -63.20586032087526 -44.33897709469399 -19.50466572642569 -91.16828008922934 -101.7007865534881 0 -37.80059109089324 -64.37945276596935 34.26152893351204 13.79233320820575 -17.15765672223644 11.36192211771547 12.56817632453195 0 48.07041406674001 174.2165968146737 150.471583301689 44.47105372278835 107.9740085024427 185.8245421812916 42.09641986842174 0 67.30120542660113 140.5010288457565 304.9737058638303 127.9102081061423 0 203.0248399774797 243.2848227522425 0 72.29505502236837 180.3577578742655 103.2237315508549 237.5711796185843 -54.73688841830683 -83.7008232789558 -0.8571055242066059 0 29.16587782461387 91.42985271150212 216.229535970922 -93.29221854172684 26.53160419091811 27.25174813417795 152.9319065241667 0 -77.61785623511967 -113.2305255524143 -601.491569504671 -168.572381224047 130.2892014019987 -4.494016632159358 -398.6548173049135 0 -52.01536563670211 -315.0118048653125 -33.98498270183065 -235.8673628389826 0 -88.61818630524496 71.9307767007148 0 -73.14683930178562 -240.1660260743568 -386.0575232179581 -66.48235078945966 -277.0279341449858 -291.866587886562 -159.0492361360817 0 -13.8717340925454 28.99669211534588 -198.0341540956069 11.09908970485667 20.81702865354675 -281.3963450098725 -7.253575901356822 0 -29.80778092711839 -176.9979774510543 -31.86960351906293 -76.00058740948427 -47.31284993692465 66.24570792811625 63.25907427762145 0 -29.19055680326694 -37.05239886501191 -159.4322583906634 0 0 -12.69140391521783 -22.51437271821305 0 -41.80682871892404 50.73016594455601 4.768721111547663 3.284839608634998 20.99485111493117 -2.169429374925498 -7.21368187188995 0 1.56619483656436 -76.67784838290255 0 -15.25003716417465 43.8798400557416 -13.814718547902 88.78079122966992 0 0 39.68070338034809 28.33873666206346 0 -19.26520188871777 -20.99437784473531 0 0 0 127.7870322493697 -23.45662043323254 101.9221358514259 0 23.9979648980369 0 0 11.7487727153315 41.89342715981923 0 0 -9.613316037271272 0 184.8584345679737 0 56.21186334786217 -8.769411385288798 122.3329079746255 0 0 0 0 0 12.55307864342156 0 0 87.39335221523972 0 211.6308516626568 0 0 0 41.72814339587246 0 0 0 0 0 0 0 0 155.3787201062001 0 66.29479323345937 0 0 0 0 0 0 0 0 0 0 0 0 93.94613104460268 0 0 0 0 0 0 0 0 0 0 0 0 0 0 18.83708250793888

Number of steps = 10
Time to complete flow = 1.418568e+01 seconds


ask_starting_lattice(0): EOF on input.
RUNNING COMPLETED
Time = 1.430759e+01 seconds
exit: Thu Oct  2 13:07:26 2025

