hwloc/linux: Ignoring PCI device with non-16bit domain.
Pass --enable-32bits-pci-domain to configure to support such devices
(warning: it would break the library ABI, don't enable unless really needed).
com_qmp: set thread-safety level to 0
Wilson/Symanzik/Zeuthen Flow application
MIMD version 7
Machine = QMP (portable), with 8 nodes
Host(0) = Precision-5820-Tower
Username = luisneubauer
start: Thu Oct  2 13:15:50 2025

Options selected...
Generic double precision
C_GLOBAL_INLINE
type 0 for no prompts, 1 for prompts, or 2 for proofreading
nx 16
ny 16
nz 16
nt 16
LAYOUT = Hypercubes, options = hyper_prime,
QMP with automatic hyper_prime layout
ON EACH NODE (RANK) 8 x 8 x 8 x 16
Mallocing 10.5 MBytes per node for lattice
Made lattice
Made nn gathers
Integrator = INTEGRATOR_RKMK3
Finished setup


reload_serial gauge_configs/pg_00048.lat
zeuthen
set staple to zeuthen
exp_order 8
stepsize 0.072
stoptime 0.72
forget 
Restored binary gauge configuration serially from file gauge_configs/pg_00048.lat
Time stamp Thu Oct  2 11:03:56 2025
Checksums 1650aa2d 633fdc6a OK
Time to reload gauge configuration = 6.456804e-02
CHECK PLAQ: 1.9676369314097455e+00 1.9695297693014668e+00
CHECK NERSC LINKTR: 1.2036921098030635e-03 CKSUM: d7def81d
Reunitarized for double precision. Max deviation 8.22e-08 changed to 5.55e-16
Time to check unitarity = 5.009174e-03
#LABEL time Clover_t Clover_s iClover_t iClover_s Plaq_t Plaq_s Rect_t Rect_s charge icharge

GFLOW: 0 0.8768935952266907 0.8810459203205541 1.963566827276847 1.971788403937642 1.96952976908747 1.967636931474721 1.404970320576459 1.401866520633664 -0.04570335780405828 -0.256356924487788 0.1143417010135032 -0.1567482941036488
q-corrs 446958.1340968634 68067.02525718081 -68068.01763633924 -16576.00056873579 -7682.794655544625 17380.47359935667 5729.139037570657 0 -10355.98066660251 20531.71762189417 251.5972535037381 7221.541185953365 2011.007711526208 -5027.543986680106 -819.404314045662 0 4007.630461209815 -16017.7142412009 -13638.16112376022 -16354.228379228 18195.26718649859 -19582.2743764473 -15985.32442240617 0 -14245.74982925086 10795.38147602063 17641.26075532899 3524.971675819277 0 1038.88447719679 16660.81636360285 0 2398.086030170361 6569.385746455289 36656.64342275732 -25897.86151942727 6165.643518847148 -5220.250722392864 31879.22200543723 0 3540.782572796122 -14597.32825218919 -14724.59349554176 2802.603941562431 -18701.3929249592 5883.561665184612 4087.372719860373 0 -1970.172648050021 31322.53101799101 -25658.26289254956 1700.292387369701 -2379.096231745541 -32077.97848209646 -19037.7284793243 0 -13917.01305076267 15835.92972606922 16385.05758097369 8896.291086017918 0 21534.89095848329 9444.533817100881 0 -7687.46585818927 -674.5919796672169 -2800.297134847378 -12961.17646437116 21732.82378388302 -3117.483999664935 13913.98972527292 0 -14723.53155968121 -19719.37490753932 15223.75545922557 13647.4169948605 12466.51572486974 70874.29885363487 -16135.57814130983 0 -1273.544316128364 4164.780889362396 -15364.12009240958 24013.51089054529 10680.63564614148 -1104.30001249985 32502.15661900266 0 10872.65800785595 4463.877103827144 56834.9148184615 0 0 -12630.09087841398 -8818.715177818583 0 15981.35671138284 14174.21325963593 -11702.72150397879 -5831.412880041928 -13740.3497742425 -23217.0530763129 -7555.846303070201 0 5731.004374002267 6122.325927583923 0 -10255.36906426692 3490.284006213722 -866.952577073426 -41125.70159828465 0 0 2501.549304033821 -12943.92347916978 0 9316.746954747287 4085.759232046011 0 0 0 -501.6458573582277 -9193.098460974647 5334.750941503438 0 -261.4889341310682 0 0 -6723.879966520237 1188.78079867282 0 0 -8078.72661720312 0 -11260.67600741291 0 6744.202227333639 -4042.620818182289 15434.61250462806 0 0 0 0 0 2081.886062945177 0 0 12748.6785202361 0 -9330.062091580905 0 0 0 -5014.01171877287 0 0 0 0 0 0 0 0 6818.40333229124 0 6693.289221677707 0 0 0 0 0 0 0 0 0 0 0 0 8051.369433556159 0 0 0 0 0 0 0 0 0 0 0 0 0 0 -2123.850816879051, 10779.84529137561 -35564.17949830448 -24653.55699458433 -2027.456927176258 1574.515617574028 -5508.75199577267 -4824.191421954027 0 9272.545944969737 12951.7143199227 -887.4713881243269 7380.641255520296 -5202.180194962189 -5042.36439155399 8359.40286828006 0 -2011.276978879184 -4018.300556965483 4126.131172454132 -27577.84616940901 -4354.596303442928 -22041.96845842995 -1651.600843175836 0 -16697.45928466654 -5560.546774698276 -3505.562697149161 11413.76115861114 0 -7991.560006775018 -24500.52836419507 0 2443.457363994758 -11369.60814317855 -828.6084258381343 20852.04313124914 -13363.28717172081 -3134.870082866625 -1105.109092357809 0 -8172.84871949198 13957.48093866095 12058.2167769322 8795.892464147333 -12178.20043619693 -1668.979995402226 -6103.625356297853 0 2826.433919148394 16677.20317248387 -24648.42111256191 4666.809112847423 -347.4493068260797 6274.68247942925 -1641.604614814402 0 873.7757367557133 29429.18899685731 4485.887607159414 -15768.02756379503 0 -24095.32062109941 -27761.64933688565 0 936.1553150345841 15207.03469350081 1731.025330387893 -5978.151765311788 -12239.05518521546 3762.505388920199 9920.620686716664 0 -11247.01247597728 -6219.774253809759 1245.251483575179 -3660.858559461467 -8388.580851964789 -15684.92319263568 13277.58938898188 0 5512.466604014175 -32230.43172553094 2639.146568342098 1898.413508901664 -2902.383077294663 2031.467603164764 11132.56738286322 0 -12386.37937896314 1717.029123633557 -12471.40266740068 0 0 4752.604461097373 -431.3455252676481 0 -7183.102190592126 -377.8729419938231 -2116.572985594995 446.3958476988118 4593.635038607597 -10052.38233822304 1546.241171001237 0 1629.212759551055 -23220.47612609939 0 -126.110265271986 4009.2494022773 -850.6233328769815 4760.828760537477 0 0 -10836.07242637665 -22872.78610290997 0 -10759.42752758146 -13889.29354260122 0 0 0 3988.199807140707 10767.96997045179 -8800.59320522873 0 13006.45546755426 0 0 -3941.455166018357 3097.688165980936 0 0 -2735.159284658989 0 -1497.646283939649 0 3690.914774398439 5147.63084010778 -1837.237931958184 0 0 0 0 0 907.3026507935238 0 0 6600.458611421252 0 -11362.09399847162 0 0 0 64.58633946432928 0 0 0 0 0 0 0 0 1005.071600157402 0 1160.287431877756 0 0 0 0 0 0 0 0 0 0 0 0 -3331.352377868358 0 0 0 0 0 0 0 0 0 0 0 0 0 0 1515.629907769847, -2641.027102427625 -1194.301820882758 4140.757003194072 -577.5884419208394 2928.45280521632 5943.223300842301 5465.036127203468 0 -2392.478424415099 7689.661089357493 2049.433701902767 -7867.737691684283 -1000.062413920303 -3042.835410704678 18992.73604875057 0 1704.136525890642 -3603.209627299671 20881.24931276463 -9890.735921802374 6591.926194071207 3612.806162422446 -7350.442022163405 0 -260.795723886461 -3987.750707584688 -41696.04844279782 1542.77550223862 0 7056.005781663076 16435.4991559307 0 2123.964820410986 733.8898181990889 -14856.96083065394 -3764.42298626857 1700.513727339371 4456.79935132924 14676.11097328893 0 3872.32292703881 2697.073371403403 8132.995227322193 -9914.66367872467 -11371.72036020294 15436.05449990395 10401.92569686085 0 5212.969947025685 2518.499276242402 -7018.828124845209 -8628.338597976766 1622.881797695557 5209.136984508403 9464.505042298746 0 20388.4756714221 12408.33652261323 -8129.330265342224 10016.38544157717 0 -7752.815166719684 -19962.45744071151 0 426.1359368405558 9567.701645505236 5495.100603997874 1583.90774463874 -11078.44846448528 5855.74712746011 6430.783103817682 0 -16937.91971666878 -17940.79633832009 7248.60667399275 -12631.4282483641 -2139.62880227395 -20956.46568739983 -8158.972369263078 0 -11827.08946245325 -8220.742667604232 6977.354714468906 9359.126365162105 -6543.053731022887 -5298.540117876955 -14153.84122313677 0 -1243.87700514561 -1137.71179106688 -12788.3945013125 0 0 8923.633704187439 -5685.131396424576 0 -938.5671174354945 14846.74982626922 8100.350231865581 12581.43797176779 2308.971143316009 11168.48224692358 5516.786476695662 0 -10727.23303289981 -29681.23818392222 0 -4207.716646649109 -1169.02417464831 -3048.120474915012 21699.93768362213 0 0 -3821.428187609315 6475.544975087083 0 15035.49725570781 -3271.792401513575 0 0 0 5007.004663521087 -16811.65060868226 -4865.07382455575 0 12832.81669896949 0 0 -4793.628508126334 4036.617756245436 0 0 -4704.20204803167 0 -10197.17071198244 0 -892.4153091703738 1340.238424327483 6571.253943293632 0 0 0 0 0 3780.233158315874 0 0 -4125.16838570959 0 7360.178271018118 0 0 0 529.2313099943567 0 0 0 0 0 0 0 0 -7323.350145800599 0 -4441.066241526314 0 0 0 0 0 0 0 0 0 0 0 0 2693.296233242339 0 0 0 0 0 0 0 0 0 0 0 0 0 0 754.0367450191974, -1381.104999717895 -443.7590567039197 -5797.297289059931 2160.600773977156 3843.03990624026 1541.019465200406 9165.054761273383 0 -1870.882548127897 -15930.21137685658 -6709.31493908533 -4611.998962340551 -2940.437941911496 15564.60745170951 5599.713456510383 0 -746.3358220174546 2969.736673275905 2496.771648490501 6936.783656224957 13596.40717432288 10246.60173363944 -644.3908666087573 0 7054.401525186335 2553.004678846977 -1621.464272927024 1272.258749712262 0 -39.42527050520448 -1886.332270726514 0 -9142.952886352454 7778.072490897964 -674.3499657952207 -8873.187960246147 -14997.82928644155 -9518.314435615663 26301.5144984695 0 7441.703964397348 -35800.87336360672 13507.10203901484 6193.570586013429 4317.040210878606 13354.37924672959 -9346.645348755195 0 -1936.616115932993 -417.2567929447123 3961.500336802195 -14638.36131402274 -5107.007414916884 8864.859250953374 2717.905900424932 0 765.2044080728365 -28931.69113231231 11702.27026019765 -7302.531535060304 0 6376.34230624039 -21530.8528633329 0 2013.581480647439 4816.224765205581 20879.31464218504 -6084.132627077532 -821.9525930010905 -4150.532905821549 -1639.34590608398 0 -11637.98157822204 -3592.814072968596 -14749.30729645095 -4149.979664958474 1691.349763475033 -2023.763899379345 8438.917829301148 0 -9801.170450201258 -7423.051214184569 3275.151950350284 -14838.45035184995 1993.780250651125 -12589.51639281425 18325.60266766749 0 2436.049488533405 23017.63165832703 7170.727990312489 0 0 -15322.05992830802 11659.59432192976 0 9496.129492051961 6051.141465846299 -11273.82539626984 -26569.58890043633 2740.270762374172 13210.54941519966 -10183.68837331227 0 2752.426790723268 12643.97047365283 0 -1188.606395686346 1511.459844704353 7847.471769431067 -25301.43580387599 0 0 -3339.277323046976 -3988.630826739253 0 8339.518725470502 -7515.990111623038 0 0 0 -5799.340440586753 -4098.475075763372 -1870.149118109861 0 8439.856828497986 0 0 4707.653626766747 19124.09510992531 0 0 -1909.94957230058 0 -2301.612110653904 0 4967.891794054947 -11412.14942763838 5920.844650798792 0 0 0 0 0 -7059.495119154961 0 0 5590.555963539318 0 3643.75310374995 0 0 0 1794.429959560333 0 0 0 0 0 0 0 0 5919.762549803845 0 -2452.307492450822 0 0 0 0 0 0 0 0 0 0 0 0 -2957.219856703642 0 0 0 0 0 0 0 0 0 0 0 0 0 0 -903.3380116181975, 884.3829332464957 2305.137398181694 3315.805907473288 2650.612110344155 -1724.10297553158 -5663.20665273928 -2509.490798110377 0 -2589.122515799764 16531.415924274 7286.083398058315 9288.950634897843 -6938.812073005116 16460.19551766168 958.266683140504 0 -5592.257459481789 -27833.42173329305 3969.594321141373 -1282.290693490788 -9973.757073862682 -19497.93923360133 -4670.446131883468 0 -3445.100782380136 4491.387046256899 7083.245614460458 516.0082474375713 0 7119.249434937188 -3614.971631111372 0 -10853.60128659549 -4682.480260070164 1569.477634930327 -2483.758828292848 4101.765373623878 8498.956336576231 18976.33314828276 0 -810.9606496451361 17106.55091857261 -19033.12698520923 -10347.75451364009 4890.358755020958 1763.373008547597 -6358.092572660875 0 -1203.04009352225 848.9334945923538 6104.968357787857 5880.412337596418 5007.951619190058 -3850.168756809446 -2198.797161253631 0 4533.475087079632 -12854.10892554572 -17141.04315910891 -1012.419344200743 0 3603.092272427161 26632.72417775741 0 4072.058827758051 -30802.32909274053 14635.21738867132 -5500.732145772652 -14666.75589755153 9255.828097592734 -22643.40205121513 0 -221.2404569577634 4719.698647866851 9718.052059545966 -15884.14329916908 -7094.289598603382 19031.70314605596 678.5751302141121 0 377.7380169939461 -3072.701977318617 -4769.080398262397 5415.790404013636 -6416.748872758091 -3479.528125271637 21254.34475083942 0 -6933.221833598539 -2289.672455645101 14813.65421087536 0 0 4146.222066769843 5387.784701570213 0 -1144.387991239181 -5931.555752555175 12542.00980940361 -10089.59942265767 -3214.100631024291 5421.354171431536 6277.369090886465 0 17770.97309385784 10231.27681208719 0 -12052.94802397878 -142.4760325889523 15855.22587542243 23524.42674453695 0 0 -7507.246065589545 13519.29273688042 0 5252.760965329852 -3101.798292667356 0 0 0 7850.523173763538 11188.30880528034 -920.2538335379413 0 6369.0182034924 0 0 3148.097955206064 -7793.120229186899 0 0 2812.712842032087 0 -10615.56244646605 0 11891.83883285527 9285.464864348138 -2666.034319211729 0 0 0 0 0 345.5330824446155 0 0 -6945.117619181132 0 -620.6520138001119 0 0 0 12367.69652334231 0 0 0 0 0 0 0 0 4209.362327473421 0 -1518.689815137205 0 0 0 0 0 0 0 0 0 0 0 0 -9572.23631137805 0 0 0 0 0 0 0 0 0 0 0 0 0 0 -3953.149024922443, 1749.006611012848 1490.65403875623 -1739.439800823206 -6197.237145256434 7444.434780692363 -8080.022742610703 -9924.126821139196 0 -4319.890084896322 -1597.203623036775 -15287.78482036368 8048.537707934338 -4896.147546893258 -3797.365606754152 3831.451471319951 0 -3448.135580163804 -23299.72337285346 -3935.336620626224 2040.349768257438 -344.8394717498877 -1615.48624909091 -2102.292467899222 0 16003.22460035531 -3805.558853446253 -5925.582777397816 7958.518471022055 0 32982.85639641465 -2325.347536023866 0 4951.587005794386 -5536.70398568001 4946.687402259765 33856.30965746241 1261.817237837123 -6104.93347680041 5033.680551668837 0 -5554.256859394383 -50767.96767970838 -15924.76098579556 -8913.020273242037 10861.52373704826 414.6354315107801 -1381.834742036063 0 3324.816972401586 22966.36043308893 12989.17592012442 14012.69624643892 -1657.1855300322 -11016.6074838599 -17667.23219546561 0 1905.338107043395 6977.183881910616 -8501.820992154357 -5514.283252359084 0 -14269.45800428126 -8050.47516860077 0 -531.2650642632116 -5442.855105410974 580.4891191820334 5657.360725398033 -11588.27784769475 21750.36192469052 -3907.346034810229 0 13425.50474757582 -767.3512114442601 -12429.42427956462 6342.829624863465 1659.297699050221 12862.97776880885 12755.33597541076 0 6458.439062448464 -10531.56040913447 -7390.796699104946 -2226.636956443295 9298.358660969494 7464.564177592099 13201.51948442174 0 -2974.690089404806 -16899.21109738259 -18128.25760019161 0 0 -8242.788599649773 8959.691101907094 0 -2866.454515617483 4295.853461593088 -12394.44780114329 23706.30530333865 7985.581386158541 -21350.24919869463 670.1850785309771 0 -6705.162172358379 -10438.80218566259 0 -1023.689330993273 5720.915761092884 -16388.51229388721 14942.34260534976 0 0 -13892.90204039843 -41538.04973468371 0 -1825.041363328089 -4088.217637066517 0 0 0 -9209.76450155999 -1779.627233260112 7572.704757190124 0 -6006.853518157075 0 0 -883.4691194210245 -8973.783386947611 0 0 1158.525439693261 0 526.9555576645143 0 4298.541390347335 -2451.499118275398 -5624.976248760031 0 0 0 0 0 5178.416789620675 0 0 3197.26925358345 0 -4580.01555840422 0 0 0 -1089.651290129163 0 0 0 0 0 0 0 0 15334.09383218933 0 -6928.481782935902 0 0 0 0 0 0 0 0 0 0 0 0 2476.475291285708 0 0 0 0 0 0 0 0 0 0 0 0 0 0 133.2268901064572, -4176.875211233832 -304.3517895132404 -16787.12293768658 1558.625703095825 6650.807431009784 -6926.331796109445 13223.89363505061 0 3810.952016995408 3837.868485762274 -9125.494038744433 1158.816791157613 4748.224144182232 20523.30572365313 7896.266786688193 0 -8111.861751460418 6966.8043617296 8669.148513260487 -24009.18067685245 73.46660150691559 4920.454978723763 14191.32244133114 0 -929.8790676127674 19043.64671249794 -11111.87443231858 3137.82251294585 0 -15681.84627981262 -38498.16916896899 0 -6434.752287407639 -11795.0114132259 12740.18754732386 26.02123161622148 8703.67033092256 -5187.74451137653 -23676.92827863424 0 150.4935500054244 -13246.72395766589 -11746.68129248944 -6884.87161104856 -5636.00188531102 -20857.08579930339 1318.367098690454 0 1192.405391240232 -14880.09544267549 3675.109670737441 -5241.040249521704 -6502.900186432924 18798.25010650956 -4545.300460091297 0 -21961.43522407791 4357.653755561414 7110.3572433265 31301.02515008452 0 21099.38453365084 -4178.756409843073 0 -2468.975016547821 -54.16371501632966 6612.780657268993 1382.030186054533 753.3400823723987 -4391.162215332102 -9763.244680062238 0 5527.362869620471 6309.384679681465 22789.90825220359 18228.72219580381 1673.167051226458 1147.51924239133 18969.81856925342 0 10559.4431601407 -2951.603902358806 -492.8851909613736 5853.598183904097 5572.215199040613 1520.908055451966 18305.23789809221 0 7402.7601537038 2257.473779841324 -3408.29007269779 0 0 5454.076102127247 -3954.156838365498 0 10787.03739197991 -149.5700620639336 -15649.98554052878 988.2380056341099 6784.19642582995 -5866.843913326968 11516.31937946235 0 4951.27219638007 -9435.278411590876 0 1165.38748003992 3398.088692230886 -18190.01597522873 12074.24391560248 0 0 -7858.665891384497 7278.778003210417 0 9337.606200425449 22684.41095004834 0 0 0 -5841.096582242089 11336.49916294826 62.52524876639927 0 6574.041413588436 0 0 -5440.873026994034 7502.612238166563 0 0 6207.235796338344 0 -1807.804661145767 0 8968.548481120277 989.2225535818015 15406.65772302492 0 0 0 0 0 2433.538539549539 0 0 -1846.987759535639 0 -1809.450161240098 0 0 0 6612.957268694416 0 0 0 0 0 0 0 0 -1814.878124935536 0 4734.653369901373 0 0 0 0 0 0 0 0 0 0 0 0 804.9510660714179 0 0 0 0 0 0 0 0 0 0 0 0 0 0 661.5324438989452, -1259.919232622547 -1343.686315532978 5436.572618944572 852.1634463075088 -1205.090122061811 1919.109499025725 1579.847608221055 0 3885.867422891679 -2303.17733738582 2511.15858594772 -5914.322172311 5999.699619402301 -10737.36226398313 -1168.253029253762 0 -6479.94548317404 -15983.64666680732 -8907.163552730257 8228.768719754531 -4674.633235968252 2756.251026231268 -9314.21229485486 0 -10101.18688822187 17240.38851590975 -22650.99245799843 -1852.30282996353 0 -3645.399211491231 -5483.028700493935 0 8649.790545756821 16795.86474878203 10053.89344079302 -307.6719887170466 13711.15922189305 2165.150360708754 16440.01965729428 0 -194.0586784952893 12580.79351427127 -4335.54456047373 -250.3535611446309 6604.446584458774 20510.13670004901 9336.096017321292 0 1265.809724460416 -4465.887883582501 11337.73662040561 -7914.301391552806 -1893.011357776751 19791.93871542377 5944.248264486992 0 1830.340660193994 6215.098455304414 3714.606054733941 -15267.29199053046 0 -3352.493409249579 -3926.863176928595 0 -1242.988113656378 -34529.84749935665 -15102.42625994621 -8978.637461832217 -27922.8172963673 391.7459611220529 7425.857454838204 0 -4626.842249923466 -12010.98645047604 3845.386099077969 -19709.3403000671 1111.077818538042 -16914.5861145547 -18211.11393325501 0 -6974.220477016101 -21662.95829256815 -12394.17150024047 -11885.72102977129 2631.673534731218 -3750.5131740795 -15502.88331274133 0 -3185.69940191877 896.6911435460786 4134.77552993624 0 0 13528.63127633965 2382.239613427716 0 7087.682663509942 -2884.850429910261 13269.27759616342 -16805.57454110164 -14798.78314318096 -14649.75152551615 -21830.61674811425 0 24791.80128968159 20217.03740210976 0 -19761.01664950361 -151.3858981068533 4596.554977373768 -2257.342963765856 0 0 1493.939389784137 7130.845820398235 0 -6626.239215023897 -321.1090766940533 0 0 0 8629.592369556975 6975.94482125028 -3002.114106910267 0 7838.323686568425 0 0 971.7433583571378 188.8677631292035 0 0 1758.254738335233 0 13352.92928245767 0 9117.70756502873 2529.710468487451 4880.790816037661 0 0 0 0 0 38.87284684232463 0 0 -3735.835880637895 0 11538.87695346979 0 0 0 8420.271010529999 0 0 0 0 0 0 0 0 -6748.934334785294 0 -650.7898159665008 0 0 0 0 0 0 0 0 0 0 0 0 4918.6717231703 0 0 0 0 0 0 0 0 0 0 0 0 0 0 417.6247482993924


GFLOW: 0.07199999999999999 0.605383261589269 0.6088242491152682 1.204731111814239 1.211677321826309 2.554103656731715 2.552682039595616 2.14517603313661 2.142000496162172 0.342597723416299 0.3733977084265621 0.5765248542916791 0.626512159000198
q-corrs 173456.3241717579 100737.767113604 -15643.91094227508 -13720.35367738116 -7656.054291046641 -4544.133604298388 -2900.596240181987 0 -15.57096844365242 4678.227452499417 700.564755988141 4677.047741893128 4416.0386543595 -10009.81532507152 -3981.224007321208 0 2563.419084147066 -653.3523056088339 -7990.64178087081 -5485.312412629277 4350.548051174877 -2398.381112326006 -4806.271833623585 0 -5798.032864123015 5597.515152827126 10075.11094632284 2877.63768902468 0 464.8565151714732 10850.07015001583 0 -303.5449222125994 4879.506821718623 14450.99024033894 -5949.423801202616 787.5357983795088 -6559.595558253955 222.7857403212665 0 2617.155011190383 -35.03269364974494 -5717.164091359899 2170.323879907139 -3240.111871676224 4473.347676944232 1790.65060123179 0 2384.676961539757 16603.29604511656 -5303.861437252097 -2781.600598767855 6222.848184855139 -8425.549891570157 740.6828633924815 0 -2740.443771543259 1010.431920192265 3650.640852097589 5072.390598395606 0 1367.748037323993 877.0468812796069 0 -2169.365773213709 2905.799733179364 -9141.438111040738 -7561.128254774574 7820.655597337409 -7161.659093808303 6581.859656150285 0 -7226.306752738908 -11277.54263592312 3387.716698855166 8572.472858708186 6610.681965150724 24543.48307913937 -2517.678842115547 0 -265.973373074027 9895.763888325584 -2585.306876081876 2923.184038531925 2475.459348412688 184.6035477674734 15977.79526093995 0 3952.147788149609 12312.66957439923 12190.2684037849 0 0 807.7797739905038 -5127.683791544912 0 5639.331305395574 6771.472766886885 6306.944481462642 1369.656166067928 -5192.453485160335 -7234.034724134011 -175.3389809081633 0 1522.222726035149 7229.865652218816 0 -4451.420628021771 3127.381077249654 240.1574251207048 -9227.04745396139 0 0 895.6999071169028 -7541.196825843339 0 9500.492401908203 -2997.180840276568 0 0 0 -800.0781916214141 -4017.509344184478 4217.339634624142 0 2036.165236551324 0 0 -3296.079234300901 -6957.96314725318 0 0 -1534.252014731669 0 -1279.248212641281 0 -1420.483060148732 -1229.060699310955 1721.065114692586 0 0 0 0 0 -501.1034802650971 0 0 1954.345300682619 0 -3575.037417094436 0 0 0 -1695.591787832645 0 0 0 0 0 0 0 0 2862.522152783448 0 2104.076341804879 0 0 0 0 0 0 0 0 0 0 0 0 4625.015799444436 0 0 0 0 0 0 0 0 0 0 0 0 0 0 -221.0069581253251, 16131.14862996931 -9558.630857543483 -21778.49127610197 -8163.83804938156 -5301.458293735155 -9189.935517257847 -8681.512470106627 0 1652.060025725349 -967.1218839733608 -1566.448328167792 -724.1214945652659 -1820.842661395126 -1510.147180733234 -2270.413730170906 0 961.1480952410637 -3343.085478350358 353.5419258464424 -8169.738842362745 -332.0494647534053 -8072.791879439153 -2128.716742718173 0 -4291.188726508697 2604.121671440276 -2469.985921240937 -2343.75390108199 0 3391.042314705752 -7508.953698352467 0 29.09075143230632 -2167.908361643669 2723.524183288074 6075.307646218781 -3243.222425644377 -2547.521031193845 1756.483422723819 0 -3168.640767386361 2485.84720010674 -519.3043344529005 3914.714094119348 -2477.259354416101 -1279.846929344115 -3447.162451253383 0 2434.171742288413 9923.03841488366 1163.990009218288 -2550.876123074035 -921.6950371436515 -375.2137258794232 9599.364116369641 0 -5057.633097780546 4632.778834264291 -3713.156710517188 -5587.050976366233 0 -6305.899944285175 -13716.61468831804 0 1814.192541708145 3961.904969536237 -5788.208986456966 -2281.397287162949 -2803.518635742077 1795.99168684002 3685.750876763722 0 -2473.311805807018 -6581.277137109946 781.4805743501729 -422.5220576528181 -3273.128928345982 -8856.803111581181 6059.932900722541 0 -676.2750196858336 -9202.779276575973 1354.833625002027 2484.641553243145 -2073.765457151291 2385.327560338503 4865.828032796126 0 -5046.995307413786 155.0244756989897 -8877.881940974683 0 0 1879.171492370294 -930.7155107018816 0 -4291.758452547895 2502.110129308459 97.95066986739926 1013.073586852705 2607.439033355178 -9948.493963722767 791.8358187520346 0 -1082.312458756817 -7966.105187252027 0 303.7215766071024 557.1404891202371 -476.7063293252882 2312.854507087115 0 0 -3310.466387766491 -9496.677424212658 0 -3286.111014246595 -2971.202848617461 0 0 0 -398.3677122597928 2268.458032058854 -5874.898079812151 0 5371.108114078039 0 0 -1607.623248791991 -1079.568597271985 0 0 -1516.330303043344 0 -2221.558932590592 0 771.9233315499475 1201.271079739039 -1106.772894479216 0 0 0 0 0 640.4037146730267 0 0 588.4379988866347 0 -4505.720921057316 0 0 0 -536.4489236503487 0 0 0 0 0 0 0 0 -496.1023035372349 0 -195.2998713156523 0 0 0 0 0 0 0 0 0 0 0 0 -830.7258127310939 0 0 0 0 0 0 0 0 0 0 0 0 0 0 942.5057753776598, -2281.163578437526 -4582.256861933574 -1701.399429244774 670.5215578532378 -72.66544167865811 -699.1797536449099 -325.3017823915749 0 -265.1621685351308 661.0356425446976 851.0688184121747 -1779.387599150808 -2189.556510090141 582.1025684071103 4704.071390237056 0 2303.53403807653 2255.074608314686 9081.63060962312 -3177.885107060203 705.7654582043087 1790.070070559726 -868.0679718739885 0 -252.0278696569576 -1993.096396765552 -15068.59232287043 402.8700623360548 0 1476.340835821841 3334.846804485133 0 657.5001602750928 2740.444846472441 -5023.389676462311 -3958.800834162003 3346.119297570459 2901.635721502907 4958.426107838323 0 -1352.921414578715 2209.226398037035 514.9364466850479 -3675.309478776763 -3085.801622434039 1203.362562346814 3347.212480700464 0 2510.240826176086 10811.04360111571 -1573.995774986742 -6680.363698162751 47.25398907787849 2551.350303684131 12244.3515250276 0 10763.84880261872 819.0862870287128 -5253.621703261117 -3536.659998331214 0 2374.213790074734 -3646.930167665848 0 850.9673429035224 3386.204656502165 -707.6278336177936 4615.187947655133 -2823.823830333186 7635.47795270275 1484.093536545676 0 -3937.379030386679 -3365.739640177016 493.0653323224924 4808.002417322131 2260.977648052709 -11365.91518504834 -2509.816126927802 0 -1902.239845752191 -159.7952065921006 1712.217546813256 -1033.166724599373 -266.7952064187862 -1575.06500369992 -1394.531018726847 0 1488.109360163727 -176.8167034430262 -6010.322029157838 0 0 2529.936443550715 2222.727602493463 0 -232.4917197793948 4262.209374762527 6476.51127467147 8103.84714609914 765.2709873724039 3916.502484684125 2979.160470748092 0 -4241.108215718536 -7924.86381030681 0 -136.1707213077905 -360.228678011925 1341.086398524992 9273.117578815574 0 0 -1625.015678722092 3805.988276604038 0 8743.661293354791 -565.8714923008533 0 0 0 2522.318976542282 -3383.421596120585 -2203.888654548572 0 9201.314036364962 0 0 -914.9883343187491 -244.7526743427273 0 0 -1248.71302980334 0 -616.2670750660691 0 391.2918386206238 1018.59920117418 1085.867876237543 0 0 0 0 0 -270.8332020468699 0 0 -781.1877015898779 0 2188.708264921358 0 0 0 -133.1330791015712 0 0 0 0 0 0 0 0 -422.3954810863358 0 -2341.058824846803 0 0 0 0 0 0 0 0 0 0 0 0 770.4877390208535 0 0 0 0 0 0 0 0 0 0 0 0 0 0 988.9932870177073, -667.5206820282206 -2198.99490016569 -2011.67220824395 -54.39286777888435 1971.797772211135 3997.295257825891 1540.594178705896 0 -1489.93322988438 -5995.937513729796 -264.3401590521959 333.2249757688262 -2906.167461551336 3544.750723805398 1316.336895756432 0 411.3588541607833 2033.987827940675 5103.293685671648 3007.76103800837 3935.806725208245 4640.360237077486 -249.6034472846868 0 1139.410469300959 -254.9467121047846 -2386.302864577899 -668.420509429895 0 -3288.393654366389 1064.21910252905 0 -132.5740425541607 4019.023952544643 -3724.150507077402 -5625.404060407589 -3898.774377535145 -3333.621256733943 5501.140123068361 0 1268.937811809853 -9585.217073996577 2869.280428075263 2709.914193912585 -3842.746505155666 6892.221834004726 1124.621081063148 0 -2317.737280401582 2223.108379315634 -652.8035481353213 -8042.173875875418 -374.6044461664271 11045.34534183081 1124.395286144764 0 4596.471234335765 -16162.10211142766 3875.020387712709 -2656.517160616934 0 -574.6931890893225 -8664.410740982454 0 -994.9060118484383 -4985.425060748017 4802.934013794099 -5972.510985131508 -2685.605276850295 -1910.734046904531 -196.4348534680471 0 -2403.686058241427 -544.6226347827262 -9426.717696672535 -2244.247653718845 774.9159806771245 -572.434964007005 3158.431795785791 0 -2059.797118185137 -240.9476220436291 49.45438691871959 -1833.675327155756 2872.088454377481 -4536.916534526112 -4587.19286990547 0 3439.580089791301 5705.747569650084 784.4734818607299 0 0 -4647.191097731381 4657.109282764408 0 3195.458293762263 -106.4391626828537 -5822.576249456436 -7253.818763105598 2945.363208903123 3770.14254863226 -4562.074154447366 0 969.198208698388 964.3287578120035 0 -5692.540929235593 601.2430565923112 2585.759072049025 -9133.799617144985 0 0 -2632.790157548476 -950.5370157151341 0 3061.495153850983 -2566.930380939219 0 0 0 -1314.190200297666 -6102.331047813852 -4831.995709246698 0 3988.632414227748 0 0 1058.450442434094 5320.255463816007 0 0 -478.9414657273485 0 -450.6548716836385 0 -6.364494137790984 -3483.647969490177 -266.3412624172339 0 0 0 0 0 -1519.870340980544 0 0 1368.139681383547 0 1887.276033410014 0 0 0 1208.781165079562 0 0 0 0 0 0 0 0 1059.013353788391 0 130.7883712106496 0 0 0 0 0 0 0 0 0 0 0 0 -2421.470305241266 0 0 0 0 0 0 0 0 0 0 0 0 0 0 -641.8623255185055, 433.4710134917332 514.7509391918616 -27.80431622933077 -2087.552387263023 647.679239254677 -998.0942073067283 -3776.06149881717 0 -762.3268877567893 3540.835570767746 1967.32295674187 3178.347296989148 -2958.261002002924 5561.651563243882 2759.967893360899 0 -1560.317844638017 -9656.181624199431 -258.3988468379757 -2976.558142145831 -5455.337526209449 -8533.517147066716 -4899.002908326935 0 -5981.950310246762 -117.388010403814 8996.482128830148 -239.4053735505418 0 5831.284433828892 -3825.244493377058 0 -4655.37503924712 -782.6617007936748 -521.723662465402 2736.908606446663 8375.196934396039 3901.659900270374 12288.90735904132 0 -1021.013371833434 4129.588140042512 -3706.249106979769 -694.8003360287591 2219.008272217453 4083.962783537353 774.2712577390498 0 -1201.035434841267 4428.570004231857 -2272.834952801792 -730.790018788505 1693.495530622302 1912.747444869457 1262.1675973428 0 3943.50015991582 -3770.948275390623 -4927.964640869012 -547.8889037019339 0 3986.646188654261 12257.24939956415 0 1870.646548387518 -9150.846818779422 8506.228852364864 -1889.467201199019 -8341.794163638497 8966.933382848605 -725.6678385248379 0 1246.456598028192 2323.602649854125 2502.659974553046 -4681.464112559463 -5395.892090943888 7527.706191523142 1775.413382487666 0 -1009.016931281159 -1022.140876327057 -234.7250016376596 31.23020682757556 2764.634175795724 2181.088680310809 2265.659382064508 0 -1867.281097835945 641.0205119537864 1059.441943520441 0 0 1161.946302543621 148.8543055982701 0 1716.114744770597 -5169.363208721966 813.5374299958343 -2056.312088225156 -1960.66362540348 1091.880283589776 1933.949055072144 0 4581.558052789409 3250.046623895328 0 -5431.259490807533 1042.538113360114 2632.484400163936 5889.880395563214 0 0 -1245.17336526218 8862.722352925332 0 2062.554957876551 -764.4458804522728 0 0 0 4344.065803700098 1779.756092368362 600.9616803242261 0 6726.055685627071 0 0 1886.352176738273 3523.621009150213 0 0 283.5032928211421 0 -3183.322903784202 0 5089.288586863731 3026.854399781367 1527.960597508209 0 0 0 0 0 26.30640700276072 0 0 -4857.722216304003 0 27.27015250396062 0 0 0 4540.885284109859 0 0 0 0 0 0 0 0 -942.8784054986562 0 -18.01900981357929 0 0 0 0 0 0 0 0 0 0 0 0 -2088.512020160084 0 0 0 0 0 0 0 0 0 0 0 0 0 0 -1014.525335218002, 220.0711928436338 1606.895632711765 -1229.389514179637 -3502.222815235712 2177.156575725783 -5348.748981002082 -6763.555655461288 0 -2924.838985003262 -4574.539153568908 -4458.422590056171 -316.4303240397173 -544.2963457679183 -1919.105291434537 -1303.711819379226 0 -2602.188660872537 -12535.19403018961 -3217.21758776252 -573.674404688943 -4124.082791303153 104.5007434353006 1451.35438619993 0 6422.623811414411 -3069.366550068957 -5381.276933286876 -1049.355556573409 0 8040.466514582729 -540.5155280067352 0 -1958.686907536911 843.3454413022673 1025.058216767624 14342.89017771559 2562.987115753789 461.0073401481004 3157.732892632659 0 -1110.602593596503 -16082.61844169065 -10691.33929916568 -4023.61431961184 2740.715914678313 -6393.526779561123 -335.4241451157395 0 704.3497770246161 8077.141883165554 -1840.174495748623 -2059.452784383785 -838.9341339023929 -1112.364444743022 -9189.686763747635 0 2128.825978941592 -1721.933905033206 -5518.746942086357 -7672.762535444545 0 157.465801068483 -6249.631358476408 0 367.9520785686856 3342.511766383461 8130.571942523633 2603.527073382208 -1048.808722780711 4447.723091242767 -4320.485420770365 0 4389.948617856338 -3416.447072938983 2047.701249257507 5358.06700321592 -1300.164931799103 6667.954945443088 2855.17599779586 0 2707.915482099635 3186.029186634625 -1941.668153899292 155.277659738651 3174.220415319263 2265.860113592982 3617.732787293163 0 -1144.552413427892 -513.1433223535025 -7903.218000905309 0 0 -4684.398949927288 3224.717460901067 0 1591.017079857155 2232.454602886395 -5818.777931013849 4312.905177705854 1514.73426687589 -14262.90464235474 2963.646712713447 0 -2281.370183392101 -2336.229654331215 0 -1055.734767553095 2080.259598424083 -6106.515738054726 1208.872258058466 0 0 -6135.244337514379 -13844.90589254711 0 -5216.903517229801 -750.3366298281119 0 0 0 -3544.294728392431 -2128.909090121879 746.5716944688911 0 -3620.910622653769 0 0 -396.1209676457502 -5137.970985207683 0 0 -415.2212268761145 0 503.7470028661137 0 2641.033432511184 -846.6702446933331 -6176.424168466044 0 0 0 0 0 810.402917062469 0 0 1830.114665147117 0 -2332.322038338848 0 0 0 -1336.87316914133 0 0 0 0 0 0 0 0 4270.898972549685 0 -1947.798641647795 0 0 0 0 0 0 0 0 0 0 0 0 1806.934713917338 0 0 0 0 0 0 0 0 0 0 0 0 0 0 815.653775426836, -1488.557175760105 648.7592002493755 -3376.202964450411 39.63403354048836 3005.869893339876 -1927.498101237592 5138.806294897121 0 685.4368344236017 5300.010516692002 -365.0316718305691 -94.36616349101769 3237.414375360276 7727.858850553621 8162.895847689702 0 -1452.066651598204 7945.977567308463 6138.709720001789 -2692.627387069956 -109.9592796353256 3066.855019618341 8412.776353871708 0 569.9701584215145 6092.625816460257 34.92425032200026 5582.359189650676 0 -5757.19406930787 -9261.432655923003 0 -3189.210292324485 -2267.428036958145 2480.453932392279 1790.506544571276 3142.916097667397 941.9561083771109 -13829.57047660572 0 -70.46335902888677 -4784.87220792164 -3101.961605669469 -7802.178981335686 -1554.348899505318 -8036.367708053753 1645.282416520426 0 -25.29643007461789 -4014.263239802724 1211.403712794048 -419.8639586303341 -2752.591688680082 295.0004002220853 -5240.166344132137 0 -8786.023697049022 -1452.946535985965 -2051.399190563711 8888.47514182494 0 3281.714736744047 -1178.029703241075 0 -493.4638313963239 1765.309715028223 10120.09540836107 -676.9251467261813 1234.847769808379 2709.517897989929 1441.296895166251 0 985.6458545703565 -553.8705642990428 4144.797236717929 5956.297521163246 -1810.436273089844 529.1031000790417 9664.513098317122 0 3565.695411170589 4978.593428908891 -2780.975532974603 6793.352478875943 3954.675064354179 -323.6593581569504 6237.991810627701 0 2126.313342744715 -253.5849761697355 -3431.065878834946 0 0 137.9584670217996 -279.1892305030995 0 3427.059223430401 -443.8270904597576 -6452.929138157446 2869.654045675622 1264.090552154914 -1147.823693167061 6069.77750521796 0 2714.980973216995 -1444.793201400165 0 75.27748332691772 1438.58025722622 -5849.038746967023 8599.535135959573 0 0 -3553.523693686746 7208.06434533736 0 1906.458124367962 8444.091099246783 0 0 0 -954.8807143220046 3601.142253263906 1992.781223177408 0 5821.856392992357 0 0 -2512.360825616185 1916.86941063547 0 0 2445.329805855321 0 -3522.33434972986 0 5178.813833778491 -411.9335347144508 2442.613779769131 0 0 0 0 0 1362.728352498866 0 0 330.6522044462137 0 -259.4520647072663 0 0 0 1948.380682897868 0 0 0 0 0 0 0 0 497.2741617224942 0 -55.34316684582143 0 0 0 0 0 0 0 0 0 0 0 0 513.3373691155082 0 0 0 0 0 0 0 0 0 0 0 0 0 0 601.2078900901234, -158.0908873584585 301.4773976322247 1109.741909948647 -853.3087186312046 -1150.033002385002 -812.0507052935868 -895.5758574631542 0 -1292.074316278489 1443.450055210068 1305.476924579013 -4853.894358059234 2305.229167665801 -4066.376981824305 -5893.590753227981 0 -2468.631396856588 -5783.090078239199 -3234.428484628766 1045.233111439014 -431.9709137637591 -41.96812852827952 -4568.966584094209 0 -5248.963600127971 5247.344470472886 -1421.326788388905 1790.161805774847 0 -8817.63867812798 1789.240116665479 0 4522.547118803256 12405.60523330588 2131.418705748685 802.6147412841356 3858.982362356776 575.9420609402591 4654.276228213503 0 -1774.714501006767 2787.67559388631 4059.531628485875 -174.4390728501526 2631.820216753697 4572.698811615788 5230.281427497745 0 -424.0582943193272 -3116.246725698204 1387.257214322992 -1292.618714306777 135.1299922084581 10788.17381987094 2934.912246833363 0 3136.887368448427 840.6268490491254 -386.0801683224718 657.6741507582065 0 5760.242665517681 1251.224845935973 0 -1173.010595048868 -13640.04500399631 -9145.007060975217 -2160.87436909288 -6589.290273016702 525.384995072578 2337.482521331599 0 -871.7535654540543 -2824.858173426025 -1823.83673666782 -9152.254741240225 -2132.401335745528 -7574.616249300312 -6958.781478254488 0 -2009.577160628638 -3695.375374422923 -6203.118569593275 -4021.093036008358 3210.537877113802 -1759.204649444441 -6916.524951611151 0 -3232.44679172528 -3089.674665485263 959.5397614374251 0 0 3253.080972301147 -1011.031033692197 0 3859.955725436957 -4660.37485041422 4218.926740315606 -8641.5201022332 -3887.654218156875 -10167.15803867171 -7192.060493168976 0 7774.55433135433 9070.575670103652 0 -4756.378366432377 -1498.22487280439 2510.04648969747 -1923.050612500654 0 0 -146.1594488797232 -324.621624885086 0 -1383.634021821619 -446.2760187879696 0 0 0 4434.836527382811 1882.384661611035 -2066.42746369016 0 5847.776734898257 0 0 -683.1776569636789 -893.2495946416143 0 0 717.3913390207358 0 4705.110598760075 0 3956.141097456019 487.559487188313 2589.980650254586 0 0 0 0 0 1681.891933284556 0 0 -976.4471972186948 0 4534.721261769444 0 0 0 4393.720559249173 0 0 0 0 0 0 0 0 -2431.976290173481 0 219.5223536907224 0 0 0 0 0 0 0 0 0 0 0 0 33.24132835630222 0 0 0 0 0 0 0 0 0 0 0 0 0 0 -53.03404692718311


GFLOW: 0.144 0.3845742108462489 0.3866375802984009 0.6973097013333182 0.7015259788645516 2.798649865735335 2.797776045445122 2.546027751940252 2.543897998631966 0.2990313342186905 0.319035481797713 0.4318743456578636 0.4680303733142592
q-corrs 63440.21305157363 76057.73902779474 19035.79124223531 -4184.664707611821 -5579.580681289193 -10801.49706778198 -8232.162754223711 0 -1339.952387648023 -2292.029297890722 99.51591472096368 1103.691862146586 1385.9172664633 -4827.470898697936 -2837.85305026555 0 938.2015912460793 1024.429758720883 -3364.540880623314 -2447.561042899468 1885.284613791032 2091.05529973176 -1703.518497012486 0 -462.8199577713793 2096.322356947609 4148.786616400412 -129.0928988259239 0 1728.929768689096 4953.553451592028 0 -578.4177702250006 1741.956484091239 3372.367312042461 220.4825775980657 -1737.769237769716 -3840.956741263202 -2271.595969484844 0 342.3254671857453 -1260.953770314506 -2271.661267013163 1361.311854544821 -670.5383718863907 777.4674937755776 879.0014426630304 0 136.9456722173408 4494.212103714724 -1463.494286090533 -2045.423698586785 4454.032698266957 -1444.862701463281 1053.625142230991 0 -1601.620284944057 -2106.200618372261 -87.48395192339808 75.49008155281427 0 737.3661877608993 -4937.4726319049 0 -289.7384361378066 1066.729841010796 -3308.80306181167 -2831.908058865685 3788.127319530277 -3601.442694439442 2017.805568984039 0 -2029.359044930933 -5749.546219021676 557.4280140916663 1766.179783716675 1751.314104280385 7262.36449304457 419.8919537509996 0 -1103.440120178024 2301.959608016974 -1102.459806968836 666.6234174749718 -320.3766182931312 1711.568892558073 5226.222485287732 0 320.6140870411277 3444.919786398556 2626.165642056959 0 0 2364.804185914805 -2480.178102530138 0 714.7686220280252 2605.475952709161 4788.547530507004 1622.974685778068 -739.0708489648803 -4477.884092644138 1661.809981303263 0 814.9027262834244 2606.383866870362 0 -1117.505934189013 1394.8405392642 1009.14282478213 -2467.270666931282 0 0 560.8963646264968 -4404.090982080912 0 2297.305097799949 -1259.5248549455 0 0 0 -900.0470470675244 -1169.344402947305 -83.18511684617374 0 -170.2586982309227 0 0 -1064.643515541235 -4918.965871325281 0 0 -587.7211306397103 0 -207.7193897827942 0 -1368.503510038361 -374.4599525560957 -1436.488782594178 0 0 0 0 0 -725.3195899614849 0 0 371.386758496723 0 -133.6229543245913 0 0 0 -510.9668670883395 0 0 0 0 0 0 0 0 1462.790201197347 0 851.6815171603092 0 0 0 0 0 0 0 0 0 0 0 0 1708.506867366416 0 0 0 0 0 0 0 0 0 0 0 0 0 0 126.1044553507167, 12399.68663590583 8577.17173061492 -6213.346433608887 -5448.953911045071 -4487.318909545354 -9023.808864527808 -7587.427487278625 0 -998.5944549334383 -4395.840299197668 -1403.527526269811 -1234.39569806183 -1065.450300461176 -955.6306121100282 -2842.502568033807 0 385.5623631297526 -1816.685963414095 -773.1579870977189 -2105.012017878799 352.6611094934914 -1553.963736904185 -1412.54642986744 0 -822.8093292314398 2276.188779743309 1557.639925962292 -2931.324878976955 0 861.5937591601743 -2747.358992645002 0 159.3745934342535 593.6345494327742 830.6091309314656 1494.734745493662 -370.7059901237389 -808.9132388715789 1.912017476202664 0 -1756.401247345776 -1660.309914095345 -1290.594907983548 1430.503565072401 295.9414815080409 -1542.674086172102 -1761.664510568625 0 686.1577720073907 4858.337785555145 3138.758814074637 -711.1807976413427 601.8225786571777 -1086.712326327106 5956.415956258416 0 -2062.37513380174 749.8910482050921 -2909.02910201494 -2753.944805316055 0 -823.1496064199279 -4708.105431186251 0 1074.930610346391 2169.774457085655 -2892.383423827 -882.6568690383326 272.0195588998895 900.6053518464976 1304.037967635777 0 -204.5031603541269 -3825.543975650025 -579.1047519537292 308.742054025824 -278.3706440046109 -2668.537301185254 2623.918557756701 0 -1021.05127535565 -2067.215608347361 -566.6437873033847 1172.041281268802 -1114.034090781983 1746.213407607714 2102.041329356703 0 -1090.299297380698 -525.0296457131916 -3319.545815064725 0 0 957.8116230292094 -189.0098715262673 0 -1438.120285012817 1533.683566910529 876.9243135546978 1149.892693898836 928.779231237303 -4053.552950959227 1370.841838380949 0 -390.3058228450575 -2027.439208477413 0 285.9045115291926 351.2339021754987 342.5857447463895 110.363236764772 0 0 -1155.688685662862 -3786.536988736284 0 -689.3443275258473 -324.9859169266281 0 0 0 -695.0761251904887 132.0361893160356 -2610.561477599859 0 732.3849383839301 0 0 -700.2953334221546 -1742.40505992306 0 0 -393.6351355201218 0 -1073.665345806752 0 -229.0704607124302 80.15717848696056 -1698.011551231291 0 0 0 0 0 -48.07060458598505 0 0 -618.7594867697017 0 -495.6337681419834 0 0 0 -359.9300072450438 0 0 0 0 0 0 0 0 -369.6674448695486 0 -1.562087724765092 0 0 0 0 0 0 0 0 0 0 0 0 -172.5242927974002 0 0 0 0 0 0 0 0 0 0 0 0 0 0 163.4976050959721, -1260.774175808459 -3993.364966314941 -3512.577795726553 -667.9725071679136 -1096.856708202949 -2765.024448531029 -2485.87516844063 0 -405.2088585069274 -2096.937936081331 664.8418983729225 -249.9991084989798 -1612.351887245222 193.0703751941865 -305.4690850791155 0 1151.345481521035 1241.999643900686 3028.331938562153 -351.0510710437279 -22.94872898639096 1058.366517088042 466.1657291191844 0 271.4398434386592 328.2723271962044 -2032.735223980424 -886.7508661167883 0 -874.9890822201431 -467.5811436964053 0 604.0272739528934 2177.137239800573 -1571.918852971228 -1153.966756736283 1411.490777518187 1077.890872296279 272.7855474840829 0 -1749.585693188839 -233.8788607516649 -225.4170702357069 -702.0845854071433 735.1089645826335 -979.1773081185009 1477.487813568504 0 454.9944950075239 6811.848656606535 488.4876849194163 -2611.84769182163 203.0340705622838 2188.398811967245 5812.607530319392 0 3959.57525447519 -219.5894725926554 -2075.468900650226 -1439.158994881252 0 1682.742569732751 1247.654526444406 0 395.6815730118549 1865.925016366921 -147.119228773179 2202.982687031272 -827.1973078007097 3480.077376624736 1337.4360751473 0 -1134.672375213904 7.790689461742318 -557.7595533687422 3859.36329870034 2318.719932458618 -4029.0510383773 1007.362971947776 0 -118.4973071974507 1538.966990781593 214.8285079592632 -1033.573214173229 281.9608855027897 -1083.642752727192 873.9845559379789 0 1581.57746233098 1801.207400405737 -2169.758177003152 0 0 183.0698444925465 1979.96265922511 0 -351.0400189067682 1428.711095288325 1501.551877296798 4035.663548406479 -271.1827120756012 1380.716246750818 2212.722676755738 0 -1407.090176517438 -1139.649350663989 0 974.6870035097497 -256.6744267447837 761.7551975520407 3565.100862002692 0 0 -868.4877175367085 2175.277404705456 0 2638.644283161556 1079.542647824414 0 0 0 396.4962411979119 -325.3606084448381 -947.2343956270765 0 3346.220937942217 0 0 -130.1603404701343 -940.8535140814826 0 0 165.0189950597092 0 -194.1112802444465 0 157.463685818141 29.28931512694106 -533.6396947008217 0 0 0 0 0 -593.8289717239767 0 0 -357.1453813594115 0 217.6478484623988 0 0 0 -243.4579491978685 0 0 0 0 0 0 0 0 -271.9765647548099 0 -759.6333602855428 0 0 0 0 0 0 0 0 0 0 0 0 -165.5514326372584 0 0 0 0 0 0 0 0 0 0 0 0 0 0 177.9245268946744, -391.0163002227387 -1219.61845977979 -862.4867015717152 -38.81366971716204 15.24516905666678 676.3402440491388 -440.7988659736995 0 50.23954778634248 -1959.385133753253 448.7954052580935 273.5118588117185 -1543.607511221818 690.9889456325845 205.7176168982464 0 876.0407374620836 1036.864530184057 2236.239460721783 716.7881908066031 1062.677030434324 1624.302349742559 -309.0709901073501 0 166.1142512002607 424.1842029671363 648.228585022483 -64.31572464774382 0 -1705.52475453849 176.2774109169421 0 435.4125588991997 856.9923381845502 -1793.904511976307 -1280.697138712803 -1245.874012232912 -1840.214294008232 -471.6725693925008 0 -662.6901198153244 -3756.489287677332 -422.7230240725 1185.510539115786 -2616.633745515835 73.36392805333548 1196.509222001217 0 -1434.642906238402 556.2934235011792 -2748.861565314795 -4083.28065502732 -97.37998100248274 5394.626219443207 847.9270961224482 0 2939.959003613948 -7331.243669518036 1103.823486269824 56.65986796868333 0 -431.5581446877684 -3422.729534089611 0 -572.8318976181786 -2456.8082089903 4.498932511273665 -2220.602815257846 -1696.058058264407 1036.979907982181 877.7426048476204 0 -1000.47919825674 18.04002898269101 -3515.434547219741 -404.5835295425445 435.8887708370446 -1238.329864871738 1854.134110983477 0 -115.6869137956282 2126.688622447033 27.96249074866444 -758.8995980948541 1142.582630408427 -1577.153375249018 -5166.512161762057 0 1863.361817768131 1433.717703621287 362.143894745534 0 0 -965.3270818573912 838.2501022241612 0 1130.368628341919 -654.3871762175795 -2392.068047558708 -2017.307348808258 980.4643681357268 1610.678675267329 -1892.554697929829 0 -850.9668471809796 380.7916492052771 0 -3198.795987928916 204.4666962375092 86.54387482657421 -545.4022777497033 0 0 -1303.2682647979 946.9968872806943 0 1505.328952358581 -1131.660737907168 0 0 0 281.7952841129943 -3452.227562369488 -1095.118830677585 0 2379.912635001498 0 0 80.16331538762074 1237.64502840226 0 0 -175.0627590719092 0 -344.80220973487 0 17.23104627915939 -1107.614341765541 275.5593227273591 0 0 0 0 0 -4.787769984194597 0 0 -198.450208883472 0 95.57342227482786 0 0 0 687.9249186649026 0 0 0 0 0 0 0 0 -568.6296283169302 0 207.3611823627021 0 0 0 0 0 0 0 0 0 0 0 0 -984.8807191855692 0 0 0 0 0 0 0 0 0 0 0 0 0 0 -216.09412138474, 93.71087314913166 451.0099987014921 -43.4137259148568 -1040.382794251409 516.2974769348847 -236.3297978482977 -2273.889297597478 0 -492.178340451392 -758.6101126998577 -164.1653649487206 329.1765282972442 -1033.977678396202 257.5984393873217 192.2469583958206 0 -312.7930219244242 -3432.554949515516 -812.1247464573355 -1732.074748367989 -2023.415811451534 -2445.156944916216 -2412.804007484907 0 -2043.871420461967 -819.7838586005203 2656.962344589292 -12.74739335283084 0 1830.683725994186 -1052.287073454785 0 -1513.451693782753 148.8328102852167 -528.4691859605464 2518.951486949167 4126.538011446541 997.3758172733124 4844.547548613841 0 -445.2639291475531 241.1280702870339 -267.9565630507578 746.5549995299975 404.0690890855396 3205.819694128436 1849.540289671005 0 -798.4741954453394 2550.900867558979 -815.5766681829623 -2045.868142399433 297.7503613178401 2335.745427158958 1371.901889813267 0 3170.551944004265 -1301.869045913805 -1773.391502175137 -167.1432755785208 0 694.5656698372492 4356.643982169712 0 534.9653684404117 -1539.258546721816 956.5033117576737 -308.7456988244095 -2809.409936366199 4637.251304162543 576.6518383591292 0 782.7341339609925 60.01288194717381 677.6730304231003 -1661.589076104922 -1967.204775785284 1474.482779938153 1359.237186211611 0 -459.0002391092345 695.7722806060109 367.5207741231242 -357.9472445831061 2136.943177767422 1031.791164197419 -4070.840476921855 0 -50.24467190963946 857.3832019937197 -600.2209744668151 0 0 737.4205001296137 -940.5949153337758 0 1487.274053994363 -2898.08122853692 -308.6194966462493 -1301.732165654993 -490.2640834720586 446.8762717733714 -623.1728546442189 0 797.7949322333071 1108.565361073705 0 -2269.107035593888 -37.21031518897013 244.0910834588135 2351.183384554413 0 0 -286.1125440439193 4141.013973124243 0 1115.888693919862 -239.4727106127606 0 0 0 1468.345125640305 -80.68421958736268 1247.077609313229 0 3539.398533930953 0 0 695.4526694117416 3122.976513977839 0 0 132.6117139542793 0 -636.8497046671482 0 1733.815714233456 687.1924960621224 2181.288427428613 0 0 0 0 0 653.2852499245539 0 0 -1419.650640649091 0 -227.5297776521166 0 0 0 1418.416158719304 0 0 0 0 0 0 0 0 -495.9520717531295 0 -265.5530084705771 0 0 0 0 0 0 0 0 0 0 0 0 -199.9800371110722 0 0 0 0 0 0 0 0 0 0 0 0 0 0 -18.03384746891231, 56.87858267574029 574.276575022 -735.9885026851105 -1484.07939399726 519.0282505112094 -2171.527325135861 -2516.11505989754 0 -1748.221959330523 -2150.563564149737 -1338.643684474866 115.8069359616701 -381.5900699735888 -1583.725613718467 -851.7634507567833 0 -1082.866143089904 -4404.828575125402 -2284.346098033137 -1146.976110143523 -1787.03579034722 -293.1343536508529 815.9987317849983 0 1885.91028789589 -2751.749498380905 -4301.076768689226 -1936.240234956514 0 963.0451810302187 -968.0122519174813 0 -2544.670276866013 46.96093225245204 -160.0944836773776 3615.607387967214 1856.745072544545 761.2238114974919 1159.960768613229 0 -1371.578777511034 -5887.059238722206 -3595.047405178093 -1162.348516156139 1088.395435492792 -2909.954300402767 -199.1428942044292 0 52.85707182662156 3612.388241872888 -822.247771179262 -1520.871167525361 -785.91257862663 -295.4817904734017 -2767.381714422876 0 1190.8209961247 -1180.925645345033 -2697.854370020943 -3155.933525996469 0 12.38471313953357 -1369.602674141979 0 687.5395991328506 3466.446602671015 5037.111663836656 -28.02189394489807 171.8060402063676 3027.289757510257 -1323.721486991838 0 2135.812045493903 -1939.493020629961 3257.419246017965 1736.883939153138 -1352.295240442396 2509.569360183954 -14.84505140194 0 1408.842319941494 2760.401111171121 -237.7740683173924 266.9334659798681 769.7987806880024 1404.848882031187 7.077559460335806 0 58.01718364544934 1491.218862617326 -1019.816414331928 0 0 -1481.569066962277 1155.117679238274 0 1198.552223876588 594.2004359547161 -2272.885128851964 1213.326093623974 -73.94240746643277 -3671.556453590657 854.4694782805318 0 -762.7651538216663 174.7189486118938 0 -130.7262663001096 313.6914298004264 -2195.813541600764 -27.94539651099581 0 0 -2265.48305859319 -2090.534035045763 0 -1908.51933297374 220.7809481386828 0 0 0 -996.7474674467181 -564.2616344833857 -236.1705625751017 0 -932.4275246425804 0 0 -296.2117592890979 -1511.453133131109 0 0 -501.1387346300594 0 71.52947274557027 0 796.0821668282181 -333.7798272860036 -1915.776476333756 0 0 0 0 0 117.5480879311207 0 0 745.1328873721397 0 -601.7483892375488 0 0 0 -277.3172226441331 0 0 0 0 0 0 0 0 1773.029932868965 0 -609.4304048330999 0 0 0 0 0 0 0 0 0 0 0 0 1401.911552908003 0 0 0 0 0 0 0 0 0 0 0 0 0 0 510.6046911436058, -291.3617920070318 482.360867731243 -323.8990050650859 -59.05571344169846 1086.808170923098 -682.7099670809539 1478.564780113903 0 -561.7048449644003 2810.866209757818 252.0217152205381 513.3864592684783 1486.614574583325 1482.762483522883 3717.56948493098 0 2.631337849490734 4364.770406895473 2281.187728251082 1052.838214750457 296.0542012522897 1870.225266106825 3053.477530140054 0 561.1544804202788 942.9960578278824 1566.037041466353 2081.338081486627 0 -2571.87157109311 -731.8533267496439 0 -1230.303503991741 114.0135102974923 -932.7518324726897 1360.669383085858 490.5454567030202 1988.317275182298 -4333.954230300298 0 -274.4754607006511 -2568.929844341758 -17.348579095486 -4196.7406039033 29.53203524150751 -3865.343618769442 249.0082736416036 0 -382.091097992473 -958.252956240767 -1557.62264223035 433.7778764000373 -862.5442662961215 -699.694302672536 -2730.9588698321 0 -2547.51070271697 -841.8434933269559 -2018.714974807699 1094.463817027716 0 -807.8615597711714 -2768.852077987421 0 -15.03498564400041 -182.2115763166871 5388.411727801107 -369.2294159123796 -275.7416610187324 2679.452747896714 1652.093106590021 0 231.3254774759612 -2128.715423676083 548.4770721635748 35.81280247284883 -1539.823779409314 -439.773269981638 2259.218060979744 0 1397.383356585102 2034.305101239651 -1558.984513317843 2281.334636979253 650.9487932077786 351.3798638093714 2380.704695994453 0 -463.0483421085687 215.349062490635 -1877.221431538554 0 0 -694.4883711096056 -432.7286510800527 0 565.1613757358189 -374.0412610680307 -2259.99593237226 3305.700092085249 14.50279493049857 -861.5636816565402 2414.161455554499 0 791.3436668644207 -224.8495277464497 0 -276.7794560597074 265.7708654555826 -2056.295586259211 1573.068316074141 0 0 -1795.887033529857 3705.305737849259 0 -26.86320096209909 2634.732285413728 0 0 0 -206.1097802192246 346.694549647901 515.1280041358053 0 2111.677312461328 0 0 -895.4773616873097 372.5457988294438 0 0 278.3443009630038 0 -1428.990912346514 0 2111.204018060148 -290.2262922610601 -145.6765646243067 0 0 0 0 0 487.4693130180574 0 0 176.014682146122 0 -142.0609909267478 0 0 0 137.4232651435325 0 0 0 0 0 0 0 0 620.0156513024705 0 -350.2717446357273 0 0 0 0 0 0 0 0 0 0 0 0 618.8943609574021 0 0 0 0 0 0 0 0 0 0 0 0 0 0 297.5744023711002, 38.56019127164927 355.8410118181729 78.01374062317223 -548.2600698835637 9.123287358237178 -1082.371933469381 -1525.165137280225 0 -1616.304234311715 774.8275035138461 1450.745817455156 -1729.339021919804 702.3688587670863 -1154.337350097151 -2114.490165497301 0 -327.9914542696498 -460.7622531359689 -597.5950698467689 664.1801172602072 684.4676457727398 700.6369185738148 -730.2838865732012 0 -1767.006785056522 2352.598617382172 2455.213148910643 720.3360422609867 0 -3268.503570743655 2112.198106696995 0 2200.06625136319 5880.869276724086 356.3891015169556 2189.629682753049 1131.323372882366 132.215983367779 -1041.032904558292 0 -1344.18807661814 2440.072507532095 4298.162018531895 -726.8487915237374 1536.966586524972 -265.1352201418817 2696.364057077505 0 -391.9190629343836 -948.0462035174758 -265.6223704657082 127.6601186551447 848.2277684994751 4251.430771210398 1487.998933370927 0 1122.192046512425 -19.82795044618035 -903.9305996405513 2335.564229475366 0 3331.635135920085 39.87364325447186 0 -346.9374011004037 -4530.159703395424 -3031.412548262615 -244.8795415600825 -686.4074942511355 1373.987469457924 898.6195599058478 0 514.4606194003562 -1221.026879931879 1452.909407366771 -3978.623491321117 -1412.170163156452 -1626.319659979204 -1142.939012972014 0 -849.2578583405144 315.9727890709544 -2225.648026395456 95.14345053842453 870.1834202451454 -808.7725371017666 -2061.360098497502 0 -2087.7161200316 -2624.695358894255 -712.076159843865 0 0 159.550596127949 -1134.837624189026 0 1188.141850860657 -2240.638682950686 298.5516944096366 -2491.941428243335 -1216.786722827321 -4623.814949605036 -1986.037631479915 0 2029.444158607559 2832.369305107815 0 -1533.502736649327 -863.4982474864805 374.2739534595879 -1938.21183893483 0 0 -843.9365272355 -1218.597083768934 0 -104.063896463966 -490.5086748468391 0 0 0 598.3936423534431 -107.8633395126071 -303.8382593626764 0 2129.452815772177 0 0 -390.8756166343769 -1137.044308249978 0 0 -112.7930145854239 0 1113.796501066747 0 1609.685867325371 440.0111652290175 1414.950178369711 0 0 0 0 0 681.7662249200648 0 0 -256.6758755481391 0 1956.966334735186 0 0 0 1477.649934010978 0 0 0 0 0 0 0 0 -809.3134528312313 0 502.640237018371 0 0 0 0 0 0 0 0 0 0 0 0 -530.5585368073606 0 0 0 0 0 0 0 0 0 0 0 0 0 0 -132.196029684875


GFLOW: 0.216 0.2500300812649754 0.2511408011958447 0.4203972799743389 0.4226640978038344 2.898407921601321 2.897919161174153 2.740537848084867 2.739326171812478 0.2173850579111823 0.2053071802252892 0.2706064315715869 0.2623664312709865
q-corrs 26221.2834097126 47626.23374077829 24890.77886578587 1918.80118990938 -2119.086400680246 -7518.498751651303 -6987.207113767887 0 -2146.678536433561 -3936.300950516137 -1216.776353008597 -663.8340373243196 32.20218361159237 -2728.034468634532 -2218.207887343827 0 138.0251228720715 152.2826919775632 -1443.436311915257 -1037.759610328464 783.2368999373248 1621.412777482973 -619.6651104517119 0 551.5694396412566 795.2942844243155 1534.288516758812 -638.1625936089986 0 1004.975370065779 2117.483317532433 0 -123.4892933290487 569.1261484723352 406.8764342926279 663.9739176617236 -1543.193856902626 -2030.121925312151 -1529.044568268463 0 -33.40088983518115 -1759.199257592491 -1489.244956475093 267.0388806866378 -54.87569627520509 -458.6317477389992 384.8725088607771 0 -623.5405475938005 1286.065934726408 -1216.216562442578 -1343.083928050969 2042.443707318452 -656.9443705311103 156.6777014219256 0 -1037.181938258245 -1287.224868943708 -719.239801867687 -1334.45154003995 0 1135.542718928664 -3533.005501997901 0 77.40295559378225 0.8226187386251809 -1051.177361938619 -879.3644265711574 2022.754417475335 -1276.3156268566 520.9349317778862 0 -462.2312205189993 -2822.957687338683 -218.6440979905998 -196.0532251624343 -8.915431043754921 1799.389960749917 214.4947845918553 0 -943.319032580775 -220.2645768398637 -907.1735507446487 689.8852238656776 -524.5210239059901 1733.541901578291 2035.227912574668 0 -515.0451813286678 216.5435265173602 783.2648378303433 0 0 1067.065199394211 -1102.946906450022 0 2.447962929211769 720.4244536777967 2410.502907016681 1102.703400110891 555.6296235400296 -2387.52719161678 989.865498499457 0 520.0215589687325 731.9166665047173 0 -630.7166940378393 455.0054369576966 519.7815008511649 -1569.815915460947 0 0 595.4868453017123 -2198.912053945413 0 55.22646034379227 -96.64736335487515 0 0 0 -647.0685345198974 -544.5635987312198 -916.5944991373792 0 -687.2918887638439 0 0 -332.4015640725169 -2579.438460393439 0 0 -223.8308132017112 0 -39.80834683932102 0 -736.6167679305355 -223.211756530937 -1272.438785718328 0 0 0 0 0 -450.7489378225195 0 0 151.9717525858599 0 537.6724413717952 0 0 0 -247.9977590165129 0 0 0 0 0 0 0 0 823.681195344428 0 547.3762444451359 0 0 0 0 0 0 0 0 0 0 0 0 705.0527774704191 0 0 0 0 0 0 0 0 0 0 0 0 0 0 107.3030236733953, 7868.637548601481 12243.74207513015 3345.972089041335 -1746.324532678734 -2347.854935113189 -6626.890764649981 -5873.66543503189 0 -1552.777711348166 -4007.702029996043 -1254.213424398748 -1056.079536097454 -765.4135701791877 -1211.962467004578 -2042.472428804088 0 43.80066350081131 -931.9354697908107 -551.0360707791544 -442.2905191132303 205.6460840503723 252.8210424820007 -680.2723458520704 0 180.6823490205669 1177.843304412282 1445.426436900605 -1706.888016103956 0 -19.64065189427734 -968.1011737508904 0 292.6534270343445 841.3282558093766 -226.6392098159165 610.5712400483256 -241.2338610672276 -604.5800297973003 -347.7046370125213 0 -1059.679592933002 -1662.481642656571 -726.800823436339 406.7065557424796 540.7471169674585 -991.9822876415628 -498.909714841899 0 -94.64530905539371 2642.690325357295 1472.138044385763 -5.073545856798319 619.3214557526046 -774.8805467074717 2687.622564198218 0 -591.9743596866008 263.0424817190732 -1736.74189297131 -1531.156742009773 0 843.0283943234369 -1425.999586811581 0 548.5540765502518 1200.303742004944 -1147.888718972962 -104.3879508830017 769.2864583531289 480.1863593513325 715.6827896972611 0 159.6491978520451 -1855.52929500704 -647.9173373677638 196.2433835876016 222.5238226138664 -890.6032657580395 1153.463761567232 0 -717.4833788202486 -757.4386859493413 -699.0021121798534 677.7635379415415 -651.8504336698655 1178.257732652546 1399.252035532142 0 -379.8676586803497 7.656456790087645 -776.5772565266094 0 0 541.5325795611388 109.8513447997296 0 -599.260637861354 428.4464725729125 651.5833542657338 903.0685686098365 435.3325921212105 -1676.847246943059 1117.947668436497 0 228.0670276103543 -654.9122832943185 0 13.4236037179528 114.9523472122872 337.4934014997147 -763.2610497236064 0 0 -319.1722254099539 -1588.894101258964 0 -461.0362276595449 478.4662108378686 0 0 0 -606.6419561157577 -109.8380067540537 -1202.787143641451 0 -417.4770792810813 0 0 -307.6140006947026 -1258.71230840117 0 0 6.46194497350254 0 -573.7044591084112 0 -359.5410779512951 -115.9956405072097 -999.3501203686079 0 0 0 0 0 -167.9242116024286 0 0 -423.2680937767109 0 97.99605200043521 0 0 0 -132.4814408010401 0 0 0 0 0 0 0 0 -277.5224449197424 0 160.7048989740692 0 0 0 0 0 0 0 0 0 0 0 0 -157.3532559745017 0 0 0 0 0 0 0 0 0 0 0 0 0 0 -21.63531703573659, -479.8253508884609 -2186.54228434677 -2788.423948098928 -1144.420538410671 -1022.477730113471 -2757.286215948992 -2646.276712721381 0 -677.5450067342715 -2329.260374060314 175.1389053640559 -258.2380383084427 -1045.604152880245 -338.093126232453 -889.1527511043205 0 593.1383364027402 647.3947470760968 1105.136377171046 341.8123178540075 47.1865715217059 823.5788992540699 202.3130351390493 0 396.1904537572372 869.5458777735685 817.5591495833605 -949.6074109906815 0 -821.9120983078807 -945.4668772195854 0 425.6686581596228 1123.649873638724 -711.0827491486449 75.85764659308529 344.9987124935116 94.46487242049602 -285.9075047612634 0 -1292.061031536865 -1320.119150167553 -180.9335007973293 -44.62485373220289 685.8619839724613 -696.0217765136533 741.5617433780189 0 -46.21424639838595 3683.503240381562 535.2876745906951 -730.9322234961405 119.0111797048488 913.3526673649667 2502.63002341198 0 1724.468268242802 -98.22846191408252 -1145.334563180501 -276.8470811060264 0 1051.079528906493 1490.081617412807 0 238.3319472791382 1423.331780626045 46.05402145568752 875.7497546677466 -215.3371989843003 1691.719865654445 1246.77739650845 0 -436.9901151101859 -97.49932437934839 -456.4317135341307 1735.479830948025 1496.803834434007 -1204.338344064319 1270.567943219631 0 -139.6522475895476 1048.907433030145 -92.34358395073474 -151.2135603564269 72.15124681162001 -693.6290049558504 690.7676632492822 0 886.6057145674151 1450.853631352508 -188.4801290171359 0 0 83.76421636595848 1097.350384330144 0 -228.6721300122055 470.9840422161174 -137.3511701754425 1823.439075970189 -402.5353694265987 583.2951633428254 1464.155425670774 0 -345.9174789795808 -105.4180808064524 0 457.8464591932836 -188.4198879433347 112.61974072082 1295.192000955052 0 0 -537.457652495747 1073.803544902783 0 608.6364514238098 1113.06473560553 0 0 0 -227.0318945742412 -165.2292044093182 -363.9795472173867 0 1007.152589456377 0 0 -71.07207609369567 -546.0733701568538 0 0 337.3789563845401 0 -460.8673385071041 0 -69.66999147644623 -176.1839507662433 -412.1416756454512 0 0 0 0 0 -354.8788374420175 0 0 -395.6479417999003 0 -317.3180981454929 0 0 0 -106.1547914820087 0 0 0 0 0 0 0 0 -642.6836342218271 0 -242.5065019700663 0 0 0 0 0 0 0 0 0 0 0 0 -487.2454608944471 0 0 0 0 0 0 0 0 0 0 0 0 0 0 -83.98902385647119, -257.1907545424731 -807.71781632641 -672.121740356581 -164.4802931304871 -380.7704993751333 -536.6880080453695 -767.3891280718434 0 9.089852059089083 -1066.292337326859 -32.36750088414601 -104.9409515607539 -736.3439774763974 -18.66795103623824 -236.0468992862616 0 640.3408981833562 768.5564803416653 1048.293238668452 182.8227039734364 528.959014285459 1019.141048517825 -314.86712733298 0 123.4427110791964 857.6819061703168 1595.294446560355 56.85949683146384 0 -474.030264164734 -57.99502874012228 0 225.495022605205 58.45344613574284 -602.9311670950779 85.33790400357182 -444.3138187136491 -932.5310036882977 -772.7337952767758 0 -764.8822914863467 -2324.257183899863 -599.239042816739 522.8971527137023 -1165.605305951637 -438.325863815808 543.0344950877359 0 -663.0763123722314 384.9072595879974 -1591.992857895599 -2017.516418725979 -90.87288708458618 1973.012996640035 241.0041121048454 0 1737.824105424156 -3067.918411743919 55.05393433134159 204.5796827458245 0 -221.5312212705738 -1224.927865120526 0 -186.2575148632354 -604.4423403325906 -478.7839319527783 -616.2923658412107 -910.7628409657034 1532.036613539444 800.1280827252715 0 -585.8884171173393 -486.6440193001179 -1002.08632406706 -103.7533441734731 166.5320607796723 -1232.357682822885 1032.182471811554 0 -71.79661992814162 1304.987750361426 10.42663726004972 -341.2516202200241 542.4273630074812 -803.4901221279711 -3083.19805833695 0 840.5942311632252 50.87283935940675 599.523781533228 0 0 -61.88131720601285 -162.7405255343469 0 548.8815089156186 -445.8702137961507 -938.9009506644354 -684.9478049007045 252.5382543580872 1121.380570916094 -928.0224351435868 0 -909.6548534383842 585.7019823270098 0 -1359.903905173629 -24.02478308338496 -382.2991721304736 972.5337885014224 0 0 -560.087286158512 1005.057412485241 0 910.9530865630684 -545.1431262822077 0 0 0 224.3972612891495 -1562.993782690045 257.1469907103201 0 1390.043041189193 0 0 -33.11279094831738 577.9405513132441 0 0 10.48988378951283 0 -199.7429011545981 0 86.15785624439786 -441.8731357513648 658.0564125481146 0 0 0 0 0 91.14918262944474 0 0 -295.3435295992713 0 -189.8457459395435 0 0 0 386.5401288897032 0 0 0 0 0 0 0 0 -595.5290797198024 0 44.61390229727203 0 0 0 0 0 0 0 0 0 0 0 0 -423.5373015710621 0 0 0 0 0 0 0 0 0 0 0 0 0 0 -74.15018895016644, 4.107943489727404 134.0252636727525 -67.5660546907734 -418.7611856273631 91.58260123576632 -412.8343915638941 -1084.805120106244 0 -418.7812763348835 -921.9792154675811 -628.3148312698142 -271.7625688694562 -449.6975897416536 -824.4070925834747 -888.8784239972035 0 59.91808930395189 -1273.300348069039 -635.1829519037487 -1083.050358424367 -724.0726176592352 -800.8534976664339 -1117.691160807936 0 -620.2098843795313 -549.8405752937489 713.1902606291941 39.54224413070958 0 567.2273672003379 -269.9355172246424 0 -646.8498966082614 60.65879567647858 -376.2312212527231 1146.194248641307 1546.192026052708 125.7859249806182 2013.733884210133 0 -494.6074803783361 -780.7796505190697 49.19461849189668 682.8807964295779 56.13591963791498 1381.134760427431 744.7879560077396 0 -453.4473379142166 1481.917435346178 9.509800753791865 -802.3029545187223 -118.9486404722672 1250.188052010033 979.9556266881596 0 1969.589776059521 -832.7732905972944 -975.0725515319768 -54.57627042971012 0 86.38411643703444 1719.868447920554 0 237.3735209542678 106.3599163020526 -330.1891787484066 -82.90972877097079 -1007.702448230329 2582.315074754312 360.0131784632184 0 462.4157406190511 -524.4900104188662 308.9019050005924 -791.4792693013555 -684.9577363109779 -449.6205900509515 828.7634882987057 0 -214.6737229207693 486.5980719045606 114.3999277241837 60.19853952479764 1071.45553713803 399.5154018161289 -3399.564813581565 0 174.2827913710869 -69.71689019064013 152.743190669985 0 0 513.9939758001819 -739.169760545587 0 695.2437299370139 -1620.945813245504 133.5393223383054 -911.3301025547496 34.51070200269467 881.5097094150434 -979.526185343117 0 -69.00541988954569 676.8074919932624 0 -1173.336291049848 -311.9290650887961 2.551551488420159 1212.618183661604 0 0 -89.27973226870731 1869.260879237799 0 833.6312232763346 -310.1911522035038 0 0 0 338.9371583115428 -420.7295271935607 1171.892690240447 0 1666.010801560265 0 0 227.7689233477377 1674.873140220325 0 0 87.41685622406229 0 -81.39256035225651 0 606.9895549381961 119.3020862141798 1617.205752252109 0 0 0 0 0 457.1868204915082 0 0 -265.6613444476453 0 38.68404631377119 0 0 0 635.8456023238638 0 0 0 0 0 0 0 0 62.37046842699266 0 -94.13405846593189 0 0 0 0 0 0 0 0 0 0 0 0 215.2106035600363 0 0 0 0 0 0 0 0 0 0 0 0 0 0 109.3462396033786, -4.588660547297081 74.1198218995732 -501.229050030977 -652.5724273892855 131.6764882619005 -1001.762554596731 -1031.706422976748 0 -910.9915795540464 -1040.678294539902 -685.0715124889555 63.4446086364033 -273.2381872074937 -1060.466685102145 -559.905075948461 0 -436.3377710831151 -1605.462907704022 -1389.280537929745 -872.762570585747 -856.3149015539055 -446.7966754883512 262.3548531986536 0 516.6906220870208 -1973.311003590755 -2632.342744118341 -1057.656777529757 0 -167.0994572235488 -952.5602907331759 0 -1646.122639634315 -592.2810582345328 -743.6414448929306 631.780335630842 812.8691254155121 510.8589812122402 934.6956122048938 0 -1037.584401197065 -3099.63780959481 -1366.069088830849 -182.3950805149735 572.1643222508526 -1182.927587533372 -323.375476239942 0 -114.1585409843741 2061.080329284865 748.6047397819672 225.8272627062079 -563.4056350591078 -74.23319887131311 -174.2236279940327 0 725.0738116788951 -85.50567581067747 -1472.758613669154 -1146.041516657999 0 -208.2499576232714 32.42398729682071 0 535.6239405763466 1875.476292454237 2315.885975875295 -331.1518287403659 163.8746483286577 2110.43288624222 -249.7082176256509 0 1096.858216057245 -996.8990572804805 1293.764194626363 327.8520492400771 -781.5163057936747 467.0397664343977 -272.2133413536724 0 561.4077860273771 1113.293929928003 -185.5838189422891 185.7687807779996 217.7750594358349 742.8267355178701 -760.8683061198501 0 111.8241306384251 427.0582543470922 512.2669705064391 0 0 -397.5465720538543 230.2347801839703 0 504.3644102163311 -282.1072125423482 -678.5816369974957 397.4289797652941 -62.20108904620183 -208.5785484436949 69.93326853173426 0 -288.7260009541499 362.3322067642878 0 -25.14533713945536 -77.84406521608696 -720.6036378016363 280.6887066057279 0 0 -896.2961196688038 272.9424862019237 0 -291.0699323485126 118.0553321708585 0 0 0 -135.6174901359125 -191.7260313674579 185.9453610096696 0 7.172952860583194 0 0 -167.2800705906787 -52.76411720843501 0 0 -157.3353926485609 0 279.8212081799954 0 258.4834827264258 -84.80009366125951 -247.123865313374 0 0 0 0 0 161.2725487795119 0 0 543.6915928525312 0 134.9200658285783 0 0 0 31.0490508013189 0 0 0 0 0 0 0 0 1233.779800402143 0 -134.6870771965502 0 0 0 0 0 0 0 0 0 0 0 0 942.4491904466549 0 0 0 0 0 0 0 0 0 0 0 0 0 0 275.6594043916505, -27.61419456271778 269.6682471305938 -2.78949967254016 -51.68796107614986 407.6024146588826 -412.0053254344942 266.0488660517983 0 -541.9478404941615 961.275856470271 84.86761870457181 435.015550176635 614.4071982491525 182.1992729248668 1701.694853652749 0 69.23137015483911 1932.418954055684 760.7729644697209 674.8539938381344 276.2462465208592 1095.164635357861 1136.40653191052 0 317.6514043691086 85.0944530691404 1175.210538810843 661.8636548844376 0 -1072.622014852775 129.4248476455795 0 -472.6181020378743 174.8506588437369 -1223.72288905084 741.3794154326877 -40.39179874014286 1145.530080094617 -1418.188859396814 0 -302.647994547457 -1627.60928755272 295.8622524776663 -2067.294463208973 233.1425150592256 -2049.662556353622 -59.26567382997536 0 -425.9150927213434 -479.1932691213772 -1432.289622670576 429.8786240216216 -359.3375282650527 -290.3864668728977 -1006.515595600564 0 -706.9245674714173 -417.3641567427302 -1065.023623976078 -360.1189785585292 0 -766.9747347254788 -2217.995157554897 0 35.0048434680954 -513.126063958204 2031.408833537936 -346.4276757872223 -21.47785363211824 1527.913854489859 620.0890185737513 0 224.7223354582464 -1363.475187563838 23.31091812512238 -669.6418748868059 -916.128023485638 -715.4547893923996 192.7219565779503 0 448.7968133661972 355.5420038499232 -684.7108674246098 682.8094097845542 -269.0566613856663 294.1378635748677 707.6879896799769 0 -689.3029579032084 -44.77561560555552 -620.4763538401006 0 0 -453.6542993421994 -418.0348948357271 0 63.63325104516457 -358.5943063668756 -791.4376015732701 1826.905985378637 -148.5993524290442 -826.8398110252103 992.8929263027413 0 169.0962040968083 35.02307331568008 0 -135.1185811633997 25.78708042495487 -815.2814130035164 96.82305746639116 0 0 -742.3151011424412 1549.946767802798 0 -144.3484687621025 872.1264167139723 0 0 0 43.05785959490228 -152.4489581440961 -47.56968161810693 0 678.007821413417 0 0 -315.3140876482652 120.9142207463855 0 0 -18.03722341133337 0 -212.5120795611796 0 685.3136048628446 -111.3969802237259 -318.8589790697514 0 0 0 0 0 143.3552172456999 0 0 238.042546289898 0 20.99382961433446 0 0 0 -120.0629599682755 0 0 0 0 0 0 0 0 620.2710469845722 0 -164.970163458761 0 0 0 0 0 0 0 0 0 0 0 0 501.1670609792591 0 0 0 0 0 0 0 0 0 0 0 0 0 0 162.4467151750537, 53.58736669651898 212.3784199487744 -101.6573777111533 -314.2820475034243 160.0638277532269 -825.0719263055353 -1096.525655524706 0 -906.4199336724608 237.1536579073522 925.7881894473823 -264.7693557200602 324.5462009410543 -133.0042317930943 -18.16809927230804 0 44.75612996590186 638.4934063949017 227.6162730534986 732.9109195098588 703.3175487411488 918.3714841393794 308.9684588366944 0 -257.9117669696336 1569.412211811363 2268.270554466269 261.4579063608769 0 -789.0997559055097 1177.816444477286 0 1366.337613462643 2883.900410320983 218.0855650275736 1865.346951436893 260.6477981971835 -207.4927894824815 -931.0918223024053 0 -811.0715212381251 1681.582550556767 2717.667838008435 -672.4867810119496 906.6696337638741 -594.3939434203637 1038.127975597987 0 -322.2381262446725 -223.7671764083459 -460.5696784665984 242.0016141482492 480.744742599147 1216.363233429769 669.7384352569284 0 573.1950380072906 24.54986863676265 -546.1954441815776 663.5020418417566 0 1901.528902738627 -396.821076593178 0 -156.947303865824 -1602.367061407241 -1205.912917189314 6.894771846960765 447.8299808808675 1013.161818785759 590.4081558390241 0 541.7246101058224 -808.6360905209458 1354.599956335509 -1744.088718571592 -739.0566113672353 -298.6451969350467 -145.1859757497255 0 -397.4264993403541 337.476296311003 -679.799456175263 804.2033719661745 -111.1190588635629 -460.189102209161 -943.6563754471135 0 -1220.389213299233 -1141.6120392168 16.53995299163984 0 0 -177.3788810493985 -626.5480402611513 0 385.7988005464136 -1077.30785302553 -218.2677159077733 -563.4886800725881 -655.7194349544912 -2327.380301049678 -528.8679085289486 0 631.3601007239608 1237.117362921756 0 -589.0907139695989 -448.4163762374465 31.70618358123983 -1157.04631682884 0 0 -665.1938220500506 -994.0169409007715 0 90.81459143526951 -307.5210816218997 0 0 0 -406.3240106547536 -185.9709993058101 -111.9043949986119 0 912.20345657281 0 0 -236.9930411494414 -761.6160477223849 0 0 -186.2948027506721 0 -53.39576440021528 0 510.9418355957357 158.4778446251366 772.0702360685908 0 0 0 0 0 180.9324548673952 0 0 -256.1153968517278 0 731.0040687739887 0 0 0 542.4447801784626 0 0 0 0 0 0 0 0 -393.2428166362684 0 339.479034481773 0 0 0 0 0 0 0 0 0 0 0 0 -269.3097688036185 0 0 0 0 0 0 0 0 0 0 0 0 0 0 -72.63562643784519


GFLOW: 0.288 0.1715076975472308 0.1720804675208238 0.2709247790360259 0.2720627525186619 2.942381107642779 2.94212363672205 2.838151740583342 2.837511775998086 0.1564591496518693 0.1329570222509982 0.167004907778401 0.1408857266022137
q-corrs 12365.1665631139 28933.19267051144 20949.46687846628 3989.966965142313 -5.47004907924471 -3131.451719757358 -4168.853948238526 0 -1835.182590157668 -3499.716379731928 -1663.908552422738 -1228.241102883328 -304.843940075247 -1869.148885282953 -1874.497784116179 0 -128.8619742084262 -423.758736489994 -809.9119429437192 -438.3040433534096 144.7045205001636 707.8165267782192 -242.0438021502046 0 408.7951767726472 228.5167035812588 425.6455407242884 -558.3231352927328 0 314.6595032517864 852.4974665246101 0 24.40153248503185 203.0623916745859 -329.001153044453 367.3541646837583 -983.4924889823931 -1129.757091600186 -927.8862778770497 0 -111.3925480612401 -1410.19674783077 -928.780366789319 -141.629071599015 122.6124884261799 -630.4434636350913 115.2570974013688 0 -550.8921862650398 595.6997688568513 -996.5764384395608 -801.719492247145 820.5557083847655 -584.8557950889298 -116.9504987461305 0 -532.1292947148024 -670.1579684287881 -665.756396652336 -1232.751271201334 0 855.1433357374535 -1905.767135341283 0 112.697328269181 -405.8852079848178 -570.3063546047185 -184.2158455264561 1023.451361357308 -454.8659468668818 81.2835404456514 0 -61.27778307935836 -1415.989691619657 -230.4845805291758 -362.4512682769144 -314.3508820907863 232.8892308696813 -13.22541457913437 0 -595.9138815324889 -546.6723849666012 -526.7052264036345 456.4363011817849 -401.5730700394455 1290.018156770026 1097.626689806921 0 -569.0352120951384 -158.6937969434338 310.2857861780943 0 0 348.5351682041451 -581.2797859497127 0 -37.94913833046328 -12.1908212081895 1272.392069358782 819.1023097914115 663.8072639322365 -1166.317370505327 514.5742788389794 0 333.1262810041634 202.1248117705426 0 -491.6487967937338 90.40236626106797 174.0937381454799 -1251.255851007759 0 0 572.433213572675 -943.9896956586471 0 -336.1057578798611 210.741689991484 0 0 0 -482.0497559823052 -415.2578360256925 -782.0641690393339 0 -652.4318887386187 0 0 -72.70652179395961 -1357.306811924796 0 0 -39.40156365215228 0 -83.82223188070431 0 -396.383585904161 -156.9866089245934 -792.2344439866681 0 0 0 0 0 -288.1108774701565 0 0 81.92752096333686 0 376.4638362861014 0 0 0 -122.850726171192 0 0 0 0 0 0 0 0 429.0454307784805 0 328.9659801223888 0 0 0 0 0 0 0 0 0 0 0 0 326.2788550241382 0 0 0 0 0 0 0 0 0 0 0 0 0 0 51.74193915239701, 4822.540519125496 10547.00367967367 6417.042475934502 420.0266714037174 -811.553444740927 -3718.992677236328 -3899.386633791573 0 -1416.396924804781 -3134.646757807225 -1268.460545301664 -1045.898660903677 -559.4065003767132 -1164.489840409967 -1541.385569395052 0 -79.53950869778134 -689.9829818801998 -396.1795159668104 -60.43181983636339 -26.65435530269383 372.2191298632085 -298.7004416708461 0 316.4357310696737 520.8810010120774 728.4470858930442 -986.6293841348472 0 -153.3886456159531 -326.8381750179544 0 238.8933677870805 615.8693652334264 -471.0891596009751 410.2748336417382 -267.3510851985205 -502.4349089383057 -203.8326477327071 0 -604.625465457547 -1196.874661186933 -364.3342088253661 63.36511514218739 433.7767945613905 -549.2208585124324 -65.34809777026651 0 -259.8843189236202 1565.090297023259 534.2372325795109 35.72343834595563 317.0896813732136 -472.984145151933 1166.502534772412 0 -34.25876038804211 93.92544671512861 -1026.976697177019 -925.7306860324018 0 948.04404965136 -363.4606962750057 0 295.8176295634639 563.7859583601607 -477.2575058956792 158.1246330696027 578.642576362074 310.8303257098315 429.9241125297136 0 174.4493414706934 -889.016684637964 -324.706944547954 146.3934079545508 193.8974535633034 -423.6869415848477 617.3449838190198 0 -479.0440212329099 -409.6572537857274 -405.7347089354877 434.1038804243065 -362.141887969303 801.0374720370145 971.6706586268552 0 -313.7380728476235 332.2040892775533 -63.84579723340755 0 0 299.9485002949583 96.19816294409006 0 -285.2630583977585 -72.76445526233761 428.7590179409211 655.1469791487916 316.2062612904642 -776.2254839130358 770.2925891738874 0 353.344236810539 -287.7135917585907 0 -97.07547303766016 -33.12877182596891 164.9419791156206 -875.0838777012048 0 0 30.22342320072727 -651.1887073988678 0 -409.3092758602366 556.4138269979255 0 0 0 -515.4070237936884 -169.4037550390009 -659.3963925084452 0 -528.5638833273033 0 0 -107.5844627574507 -797.3542303820595 0 0 96.48797603998194 0 -391.6449498552643 0 -301.232513235785 -114.3746734034277 -530.1694823763918 0 0 0 0 0 -167.9880587278175 0 0 -240.9976892511351 0 34.74345407304904 0 0 0 -32.9848681339936 0 0 0 0 0 0 0 0 -213.5399430224933 0 143.745277002279 0 0 0 0 0 0 0 0 0 0 0 0 -133.4636880633474 0 0 0 0 0 0 0 0 0 0 0 0 0 0 -42.75880483728508, -38.04160821073836 -729.1877504654209 -1491.048992926399 -900.6405283509218 -702.6614454023179 -2216.05650204429 -2187.970410450289 0 -705.3736070296411 -1874.027552416261 -239.9136914177918 -389.3269613145106 -637.4844450176819 -474.834816957431 -777.8931511331449 0 297.1826674804215 225.0694886015735 480.802289388192 316.8755448327512 67.44360966193092 615.0988783842454 -38.15902340796544 0 331.579918692875 750.7141319464711 1034.084214946391 -664.0326409135772 0 -456.677705190786 -562.7075650261241 0 295.0776219078406 640.8462984983032 -457.3371626228263 373.8457966475465 35.85589662120912 -105.169575978693 -73.03430317200741 0 -786.2887448367085 -1171.679820212648 -70.4667213296471 57.73989826691042 401.362631006645 -319.4759996003152 415.1761965204998 0 -138.1320699773657 2050.591900638395 428.6905749704736 -164.0534208160642 29.15610310174932 285.7942399509764 1173.597070289474 0 1002.349897792063 -7.789059746667448 -789.3221979911383 -128.2590339257465 0 739.710124539218 1002.263382848748 0 177.3290038381778 988.747141997367 39.34842026235646 442.8004145880893 -10.55630534157035 981.091117760535 905.2501728959409 0 -171.3232996947833 -270.8366549520417 -289.6954127209181 727.0266102370433 836.472832455572 -390.8550418577826 930.2066766058422 0 -240.4993480091735 527.6685509086659 -96.39441584536831 174.9931348728959 34.54639559884649 -385.4075652446569 273.4425948336082 0 401.4881537394485 907.2978488847068 276.4118550568983 0 0 141.0022880015082 600.950933713683 0 -127.2975053415034 86.44204931395981 -298.5475033498067 814.509140383199 -268.4002780547071 278.5981693841081 862.0983984297421 0 -6.874952661064079 6.913316597837536 0 163.6703288777802 -129.0467867660327 -38.29638808555335 451.9976348345671 0 0 -296.2837136328006 548.7960530598401 0 107.9658879541931 775.1232897006846 0 0 0 -302.1449238242405 -173.8508720157708 -125.7418799054287 0 300.0188534373515 0 0 -36.71750227802978 -257.0599197724654 0 0 257.5189299531839 0 -483.3528378543248 0 -129.3013208733919 -139.0252932602647 -157.6973875050718 0 0 0 0 0 -189.2533958685622 0 0 -368.0082732280528 0 -402.3702595296284 0 0 0 -13.30916659067078 0 0 0 0 0 0 0 0 -641.416672643983 0 -109.567519547126 0 0 0 0 0 0 0 0 0 0 0 0 -443.4520684411486 0 0 0 0 0 0 0 0 0 0 0 0 0 0 -102.37383105059, -162.9571726990026 -578.9240078695809 -646.2273187627821 -278.3076650873523 -357.5016779431346 -815.0753434351686 -795.49775263718 0 -177.3746748672348 -822.9501570458987 -261.7002910901837 -252.5386331696889 -382.6784182190539 -235.5980996447711 -414.116230332569 0 395.6613920357803 516.2177739339817 601.0791381238013 29.53035042214458 374.1457469801727 711.115464095355 -285.4937032178513 0 121.4215200495246 743.6374597061017 1372.54658151414 86.56025370500305 0 -35.78650571050434 16.59887559318713 0 115.9984813770037 6.704891753315337 -212.4022607071877 309.480474069414 -152.1197612960935 -401.8080901628771 -331.6570407997004 0 -532.2940887241562 -1474.454955593648 -343.07318038343 236.5107732403998 -483.005104369334 -205.3755062792288 239.6661745169555 0 -303.6176724300504 430.1052477897379 -707.6380190352356 -936.6923767744262 -97.28879914885613 612.2601953995215 16.8701978637277 0 1047.324986951919 -1311.249574999971 -309.8522967316067 -20.08847447117722 0 -119.6818204607413 -452.8371692425818 0 -26.3796710055702 -22.21894358951195 -349.9382158386006 -153.011268512986 -490.3733660115296 1098.889098221758 557.9349700203667 0 -358.2626889378142 -622.2562246368926 -397.7997763512885 -155.7958294580787 14.98431768227834 -869.3715895321704 545.5509009401833 0 -155.9852794383438 575.3030395390538 -46.69014621947105 -22.57578599030238 316.3307902952195 -506.5244305463812 -1844.428698212934 0 383.6164104095037 -361.6907460963802 521.4819978747616 0 0 80.85047230253628 -200.5890370656339 0 239.6400829820515 -273.7901493972217 -399.7623815290315 -269.2520930317563 9.582106889524255 747.2083271794198 -493.7354940418337 0 -582.1660137092987 441.0751302668225 0 -573.4536886285966 -68.28665037100059 -293.0518604461785 884.9819211837316 0 0 -248.6208885482366 737.7839283465214 0 565.0545738908816 -233.770294558481 0 0 0 80.87156074920847 -687.3677923220464 444.4248739381452 0 809.9042948200075 0 0 -11.48021582055657 419.8553631983589 0 0 68.8911249963553 0 -159.5518167487223 0 59.85483027329678 -186.4628026886209 590.6332769677981 0 0 0 0 0 64.64410554863156 0 0 -220.9823540405925 0 -177.4891595771568 0 0 0 232.1557978585098 0 0 0 0 0 0 0 0 -397.4968667067907 0 -9.583510926549451 0 0 0 0 0 0 0 0 0 0 0 0 -221.0843258351385 0 0 0 0 0 0 0 0 0 0 0 0 0 0 -35.00055014112827, -18.58305497933361 -39.87407891358744 -156.525034710855 -219.307525033852 -87.17874777837686 -501.3340188988407 -633.2788693928229 0 -332.4831904174401 -711.2118007020133 -572.9276239732945 -372.7966602704395 -236.9924708326926 -746.546581846853 -957.3523720348626 0 113.0036828485348 -475.3470450997156 -391.8234234940601 -715.0338138757902 -280.9403786395976 -336.5407618527756 -573.8423379827323 0 -201.9861877703962 -345.8638507934722 212.5826947208998 74.35755589884832 0 195.5954145538282 -120.8452674125639 0 -389.8003825579207 -74.07982907875201 -311.3925830366392 399.4378966794802 565.4339704333991 45.61847158682085 1042.862148006332 0 -389.5964856732792 -875.20575961235 -62.82044662010026 450.4745531952046 4.302284905954451 444.0320508410505 155.3668093902529 0 -240.6571306268954 960.718537757164 328.5875571036353 -45.78283028327201 -231.9582486428122 550.2541048390032 702.2408544676772 0 1134.116179402959 -525.2293583252385 -665.9410543225345 -132.2535591720488 0 30.25976525344606 666.1845775289273 0 172.6837298650203 416.4495259470816 -259.4815703699157 -89.60385585697836 -393.9300568000357 1556.3206396942 300.4455454421861 0 235.69546052321 -503.6625242432039 92.93441666842102 -419.8066330967845 -332.379400055148 -744.6217995897896 499.8218988414646 0 -163.6325079528326 200.0680144513648 -45.58038614529602 250.2199752517053 526.5996317534093 137.6743855807451 -2128.583922747668 0 77.55964327555117 -441.4138876289081 407.5712829356897 0 0 352.0826454977084 -438.2553521592745 0 273.5348159099093 -907.6664907245831 226.473028560363 -568.6081053014974 103.725114623329 788.3301135417221 -750.9262133345319 0 -209.5861757215472 456.2739414862835 0 -642.7176381517406 -236.3242839987612 -20.39751326432278 706.648684710774 0 0 -42.60422859564812 892.0977995847735 0 594.7182342605795 -317.7055881435292 0 0 0 97.78571248863938 -357.0229615266433 839.5464371629967 0 840.2212050579218 0 0 70.57946553627809 892.3856500274378 0 0 32.97902149844427 0 134.6667108312532 0 253.8114227880114 -2.453403870974778 1068.083835532852 0 0 0 0 0 260.8372396301135 0 0 37.30084348793646 0 253.5627493545207 0 0 0 356.8708493679487 0 0 0 0 0 0 0 0 260.7532982908908 0 46.41663198071551 0 0 0 0 0 0 0 0 0 0 0 0 262.9682909719414 0 0 0 0 0 0 0 0 0 0 0 0 0 0 89.192985977733, -14.45809798086572 -41.27813387430402 -301.7317558304311 -304.3152590501725 -4.640266566687629 -572.4552314282962 -532.6696186344674 0 -473.6026710878886 -581.4565779022091 -466.4187245165766 -104.5093152774568 -121.3901593299469 -697.483687769202 -456.5737009193548 0 -183.1687609458599 -643.6836775035373 -863.6001405240615 -578.1805922949624 -538.4973804856668 -439.0384249770159 72.18095550647759 0 142.2407389131812 -1250.557572516635 -1452.803181237481 -469.1027286766645 0 -345.1380329795231 -706.0444802595412 0 -933.3322896850086 -563.0623203301858 -800.7743795054622 -93.44747577745949 319.2472929316331 408.2432470528075 747.0682537313542 0 -589.6573583763218 -1770.290216103353 -648.3552147922881 23.75635346365119 303.3750489959979 -602.9950740267558 -307.5747744250789 0 -117.1881042482306 1224.345909609864 985.5133223925762 743.2373557593997 -414.300283723881 75.4664512796212 600.2972306379894 0 473.6691387504568 173.0754278539002 -865.2352291653317 -500.0689648416057 0 -79.10062155718259 84.22711991438959 0 354.1023401253531 988.5304148464115 1012.870987253881 -277.2390973735612 210.6704571264176 1318.448367771179 33.98826496047067 0 556.25548626505 -564.7697309679857 250.2760069560708 -55.85221726430044 -427.972060518752 -266.5638280107 -92.96615367877718 0 103.9588404966108 253.6957437707557 -211.9175989210846 201.4695057504541 26.54810523636678 317.6189263219449 -810.4197682653071 0 -19.63425058171242 -111.1595727710565 515.8919651951953 0 0 -42.60906693972686 -7.358511532282961 0 180.092033486578 -448.9641519428972 -115.9954362010126 32.36482329669639 9.53476338445175 350.071962670958 -115.8482555213206 0 -116.5632912832497 289.5930358359773 0 -58.21336985780914 -107.3796823457476 -181.5267555813562 266.6416891431633 0 0 -369.7506163619499 412.6003997695535 0 108.7537626819734 -14.95494739431291 0 0 0 101.7434754506918 -92.15794599538492 313.5489931449646 0 165.5068979453745 0 0 -81.01588622218294 248.4897230779231 0 0 -42.43454907422898 0 417.0825559146746 0 143.6871084422887 -13.74438386404712 179.6814721553052 0 0 0 0 0 141.8778213117066 0 0 440.0304220008769 0 402.4138540355966 0 0 0 78.97520573489228 0 0 0 0 0 0 0 0 914.1583619457215 0 52.91926901783347 0 0 0 0 0 0 0 0 0 0 0 0 644.144173196982 0 0 0 0 0 0 0 0 0 0 0 0 0 0 164.4853448459262, 19.63868588305539 158.3051705217471 16.71594844904467 -58.52630926925698 134.1553158000785 -314.564314727472 -105.7761370142478 0 -332.7763768680883 216.8372710065913 -49.68319806008151 191.9091978335355 261.0371812356194 -23.98660235624533 829.5273767595332 0 -4.065606864683325 842.5088420561383 234.5680854395478 355.8903621291751 134.2983706985479 622.1082471560841 551.4181105673525 0 224.3572872172783 21.32121684113582 738.5797343487862 248.2697628222155 0 -453.4478654932468 106.7696250977752 0 -172.744144846363 127.4721697569612 -886.3560220655688 375.4418811540426 -101.2015852844083 568.6015967022132 -496.876207281302 0 -217.747060483011 -993.9074852893672 185.0572913460432 -1037.36964628633 174.5684860576278 -1097.239893805047 -88.69350908805399 0 -312.7988585479527 -202.7440376330944 -777.588787734798 379.5515531124872 -191.6223174742476 -91.285980059694 -163.2661561598617 0 -240.8880973123779 -155.2968882711423 -550.624336720241 -447.3779314002835 0 -333.8070485170359 -1370.926094027826 0 38.68983353560719 -367.2617053981813 667.0679542442997 -245.3285151688352 229.2861918482951 777.3658258296637 185.8999448508532 0 180.8315940173907 -758.9953727040784 -164.161052801504 -540.6229926196452 -518.245284071956 -570.4127705296994 -177.1851812434739 0 65.11457437812865 -117.7872726906816 -331.376110421392 272.5499918051723 -342.3794536420302 101.1972032406894 33.05920094145947 0 -454.4426917536143 -170.2719239970187 -86.09033170360163 0 0 -240.2060248107625 -241.2699306331621 0 24.40638532552532 -298.3342453748439 -238.3664643818601 833.6667912477019 -130.1882819294106 -507.1683913239142 424.666525419862 0 37.58889095763234 157.5026459372451 0 -46.53328455547476 -22.48917354672221 -286.1089138025112 -54.89472333361937 0 0 -286.6344010926906 607.9364160346662 0 -63.79914984531851 329.0667089061271 0 0 0 82.15976202425171 -92.08346100417512 -131.9760157574654 0 236.0551221161756 0 0 -106.2242965854513 -6.235783056565936 0 0 -5.011733382035573 0 95.83081581661904 0 216.6606433442933 -36.99819563491874 -272.1700626395175 0 0 0 0 0 27.37530231660658 0 0 242.5775299879238 0 94.83888881120521 0 0 0 -109.5999382728658 0 0 0 0 0 0 0 0 527.1988964484264 0 -44.30314765229576 0 0 0 0 0 0 0 0 0 0 0 0 387.0018332729188 0 0 0 0 0 0 0 0 0 0 0 0 0 0 105.3835719240952, 39.24554432570585 105.3330050527696 -121.690200388463 -211.7891640582409 77.7745329570798 -538.792511247322 -674.8699593461379 0 -437.6517056866998 57.39840853758173 462.6606687381372 61.1467706578637 191.7549300590917 141.3080287574668 521.0628794099164 0 27.27751369734297 636.1247823968254 377.7264237995238 674.2593990498626 535.2527672554829 873.0611099786519 456.7972749876856 0 168.4667804719058 1134.376134941515 1694.956274381581 82.6784070608299 0 -24.64022786558141 653.7271744265229 0 892.3899668998926 1645.957052389474 193.5344410969506 1298.424309506065 -25.36847436836661 -310.8503721469057 -456.0969725761464 0 -480.2335563443038 840.0722622306657 1618.289888161361 -438.6470612767259 499.7323527214307 -353.9721433637459 392.8299916953437 0 -248.8482035121787 25.8987416845826 -493.3185315123749 147.1119126886588 248.8170337240435 247.544374455364 332.6316374005853 0 304.4178307257846 30.65392104289867 -374.3208832043528 -178.34272014954 0 1148.433203446656 -342.9899396746985 0 -99.19037012469971 -779.3575929842644 -756.658942795777 66.01443324397809 469.2559453349278 448.1749263108194 302.971788094122 0 355.0585336008596 -521.2046864989553 612.0969761079 -848.8769225931139 -391.2179338967446 -115.2801721448769 -87.67837067387768 0 -231.0903665441942 86.77848866641193 -228.1930362780286 620.2273643384298 -293.3320960301455 -274.2748621624441 -604.9458764387211 0 -651.9299078442997 -483.8963575487217 371.4092421699548 0 0 -139.4772027746351 -222.8841892609885 0 201.4207490141561 -632.4543158272203 -130.8381784321657 -121.315257016822 -407.8558382365671 -1169.370122812904 -146.3779780095408 0 228.4840953164569 748.5918465118069 0 -213.6993358802826 -281.3372654067599 73.69451027380229 -669.1117834102442 0 0 -439.916098281062 -642.3237316817875 0 148.7275603872095 -175.1977697626747 0 0 0 -489.6595168893301 -76.28939415688984 -167.6308737778959 0 433.0001286646043 0 0 -146.3106618239981 -479.0496714083219 0 0 -121.0784437186116 0 -328.8081253647407 0 119.5867009006141 26.0070435594494 316.0209133919653 0 0 0 0 0 18.31392321717749 0 0 -224.9256580120733 0 158.0805199787494 0 0 0 207.9433886712281 0 0 0 0 0 0 0 0 -250.1150817395999 0 147.2284738779595 0 0 0 0 0 0 0 0 0 0 0 0 -118.2062446009642 0 0 0 0 0 0 0 0 0 0 0 0 0 0 -25.72763885865541


GFLOW: 0.36 0.1240695983122648 0.1243678369507311 0.1861148890046923 0.1866583558753978 2.963794814558913 2.963664123439166 2.890813401507763 2.890485430082622 0.1154804359299568 0.09280057371305618 0.1057733148848448 0.07829586810809601
q-corrs 6465.364575396069 17874.97309099951 15732.94820472311 4122.013072983109 894.452948673865 -203.2065689720555 -1833.523986216421 0 -1242.158682308706 -2552.779820153552 -1515.004888366835 -1223.420343678279 -329.3422998630828 -1365.543671271126 -1588.316730973273 0 -190.9448369572431 -698.8151250390764 -653.530057844962 -249.3070134590903 -155.4260143595286 116.8474560225862 -132.7909486535493 0 190.8485613422985 -31.18502452115209 -69.90761847644626 -463.8833378427311 0 -53.82784042997423 248.4497737512705 0 39.41678009740263 86.47118062025226 -445.9427975660898 151.0677065347003 -579.6406667891335 -666.3824849884055 -533.9676597440327 0 -149.9950643566827 -1009.730626775379 -528.403820830729 -183.4673033487373 148.7890113763237 -512.9521420509118 6.870624647180762 0 -375.6897361775843 421.667798888647 -716.2885694339915 -472.4689492693525 289.0468709551461 -456.2512463217964 -126.6796100898939 0 -234.7281873910423 -361.9836028964793 -488.4308885453793 -868.9722316991433 0 520.1043044420038 -934.5548892555436 0 88.93000679157629 -457.2217950776415 -426.955519299466 59.91379154174599 505.6993348927742 -149.0842336771458 -60.31879680238965 0 57.99468449113135 -723.2338354443156 -57.74168430533776 -211.6943307721093 -265.7132556474737 -113.899778724576 -59.89771751387741 0 -350.5877320739136 -423.246280958147 -239.9942446570519 237.486718230411 -248.8338623721463 907.2072924700504 740.1702642522296 0 -454.1772944162675 6.592660281671414 174.0830618227476 0 0 110.525140644036 -364.3624909304103 0 -14.70760994926074 -243.9324358134284 758.8221769302272 632.8183430347353 527.0548515797955 -561.7366059976979 333.0636072106178 0 246.6810520591888 50.36442126035462 0 -349.4968309334404 -35.29019562674578 21.95802592737338 -1005.028106304673 0 0 505.2403367056692 -326.337866582906 0 -344.1387300055164 273.1561612593995 0 0 0 -385.3630970262868 -319.400096124484 -583.8993917467769 0 -528.356516095104 0 0 30.12186354389516 -759.6683117847678 0 0 32.89923226028073 0 -128.531941661925 0 -251.9609502393925 -110.3340211015502 -517.4761646559925 0 0 0 0 0 -200.5636787036943 0 0 34.71112913249931 0 152.0319353096716 0 0 0 -71.07813871930995 0 0 0 0 0 0 0 0 198.925138719695 0 173.758919422198 0 0 0 0 0 0 0 0 0 0 0 0 147.1622854369802 0 0 0 0 0 0 0 0 0 0 0 0 0 0 19.30573417178756, 2995.548782801511 7983.042968778271 6482.885633482296 1330.344944808405 17.27522491952664 -1506.156262107358 -2199.60095034204 0 -1055.349850920615 -2286.391251355574 -1156.174585504248 -977.1358579095086 -409.6167470589897 -981.6970835495458 -1276.119690384969 0 -119.9867152672036 -672.2566360596039 -388.8674536588869 -36.10110611803375 -156.5537845841609 136.132580751411 -167.1563210920594 0 214.7538992013011 190.0966204241122 252.4930658806929 -625.1787166006776 0 -174.3161720840392 -150.1340131717142 0 156.5695939111002 399.8536689393798 -432.4462618983189 286.1217459226996 -211.8992391811028 -356.5955713750544 -59.2881367843535 0 -344.9268777187287 -801.6342294694171 -163.8733324042653 -15.114643523486 311.7027197768789 -293.6707958469385 38.86368034975074 0 -235.0709779088252 999.7095626770306 169.8393047932672 18.10019651140539 114.1542932715344 -271.1712973822894 574.4934398743907 0 144.634384190895 18.43328277703931 -623.0279737362019 -592.4350110890791 0 692.0438634150612 -25.76666754998726 0 172.9779099986227 231.4323186554029 -262.0647422268599 214.852437468994 358.6538609512922 249.9762359286544 239.6233166057964 0 142.2690543627136 -449.8004667187967 -80.04864134475093 110.5213896200452 115.2991600374164 -239.0093589210674 371.9756905723092 0 -314.6903296074139 -245.8364146518793 -181.0892585320835 275.5586474267531 -178.0151794987082 560.0539225463752 660.726718590679 0 -271.0525948493058 415.1006641361527 76.16835132394642 0 0 177.760503118005 36.50945397258644 0 -131.5039141060233 -236.2102516751511 324.8143512203771 475.1099214675265 258.6025861938606 -376.3547606554955 519.7005925598819 0 311.0113465383558 -152.8414065699547 0 -107.3468977313857 -84.0173688687662 55.16453466195111 -771.6174816324977 0 0 173.2286757219566 -225.8737197430268 0 -328.3233628080961 454.6748642805715 0 0 0 -419.0718350722136 -165.2557908976577 -435.0927048654546 0 -439.1222545003833 0 0 -8.471502275183468 -496.9347263741896 0 0 98.3102605222432 0 -303.8942565131834 0 -232.6422306619924 -84.5710880835841 -334.4267038595845 0 0 0 0 0 -138.9303318248937 0 0 -148.7147007099769 0 -64.99220174329119 0 0 0 -14.65363075913588 0 0 0 0 0 0 0 0 -164.6449483880291 0 79.7530656742492 0 0 0 0 0 0 0 0 0 0 0 0 -100.3921091251973 0 0 0 0 0 0 0 0 0 0 0 0 0 0 -33.65338511970707, 150.8431251151959 91.38368875054076 -484.0664712218177 -512.9294364275324 -419.7502368726981 -1585.265059551146 -1628.927575445331 0 -611.331831935358 -1430.558338362807 -424.4625079876994 -451.6541227763212 -400.1229849412898 -464.9683266046954 -698.7920549729236 0 133.8321317319222 -51.78542911580095 190.5662297204718 165.5426190528506 40.47070215387654 383.6343115953044 -133.7312426432035 0 219.0627778777144 515.6481270161715 764.6584865885122 -411.6353937858615 0 -220.0996794653027 -225.6978037491426 0 202.2069648253816 430.7929696844905 -311.5169074083707 375.4614669043104 -19.63510675749072 -71.35456033715212 96.52550191883259 0 -423.2828642728688 -760.1764613517739 20.2943986674648 55.78161504455582 250.8158845607604 -107.1912630927095 243.6835337849908 0 -132.3977834229429 1215.09975111551 329.2538545852112 19.61976314645651 -20.14052602394395 80.80990116294252 643.3049164944327 0 661.4126922243618 7.888112488055299 -558.1985445328896 -165.740163664851 0 520.2273003035622 591.7451213211782 0 134.084940643698 629.2730087438883 -16.28057387401834 278.4974736067548 45.56364783701633 608.4580285359864 592.2498774480637 0 -79.95436542733239 -290.4219547881956 -188.1227346183745 277.5382328457367 449.5423934880698 -171.3295513618779 611.5673508038692 0 -241.3485242414538 231.697498996292 -56.243959695119 227.8239962375467 36.49853982063272 -204.5359746748784 43.56452834846101 0 159.3263833659167 540.9178156569209 243.5624567775964 0 0 133.2330941019582 341.0838510926365 0 -66.14509659462007 -61.16726478969953 -168.6419922000681 388.1704898342134 -144.7828136434736 145.1754590647644 499.765335800602 0 80.11436255258388 7.422188073362378 0 59.29157631208654 -94.91882591591045 -38.27695101538065 115.3179161617046 0 0 -121.9451369612118 315.7287194719356 0 0.07860097934812416 492.7591536243816 0 0 0 -268.7065765270074 -131.9932326143897 -56.49688603765377 0 76.96430042706868 0 0 -3.974441768413953 -115.5161902947354 0 0 168.7564532706937 0 -407.2839390085134 0 -127.9149983923695 -84.40832695998475 -56.44978858153539 0 0 0 0 0 -103.798720737413 0 0 -286.1345279126988 0 -364.8782812886853 0 0 0 10.29201911827498 0 0 0 0 0 0 0 0 -492.228994068492 0 -75.42687447736927 0 0 0 0 0 0 0 0 0 0 0 0 -315.017167220649 0 0 0 0 0 0 0 0 0 0 0 0 0 0 -72.65183960504328, -96.32684972946419 -400.8201785037888 -560.016921345132 -294.8677376450729 -280.1575285275779 -800.8255413091592 -735.5961574342625 0 -253.4301581479383 -698.7099548136832 -308.8727132888504 -282.7627071693049 -233.9360666046004 -279.1451388342033 -465.2406768355836 0 232.4967205679765 271.8032524696577 348.8220531979685 -40.58716196671216 250.9094477138435 456.0139514461878 -241.9439306979184 0 92.52054980474597 509.0623002916577 954.6911610869424 90.75395277305216 0 65.12851387318801 98.05241478289395 0 60.99584771695203 51.65900269005877 -104.9209446823269 275.2038268024655 -45.92682234124777 -116.8661148113826 -38.59880664438703 0 -309.4854767039809 -881.5069199409568 -172.6675031752103 117.0544454251818 -185.6269934263313 -92.91946090110571 91.45376298427979 0 -153.2125973971974 393.0062144771904 -238.0763832584321 -387.6953910409856 -107.190310770215 137.3562986639153 -1.58235790147441 0 636.1062760178024 -605.642266628272 -367.1474500706557 -163.0048429803352 0 -60.67253797923036 -226.3952841388152 0 35.81138519105608 122.1084223746152 -246.7370665693398 -40.82528800723958 -261.8085877757376 654.2265545114772 371.3716838748964 0 -241.3884353956728 -540.246767613294 -305.9465176889412 -195.6212139777927 -20.34288479968581 -563.1675124133014 309.8605324588377 0 -172.8423417005044 214.9293946916684 -67.92657761290346 95.46041752368002 176.055585073156 -353.7197972863477 -1157.58376330285 0 184.4904628054592 -385.7499642559073 341.4442309153151 0 0 71.75655686653428 -89.8846034825339 0 91.80747166307401 -166.1686712988412 -192.3494405521683 -124.0066811327611 -66.63966937150886 458.2970933311978 -264.6229060159219 0 -330.6875967140733 276.6894803488757 0 -244.8554518095836 -56.61895167399181 -159.5450331716385 615.0199597908344 0 0 -118.3839609291058 497.7783706749514 0 360.4784470864807 -98.16704654059424 0 0 0 19.04417452602209 -307.5832048506057 363.4842184108805 0 487.8537090021867 0 0 5.14645884792936 317.1384648152476 0 0 61.02122888686141 0 -125.8751452211972 0 34.56967301789773 -80.56163395048128 428.9365031148865 0 0 0 0 0 48.17885877555227 0 0 -147.5958557490066 0 -127.065183703242 0 0 0 141.3405470926193 0 0 0 0 0 0 0 0 -240.7408626411064 0 -17.14059938663554 0 0 0 0 0 0 0 0 0 0 0 0 -121.3872923476943 0 0 0 0 0 0 0 0 0 0 0 0 0 0 -18.40095222570072, -21.8589011862523 -96.19996788867149 -196.1721512341849 -156.1251266922097 -126.4715283195803 -482.5896982419729 -461.5961694028144 0 -257.4080725749889 -542.2410182592911 -445.9845344193396 -337.3542691771861 -142.8233847588566 -534.098953483767 -759.6151981572473 0 86.04186222053298 -212.8096777549482 -244.5181347602756 -468.9276869940682 -138.2124219618022 -183.9446217288908 -330.0445047995591 0 -76.91812153765953 -226.2876567099396 67.39947112653221 84.87687014596345 0 45.46141289294758 -55.88512265337312 0 -261.5847794886678 -112.5367876335704 -260.4577641458269 99.3771040056284 229.0242124350366 120.5173445653975 636.1438167238606 0 -240.9775717301483 -670.7126928193147 -144.3374656646245 269.5934072487677 10.80420018196152 85.71475148762465 -51.7322322747676 0 -126.6405725915386 644.7202001462362 442.5286850200392 221.0200023498732 -236.087712318263 219.22281024122 526.6222559620983 0 649.3169944543384 -298.826536258596 -471.6526774398753 -180.8600648786601 0 16.88715835413086 178.1163190651304 0 145.2054368227582 405.1594981698117 -125.0206945125906 -98.60650929620002 -132.0797726197339 943.2231220222818 231.7713933162652 0 89.9108438928817 -395.4535471227828 -65.73894207949479 -263.570124186159 -196.2629761779497 -628.7256811178115 312.5703033628052 0 -141.2404036983266 41.44217603259191 -97.3188326667817 250.2356539851775 245.8339055337203 -2.168405399626053 -1313.844073738714 0 5.193841837794878 -459.8491411226361 352.1794510463033 0 0 226.1392678529074 -225.9140286351023 0 104.2543534556836 -509.3583162502591 154.6262292174671 -360.9379376430571 51.28235991558815 515.2751679559044 -499.2070606733632 0 -182.9900544060142 302.9636601343874 0 -339.6606488665598 -135.078797021187 -9.276455608469547 450.4330832448487 0 0 -46.50014718394955 442.6447067736958 0 404.2111359063603 -273.0661293236291 0 0 0 81.23584544794318 -220.8949285163769 561.1204500816939 0 479.6451928032912 0 0 16.56445202311374 508.1291285174128 0 0 -4.372920518124843 0 206.7992676941838 0 145.7634890552774 -17.5225696859133 694.9557556791954 0 0 0 0 0 153.5297585094936 0 0 107.8496333887562 0 314.0714583543318 0 0 0 217.9189148017071 0 0 0 0 0 0 0 0 284.8945987302935 0 92.1804297304835 0 0 0 0 0 0 0 0 0 0 0 0 227.3562219754723 0 0 0 0 0 0 0 0 0 0 0 0 0 0 62.53293307095953, -9.126670369167698 -45.78758802802263 -174.7485703536154 -151.5134031709924 -46.65835310880752 -371.0668833858045 -320.1291349580712 0 -260.2632158374875 -356.5224944296686 -345.1377099110906 -162.8014360372728 -41.32279749737727 -459.6757638668457 -362.4825247798078 0 -86.91505531141776 -298.900556021619 -552.813367459763 -370.2027111789523 -368.3562315021567 -357.0783576631745 14.641796846547 0 32.88681086092442 -747.8537223306519 -780.7319892522178 -184.4198612030742 0 -317.2700411755365 -434.222861306659 0 -516.1488218219283 -383.2081835519311 -643.9630683786045 -222.7120459775963 138.0078884117921 359.3401132288479 548.8069952019893 0 -288.1829171190992 -993.0554371065905 -377.9728233823392 42.55312590392931 173.1038056483031 -360.0623750103099 -242.1015550461962 0 -86.91569965031127 740.1260545901944 860.8584147313467 721.9373600744373 -307.168464870311 112.5411972613811 712.4125783611241 0 300.3052246850314 171.005355468916 -519.2994984173497 -279.7136097903627 0 7.18710943882266 -70.31650791089442 0 232.9032197808297 563.5540232580911 447.9356362286968 -205.1798979079654 239.0549430589554 811.2156545995683 102.0475741061592 0 272.4872451917831 -360.5884176894627 -116.3884530287787 -155.0602563621557 -243.8748343669502 -397.8573406220339 13.92616731914454 0 -68.80895623920733 -64.37374222295637 -186.7611558295145 194.1576405215925 -52.73602111667725 94.47842727195592 -678.8804210698401 0 -74.45864323898971 -263.3632533204618 323.0863383414728 0 0 53.78349893022562 -35.73008088988988 0 61.81532348563831 -374.0970049213092 30.034117133671 -107.4691785168805 6.262474342088872 269.7916352901783 -153.3302538240292 0 -57.27350569454875 213.5607760946561 0 -64.41954830024571 -76.18162487664053 -11.60707133446982 176.8048676094787 0 0 -176.3441435006518 230.5591299289053 0 161.1786211949883 -90.71402966271972 0 0 0 143.227052488595 -50.87088625341403 275.0797378755342 0 159.2866879182278 0 0 -42.42476921036874 218.1113362536314 0 0 -27.58877551469058 0 406.4622740975213 0 114.8218383136105 -0.7135801718206594 244.872998540763 0 0 0 0 0 96.28330233297254 0 0 335.7062727726687 0 444.7563003029222 0 0 0 75.85861942506482 0 0 0 0 0 0 0 0 664.9839453322395 0 110.6666066449084 0 0 0 0 0 0 0 0 0 0 0 0 448.3265927886017 0 0 0 0 0 0 0 0 0 0 0 0 0 0 106.0873941083739, 22.66378130118039 93.01941280754718 6.162949638748074 -53.20967694588975 27.42941364098568 -246.1032764098746 -180.1244359601532 0 -193.3534174508172 -25.31670002703466 -115.6122019049806 36.81781774931487 121.7892617099039 -53.72744373605752 413.6034321468833 0 -41.49179303517086 368.3890611576181 49.92965058155761 215.7784542156833 43.46110761244632 348.8828506421006 326.3531609308542 0 168.3930171740276 35.8052554591919 453.3635998349004 106.4830393533076 0 -191.2882138573777 66.79791518398139 0 -45.61266669372317 122.277432873702 -552.570277260275 197.7059144596821 -80.09390129036589 296.1811061172328 -139.3334892920142 0 -124.4965172532922 -562.1467009398881 104.1131919158522 -515.4312310083599 122.6345675797047 -582.431284123036 -68.60009415519357 0 -199.8398641495117 -32.67078207710378 -313.931251196988 320.2454991952453 -114.6836426011057 -13.89232238602153 158.5575561295652 0 -105.1719397777566 -20.1018575475307 -314.4505945364039 -346.4036880230549 0 -90.45204172243348 -817.1590980948918 0 38.78340162546155 -240.8526841272073 163.1078517725457 -155.1494280186029 276.8958594750796 380.172240945693 73.88691317236253 0 114.0947385214819 -449.2112161060123 -239.2573607854737 -399.4160656451941 -294.3586723976874 -367.0250032833179 -173.8700217630921 0 -73.07692258584244 -203.840103091733 -187.843117825122 171.2070725915349 -271.6827657731944 -8.655311278103703 -192.7266163360891 0 -247.8664403535869 -198.9000021141169 72.36215888348551 0 0 -115.8450451530103 -95.72430537611316 0 33.14450038314788 -235.6285745018741 -40.77810011767798 349.9817009529844 -99.31816645463093 -259.5624789570063 177.7513652545462 0 18.65176807089248 188.9646819559007 0 -15.80094144735394 -37.98701958743012 -62.65119752444134 -64.80794421708532 0 0 -126.0402273602729 224.0425640732369 0 6.199113535362599 136.9853022149284 0 0 0 43.18930194998987 -34.66436148648995 -111.5419942499821 0 96.64669969130023 0 0 -37.74316428793637 -56.39029843914597 0 0 5.597801308290322 0 118.6116875438696 0 76.56104509277965 -14.51783598886782 -187.2654366689597 0 0 0 0 0 -11.37603664526567 0 0 191.4375145770357 0 115.7613751805513 0 0 0 -72.64100695133499 0 0 0 0 0 0 0 0 401.2184866495126 0 10.60973101216172 0 0 0 0 0 0 0 0 0 0 0 0 287.6949605752157 0 0 0 0 0 0 0 0 0 0 0 0 0 0 72.82578055598606, 23.03840456805506 41.3376326952814 -111.6255931618529 -148.4170129640913 14.47164622032772 -351.5498499368289 -408.6226974117936 0 -207.7721672240113 -1.401416973151868 186.5305656485733 78.70933726780036 122.2746439896177 181.6452494342866 550.3287238367618 0 -14.29861917100523 461.0856144152255 341.9830131267191 559.25807420097 377.792863567982 717.8732465411357 406.0713235449794 0 247.5419158004406 806.536645567842 1200.291647438356 12.55541722796364 0 204.4531416088509 394.1956324338561 0 590.9307515582952 1035.747734615801 183.2806149321449 876.7624733249706 -82.27060807010974 -290.0730923050172 -203.879349409873 0 -288.7501506522455 388.8077818844765 997.3702224265294 -251.8754796620358 273.1263593032691 -179.9869295969918 177.6949257226864 0 -181.0177427552488 87.60205078058716 -445.0473056694668 69.3812882961231 156.075102977348 -10.3362628281138 149.3315263867253 0 133.4224884166679 -0.3256134371744395 -284.5458106950912 -392.6137980703129 0 678.2863045261292 -225.3777682069926 0 -66.16040576452967 -538.9146706903771 -575.6251611169259 73.21073730363257 297.3239096115834 101.7244709392347 118.1566754449303 0 204.6833045650133 -349.8120487892704 159.6881951290135 -486.7862210724255 -224.8735082799562 -77.02964811178987 -109.5966605621646 0 -168.5183915024272 -32.05884961435049 -91.90901659632598 397.3450858680895 -254.4594675371685 -177.8746579948541 -424.085367973282 0 -321.6991262643725 -233.4025762345468 373.182129450194 0 0 -84.64269646821478 -4.666792999338668 0 142.1376920268058 -402.2242084818278 -44.64312584095149 -47.79755950125782 -255.2204125569908 -548.5868232316715 -41.35642631295696 0 100.2702783720735 502.0149904168372 0 -53.72709680084097 -193.4400654934867 121.988842085862 -416.2205176774973 0 0 -293.5695336382208 -387.7944389289147 0 154.7739891722064 -92.88881422401562 0 0 0 -400.9414880659937 -12.83601798837794 -181.7275533529362 0 197.6400014641295 0 0 -92.70452745431558 -299.7495263996092 0 0 -68.65386555859605 0 -333.1735112843375 0 -10.53685145750088 -8.627491633382084 64.59269872519161 0 0 0 0 0 -25.28922280484845 0 0 -162.1767625012131 0 -64.53348540265232 0 0 0 65.98826865415347 0 0 0 0 0 0 0 0 -167.1354954907194 0 41.95250774498815 0 0 0 0 0 0 0 0 0 0 0 0 -58.76707143567211 0 0 0 0 0 0 0 0 0 0 0 0 0 0 -7.618739417234091


GFLOW: 0.432 0.0938514081375727 0.09402313893195693 0.1348914324685244 0.1351429066849294 2.975293691872469 2.975228191451487 2.921505931331575 2.921334254128835 0.08799024791784806 0.07007104810386074 0.06963789256251023 0.04666762958899121
q-corrs 3664.339479466316 11400.50558287353 11460.55376572333 3600.673750582711 1151.372968716853 1304.618998871858 -341.4577159579279 0 -724.7653159302017 -1664.982190970368 -1166.991561487019 -1010.666628010282 -275.1360070159716 -1012.343003839679 -1326.258330385022 0 -187.6154441080229 -789.4793511848573 -611.4402787045783 -206.6333926934249 -272.1036449266473 -194.932685940085 -112.4080449359899 0 50.13612112614214 -141.2670785688618 -287.3508302837787 -394.2209824007624 0 -208.3053888260468 -36.15491306111031 0 23.76694860508618 37.72454110436331 -392.8743661689337 33.78839626316547 -333.5044945930459 -405.9389656685742 -294.2975094300531 0 -150.8476502718463 -704.2403343488645 -294.1961042196832 -126.3856100588943 128.7459096119091 -364.6304902355282 -29.12352411621883 0 -241.9729636187172 343.6798273668423 -462.5118536498002 -269.7169227419978 71.44482983078747 -317.899883521144 -57.10964518968922 0 -81.76564262945146 -193.1265363018385 -333.4215127931509 -562.1232054951254 0 313.4222147933322 -409.0171174307345 0 64.11736832759172 -370.5518511972582 -313.9892275546862 136.1961608139116 257.2758595226884 -5.810826747566963 -94.15741834787735 0 96.75668881506223 -367.8140350218415 79.53253839253034 -76.19024085011887 -176.6840791424885 -133.3702374683216 -36.01098078041576 0 -204.7172147571342 -271.6209910553612 -83.21186659186026 112.700993329621 -127.0067787691396 648.3541551016046 558.4731182249127 0 -333.9994592374819 159.2283249097904 117.0293034042588 0 0 52.75812237233155 -253.9726735450243 0 2.738399886190464 -283.6736503732093 510.004766231006 491.3114083720798 394.8041166542795 -279.9903371421743 259.3947928311554 0 200.9455372122342 -4.229133219322605 0 -237.4560025816501 -72.07851952802704 -34.10602040727277 -804.4069982952423 0 0 432.2933571683986 -51.63040149917467 0 -295.9788532410882 268.907412355632 0 0 0 -317.2811136141112 -234.7939347626912 -446.0424970715833 0 -417.5946951519848 0 0 68.33852062095826 -458.8536458585016 0 0 55.82276709916098 0 -149.5028494757621 0 -183.6702661448076 -77.07672253367286 -385.4180966193445 0 0 0 0 0 -147.7036409553131 0 0 4.653865728963412 0 7.352321960345073 0 0 0 -57.33513704992927 0 0 0 0 0 0 0 0 76.50309961155276 0 78.72811276719037 0 0 0 0 0 0 0 0 0 0 0 0 59.30332392678577 0 0 0 0 0 0 0 0 0 0 0 0 0 0 5.103883381521264, 1915.80099894726 5824.11603815631 5587.81239068242 1571.007537660756 392.1467183449209 -139.1430384657592 -990.9721005537311 0 -695.6851584411939 -1575.136482958886 -945.6017064092543 -833.5138688306336 -301.6291266295965 -788.4020463732854 -1091.947694513203 0 -126.3952526489562 -675.9691939545545 -410.4277699245275 -82.46903020248396 -209.2417800523889 -74.2454200603789 -133.7941598460522 0 98.56979367127596 30.010946359899 -3.800824668951776 -431.173527448739 0 -180.6140073640239 -116.8409826859757 0 94.33836177374755 252.2125977823613 -335.8114157820896 182.5451879329343 -139.6563397763582 -225.6314826612974 21.43678334215009 0 -201.5657461620917 -521.0451476046329 -62.741675689883 -15.66460257247799 218.7111688807224 -157.5817413455193 47.15303787569491 0 -175.4283199745232 674.5465892774477 61.75181758161752 27.31210453890517 16.30766397671479 -151.4353387702634 351.627842184957 0 175.9946526182045 -1.986389618796892 -389.4071336632425 -384.2691310253815 0 460.5987438145798 86.06446823828101 0 108.665777044854 85.31633639803341 -177.4850466205176 206.1523999785028 215.829409225709 219.6057751749808 125.7002239057787 0 114.5550501991997 -240.4921625870186 52.98079905731183 79.7754919435327 62.29462318482666 -140.0102509232452 238.1211164300353 0 -206.0270692806491 -149.6011812467 -58.60378315407901 172.8504269732028 -70.96504630767114 407.6982349374711 456.9611122786737 0 -217.5927449069537 391.2953492142913 72.75168273126037 0 0 117.1601574346286 -9.861718621513383 0 -54.00403398344586 -259.545276747523 272.5917121765941 352.961991967586 214.1182058366704 -193.9218772376328 357.8788317195823 0 241.550100032298 -94.32846042294248 0 -93.05808164797297 -90.39158279752206 2.921933369066267 -637.416495244884 0 0 222.0823986022585 -35.44258679024229 0 -256.6474433609918 346.8750753106482 0 0 0 -332.6618278067135 -138.5493701759951 -327.4522118621452 0 -343.7053501067548 0 0 35.96286576583107 -318.8179087430402 0 0 82.87220281911034 0 -247.20753070239 0 -178.2978143526319 -59.72493235927026 -260.2014357201994 0 0 0 0 0 -109.7435107682613 0 0 -99.94846212693963 0 -119.6578448441995 0 0 0 -22.90537350482419 0 0 0 0 0 0 0 0 -126.1333124007707 0 28.45137490539246 0 0 0 0 0 0 0 0 0 0 0 0 -72.99013685445436 0 0 0 0 0 0 0 0 0 0 0 0 0 0 -22.54103972602248, 206.0556906405962 461.1737501439152 121.9546617579483 -200.2793631510967 -216.8128746861871 -1026.306721138574 -1132.334214902043 0 -484.7263891515907 -1088.407591018257 -460.2482849902844 -449.3268715574335 -271.2756569916457 -418.8846932450637 -651.6934376099466 0 46.80303192234181 -206.7755836771131 22.88480233738728 42.47187943701513 3.730173142763896 190.8178874646014 -155.8277144816075 0 120.885814293694 317.7518127978181 485.2984351817695 -248.6019676195318 0 -107.9144398064765 -48.1646758712143 0 135.0799208677678 309.6182047264277 -210.8581410455409 302.337608069729 -14.34382741697585 -10.27634435046026 169.305712043316 0 -206.7923738656743 -432.6467788315782 65.4622294713062 40.79527211363077 172.7037946634698 -11.12124628850229 147.0843571682558 0 -106.8593239615274 763.7018186755629 255.4316832711727 90.79304833386757 -40.10195735995005 24.59655264231768 410.136837881672 0 448.1610840726501 -2.339064529432292 -389.1650015264379 -180.180755704447 0 355.933596269945 336.2601269588396 0 100.0261660492502 385.9067821641241 -61.51772080014774 192.2757632422359 51.53192419625474 384.6355241693425 371.4941171430556 0 -47.37262938333242 -244.0549819855735 -125.8374434915965 75.84976091413463 243.2007168552831 -109.318810294871 388.4113072844922 0 -199.3247551159968 84.83904769536885 -24.64935687801857 194.1289959657663 33.30024211090287 -102.704350679296 -40.83144571560011 0 47.59138332222589 327.2162630229778 135.0757091285722 0 0 100.6100984986626 196.528063134993 0 -32.1903397647483 -108.6243063606007 -52.3666324534844 204.7441592205248 -67.83681602148559 72.86414141860341 297.992190003175 0 87.27139573944346 -1.093705523516576 0 22.70101126995355 -73.68776473067757 -20.50719266004218 -31.31490793006503 0 0 -16.52959749898989 203.256134704878 0 -23.37131704342961 311.868511190918 0 0 0 -218.8795207850658 -85.78063046114477 -49.62621185544732 0 -5.024869064832018 0 0 16.01398468574372 -53.90617527118965 0 0 107.1296066885897 0 -314.9417229758607 0 -108.8118226315839 -48.29846909587931 -42.29409499400833 0 0 0 0 0 -61.82752759450236 0 0 -201.892000196933 0 -296.8921068519901 0 0 0 4.772798885643546 0 0 0 0 0 0 0 0 -339.611351446249 0 -61.37825591634751 0 0 0 0 0 0 0 0 0 0 0 0 -204.5351504208941 0 0 0 0 0 0 0 0 0 0 0 0 0 0 -45.03349677217778, -52.67064999664234 -261.1468827270294 -434.4697133009743 -256.7972295017717 -211.8388330999106 -695.7717900373769 -640.7466367849656 0 -257.1012226227742 -600.5835978870132 -296.5084751726711 -273.9762911312918 -166.2955390034088 -267.4669023934949 -458.9824975922471 0 130.6654420584939 86.78668925815924 178.9344585872041 -76.97082933486328 150.0636324362246 264.7992679313193 -200.7306274742726 0 54.88153018473201 313.4799517045848 609.5648054683109 79.45953729855184 0 58.71940329803056 132.5908066313251 0 31.22991855466842 71.37674592719006 -80.43634188096337 201.0751113524127 -6.068852592936409 25.10352282482131 93.38899317216664 0 -156.8837325646739 -504.4887704621518 -89.98847630798647 60.99904801691928 -58.0320036358975 -55.15667133341286 18.56124121291992 0 -88.1147380465527 316.0419445189956 -7.376389496091264 -114.1348124513171 -106.8823437474029 -10.46470300206022 26.76873197921613 0 386.1333758356126 -311.7906883835277 -316.3569264168667 -210.4788153179695 0 -32.18483009015931 -169.7879825531755 0 55.88975656635422 137.2544859696998 -188.922492933709 -19.84005383802509 -133.6069674409641 359.5032407744225 244.5560647843981 0 -175.2145570894107 -412.1991454068784 -289.0793978111942 -197.2900758021669 -16.2621290494011 -371.1124709818091 187.7205100117099 0 -153.834849810031 54.85902274802612 -66.3989689171687 113.5573429742095 83.66859002960706 -257.426358521844 -751.0885148066311 0 92.35933338430362 -307.0731954599834 192.3098306006572 0 0 45.03449037162611 -10.59952845184692 0 30.79940331646115 -103.2904766653182 -102.7322447020068 -70.23152842383143 -80.43203221326314 268.6689758406019 -142.5769360557422 0 -183.3719293687578 168.6201856773595 0 -98.93199825495284 -38.50738681237905 -71.2858192411303 398.9958127803318 0 0 -62.15407871163362 324.375864992391 0 236.0766919724381 -45.22116996472534 0 0 0 1.660341777909238 -134.3331884257392 255.5111755286982 0 302.2573316715898 0 0 9.456195893225512 230.8320729545692 0 0 39.76479200202994 0 -87.46746658869779 0 21.06194500826439 -34.43772924958775 288.6070970802791 0 0 0 0 0 37.05266911023625 0 0 -92.49219407946109 0 -82.52095648366122 0 0 0 85.75097623923551 0 0 0 0 0 0 0 0 -139.8086269337423 0 -13.81591406047167 0 0 0 0 0 0 0 0 0 0 0 0 -65.02901889996602 0 0 0 0 0 0 0 0 0 0 0 0 0 0 -8.990344724616506, -19.3339776527896 -101.6121782602207 -193.8366754604409 -128.6503963428209 -118.4170766702764 -420.9638737299585 -371.3170889579447 0 -201.3469041055479 -422.3624182913015 -339.3391475735766 -276.2735933732972 -96.66189017859017 -374.5717621025423 -566.4128268996777 0 52.61213266923367 -137.8465808778942 -167.4248334419798 -311.7564952011294 -88.54964726436498 -124.351966528837 -212.7261784379047 0 -41.23684864610797 -150.8381934242118 19.69220049199714 80.76998080632656 0 -23.11723936498299 -7.058991888155674 0 -176.0819928559016 -100.3950489672234 -213.9933516080275 -8.651767031057275 110.834798117539 177.0774250799825 426.0180831431061 0 -121.2759746130591 -440.4376608642767 -165.2026606813027 154.3335477829739 20.95703577590199 -34.65024791527881 -104.7765158320869 0 -68.46014322768971 433.3937936637784 450.3622235722767 276.3686020213339 -203.2434755930771 80.34318353534013 400.86937242435 0 370.0959333558409 -161.4316333685452 -327.5278325700698 -181.1492868821178 0 -1.206823666492909 -51.24179324270077 0 121.8841634474153 324.3723794101221 -56.63645638223619 -94.15080040151565 -12.88405319968186 562.3625033885045 165.5574269946801 0 7.126632451650281 -301.6415974806353 -156.2739140726105 -199.4306580725514 -121.0471900787128 -461.3231796504135 193.152375699893 0 -118.6223724001385 -31.12185786354608 -100.8118768002623 192.9100612856489 98.89993041066739 -77.21150498525191 -849.8099379889475 0 -17.93169922118055 -384.72787493597 235.1639040240476 0 0 134.1508071450424 -100.956879332488 0 39.72204464499676 -285.9772436086091 69.96754741793043 -247.2927068507667 -3.054910802522272 295.2472964181491 -323.898334667496 0 -136.328054597814 202.2537882083595 0 -170.1390650418234 -69.20464707566448 5.113225732604093 313.1120677136448 0 0 -60.50157749806652 220.3402548502445 0 275.7635320041089 -217.4758155768709 0 0 0 91.71203684026 -116.5757825254412 377.6703694226325 0 309.340173949974 0 0 -3.773529721168671 309.0065186657113 0 0 -21.99907252865444 0 209.7286695913691 0 106.9951357466888 -11.91373708963735 462.9278730058031 0 0 0 0 0 96.96584768997285 0 0 111.5814168396642 0 293.9505401786331 0 0 0 139.6876594644983 0 0 0 0 0 0 0 0 248.5886270914181 0 92.0212204880882 0 0 0 0 0 0 0 0 0 0 0 0 179.1816508157261 0 0 0 0 0 0 0 0 0 0 0 0 0 0 43.88183459713852, -4.355835312142062 -33.65924793815601 -106.4698665803443 -83.95746470528312 -51.88104469705867 -259.0086456735455 -213.4276391208932 0 -155.9280418175194 -238.8819853955675 -262.0105393096441 -160.3822659681118 -13.31756831687405 -307.390940902569 -279.578057120156 0 -49.19322339401218 -175.3399722946663 -358.466710741117 -235.961796989671 -250.0167785821278 -262.5462480043128 -10.22551917920401 0 -2.616868537468648 -435.11125439694 -419.0826660240443 -58.7077704356541 0 -240.781849927084 -231.0659166233676 0 -287.1979654230062 -233.7242898515757 -457.5385296820249 -197.2419786905839 73.98573973522454 313.8119518676623 399.9419671544846 0 -114.2639674737871 -530.9110210329659 -252.8576503776617 34.83410764939784 110.3786079039564 -224.3029806356473 -174.471962766002 0 -56.50717586384637 463.4429403010928 700.0493454952605 575.4830201576324 -226.402855668452 101.3243238758322 622.975241248311 0 182.552200665338 133.6204434584847 -313.572074844864 -177.4374267381802 0 28.27513662409959 -173.4447802705401 0 160.1704058375817 348.4611195893742 207.9884353681298 -149.1981313869726 229.3480463430819 500.1820491812344 109.2562910450382 0 121.2317229928899 -253.2269257544631 -214.069002291872 -176.5704252919543 -145.5585684260436 -332.1681378538024 36.47335263776077 0 -109.7873940437911 -141.7840602274971 -146.3243958886283 160.5862094986503 -78.56880957346885 -17.71286369414086 -532.8418341582774 0 -71.32624473299731 -278.8611817642255 180.0264647251641 0 0 57.1330537371973 -22.47048599112244 0 22.89049781776816 -260.4370314184715 36.21341307123332 -146.4830432568167 -18.35739307905863 141.572811154442 -148.7444133694033 0 -41.30934198158654 156.6433780208379 0 -53.44453045607616 -46.61683977573521 30.69474690529113 120.7962981637922 0 0 -112.5798209880084 84.25324610691229 0 141.5915902884748 -120.2984206855263 0 0 0 132.5771176428596 -33.38398777217825 210.1077162096043 0 135.7230851367544 0 0 -28.87643260097572 142.3787055527052 0 0 -31.22692857570252 0 339.4040490299474 0 99.17970756300667 -1.460353278077536 220.5463988092251 0 0 0 0 0 60.78092294626947 0 0 247.1642456985727 0 396.4550764873441 0 0 0 63.7638553989445 0 0 0 0 0 0 0 0 478.8654703880098 0 113.2240754631778 0 0 0 0 0 0 0 0 0 0 0 0 314.9791106598466 0 0 0 0 0 0 0 0 0 0 0 0 0 0 71.26273386450617, 16.57270678430908 50.36461027365382 -8.075290122362929 -44.42599437087082 -10.72188740882725 -191.4326696544659 -164.7676036675167 0 -116.3959162335731 -85.94844539772906 -132.2415880533327 -32.76617419160478 62.63974676173494 -51.26500880370467 208.5862887702565 0 -48.68739984683943 154.4519106319906 -10.00515049342339 145.3332468256532 4.985182801528264 196.4548859528896 206.6167255372092 0 121.4667586627099 45.96569945577986 286.3986335819243 47.73824076779296 0 -67.54303567987948 53.95891003549418 0 7.466908541935354 119.9684832234203 -316.4837298795111 122.0567781921532 -46.82433728493628 171.5457278601329 10.62482688765873 0 -55.99520196971277 -280.4465204866079 69.80128737038547 -248.2436935541065 89.41022699849306 -300.5682811755319 -42.674571304498 0 -119.3425565791342 44.82915641106854 -57.97567715696167 258.4033188660894 -75.35450281659226 10.67474315576715 235.283472335116 0 -52.86906295927697 34.90217071089798 -198.9760551979856 -248.3514327823915 0 1.377931071487168 -513.1806958972716 0 37.04055502727158 -164.0351017363294 -12.32546531972288 -99.57346359309064 238.2744368071979 175.368110143104 56.79408309372732 0 57.09595414391077 -292.1007547908858 -252.3887330452203 -306.3774300840437 -170.4875167832129 -214.242699901212 -123.7343985763552 0 -109.9753094273849 -184.8539996483104 -119.6479195574062 135.3225011182865 -202.0708577638661 -57.73007167829567 -236.5488289598157 0 -123.3073626801859 -187.7574865970603 90.43624388153009 0 0 -56.26261735922658 -12.22219446202652 0 34.58554389525018 -175.8791974229912 14.91385143895127 127.898498155708 -77.83641390540018 -125.088397420434 65.7725109679659 0 15.68335353926924 170.0286283911275 0 -6.139690254263243 -40.08876295358695 20.50334347210129 -61.350695824586 0 0 -74.74182763060641 64.86670489565287 0 40.39694566395532 52.68152706835962 0 0 0 7.811205980242548 -13.64671009151077 -79.6018313166816 0 48.96281692607766 0 0 -18.12841578578005 -64.12231435209128 0 0 2.793535373981584 0 88.88942505774182 0 33.05751856936217 -9.208578709533683 -115.6981681178081 0 0 0 0 0 -20.75982594869875 0 0 136.7258463587582 0 109.1852136734795 0 0 0 -44.0991910316484 0 0 0 0 0 0 0 0 288.7157439553934 0 28.59952475054533 0 0 0 0 0 0 0 0 0 0 0 0 206.2267473979815 0 0 0 0 0 0 0 0 0 0 0 0 0 0 50.42582239874181, 11.0049743907631 4.555917716244437 -98.88974845776923 -106.0136763288627 -15.36081144691656 -241.5169433385095 -254.86174941385 0 -101.2238097434384 -16.16722637916732 51.74213210925716 50.69500351477218 82.71994665572369 160.8165696269232 461.3161811971274 0 -32.06860967638247 315.8719006910912 267.5972117715441 440.4525469203215 260.7270887946485 546.028206218052 328.9626968123564 0 229.8767597973749 565.3777408915943 839.3629605473325 -10.85857888893768 0 264.5702907805626 252.3222749049618 0 398.4969339776004 692.7089325144062 175.856907693354 601.0349013678285 -64.77477919433341 -236.9603218776214 -84.18196225972203 0 -178.00039256398 202.1710755618207 650.4340135229147 -137.8941009828467 153.2402573319756 -82.17590815732848 100.80302661196 0 -125.092618510974 78.44594657512729 -360.9810439152853 23.09003454960595 108.7259379263755 -71.29032788050782 29.12707533476265 0 38.88979180853514 -24.79635101470367 -221.6831193728808 -383.1614059383054 0 377.8990749714559 -153.753606695256 0 -45.02040057886641 -433.4318394840136 -453.9052801820093 55.99033205870048 150.8055747776194 -65.05975929577968 30.57726084591587 0 104.5438687459365 -253.5891211157441 -50.20525332153019 -323.4350723683225 -137.4475915144686 -49.8447501344796 -107.5849294328159 0 -136.1587326579222 -70.37848523346284 -44.42327105173096 255.6994733412623 -187.7214595528222 -129.0967829933682 -302.8859482900228 0 -145.4563666703571 -125.2661259212626 275.2956089970088 0 0 -49.16173458231489 91.63428674537539 0 103.8683961348084 -260.8897270683066 -2.382221395908054 -44.27115430278235 -162.2197799786349 -235.1623972555923 -5.432205347367471 0 60.57698153615792 340.289758641215 0 12.14327626145567 -136.115194839484 134.1583501454627 -280.9280928229986 0 0 -199.4742622558776 -234.1022415319474 0 134.7197786511973 -42.07132194091442 0 0 0 -306.5728851444688 15.55489109738337 -164.0663215825838 0 77.28815324780257 0 0 -60.76137433670584 -189.9042425815349 0 0 -37.35616710353774 0 -279.0621359125362 0 -51.10641592156013 -12.57725694902957 -46.98035186368637 0 0 0 0 0 -32.40342455479451 0 0 -112.2614555805878 0 -135.1937829494425 0 0 0 5.423733829566409 0 0 0 0 0 0 0 0 -117.1069034175519 0 -4.28254665147529 0 0 0 0 0 0 0 0 0 0 0 0 -36.83881844235771 0 0 0 0 0 0 0 0 0 0 0 0 0 0 -2.659618786800953


GFLOW: 0.504 0.07357700269241775 0.07370105524848963 0.1020688529590214 0.1021904620922544 2.982034246186245 2.981999897510665 2.940707013264102 2.940605392047072 0.06883194444097009 0.05599618396084986 0.04758526989312044 0.0301737660408197
q-corrs 2217.61013589028 7534.618672037647 8345.949378300502 2959.487172379537 1130.473886780411 1920.925247815565 483.8304046667716 0 -357.0101885872925 -984.1103224687167 -816.4425594762765 -759.6407917035134 -209.6965918841459 -749.6424336031865 -1083.3068751911 0 -165.2408372854219 -773.9435875432059 -571.842082627127 -199.4921426706427 -300.6760778416333 -336.6954893998496 -113.8217934563407 0 -28.02200821679867 -179.9049655873297 -368.8660446756868 -334.0542775031348 0 -255.0176297077876 -156.5994593573145 0 6.551533819869988 7.272613790926101 -308.8007573871074 -26.51640601878699 -189.9760884642339 -249.8009489736162 -156.0079089874692 0 -129.558197130822 -484.3530446754248 -168.873412365287 -66.95256480239878 101.2555345373099 -245.1941810409265 -37.81961200971527 0 -152.7677506583663 285.2620094908799 -263.7374181062091 -139.6719072260623 -10.75619740217567 -207.7519281536341 17.2425833130321 0 -5.956324946685896 -89.81414059828167 -222.8996007323698 -347.1602003381901 0 207.9378690142854 -131.5083731182594 0 46.84995860561538 -253.8789343712783 -208.4727921986054 148.7088870389633 142.0088778703928 70.50038393402389 -85.3206378195534 0 106.5865723820856 -179.1781305308054 153.950576029987 5.833858236520641 -106.4807747510597 -89.0673982420571 -1.995514214961769 0 -120.775622638769 -162.2174093791258 -8.074944356821369 52.43734482464831 -47.45744047666696 479.5402432675665 444.133804028383 0 -242.6100904275764 232.2236512900606 79.24246672706302 0 0 44.52402664934927 -189.4052533602647 0 11.07379846691345 -258.8920424421226 374.4213361850931 383.3490799724282 299.0148474655228 -151.3652755585969 214.8688453158795 0 167.0600429433141 -28.35474616504226 0 -164.504735268231 -76.71532706937721 -51.00936995108466 -645.2457778585243 0 0 365.1956317502769 56.82395501444455 0 -247.961582866163 242.4186474942694 0 0 0 -264.5510746679155 -171.9826465288002 -354.9221129765444 0 -332.8401501966445 0 0 77.74037991408935 -300.9520178878481 0 0 59.14705291008315 0 -154.6829705203426 0 -143.9016798299615 -54.57214713433358 -316.7660914297412 0 0 0 0 0 -113.6057937180748 0 0 -11.86964052756482 0 -69.04753382111537 0 0 0 -56.03668336529238 0 0 0 0 0 0 0 0 16.64271241553489 0 25.52836068629949 0 0 0 0 0 0 0 0 0 0 0 0 18.56934278885138 0 0 0 0 0 0 0 0 0 0 0 0 0 0 -0.01957512655424232, 1267.330318492108 4236.712405173104 4550.891882109275 1514.835785296942 526.2274778782164 600.3915631746989 -226.4462105896599 0 -413.1191299938447 -1026.464825660645 -714.3042228845932 -662.1791638198619 -222.3553510592273 -619.0083204158823 -926.2261824843644 0 -118.3540046309331 -649.6791589048617 -412.6001870301279 -122.0212812755196 -221.792248846801 -200.5130921616615 -126.8128821051573 0 17.16811205601889 -47.12742403962999 -132.5208218923967 -315.0808435827201 0 -179.5787823384264 -115.1952541091618 0 53.21507173016231 154.3304971711524 -247.9173110008932 104.3396780063593 -82.95583146514983 -131.0442100841202 56.53531093886566 0 -120.6703498799615 -331.6673941294996 -17.84195077107464 -2.000543853088164 154.4660438950106 -84.92459776771852 35.0103301678332 0 -121.6206832030069 473.7457736811724 49.35528631947025 46.62203032186464 -22.46323919052495 -81.50194948429564 262.1468945835682 0 159.2551767760605 3.676283126314104 -249.2506983918215 -245.0045751757946 0 308.3817977197224 125.1979668163642 0 72.69292921244006 34.52811680290517 -122.6962367851396 178.9882243907628 134.2222030078978 196.7846598867121 64.46414567440333 0 96.06005008484956 -129.9685093812485 114.7345678113028 60.48673806151663 34.42954495054393 -81.58152255404337 160.676811112641 0 -135.1237725665003 -91.11852291510256 0.05568308381285547 108.2790062760455 -13.74603057335543 309.2422276470102 330.7490739312854 0 -170.0445396605853 336.3251315284972 44.57440235075913 0 0 84.37900409303734 -38.19274680058757 0 -16.83062442459229 -234.0321279201978 234.3748180587094 269.5625702719154 177.2823287660394 -113.0147341880043 253.9817939624169 0 181.3789701361636 -67.36178980323632 0 -78.35513757812377 -81.59958407466965 -19.96786630302678 -519.4354101753654 0 0 225.7240365614819 41.61122764696545 0 -204.4425871027945 263.6658714487884 0 0 0 -264.0520607414485 -111.1458374893818 -265.8204789509037 0 -271.5447688987085 0 0 52.05746506972907 -216.9798060474004 0 0 67.18785288288346 0 -205.2980496046843 0 -138.3075951272531 -42.61159544776075 -227.6940196996074 0 0 0 0 0 -87.23791074762644 0 0 -70.89665017558222 0 -138.4756197590744 0 0 0 -33.66000765461649 0 0 0 0 0 0 0 0 -95.16841006500083 0 -1.70361895479833 0 0 0 0 0 0 0 0 0 0 0 0 -51.88361310307457 0 0 0 0 0 0 0 0 0 0 0 0 0 0 -14.17407761521554, 203.7385147942182 584.9333437813052 433.7763749138336 4.435523279855758 -82.78452842420597 -592.1213463924034 -739.2230421633417 0 -363.9148590687066 -824.0357562990938 -424.7030130888048 -409.228131307861 -197.7859400330395 -366.3901176198601 -602.2978451540647 0 2.09654550008738 -281.9999413396931 -75.33054521422062 -34.32659881823105 -28.779337225564 54.2054729727098 -151.268329156897 0 51.12726180554131 178.884892658059 276.5595243578905 -153.7865882408871 0 -66.55036162815952 22.57814876722734 0 87.23949527449366 221.054297597007 -145.4633837153366 221.8299461196455 -2.351394484980524 32.14320325882809 183.1661769540594 0 -89.53474909506116 -227.4361314997518 74.40213239113817 28.35641334651883 126.2965210582533 23.85979991549392 91.74531585590154 0 -81.2919343174709 504.1788515624918 204.2488419494498 117.1112268080603 -44.36393893645958 12.7914138884166 292.2374180989237 0 303.552661840002 -11.53352361303162 -267.7988062590201 -162.526641703798 0 238.4611417010738 192.2079087212196 0 74.63838908496862 237.5813722812246 -81.02238355224503 137.2687086779231 43.82400329297169 248.4070141522046 228.7538814598809 0 -30.36391909308554 -184.2256491111296 -83.50182854968446 -9.026821870580712 134.9973682202962 -87.19821758888116 243.9267538149793 0 -151.8274455882199 16.27770598378464 -5.954430095741426 144.7143579549362 25.63772684832349 -44.71632269674799 -56.27767856718604 0 -2.689586784976655 206.4199285877432 54.1837458998293 0 0 69.51750119558773 111.6142961435503 0 -14.01302376681223 -114.5606311291671 12.48710401742257 121.2011843612387 -24.52452841142993 28.75530143530946 185.7976959696442 0 73.4390662004206 -7.332113812814242 0 7.809640020203421 -58.09497734959544 -9.830423633414494 -95.12437175209418 0 0 36.70508667509645 139.5058515491507 0 -30.72901584820656 203.2894743277068 0 0 0 -172.5320373935828 -53.09827064354909 -58.04228975086937 0 -39.08081582262346 0 0 24.56838592683938 -30.5897506214658 0 0 69.08530516966258 0 -234.574742320028 0 -87.27123233836417 -27.56453307543321 -53.83352584528042 0 0 0 0 0 -41.13008225722922 0 0 -135.5026489895727 0 -229.4792611799489 0 0 0 -5.95215652764373 0 0 0 0 0 0 0 0 -222.8152396799923 0 -50.27665258318771 0 0 0 0 0 0 0 0 0 0 0 0 -127.5447901380099 0 0 0 0 0 0 0 0 0 0 0 0 0 0 -26.45528622136967, -25.49451903830879 -158.1421672834511 -309.6815815309288 -201.6353411676444 -157.4364493761657 -568.6727234170671 -535.5945393817534 0 -231.019489378538 -513.167403613954 -269.8546463863205 -253.633127480102 -130.062298005697 -242.479500703355 -430.440279936121 0 68.72681380324411 -34.808406052443 65.91987374674142 -94.44448877675943 76.72349170801604 131.6497824794222 -168.5568121447552 0 20.88407615649245 180.0793293585984 368.0260839466951 61.85393377360305 0 25.6010322482868 131.5129498453721 0 14.29879622058115 65.36416088795411 -76.33007589068558 135.4459259810372 7.720077307641475 89.24486181795929 136.1316079406922 0 -64.54013129232658 -281.0363126119162 -53.36896249757531 30.21415749253867 -5.140330820227085 -41.75228730543223 -12.24902073238684 0 -57.60112373581813 239.7064513590266 92.56069296615689 15.90626025947871 -96.76363491816312 -44.23892154247534 50.66686962654146 0 232.3394135337502 -180.9614032621119 -242.9586062374295 -204.5017662063478 0 -24.12939902161735 -155.598527814639 0 57.6714743282889 116.7912577563886 -152.083055593991 -18.74714117117897 -63.07151722526051 187.8417669346579 159.5826489062715 0 -131.4468645440737 -299.9104573340472 -263.3558633682287 -179.7958392939757 -7.917785315841641 -256.5630505825843 114.7154799765653 0 -125.3955188146208 -13.57359693613085 -56.68544794683814 98.04093510882213 28.16972372045252 -190.5171333076728 -500.6661002720297 0 47.11728268156899 -225.473902232244 95.71035125141118 0 0 24.06387664219163 27.36764808652843 0 8.057604542372744 -66.45007999330404 -59.9783145545608 -48.89528133908589 -72.89098497971648 154.0025693078792 -78.32165281186076 0 -102.4033425575406 104.7238936837765 0 -31.87562187140272 -24.41919020438418 -23.01875242922355 253.6347761961564 0 0 -37.72542498593769 206.7426658764398 0 157.7160261248415 -24.04817363648818 0 0 0 0.4050670914445149 -51.45436730541725 169.8941008246054 0 190.6875713934684 0 0 8.022372578384275 162.6737344882405 0 0 22.96320337267482 0 -54.06667279713913 0 14.47491281264244 -13.10980358809501 187.2961722096675 0 0 0 0 0 27.96717791380175 0 0 -54.84085908685877 0 -49.79099863492576 0 0 0 51.62134838678646 0 0 0 0 0 0 0 0 -77.79365305152336 0 -9.315618476208922 0 0 0 0 0 0 0 0 0 0 0 0 -32.64515841616941 0 0 0 0 0 0 0 0 0 0 0 0 0 0 -3.589116826687757, -15.70295791969579 -90.19909213847467 -173.0836624577323 -109.8540025501754 -99.33013130479041 -353.0861056533958 -308.7147725700765 0 -160.7182661448175 -338.6060697679754 -262.4503555070852 -223.3521184816402 -72.89291380041828 -271.7362993181727 -429.8904066984965 0 27.98951948121372 -122.5183349625908 -126.7277594548558 -216.1258884882783 -66.90928227461177 -98.31078518980897 -154.135671811549 0 -34.29209273908614 -101.2498693319 1.114927275096477 69.47039006171667 0 -54.27970020854821 24.03915974275371 0 -117.4203340472305 -78.29150196334777 -173.0467744628656 -41.06918247459429 63.05523843033868 196.5122232926799 301.4326674486006 0 -41.26740077072473 -264.4045378217185 -153.4696685660273 84.52455044219906 25.39193454963987 -67.0210133206059 -101.749321118319 0 -39.38814663754657 291.6445033522231 405.2308580768652 259.11835661974 -163.0297442123488 27.87363944799205 305.9445654674138 0 206.0553310007636 -87.05131010225496 -221.9769895366653 -157.3331916114667 0 -20.78418360072027 -151.6472583046806 0 99.93365360751915 240.7013533794346 -30.06932438193591 -83.15380823639023 37.52704694496941 328.7241115670704 114.9525333052644 0 -33.7569159764014 -231.1907753362795 -192.2905037587141 -171.0030930904414 -76.69968744190268 -322.942189220784 110.907683514595 0 -96.56869481602929 -58.36326669771668 -87.67038721713716 135.5027556527156 23.61682551139589 -111.4257619233634 -581.243275150812 0 -16.57251247520515 -307.8200950853221 139.2102082239701 0 0 71.84901338163138 -33.78444614466443 0 14.91284487382272 -158.2815247831984 10.86518412367939 -181.8936142344738 -35.90327149589778 159.548139771567 -214.5791010922553 0 -99.93838016645361 138.3547521409202 0 -79.77373943419263 -32.1484982812422 14.51396743527044 235.0840954773321 0 0 -70.60340773628437 104.9062455089383 0 193.6891611927969 -168.4196525758972 0 0 0 94.55247849816517 -53.85085086010498 261.8421644293746 0 218.0264333526329 0 0 -12.3206011914472 197.3963070755579 0 0 -27.06382815909801 0 186.1938671348384 0 86.59107778534334 -5.490378585566985 318.2971899146546 0 0 0 0 0 65.05287455959089 0 0 96.59964819466967 0 247.6371784620557 0 0 0 93.07110981820955 0 0 0 0 0 0 0 0 199.7172923979507 0 77.38694518849329 0 0 0 0 0 0 0 0 0 0 0 0 136.208630489294 0 0 0 0 0 0 0 0 0 0 0 0 0 0 31.30833383622351, -2.274374882579039 -25.27721594544383 -72.87264883498509 -54.0551488407696 -46.1747027453868 -192.0478729723478 -156.2658015642873 0 -102.9433873043491 -175.3982974236669 -201.2755933967898 -139.4035959800322 -8.019758642234656 -210.5075555976278 -217.5265083999504 0 -32.12154896985659 -128.4876576998273 -234.6006551486346 -153.3917977205685 -165.6483394972058 -183.8905077714803 -25.75703434314387 0 -15.43730939089263 -248.50179737372 -223.5966559260963 -5.78211079293564 0 -168.3298531621633 -102.6911903379913 0 -161.8414236534201 -136.1402353499955 -305.0917883556623 -140.9410237527596 48.82619257361336 267.5386756908742 298.5265402732364 0 -19.97194433265363 -259.7166434359056 -178.9570410395163 26.58002663208952 77.74215868357587 -138.5632268476743 -116.8904987634843 0 -33.59831223742145 303.1708273823629 559.9706910031775 434.3457535605714 -165.7751585286611 81.66690272174233 495.2528566798883 0 105.7793593382996 102.9562019768171 -189.521505255034 -115.1723887505553 0 19.6187812516652 -212.390800258882 0 115.3945197730226 227.7053280723324 105.0399894368478 -108.5545298507574 199.5650899693345 307.7564475843912 98.12457918227226 0 40.82110174768245 -189.8522708440472 -220.4743769910929 -173.8436035465768 -91.82326852527117 -232.6173723846737 22.80257529300812 0 -103.885431022632 -135.4851314173659 -109.182653955955 121.5392772322665 -80.46468404690272 -72.5027119522445 -413.8001528182775 0 -48.61962306456952 -255.5491136925322 95.80396007227861 0 0 35.07576607814231 -7.608475746659821 0 10.58211972688479 -164.8670418345828 8.845002514718658 -144.6689754073523 -38.3459971724368 59.19551836217146 -131.1820954422026 0 -39.82849680623184 116.2754430425634 0 -39.65541836809452 -25.85599554409919 34.00422804908341 97.8506886506762 0 0 -92.8946139472765 2.477519708369556 0 113.7246453441063 -122.6061436577952 0 0 0 113.2526841393159 -25.20845726328512 157.0553774666614 0 115.5506756984522 0 0 -24.67994748994525 84.3753441691151 0 0 -32.94792712226366 0 267.3039253647557 0 84.97171530959031 -3.648204404867281 179.8700249136079 0 0 0 0 0 38.52767327631854 0 0 179.9090505773267 0 323.6653807252069 0 0 0 50.94122118502667 0 0 0 0 0 0 0 0 344.3691187047359 0 96.68361716934447 0 0 0 0 0 0 0 0 0 0 0 0 222.7935448064797 0 0 0 0 0 0 0 0 0 0 0 0 0 0 49.00575421762011, 9.981565956507794 22.458713039343 -19.8433489566446 -37.12954516116327 -22.37014995615062 -149.7149935532833 -132.6386969792486 0 -74.13680194427467 -88.58876695700243 -122.3579096763124 -54.60656664098158 34.37770946599615 -41.06224775209517 107.1017728248505 0 -42.79026588143864 58.1419947102398 -22.43679337052894 103.2112531556209 -4.568474086303318 116.1267412948055 133.0017574774995 0 85.32914219611054 50.70595683189094 194.8565166432868 23.47730594179494 0 -3.137254195954597 53.70328994846625 0 27.84711430627204 112.814717419995 -165.0625318166965 93.05962415592325 -18.69820600055238 111.7842495570739 71.09801281516697 0 -12.99215776219928 -107.1666386554035 57.34750720270815 -113.9737218630803 67.14493173809997 -145.6446103372907 -20.92060061976872 0 -67.59659633588797 68.7844277732018 64.69711136498896 202.6239899947719 -53.7498404906823 14.75126615273524 218.9596519551449 0 -29.43979279943834 51.1870050581107 -134.2658653883248 -174.0078636228889 0 22.28180009644804 -349.7094543735534 0 33.49436795281978 -115.6811563755188 -62.60673823769854 -68.32611254840161 183.8917850744033 68.7514634000436 57.38268070063623 0 17.12413725814588 -205.500544571264 -236.7038575655695 -242.2131252486174 -101.29417243145 -116.472543081161 -86.7561196031548 0 -107.4747125586738 -145.1989794117906 -81.87968757489094 110.0046955331295 -150.3889949411383 -77.4499425838261 -217.1223202974467 0 -54.73424836635036 -165.1039840875958 69.43472123444121 0 0 -32.29601410460399 26.56254378832793 0 29.4281105907702 -122.734906633324 18.83009988784377 28.24767845204821 -64.30883335742327 -61.55677557392799 15.00284853478713 0 10.91071428776118 135.2712259627901 0 -2.481339656448206 -34.68688865657521 43.86360757929612 -49.59365349155068 0 0 -58.62489687917532 -3.047379243012358 0 49.63881963567258 11.31737987586245 0 0 0 -8.911456257079962 -7.788607530949468 -53.57201363440414 0 30.45498122789903 0 0 -13.39846468880433 -57.10462609229069 0 0 -2.306345416751974 0 60.29921369220236 0 17.73274535962923 -7.995782182474297 -68.60707716748074 0 0 0 0 0 -19.70050369153937 0 0 94.09940758256363 0 90.24397320995021 0 0 0 -26.27884704941583 0 0 0 0 0 0 0 0 201.7296152163027 0 29.50335633811704 0 0 0 0 0 0 0 0 0 0 0 0 143.9032195931625 0 0 0 0 0 0 0 0 0 0 0 0 0 0 34.50476615251021, 3.32411426095382 -15.76863721750379 -88.27155739768773 -78.43896791239473 -26.62894702290604 -176.2080804204635 -166.9696376352778 0 -51.48288078401778 -15.15649735571463 -4.649159466553002 28.74421521711969 59.44300586829804 129.8638322409323 363.6658886021737 0 -33.72254911546065 221.2764069073316 200.2222561048437 339.0118254603925 181.4630929656807 403.4542067015326 260.7937265698103 0 191.0891715750357 397.4525039883119 593.3963601961149 -14.74351969012768 0 264.8700925297307 170.1459663569088 0 275.0638491989206 485.4152576937859 165.0103539878146 423.5660901819088 -34.47574719785936 -185.7150537007455 -27.63480386572394 0 -113.4066000867111 130.8985900271097 446.6034454637999 -73.80124574725563 88.45114104525973 -28.88059936521255 64.85392122665571 0 -82.59928549140002 50.22460555654341 -277.0132042735787 -3.990214840981935 74.82705323604176 -83.64451944252329 -44.66655376802737 0 -6.642007779318028 -36.02360249027655 -173.4523093664915 -318.656822897639 0 193.9129138165512 -123.711855464972 0 -31.7572510892017 -357.0481168741023 -358.9379181440597 32.72688158723837 60.25222822905955 -132.9359591408152 -1.326092835330883 0 41.52452905256429 -194.2204388603684 -137.0435052560612 -236.0979296301275 -85.79040516280469 -29.99165894012104 -90.1514837803328 0 -112.4097843008172 -75.92158648816519 -26.32761593757782 171.9838530919064 -135.1809297096394 -102.2028989987352 -216.8866537745908 0 -56.99072737087256 -72.39085696444644 179.4277468495606 0 0 -29.07832052187102 122.9825524981534 0 72.96366534279069 -169.9798176958668 13.18674717496805 -44.78768652165003 -106.7495057473695 -87.76816785361508 10.37229553744234 0 47.70912443404818 228.8339697814685 0 36.00615023513399 -96.34154151492226 123.8864543962788 -201.6758037729503 0 0 -136.5021453749763 -145.2516965709725 0 106.5551199400836 -11.85927983361254 0 0 0 -232.4008672096103 26.27651458188111 -137.6717126194372 0 17.26862166594315 0 0 -40.66429944109075 -123.4487819618103 0 0 -19.50219668927919 0 -224.0048469966442 0 -59.82449385883883 -9.714535983430491 -85.86953375521766 0 0 0 0 0 -29.30897613234657 0 0 -80.62325907290125 0 -146.9430338615968 0 0 0 -17.89042732777216 0 0 0 0 0 0 0 0 -88.75166911055662 0 -21.98863917092264 0 0 0 0 0 0 0 0 0 0 0 0 -29.18098765608288 0 0 0 0 0 0 0 0 0 0 0 0 0 0 -2.037490724563367


GFLOW: 0.576 0.05934375692142561 0.05946050643183631 0.07992815343399347 0.08000441998655103 2.986291745348705 2.986270376358509 2.953470920905869 2.95339355768561 0.05481550631816887 0.04626252260401184 0.03342801465063776 0.02098744564854212
q-corrs 1417.368587743704 5154.914374565153 6147.610774135424 2378.316001446321 1010.09753550314 2062.961530618186 882.3218623523563 0 -119.6567909113902 -507.2033713592432 -528.6243434262672 -535.5031100014905 -151.5280029007162 -550.4822117102015 -863.4820711042428 0 -138.7986568432646 -702.9333662015886 -516.0582505289008 -192.9982073309318 -289.0378566512199 -382.8946146425584 -115.3176368662003 0 -67.46331671360835 -185.4716234257232 -383.0650639879988 -279.0347085799211 0 -253.8404711749778 -194.8356136553092 0 -6.030216873178176 -14.53383168408489 -233.472206956162 -55.27162026385496 -107.2161441098267 -152.7827500570326 -77.96046410641191 0 -101.7605469067917 -327.4168303238417 -102.5770546613733 -25.65372736741089 77.98620550277819 -158.6576756528918 -35.70756892352325 0 -94.65523569272256 236.0091826010334 -120.8454453234213 -55.94435058879691 -36.14737045246041 -127.6253968806263 73.87873783572262 0 30.88534597899776 -24.1616801554109 -148.0982266986702 -203.7668846147621 0 156.539489141128 12.85268280395399 0 35.74922722183514 -149.5457319008302 -121.0406539540174 138.4048272041074 88.86752453425369 110.7341534599886 -63.35195761535092 0 104.772317665565 -76.25874341945578 184.230752174744 48.57682726168988 -58.56319112930866 -47.09054613757777 23.85517609676954 0 -72.06046286799118 -92.49536014078782 24.74943669147622 25.05338108162537 -1.626114509084246 366.2954273980388 361.830646939911 0 -179.0122465027061 249.5458516743595 50.29831744847232 0 0 44.90567009282386 -148.1278090210058 0 13.61512898826955 -218.5148575453672 289.6310003584156 300.885074438392 231.0878710585951 -93.08562546324009 178.5392760907997 0 137.8073349476536 -39.33469550664512 0 -119.9169057663824 -70.44432438649511 -53.18590851878525 -521.2789376201675 0 0 305.6883009844875 89.15069370147893 0 -207.4584470187547 208.6969706425594 0 0 0 -222.3640488403687 -129.3401018001326 -291.2234667558826 0 -269.4609050368716 0 0 74.54157268851957 -213.7800814423252 0 0 54.82247126471501 0 -150.52848868249 0 -117.0375766828838 -39.840315902463 -272.7697084969807 0 0 0 0 0 -90.46676047270299 0 0 -19.60377243647541 0 -103.5916921385605 0 0 0 -56.04681485059836 0 0 0 0 0 0 0 0 -10.09353491092895 0 -2.2584365583009 0 0 0 0 0 0 0 0 0 0 0 0 1.316087881433022 0 0 0 0 0 0 0 0 0 0 0 0 0 0 -1.330472099556241, 866.937865306242 3114.636363635915 3633.738502715226 1349.613201553131 544.6939451287883 947.8181280660358 217.4477799019882 0 -213.6286246953947 -625.6738054258433 -506.5571227335646 -498.2822258959889 -162.7696594165743 -478.2716840596048 -768.0054873783804 0 -104.4425204090481 -594.6333095732782 -391.2356208909151 -141.8448397573503 -214.588326777673 -259.5795668485388 -122.6925769087875 0 -30.80562836478482 -83.43535074609397 -192.3097493097505 -239.1901971980694 0 -172.8084746231895 -115.2562305395569 0 26.69950153469199 88.4161260953707 -181.5682350029337 50.31944111347276 -45.6348503949704 -69.32053117545831 66.79336868843687 0 -73.2847994094124 -206.5081066954184 -1.418023470680076 9.355414516947302 111.4163015917694 -44.39995111225277 23.15666488221917 0 -80.93587992861157 343.8371511546542 64.87368483908682 62.90059423735681 -33.33934660139192 -38.65280280146501 220.2484258014621 0 132.5002098471728 17.22798015974899 -161.8438628757885 -149.7491079545317 0 215.6966040730757 138.1346672036248 0 51.47501324512115 26.35721317575739 -77.40612696222306 149.3307124552638 89.11892210398544 177.028445524523 33.71979619912159 0 83.87010869718202 -65.73393524985683 137.9285000138411 51.06934913041542 21.82669957378084 -46.4337519689295 114.8080335916351 0 -88.74010892139206 -55.4461595680884 25.2172670757807 67.99308759949619 14.502494542319 242.5245539170606 252.003181008792 0 -133.2811857658914 279.890284315451 19.97840441872595 0 0 64.40431872936649 -52.74062184969149 0 -0.3895646108788622 -196.7911528642045 199.8142335879069 210.2481198489722 146.555066526687 -77.83971628443612 185.6271083859193 0 135.8542367200423 -54.04483573096986 0 -67.02247040289924 -69.29634527398341 -29.24608943755197 -424.5165283273358 0 0 208.4661451072213 64.66980236004993 0 -167.2349911495409 202.6996830690413 0 0 0 -212.01573875309 -89.37449495559497 -224.1195797982694 0 -219.3920060963419 0 0 54.31766489317144 -158.72479332552 0 0 54.13160938312413 0 -172.4387770839396 0 -109.4391402943365 -31.31841250197017 -206.5255235072501 0 0 0 0 0 -70.82849683736995 0 0 -51.98851284207927 0 -137.4504437402182 0 0 0 -40.16306942175766 0 0 0 0 0 0 0 0 -70.78105893733857 0 -16.41653036065053 0 0 0 0 0 0 0 0 0 0 0 0 -35.99299655725594 0 0 0 0 0 0 0 0 0 0 0 0 0 0 -8.540673194007621, 181.2435695700104 591.3182647888462 566.5269844323825 123.2142378075005 1.046582099014728 -281.0775169654246 -447.1137381432594 0 -262.1641798730379 -615.8729308693822 -361.5376003277221 -352.4964332580662 -150.9370452504046 -314.7832092597627 -543.2402643311873 0 -19.56086486582006 -308.916356188028 -128.8587323936984 -76.38251069979617 -53.03680905484092 -34.68069847147682 -139.2140143807963 0 5.918473592897769 87.87128605374491 133.7754424823466 -101.2868313789135 0 -58.53420942829484 38.86914434099153 0 53.7276031689356 151.4615939293922 -105.3865149065405 152.8381430581841 4.973541531665642 54.32325687937577 168.5026337484591 0 -29.63102519758483 -110.8209278997002 64.1849788851159 19.53360274102651 95.29722736173917 30.98663523102388 59.48391198743641 0 -60.21391662189087 346.5136269458649 168.2900607617605 121.6415726089772 -41.37929972374835 13.34786078287546 224.1146801778954 0 205.2249966397158 -13.90208640398775 -182.6965240731529 -131.2911642379698 0 157.9818838812186 114.5773617414743 0 56.43447504342992 151.8353689644055 -80.05295826014353 99.75259653007151 34.7253226484294 167.0912681153521 139.177784111494 0 -17.60680363638603 -130.8753043291402 -52.92643461498881 -38.65988402690473 77.54104526380613 -74.31300160686716 153.4356392058537 0 -111.4959757876407 -13.64273462764348 3.780216896567358 101.2932279851598 18.18199357737181 -11.73732993240866 -46.68992489688497 0 -24.23164680389448 137.6479536867247 7.85834409497534 0 0 46.60822279513808 60.25783081602962 0 -4.631561205432817 -104.5327612695598 40.79564692341204 79.83051699111269 -1.412267853372629 1.542930252945837 121.7751475942522 0 57.41943587921601 -10.94861039451193 0 0.2439024761484205 -45.78919066520812 -5.812060701426653 -118.577300497228 0 0 57.95349878898233 97.48407142772001 0 -34.45420596334117 138.2374407698498 0 0 0 -134.4314037083046 -33.63619196362369 -65.44013159908144 0 -52.90202737572515 0 0 26.15266906890936 -24.28959295862489 0 0 46.27658830869832 0 -172.4713852737185 0 -68.47261099897834 -16.16694778697871 -65.82474698362061 0 0 0 0 0 -30.53124857635208 0 0 -88.63745398374724 0 -173.1135827840579 0 0 0 -13.95243061611945 0 0 0 0 0 0 0 0 -142.2392269521845 0 -40.06667925661996 0 0 0 0 0 0 0 0 0 0 0 0 -77.61719235892717 0 0 0 0 0 0 0 0 0 0 0 0 0 0 -15.04090896060942, -9.082480111363395 -85.84154769617226 -204.6410041034613 -147.8380313192965 -114.8263575147909 -446.9211945612592 -434.3110095779379 0 -196.5324955392474 -434.5554930549131 -240.9533549603666 -230.0504417977766 -106.8663637047743 -216.3937416328081 -395.0079336660096 0 31.95006321450512 -107.6102103623434 -5.81738507468441 -101.166312764709 27.03557720783742 42.26623618628895 -145.1175545560033 0 -5.350413380998745 95.59882251736039 208.2830389435913 43.75967317341341 0 -8.389688798708789 112.6193736615154 0 4.170697600671097 47.41394560991112 -75.10925055756111 85.97726003881399 10.05886350028644 112.7019803936702 136.7906857258208 0 -12.53883984417263 -153.6746244254576 -38.32135878115322 11.39020169168424 15.01393407563716 -36.16806889943535 -21.12757253066972 0 -41.64089061504362 177.538030161375 124.1213666239547 71.68204044738529 -82.0543150302413 -41.39558042068282 62.41022785509951 0 136.9780029452571 -116.9396941724803 -176.6482232346308 -176.6192537654298 0 -26.35677900912086 -146.3736227008605 0 52.28792337298568 89.92871731680439 -124.3394086129858 -19.80236200750105 -25.79077883059831 93.88728359672145 102.3195968688857 0 -99.41342745869915 -215.4639212835988 -227.3600693464198 -156.6460316275521 -3.408153802660735 -185.6470504317874 67.09755571268047 0 -98.36514042422377 -40.77921872515581 -45.52055880989523 75.3588790517462 -1.966279027467177 -142.5836651975809 -343.1006093304644 0 23.97213349556203 -163.6499431815436 39.30280564425523 0 0 10.07436025330433 39.83125499718752 0 0.5376422436517672 -43.96141743327989 -38.45769351380802 -38.89440499736591 -60.21917503279279 86.57974698154891 -44.42263795380777 0 -58.51254639833738 67.23009511907146 0 -1.780255066956116 -14.86977915180253 0.4234039504898988 161.3274943536005 0 0 -26.99912484943701 129.2356538392509 0 106.9483188053086 -14.42580729703768 0 0 0 3.358970119583189 -11.938642626045 110.3259176570885 0 122.1309012439252 0 0 5.054704303552098 112.0655017056038 0 0 12.6253834964453 0 -29.43263570776159 0 11.21863390477029 -3.033396285569397 119.1901761945846 0 0 0 0 0 20.56189060574363 0 0 -30.35209980478891 0 -27.23867535372703 0 0 0 30.77373638106445 0 0 0 0 0 0 0 0 -40.13117243824902 0 -5.570662673105563 0 0 0 0 0 0 0 0 0 0 0 0 -14.11903033358199 0 0 0 0 0 0 0 0 0 0 0 0 0 0 -0.6430273944083851, -12.38196094495606 -75.21696609010445 -147.4641318829549 -93.73583934896386 -80.68585041160952 -292.6358288956424 -260.1634478783296 0 -130.9330371521558 -279.5926480980633 -208.9767531646228 -183.8807209691515 -59.98702722663319 -206.3174560516672 -340.9311457583489 0 12.34471997479361 -123.1963916026646 -103.8071421380683 -158.6075350136476 -54.72848315386938 -86.21844421724369 -123.6482160233009 0 -35.8920198575367 -68.82526140290999 -8.379350199653445 55.79204517768592 0 -67.93625891916935 39.23370531258492 0 -78.37903988265224 -60.3641717937351 -138.9562376260029 -44.81451172749384 38.71321528625367 191.5323002711951 220.5153354374434 0 6.747281840851956 -147.4219929582508 -130.6291880676927 42.37998560341554 25.64700417443405 -69.03736024657013 -81.08499015538617 0 -24.99155036185343 197.8191660690822 340.1591080593138 222.3041258455055 -126.4248161845489 11.17901805856627 234.2397828841505 0 108.6274800097323 -48.81022443940818 -147.5298249290296 -127.2558303323775 0 -37.55962889864954 -186.5194649395476 0 80.47044111997117 170.6601141662273 -21.83541197145135 -70.4515883525122 54.39825718693805 188.2782466333555 78.82018502470105 0 -50.06955585169163 -179.5082997395681 -195.3256947724566 -154.6798763152341 -51.52311829535159 -222.0829243955433 54.24464721684129 0 -77.34979481175867 -64.23310979745847 -71.05009513173329 91.75067383840087 -13.17955291479134 -121.5168449640862 -417.5830747950353 0 -7.909261328193775 -247.4734994342904 75.59442532503581 0 0 31.9982133501788 -0.3017443202127339 0 5.401346131530136 -83.73707826033828 -23.09721831718825 -140.0528394270621 -50.89353874505584 83.56838242092752 -147.5345054367254 0 -75.24614862198936 97.80531388969507 0 -33.40368393337258 -11.99745450720896 18.57742581690517 186.6265240053639 0 0 -74.224152678265 43.32236916960481 0 140.5829343842298 -129.6123345151227 0 0 0 89.82091346418491 -20.08312643914713 187.340461053837 0 162.2703125757595 0 0 -15.90126404708135 130.3009577908989 0 0 -26.04389383184339 0 156.407654664369 0 71.64434698086031 -1.372322015407136 225.0617860226771 0 0 0 0 0 45.52763630059303 0 0 78.63320422206229 0 199.4991644575131 0 0 0 63.95528888808091 0 0 0 0 0 0 0 0 155.2469832033193 0 61.05633330610345 0 0 0 0 0 0 0 0 0 0 0 0 102.1527430800125 0 0 0 0 0 0 0 0 0 0 0 0 0 0 22.63987981854183, -1.824691892360406 -21.45991973791747 -56.93688357901337 -40.59320040289052 -38.92011778008441 -150.4261640877512 -124.259485697927 0 -74.40172754510489 -139.3901573257111 -156.2351285865432 -116.6151594697938 -10.02007174247596 -148.4723949330213 -174.0851562828499 0 -22.63499905637522 -106.6569885299369 -155.3327683445818 -103.4980691581115 -107.4215501131235 -126.3842986760449 -35.54192023755175 0 -20.1509016895901 -138.702291274104 -115.3638400738925 15.35835263088892 0 -113.4322238528527 -28.33135598573958 0 -92.04796425184918 -76.94906366583575 -196.5352959897837 -89.14929999847483 36.22242297551533 224.3463111827758 229.0229531014066 0 28.21295767856692 -104.1915411505695 -127.9296084350836 19.34401251319364 58.84575854713562 -83.63508803121007 -72.02585911264634 0 -18.60827191676614 206.7221475132309 443.9824444674637 324.8391067120241 -120.8930515091384 65.51953159721509 380.2196450745642 0 56.99768414372555 80.9493859928148 -114.0989412203429 -73.53992724995204 0 3.133383768110214 -213.1977908839412 0 85.90087692409183 152.4788033777673 58.91108127337469 -79.7765529855687 165.0208668428162 188.1751562860804 82.02285519022305 0 -0.7345966931687542 -148.7602252243471 -199.9051794664606 -162.5730391791371 -62.1537218675398 -148.4940999170076 1.477236284094879 0 -86.03654584701883 -108.9449188391048 -80.10066580955625 87.89916019418226 -73.47869251000891 -96.7179203613539 -324.1689600430466 0 -25.16036358247694 -224.7833358413035 49.03754949938359 0 0 12.39455433154462 2.3255636637357 0 6.606759837392843 -95.80174092420764 -17.28496650335238 -128.5339909581832 -49.38382875423646 15.71494725979504 -111.0820400894458 0 -41.16125395627715 87.85195216356277 0 -27.95179482884604 -12.09254894696236 27.76550179853169 90.33945107092751 0 0 -85.24363132149232 -36.37415403280156 0 89.89902792952451 -112.1368409794993 0 0 0 95.57564725817335 -20.079475337558 118.9996136569442 0 98.71366912734464 0 0 -22.97217209231873 47.83654446243092 0 0 -31.15453044177695 0 206.2763014416974 0 71.37358621810021 -4.776917782965409 141.7924896984278 0 0 0 0 0 25.22949272459498 0 0 130.9853041142642 0 253.5966112058881 0 0 0 39.58149609249054 0 0 0 0 0 0 0 0 248.3646965264674 0 76.59101847029298 0 0 0 0 0 0 0 0 0 0 0 0 158.5644057802293 0 0 0 0 0 0 0 0 0 0 0 0 0 0 34.22070465858837, 4.962287090827374 4.907858909242286 -27.70435100052298 -31.95659617429705 -24.34889058627267 -119.0187129905139 -104.3168261416249 0 -50.03467268479885 -76.26099567818875 -102.4030920092757 -54.95525127700707 19.31842888293203 -29.80319568846912 56.93974347850244 0 -33.35118387212611 17.45653912275702 -17.68699823959585 75.85667641626949 -1.834159374038371 76.45575788303836 86.59965991227159 0 60.36782719874877 52.54343914566142 146.4570806859292 15.47139736965746 0 31.68453549612781 56.85573535187151 0 33.88416481479987 102.7727320847259 -73.17429503539145 81.88055371398644 0.4119383206839942 80.720208893367 91.07272112385346 0 11.31142773897177 -7.679934327488652 52.09003618126444 -48.13616050219168 51.44832760255125 -61.22205571584483 -5.261705463545585 0 -36.00541364878723 68.10121575079177 112.7505358583428 156.3671656764406 -40.5611329793483 12.49818494065478 177.4082033746759 0 -18.96560103627882 51.79515525953281 -93.46864126738657 -120.7388667085548 0 17.51314799435227 -257.457842501647 0 28.83854657646857 -84.37466670934296 -67.62935655967604 -50.58385198798086 137.1309096920109 13.23744220241903 56.70229920775061 0 -7.724148671964002 -153.109784991384 -210.888024385903 -194.992953743035 -62.27086080346299 -57.40487841780431 -65.13600864018738 0 -92.27286312317003 -108.9352056817791 -58.75360811812983 86.94823695132868 -113.6517957046201 -83.38195624844842 -182.4525652467838 0 -17.75345999414134 -142.4975664435531 44.47811800390392 0 0 -24.25560068353092 40.28792620773066 0 22.46358780038761 -79.57295384470375 7.995441965799031 -14.46029425887138 -55.42128316722888 -33.84190856550769 -7.214282380854129 0 4.488846164264727 101.7314448810236 0 -0.5872903603755759 -26.55893683697279 44.26095157567526 -33.84461852425667 0 0 -52.37534462427874 -31.54678673096111 0 46.8376664765821 -8.869463720290319 0 0 0 -13.12156648793601 -6.272644111650813 -35.08791621471394 0 21.92662471556304 0 0 -12.36479231867022 -47.19092219684926 0 0 -5.74316983241839 0 39.72670488708141 0 11.10388991697719 -7.28851748146935 -40.78853345312083 0 0 0 0 0 -15.90082465475972 0 0 63.73259579918466 0 68.48932789045139 0 0 0 -16.01178999015947 0 0 0 0 0 0 0 0 138.4258959610703 0 24.25292248294422 0 0 0 0 0 0 0 0 0 0 0 0 98.57091011704973 0 0 0 0 0 0 0 0 0 0 0 0 0 0 23.34397527203988, -1.136326965811634 -26.08280025316168 -79.46350683567394 -60.65005831042183 -29.29008827791534 -135.3541281719617 -115.7320676698985 0 -27.70126095595969 -10.26048980546993 -23.65894630574201 16.53478420524381 44.77859593468708 102.3181529994186 282.4494876982945 0 -28.72096796594507 163.0097319819175 150.0310560594647 259.2599345496973 130.2121157533397 299.1392837761345 206.0675116157132 0 153.500919720212 283.9091659860229 430.0021010079478 -10.94383653147798 0 243.4892410101382 121.648890111885 0 194.4095574453576 352.9777059748446 150.4463788773662 307.2935101512331 -10.18045583544479 -144.2113805842076 -1.289100303586615 0 -75.08657547472467 100.710967417053 318.3961566754617 -38.17093867124106 51.65324686952906 -0.4799531902428882 42.56907831995687 0 -52.17130789198247 23.09498823892048 -207.2109081327937 -20.19929569580779 48.43228267602082 -84.20400256294811 -83.2329982400924 0 -25.62035091498601 -37.90606806205285 -136.0625298762888 -252.0589028881243 0 86.66468564788119 -114.2766807512801 0 -23.46264912459636 -291.7841028465207 -284.1134363444086 12.41753118826781 12.27778615136175 -152.8246936588149 -8.027097891425569 0 3.877219566553968 -152.9617950695426 -166.9405029260429 -181.5105883687032 -53.29448446098338 -18.17393720532688 -70.35943015946779 0 -92.46518160484798 -70.52856662964018 -19.48285422266695 119.9750556648352 -99.41327911412785 -84.67697470117554 -155.4645318938629 0 -14.75718584506104 -45.7198766897679 108.3680268428127 0 0 -18.43378832434935 122.9624379341634 0 49.07613881443012 -110.7906172886968 15.82552698021999 -40.58913693861084 -73.45358679567521 -23.92052260814918 17.87531762378157 0 41.15165529828928 152.6630115499611 0 41.45287499047902 -68.44662940045052 104.6738211487127 -150.5253091164428 0 0 -93.75323370962364 -93.33371203000718 0 79.53122261573215 4.965978185010641 0 0 0 -177.224428911464 28.50093938100287 -112.3241786808509 0 -11.07140793000091 0 0 -27.46062594270154 -82.77254004437026 0 0 -9.358677973021834 0 -179.1162403265926 0 -57.12043501144689 -6.332651543833802 -92.11849481585936 0 0 0 0 0 -24.04921664774299 0 0 -61.35384267462865 0 -137.7576339530986 0 0 0 -24.6833062734399 0 0 0 0 0 0 0 0 -72.4626683260048 0 -27.21223533991213 0 0 0 0 0 0 0 0 0 0 0 0 -26.53268035710519 0 0 0 0 0 0 0 0 0 0 0 0 0 0 -2.502791409190968


GFLOW: 0.6479999999999999 0.04896438956401349 0.04909333033867799 0.06433275186905052 0.06440637067151823 2.989151420962449 2.98913362585112 2.962393302856509 2.962316892458144 0.04414104850701685 0.03889953019613157 0.02385290650431143 0.01541481275929457
q-corrs 948.2979322740997 3640.018744677688 4599.183721608202 1899.874926747225 867.2809025178733 1979.020085819262 1033.720707697217 0 24.14272700276219 -190.3291893001448 -312.2385291532871 -355.7938714452276 -104.57580273335 -398.7953759609334 -671.5840434497699 0 -113.3501047789688 -608.2856474118792 -449.7801272116385 -180.1604602079972 -260.4654112117892 -378.053813503442 -111.9373077538781 0 -84.06239178462205 -176.1585588835874 -364.9311205993361 -230.0555838854247 0 -233.6113759586199 -194.503849576946 0 -13.84869778974141 -29.17487213541399 -174.6369493225481 -66.3731112794537 -59.47672714297504 -91.50147649890867 -33.9401551853321 0 -75.6157709942281 -216.1377654094805 -66.20902769765021 -0.8200014200312964 60.79206995257412 -98.01702452391507 -29.07421962769359 0 -57.07016932697464 195.4134068612045 -24.7048587670317 -3.280382945636983 -38.77263199348812 -70.67748525646402 110.6517285848329 0 48.07059163703099 16.78221156070999 -97.59306883779944 -109.4915461584031 0 130.1028927616617 86.00025342244395 0 28.53757887305805 -69.31457647872057 -55.60107866983468 121.5687393761905 63.9279164234639 129.5785904130608 -41.18059455642508 0 98.18096881932954 -19.0911680537781 189.6094548571624 67.97250345700127 -27.52178865945786 -18.42574124010089 39.5619015069914 0 -43.09638558326226 -49.87104763945875 37.09708258672126 12.82132428617837 22.26550288145996 286.6792227074138 297.7821354669061 0 -135.6187558373086 238.1069457548539 28.64401122884653 0 0 44.30592326971417 -119.6899235256821 0 13.15650313135287 -179.6255848544283 230.0306773025476 236.9782072968783 181.3956715553275 -66.81242215279046 146.7988066281274 0 112.483779293919 -43.36836800782449 0 -92.36559279255736 -61.29099897668922 -50.12054920524071 -425.3147001573516 0 0 253.7515019514876 88.50385543794553 0 -174.1663611004009 174.6185179715959 0 0 0 -188.0457551641869 -100.9705329386047 -243.5086722421951 0 -221.484776802633 0 0 66.39916388204338 -162.5681756297905 0 0 47.80217186239847 0 -140.9791187750495 0 -97.32752794945637 -30.25249054567094 -238.3026183226158 0 0 0 0 0 -73.8664306542837 0 0 -22.2698168269081 0 -114.7733787730952 0 0 0 -54.27036389982992 0 0 0 0 0 0 0 0 -20.48840420086397 0 -15.56283844814128 0 0 0 0 0 0 0 0 0 0 0 0 -5.038660090899846 0 0 0 0 0 0 0 0 0 0 0 0 0 0 -1.28049002389702, 611.7643816798068 2325.401630435239 2889.678062035731 1160.07346595372 512.4386950057544 1070.697827007096 453.0776466912655 0 -81.09090343698759 -343.5821838443449 -337.6344479780801 -357.8697786754625 -117.3701150844968 -363.9920657170242 -621.5026807611503 0 -88.77333966176067 -523.341818355251 -354.4898882806835 -145.5277024418374 -197.8326572335127 -275.8719038360898 -116.0076690594441 0 -55.63301434684672 -98.64070343526912 -214.8074044924395 -186.519714771261 0 -162.4482388836652 -111.6988175744592 0 9.683032804295852 43.87601968591694 -134.5156874407408 15.11403120147961 -23.08664069302726 -31.16660832410006 65.27637365521244 0 -44.48059153718602 -124.7951878482944 2.238054902423826 16.11999246813992 82.58509343852558 -20.55468980073501 15.4962102592504 0 -52.20967909819258 257.0158411690384 82.88361907266309 72.69405249338416 -32.43988451833788 -10.72619723586129 195.8104420225461 0 108.0113522782117 30.07304084608248 -105.4436915120384 -84.50970167264148 0 159.3265542201065 139.9586703714935 0 38.34908956463665 33.90746815106665 -40.13474079674428 122.6556941111473 64.10054182396514 159.7433085388033 18.98139785729456 0 75.06466333993603 -26.2414615808479 141.7725811993575 47.2086546168998 16.95096290497386 -25.2382518388442 86.94458601820772 0 -58.1409260726152 -33.43117795975642 34.02096305028644 42.79157479020247 27.08935945176628 194.6996563581422 200.1170153350934 0 -106.019913130763 231.0338351988428 3.229003730394993 0 0 51.03257199988087 -58.12479333235481 0 5.885695669037659 -161.317024117969 167.9108861939438 165.9412108856187 120.87839150879 -62.29483871855281 139.1675508919873 0 102.8058922693621 -46.48880087667717 0 -58.32616922646683 -57.53204777285968 -32.06488969836474 -349.6387808348654 0 0 183.0570829543835 63.56568199957403 0 -139.628784343931 157.7287512494605 0 0 0 -172.6344518167564 -73.2807712540237 -192.0383780138356 0 -180.8239778900948 0 0 50.39406554962355 -124.1169752909018 0 0 43.60597288222479 0 -145.7893517080645 0 -88.41163108872416 -23.89926936452943 -187.1456840274961 0 0 0 0 0 -58.65379402443573 0 0 -39.07141966890926 0 -127.1990815339596 0 0 0 -42.11281192985149 0 0 0 0 0 0 0 0 -52.30939529669544 0 -22.07800585799518 0 0 0 0 0 0 0 0 0 0 0 0 -24.44682008564572 0 0 0 0 0 0 0 0 0 0 0 0 0 0 -4.922740924825684, 154.4736230597206 548.1036087832758 599.9918976635375 184.3112290133028 50.73776634345705 -70.65408172576774 -239.0402090953656 0 -181.7574186295016 -451.6655535144466 -292.6519502703034 -292.1496783215055 -117.6493627327506 -266.4227779281228 -478.2362116524604 0 -28.70287923411925 -307.3678263045245 -153.7004796472477 -96.33335073410318 -68.69935712546635 -88.74719654386476 -126.0491580380301 0 -21.80721254529433 30.10327869520883 39.589032053913 -72.90094747178944 0 -63.45412570852326 31.93158122889848 0 30.56639830543878 97.23926710554191 -81.48467842651844 98.91113551931909 7.433570367470985 62.73725812432805 142.914459465351 0 -0.5224281870779848 -48.29822805205541 47.23587781399686 13.31600355015167 73.11076678083492 27.1415267410651 40.10548160513788 0 -44.00990849653026 246.196435823602 141.7668908382916 115.6742132629863 -35.69932353033817 16.79943909205119 180.4259886026271 0 139.0969225418876 -11.28441372415734 -123.7623823135078 -98.78759441017472 0 104.3179577660817 73.7626354379008 0 43.51912404831655 103.3870903082419 -67.98066768157646 73.69915196445143 27.52478587748425 119.3858002911476 83.47191630910083 0 -7.272190646733472 -89.09024280160895 -30.47582299988296 -43.58475490321318 46.30955636662694 -63.38873487256002 97.62859180533937 0 -80.47249059221018 -24.96376727834829 8.31190248252698 68.23486979798277 12.7806979847068 6.465031096287412 -31.61072333641299 0 -32.19146841561693 97.34957937104632 -15.21033261721889 0 0 31.2817135615512 28.87970190536087 0 -0.105539329761779 -89.80264013426182 49.05532214057841 56.96618248440612 10.08866318838173 -14.61460013581371 83.79220883166158 0 44.124158414022 -12.75325586201173 0 -4.370117206104311 -36.03999599086039 -5.202355984444445 -121.7499129169785 0 0 62.15112372329384 67.35375606914548 0 -36.22596812902066 98.13846660652608 0 0 0 -104.7498268674938 -23.12284996040369 -68.04933812613878 0 -56.71555233960591 0 0 24.31229552734145 -24.45105455643511 0 0 32.39274664471741 0 -126.9424511196314 0 -53.52547968007578 -10.05278954516258 -71.72549801358494 0 0 0 0 0 -24.63987984931842 0 0 -57.24348527242891 0 -129.4965000281227 0 0 0 -18.13907999996041 0 0 0 0 0 0 0 0 -89.21504258672431 0 -31.19430964829841 0 0 0 0 0 0 0 0 0 0 0 0 -46.21461786593551 0 0 0 0 0 0 0 0 0 0 0 0 0 0 -8.255878125788795, 0.6087522183738798 -36.80980159484868 -123.4998152765071 -102.2774245388151 -81.83890577619695 -341.1507448995011 -344.1057802051093 0 -162.5430300446956 -364.795983836614 -212.4792456695671 -205.761493574509 -89.86994912110345 -192.0120479476475 -358.4575657371863 0 10.67453088824828 -147.0429111592988 -49.13393316552089 -101.8904511095871 -5.144334426070792 -16.11578341689055 -127.9040341591427 0 -23.77566736588264 43.50144193068186 104.6917051472528 27.78297014847359 0 -35.93083929958141 87.97481273618101 0 -2.192219313055347 26.96472902212616 -73.04388036845192 50.66196668243943 7.445059474423864 115.6605975856373 120.0981523692549 0 14.82311827307726 -82.92677301573075 -32.94098429574523 -0.6406626564633697 21.09113261703624 -33.70184935482758 -20.23845560226849 0 -32.16656035646495 130.6636936358403 123.1088622940296 90.24150066965943 -66.95258538600166 -29.4067002279947 65.19848004899505 0 77.60163253017112 -81.65205829988071 -124.6094128196765 -143.6180992522578 0 -31.79572142772348 -133.9587507218973 0 44.85724032029357 65.75324563718704 -101.4451287610333 -19.54871346319619 -6.93919499931873 44.88843444095542 63.4580240541123 0 -75.01018506600613 -155.3864831713873 -189.3821122163071 -133.8553889545703 -2.355589029118597 -138.8250507575823 35.32041709449736 0 -75.92611916805618 -49.36632958361641 -35.40271295793377 54.29297316052157 -16.47656733987867 -108.0538716975469 -242.1891603859127 0 11.78838231823951 -121.0005811784515 8.18365750386937 0 0 1.178226494241056 39.49824855577158 0 -1.391222641657627 -29.55825520017344 -27.32221706268474 -32.80425633532451 -48.14192239601619 46.8649429764445 -26.30546979976641 0 -34.7732720102672 44.68033659161483 0 10.29503909436471 -8.664353701750525 10.07221086983538 104.0139031142071 0 0 -21.92765144357208 78.92656788497193 0 73.32298029390175 -9.344844915978577 0 0 0 6.479532479286775 5.590559306479406 71.06594591282122 0 79.57313622098705 0 0 2.32316634959956 75.78559271797573 0 0 6.862828986157744 0 -12.77136808161582 0 9.512626442026722 1.483009878035151 75.08598733875363 0 0 0 0 0 14.74698524094168 0 0 -14.88726279677696 0 -12.1525751089967 0 0 0 18.14318534725127 0 0 0 0 0 0 0 0 -17.38084848830112 0 -2.747368710367505 0 0 0 0 0 0 0 0 0 0 0 0 -3.585640538377296 0 0 0 0 0 0 0 0 0 0 0 0 0 0 0.8774288625713478, -9.63590839414033 -61.01041705837425 -122.6471884463204 -79.30582034703714 -65.18484414050607 -242.4345635894568 -220.9247946212852 0 -108.5589801740236 -236.5404135631662 -171.3633341077577 -155.113885386708 -52.22141846193915 -163.5043563513962 -282.5180569616066 0 3.10029215902766 -125.4870139862321 -89.67902916867814 -123.3450756891167 -46.67511101464314 -80.02866380983191 -106.3231348966887 0 -38.9070257412646 -48.08965571602253 -14.69818983144333 42.5980630171241 0 -73.30520277214933 43.70735817475493 0 -53.04529245328878 -48.36099044473418 -112.0189630185313 -39.02903718295805 23.43306823645566 174.6722246773883 164.5306211309051 0 32.814144745169 -75.20651453089404 -107.1237658429937 16.72998210239359 23.98797661723272 -62.1882126221372 -58.0646815321937 0 -17.83327524431418 136.074214603659 273.6003327527222 184.3187331820681 -96.54064092530916 7.994524346239729 180.5164988369098 0 50.75743425425154 -29.31881215823435 -96.48661798973311 -99.24650809567983 0 -49.62706749068752 -188.7052498787576 0 64.1609734579564 116.5432070500824 -20.10830528606627 -58.35718941837737 55.83460961276216 105.438440186176 53.04653854405939 0 -53.32423830654694 -141.4929718670442 -181.9991242182973 -141.5976684134212 -37.69309068724553 -151.794983815701 16.54305444953256 0 -61.67839191779947 -61.20910286127748 -55.78191589280474 61.04027726023753 -29.54830198946179 -118.7161159621457 -312.1157008748932 0 0.5762979333193989 -202.4595547531371 36.84015848365331 0 0 7.631469178229015 14.55849020972268 0 1.927065159720144 -39.73756622525024 -39.81864563994843 -110.6350730981244 -55.06496050029448 42.19664078519269 -105.5047314170117 0 -58.79541831334867 71.50363234457564 0 -10.45366622291607 -1.147934454366073 18.96481583575616 153.1993471987876 0 0 -72.56266695548042 10.27135280499707 0 104.8703057342984 -100.0887206174072 0 0 0 81.33658354801537 -3.264948176069829 137.7559994961199 0 124.6486100967303 0 0 -16.91234018652549 87.83228163245813 0 0 -22.73633170754314 0 128.3904359963955 0 59.2778353478603 0.7989460712438525 162.7939957921799 0 0 0 0 0 32.75635920451371 0 0 62.61697817430158 0 157.9403537376118 0 0 0 45.03183730310543 0 0 0 0 0 0 0 0 119.4558604172917 0 47.0685505069678 0 0 0 0 0 0 0 0 0 0 0 0 76.50266827842627 0 0 0 0 0 0 0 0 0 0 0 0 0 0 16.5562829557114, -1.998486994967919 -20.00531383448752 -49.07998984849528 -34.11512122554306 -32.70445964061245 -123.3627159256334 -105.0008390670826 0 -57.84652203010708 -117.1918192638837 -122.8285278260108 -96.88943202983101 -13.15970491019095 -108.2088340000161 -143.6296749632648 0 -16.43756616913319 -92.60659849727631 -104.395471153406 -73.13054523103243 -68.49729229725301 -86.6347466965118 -40.57547650855682 0 -21.3825277115319 -74.46487907610019 -54.13803389325042 22.89022675247128 0 -75.50184243223134 12.1924140707791 0 -52.43792380573019 -41.90439311322725 -124.4581268411725 -50.05430623373307 27.98978277373215 186.5607490526671 179.5301175100728 0 50.44368186053877 -18.155379625208 -90.95264774133769 12.85125644384367 46.71037630475045 -49.212327440909 -39.37312849214022 0 -9.756425342966462 145.9024091600097 349.110883173765 244.6627357615413 -88.12791187534248 53.87663618515037 288.9871162918618 0 26.53470106369526 64.70260158268331 -67.98212051765786 -45.74125758514863 0 -12.09625981561048 -196.5246133314897 0 65.23127923283971 101.881855127709 36.30939869868162 -59.63139575866474 133.0874192081634 113.9614318310751 65.76336630390486 0 -20.85427637030469 -120.1715762236771 -174.1473637102926 -148.364819588929 -45.50524191387943 -88.10953317627339 -16.57687610052475 0 -68.24166584918814 -83.2265660305041 -58.75992575717147 62.11273025383569 -64.22400332394574 -104.2392395829664 -257.6548476245104 0 -7.052037586428082 -195.5753501050973 23.27124854843643 0 0 -4.252892089425636 7.751930031646779 0 5.128344090370785 -49.21910720939898 -34.34865648730643 -109.2411158735572 -53.41951296320191 -5.135365819616815 -92.38056715518658 0 -41.51920347656208 67.63537477702398 0 -19.13343687103527 -3.219153595955369 20.75811889864953 87.0154385378072 0 0 -79.34822989019372 -51.64773506702254 0 71.29790205933375 -97.32821574951484 0 0 0 80.7951762037585 -16.00159003405327 92.04075189275632 0 83.99761917016551 0 0 -21.46268271247504 26.26303413131565 0 0 -27.52203134778704 0 158.4540374703805 0 58.9633924129344 -4.891209200565896 110.4531635197878 0 0 0 0 0 17.18411616946931 0 0 95.83831642275658 0 194.912746099597 0 0 0 30.2921779495666 0 0 0 0 0 0 0 0 179.979789426825 0 58.60795737443929 0 0 0 0 0 0 0 0 0 0 0 0 113.5385015320515 0 0 0 0 0 0 0 0 0 0 0 0 0 0 24.16079642890577, 1.630770625332957 -5.554918210333508 -32.04008326599897 -28.29012132516773 -23.04543434958942 -96.62168651752953 -83.1123670645174 0 -35.64830291015708 -62.55389438425444 -81.29088338260959 -47.48936612045701 10.67296481906634 -19.97276253223671 32.19757875871341 0 -24.32766803067177 2.864105745260773 -8.211299266673414 57.50481782520476 4.43061186429729 57.93628694905577 57.44592751062975 0 44.13687453543413 52.41312127478591 120.4866071203689 14.63222638923818 0 49.83839726425201 59.46996182711761 0 33.7226831743873 91.76987371747306 -20.09123692752586 75.89462637605899 11.55693671472262 62.79907737432319 92.81893007774912 0 23.56117312769265 44.66025374940416 48.06697925148633 -16.73434999045609 40.02247991207511 -16.32523701393262 4.856730568070713 0 -17.43117317054496 58.33322840842177 122.5103860412762 119.5759795481944 -31.63840997454456 9.065969724921047 135.8733111651785 0 -14.61721353287503 46.95257090636321 -66.06430534556458 -83.6589668276368 0 6.577747778558365 -201.0721636836235 0 23.88767830302704 -64.43632447359664 -58.965351230414 -39.86202757869651 101.8760023018459 -15.03333416034106 52.50414683241547 0 -21.50506921515901 -118.9027352474519 -183.7647923839423 -159.2832201208011 -40.15124176566757 -22.82520463703226 -53.04736325477585 0 -75.27170574045105 -81.24327948956434 -43.70497911899427 66.56915787646142 -87.58853899909104 -82.47240194681419 -149.3263750214665 0 1.893830632193669 -123.3296654383728 24.79493435481254 0 0 -22.12907812638665 41.69600360232542 0 16.16903008221995 -47.26873930299906 -3.91944316813105 -30.81489202076633 -48.93250157753724 -22.49125948612873 -16.11834938648602 0 -1.55087448919909 74.81535556909097 0 0.5614869450876583 -18.64120198004773 37.32581268417476 -18.7775260701179 0 0 -48.19616954007918 -41.99022403050775 0 39.86134908978862 -17.8773694036617 0 0 0 -11.79133537409911 -5.6079182041293 -22.67548841705197 0 17.14470397338538 0 0 -11.81370854308888 -38.07148155204665 0 0 -7.280220572867295 0 25.58159234603309 0 7.461666626910834 -6.421744109201338 -25.05600111192039 0 0 0 0 0 -12.069036813844 0 0 42.65935758808108 0 48.76399980591987 0 0 0 -10.24246004638118 0 0 0 0 0 0 0 0 93.6395658846258 0 17.8734531404375 0 0 0 0 0 0 0 0 0 0 0 0 66.58910669345546 0 0 0 0 0 0 0 0 0 0 0 0 0 0 15.64801722427418, -3.499090644839555 -30.39297551290954 -71.65787937387302 -48.84396108372295 -28.23241512152501 -108.0003431434285 -84.75954339603008 0 -16.01986106524181 -5.840229056964802 -26.59302422318743 10.63540241490524 34.69014813117538 80.63414102768346 219.8302323511584 0 -22.11540812477716 126.607186878407 115.3055943209409 198.8383775679269 97.48012167333533 226.5966095038621 163.13488290471 0 122.5125493464241 207.5638134721561 321.2792832770459 -4.777655387400856 0 215.5962978886452 92.50037232373002 0 140.3445459108079 264.0425863322289 133.9630779955739 228.8137842234354 5.364365669353194 -112.1304895583396 10.57303360282189 0 -51.67386979141921 83.57598927784881 232.5956517329838 -17.97527961307043 29.77823923266269 13.94384900603318 26.83987410152054 0 -31.29081754537171 2.838882769093573 -153.3960357987736 -29.72571197585205 28.67837500638735 -81.17422426117449 -98.40178414953408 0 -31.48119173632735 -34.86638991731763 -107.264716957857 -196.6032668177673 0 27.21720229958619 -111.5917991616813 0 -18.15326439453716 -236.650996402009 -225.8421566925888 -2.322478179083884 -10.01856007893682 -151.1178122733579 -5.562672469495254 0 -17.17548718877521 -122.2335146273173 -170.7318511795843 -143.7895091870135 -32.64452912898826 -12.09570639517779 -53.98218612177534 0 -75.62791985777775 -62.64608501144777 -17.05514819830746 85.26655075316857 -75.84032904181304 -71.42895749081458 -112.1184435391554 0 4.219853239627586 -32.97266397997836 60.55476664138543 0 0 -13.21481259090248 109.4992187632774 0 31.79017952489216 -72.10932780434686 13.12196675508304 -33.82127603964563 -52.91543648347476 0.283621197781045 20.74127286008091 0 35.22667388863377 101.3387810013763 0 39.24002039211167 -48.87477168926038 84.03685601484399 -114.9621916146522 0 0 -64.73512626751256 -62.13695620395852 0 57.1278269709825 13.36092439866028 0 0 0 -136.3903159575103 26.88183858998756 -90.77601329217936 0 -23.04905986476509 0 0 -18.60771989357049 -57.19506300211205 0 0 -3.620705747429704 0 -144.1437325003629 0 -50.69964289738577 -3.694416076868242 -85.40688423753815 0 0 0 0 0 -18.99513287147516 0 0 -49.05452131983257 0 -122.2938002514981 0 0 0 -24.64126067115003 0 0 0 0 0 0 0 0 -62.06656900904952 0 -27.2225520626663 0 0 0 0 0 0 0 0 0 0 0 0 -25.22681086071358 0 0 0 0 0 0 0 0 0 0 0 0 0 0 -3.018771868335636


GFLOW: 0.72 0.04115276468604432 0.04130218205958434 0.05294432493865071 0.05303557810447712 2.991170138561254 2.991151267125841 2.968891478328802 2.968804978433818 0.03579635963711614 0.03301657114205225 0.01709309961319969 0.01173230681851689
q-corrs 659.2865798476388 2643.209211637246 3497.371802258998 1520.23127985353 731.9516292503175 1801.426185205349 1051.443598915378 0 106.1677366736837 12.0855467876942 -157.1659274661127 -219.3924789870956 -68.35290252745514 -283.437959645724 -509.5953926468931 0 -90.65077862243598 -508.8137719151468 -381.2296860573426 -162.168814618327 -226.3246554614327 -348.0112958819653 -104.1322267811579 0 -87.54742034865401 -160.580916749292 -332.5136594574923 -188.0464313093323 0 -207.2800740555194 -177.9518382798295 0 -18.07096713362313 -37.69117058030991 -130.8669637356898 -67.83258661138235 -31.83806289019405 -52.59096901520687 -8.93743075560748 0 -54.00293668356034 -138.0767336703846 -45.00104135937084 12.83845087562929 48.63685049632905 -56.18198597378086 -20.93653558777892 0 -32.97783546594493 162.9523079020816 36.05171103504929 28.51194013335642 -33.23962040806344 -30.5872825119754 131.3313276870733 0 55.15751346036306 40.92189747910083 -63.06696266245966 -47.98780378413715 0 114.3127253709677 120.7380263549215 0 23.61595699403508 -12.65552700486846 -9.964848977748684 104.3862392920384 51.54878363812104 135.7165073581046 -23.30886637463676 0 89.79122079837748 12.69074798742304 182.4930257688866 74.53800252521583 -8.095759228248612 -1.111251357852197 47.46619123442969 0 -25.34818711005405 -24.13508963229852 39.88301986177621 7.324198698451319 33.29206764342054 228.1889830699017 245.8880290616232 0 -105.6889282359132 214.7340882874472 13.29695278979641 0 0 41.82740404236692 -98.7607247821127 0 11.4057383030446 -146.9437638290439 184.8964665423005 186.6771247624846 143.8859299340108 -54.88084599790059 119.5285167229772 0 91.21927308082047 -43.54500748618055 0 -74.39192794097335 -52.20599804598388 -45.38759202999711 -350.6903687710303 0 0 209.1315531026928 75.11142308293481 0 -146.8323838195688 143.4478663825245 0 0 0 -159.7643422059098 -81.66383728914528 -205.7553740795634 0 -184.3321610273375 0 0 56.91298735841749 -130.1798987953781 0 0 40.27743833278213 0 -128.6656618132751 0 -82.09338536147538 -23.89151986637919 -208.2505150569786 0 0 0 0 0 -61.29567385591939 0 0 -22.28030927193013 0 -113.6242036701562 0 0 0 -50.65652416686745 0 0 0 0 0 0 0 0 -23.34802282747863 0 -20.96656036796381 0 0 0 0 0 0 0 0 0 0 0 0 -6.763038931215201 0 0 0 0 0 0 0 0 0 0 0 0 0 0 -0.8895293189177167, 443.8690403443125 1765.176766282455 2305.01942069789 980.8153033463095 461.213183281984 1072.90276134642 561.2852700613133 0 3.17889668750086 -150.5180704589312 -207.9195145681638 -244.9055072757236 -82.688215912684 -272.5761889197032 -491.6267279212744 0 -73.43574332033077 -447.0004606859434 -310.7401643808801 -138.9235247710104 -176.912450698852 -267.6885815145267 -106.7066050547004 0 -66.10706657211173 -102.3721128740763 -216.8305081949885 -148.3835322027994 0 -150.2163842931526 -105.0516910916783 0 -1.092000971188824 14.21507197558866 -101.7670270133584 -6.772992084368244 -10.19218724684924 -8.437242352089777 58.97638596118387 0 -26.42927522047957 -71.98221204830148 1.044325517614521 19.28386054371618 62.97887614073463 -5.965877665118672 11.47072048446522 0 -32.65329368892455 197.4357067067777 95.53339366958139 76.68793683722078 -27.33499537938024 8.193572365089722 178.0882379380365 0 88.46530044003097 39.30112109529929 -68.04634807711422 -40.15312255489359 0 123.8449591982871 136.3094523261973 0 29.82959615548872 44.79192531475958 -11.26897391624163 100.4081086842597 49.81275545577603 144.6733218899308 12.16739872807733 0 67.88294102333094 -1.579695702775055 136.5222612965773 45.58358023113679 15.43041852787248 -12.44823149112664 69.36489248655879 0 -37.74915416092092 -19.52457818133262 35.25098325672303 26.9682302046797 31.63455969261581 158.667242150237 163.2307947246895 0 -85.80808061167345 191.06284488801 -6.974376621230963 0 0 41.53712329936211 -57.92629202869905 0 7.446437736449359 -131.478173221219 139.4021033116327 131.5166528806681 99.48814406057311 -54.75228700878016 106.514962986973 0 78.97968565054674 -41.30740211924932 0 -51.25466702461974 -47.46719000988015 -31.71176448299727 -290.3848033186599 0 0 156.075476977265 53.05711541253491 0 -118.0897761494397 123.890898898193 0 0 0 -142.3503066057921 -61.40341139870415 -165.371587765251 0 -151.1728613441379 0 0 44.16618033109228 -102.0247022559132 0 0 35.11288881301312 0 -123.7411367971391 0 -72.69990752616557 -18.94456294705513 -167.5447460744235 0 0 0 0 0 -49.23793404877974 0 0 -30.03700524000439 0 -113.5664803494121 0 0 0 -40.86315510757888 0 0 0 0 0 0 0 0 -38.84425698580986 0 -23.03346934430039 0 0 0 0 0 0 0 0 0 0 0 0 -16.41156314737336 0 0 0 0 0 0 0 0 0 0 0 0 0 0 -2.67986464234443, 129.3915183968862 488.0831969319624 582.2747612922136 209.7165854534206 78.09282984690974 64.89607705164421 -95.60872696689668 0 -120.594067663035 -323.356889808479 -228.2025988326955 -235.1919046282407 -92.26595057706747 -222.4744861422707 -412.5351415873873 0 -31.12017162348421 -289.7236831386037 -160.56321230471 -103.0224691378376 -76.93704220557257 -118.7118939529029 -113.5137710217494 0 -37.87761364295666 -5.69462339744422 -20.87982668711525 -57.5270707748609 0 -71.43620085828839 17.62821260017673 0 14.76306022149783 56.24639375753863 -67.19029044623015 58.77655102704349 6.864132658532363 63.17159989303762 115.4726887907904 0 12.66251616012039 -16.56190047205266 30.17069863981973 8.828610366719612 56.67762139772768 20.06551079323307 28.02957972172135 0 -31.97557786775752 179.9079738037605 121.1437257031635 105.3284388098562 -29.57335465846218 20.28213177916462 150.1730846253155 0 94.96433498579378 -6.468982657785968 -83.10771576802665 -70.3039592568924 0 69.06084817690189 52.59484191686575 0 34.28400566684665 76.02579373657572 -51.97455085071068 55.48070654706606 22.51125431884397 91.50717566244303 48.92031762604293 0 0.6919490515516724 -58.35205788972973 -14.08386381558622 -38.70588277649837 28.85535878919373 -53.21619922562811 63.38184818716453 0 -57.58048190210193 -27.52409411720465 10.05930586272356 44.5848342955127 9.456378066731215 15.81167758762282 -18.25726375999339 0 -33.75203486535375 72.6150826505943 -25.13821451111082 0 0 21.42953553877012 9.780253161815271 0 1.783762591693186 -75.11853603262696 47.73455198253036 42.67776072295231 15.0672457530044 -23.56009557671037 60.16388184494004 0 34.0383488666023 -13.44664800563525 0 -7.396629623652512 -28.4310773806878 -5.853146784784531 -115.1490165771394 0 0 58.3394703176946 45.16519001263445 0 -36.32817148185896 72.27380549250373 0 0 0 -82.16735006378475 -17.80636900242461 -66.35920754991372 0 -55.32980589973592 0 0 21.16146709709061 -26.16105157244774 0 0 23.58375543406439 0 -94.2844832986852 0 -42.0689431906731 -6.840900055973114 -71.75377155811228 0 0 0 0 0 -20.91443775526419 0 0 -36.77425574459373 0 -96.9940354862353 0 0 0 -19.40617827227129 0 0 0 0 0 0 0 0 -55.18983378188589 0 -23.96323907309329 0 0 0 0 0 0 0 0 0 0 0 0 -26.79457874923458 0 0 0 0 0 0 0 0 0 0 0 0 0 0 -4.287007912591172, 6.17487593656336 -4.465951367306729 -63.93695727487778 -66.32614850544141 -56.62987517983523 -254.0040495974862 -267.5420805871098 0 -132.2589602028159 -303.8285311361861 -185.1590280383355 -181.7892876674874 -76.34297261423706 -169.6888005676339 -322.7432409775032 0 -1.233102739820318 -164.7709469396684 -73.59563415323505 -99.23442586179075 -25.12342164052538 -52.9431738354852 -114.5656608769419 0 -35.73048150878334 11.57554108387804 37.90541490724723 14.73781215740716 0 -55.9119403514936 63.9036074389888 0 -6.322340010222653 8.58815485560693 -69.9938289140576 25.93723915548643 3.136140106640511 108.8960612267996 98.17915480045173 0 27.81060865382893 -44.61698038088937 -31.58355418116302 -8.307810957041568 21.36181505818777 -32.6904663922037 -16.07542422770762 0 -25.84958301259118 96.43715459989815 108.8931556970713 91.18745088778938 -53.59867798286574 -17.43972395320132 63.05534576484342 0 40.6318326447475 -59.66459681860994 -86.19305265532311 -112.8593672304702 0 -36.75941407806921 -118.6360932571679 0 37.54769787322888 46.54525294846872 -82.01668086113229 -18.00213922190388 2.154307161029806 20.80679245146136 37.02898007571647 0 -56.25938250092638 -113.3397173450308 -154.5107929717166 -113.4948713758075 -3.080839514242582 -106.0056692976645 14.3750197601674 0 -58.30209950877974 -49.6507975686474 -27.03089492843835 37.1461036588419 -22.07513430702965 -83.12646840829925 -176.2474122144655 0 5.209901310918106 -92.33063395146687 -8.238156900258801 0 0 -4.27475338116056 33.72932194789266 0 -1.504093090299364 -20.00227065556808 -21.39472725698436 -28.21448126555609 -38.21118150685081 23.09256347664629 -16.47929557896252 0 -21.93892930674792 30.58740381315927 0 13.64162474886995 -4.699124122161315 12.59983812011715 68.57653328708295 0 0 -19.02924192194852 46.50885798730182 0 50.63709342634881 -6.4234057659611 0 0 0 8.69731505272247 11.92849712685809 45.86261922992943 0 52.91541061991086 0 0 0.3361502068730218 50.27704736978158 0 0 3.759567542263218 0 -2.090400255588895 0 8.50033696315835 3.159716542382341 47.1595981532256 0 0 0 0 0 10.31537499662173 0 0 -5.361800772897965 0 -2.281696462942502 0 0 0 10.56829028443371 0 0 0 0 0 0 0 0 -3.803279824860548 0 -0.7012326765043682 0 0 0 0 0 0 0 0 0 0 0 0 2.306129298824288 0 0 0 0 0 0 0 0 0 0 0 0 0 0 1.604272672982705, -7.41382734796295 -48.69757549642634 -100.5347804904952 -66.49108165260247 -52.83365195399209 -201.4745577591782 -188.4079235629035 0 -91.25241338113035 -203.4558155427647 -143.8969642336639 -133.4709800870068 -46.75862703957178 -134.2247559930001 -241.9978346108084 0 -2.078073930463672 -125.2513033379319 -80.02576673848698 -100.7923557741615 -40.94679901024342 -76.10018481492807 -94.9056620478099 0 -40.9989951312397 -35.16446331671783 -19.54161812638002 31.2228520734957 0 -74.54023207746064 42.1027187306678 0 -36.81202976117615 -40.76220498055408 -91.50237521759985 -31.45625705459934 12.75609768227799 153.6762382967136 124.1180325353591 0 45.01882942839827 -32.96206547121602 -86.82739212483669 1.102513120313731 21.69022373680177 -54.07099493271269 -38.35288366324643 0 -14.17013015944104 95.26691307121646 214.2064671775196 150.8568210077133 -73.41841578071433 9.038730910818316 140.4503403612183 0 16.67759831724659 -19.10881498097271 -62.12220830277909 -76.07521732668567 0 -56.86521612490217 -175.6717503414204 0 50.98730525999892 76.50382331577956 -20.02054391743669 -47.78147899855891 50.94048554169218 57.43836334247926 34.4074617670628 0 -50.296022606028 -113.1852886670033 -162.2990290397326 -129.0403513398064 -30.08718320722798 -103.739248634987 -7.381944655727374 0 -49.31929822951771 -55.24694810486218 -43.21690868533783 39.91452262644612 -35.27734475064224 -109.814045369652 -240.7060431058372 0 6.598072417378411 -168.6460740115025 14.06125914968825 0 0 -6.612299927667689 19.46684464194833 0 0.8000842922936648 -13.88841574545422 -46.22570837172637 -88.71788847057961 -53.5648830546973 19.46168558537668 -78.19842504304279 0 -47.56364538130505 53.8194638575712 0 0.2888246945458341 4.55225867560411 17.2855927318906 127.9356965190304 0 0 -67.56122000914397 -7.161315477677572 0 79.82306227314754 -77.92533183943186 0 0 0 71.68349975428941 4.323756620775267 103.6384484355659 0 97.57524089550327 0 0 -16.46912222272728 60.00971174617237 0 0 -18.97852345217905 0 104.5890106850725 0 48.88831561739219 1.747342929887965 120.0322814306001 0 0 0 0 0 24.00177777390883 0 0 49.6261033363065 0 124.5978954398047 0 0 0 32.36136435836404 0 0 0 0 0 0 0 0 92.03931672988982 0 36.13574494649139 0 0 0 0 0 0 0 0 0 0 0 0 57.61629814774173 0 0 0 0 0 0 0 0 0 0 0 0 0 0 12.24302882862872, -2.273896504629981 -19.3111672473872 -44.51612977937965 -30.45488094215291 -27.83266746571517 -104.6570799671654 -92.05554036656935 0 -47.396047477721 -101.9211173789923 -98.05067795734423 -80.91665763606767 -15.47026174913738 -81.59725756735492 -121.4646462380438 0 -12.04646716977151 -81.13980202045389 -71.45450490377704 -54.20127548851275 -43.09926708772303 -59.82562259454055 -42.02448765312884 0 -20.92124651524176 -37.14695815483601 -19.2740271902489 24.64651591094534 0 -50.47853238020674 32.71751963229147 0 -29.63311764459463 -21.40809321627498 -78.52717246961467 -23.33874565608805 21.69912953954167 154.7205642100299 142.8798323452171 0 58.41602295337577 26.66597497716324 -64.29893763042736 7.239679094046572 38.20518900770985 -28.36311605826769 -17.0518636643208 0 -4.997252592807073 105.8023962731565 272.4882665056757 186.5083846251098 -64.51570193054668 45.26342752084169 219.9450478038003 0 7.806557990042212 52.11369128173169 -39.73692201850097 -27.74787362975029 0 -23.39671143852446 -173.9341799441534 0 50.14366356869959 66.33650881068945 23.5957401360964 -45.51189229688362 106.1632479111029 67.98187245848757 51.15306219428206 0 -29.28226701492275 -99.18928756657031 -150.0064102336603 -133.6045531068641 -35.82124457080597 -48.00988838474257 -28.88266102744699 0 -53.67675162671333 -63.38110507920447 -43.50814747162482 43.23593347782723 -55.22083981872129 -102.7035780548481 -207.9061419523093 0 4.994840429737049 -169.9907987895464 8.830555742083945 0 0 -14.68309279995787 10.01886829257472 0 4.356525753490594 -19.27475151055258 -43.08220103721445 -91.13157079952201 -53.02708962527036 -14.31983349811936 -76.3162368032007 0 -40.30553339454896 52.95256789774923 0 -12.83569267803852 2.267865371684262 15.05176627131836 83.20979574616578 0 0 -72.75847156464961 -55.02758007703224 0 56.98723530846143 -82.2954621021327 0 0 0 68.40384956896744 -12.54257950046304 72.49722432945059 0 70.95551300785245 0 0 -19.65308193242919 13.853698528597 0 0 -23.41204294874073 0 121.9574003175886 0 48.14693538290229 -4.436533639677597 85.83926149875884 0 0 0 0 0 12.15378946641802 0 0 70.58179545136414 0 148.6402930510905 0 0 0 23.03681296313387 0 0 0 0 0 0 0 0 131.1499072173125 0 44.16256341351635 0 0 0 0 0 0 0 0 0 0 0 0 81.79192303921685 0 0 0 0 0 0 0 0 0 0 0 0 0 0 17.20654176686387, -0.4010733365416144 -11.35773213597554 -33.71504900299146 -25.48733322964161 -20.79996506392816 -80.06177616276764 -67.8123989050691 0 -26.66141318213901 -50.97658596230087 -62.7696202684569 -38.3719942850762 5.507872243412315 -12.31876368356602 19.9795935409679 0 -16.95124973978498 -0.171163004931131 0.9986121907576688 44.88246407131888 10.37781620504075 49.43280780748798 39.12228860590818 0 33.7507700961029 50.72822122150043 105.1907216038915 16.29998344917178 0 57.98787835948301 60.26389846044982 0 30.99915160700485 80.83470149646287 8.822283530609159 70.51090027869833 17.04383363714564 51.25246468109633 86.80587790632092 0 28.59879266012158 68.51815023303602 43.53401970564126 -2.331723434695103 31.5278972133 6.397396559152874 10.65635627842605 0 -6.904538063934552 46.66693639983568 114.5204387825565 90.90726616286736 -25.21341447733944 5.859674594450894 101.5592674121635 0 -12.99620881006702 40.66597160343837 -47.24428129770884 -58.43999229212559 0 -3.519321538563254 -163.5477915250096 0 19.23042930743561 -52.10122969148404 -48.37316834757732 -32.77925558609645 76.32268263605641 -28.65317113006201 46.12979348992138 0 -28.02032503224637 -95.25387514147772 -158.8653447019533 -131.9975329505207 -27.56609931314154 -3.31806774888841 -45.99614773405248 0 -60.31405911723488 -61.57566133257671 -33.49011716914553 49.63544844926346 -68.92391683125089 -78.06976398284294 -122.1257340511766 0 11.87120582170897 -107.8070380580446 11.10783118810055 0 0 -21.68138437347399 37.7543893604991 0 11.26594180504658 -24.66731658252355 -12.90103906904198 -35.23893368467311 -43.63549241455117 -18.10930159692577 -18.90571145922941 0 -6.211684837145269 54.79582127336426 0 1.241927867213146 -12.16994340376065 29.18376965599767 -6.815840714792131 0 0 -44.06450024268941 -43.93355192251363 0 32.39642153020498 -21.01971480278446 0 0 0 -8.891891950025055 -4.930476712915661 -14.57005718968305 0 13.94303482195517 0 0 -11.04378409065153 -30.49615466617162 0 0 -7.547092419979792 0 15.83583379764235 0 5.058370708998233 -5.421393047362441 -16.22412817647054 0 0 0 0 0 -8.925326695883335 0 0 28.13537681486733 0 32.78184999986458 0 0 0 -6.9682901437811 0 0 0 0 0 0 0 0 62.40382467991645 0 12.2518083665131 0 0 0 0 0 0 0 0 0 0 0 0 44.41008858089847 0 0 0 0 0 0 0 0 0 0 0 0 0 0 10.39867819328475, -4.58484864940192 -31.20755864569472 -64.3973650761877 -40.56913989156411 -25.70985239940016 -88.40829071145464 -65.12240878592698 0 -10.10640033051684 -2.917438742538778 -23.42638764973989 8.097839437549318 27.22395589132509 64.21274812502774 172.5971761535935 0 -15.98118488723044 102.7029802291118 91.72198165557458 153.6889230889641 76.24109104185936 176.5570008416972 129.6157319793323 0 98.25552255353959 155.6855616650549 247.5360681817137 1.357666693996546 0 187.4622408836459 74.33331991701692 0 103.1598920496745 201.7884356737669 117.2795646848712 174.1136620677327 13.97408436691753 -87.47696779007497 15.59304843176184 0 -36.78914231566429 70.68605890710897 172.5065099462907 -6.222201224713961 16.42520032729745 20.4928743799675 15.51816513844751 0 -17.41532755817992 -10.32010668055187 -113.1926753788762 -34.78010214441841 14.69982489500411 -76.49844941011661 -99.86962942597765 0 -31.32966210455134 -29.89630038097866 -85.25950302146036 -153.5341654078905 0 -3.815091259537681 -109.3445817573226 0 -14.5976005507597 -191.7633438238271 -180.8891794023633 -11.76303503109695 -18.54795197277274 -140.5593166423057 -1.032573959022741 0 -27.84021050292802 -98.77189390461858 -162.7107912746976 -116.3097438791722 -19.76867942470527 -9.300231595400824 -42.1490512086334 0 -61.76057072335905 -55.10186897139407 -16.16420352971167 60.83289769285334 -60.13462075039381 -60.62271667544719 -82.04804092921196 0 11.83773153149675 -27.71494548854581 29.76138228134671 0 0 -10.97004788682814 91.74191494544331 0 19.86115908198621 -46.815229035844 8.79390150607998 -26.9224055510959 -39.74204544492624 6.836137365656246 20.76102425044989 0 29.07263728079373 67.08649536973419 0 34.25842722720787 -35.14387408940508 65.35839698850359 -89.04105252336841 0 0 -45.09536846231595 -42.84879842652109 0 39.93115426011699 16.65031743623623 0 0 0 -105.9543332063888 23.774154411129 -73.22926630206936 0 -26.76225646533762 0 0 -12.63792714303383 -40.58149649823793 0 0 -0.4395122517991714 0 -116.9330176634404 0 -43.55199174420152 -1.848599472752157 -74.5579538472069 0 0 0 0 0 -14.74829303090038 0 0 -40.52684379031972 0 -106.0248577622469 0 0 0 -22.1093791215082 0 0 0 0 0 0 0 0 -54.3722879443964 0 -25.19063375540198 0 0 0 0 0 0 0 0 0 0 0 0 -23.95683884414736 0 0 0 0 0 0 0 0 0 0 0 0 0 0 -3.319158930075657

Number of steps = 10
Time to complete flow = 1.416811e+01 seconds


ask_starting_lattice(0): EOF on input.
RUNNING COMPLETED
Time = 1.428738e+01 seconds
exit: Thu Oct  2 13:16:04 2025

