hwloc/linux: Ignoring PCI device with non-16bit domain.
Pass --enable-32bits-pci-domain to configure to support such devices
(warning: it would break the library ABI, don't enable unless really needed).
com_qmp: set thread-safety level to 0
Wilson/Symanzik/Zeuthen Flow application
MIMD version 7
Machine = QMP (portable), with 8 nodes
Host(0) = Precision-5820-Tower
Username = luisneubauer
start: Thu Oct  2 13:24:55 2025

Options selected...
Generic double precision
C_GLOBAL_INLINE
type 0 for no prompts, 1 for prompts, or 2 for proofreading
nx 16
ny 16
nz 16
nt 16
LAYOUT = Hypercubes, options = hyper_prime,
QMP with automatic hyper_prime layout
ON EACH NODE (RANK) 8 x 8 x 8 x 16
Mallocing 10.5 MBytes per node for lattice
Made lattice
Made nn gathers
Integrator = INTEGRATOR_RKMK3
Finished setup


reload_serial gauge_configs/pg_00085.lat
zeuthen
set staple to zeuthen
exp_order 8
stepsize 0.072
stoptime 0.72
forget 
Restored binary gauge configuration serially from file gauge_configs/pg_00085.lat
Time stamp Thu Oct  2 11:23:42 2025
Checksums 87d05958 17eccc3e OK
Time to reload gauge configuration = 5.987000e-02
CHECK PLAQ: 1.9671173085719340e+00 1.9667169638443116e+00
CHECK NERSC LINKTR: -6.4372629263735059e-05 CKSUM: 1341ec66
Reunitarized for double precision. Max deviation 7.98e-08 changed to 5.55e-16
Time to check unitarity = 5.071163e-03
#LABEL time Clover_t Clover_s iClover_t iClover_s Plaq_t Plaq_s Rect_t Rect_s charge icharge

GFLOW: 0 0.8813541741984542 0.8825925058445432 1.972099721585104 1.975433131704887 1.966716963913668 1.967117308356976 1.399566453245064 1.399125769340073 -0.3862610794851714 -0.5329380882902978 -0.4601645825423796 -0.6282343295611915
q-corrs 451975.7792351991 87913.53807744705 -71023.15367426745 -8648.422912353828 -10438.74664534075 18917.50809389891 5929.489240306432 0 1838.299856894265 -24708.2060278935 -414.6434943306558 20367.68890216752 -6688.412999607066 -8234.386392527726 -7955.285436774931 0 736.7940310593076 21175.76444216044 991.1966055480354 -1564.16002607485 14407.89687559712 -44345.16613734555 1100.93554631721 0 -5597.593197325798 -12561.08921697662 1940.586686679459 22278.35596656829 0 51451.56851487089 8604.909590548537 0 -15934.9733116534 -16750.70470118491 -631.986784246935 -49.62936744244507 11145.52819632003 5988.289965991972 16654.51824859787 0 8769.975824763296 19146.7662384799 13622.33870832891 15682.1744847443 4394.93969744556 -45404.84300292452 -14112.54824081561 0 -5333.095684253336 -1947.479112108311 -13987.11466137953 8319.380371713461 -2452.007252421917 9799.480606204392 -10356.42770030411 0 -4321.549164049502 24041.5898063159 10423.92848088788 20972.67821433444 0 17060.80954269203 -9653.839905340425 0 -2158.465778748471 -21024.08830996956 -16789.73666304254 -1946.639271206042 7670.996379381697 19688.70443821603 9978.208515427576 0 5367.509762696198 -4992.900165261783 -15741.76039825448 -30189.11070226947 10511.2498506775 -29304.86888000255 -2887.816431603734 0 3446.738729612267 6348.202466491573 -6675.82696239995 -5723.934405511059 7652.241143146496 -6419.065082829969 11087.07570996799 0 6306.421331977949 38603.10415091983 -134.1813729953546 0 0 12713.54847710427 5076.789356313682 0 6793.76786675388 -17913.63752620463 4219.166957845115 -8746.526184694127 6420.403439859356 13116.70212387412 -5681.428020161586 0 -10193.66735715926 2215.805104936987 0 8497.943260849648 -5478.286187182869 -988.2052290510082 -6049.60413635316 0 0 13739.13468973092 -11513.84162551308 0 -3865.894737015646 11866.97404889178 0 0 0 26738.48391645534 14062.39638800614 -11531.30344494733 0 9247.090132801623 0 0 1559.832244806458 7552.00902554909 0 0 2603.399183583191 0 -1160.977007955296 0 14679.62999231448 7834.960072231686 -24214.9904818445 0 0 0 0 0 7901.869386506449 0 0 213.6449027564031 0 1518.971692633474 0 0 0 580.2038524020782 0 0 0 0 0 0 0 0 -7164.410143540592 0 38.69709611907751 0 0 0 0 0 0 0 0 0 0 0 0 -4192.979761375716 0 0 0 0 0 0 0 0 0 0 0 0 0 0 -3405.59962753326, 10416.26361770133 -34314.28029577618 -14631.29119052073 587.4735371964747 -3673.407240045237 2105.916236980825 7152.042396814153 0 5928.249255613534 4369.071907172191 -5542.46611810031 6220.148991678176 -3043.53337456877 -456.6413165957983 -9950.87843297391 0 -700.5368397779242 10109.13953700571 15098.95084435768 11804.15718176043 -10194.95454164809 -23905.80708674239 -12452.0123759913 0 -9324.372513752865 7820.880963699399 -3039.683452142352 -20433.33645221525 0 -8271.544575677997 -30848.09621954423 0 -2124.947085448569 8916.307861334037 9632.406358614768 8807.746755458304 5686.900635317286 -879.6481350823428 -8376.478676839004 0 2291.571025008573 -1743.170057102341 1682.300611301922 -3023.49217706382 -1865.130543591181 -24287.14035051993 -3429.568143717444 0 259.6876647683021 -23441.62073490656 -37516.1961139057 -1969.60909554214 3483.891722907413 10150.96813413664 -18398.32372730639 0 8672.614699145872 -4713.894509406908 -1676.96899866585 2733.506295697166 0 -6873.773220372179 -5306.641372201648 0 3760.898917824621 9235.749503305722 -1654.924522458137 -2386.519990770488 -4961.322032893836 9444.256289750476 8100.207167127827 0 -166.7279567243804 -1814.683508293638 4356.706157133733 -26334.09240614329 10307.56005775157 -14368.44230284049 6665.305490390412 0 -520.5163746270687 -10733.6780817728 -10719.54303613337 17077.69215664345 12515.51061327988 -6860.556558720501 16103.88818344884 0 -3226.028821162042 12914.63684098234 6652.617106544616 0 0 -4147.926896059062 24466.79327544267 0 3937.456419378866 -9860.138821245961 -9827.126517494806 13276.07962976404 -4590.109457696613 -7565.440354598617 1661.4189448082 0 -159.5729046944489 4360.666716304107 0 20967.94111659715 98.28320004798707 -10754.81007328824 15828.5835929738 0 0 6878.38383559527 22462.26531026026 0 -12740.46072677354 -9173.535797732609 0 0 0 -3962.333986678437 -3125.001142512231 -4298.961408329573 0 -7173.332724549105 0 0 -6046.662464212449 6079.782703494328 0 0 366.226221939518 0 -6536.951749889942 0 1190.287462279373 -5645.842087037885 1996.402183899703 0 0 0 0 0 -3089.810548363424 0 0 -6356.606664288096 0 -965.3753090515966 0 0 0 4009.991163949854 0 0 0 0 0 0 0 0 -3515.799062085993 0 3920.424573395301 0 0 0 0 0 0 0 0 0 0 0 0 2480.071118902086 0 0 0 0 0 0 0 0 0 0 0 0 0 0 552.0372430257693, -2307.341641208461 3925.106405246148 4934.908963740043 3163.821204984405 -1472.477832581484 -5448.9477306673 -5901.930914221013 0 2753.202231737469 3398.833463264469 3551.201397802417 2348.137499101372 2548.704037529184 6285.353800237108 13916.65084081484 0 -1491.130515271698 -11907.78346714751 346.0048184405141 8202.533038232727 580.4078983832478 -6175.428596049504 -7080.313453333332 0 -20010.1009666203 4180.648878544735 17421.42170291818 -5576.079799716787 0 37428.08312394787 3211.596260546982 0 4601.26369333359 23520.04461662915 28924.4960016061 -768.9799885818784 9820.168289000625 13931.7518014065 14621.24367212563 0 17417.7104668881 -17394.14285778538 -6056.841587133962 16231.39716767845 1809.170384677903 11074.05288365841 1514.206894699716 0 784.2187620395875 -31004.41032884951 -20377.51307075603 -6790.181380127793 14196.47759259745 2718.041786179359 -13138.09065636897 0 2535.703005747057 13527.15480985944 -12460.19768271727 909.0735025690046 0 2487.813944285085 1680.479659081328 0 4302.357384216371 10341.8923776702 19266.30675391344 15410.47203129436 8855.00384546731 -20927.66309219082 -15929.65831911651 0 8877.553895301138 19167.71884475707 27609.51498440492 25.4814416913996 -10786.06683112029 -11134.48274371825 -2911.121675220477 0 5298.048581377008 -608.2477602086783 -4151.809973170986 -7656.943099281039 -1461.144141122372 -5782.093241776517 -23362.04310437573 0 -4092.608954861632 -34136.00275459122 -5214.004977449229 0 0 7409.586234329237 -2314.366350912936 0 719.2819667930389 -3565.111239749528 -17705.68355868557 -5908.650036129768 -106.1094307840017 23145.92474828905 5012.755641264042 0 18301.9772091823 -7259.559631866632 0 -10938.18946669779 2594.919873061558 -1855.238145825395 -8317.110597689172 0 0 -2949.677537799622 11734.09112862387 0 -4804.847244771496 -7481.378516329982 0 0 0 2352.592419340745 -20924.32005266136 6901.477738048218 0 -1194.247078067703 0 0 2750.435457460198 23683.50759025582 0 0 6780.52968807845 0 -6450.676590704619 0 -8146.794090864758 4528.487042340827 11784.06854477 0 0 0 0 0 -3875.767506682771 0 0 2584.867107737245 0 -9924.53970657609 0 0 0 -414.5281237835416 0 0 0 0 0 0 0 0 6636.933183983813 0 3711.121899048222 0 0 0 0 0 0 0 0 0 0 0 0 3212.296530696236 0 0 0 0 0 0 0 0 0 0 0 0 0 0 1211.923342019955, 2081.80169245294 104.7308275445307 -5412.01797920054 1349.000836410768 -827.8541622615496 -3269.931495235849 -11257.35822084932 0 4597.186154908757 15925.06451164154 2143.955475854901 -5329.999535185857 6048.406043813086 -3214.633392282703 25708.19361009589 0 450.7623673422402 6246.155810318336 2091.527737400562 5146.399632834246 1675.471786313859 15637.43399769551 8850.10607055549 0 -1970.421856880534 3915.321902523259 2152.591303995794 11016.94891340071 0 -30185.21024169703 584.014398938617 0 -6444.567057419426 14483.46863965691 -7429.167160064368 8375.864631068856 -7179.67497115731 -4424.649755617424 25090.71527765728 0 10378.20265995649 6868.000511715836 -25098.17289722572 9494.625151154951 2443.656410812934 -19459.54927884325 14657.53228423205 0 -1443.58644510289 -12488.62181279335 1697.86044920066 12786.64849678655 2185.953280204895 -32330.87713853245 19540.86726666367 0 -13469.09459665911 20236.19462840491 -20942.13257994983 15774.54670939096 0 3847.451963696837 8911.942259351727 0 6296.869509637298 -12730.15938746828 9048.023774669206 2920.284500268149 -10708.33959757896 10839.8971051371 6055.149359280119 0 5085.644513880228 -366.5159809358602 -641.0694073569739 2867.0420376978 -599.4434132716533 -4381.847784139893 -17768.65130726456 0 -505.5593436537438 -5500.463313121874 4216.562800316099 4898.42584792544 5839.696832957299 14558.64450225972 7152.399977627821 0 1319.580922860533 -5248.393655382268 19671.15008300051 0 0 -7236.470851999973 6364.800406916136 0 800.8613739465195 -8228.6882768298 7055.821948400791 -10497.98630812554 790.319122323212 -21666.34452491516 -13254.51199641086 0 -11515.63966772663 18318.01704112415 0 3055.14817776638 -1457.39298122081 -15709.87392895349 -34833.20276893167 0 0 2670.746297586627 2862.146394280397 0 9272.251617913418 -12329.27499954904 0 0 0 -941.3564266666663 -8860.561655021818 3920.230615603559 0 -3425.615546560324 0 0 1211.629985445784 -1030.292699343385 0 0 135.9626657680053 0 20283.97470542943 0 4490.507688782292 -3152.551295715542 -17328.49174564539 0 0 0 0 0 2884.038090403762 0 0 7928.715386826005 0 -4001.10980125435 0 0 0 -5226.712246913811 0 0 0 0 0 0 0 0 -6703.207838570219 0 2499.931686680146 0 0 0 0 0 0 0 0 0 0 0 0 2888.43145068138 0 0 0 0 0 0 0 0 0 0 0 0 0 0 1100.203131138559, -214.7333427715494 -407.1214748655088 1566.388277643302 -617.7091157515625 -91.14321897578566 -8567.506286098011 -7054.341878276525 0 4340.77697755983 -3768.59620558598 1922.017005117886 4547.53375951061 8620.214236016051 -4164.552469103986 4644.180852839216 0 -3464.934733544442 -4304.839473566807 2989.702500219667 1240.696239294217 610.4151873004168 -14683.43258922457 -17337.43962188495 0 7118.451806471254 -1914.298679879526 16556.20455109762 -14205.96587907038 0 11010.75845443999 -2780.273847606938 0 -3306.794948933188 -32018.50266335297 -10424.61014695436 -1960.694499154891 -1605.299046223888 -5993.36470884943 -4749.138764124133 0 2904.623900712595 15594.06868608259 -19410.53007078731 -3413.105725940482 -7966.472395463934 -12680.35621335178 -12314.00814449733 0 6640.56092988913 -2894.999332768994 12891.80088822109 -7713.529455374055 4580.339342971372 -9145.820635804395 -25644.71291944203 0 18436.27419132873 -5050.852209978948 -14217.11102902858 -12568.72793933831 0 -11293.45628229517 -5857.969785939262 0 824.379771218426 6013.325302174454 7438.1604531898 -1896.187591243254 -20296.41814084144 7065.37342002257 21313.57085024478 0 -1719.928424877577 -17799.66852858366 13982.43897750641 12973.3617387062 7497.486247163093 15086.49453370493 2767.237054658704 0 -10088.22995862741 -1863.28445771107 -1187.569155045852 15556.98447769723 6793.173570621378 -978.4350572076823 9719.617618590339 0 11229.26661012453 4426.324344624117 -1472.730145277861 0 0 7393.099611791647 -23923.48430844703 0 -10503.84473419983 11885.77240583615 1420.701358226805 -10216.30624203452 818.0415200912992 1096.025013429911 -2890.164700928237 0 3158.347828278158 -9281.053430660839 0 -6855.228853858152 -131.1795352199986 -386.8257858098468 -282.7475325891946 0 0 -4304.152216187255 8016.185424039812 0 -3874.620536737496 183.3058275256853 0 0 0 14227.72534198427 5044.032993481352 2287.057280333988 0 -3826.602301797839 0 0 959.6367910334088 13760.65410349294 0 0 -3591.450291156338 0 -14586.81220905393 0 3551.666128516666 -2718.241726474447 -5564.427014924958 0 0 0 0 0 1165.984358073984 0 0 82.78391257530836 0 1556.835484170766 0 0 0 -4501.874206557716 0 0 0 0 0 0 0 0 -4291.360114975925 0 -535.9887906613994 0 0 0 0 0 0 0 0 0 0 0 0 -3643.327919397986 0 0 0 0 0 0 0 0 0 0 0 0 0 0 -1400.872309212513, -4108.26439372237 -6738.754243121397 10907.04376740119 7185.419531810466 -4035.568965699002 -4036.108609772922 -2986.671355768116 0 -3283.651427274178 5926.946529076546 2145.886274214391 -944.1631269113395 11586.10335819365 12734.05610361353 -15366.07189676813 0 -882.2226747081195 10394.97286849247 4838.480162380103 7013.703625855753 4768.040812231213 -12346.01809897288 -13006.32915163764 0 -368.6791067148106 13309.62737019054 -511.9455082973072 -2982.906647236816 0 5239.507200022948 21193.8245814202 0 4978.466885039823 6032.561520447965 7275.67417611692 5560.965703858281 -1810.347330778884 355.1722194927011 17568.4650001561 0 1112.628003709814 14499.34247918332 13309.96146174306 4971.940750197597 312.4931335231233 15313.7055375891 -73.99687998843319 0 -4670.635217335279 -9804.208851142095 -10697.15766684763 6155.892235585368 -2886.330835687033 10813.25926995404 12848.04503667697 0 -5676.056852669593 -2175.66902493673 11784.6862359015 23571.64633628427 0 -14627.62704970519 -2816.470126525753 0 5686.540129572895 -9176.44835744505 -14416.76290999104 -8124.079159717354 1278.017738228909 -21431.04079413896 12653.66947921722 0 -1925.602606434451 9685.131896931538 5185.958930645069 1412.302664821149 10407.11970460577 9361.163403557304 3313.683941225656 0 -12227.11897568581 -22346.50981057649 334.3150592465254 9086.381046257748 9526.674086079522 4202.767660586787 -7544.168462318923 0 -4183.302190688404 -20416.46009316263 -15577.89819383279 0 0 6859.32373682202 -13366.12184346668 0 -5208.442039300475 -595.9229164436165 -9304.145087191671 -10268.47539318846 -825.4005208061456 -62.85424681026598 13.2015756330984 0 14051.03264366367 -10763.74922796409 0 -4849.349732476432 1186.348096239257 -8896.910849911936 -10944.03424608802 0 0 -5029.266161374557 7379.651855615402 0 -10797.84775223923 13303.03067057469 0 0 0 -4857.790540932891 -2334.558069179396 -605.8004561344187 0 -7281.285539757201 0 0 -2650.027832957539 -997.3270363905472 0 0 1.828373201439717 0 -3282.827090025089 0 3276.282622421711 -824.2835067681804 -14086.11648434259 0 0 0 0 0 2685.360010868247 0 0 3782.920586400109 0 -11159.41499055725 0 0 0 4006.687611502864 0 0 0 0 0 0 0 0 -2778.577615389178 0 -443.3172032788302 0 0 0 0 0 0 0 0 0 0 0 0 -4306.525684961953 0 0 0 0 0 0 0 0 0 0 0 0 0 0 2439.661337137199, -1499.473934407755 463.2925774778189 2107.522628652501 333.9855860530906 1132.703413175986 -4067.136856015514 7018.824921196396 0 1503.766798966173 11534.48469136573 -4888.986779946776 -5369.235576970956 -3956.059047330007 -10442.50276049503 -23185.11099367367 0 -5838.150844705439 -172.4477560231217 -11170.1570650808 -10015.50773831273 -13478.883033718 -10678.89367723363 9268.582431192846 0 -9515.023329309694 -756.9674316671649 10038.75137622197 7930.790390422966 0 -3232.692922893115 3902.464732426073 0 3343.701483607685 10425.60348791172 10624.53551337619 -8127.893155118378 -14374.27531644235 -247.5503860606723 20376.1741107197 0 -4371.898834801874 -18102.1693295233 5397.060895989343 -6298.347863024007 6152.490317311839 -23898.16850522462 -12805.1807460793 0 1329.744602930772 -21026.86720782794 20016.75653575231 -924.000280789619 -6411.167438620823 6985.542963201506 1991.097990882719 0 -429.9265035556273 3027.836236747065 2369.321632521896 19456.15632243713 0 -14186.92866336323 -31896.39215769977 0 696.7025914086626 1409.513517198826 10322.33213478947 -6956.965316275076 1410.53283160545 -1672.38473407828 7446.819594488879 0 -10762.43774698773 -4557.813370524844 27279.65723362593 2251.00849304811 -4679.067260495887 -6836.901535251272 3430.116888338996 0 2500.433449903664 1562.350510209724 -2835.972888821475 6485.929972335243 5325.049321539765 -12629.49848825113 -16579.04477136068 0 736.2782619954432 9643.934046362741 -6437.085699724252 0 0 8092.88465160508 -534.2815396607875 0 6401.929261784097 2012.412923395293 368.6967498349695 4790.530961890268 -874.717034925269 -8768.548595871158 1261.93970348494 0 -13851.42929486489 614.8950759864024 0 6961.021767430437 -7991.768053675792 -12812.46794659232 -2717.221996425439 0 0 1475.554709478306 -11275.76364171601 0 -7751.250385331081 -10172.72926648626 0 0 0 -7976.349913739175 -10022.13550406595 11058.87901843073 0 4368.853690141004 0 0 2526.690974637025 2841.399133474117 0 0 -4042.530479815688 0 -4539.130166355451 0 2889.023686525311 5620.11424686102 -1438.177360752177 0 0 0 0 0 1736.696349532131 0 0 -284.0798824458282 0 -5154.100046892963 0 0 0 -8404.476113386867 0 0 0 0 0 0 0 0 -4165.488970599208 0 23.96112694000021 0 0 0 0 0 0 0 0 0 0 0 0 3934.017155806891 0 0 0 0 0 0 0 0 0 0 0 0 0 0 840.196727864002, 2216.747582034925 1380.590915022166 -5162.674258541552 -1662.185482601983 3583.805361160712 140.9984876071421 4452.441601687204 0 -9686.512574233753 -3870.37970760499 -15313.08711184175 362.8234400864312 2047.297537004144 1014.630869099187 13403.36095428291 0 -603.719092078273 -2070.98336317787 -17057.50548597146 5106.878045309408 -6305.971803564325 -17222.27884090489 2630.23694950052 0 1165.025894765523 204.3069485222225 6755.696629816516 7736.916296823612 0 19363.00127637832 4219.664359210289 0 5942.962055759328 20382.08196993001 1882.941007614066 -2486.408704950343 -13242.73017731002 7064.052488200358 13726.70453666428 0 -6503.438034548825 11942.17570621895 24089.85194245055 -3121.527315512741 8891.564815787078 2649.614474769412 -6403.087540868808 0 9490.329492326164 10197.46451906717 40793.11960540454 6215.245017072262 3966.879710138331 -554.6758967244732 -5652.563534187736 0 2430.17478261699 -8406.165467107476 1999.704986216676 13280.34528332898 0 -27821.16070831246 6621.650672486547 0 -4323.699506865208 4675.026710277471 -18557.33357457607 -6146.597147953092 4027.89198645173 12822.46822389157 17155.04312844387 0 -11401.33616709046 -18.11891213155604 3857.796442091953 -19228.70160195695 -11546.34691268739 -85.89260828495571 -5763.05412881542 0 4412.96876432012 3301.486086007307 -1981.543592859133 1657.853816227052 -4290.833042729006 -704.1287155290638 -37162.67896169231 0 2999.27510932988 7325.750029298331 -12817.82636628568 0 0 12817.46478138998 6888.75511203515 0 8890.423491263322 8275.680637843696 -23678.08582983999 7508.628793430787 4078.173130540006 -10058.82113016868 3782.538913251065 0 8337.743106154187 819.5510608008963 0 5422.324757301078 -1133.222119368602 -4703.294604809269 21387.73273990443 0 0 -7841.094675413384 -6559.944068455483 0 8403.6528932731 -4359.197552734512 0 0 0 4545.489190366919 -9508.490586387248 9272.162023741053 0 -3046.254045283851 0 0 -519.0095778659663 3252.380128368314 0 0 -7950.910622118101 0 15060.82846580954 0 -466.6647282918177 3885.085175840456 -5062.526258594224 0 0 0 0 0 5990.131788742874 0 0 -3174.848593554291 0 -4876.704932859804 0 0 0 -6715.127512196306 0 0 0 0 0 0 0 0 -4604.397131965863 0 1565.373308468051 0 0 0 0 0 0 0 0 0 0 0 0 -1173.090792378327 0 0 0 0 0 0 0 0 0 0 0 0 0 0 1338.142376061053


GFLOW: 0.07199999999999999 0.6096466402290437 0.6101780357572917 1.212889329461772 1.213903762817875 2.552210757981438 2.552242632690322 2.140762280778664 2.140403636592341 -0.4640280855176718 -0.5750127484737759 -0.6696908784408925 -0.8255672348099644
q-corrs 176153.0679351887 110653.414335104 -14477.98102707174 -12935.28378134532 -12277.68371682116 -11396.96129667258 -5487.891838763218 0 -489.022942132054 -12016.76899073577 -951.6005707807064 8897.472312122034 -3504.799162528451 -4848.804878359748 -3839.764488519913 0 -1127.342500139599 10687.26069014517 5481.922807326959 1472.420758290062 3970.622262714029 -10812.27904310357 -3348.392240473512 0 -11769.07124259058 -6900.600431866831 9303.825689573569 6029.038544239937 0 12116.44846169295 -1879.67799208612 0 -2753.805517545476 -1419.982679767341 1215.018691889691 8275.754619122592 5243.435464175869 1304.514726198849 2767.05174352466 0 5528.955898673195 8272.06589433927 12570.4857339605 4805.322569972332 -2406.870301665114 -12084.41052346159 -2713.814723239419 0 -1745.800177843035 1309.666586943116 1024.887272956785 -2725.394073531114 904.040990296788 8595.31330221684 -2406.691539407343 0 2263.408424088352 1738.604464947447 4199.308606477998 2819.403018005145 0 6946.312079085985 -3845.787881280019 0 -447.2009415720865 -9716.073036447324 -13635.96715831894 1486.836946820277 5137.262895456755 12312.99214368321 9468.017402940364 0 -628.9863042186485 4020.431582380761 -1187.861405779894 -10259.65110852125 555.9094090152367 -1306.694157442368 1984.534471819276 0 178.5077874535712 6543.771592538869 -2461.26868661857 5029.654572855962 7111.074200306901 -7444.738723692484 6693.173763472486 0 4415.15645690481 17005.23522844056 10567.54511487961 0 0 5838.850718325981 -2001.805467726265 0 3389.638327389021 -5788.172313408412 5729.953876061608 -588.5814179241536 1750.510138878632 6527.865995321364 -581.9829780753448 0 -5011.406073541348 2802.692467306251 0 1007.971161147064 2260.072913964354 994.2574392811927 -2274.737013733071 0 0 7739.444356058057 -6027.950373083587 0 -1078.101320751964 3818.637422969252 0 0 0 12713.03657391906 6902.853151005308 -8019.513846008979 0 -3381.558197063477 0 0 870.3485638859322 3092.109994708544 0 0 2398.545402681519 0 578.149046952755 0 4822.842630666542 1683.174118811714 -5725.051018371737 0 0 0 0 0 2439.155891113473 0 0 -1455.560566830173 0 -3525.206066519503 0 0 0 381.8689256937894 0 0 0 0 0 0 0 0 -7545.701783480196 0 -2608.998829241145 0 0 0 0 0 0 0 0 0 0 0 0 -5264.026397956844 0 0 0 0 0 0 0 0 0 0 0 0 0 0 -1079.328512685368, 16681.49800720807 -7229.80125503727 -18647.51405922231 -5795.226339597146 -3661.362377604258 -2370.434781969937 -4283.899415778134 0 2209.404245563901 -3293.179307896737 -578.655950035273 1019.450020302005 -2062.607656205716 -2294.233520684065 -7215.13690697389 0 749.4095085595563 -1507.03562870676 2130.886469111665 1518.138893390731 -207.4401847027621 -8138.68048705541 -5578.939636177429 0 -6887.803765079368 2230.828408900866 565.2776751665178 -5589.604566549802 0 -3228.801392160502 -8375.176491856488 0 -406.8060404700498 4149.515984035388 5044.121469088159 6819.352321297611 2094.639889963713 26.35126553801274 -5449.491197653883 0 1275.48690053675 -4162.829363363747 7607.773587410183 118.1110399678944 -3302.685899016018 -9461.767156355054 522.5438373589736 0 -437.5387085125224 -3755.06189237985 -13503.78416519878 -829.4965335602326 -1782.98679924807 4391.002071562188 -8895.776187313604 0 1163.465142875487 -3788.403014953798 -689.0291154347705 4850.914649676583 0 -5692.376172979011 -7872.949807543961 0 377.5289048946107 -290.2369028151384 244.5453424096227 -620.0039374462674 -602.7118176210947 6614.459666473459 3420.299416118057 0 -3736.770105590914 -475.0719312139133 5629.327743691895 -9555.390341360315 468.1617368915945 -5747.072329451506 -746.9064191103371 0 -231.1014240345125 168.9824293299964 -4953.570774684632 7035.045041672347 1439.017986182987 -2362.943047045674 8454.295096847824 0 648.0557693562412 2261.176713117447 6095.389455986789 0 0 -362.4676008854144 7496.02048277257 0 2675.278406896286 -4151.275924620002 -2535.244325666217 706.5811843684314 -42.29410198731648 1396.705094863537 -1982.528079616642 0 -130.6936979383693 519.2287762483533 0 4037.309795826938 -452.9696010047223 -2065.017070539376 791.9345643083515 0 0 4649.238326388125 3781.317954087669 0 -5203.343459276361 -2971.856881251759 0 0 0 1794.059716610309 883.6387530652992 549.2444417689385 0 -5068.457967132381 0 0 -260.8756859971062 7299.316676373001 0 0 1914.625603366598 0 -1773.607878157492 0 958.7170223661619 122.4698341648472 1964.261105365357 0 0 0 0 0 1415.767908780339 0 0 -1507.115104989168 0 1440.554907160944 0 0 0 1376.55297542566 0 0 0 0 0 0 0 0 -323.6294088739899 0 1008.234669841878 0 0 0 0 0 0 0 0 0 0 0 0 550.2614599862645 0 0 0 0 0 0 0 0 0 0 0 0 0 0 52.03841950009054, -1577.194826666885 -1148.966001490356 -1856.976877813909 -318.9407459016071 -428.9577510651775 -4537.930469606886 -5121.213858648191 0 2064.306024947264 1354.45235952515 972.3887275998474 -2682.72075896667 -1665.818380840122 7561.390624510335 5669.332471372451 0 666.7576080072108 -9396.976068780592 -841.6535424301244 5743.246741073019 5484.315116423306 -5282.075650347806 -4709.612104659147 0 -5143.77450832207 2715.730901125828 246.9436297934125 -7685.376675779044 0 7480.366364033027 -1642.677008269506 0 588.7711112700036 10069.56383862456 11177.28350024476 -3564.021088636649 2216.223107099686 5932.236167350824 1751.488612243691 0 5498.395056942472 -11678.53957916059 -6199.481639689563 8026.712388326632 527.7442551778392 1466.161994416753 -2235.714528709794 0 150.3312317129676 -9713.398001601945 -4740.588484915919 -6963.765378773141 2499.730500353311 1002.121739273431 -14480.40522062571 0 -338.4633267118584 2391.251397099098 -4065.381140990411 -1544.809149366429 0 -1330.225380759718 -3291.144436499965 0 -661.7173440894744 -1252.685051595087 4177.011236734339 3895.613587334112 1583.777271278388 -6771.491313294111 -6223.184273445721 0 2300.052912349192 4235.171576172759 4813.015896403984 -2811.070647645596 -4233.165550079364 -3765.657905621903 -9628.763320165337 0 1372.758805007288 -1567.673388006868 -1939.86878538405 -4662.032036854381 -332.7207507525293 -1125.808866965831 -6216.577701881418 0 703.8477330299077 -18458.70003926572 -6926.582515709346 0 0 -724.3450468169744 -2854.221207065725 0 164.4051214565814 -3009.247558326597 -6884.959331841463 -2119.007850164609 27.58766706584868 1439.182723773628 510.9806133491834 0 6221.449665747913 -4187.440736879753 0 -7041.727706450214 -1537.684817801429 -3712.068922775478 -6217.316518488825 0 0 -1355.349606789712 32.0101994094166 0 -3314.259710955731 865.8886231419036 0 0 0 255.7817902523543 -7612.385134285161 4614.111701961251 0 -1312.236974260702 0 0 63.43980279441644 11316.94876344199 0 0 3344.816675541802 0 2563.824145779392 0 -1961.603233150935 2187.98052298919 3142.123303706246 0 0 0 0 0 1979.842701694839 0 0 525.0188949149745 0 -815.8033925719983 0 0 0 584.5034940641265 0 0 0 0 0 0 0 0 1967.604246113919 0 1680.176175185955 0 0 0 0 0 0 0 0 0 0 0 0 2768.575180300234 0 0 0 0 0 0 0 0 0 0 0 0 0 0 516.431051664841, 27.95224655530546 -329.9231920463727 -307.2673450374591 1916.995526715826 -1564.836935261121 -3779.167027985417 -5001.811301181071 0 3799.191096915002 2550.825938487218 -574.9913696037363 -1351.216426970384 762.2253319890056 4183.893058624692 7930.866624611646 0 189.2636255139852 2340.816541176919 2824.77325189341 5154.317573326668 3963.105050652672 440.6488959109904 -481.0677044250124 0 2836.814625253506 1184.018538811813 4712.249128326564 4283.252871570845 0 -11605.09909296147 -1809.34359289259 0 -5091.592751691142 4205.371602358378 -727.5521416991505 338.6504594616597 -4673.780994086101 2589.835270277034 10124.97250955263 0 3112.741633098331 755.8454362888388 -7865.410541736219 1464.270488905069 1923.43731694482 -6006.504204027281 4893.398088077657 0 -1461.268443248908 607.0758690526136 3451.715320170179 8639.554364256514 8.943262905792835 -9345.370591117931 6335.618602813918 0 -3375.530230652473 7770.850607911353 -5714.978554212571 9883.850385183207 0 -205.1698191189171 9957.199799443439 0 2596.939919665121 3599.073515904008 5440.591271542822 3257.121673287632 -3369.85278293344 3625.843284362042 9941.469273745028 0 4581.097585150761 1337.779656174496 2483.242837505728 4100.247526362693 101.0785717738495 7560.564399369356 -4142.442331854968 0 -14.68884626536828 2476.575377019272 586.3512908512457 2512.341703405748 1214.465389168929 4361.881016019884 -510.2537411922749 0 2887.932401512222 -2721.553945301798 6487.016968658969 0 0 -1398.697304341365 6121.342482303506 0 -1318.863266601897 -6724.722575588059 -243.2943190337246 -6015.021064938883 -269.1983398877071 -5104.196535023111 -4445.563072369524 0 -3920.721936117154 5744.943431050635 0 3641.409862356888 -2119.91585884665 -4136.793343691513 -12637.42065130264 0 0 163.3673663646956 1295.60876753965 0 -545.2509164501837 -3124.150329607651 0 0 0 -1143.132554877321 -3156.251242062481 2996.329898219026 0 -3745.465717035536 0 0 446.0710220841121 -1759.709607905207 0 0 -714.5047069058861 0 4039.070957665692 0 -985.6521458895483 -1246.609748123528 -6410.862313273997 0 0 0 0 0 873.0698965584511 0 0 1386.070942829358 0 -4925.817626283968 0 0 0 -352.2146005232532 0 0 0 0 0 0 0 0 -1986.407262142565 0 2151.882070980388 0 0 0 0 0 0 0 0 0 0 0 0 1815.431659566283 0 0 0 0 0 0 0 0 0 0 0 0 0 0 513.1749861879412, -373.1367161111921 -66.04357260739692 450.5718910192709 23.30887956708744 -1646.86073710657 -6504.863417399897 -4178.921507721893 0 3002.540411805601 -141.733040867819 -2578.442894940315 -2465.246033326944 1752.358080826172 1221.046064270535 4743.658980469559 0 -1187.631280766962 -604.8881232351896 -3964.940683294162 588.1535337055589 2846.283473199052 -2911.931706368347 -7849.532501274941 0 3587.487907044011 -338.0471037864445 5800.564874863424 -516.9218711208895 0 4768.422031748159 312.1762207016709 0 -3557.099770055795 -6023.651313432723 -1819.422596995998 -4898.426578365924 1661.204463810483 -2645.449932944028 1291.046756401563 0 -805.8427850784035 8386.910470889858 -10531.28925575579 -687.7531809057418 -2141.535598595659 -602.1562251418459 -4245.578898351866 0 3382.760518961812 -3723.322135904602 7078.437521315382 358.8863799514666 -0.3438682397337516 -7807.3292297756 -10631.04637522234 0 3578.38834639865 3594.750471152051 -3919.709280234989 -7108.827983541141 0 -180.4990590870752 -1354.714968082734 0 26.48012743500237 3672.72548078586 3202.014805188617 -1413.695575750017 -9546.355154943372 2198.974192618 13060.04570779714 0 2888.723538503971 -6150.373864686024 1364.259724619914 5596.681095168615 3272.495592203568 6993.77190682181 6547.347632223329 0 -3125.778896397686 -1126.25650723564 1543.46524360081 3167.228119005711 3577.467352538497 2054.685296439092 4451.077503934499 0 2103.979679238567 4075.609688129768 -7223.905666118279 0 0 6380.447544642252 -7497.6106764044 0 -2697.441550120331 2967.437289277477 -1121.541126841089 -10986.65626112782 2524.959443098987 1728.191343273833 906.1031756489202 0 6441.789670897726 -3239.101923929687 0 1155.312347535484 633.5090592713191 917.3291880816464 108.3936245177483 0 0 1274.280983668001 2362.19524205831 0 -294.1122511719959 2263.767058116377 0 0 0 7217.463298879313 5205.256185211323 832.5063019948194 0 -1973.014343998348 0 0 -86.27992081352031 6375.578349442585 0 0 -2063.824074839629 0 -4542.502676296312 0 2497.021452067877 179.338085805428 -1769.466653327885 0 0 0 0 0 404.2659476961921 0 0 -605.0204821986607 0 -2535.658359199215 0 0 0 -1651.904577322903 0 0 0 0 0 0 0 0 -2056.023064540221 0 946.9498280491568 0 0 0 0 0 0 0 0 0 0 0 0 -1970.440343977131 0 0 0 0 0 0 0 0 0 0 0 0 0 0 -947.971431375468, -1179.940310864143 -1967.444228523964 4603.312392293499 2983.556386837125 -2181.738231208769 -447.5167233116483 -655.8346651752036 0 -395.1949250737815 -2238.118707633634 725.4831650429765 -3239.817878643044 1190.612097279604 2007.861601161992 -1174.471347611205 0 -1375.699759882022 -2421.378142939311 -4436.219673483569 3660.506679603805 3293.024308934951 -3093.237377817454 -5630.185712538696 0 -1871.500719834898 5939.006722545224 4270.348176200409 1980.623149024227 0 -759.0200813200006 4616.081019670682 0 1213.993652264431 3320.757941279718 3082.147785089033 -823.8651536307157 -2125.223238792337 2139.626450819553 4739.423168228812 0 -878.8321829370792 1977.118603404512 6768.756173688156 2076.90416941622 -765.3869836596286 4391.470874604457 2447.513221966086 0 -1416.355636557658 -4207.741105424815 4947.221926051668 5294.993433671712 -439.7673829133396 1057.652212057359 5419.059315191553 0 -3328.026680633188 1160.704086052793 4907.683628408374 8900.74620614191 0 1193.946638555518 -145.4298816189759 0 601.1329166053708 -10340.00401067268 3125.8495722036 -1590.554732890547 -1816.939195868028 -3927.664051893631 320.2486248982482 0 1298.153873833131 2200.366088390517 6115.298622574794 938.0861614218479 1375.630734017737 4135.912895651532 -6042.579364394096 0 -4282.336331533403 -7934.573242687324 320.7917992704183 -192.096628234005 4343.789586479244 803.5224825368418 -615.4714433493791 0 -1293.97782091631 -4134.444207212469 -13135.671547553 0 0 2967.540842937525 -6203.708525688564 0 -742.9219773635057 -1964.869036351061 -4910.495971266577 -6266.872325448812 466.0697039209555 -1878.206531780764 1944.061443363542 0 5151.064197171116 -4062.283807401251 0 -2912.84836047997 -2050.265350695787 -2609.718377024327 -7366.487552568248 0 0 -2067.306643727201 -578.162268735578 0 -5185.098106440771 3375.081532819121 0 0 0 -6022.406419946083 -1789.500648753908 790.1240611347655 0 -1197.995059147917 0 0 -1436.745669217551 -3585.801567136843 0 0 -1.060407488942019 0 -3622.293721394257 0 1202.27335282903 1265.323239007911 -2575.312836936713 0 0 0 0 0 867.8629737702024 0 0 186.694299126386 0 -3291.547817295002 0 0 0 -447.3170445220305 0 0 0 0 0 0 0 0 -731.7764002949584 0 -1547.104430730466 0 0 0 0 0 0 0 0 0 0 0 0 -1386.774318585912 0 0 0 0 0 0 0 0 0 0 0 0 0 0 410.5865527916328, -460.226566043347 -550.0375007498578 -1073.340739703865 545.2448951133097 -1897.051542262524 3.330976049055153 2062.828323958084 0 1949.74231858319 -371.2375867099892 -48.55067570584293 -2711.421061340727 -1855.020631891297 -4854.132228654045 -5527.518389905729 0 152.3036101743462 1150.227886746829 -3325.817395308573 -2547.222605303954 -2754.897197082801 -4076.365883997128 4581.569671504583 0 11.86848105756826 4026.179993221264 4606.099912929132 1450.042598607937 0 -1199.67325992384 2985.065844271284 0 991.9267294013446 7343.414401483997 3839.138748025132 -2418.855770418776 -4542.945577239474 4213.841475538505 1858.822411962541 0 -554.0608382617488 -8520.382680038038 799.0840970323316 -1765.967377448026 673.3501157808383 -6485.292015551664 -10668.03784458166 0 725.4355873002504 -3287.00918346486 13360.52539502669 -2915.498955173242 -2505.710393190262 -9054.125100787209 -2132.684572710781 0 2059.764178662207 2416.877990132518 -3241.845646946709 3338.027942479796 0 259.8308211240301 -18862.10690287502 0 249.8132758999308 -1123.968961641357 2422.948828613688 -2728.969119932774 1906.697506254946 -1496.50922661708 1291.956362476211 0 -4241.958198441018 -5090.126311829476 10872.8328700424 439.8164085949747 -786.0485637223064 2861.572405354911 3892.096026856224 0 676.7430598208667 -2590.951225463929 268.7440877612769 6192.426475038994 1235.2369047961 -126.3586097307807 -3147.468733060367 0 911.6279277416411 5818.665375289633 -795.9003403879442 0 0 3683.348483467823 2691.222618425687 0 2134.273060690514 -2703.626966505059 392.196869358168 5163.096393831785 139.8653183316997 1933.208872145229 6035.975925651786 0 -3455.503246500109 561.1428117296725 0 2539.028714500987 -3684.476602438396 -2538.439760186919 4485.365277055747 0 0 1107.270633644356 -1291.514814710862 0 -3254.825897510706 -3665.598922098598 0 0 0 -2682.971885931498 -2758.169420032696 6939.957803733413 0 5676.387850101845 0 0 1857.183917661734 -346.7983831520069 0 0 -910.5260441781902 0 1696.489916064611 0 927.2589401609273 2593.939419927864 785.5049715084509 0 0 0 0 0 183.7144316378965 0 0 -391.2485122129812 0 1671.825870726345 0 0 0 -1021.641185983778 0 0 0 0 0 0 0 0 -2093.746980068502 0 1507.07083593334 0 0 0 0 0 0 0 0 0 0 0 0 1578.379742731511 0 0 0 0 0 0 0 0 0 0 0 0 0 0 94.65227388327014, 1449.438070232133 1747.980451502063 -602.4556161759879 -855.9249546873825 -1086.298373513656 521.3223421608084 723.9047939834572 0 -2379.061918729542 -3217.965766699896 -5695.172341014064 -1337.869467520844 -1651.928170099717 -1474.489861778301 4160.545016803744 0 796.3867379591572 -4808.25560026688 -7428.137423120787 3479.586732153806 -4134.715776390562 -9788.817772283743 886.5529902586507 0 1188.567624912073 -953.0424168608067 3327.11410543904 3171.343068698347 0 7763.813200822816 1214.821682599259 0 1285.962972226535 5175.491717620603 -1648.343690304501 355.2448240092604 -3156.040943385515 2280.345688955809 5420.95204209855 0 -1605.814505708081 2542.127172191004 9250.02578316029 -1043.782512674984 3689.799880443863 -814.0098227545668 -3322.580215773377 0 3680.826059179508 4437.582024228381 13252.09960462172 4222.192577058143 -3144.679666652648 -2905.764468834951 -4961.095947807249 0 -374.6893363278077 -801.1354343817475 -2126.718903281124 7469.518513072324 0 -10214.42031677789 4078.480069341083 0 289.8458319663538 -1818.539181556037 1028.01181699986 -4369.457530452908 645.004090309963 4990.956804266779 5621.029663972211 0 -7584.103625304743 -4870.478257407101 6940.442743687499 -4452.244975539579 -3357.901799901324 4464.513010973262 2094.836134634957 0 2942.870055727827 1666.528207188624 1097.006872729057 -364.1596773163546 -679.0204764268738 380.096727736889 -15468.84280875969 0 1621.732130599006 4854.357761967502 1186.834922476336 0 0 5456.250092293074 6408.556842806836 0 1362.631043026381 -1928.613465964939 -7513.640682209164 5732.75995879217 -1099.816712819681 -4454.662392089172 406.9717880827088 0 -1464.047280141119 -1079.787859700099 0 5256.404228087195 462.8818504906426 293.9438966884678 7778.376154148438 0 0 -3169.850996776694 2171.756623719359 0 548.1755110038494 -3567.410848037645 0 0 0 5214.742660551333 -4318.847601790901 2506.893515191546 0 266.6835115102572 0 0 -938.3660631391236 -943.1297917320684 0 0 -1972.448948472617 0 6083.539042271075 0 -610.464084558072 1120.854028708453 -5624.895740064837 0 0 0 0 0 384.0246390579568 0 0 47.56158027537845 0 -4484.996766562984 0 0 0 -3625.889495430357 0 0 0 0 0 0 0 0 -1970.989013662323 0 -1948.591566835917 0 0 0 0 0 0 0 0 0 0 0 0 657.4509769849344 0 0 0 0 0 0 0 0 0 0 0 0 0 0 211.5275766171966


GFLOW: 0.144 0.387910735735471 0.387932961390227 0.7032641637604324 0.7030285376502532 2.797487519208723 2.79749424618901 2.542884635644683 2.542844796040296 -0.2785274884731034 -0.2771394656887345 -0.4083300798138934 -0.4111492160265743
q-corrs 64888.56172685669 80138.12532449781 20241.9308388525 -3719.730481032662 -7356.522994889649 -15342.45420304878 -8992.677598988757 0 -1243.533872570172 -6737.106029258359 -1799.835281943487 1429.260637347019 -1711.042818125304 -1661.399093273498 -1132.356492703459 0 -780.133847047152 1737.180018762842 2240.699677724883 1207.383590091623 329.4083569500072 -2816.31554663369 -1573.009998665892 0 -4977.094117812308 -1383.461320839083 3422.545380729272 174.2946604440511 0 -745.8009033236879 -1239.899030113591 0 1447.198525545844 1805.062736811422 3.784660302580846 3439.339939778948 1352.068458079884 1142.477570935715 -767.2797706967245 0 2087.413772761161 2882.882161565331 5749.253782431364 -205.406725734723 -1771.979893457499 -1288.198634396404 -477.0903306543487 0 -1313.125174913473 -1414.606180283101 1159.351016311256 -2060.821936503415 478.5634240582617 3025.910271741983 -749.5653096149806 0 743.2874284754439 -3994.101137066056 1926.139873007635 1775.798371916803 0 4128.304643426281 -2156.031699856171 0 -286.3670921906656 -3211.12089416917 -4907.963582016642 725.8687942261663 2789.128460556586 5657.900944295641 7573.61766451131 0 -988.8287408843421 2633.013977448871 2402.852666219001 -1777.235175605431 -42.27281443140686 2987.486761851707 1709.910827722189 0 496.4116507237212 7020.338896707861 132.6092201738944 5436.846682214134 3120.166182359947 -3078.152940156138 2960.519597258596 0 1614.032377760401 5471.601727951403 9315.606303763165 0 0 2672.188953204913 539.1313593014552 0 2494.980274576607 -267.4371044141865 2385.621149748209 861.427435732565 647.4357790751056 4369.610159126379 -371.1804062210595 0 -411.7390477285488 2461.041396712598 0 -107.7595873001941 1657.723300891027 1372.997621032076 -666.0244807857318 0 0 3206.983773478575 -1666.607235090513 0 540.144436773506 207.6770554712751 0 0 0 4726.924083100677 1767.644329378001 -2951.943950078944 0 -3115.167419386084 0 0 531.6231107433164 1292.523233507308 0 0 340.6472835794817 0 -467.5757230478415 0 1832.742445329583 366.9790698576312 -2708.656015360013 0 0 0 0 0 1069.127091775214 0 0 -1525.458432084413 0 -2841.340030189926 0 0 0 75.29096182551069 0 0 0 0 0 0 0 0 -4056.483247639665 0 -1736.177037155218 0 0 0 0 0 0 0 0 0 0 0 0 -2836.821569889553 0 0 0 0 0 0 0 0 0 0 0 0 0 0 -471.7985406309381, 12822.24016582215 9670.080447065428 -5734.734980061745 -4723.821796739539 -3535.879591596842 -7173.437571806793 -6002.291325575181 0 -307.4653336161583 -3939.946812701105 -1309.074954186518 -1112.465276076899 -1362.097973266089 -1349.407350989869 -3339.150775529201 0 -83.78300867957282 -2613.098614798273 -708.3550953484817 -382.7178656945679 122.0526112191228 -3009.29459239165 -1374.204944661856 0 -3123.402875274164 590.9652874942828 -663.4514429061489 -1469.605272074777 0 -2076.606330742085 -1756.767453445712 0 791.359830641637 1698.842804581465 1641.035716224469 2512.60921051526 -73.04815781238335 355.3359268772908 -1876.590481144822 0 487.7604760874913 -1719.90385710024 4016.78287619547 363.7592751178405 -1138.852867086663 -2060.857027942623 635.0016833218469 0 -475.933316571541 -106.5220012443492 -3207.197189798044 -821.5833758278716 -536.1905071783733 1638.980319352321 -1249.63040527732 0 -329.2103310440648 -2606.688062150337 30.58944085730445 2366.39894984767 0 -2396.893823155786 -3990.482479810858 0 -419.9621226980576 -2052.629277083535 -154.1167878817264 202.2297109255122 403.1165436254353 2756.761967892452 2650.380308170998 0 -2519.472421021846 -617.0189770533193 1843.184746464853 -2330.304152868448 -409.7270059479488 -1940.483764941085 -1036.975871468373 0 -376.6785262288812 1754.327938446329 -1495.369929345114 3317.903635439372 -50.61606666290498 -1324.492301506612 1658.431724960683 0 -497.9177764357346 -742.1012087200465 3718.404231623072 0 0 -16.88591030325153 1532.939028075175 0 946.2529336168557 -1411.827011101671 -1154.332360815491 -2201.868852070924 1332.943133379444 1846.234804336984 -1707.021329327812 0 -71.81282808181356 -65.29607069747101 0 59.05714043658355 8.517905374495683 -481.6157097108132 -2226.191299820934 0 0 1450.735168371806 -286.6403500462149 0 -1285.104016575488 -1223.953630346369 0 0 0 1212.999964697203 395.7466078267685 217.8815467182949 0 -2558.733036553646 0 0 260.3822122413594 3801.557079665094 0 0 579.6211444246679 0 633.8900339710224 0 1086.154542749072 566.5675485387101 482.472531383389 0 0 0 0 0 1461.991680486563 0 0 -85.92294812896927 0 1432.298227951701 0 0 0 372.3246058857113 0 0 0 0 0 0 0 0 145.889137007569 0 0.9126326731248753 0 0 0 0 0 0 0 0 0 0 0 0 -272.0663542245837 0 0 0 0 0 0 0 0 0 0 0 0 0 0 -163.6509327796453, -995.1724977367135 -3029.639782244089 -3624.486015885758 -1829.841506998443 -881.9986385091281 -2689.020072715664 -3791.727602263899 0 662.5205376479464 -1175.27920200633 -345.7215539847468 -2329.82381658206 -1209.900827177947 3190.21820407468 935.9993960119565 0 120.2543726402696 -4123.917112022928 -170.3667255502517 1830.509007730159 2417.497098444734 -1889.780189225335 -2516.826203229582 0 -1331.721343122742 847.5064258673916 -2345.038838588364 -3808.427771708153 0 -390.9166542357486 -1549.66921314789 0 -104.1820875553994 1923.397149574475 2456.449783697439 -1274.951337857355 62.67314310083054 1371.82287371521 -811.558469323177 0 750.4721094992133 -5098.511353822345 -2377.29721306716 1984.468088371883 432.8549917819551 -766.8122085887851 -1638.832294565188 0 299.3301886563253 -2650.875971520847 -2429.226246636226 -2547.29552385584 -237.8544995970773 -2069.527769921388 -5063.065989181337 0 -2249.811250997663 836.837281043751 -1873.572124932487 -2197.411353561024 0 -3018.6878203609 -1079.398088111312 0 -666.6024162067079 -2784.171117550496 -1305.329996101657 1356.899441499957 28.82533474080924 -2440.868214175843 -1308.767390989628 0 144.2904306933516 -246.1830337949765 -1235.135981783772 -3004.700783345236 -1178.413777363189 956.4372402307839 -4526.445482628031 0 -122.7660947460523 -1142.16965337116 -146.1974613207965 -1782.944818833628 -105.2412084911226 -481.2798321833288 -2145.848941311423 0 780.8174564146191 -6534.941098678898 -3683.722468516245 0 0 -901.9851694443223 -1859.594919854534 0 -456.0336434059158 -1600.451967114368 -2707.590074996126 -3158.486007947429 -116.5899207185126 -1329.373067170628 -1294.56036860882 0 1079.292177140862 -2683.218004688883 0 -2791.186812874781 -1233.673065715692 -1967.011615402499 -3179.694802126977 0 0 -802.398597592301 -1322.075488926036 0 -1700.709898055683 547.5254437064696 0 0 0 -541.3586228811319 -1967.437548345888 1829.603749784709 0 -1605.991447983712 0 0 -252.8092329082031 4771.541506410184 0 0 1218.918649444166 0 2021.266414908734 0 -509.8722421521662 1058.276666236169 1356.97269878655 0 0 0 0 0 2085.348047463351 0 0 415.2152120386121 0 1260.330476779784 0 0 0 572.0477261621254 0 0 0 0 0 0 0 0 877.861231571321 0 946.3044957003603 0 0 0 0 0 0 0 0 0 0 0 0 953.843533040385 0 0 0 0 0 0 0 0 0 0 0 0 0 0 9.084452646952982, -207.1194323238458 -266.4951064976129 637.0363818478143 756.2814169842076 -683.9865545087691 -656.3902825983657 -1912.762788033685 0 1600.969351667701 -1208.797901548726 -378.3784643935225 -1179.048937856477 -822.2739149028334 4003.155797819436 2607.936069268917 0 175.8753516689142 363.2347006534698 1993.14014952236 2199.732338776113 3041.178552610043 686.4662463620127 -1296.908188561082 0 738.9093587486943 1020.658127171095 1921.602923641793 435.5804708627014 0 -3058.503675680076 385.1346303489315 0 -2239.729656461598 37.95252226694748 -735.0378399340266 991.1534973087527 -2077.057099671024 1363.464170789903 2441.439838832931 0 838.0646290203903 -1024.58349344189 -2713.01361627273 -545.6237813085628 2142.58290700997 -2559.07954744851 1205.543093291985 0 -742.8144454020298 1606.36057789683 859.1446478466935 3152.394338714053 -974.3134718145707 -2778.201647149415 2020.496404247414 0 -1783.032170512971 2409.606533953791 -2104.861345744945 1764.196842300458 0 -287.0172226228492 6517.417858600383 0 617.7461594083529 3230.52271356247 1147.47660231378 1639.020180787451 -133.9170243199546 638.4485662586558 6044.531682964904 0 2150.534209398364 1399.555570288319 884.8357150093427 1952.255497959265 1617.66922866027 5930.491498465592 -337.1765722569625 0 131.4981170838338 3320.31392901107 478.113674358228 1286.110918474925 -159.3723525722023 979.39848573319 126.7698495211417 0 1833.685622022567 -503.6798618484031 1507.287435827163 0 0 -108.3708740206772 2615.597547665026 0 -419.3977921935472 -2760.319130177652 -626.7964506156198 -2369.325377424121 -403.5865750404665 -1123.000021345595 -892.2254773238556 0 -712.1214998625967 558.3806885967538 0 1666.420378090374 -1179.458670754671 -1051.634385678085 -4470.69947349121 0 0 7.217828043914722 672.5711279546421 0 -987.4239512656607 430.6821474005858 0 0 0 -1634.006030113636 25.10397677662411 459.6170863402418 0 -2933.084119674166 0 0 223.1609362758783 605.1722650579482 0 0 212.6803258210352 0 -179.1256613598803 0 -1821.115337294242 185.5741229131895 -1821.242179567009 0 0 0 0 0 751.2646517478296 0 0 -281.0852349584918 0 -1822.577248262204 0 0 0 258.4528945372978 0 0 0 0 0 0 0 0 -559.499990383808 0 1120.006333982444 0 0 0 0 0 0 0 0 0 0 0 0 566.8586752450479 0 0 0 0 0 0 0 0 0 0 0 0 0 0 12.95097412313515, -236.6871206486539 -467.8267353655202 187.8521687858998 320.6851384513308 -760.2543426708667 -1938.267623313734 -1902.242312120956 0 1461.529032462692 -725.2160468441385 -2006.291476081998 -2200.365514155811 -157.980661169515 2180.440414628308 3089.196271884239 0 -694.2188545428819 -1214.205507545607 -1438.153644413566 826.0991602608817 2133.850534795353 924.3373717967927 -1956.611776890516 0 1537.353666979576 201.1667660146728 1344.357153117144 634.4551922631483 0 1814.451548127721 2496.646442350607 0 -1986.318274189052 -440.2146757543476 -358.8508983322513 -1380.5312645112 267.7351253436975 -281.0398206871025 1622.202978995548 0 -325.8939699566222 1991.094274416735 -4459.931264530027 -11.54722850247435 652.1514881697032 -423.904790422118 -912.5495337461109 0 1266.204039629241 -1856.208336247381 818.5721894798705 -430.4411293869634 -1393.079960222069 -3310.50261993698 -2126.700693143666 0 -413.6542181335169 2330.944848671681 -969.9090454748734 -1231.510836046091 0 1303.622321112595 1796.701562906004 0 -397.2844965790945 -207.4529434588368 336.0251308130074 -181.972108306819 -2995.891403856393 238.3480278185937 5231.586058210465 0 2321.36874404578 -312.5905941493643 1195.937140009934 3024.650143254293 1232.116655742881 2727.585556667754 3534.322247343181 0 -1141.664405716685 -313.9368284668874 1535.807148588249 1679.528654513306 668.501493518542 2155.668362461571 2384.46959902982 0 768.9633777437828 4064.873112447787 -3403.783731694179 0 0 2828.415374402339 -1444.177094786969 0 26.92088729627079 103.1280031663459 -91.97190841540021 -3973.658967391739 1199.091153996236 10.22953921198649 778.5004255344588 0 3715.746276652535 -667.2904228339607 0 1258.782507958842 81.48007686515615 327.9060745128273 -795.2629582127668 0 0 305.1199615526627 138.3093494398112 0 -461.8590261329907 1832.895916548273 0 0 0 1364.282982086754 3434.244304283387 135.0234286647184 0 -561.5077881162481 0 0 -185.1700551724541 1972.563970545736 0 0 -365.4006445203339 0 -1240.786390935507 0 632.5571493722198 866.482546419604 -640.9095446299805 0 0 0 0 0 458.6880409931322 0 0 -472.2835717931531 0 -851.7951805266915 0 0 0 -481.9217856939859 0 0 0 0 0 0 0 0 -882.9861976196977 0 406.2681428721912 0 0 0 0 0 0 0 0 0 0 0 0 -761.8688165379635 0 0 0 0 0 0 0 0 0 0 0 0 0 0 -358.6344822294499, -319.6825945071564 -686.4997061303911 1048.220904821021 1196.475910733537 -440.4218491590971 741.3367245451536 93.84936907545477 0 509.0631126400315 -1782.875008742765 -350.148440014868 -1474.231928201342 -1077.076463158276 247.1854629195344 590.9829660957505 0 -619.2842553466404 -2233.6774300866 -1767.79947146569 1030.863781957976 411.3698732364883 -860.6165209290469 -2035.546468537885 0 -459.4212465619706 1451.575027386824 2291.408692629989 1572.41453921895 0 -1507.227901019825 2633.079751011889 0 166.9606982830053 1926.531916323421 396.4827441362389 -564.1077034918143 -858.8653898275825 2284.997740527268 2024.384150848338 0 700.3371812807931 1464.602763389642 1636.876709890632 874.8981464927147 -435.8055563396334 1389.736226593199 1379.526201023742 0 250.4489374627435 -520.1009960734492 3354.397865321298 2650.534468710819 628.0899233404625 1902.43876414175 -188.1119962317634 0 -654.931061710711 -85.12777442651816 1669.067041481266 1742.582880285551 0 2095.173068696751 733.4295212608738 0 -285.9706682749118 -5312.789711749201 1686.254810248999 -561.9143135659888 -783.640578384684 -1123.409931283567 -1585.202582941458 0 241.6894054351062 339.7219375001852 1262.783516317994 452.1664345013496 -872.6725190354094 663.7629704293508 -2037.332796504332 0 -1589.914051211487 -3453.750579085074 145.4801466329633 -192.2935686896112 1315.241053710734 1697.148864917717 590.8101330744839 0 -323.8642036747791 -715.6167142740014 -4948.814370179422 0 0 794.3143468994367 -2359.724836222199 0 -196.9942857324273 -1461.46284723425 -688.2257369930192 -2846.649897205395 452.5132185438844 -1525.444160472844 352.5225613281311 0 1333.948891885284 -702.0064355723011 0 -1075.392493231127 -1357.905043202493 -1649.586851754258 -3517.150481335822 0 0 -409.948214061894 -2410.804465709611 0 -1892.299806717454 -380.9487072869701 0 0 0 -2872.775201001067 -708.2711810365693 -573.7233117016146 0 800.5705764154623 0 0 -420.9922970396947 -2455.413445391405 0 0 -432.6401003538273 0 -2352.796754328841 0 792.5058038929542 576.8794171046026 -464.985906121459 0 0 0 0 0 68.23454735982696 0 0 -334.0842398963657 0 -1095.055594326931 0 0 0 -495.3158638033503 0 0 0 0 0 0 0 0 -404.5412432162675 0 -692.0901874337842 0 0 0 0 0 0 0 0 0 0 0 0 -518.4153918052398 0 0 0 0 0 0 0 0 0 0 0 0 0 0 18.41338858093845, -41.30389429304199 -536.0922493963812 -1118.130758902749 -251.3295395149019 -973.4109763941568 -84.59934219015645 -293.5767126820924 0 330.4839617017245 -2325.153246419133 419.514826511911 -759.7682325202481 -1627.276074189644 -1301.664594034181 -839.052875029603 0 425.5621065181621 932.1272292226117 -1216.035818112983 224.1838087478588 -614.4131372291225 -827.217598463954 1300.622735242872 0 979.2791259017824 1956.864032089644 3181.803156364643 897.9942042640137 0 -1078.419939664224 2434.665200384661 0 625.9441242886476 4067.706069504919 -462.1509229243306 -35.50950788999785 -1026.860591549854 2972.34367463356 897.2711992652783 0 379.8149845318718 -2235.423533795842 263.4542699001272 -723.9535241602354 -472.9518463800969 -2163.819097821442 -4194.30607313928 0 307.5379346115051 -265.1883831880203 5771.581672126661 422.2480153837627 -1118.679128458338 -3967.917133291668 -1861.734291709106 0 1098.586842269473 470.5706382324257 -2178.050897812273 -1218.972129099652 0 1790.820711070145 -6980.387324885589 0 -145.8377755382038 -1181.128250523543 467.717808248552 -281.7509277385835 1590.582396009393 -1442.296538964871 419.3026712241136 0 -3034.336806265952 -3388.122088730493 4279.115076916436 764.1726887522882 332.0419175958926 878.6286850903543 2954.915958943227 0 -389.514002072516 -1114.458774043298 195.1164303833698 3342.541311818527 -32.90955919311506 393.2160698780187 -338.5895387196733 0 -129.5639793304086 4377.11977440726 155.5001781237321 0 0 2370.031871693636 1726.195158620835 0 320.394559173225 -1418.573781317844 1506.217874176601 1154.32274797506 -199.0956960066826 1179.577941543899 2482.250025047288 0 -251.5670137137653 -6.446875189453124 0 1002.305196359927 -1067.306682546705 -213.3755861586357 1919.986314398395 0 0 621.8516352953407 102.5954251745791 0 -178.846992281504 -1114.582917937533 0 0 0 -602.517542303793 -660.0202912958803 2313.713541122151 0 2743.682778534784 0 0 683.8909461699168 -808.3561198522389 0 0 -386.6699628500693 0 963.606706525925 0 166.2213826656463 600.2487757030415 1104.433233306046 0 0 0 0 0 -129.1268859575495 0 0 267.9630428268035 0 1078.362684327983 0 0 0 9.24015987913387 0 0 0 0 0 0 0 0 213.1404771229824 0 824.6847036173449 0 0 0 0 0 0 0 0 0 0 0 0 788.0278604846465 0 0 0 0 0 0 0 0 0 0 0 0 0 0 80.58049976363093, 737.43430631099 1330.081793723377 206.8961330729163 -609.7821900495054 -818.4187846027328 131.1433952985565 -60.52843620954081 0 -512.9907504399749 -2394.429832052674 -1467.469634054771 -675.5138490292254 -1351.16514122051 -1057.176434884471 152.5254144763762 0 203.0307884901395 -2164.197100205172 -2343.29194758626 1450.063126814544 -2312.475161979078 -3407.677334824091 824.0947381220185 0 1361.109864057151 476.6303710173562 1457.413550696489 234.5169269683573 0 2672.044829485826 9.230519167926673 0 694.1229845838801 2352.270368814837 -468.062154306775 765.3090297184634 -307.3155954104384 63.62717305497728 1645.522512989989 0 -1661.673125344442 -823.3914715749357 1667.453563824407 -832.6561534827788 356.8976252123016 -1709.320655097117 -1368.316371544021 0 1518.838703368117 959.105261591749 3373.796739060946 583.0783042328737 -1028.087481040028 -2821.889373658794 -3346.230736251376 0 -729.7216445210311 1873.30348428695 -969.4913412645076 3572.668517742784 0 -1363.613863972747 1267.808451310517 0 321.8932217937252 374.5376478123484 3148.273057591369 -775.8659185508153 477.2097290492118 2413.654274010209 1364.558253056821 0 -3350.28875797964 -3270.045306119841 5203.565511581312 675.0812057308669 -603.3667850635318 2148.638075109955 2626.790248393022 0 1563.448423874169 1341.457650699046 785.7132435259543 -175.2715865846044 687.1140564094263 -1015.507499236772 -6099.147212192021 0 383.3339623877063 2984.767337300564 2502.128401839257 0 0 2290.388979826694 2859.168678942291 0 -426.5991201878524 -1693.036450236804 -1726.055298653284 1267.824758509632 -1108.409678232614 -656.7081059689041 -492.1493410944595 0 -1133.480405324709 -854.9157736880469 0 2422.981713586938 267.5687130031161 841.5145466163178 3073.956085813986 0 0 -889.5112862917654 1436.709932036009 0 653.974387093246 -2344.399097984948 0 0 0 2756.879869126715 -490.0206930803313 1305.894055079186 0 989.9694116906381 0 0 -393.1764412939475 -240.2887260470761 0 0 -648.1460710370158 0 1840.619204727506 0 -321.1791802808464 423.9939545363931 -1494.290712044663 0 0 0 0 0 -278.5632396812053 0 0 165.6883699572623 0 -2008.967544544214 0 0 0 -1250.314643805618 0 0 0 0 0 0 0 0 -343.7901046877682 0 -939.313101493549 0 0 0 0 0 0 0 0 0 0 0 0 716.9722373352836 0 0 0 0 0 0 0 0 0 0 0 0 0 0 249.2742053162183


GFLOW: 0.216 0.2526627130376198 0.2525457805949662 0.4248353092171729 0.4242441419431879 2.897617543795521 2.897664494409753 2.73819609690414 2.738322141037518 -0.1679113539351633 -0.1200659391141154 -0.2400100786667707 -0.1846048201516186
q-corrs 27053.9790247585 49772.95319441707 26272.06953410559 2600.789922331795 -2727.456348452909 -8823.028239880401 -6631.217086435838 0 -1362.672758328374 -4242.439119015817 -1929.915220037801 -705.5031935489662 -849.5308088235303 -589.5036996876677 -611.3903812565445 0 -515.0863425077096 -654.2627935736703 95.21905865673742 605.1028341772636 -283.096634374317 -1351.399503377611 -533.0563956498881 0 -1818.068893800446 206.3937637395092 664.9819957371232 -583.3222108271566 0 -1727.920641210616 -354.5532183835599 0 1658.531323693503 1302.184085628261 -383.1425941051882 1300.586038710525 -85.90884497420079 465.2429708002773 -1359.625117666451 0 710.3615288964866 883.7358914945155 2798.055774562631 -842.5614574816323 -758.9339524421339 154.0908122333853 94.3414874579135 0 -1027.109588315999 -862.6375039935391 211.7410059499376 -508.9594479885988 429.923031147491 1503.604929414311 -276.9679227087706 0 542.3251607915463 -3120.745623950201 1009.02725228108 1666.624238114988 0 2283.384253155817 -766.3447143669164 0 -193.0595288233395 -316.3791702382522 -988.1560642021776 492.8254807490332 1492.59438992391 2743.48648492034 4624.940012948457 0 -1124.299098297344 683.7784085438619 2458.080695327691 242.7679819405299 -11.12217355602172 1943.274453034925 1590.920969609371 0 332.6662728540082 4781.339566912155 308.2191839461141 3496.507854101447 1550.006573168904 -1130.68441615966 1343.952401509218 0 822.9455660729208 2836.67893811734 5463.687903893074 0 0 1492.046935921825 1339.839029583199 0 1394.673045802217 266.1787166504903 1310.634368453046 558.1739348357748 517.4166604182911 2650.479749877134 -229.7736131574782 0 579.4815724812887 1453.823443202739 0 148.0674735459121 687.335003704314 865.4225742907647 -445.8771272171088 0 0 1406.334084319682 78.03623565939111 0 300.6958385874772 -254.3852910031672 0 0 0 1663.040068837937 662.5935573382807 -1135.086829508885 0 -1478.506048630226 0 0 354.9127245125846 836.7447055399867 0 0 -104.6075706038408 0 -408.8547194017721 0 764.1478181294343 186.0228861108804 -1289.483772555305 0 0 0 0 0 604.6704811107245 0 0 -909.114637195669 0 -1499.02100597637 0 0 0 -56.27593433698081 0 0 0 0 0 0 0 0 -2196.83874542211 0 -935.699048134036 0 0 0 0 0 0 0 0 0 0 0 0 -1622.298611508694 0 0 0 0 0 0 0 0 0 0 0 0 0 0 -300.8942874856047, 8098.555286617018 12709.29345112436 3572.406627863348 -1383.87896389976 -2217.945330740386 -6199.88451811026 -4964.056519036833 0 -928.8297748518021 -3202.522681696103 -1774.63270592771 -1601.525943724241 -753.2480231005528 -854.5102623887446 -2111.557894537279 0 -350.0578249504705 -2157.292979278121 -1215.983559678574 -361.0335251307366 -348.0561946585227 -1967.313968047167 -524.1709545955912 0 -1470.426626183303 264.7028126212094 -1030.824397340507 -859.6592800145984 0 -1469.459849410713 -647.3739092394849 0 909.2687723908206 673.9262112667245 499.6507918040584 849.2191724200964 -325.2655829413478 185.7561762133605 -894.2672432386471 0 203.1082817696148 -113.7909659327908 1644.795389810974 -33.89505007161102 -101.7589635232494 -462.5642433552397 482.8713483036089 0 -367.0702231843952 440.3285404415734 -1171.257850322643 -465.786038304456 -64.04863951538576 628.9267972368878 281.998325569106 0 -206.4966170456798 -1511.132458017885 150.1571944503155 1183.401122858131 0 -712.4531170822066 -1398.214520097898 0 -296.1991454822831 -1327.54058846411 -502.1002829725506 448.905484413221 427.3133678357586 1318.025813923262 1654.239501726737 0 -1315.622892062643 -559.0846203962942 1082.589405913794 -779.298213510696 -346.8894257634591 -509.1280565559325 -325.1676988304316 0 -247.3127333697262 1260.122295587852 -312.9509742190855 1605.401775800731 141.5690888788232 -678.5099809935056 -318.7533331699157 0 -379.147536013752 -531.9470627083728 1765.23918932447 0 0 113.6879875361515 355.3068303058657 0 421.0634109020173 -707.0414574027756 -448.0901552394629 -1892.790017013749 792.7249276963761 918.2528568092205 -1116.956928997276 0 -175.4492676808298 39.77495362678661 0 -233.5568034495251 23.8893120541282 -56.23232817828455 -1727.846432071912 0 0 387.3906500540107 -492.8806798945176 0 -197.6833298038273 -836.6082355624976 0 0 0 573.1077973640784 189.6650693930287 119.4562273698295 0 -1221.320349858079 0 0 76.69707809464576 1792.712718707643 0 0 31.73362579904749 0 809.9255012014326 0 649.3400486521708 317.8528415528331 320.9577595219181 0 0 0 0 0 842.7979123472742 0 0 73.89134229270223 0 932.5889701786531 0 0 0 170.2627383975164 0 0 0 0 0 0 0 0 -115.4375757458082 0 -48.46867278250922 0 0 0 0 0 0 0 0 0 0 0 0 -426.6535950287118 0 0 0 0 0 0 0 0 0 0 0 0 0 0 -148.285821088583, -416.338209174571 -2068.389046517032 -2929.083738047209 -1517.484899320395 -888.7095047825874 -2265.502107020337 -2616.025945834644 0 6.229794021544194 -1597.712836703597 -457.8146030516299 -1427.476314600097 -801.1655736113835 1014.139640923712 -937.0959090449843 0 -38.44618149762709 -2211.218279793478 -278.1113174809601 339.2268471105988 713.09936403056 -1086.578920235009 -1314.587161820684 0 -814.0839992710141 266.1164065108173 -1623.720581595322 -1776.299759222125 0 -1210.379173514248 -891.466333632296 0 -57.16484675824216 -40.1419843205681 307.4108991220867 -456.7714332610831 -368.2377895267314 135.2216232590761 -946.8381390737776 0 -219.9568858655332 -2044.057191867728 -1072.818825245327 234.7751524747099 448.2055293638163 -1501.146721136264 -620.8141776019147 0 134.6652609241405 -211.7273088410295 -1937.864546532318 -861.288440745059 -780.2787810889645 -2017.515050207052 -1659.590358229343 0 -1695.877605136483 381.0942394983385 -1194.125547351901 -1580.247004826799 0 -2140.21232698315 -124.6354103676883 0 -294.3491955352514 -2413.765360772005 -1870.242171056488 791.1573756972311 -88.41720898104103 -903.7744529520893 -98.22389440195263 0 -122.6089417223959 -643.8076034604252 -1136.967591377072 -1947.459895882623 -286.5850283533204 1209.968408958062 -1789.874361676202 0 -420.2896637256316 -520.3415943284458 166.9096856094624 -548.4337894413334 -2.550837469481451 -392.7934684166852 -1351.23285201597 0 439.7221077517181 -2744.213916518702 -2027.040753227584 0 0 -511.3831966413278 -878.7509679191031 0 -415.3847029746929 -757.2071430703352 -1331.505092901736 -2847.387414654163 -75.42854998106617 -946.1289876512128 -1201.176531207801 0 -350.0472228687966 -1568.73615456176 0 -911.2880121697267 -582.9923641684288 -894.8316311453534 -2061.284916706542 0 0 -613.9723889824493 -1235.434825761831 0 -762.7390315968296 -183.1354608715246 0 0 0 -509.8337778350358 -264.2002764265439 903.7060622313912 0 -1322.973357163644 0 0 -245.7404362070844 2217.658440763932 0 0 450.0568741268751 0 1119.818295726154 0 -175.3659567146487 558.9737287975437 1123.112704613083 0 0 0 0 0 1141.836022678975 0 0 256.8392874688303 0 1443.435271346121 0 0 0 479.8729659722057 0 0 0 0 0 0 0 0 447.6624204040506 0 667.7404037302773 0 0 0 0 0 0 0 0 0 0 0 0 228.6510019364039 0 0 0 0 0 0 0 0 0 0 0 0 0 0 -71.32687136924889, -153.2767341209387 -308.0670046090971 138.1871482420506 172.8781828868133 -234.3043531448376 -6.623780399956217 -867.9729683813788 0 698.481036515503 -1085.924251755371 85.72631688560156 -625.7304922201042 -836.2236588763778 2239.433850861189 647.0677168797311 0 94.32217042492893 -552.608453614348 1338.324487651688 1000.489281640559 1800.231159710851 862.8780047007759 -1033.443652579737 0 -238.8948435034475 980.5876823897754 896.781227977149 -212.5830571921491 0 -1081.681763385672 809.3737229563404 0 -747.7985338488976 -440.4522402747525 -575.1668277929223 817.2890482987809 -877.6945030795339 415.2777261891551 191.3738719258424 0 132.8331485518885 -927.2048344779369 -1285.494288458938 -750.8918940629179 1281.647216909243 -1515.343134362518 367.9015413366649 0 -311.6127763714834 786.4370899034988 -836.8963303047988 851.2664318279647 -925.0576333056623 -1416.582049383802 600.6339124870206 0 -1128.529535193417 1061.171034566994 -1169.566592462657 -267.6587798469493 0 -285.2157050226022 3112.715354659628 0 65.18843727367245 836.6680519073527 -368.4285135257115 1025.71768167544 432.3213728676607 66.00305532239133 2947.154885607009 0 995.844179546669 1006.060816272284 468.8414742350515 617.2101307402543 1412.193156428024 3217.031670685275 236.3872488016095 0 -176.6481824016974 2006.689962516755 496.3999577809627 822.4087006105404 -256.476107540297 413.622927775312 930.863222878672 0 1270.232110276123 874.7487324507031 181.0640649205731 0 0 -57.38710902589806 1365.9309109385 0 -15.99985807333157 -861.2796012198351 -371.3871718936272 -977.7358647188677 -248.8005265371498 -88.35947042775388 178.181908080891 0 17.28420117401737 -389.1250240243561 0 944.4482923332089 -595.0494096772121 -317.9090011919825 -2156.383518986588 0 0 -80.70649592770471 350.6800490825261 0 -605.9328701546757 899.917730696714 0 0 0 -1295.284634751573 895.875101514481 -17.44278487983775 0 -1805.885080785305 0 0 48.02403299228133 1124.766312224756 0 0 425.5480655987133 0 -448.2696810387694 0 -1039.787088955514 479.8501300663706 -359.2812851587385 0 0 0 0 0 597.6028926503028 0 0 -297.7273576411986 0 -235.2901180463656 0 0 0 257.7339470576727 0 0 0 0 0 0 0 0 -267.1083185656962 0 606.5586813780394 0 0 0 0 0 0 0 0 0 0 0 0 23.13575412923573 0 0 0 0 0 0 0 0 0 0 0 0 0 0 -92.40739485586042, -153.1828595171719 -428.4804725970201 -84.54644919319074 132.0610409411707 -342.4716938556015 -510.2027894247532 -754.6304398369014 0 702.0139919543559 -643.940690207654 -1309.015346814999 -1281.003312306421 -285.6425719980914 1463.2137329497 1483.528634617103 0 -517.8508661428278 -1124.756051130558 -131.1826798420389 882.0232579209908 1178.903914079032 1245.175256214046 -468.9733613184063 0 656.4210450908067 300.147750802363 776.2442227835604 527.4010026801782 0 761.9558490417492 2102.771121444607 0 -895.7421317650778 50.83056370899715 -292.8557806646614 37.97115618429183 -108.2949103656655 167.1405341649404 1114.494544032556 0 203.7199987396662 852.3496265217836 -1868.318794476501 -42.19646986361886 793.053933811281 -215.441185775264 224.8162338725945 0 469.60518780707 -479.4478287251671 -811.6889696563095 -746.1335492163372 -813.5770891946743 -977.6158068062236 -179.0162725128023 0 -251.5188955552262 1074.547106090278 -239.6650516654846 19.1309347044288 0 777.2294936638712 1814.539079620006 0 -369.9623796292308 -937.7619215670736 -751.5756146920387 247.8003943814774 -895.8871157821031 16.91603471263795 1769.589212984088 0 1340.703329055654 878.9594579178141 1018.212366013252 1313.913408150687 582.2818953639585 961.5316684341176 1539.342801641045 0 -603.5255460539973 -350.8920343697232 835.5809749725847 973.6949147348872 -71.92753931219295 1334.694197653684 1618.897561995557 0 582.0881337337173 2524.947908765607 -1556.197736782638 0 0 958.1657954923342 185.5559767851347 0 277.2590903689356 -36.59285775200408 321.4600140752008 -1201.923239090542 248.3909186374793 -172.3925363455912 547.4762244010667 0 1572.299146534815 -165.4466746066703 0 872.3092116419672 -97.16309024982149 136.6636667536179 -556.5840479590311 0 0 -249.7282261453812 -376.3137431609628 0 -342.7930698245046 987.6896014319175 0 0 0 -85.73115015941463 1894.074594562803 -149.5774419628848 0 -242.6807664811331 0 0 -199.1032418163767 603.9784547308212 0 0 53.66225173536834 0 -502.9158473003862 0 30.87924690332065 706.7259821359555 -348.9888472310662 0 0 0 0 0 367.5877808788034 0 0 -231.1087599680126 0 -278.5429691043638 0 0 0 -161.0791076081534 0 0 0 0 0 0 0 0 -375.6789032492666 0 97.3963030148841 0 0 0 0 0 0 0 0 0 0 0 0 -337.9903989727634 0 0 0 0 0 0 0 0 0 0 0 0 0 0 -147.960248627875, -169.7976318283183 -435.7240207314905 110.858974145415 393.1961020840194 -70.67103461907129 516.7795924049778 103.6366602842029 0 336.7677447848632 -897.6579076575547 -395.9570674077193 -597.2732465803632 -679.479770955033 184.8917089916228 341.9712133327586 0 -219.3858006278909 -793.7488426293319 -300.9918390290906 347.1470653597599 97.00460267361643 292.158102647944 -792.047134138399 0 193.5316649740157 319.2883832767964 1152.445886876855 1024.98741478678 0 -641.681910247981 2068.399337650675 0 -93.92253454042486 834.2461317837717 -294.9918385003826 -10.15996836575749 -403.4245952941271 1619.321001326548 1383.261010309621 0 900.3288264123444 1323.302012526653 195.2253912199299 347.9797790593798 -83.21047425879347 341.6712809418515 857.8817396302209 0 355.6864772664365 192.6317145194458 1456.216923957458 825.1243786106402 344.3501695754598 1294.853822894392 -954.4445151144499 0 91.23667835811267 -307.532687114952 602.357725736217 6.887112828489364 0 1079.181155278385 155.9407026514908 0 -244.6608828228511 -2525.915517252259 412.0201189129182 -424.860742144811 -328.1502805317027 -686.6708548689335 -1104.362816488693 0 -166.7552422588507 151.538581964991 234.2153279295942 479.857771340754 -622.8465644154052 -182.8394438963584 -116.8623528030771 0 -638.8532340275909 -1685.447358773792 -3.6365904090284 305.3748809517818 392.2092732380994 1123.953451236843 649.2242790294914 0 -26.30024333862663 -60.06669294902417 -1893.752857580142 0 0 361.0429303210527 -838.1346559140676 0 -192.2662008949443 -617.2438449570717 357.0821725514787 -1288.637854123188 107.9658242947757 -1208.604327029956 -288.4014781511158 0 242.687016635929 -193.9336210392763 0 -533.5437903697846 -571.4399174717591 -796.4725867099021 -1386.321232819837 0 0 -230.7800622723174 -2049.693158812973 0 -658.3820512689929 -981.9527891486198 0 0 0 -1068.813234068027 -448.1871559676756 -502.2485005937261 0 483.0229416551794 0 0 -190.7910932391158 -1287.697258359024 0 0 -475.1849654195594 0 -957.187547946837 0 302.6345030441868 179.7536743251321 -130.565350748513 0 0 0 0 0 23.33553480490878 0 0 -128.8299255976087 0 -417.0174259294189 0 0 0 -157.0890275034906 0 0 0 0 0 0 0 0 -126.2049382021254 0 -250.4360411697602 0 0 0 0 0 0 0 0 0 0 0 0 -152.0155069744054 0 0 0 0 0 0 0 0 0 0 0 0 0 0 -8.514869764544294, -7.053143202663364 -280.3166272749041 -593.231566400365 -322.9188401598737 -284.4874402624623 -222.7586207630934 -727.4251908315122 0 -138.0753399090022 -1655.091841582199 281.9792205908915 -153.9186710399484 -1036.167494215039 -434.506690688484 -333.1803520882048 0 310.5987460602564 505.8929167252886 -108.1704561744183 329.6611950463676 13.90683881061312 391.3399668479624 136.0429288268805 0 620.490459939556 922.6692739034809 2031.159055800217 558.5710559936977 0 -282.5015984396749 1803.906822592707 0 346.4174565310861 1859.143700577022 -663.3006120025537 351.3862576525615 -279.4150559391243 1522.438853176167 876.8898656435713 0 496.0437132721919 -78.41677539292095 56.09459673385547 -139.639661374966 -183.3574019128039 -881.0492341962509 -1211.430384278545 0 282.3247619242872 112.0877541722279 2699.156447515365 566.8761180437671 -499.9727918238416 -1065.671425300516 -998.9159782824513 0 453.5922797008421 183.6067046822583 -1044.765280277782 -1182.928983839326 0 1425.596405017027 -2740.30159002695 0 -144.7373760600595 -723.8889297426342 641.5558841798822 227.4509164213392 1099.135779450065 -438.5297037649964 276.9228638416432 0 -1921.561076679752 -1849.539155375364 2157.268358641444 1010.637526988285 269.86711569583 208.9620411565775 2068.438056119927 0 -377.5713802042073 -5.000459676589259 73.65796628865081 2041.57063842851 304.2146606154599 -17.00115319808879 212.8904140722607 0 -110.2192291712447 3102.083269190621 581.6394327293601 0 0 1440.637806504744 1033.440718634437 0 205.6392717873995 -324.2585152210092 1277.661290621247 -172.8614615599705 -67.60743365203575 269.3980020191227 646.55704493086 0 303.4666543454148 217.857094558962 0 340.0815632189616 -218.2249212808386 346.5917423276959 304.8612110018843 0 0 282.4244815877412 -246.8615558815778 0 357.7732491926294 -666.0226114007093 0 0 0 -167.0876447296802 -191.0438521465161 749.4029712896258 0 768.0321000411388 0 0 225.9165926641895 -294.6994529595169 0 0 -283.2620794777139 0 479.2262078457568 0 -77.73832213420491 127.4678682054407 677.5554250695078 0 0 0 0 0 -31.62998436683165 0 0 371.3417734420148 0 565.4746727190218 0 0 0 118.2455450547193 0 0 0 0 0 0 0 0 631.4603303460207 0 361.0545413099833 0 0 0 0 0 0 0 0 0 0 0 0 521.5135190940891 0 0 0 0 0 0 0 0 0 0 0 0 0 0 79.39980029811434, 330.4970434550014 708.0574593319883 220.8785787958344 -290.550286459209 -198.7445436078564 91.61590837299002 -256.2136051352338 0 -165.6194705542353 -1265.427549404541 -239.8621590966174 -108.5882218068506 -794.2006524018648 -566.6067735590095 -331.9540534089 0 -67.64283475644982 -1143.548052764971 -924.1504802489292 559.2527805101162 -1137.56165763241 -1062.58661191307 456.4957529689535 0 772.7855206445137 386.2208112269221 608.5689746388296 -421.2530794200869 0 689.1816037962218 -545.9857171669154 0 495.8462107109223 1267.95318462222 -117.985494551157 203.5726251248059 3.631656016732677 -559.4305683932928 -235.6933192731316 0 -1169.122761050672 -675.6146855347288 148.6400647758958 -585.0975318501435 -122.1760790963207 -1536.583077901693 -612.8385686950614 0 713.2577808794324 -171.8013697560651 665.189934335003 -469.7479252496529 38.33499203563485 -1448.947544668118 -2050.202174829016 0 -807.601071339347 1388.864698209003 -362.0347578200899 1352.426469844334 0 358.6259388700925 8.684251212381241 0 73.14867906038796 495.3312618850926 2652.496977844515 216.8328455250941 621.7513429654257 1394.366384262518 534.6953121991655 0 -1668.43711646572 -1785.606777314554 3090.368048509795 1304.078886682262 -17.22156139114935 694.6479083304025 1916.788888524919 0 648.870922467032 1193.948816652135 281.0397824051414 308.898588834496 884.5138332351457 -955.9319020223705 -2403.81349533816 0 -127.0721433318344 1817.390106976357 1338.403970936214 0 0 1235.797827839667 764.7370141703284 0 -207.3490460849549 -618.252549787583 -523.5368238212541 -404.4443722785087 -427.3291519602832 -158.1067945308997 -696.0881959430412 0 -507.8263672067736 -361.9687966566404 0 559.4232336016162 233.2807286954809 389.1781058995984 1228.279512762389 0 0 -374.026449180911 245.118156457225 0 643.5717029858756 -1434.739413359044 0 0 0 1159.021460382152 -92.44540304595466 985.7400209860642 0 613.7005518719925 0 0 -147.1265668401025 246.9792600365525 0 0 -342.380024239672 0 613.2713955268716 0 -194.7250101221017 135.0430980852057 181.9914123414553 0 0 0 0 0 -0.4379833536500257 0 0 -21.05422869699328 0 -902.2596997555696 0 0 0 -241.2571058394847 0 0 0 0 0 0 0 0 -143.6364508118473 0 -386.8291568169763 0 0 0 0 0 0 0 0 0 0 0 0 326.7735068817772 0 0 0 0 0 0 0 0 0 0 0 0 0 0 155.9103548396682


GFLOW: 0.288 0.1736256047166775 0.1735687437699158 0.2743933508148432 0.273838257997124 2.941787067874905 2.941846693725804 2.836312758207726 2.836446901467686 -0.1158237442938528 -0.05478357511843754 -0.1541080082003638 -0.0840346930520928
q-corrs 12858.54443093511 30284.76757839223 22240.08377755911 4657.96326866247 -182.6184557866646 -3030.73687500522 -3357.86860490695 0 -988.0610271874358 -2712.486046668764 -1791.047410667712 -1163.775797557696 -429.6765103735653 -351.1051360942824 -584.5181938351586 0 -385.8467693814564 -1057.414821233158 -440.1212747236916 345.6651010287595 -271.8972650893613 -865.8063562976051 -184.6353279065456 0 -785.1047767040066 412.3748772147467 -68.71746402994894 -573.6834323572895 0 -1193.582541808593 -146.8932417133635 0 1089.740036215304 679.8565288934582 -292.9870015218986 589.3862029896536 -353.5347573649913 35.72011312388941 -1060.319278908459 0 263.1409771540211 309.941684557105 1418.833172956415 -668.1845546076395 -267.5987113006146 208.3110854952311 310.9424855874989 0 -661.3833086347088 -215.441844846228 -140.7702683816658 40.54467417758824 350.8603586213495 1029.496375044971 108.3500727189206 0 578.8992983242596 -1840.713386619318 545.042821389841 1168.445478856559 0 1241.154371950607 -53.21288692176003 0 -90.57892588170397 522.7577736493633 68.42107770111863 381.3645932591401 856.5306541473929 1599.101701223755 2558.708463328341 0 -824.0690701524209 101.5273436363612 1816.232062161725 418.8076324246442 49.95880075028712 1028.378840229323 1247.979377892785 0 157.5558268834446 2864.296825033943 170.4743929380222 2104.519607319395 861.3891624694047 -464.2433095686408 541.5810144142513 0 509.3570299123821 1785.835352280997 2958.297627601559 0 0 951.7678877526458 1120.298499027135 0 750.5684850509498 122.3121113867066 932.1173365513756 287.3875650900267 351.0470225137155 1511.874369610139 -42.15320723198094 0 575.8073093874709 837.3366670383498 0 279.7263302313304 259.5943070444991 566.92365063127 -368.2121966333293 0 0 737.4086569073418 480.1034787049538 0 126.6468196125898 -110.2014790563238 0 0 0 604.8649797899452 427.4599842580492 -445.3051428386619 0 -641.7738306573733 0 0 228.4334520286349 589.6784486107356 0 0 -96.15043552383693 0 -171.6079261803018 0 300.7443667297489 137.5634206162509 -503.5102048281439 0 0 0 0 0 339.3965486146329 0 0 -501.0596738612783 0 -702.1269841431285 0 0 0 -36.53474470737612 0 0 0 0 0 0 0 0 -1247.986769194534 0 -466.202329659411 0 0 0 0 0 0 0 0 0 0 0 0 -956.386549550042 0 0 0 0 0 0 0 0 0 0 0 0 0 0 -197.3069467137974, 4960.782421979977 10834.05403439369 6704.843398207803 723.9477920094879 -879.3041919187466 -3461.27527832136 -3176.835708228673 0 -844.43984803273 -2403.267077021735 -1695.621037842348 -1488.1387760595 -453.9456356384367 -647.7060658112958 -1589.366370365824 0 -336.2995266489419 -1747.624086622216 -1068.710841673825 -247.1128614500632 -417.4472204235179 -1403.268324186958 -351.446199120601 0 -816.2930546576274 90.35044726173246 -990.0320641741937 -681.453882453094 0 -1070.599263067856 -392.3275541485698 0 582.9767099131386 198.0276790491932 85.77930696193442 257.7461984270216 -349.5607957799745 -2.246155379322715 -568.9086323942248 0 124.5800736755863 192.5074157483698 559.331583449312 -177.506942028861 162.4285817724161 -281.8892118777215 382.6861633114601 0 -272.0770953155034 483.2820274325431 -674.332990988127 -178.5072272650521 -47.83761283853484 265.3819167719079 468.023677918559 0 -29.76430353485756 -784.411293552106 122.2894184457329 645.7715722900869 0 -208.6165045317936 -332.6940125922976 0 -147.4748020474383 -699.9211477941765 -481.6101806170713 395.4525908168108 309.3414323240402 824.5759046510012 933.8326757857249 0 -646.2845983660068 -376.0535253548616 769.5814733749669 -437.6644489069059 -235.7926751756024 -59.34729765915904 17.59611779855101 0 -142.0140082937876 812.1207370937645 -8.988596654528521 878.4436536717667 220.6555397649611 -393.2660036283476 -677.2271772253961 0 -138.498350727828 -201.2921563733309 777.4700745814124 0 0 180.6024450365256 177.1751158673303 0 250.9601112214844 -466.1073980309225 -62.96370850077565 -1266.153666190188 347.8973731722573 364.4679277740885 -686.7307938807933 0 -120.5048334128593 74.6448624250707 0 -86.33638204428448 -20.65438576273753 53.64349316903653 -1078.442625035973 0 0 103.5674575831313 -334.5888487949678 0 -15.59998436560514 -588.0349914504188 0 0 0 253.874904042834 139.7697537906671 127.5366237080638 0 -614.7528590122778 0 0 9.873217874705063 876.9311170453905 0 0 -87.90598872629859 0 547.8053615477234 0 308.4445596542788 158.4350570847079 317.4047242137759 0 0 0 0 0 443.6052048613029 0 0 14.6520782023784 0 553.3189850801264 0 0 0 136.4938298295688 0 0 0 0 0 0 0 0 -228.5922220638219 0 -8.197986507444725 0 0 0 0 0 0 0 0 0 0 0 0 -364.9935765708425 0 0 0 0 0 0 0 0 0 0 0 0 0 0 -108.5285549182649, -42.4507457109372 -819.7162950957862 -1619.903160685722 -966.9310697350794 -662.9238799378891 -1847.96922209587 -1891.789414940299 0 -239.06701973559 -1434.309501214051 -464.3890504163966 -939.7959337601091 -581.8027821844867 184.4498961365393 -1317.086604133406 0 -62.96780810483253 -1570.980140651037 -357.7018643761339 -172.8535423907309 154.3839999169757 -854.6073979618365 -889.4358844620094 0 -674.0863950436093 26.90767398039128 -1171.949844282191 -953.5539107747222 0 -1094.085801956683 -540.1248532840638 0 -51.40260908600499 -426.4649241242339 -147.0162709740547 -314.140497216209 -422.4900230195495 -94.01616938093269 -718.946525198327 0 -233.4892549567501 -1001.677259269655 -824.4318505158508 -116.983574257206 350.8185008005913 -1386.860293607563 -256.0265435977843 0 14.954018418766 299.5399488948368 -1365.166541373905 -457.5159925166275 -741.0908865987298 -1488.440517312925 -578.8111687642906 0 -1016.211052273798 263.7636238110229 -726.2883153829173 -895.1538147629275 0 -1276.007567001355 -33.89288247650353 0 -123.7099965751187 -1750.463832020231 -1415.567618466147 526.1286934432376 -33.7926288211479 -333.4607710327724 107.1184554505825 0 -79.84330276863119 -481.7415728862643 -601.5831545129022 -1208.518763813312 -76.90839793578019 795.5455968044621 -779.0069147549367 0 -361.6245076553287 -217.0203924662689 169.8472328219169 -104.6228889260777 -9.097270726555948 -347.5602074303515 -1004.735836359681 0 239.5785198832954 -1314.625396219717 -1127.799285151881 0 0 -295.9713413909709 -336.3754434099343 0 -201.4244444731847 -421.9325770736324 -727.1611666394272 -1972.719963319739 -88.6091544485119 -619.3355062006472 -792.9323375011166 0 -481.0529405765197 -832.4311914695271 0 -239.7631195925636 -267.8241588732764 -400.0606742699529 -1333.351438406866 0 0 -455.8848487830655 -926.6448002797849 0 -343.3982762443119 -365.5707604506223 0 0 0 -306.7913276612861 126.2806629417934 519.0824363089379 0 -843.9126502957165 0 0 -175.81732491539 1101.92878083794 0 0 136.7609531111896 0 677.8345757453138 0 -47.77504942441465 301.6562386716251 854.4896489939815 0 0 0 0 0 585.694621461065 0 0 155.6133951043389 0 1090.60766478893 0 0 0 365.3423318947137 0 0 0 0 0 0 0 0 221.1013812706847 0 428.2652688335195 0 0 0 0 0 0 0 0 0 0 0 0 14.77171011108505 0 0 0 0 0 0 0 0 0 0 0 0 0 0 -60.33021583644492, -112.4936954769947 -326.8539612480678 -202.871050612428 -69.1206438436997 -107.0816117046018 -61.07265709744689 -553.609572097705 0 283.972059981213 -746.2609393965431 165.6573322001681 -308.2889067001005 -588.0554752687125 1096.095637386062 -93.09582166085133 0 31.38130768130097 -711.4754282470274 771.0042970093618 408.792069112616 994.9082823282288 533.3354470808301 -793.0740734179365 0 -373.1689259737729 645.0145747024949 414.2841404579194 -248.2936987473765 0 -575.6613953247064 574.1577489563734 0 -228.3372118030151 -306.9577574487469 -357.0436986801352 424.8410872118853 -471.1067220066732 16.17792041971691 -258.9970643238514 0 -29.83160817674469 -594.8992453378484 -764.6846852163221 -504.1823767900277 640.7253289705484 -1025.586728519882 108.9001636433276 0 -127.2031879759929 330.3765991431075 -1038.639331537529 78.22844765846071 -695.6254871936103 -1018.064972686125 133.8591071339072 0 -649.1903637510554 560.8845913918632 -705.2522706558409 -486.4215154663229 0 -245.7624847718001 1341.215976113674 0 -46.39474208772484 -184.3400011628875 -711.3239359879103 651.7422850200572 290.1271911709139 -74.55031233794637 1355.461809233649 0 511.0253944277368 546.1741194620681 246.5684516927139 67.58693273191466 878.1273409243613 1647.772802787636 205.6585090799265 0 -288.8778257345219 915.6921812029041 348.8071701193393 549.7535471974248 -181.8496892429816 232.2327755407582 798.8143628643376 0 781.4976982649944 911.6156562482297 -183.9658154091761 0 0 -83.93031862808321 873.2760524319564 0 67.65283987446787 -229.495849532406 -160.7421486697203 -543.4235860285527 -142.4170748670264 94.89201332090227 324.7222013166004 0 95.4892994993437 -366.9400841406576 0 672.4960369771231 -285.3871882507815 -37.446519524952 -1180.415756898215 0 0 -121.5466915888463 141.5982122747583 0 -297.5147684919908 640.8476226166824 0 0 0 -755.3992752216259 880.8186281507911 10.09558450637951 0 -972.47088490179 0 0 -20.50984706001604 890.1949846574008 0 0 308.0967787035968 0 -169.2218342386657 0 -465.7389959047557 413.2858911359197 112.7589658292012 0 0 0 0 0 409.8112838406774 0 0 -131.7287882331992 0 210.960231648277 0 0 0 211.4304458797749 0 0 0 0 0 0 0 0 -135.4558974246008 0 330.2044971598936 0 0 0 0 0 0 0 0 0 0 0 0 -104.7683688107134 0 0 0 0 0 0 0 0 0 0 0 0 0 0 -82.42136433976634, -104.1461633803424 -321.3583480475818 -196.0334726793558 -7.75074586265012 -164.8253112188721 -213.6573213754262 -358.4708105948165 0 308.0092709922681 -466.379560109163 -744.6917988341173 -667.0388294776681 -202.543407664013 801.0843900379325 648.9870920601281 0 -334.1446865835211 -729.7215689535966 180.9703056540963 597.1301888490872 667.4476133857992 928.1668737790422 -174.883294554186 0 315.9048699889314 264.4305006280009 613.0423004390547 363.0379447351688 0 471.66196587589 1415.921213803634 0 -366.3240292763212 153.3406368243125 -132.0658860607431 334.9760987086568 -87.49238095166561 170.6441549001732 774.4356937031689 0 302.0416056020193 684.3790925136587 -780.6219226457127 -36.06324451409236 585.9394263011509 49.60195060136658 506.0654736929289 0 178.1526946529404 53.32832914328318 -789.1378855872924 -498.9506804414986 -334.9117471467961 -188.272367612503 153.8486756553326 0 11.09090024932611 466.0294520329346 -43.31434912982954 112.9687635639149 0 381.550336140609 1208.189040614973 0 -247.6085789294455 -771.9658375749964 -808.2618733937254 258.2094065171719 -365.95809233209 -17.52848251831853 505.5517413379009 0 721.2103122071849 709.6063548189097 574.996660565358 474.521195143948 317.5359289912931 311.3077941709352 651.1823491947048 0 -368.6657590661599 -374.1874787783443 393.3793286097172 510.563519233019 -133.1231835565384 676.1852807586212 935.3238073388445 0 362.3209456919573 1302.828964820122 -889.9845648479687 0 0 289.93432414223 419.3958302393266 0 144.9073058166722 24.35767904468781 224.3880177521229 -511.4207209261805 -60.90884027910724 -150.9817402633124 342.6036785569044 0 609.6028353329293 -116.6481450643028 0 598.4664442250629 -79.01168438456891 142.3890290883452 -321.0432352742935 0 0 -331.7913267558889 -453.6113642971991 0 -156.7852461975326 456.2799862690874 0 0 0 -192.8183666268209 1082.915283881811 -147.6038820706484 0 -162.9979262884166 0 0 -162.1628882556546 253.1027325884785 0 0 74.5854184504721 0 -203.9456733038338 0 -54.86632026438082 453.6938815567653 -184.1217587633845 0 0 0 0 0 253.4360510082241 0 0 -82.95618286131057 0 -114.9046022613704 0 0 0 -58.0010747669715 0 0 0 0 0 0 0 0 -168.7598417021477 0 9.779138884612404 0 0 0 0 0 0 0 0 0 0 0 0 -178.0495808033821 0 0 0 0 0 0 0 0 0 0 0 0 0 0 -72.43918021943099, -108.9315564118955 -303.0027539735552 -124.3261452122154 69.64323951025696 -20.13123995669491 180.6799572382571 -54.32666166727529 0 135.6282850871166 -501.9621180502748 -263.6152084422725 -273.7819508367434 -317.6958809619958 160.812656777649 214.1718053292461 0 -78.02616997805683 -128.6606679251172 153.9537158200766 185.5956845860731 225.580483920193 701.0821340428722 -306.9595704415639 0 338.9737311240037 108.7689366459944 781.5978408708554 709.340229392744 0 16.15875088046096 1521.952410226947 0 -151.4690076387447 384.705705762787 -209.3139183923935 216.7247195555426 -143.3669101368247 1022.612719295755 1050.648603869358 0 696.6410330136911 1060.036464354646 -105.1556673088114 169.9239926955523 109.318104860637 207.9708846608536 682.1500256723552 0 239.2248104932583 218.6414759457527 560.7311509247436 121.0388343523661 185.5942731823637 730.1698679628071 -635.0780671937904 0 160.330176319979 -166.6688824800199 276.075159277765 -103.1376495958177 0 501.9094251137846 -44.3447765282632 0 -168.5977109139546 -1280.44942730427 51.70163334443976 -249.8099013257444 -188.1047698774418 -366.1389086415709 -621.9973320583686 0 -173.0075337431539 100.3097964990346 168.4718604077786 368.4382488439275 -325.3593189658844 -223.2241984638376 271.0590519026117 0 -270.1979616997515 -820.8009214754783 -39.07313754055123 380.974459669255 198.3518068108756 530.7647619098819 373.0376312434851 0 37.67597619219789 101.7613588421275 -819.4929829849968 0 0 273.0178527368947 -224.4773639535798 0 -110.8807948792591 -161.0103362425969 422.0909544454528 -738.879645636413 -55.86147369269644 -759.3258650611435 -350.9646447365021 0 8.990743563505163 -97.60376128453618 0 -239.1874333569528 -197.4983342089934 -226.235163692556 -518.1468274564236 0 0 -227.7776783732457 -1422.40485286095 0 -225.3073347574544 -793.5430582860452 0 0 0 -347.99685063371 -186.9433292357533 -253.5817798829135 0 147.4026025548328 0 0 -127.5242115904239 -635.2849485962433 0 0 -339.550127120118 0 -272.9820084050585 0 101.4053264911202 71.32566171725105 -66.37095054484951 0 0 0 0 0 50.97522146469669 0 0 18.0900143149955 0 -98.15886932609573 0 0 0 -41.61357389339575 0 0 0 0 0 0 0 0 52.50744747269775 0 -71.54746514384661 0 0 0 0 0 0 0 0 0 0 0 0 1.311272983734526 0 0 0 0 0 0 0 0 0 0 0 0 0 0 0.8754157364581374, -13.13185904967703 -142.7503541364159 -305.9884444581801 -231.2510400435352 -69.69633049036295 -203.2413986032456 -603.6188038083764 0 -170.6071849596611 -991.6570530936165 156.4875693468153 -53.27242677736916 -571.9814730353063 -179.2227922622648 -272.4525658761737 0 186.4850209221044 269.1311929062491 242.7972732372853 180.6117671026934 221.9141694649516 682.7094472768042 -90.61305575025642 0 414.132588829408 504.7634516943448 1306.491126471574 386.09972904725 0 209.995296957773 1226.25917673767 0 152.0661433471206 885.1734559357596 -245.8097888675682 403.9963064055194 -43.27170695875176 762.8586223929981 657.3775607895806 0 375.1605705198637 440.6291812861848 -19.96366308746823 48.49005834042151 -1.644384010967968 -298.8821992181103 -195.5994197124701 0 261.9666975811077 135.9313866317781 1338.07389421678 138.9231865197336 -177.5604319111775 -241.7363954853142 -567.200840016891 0 251.3604161659828 240.0932928549183 -479.9418488006816 -561.2737688956411 0 1013.772596014583 -1151.284091160539 0 -95.15114218447579 -419.7023638058264 735.5810239717507 261.0455959389026 686.0905531529843 64.88022088105663 284.8365724312848 0 -1060.906336491093 -900.208275677052 1438.289867107208 889.7499476680448 130.7030630111488 247.146079091761 1402.619936396159 0 -196.3748820861287 464.1058172148618 55.41123001644879 1406.514536012027 466.2313455950891 -49.1910405947074 336.5821082922567 0 17.64985358161901 2026.944529776866 687.0507824433328 0 0 940.6046976118505 654.8457498335067 0 217.7536283420946 17.08976033651105 933.2441819166141 -375.1848505601943 8.545209826058681 98.55378398816771 69.57885280317245 0 283.4315551667473 228.5157609510575 0 123.2723294581027 -3.839425272851514 369.1070623374671 -114.7396396771647 0 0 81.34924403942023 -416.1250183711877 0 245.8899098095064 -505.2386753172602 0 0 0 -46.05652950730075 -46.95984601734358 281.5951897852447 0 78.41955651099786 0 0 60.80097177418983 -57.38859810092043 0 0 -220.5770744230807 0 301.8808025763618 0 -94.30280465157136 31.54650349575832 385.8004862569893 0 0 0 0 0 54.53128921986124 0 0 283.9198855571735 0 363.7113991584779 0 0 0 124.0491988798532 0 0 0 0 0 0 0 0 521.6853775458492 0 188.8863413177409 0 0 0 0 0 0 0 0 0 0 0 0 357.6352476369684 0 0 0 0 0 0 0 0 0 0 0 0 0 0 64.00374776318264, 148.7070550026128 356.3843559963281 147.4141052057584 -132.9268421483314 1.901365266569478 71.31193917992459 -230.0144388316687 0 -89.67038009604451 -668.1071741721141 -6.443923256451285 8.488320919128455 -433.0503807409839 -318.5385879850051 -305.4407902424027 0 -131.8816939536628 -797.7163023060139 -533.9589254612611 224.5677098029369 -582.5484100277771 -395.5418457950051 207.1850900973312 0 334.9521232792338 109.9773064783248 154.2775658288301 -490.6003802330027 0 18.31686964367441 -642.0980161567895 0 310.3381256177876 595.356332597946 -94.74187085339747 -82.45802187087662 -41.42750176201582 -599.5810276806699 -767.9908923468709 0 -742.8907300474553 -429.6515168770944 -59.68152132450754 -371.9214074030628 -139.9234736795186 -1095.915309064304 -367.7819216860138 0 385.1529807943634 -399.3379382304231 -9.740623308426223 -565.8104444333308 168.5981856426808 -701.4810755114289 -1325.875949074835 0 -515.3064231756457 726.2594547264453 -198.7484225791128 418.0339155238987 0 475.2253333975941 -344.2706086878841 0 -6.929092264299477 258.6452141769173 1799.747991355304 256.2382713558862 531.9858160760155 820.6226247374236 342.1727738580581 0 -947.1514758693781 -910.796672751888 1789.129377282545 1097.095978821798 52.73373682381683 273.8855200351051 1266.093368151836 0 250.5144957017772 862.2636722631735 60.17264615010386 433.5339296688031 665.9347084855945 -546.1016396504854 -834.3807577909274 0 -172.7357464339105 1073.537757408998 759.0112740709412 0 0 759.0521976097766 -3.404615597352404 0 -14.28787624267031 -156.6918095348088 -162.5838995281261 -603.7875259834268 -113.2753178611615 -181.8738761264934 -586.5511576096164 0 -260.0927878290572 -140.7793100073197 0 -114.2777279779093 162.3944773736597 64.88776256595045 435.0127139406891 0 0 -247.5190109231839 -244.0439428083096 0 353.2475701684037 -941.9530805137508 0 0 0 439.654643299659 -227.0828908551445 637.0643192007429 0 274.8426608116449 0 0 -88.42964485312325 260.7097251981661 0 0 -248.3612944288201 0 172.6442238883155 0 -137.5421985611695 -3.768033907779028 498.0554311170974 0 0 0 0 0 115.0866487758054 0 0 -94.29461843538786 0 -461.5824029042335 0 0 0 66.54180147998957 0 0 0 0 0 0 0 0 -190.7781892877366 0 -175.9813093229568 0 0 0 0 0 0 0 0 0 0 0 0 66.70634614946466 0 0 0 0 0 0 0 0 0 0 0 0 0 0 63.69087048236533


GFLOW: 0.36 0.1257737636006513 0.1258504178872464 0.1888731435618372 0.1885061330519587 2.96332746135563 2.96337233743935 2.889342622721156 2.88940171755043 -0.09223303476407001 -0.03128236444397191 -0.1104464475637114 -0.04136335371614198
q-corrs 6764.311360849664 18780.95967252734 16786.61062734158 4681.327104012806 897.378621890062 335.3256460998519 -961.4978294068451 0 -542.8036524269785 -1630.284645512997 -1439.661236339266 -1068.689010102979 -227.1044101625865 -294.3864502731266 -562.8419446446271 0 -308.7653226231281 -1001.397397327548 -493.3343684401171 216.7172362478944 -216.4234848428027 -614.2491436756279 -84.11295486237967 0 -421.5748561538849 298.4494161225359 -250.9892950649623 -474.7459603751151 0 -791.9979069427623 -139.9209345024125 0 602.542583837213 299.7134118030124 -225.1262238586559 281.0917447669057 -331.5367046404574 -108.8468507927946 -690.8656095914856 0 108.6187384488193 74.57746190743066 703.596642655596 -438.8675885978381 -59.07605891991557 115.9850380142039 306.1014817229474 0 -400.5249190582796 85.25257066520102 -196.0564345354354 172.2067637717832 228.8779070832631 727.6295555449207 304.3514917399567 0 503.4800328605448 -1003.809568143407 316.5711905644113 733.8004805292128 0 732.1123321558864 229.3892800336175 0 -30.40057253916849 631.026362565038 218.1523838564899 290.0115248780131 535.6676056470511 1051.026242101206 1413.452725210761 0 -485.8444644629679 20.53851947220465 1251.978181223132 273.9378473911393 97.73679824582975 558.6071952451371 908.1658574218633 0 70.91163127854429 1691.031442815089 98.04564133882059 1312.666101002439 513.7811351407711 -220.1370256079352 180.0160116551284 0 299.1364842424231 1181.347018834935 1598.343193077233 0 0 631.9093140771602 796.4630687680542 0 427.8657273499156 -11.71170512524438 696.2927489843495 154.0852611698673 201.3016200474256 843.6505437177403 42.28904368085963 0 432.9859365331733 499.6575532523097 0 249.3397796130783 88.38132414904297 395.4714282974835 -300.1963038727752 0 0 431.3898664084253 449.236212502581 0 73.64412284990863 -0.9848711608386722 0 0 0 223.2911886406761 294.7137978226248 -166.837326873881 0 -303.433708298276 0 0 144.9787930266572 398.0497291882826 0 0 -49.1577832111092 0 -50.41246495563431 0 110.5837834393776 91.87862640405561 -149.7065509464488 0 0 0 0 0 186.4142913138359 0 0 -280.6622969127292 0 -309.434442627514 0 0 0 4.09820429058087 0 0 0 0 0 0 0 0 -722.2029442899386 0 -216.4103109298074 0 0 0 0 0 0 0 0 0 0 0 0 -565.1875967952141 0 0 0 0 0 0 0 0 0 0 0 0 0 0 -125.8070846876564, 3086.812887729708 8213.147869040251 6799.452277529987 1595.220473091574 -32.92175047655668 -1203.603837446804 -1587.391884639142 0 -585.3340710334597 -1677.035022116524 -1379.453787737642 -1194.958135349026 -300.6794167727958 -520.8966491614963 -1225.471176287542 0 -277.2509479856784 -1390.377709763909 -825.7630804060871 -192.1895219167806 -350.4918711947838 -985.0472590110373 -296.2763189353959 0 -517.6755133335107 -22.89368061302122 -840.9458188334431 -531.7291044600241 0 -825.3894376138724 -291.2756111209044 0 290.2596366146856 -32.29222683400857 -111.0888638075254 18.89105994106292 -328.922214652572 -86.41192568336294 -406.5022754385731 0 76.23514578464545 72.18304751199702 92.95978224209793 -176.5908392409971 184.831167504406 -272.8024720148852 254.3803462546359 0 -191.3833268135215 394.1970268408809 -451.4856482596817 -58.77347806218449 -83.77257221845571 116.0072875710716 423.7154308426577 0 52.45308092141144 -381.8257296347298 86.5245419949604 371.6841015050863 0 -52.74619000114726 4.985675500301426 0 -64.57193684363058 -330.0511984977394 -338.5426243540962 298.9793920716813 222.590343185156 587.3337799373726 540.2315525111241 0 -321.4572049170197 -229.8290121440691 547.0269107520835 -310.2538943135612 -123.8699524791905 63.21131105158673 142.3070769791925 0 -86.48440763102251 537.7422444111294 56.4120813610064 572.600233492485 200.2489132849844 -263.9525413154561 -607.3525697983814 0 -39.51489223923717 -15.83605347193911 355.6764250860053 0 0 183.3736336835815 165.7524427524611 0 170.4460894180206 -330.5002559989986 92.68383460473075 -784.6579597335372 127.7364504321213 109.0227759362159 -402.7781141165813 0 -51.12375036181677 72.0886735514125 0 -4.242471233208647 -37.9362976632764 81.50436994124058 -676.2360093771501 0 0 34.44373938262045 -211.7419943281899 0 -0.01998921883833304 -382.1878689777935 0 0 0 99.82333582614646 98.39085983727487 102.2867145197239 0 -336.0339222515013 0 0 2.634701277445274 450.4133103695547 0 0 -88.998409551205 0 327.2732293328913 0 135.805131046925 78.81361425575409 261.4147297517829 0 0 0 0 0 234.636714412461 0 0 -20.07856620877169 0 329.074155945926 0 0 0 112.8763218914989 0 0 0 0 0 0 0 0 -213.9622450215907 0 16.74283249615501 0 0 0 0 0 0 0 0 0 0 0 0 -267.063591566782 0 0 0 0 0 0 0 0 0 0 0 0 0 0 -76.74416032155011, 129.8093133305928 -16.38046534627403 -569.7157573382283 -499.1127695043639 -411.2350328999884 -1315.744155202304 -1346.643208466606 0 -298.1691685119296 -1179.133328162804 -471.834385937161 -699.4272022433103 -429.2741649578811 -126.8297176948772 -1219.393973132526 0 -71.62847145076323 -1231.966924613719 -375.3315199041593 -320.3186127906872 -31.53665183949448 -692.6860577218163 -700.2172845181429 0 -535.5002923129031 -98.47391521776638 -931.0298860009131 -595.9511407825509 0 -918.676754958766 -353.9558175047832 0 -71.97779748379737 -446.7322906485171 -269.3541413882393 -289.0145201509225 -391.2036933508325 -122.2629840087971 -514.6332371311942 0 -137.4761556764251 -618.1791176453333 -705.6441413667087 -140.7360048495507 243.2980784121091 -1046.299297600458 -159.4164718245722 0 -21.25725233303017 275.8827144172339 -895.841960372808 -345.3241178500106 -569.3298171032678 -1028.620927041044 -206.4365927169298 0 -582.7340094325078 213.6818252241276 -425.6426126596511 -490.498577693 0 -733.906412659892 -102.9892172370321 0 -57.72372643820331 -1179.802867659672 -950.3189115970998 352.2437285561779 0.4675637209113717 -126.2189593849423 110.5405419699421 0 -42.92140149867811 -344.0863839618713 -303.151581246785 -775.7039814141574 -41.81013016228501 480.5449669109922 -386.9165650435285 0 -262.0072574059982 -109.0546246950998 135.9522365817981 46.68437587347066 -14.86846748333981 -285.901588820677 -732.5144226456681 0 125.0020722635836 -670.1251876286433 -647.4652359260795 0 0 -176.2985064878407 -95.71216912221405 0 -61.90203703448834 -261.2199093116744 -393.4976722131646 -1252.464752071652 -100.3557344733529 -439.363947583235 -493.0806336061316 0 -359.4750468970685 -413.4817899509802 0 -29.76945479458976 -130.597392024524 -175.2097374770241 -817.7010800153514 0 0 -320.3932759034579 -653.6785623722849 0 -162.7635675662484 -342.075223680821 0 0 0 -145.8156132822381 161.2401411772472 308.6051299223404 0 -479.0987058577203 0 0 -113.3748170394733 566.0595818246411 0 0 11.92648917178951 0 446.4853829727953 0 8.401080233827273 166.6385423982133 585.4035776959217 0 0 0 0 0 315.6503159910632 0 0 100.7666309851766 0 731.6210231301388 0 0 0 253.0721474293146 0 0 0 0 0 0 0 0 109.2162913392818 0 261.4885996131862 0 0 0 0 0 0 0 0 0 0 0 0 -38.05754281628637 0 0 0 0 0 0 0 0 0 0 0 0 0 0 -44.31012695065028, -80.06275554289812 -286.0822264025691 -311.6503729300642 -156.1599509619197 -85.44983435038337 -182.6162385477431 -447.8225629834855 0 72.86964546894913 -560.5641926679564 90.02682175821973 -195.2127536864706 -391.9824215171938 487.2818415896184 -340.4091468796542 0 -0.8072948100761863 -639.4129299824158 380.3005281760604 100.8043465430757 526.4806821167268 242.3608687766372 -611.3584463400427 0 -308.9479279239025 353.0509693305558 122.1998044842911 -211.188121010795 0 -412.1646370320847 340.1056943934266 0 -74.04965836232608 -191.1743871007387 -224.9419532888121 195.7739205657257 -317.9417380639609 -92.69051608592545 -257.7624127525576 0 -33.02989436053912 -345.8707578082979 -501.6702868151955 -279.74357818761 328.9613308726847 -675.5889465661239 27.11562517352596 0 -50.92165685047229 166.9413243658967 -783.1384810300329 -142.7002018030432 -464.2185679666235 -734.9631835799714 2.421415453560485 0 -362.2476931402736 315.9602912470332 -429.826733176367 -391.6608912364366 0 -177.9561697454152 553.6180612063233 0 -52.04330977994861 -444.4105507496169 -666.9910070744934 405.3793634886709 115.7437983969087 -108.7943769444117 600.0529440939439 0 274.1242190956128 232.9493477006966 84.13170616338607 -129.79716992633 471.3308539728912 817.9247817373946 86.0613743211515 0 -263.7820087114627 328.632089668335 219.5383554973009 335.3895927798442 -121.7872430637307 108.2270772858008 445.0663654910566 0 421.5949888645927 579.8839070021068 -273.515092732934 0 0 -88.08961742313602 560.0605846021133 0 65.80659412018986 -57.27162525922897 -75.1052977358087 -387.7564336015209 -100.0440458315344 37.54770265048023 223.8485934416274 0 42.85992046659103 -233.7584417330203 0 483.5792618149793 -129.2214822634872 56.91424588501903 -636.6436596513422 0 0 -133.2177643489241 7.537405088331354 0 -122.616741797721 345.6076742904064 0 0 0 -354.7962566091709 667.9147569200582 74.7839330512808 0 -486.9769179486895 0 0 -38.72424921966314 603.510201881926 0 0 169.9100401029263 0 36.58351233677632 0 -173.7682684165863 292.433446307459 239.0800503922889 0 0 0 0 0 275.8571759771947 0 0 -27.21974766136635 0 298.3956004827696 0 0 0 166.3015860739239 0 0 0 0 0 0 0 0 -48.89095648794134 0 192.8364762421568 0 0 0 0 0 0 0 0 0 0 0 0 -93.14390451469775 0 0 0 0 0 0 0 0 0 0 0 0 0 0 -55.48505208421194, -72.23375283381984 -239.5430059685648 -217.8192673299241 -69.42744509321905 -93.52511317739544 -160.4753153063037 -239.9835252036833 0 114.5729000676328 -337.9530682291775 -387.8992213065914 -334.8707060285043 -136.9180006871464 411.6867457362223 261.377240105926 0 -189.5804586371089 -415.7405531936657 207.7574680948614 329.2584581767031 418.5176393268607 641.540746529997 -121.7952596484061 0 173.0985295442499 211.3365256875814 469.5289561291395 243.2312065460707 0 346.8906904321225 942.8890031212272 0 -144.0149886851787 183.8823634822107 4.644034168640005 353.3413497516455 -44.72770275431986 128.7122472510371 549.0763745146972 0 271.3349108081349 587.1339660904558 -310.3303069551213 -7.880138864241388 404.5859763427039 159.9617628633693 483.912704225956 0 70.87525100293611 206.4376479184216 -515.8979936624177 -273.4855036133027 -107.761663480822 35.9546636908501 189.4948097973102 0 72.18607131974616 206.7460411062659 21.13818686138519 80.37936523483387 0 170.4183774849391 722.6548986216638 0 -149.4813791506945 -533.1199574190614 -605.5331541685393 192.8077939621196 -214.9564972723197 -13.1045638267139 70.54269614956632 0 372.9389899042607 403.6027689623589 276.7961843664694 98.46126102001895 163.5196405410467 47.52132084922272 253.2915482277608 0 -226.0604317460794 -307.238760727578 188.7348487570075 243.7809609099564 -82.25817275832841 294.6733654977564 399.6372971950445 0 178.0211870735744 593.3468847950526 -595.4712735814439 0 0 69.61525696818001 339.4674387106464 0 57.21486311641564 27.38596915419774 90.76816336867819 -359.3266583099531 -119.4359992734633 -152.6122125827949 173.5707250377283 0 214.2664896944648 -103.0841876782656 0 416.9360551612471 -36.78286480244804 141.1518536077116 -170.1818566691456 0 0 -279.4086266383794 -387.4837695244217 0 -49.04051544310182 178.8140320638337 0 0 0 -85.49789340601605 670.1099301234399 -60.74784149565861 0 -100.4076107615815 0 0 -115.8467426862075 163.6403445774892 0 0 38.48903319756444 0 -27.30335295393337 0 -22.86585665711321 280.4987626808492 -53.53181222211848 0 0 0 0 0 173.0683788437854 0 0 -9.900644546977418 0 3.862355976652751 0 0 0 -9.228942456914268 0 0 0 0 0 0 0 0 -60.79907800975141 0 7.233882189404553 0 0 0 0 0 0 0 0 0 0 0 0 -91.34786961203713 0 0 0 0 0 0 0 0 0 0 0 0 0 0 -37.61299399167297, -68.72750959114597 -209.295416147292 -170.1464792049067 -42.68068526063093 -24.03532268322633 -9.940643486599384 -142.3694783136702 0 27.10130981460711 -323.721768441193 -148.725944483953 -130.4251062629506 -151.8633379278937 118.2706134882239 151.5004327752542 0 -26.24507909077332 96.4260713056957 262.5150748338186 125.9890196604335 276.621270865206 714.0559309929793 -108.4959788626372 0 306.4031163293707 100.8182195422939 647.4106523158314 523.7389130891991 0 312.0919389369471 1109.992528956316 0 -126.0152421877873 248.5372425740885 -26.81545843381166 296.6497823571501 -5.581592202381515 635.1680886827845 788.6799153337888 0 497.6726636812658 824.6850153073838 -110.947296142065 102.0995758059999 165.4591726249631 236.5045056558479 548.3779766323523 0 147.8547458902693 185.4325086233375 215.8834473931325 -71.92063441785476 130.1962156980733 431.3295328313444 -304.9256994436344 0 123.6025084605799 -35.55102428780599 171.8621858398358 18.26911521997413 0 255.6932611989329 -39.20961222441849 0 -112.9792236054461 -682.5181203158976 10.12022703826887 -110.3933552691589 -112.8176663912483 -144.4712272138427 -312.4438580709631 0 -111.6842917790033 52.1064857424945 193.6298664008558 217.0600128454435 -172.929879031987 -125.4557370054725 257.7723321749953 0 -117.4145621515465 -349.056346047059 -25.71223302518634 325.8059568459821 153.3856602631826 213.7386527145013 135.6612880661392 0 47.04630751911095 104.6888787046165 -361.7781726959737 0 0 212.1344650730109 17.16083455821428 0 -40.40586686973005 2.298315517929808 298.0974422038811 -497.2581090092611 -86.59540641788642 -414.6098875376524 -276.7533168992191 0 -30.17253379566873 -45.77013195897439 0 -59.32645721670811 -48.29508705024944 9.87306773033032 -175.6633440206858 0 0 -202.5309826362812 -906.962809518463 0 -61.25054744804567 -531.9676374023155 0 0 0 -63.51293991982843 -14.18273220376278 -95.53637594419413 0 25.01977321183995 0 0 -92.60972971446944 -297.3126480685722 0 0 -214.2093660659975 0 4.213395167400733 0 50.60541624484824 48.797432734015 -24.26115994791296 0 0 0 0 0 56.14251928546613 0 0 73.07445988612139 0 54.23275126849779 0 0 0 -7.853061716446383 0 0 0 0 0 0 0 0 121.1907079427574 0 -2.161665724697365 0 0 0 0 0 0 0 0 0 0 0 0 54.14672813043572 0 0 0 0 0 0 0 0 0 0 0 0 0 0 8.046840192008343, -11.85451924810232 -81.66976640289329 -180.2945988231277 -155.5845099945778 -24.76620480811961 -173.3706133525391 -427.3493691128605 0 -132.279623176312 -593.7784088714744 77.58479803453616 -33.89867244022483 -307.8540008468366 -71.25562774103147 -181.8356864344382 0 95.85296340030348 153.3848383313029 269.7559725450079 104.4826844716359 240.1264372176273 622.4100135311047 -71.26830526737936 0 291.8987435641818 298.8982872199339 859.7989401918908 283.4566912491335 0 350.9431559617366 809.6619496840622 0 58.10728797414894 475.0827231938614 7.748426296254422 355.4076765783556 36.36005247866535 382.4702678353252 437.8343081574271 0 240.6500436889862 462.2731676958906 -27.28764066598445 78.38250315213399 42.30226815593804 -44.6602190151647 91.99163101461762 0 213.1026425206544 99.66349735428861 681.3185789810595 -96.24657887939236 -36.86313369169234 -49.97532460111609 -372.0216584641403 0 188.8780605866353 251.7799465273893 -228.2538865415711 -183.5883027063397 0 715.4931878180829 -492.1720886041624 0 -65.38991263527873 -226.6844087240646 639.2271221099977 204.7719865794249 418.977063715291 189.628019651398 300.8737282875625 0 -558.3501000052793 -420.5348359217063 1023.762405578702 673.8757101945534 66.73571874584013 321.3387067705467 946.6074605407814 0 -85.46492008376269 542.4720398111009 50.10558756043843 983.7081410081386 427.5501249694512 -1.587106073553088 332.2197529802453 0 77.50724173187906 1280.25081091389 610.3988557365689 0 0 642.2293760393384 427.0481850129867 0 183.8638871170969 89.17598318547039 636.2840680236748 -310.8997607907667 25.51740005550785 89.76942509052708 -78.97835223895694 0 198.7202511868409 165.037110719835 0 58.6179378318073 34.95325178006066 274.48500125676 -145.9411981880342 0 0 -12.93941168410248 -385.6827889887272 0 125.8875799031944 -373.1944125291525 0 0 0 4.750505877446699 4.416235836593557 132.4474649480036 0 -83.81017228954695 0 0 -0.8782072904165013 8.220704150280795 0 0 -162.4842658715795 0 219.5494046753398 0 -57.21410525429123 12.26600839193163 231.9369279256114 0 0 0 0 0 73.13390715276438 0 0 195.127018037973 0 266.0729187393609 0 0 0 98.65863347103212 0 0 0 0 0 0 0 0 362.4461810283277 0 117.9103824042354 0 0 0 0 0 0 0 0 0 0 0 0 236.5288580967739 0 0 0 0 0 0 0 0 0 0 0 0 0 0 45.54385582174617, 72.29474322868691 187.3627930521941 91.76991482061683 -62.92118556345849 29.85529061595955 35.50464527778536 -161.6548185024038 0 -58.61527236896593 -379.1776464877369 -6.726751778296659 -4.761138118833685 -231.2215148827831 -181.0671094192045 -223.2588479707923 0 -131.4939952688909 -601.9549155159584 -371.3695124335283 98.20734235894015 -339.0733729706599 -230.6995481475582 88.62870677874525 0 117.5009563518935 -33.8270771145521 -117.3084160369854 -440.9588649837737 0 -196.4065082020403 -571.7056491957984 0 175.7962045692589 227.9753753794473 -94.59748124425357 -163.4036176978948 -84.89527979711386 -511.4360266325951 -771.4367709073938 0 -485.8233552754101 -350.6914146968153 -94.57575414342325 -224.6498490511918 -142.1174683334057 -720.2682595156925 -267.5372511894322 0 235.093410232393 -379.998638000461 -152.975194896048 -504.3340380555476 93.71556350813037 -425.5256910387575 -943.2093914604554 0 -261.1197142008449 359.4930495997683 -156.7419827349556 60.95548157773928 0 370.2064671584803 -375.2846808142257 0 -26.63001392781938 64.87739271242857 1092.509976457487 154.0173226223994 361.384353079414 427.4612743053536 244.6820489486403 0 -562.0715877312446 -460.5583288578421 1025.909627591636 786.8390430541385 26.42464103112101 157.897117578687 827.3668615000698 0 91.97764540284649 546.3984167698349 -7.252683690876864 388.5803376741343 442.4086161190264 -247.303246894531 -198.8855547034688 0 -120.975564691041 624.6575664636482 484.4824276908864 0 0 501.8874956474011 -205.4987706622603 0 43.23142834057966 -26.57241327929137 -12.28302235626104 -475.1563413057986 -14.75304507815763 -180.3339090122433 -438.6768583852278 0 -134.6619632558649 -63.99871409992309 0 -262.6881573890566 87.60048652856825 -55.84621448783874 105.1636027183372 0 0 -183.1282978009948 -360.4965770622341 0 137.3709554710175 -653.9493476675403 0 0 0 144.8335311692611 -277.896107731213 375.9573888799465 0 88.58201959172844 0 0 -68.45957356611463 158.8088447665603 0 0 -194.6852355297049 0 20.75810133182334 0 -94.77118314956132 -53.95121985445711 427.5315455521616 0 0 0 0 0 113.6350754294341 0 0 -99.02435647231455 0 -250.0422095765649 0 0 0 120.9012377711478 0 0 0 0 0 0 0 0 -192.2461531120276 0 -84.41725355263679 0 0 0 0 0 0 0 0 0 0 0 0 -39.65015655460552 0 0 0 0 0 0 0 0 0 0 0 0 0 0 15.81247133240985


GFLOW: 0.432 0.09521338498825052 0.09542956685239251 0.1370849118999446 0.136939228246198 2.97492221104514 2.974940376523971 2.920330692157283 2.920289636545577 -0.08087047913536936 -0.02496842143503118 -0.08663677299994442 -0.02381577888336915
q-corrs 3848.387010634505 12015.28911007709 12263.26351474151 4037.75534963817 1224.256712375427 1910.853734495661 433.3505180415683 0 -192.1358358701833 -852.5789754112113 -1020.232686902213 -809.4369108536609 -124.0617256860872 -248.6877346905804 -488.5832472557945 0 -246.8967295377634 -850.8354273404925 -448.1539009394637 123.1933478208974 -183.4907393435924 -466.9147225815768 -66.23991927964541 0 -266.6461037500239 153.4539506189298 -296.1904524507762 -377.0400513535415 0 -565.2114235670315 -153.1712316992246 0 301.7879064413033 91.63073368735368 -212.0456180049031 107.9928938127171 -264.9888903984245 -122.1332929937381 -431.7902431338848 0 45.43457144203069 -62.40650700698056 317.7628430271639 -274.2692085430205 18.80439811748085 28.50453561666766 216.2035168402375 0 -244.4120612593352 176.8700933887453 -162.9569589710918 173.6271465276273 118.4088485760373 485.0854271206527 358.0170508581924 0 387.4973516111293 -527.7551483385668 193.2384110599035 451.2741998732006 0 466.3282751960859 297.4775289847348 0 -1.696958449030188 542.0400155255663 177.975379332178 226.0388104578286 355.2816808729077 738.7335850728748 816.8402456593034 0 -256.2519059990314 32.34847022977002 864.1359703513003 148.7603613782727 118.1514985443041 328.3486335393148 650.8465523383286 0 32.2304777164251 1024.787224009141 72.39719547560755 859.1683318194491 326.1267249820594 -119.1839177317898 34.23945755833464 0 161.3214227095227 809.585902943893 881.2252562491749 0 0 424.5479692609668 550.6309090812777 0 257.1980776123517 -78.06912758081268 507.0463349531262 82.7687766544326 105.395265161457 467.8398901088243 62.41163089228911 0 304.1146615891895 302.5190163790799 0 179.1968047319273 18.25298659270134 276.7439975042889 -243.8795709709782 0 0 264.5847064555639 329.2830596085566 0 49.88987280160695 35.85063617744692 0 0 0 72.21044771155823 189.8282198287973 -57.03314024112733 0 -165.8342152079991 0 0 92.691180007572 262.0901461094298 0 0 -22.00205667095108 0 -5.734666243746929 0 35.83370263201648 54.55093919197506 -9.847127962255968 0 0 0 0 0 104.104336768502 0 0 -159.8025077193632 0 -125.0820412921974 0 0 0 26.52567327252197 0 0 0 0 0 0 0 0 -420.1387676587302 0 -93.09885574869031 0 0 0 0 0 0 0 0 0 0 0 0 -334.3024170638129 0 0 0 0 0 0 0 0 0 0 0 0 0 0 -78.74810327989979, 1978.202029415841 6014.975342865788 5885.363632205625 1791.946464615131 387.768412298304 190.3150821940833 -477.7188310789925 0 -332.5858020269941 -1072.903503949789 -1014.377751421992 -885.2710651419235 -206.2976551095156 -415.1719671209752 -938.2350871457279 0 -219.2417870249736 -1089.79501676117 -632.4862645024104 -166.5039444880672 -279.5832866434183 -706.0971495914901 -259.1824367197326 0 -356.0921028360015 -88.09017446628894 -689.1150383389061 -409.014665376558 0 -658.7189100373122 -236.3081761942528 0 114.0251266849342 -131.7950356487423 -204.2826310355209 -84.39597570986716 -283.7685165911383 -101.8383112989518 -301.7285737025031 0 37.34504904809027 -77.63349534638775 -96.8549603694768 -138.8763370534056 146.3945333447525 -256.4776418880771 136.5501860396491 0 -130.5756614128491 288.5592108094606 -310.949616311976 -23.01614185869678 -102.1318353253054 39.24620832335326 344.5858644328362 0 76.03850539593405 -174.470546001319 55.4671059907682 218.1636594940979 0 5.261513184126699 79.96690674102811 0 -24.10996412367836 -133.103743958658 -210.7843445913276 223.9506146721174 170.060694716774 436.9041134817854 341.3003202126725 0 -165.8987612197004 -139.8979404079363 395.1600587748367 -227.257843264869 -46.51856200418393 93.78386456689205 170.9274984301859 0 -58.74547352798746 369.1829748050318 64.7944885249691 416.1942233973616 156.5242688185913 -190.6990698353563 -456.276208048381 0 -12.47017411452612 71.54113049203374 178.0212562914936 0 0 155.0355324929661 156.7317635032849 0 121.4960019839673 -234.3238667591607 130.5849859030947 -476.9899356092154 32.37600115473391 1.202485865799076 -231.1580414790894 0 -10.41279753315889 61.01951694678796 0 18.41897933548987 -38.1598883627827 79.42609423391804 -438.1912551325962 0 0 16.9882676366025 -138.5974141477687 0 -4.848944094430067 -238.8315756213474 0 0 0 29.42565903219041 61.20854883049672 67.39334791868325 0 -198.8429298029208 0 0 5.557353636307869 240.4476500037136 0 0 -66.91673584663731 0 191.2717851971788 0 57.97307565393076 38.95943079961052 190.8643148261798 0 0 0 0 0 127.9941668304911 0 0 -25.99808051239857 0 201.7195775494901 0 0 0 86.76558234388393 0 0 0 0 0 0 0 0 -161.2243120750713 0 24.68196250165655 0 0 0 0 0 0 0 0 0 0 0 0 -182.361693352528 0 0 0 0 0 0 0 0 0 0 0 0 0 0 -52.70427801196394, 186.1570545252499 381.752268501812 78.9240105647432 -169.0129924506143 -210.2367092764917 -815.0240295734403 -902.6322926913479 0 -272.1015937862051 -924.7296843053596 -446.2897589036991 -554.0787762332621 -315.721913814106 -234.1707539667108 -1022.629471906844 0 -74.50172517281895 -986.5884424211814 -364.0633097964941 -332.1990413366358 -102.5332513254087 -562.2446615302454 -561.7753894637391 0 -409.6513631971612 -156.8630871738179 -762.48157805189 -414.1326079464077 0 -758.4934575107303 -248.8679166469533 0 -83.98502217597053 -383.8209455712015 -296.9497700780265 -260.9646601056968 -332.6837868814758 -115.32379518063 -372.7698336734533 0 -75.64659644279286 -444.0700559705858 -575.2771335085088 -108.9111498790896 160.1973593925388 -737.0335833950737 -126.5497429040412 0 -23.5941804667995 179.3319511510276 -577.9632298916629 -278.4077093832834 -406.3978980667326 -697.1708583334496 -72.72951064806125 0 -336.0096690727427 168.6378542712615 -253.5532580851348 -283.0417354577305 0 -422.0960071811666 -144.8999632820952 0 -29.99782497129593 -780.9190705876149 -619.2218808715941 237.8844253296322 16.99769826767456 -48.72559155659752 83.08870762010071 0 -31.144652378849 -256.7627030132724 -162.0125632726482 -520.2305300866965 -40.22555563098186 290.6865204395065 -215.1839612765122 0 -184.9700269845874 -71.57130939126458 102.5101234506063 85.75287366686183 -12.92360181144772 -226.3455829949744 -529.4587957379379 0 59.67695625244811 -371.1215307851775 -389.9302027046453 0 0 -107.0417577718432 -12.72870621175468 0 1.805889393180147 -163.0415359185344 -211.0701786496512 -782.8001308127572 -96.3009959581328 -327.6745268118491 -314.846202259676 0 -241.343989149953 -196.668323007837 0 19.52299451474082 -65.16501291603882 -75.10910031285516 -481.3098063242753 0 0 -219.9134063531321 -455.2051281145615 0 -82.23810981591063 -274.9286796676274 0 0 0 -49.59526522164526 119.5927234453659 189.9982058055268 0 -258.3461208796645 0 0 -71.75556590344799 297.7013355351768 0 0 -30.31771135041484 0 307.6794057640825 0 29.44536792570756 93.16516011629727 386.5129303114769 0 0 0 0 0 180.372202764122 0 0 69.48253927624658 0 478.8698600405332 0 0 0 168.155040686568 0 0 0 0 0 0 0 0 58.575198328379 0 160.6353005331987 0 0 0 0 0 0 0 0 0 0 0 0 -41.35313348519421 0 0 0 0 0 0 0 0 0 0 0 0 0 0 -31.13109960488085, -52.72931191285531 -217.4958187885326 -296.9761912470522 -166.8143260177272 -80.80906176679719 -248.3339291232659 -391.4048876345227 0 -30.49950451131508 -458.2500655099908 -0.917553138892913 -166.7497309301027 -267.7152098937701 173.6641728616162 -406.1700545600789 0 -15.00042493004725 -535.7989073331229 144.9243960310656 -47.74349659811771 262.531867469985 64.79869586533903 -471.879553697789 0 -233.1178042370584 163.1129458715321 -42.98484438987512 -170.6425018899042 0 -334.4613522819711 198.1089894957078 0 -34.24812002681752 -127.8622079068155 -156.9891737110667 89.066976741148 -234.3325764790493 -96.9785000549265 -179.2515724493553 0 -9.174244143166149 -190.5378189657719 -340.7217115618865 -145.8898758675472 189.3751189445073 -430.0728388617108 12.50112654648029 0 -20.17765407294243 111.1046903772435 -515.0898046192183 -174.1682189559433 -293.0653210540749 -501.4851469330667 -23.61419845674823 0 -209.6461837566683 187.2096411571986 -260.6937664663674 -277.7414546485677 0 -128.1371616111574 211.3369294133624 0 -37.85942911124602 -440.2949093404696 -524.362146265993 254.9653520715193 21.1317648336868 -103.7632306508165 243.0094691509508 0 143.7257641622689 59.57803387036337 -8.35399741964855 -191.6699978279019 223.9656125090704 386.6193381584821 -6.375548508434832 0 -201.7275848392511 58.79745959940179 138.1485748206793 182.0762160676021 -80.57708534717021 22.36041026886932 156.4599407451473 0 203.0366632259406 278.3751760748803 -271.9183666453158 0 0 -82.61740209540494 334.4319158726396 0 49.41790538734497 -16.56619798553338 -56.53317383375889 -311.1530522707072 -83.4888386203359 -39.77400329364525 104.4134176706136 0 -11.53228755959988 -136.5543234236064 0 328.8566769698268 -52.45118511424889 67.87996259618649 -321.6268906931736 0 0 -129.7794837245099 -64.27725207600703 0 -39.27647311433243 144.4753542355872 0 0 0 -121.0383523928443 459.5480303328753 109.2964648741599 0 -225.1698573352169 0 0 -40.5941832907139 394.9949666260997 0 0 78.50722078165916 0 136.7876492494949 0 -37.97169680935573 192.3612395729104 249.0491387032265 0 0 0 0 0 187.2817550141978 0 0 24.72090884715909 0 293.3094660016794 0 0 0 128.115730177835 0 0 0 0 0 0 0 0 10.34159721928677 0 126.7562344371563 0 0 0 0 0 0 0 0 0 0 0 0 -52.10013864572979 0 0 0 0 0 0 0 0 0 0 0 0 0 0 -32.83269070359241, -50.64323096805367 -181.0988869871477 -204.4829932632985 -88.9958664491119 -64.13173618503569 -151.547351363718 -197.5715614958197 0 24.29915776290629 -252.4212138429097 -196.8091630389622 -171.7048309776114 -97.45845130523054 203.2130808001495 79.42919025729169 0 -98.78919442211945 -230.0610500510173 171.2129732016937 159.7027989613599 279.125115198333 438.8138167254946 -107.6552091988821 0 102.4134885170605 161.4776604028563 349.8179570454197 170.1739635887058 0 262.0684000148461 649.6299826649367 0 -54.18987356805428 174.3981439599288 70.62799296685178 310.0362027938951 -20.29083940399321 100.9942019919342 400.2213533265553 0 221.5306721071514 484.4741958105998 -110.2570067558968 10.16607731024386 280.4657788347148 173.9857837949519 390.4190686305895 0 30.4676169763686 220.5700289138185 -297.4135093493404 -140.9429146042869 -17.82919942775045 86.86997244443236 171.0062515319848 0 61.3548054086485 103.1242678708412 41.99613770448334 58.81722705743366 0 62.50601466441424 413.5620065070486 0 -85.59793585971981 -359.4219743588607 -407.5552525855298 138.5722724851568 -148.6997111884393 0.3747838980568048 -65.86211184460798 0 186.5629467139866 190.8285591851082 125.2236911801185 -57.95029526709827 66.55051064621053 -58.02818419043769 71.79658663596013 0 -136.1615832476279 -227.4159998952306 101.2567305415178 103.4921772524686 -37.85207255263409 97.14352731990148 71.91340188538268 0 66.85746380782963 225.4746124131059 -423.7024553671573 0 0 -2.573665142293319 226.3622731891194 0 21.511026818582 13.81749724255829 6.881600369250712 -305.4730190751114 -111.7168464287978 -148.3787039519381 61.65311620569632 0 50.12823077459199 -80.99921171940612 0 290.7025792185598 -8.157430515824352 115.2308947925322 -69.59178879421628 0 0 -215.9927171682886 -291.66336908286 0 2.471192266517043 43.11315010019656 0 0 0 8.92409445101773 437.7616558692856 16.81243922079467 0 -41.36613383862294 0 0 -81.28926243115811 137.5090331749386 0 0 10.9584054873488 0 76.97853506885482 0 17.71534157376405 176.4146809270974 39.08563534126606 0 0 0 0 0 123.4182759317407 0 0 28.49622194615807 0 92.38734935342924 0 0 0 18.13889157290883 0 0 0 0 0 0 0 0 7.774205759380763 0 22.60728784949986 0 0 0 0 0 0 0 0 0 0 0 0 -35.0656839131898 0 0 0 0 0 0 0 0 0 0 0 0 0 0 -18.37933520686315, -43.13390196067897 -145.5771740136253 -159.801494674468 -71.76885417554078 -29.64674026736343 -87.57600703114119 -159.2932650638149 0 -17.30009474220409 -220.875337203245 -75.8798294170538 -57.55817066486047 -80.09390339085165 83.78374872769302 113.3409709157939 0 -4.231088456940142 151.0940743316618 257.5251160487293 94.38124543587412 257.0780368867428 593.9833414090923 -27.47255153879827 0 237.6129543851112 115.7816346011845 547.0899370728648 393.7491409115883 0 387.5784948350216 810.6595501340503 0 -80.70623428429843 204.2673380972145 87.61975970906754 300.1736649116647 50.10985594643362 399.4293619271883 582.2072168441036 0 352.3512393784613 639.1845100703789 -61.30679969179472 72.58748287279509 158.9145437214655 241.2577641667074 424.8277523221202 0 93.70037372428135 159.174331819069 101.0848032415761 -96.77009110812963 98.78158373187512 273.5585930363519 -106.5311605889957 0 94.91389982759898 35.72760608937507 123.9890947580728 95.553363775799 0 151.9555332169909 -3.573501315790509 0 -73.8664827249308 -369.2351825605837 33.20086506258025 -27.14374852507038 -61.49289081431479 -22.73113503599703 -136.1718895191137 0 -68.07500706328878 15.39093753800623 195.269783088931 113.7030669399584 -98.00486526437513 -40.65068125625015 187.580459016282 0 -49.23045623080831 -105.5051778519488 -4.843019602697411 251.8236966930129 128.3072264279376 67.69630208832501 4.266062883410996 0 43.59051025499278 80.3872093597692 -147.7043974687238 0 0 154.8257998044194 96.83078502474427 0 -1.529462545233322 45.64880898809457 180.1012638178301 -351.0368889494578 -76.01217271718659 -208.0603942754372 -196.7003313246344 0 -32.59332464005531 -13.18646626171038 0 28.05852358489074 5.351744041170619 77.45982365910267 -29.36499508486966 0 0 -166.8896101010557 -554.9820888394897 0 5.21564794182633 -340.4218064591503 0 0 0 48.72084212933561 64.42030664762569 -7.271481982757308 0 6.678084656552514 0 0 -68.40182219023427 -121.4333631152398 0 0 -131.0501781615964 0 109.5636075833452 0 47.13110399458034 42.20259620137972 18.40336402051286 0 0 0 0 0 51.7723614669634 0 0 85.75564657321193 0 122.8550335477804 0 0 0 6.75821973876765 0 0 0 0 0 0 0 0 134.996528574405 0 24.56848955636811 0 0 0 0 0 0 0 0 0 0 0 0 66.34095307809267 0 0 0 0 0 0 0 0 0 0 0 0 0 0 10.57834462800063, -8.502225933038147 -53.25817402794123 -120.6463489271207 -105.9516514741597 -20.08213149372023 -146.641369733006 -290.9508568320882 0 -94.15526637188071 -362.0209124591329 29.20107760864883 -23.87692726308899 -165.863007375041 -21.60762905657599 -92.5171020527394 0 42.25771794019841 94.48118686521363 212.8014266946241 75.842130504316 195.9299370963665 475.3233273029571 -22.44601466923305 0 204.8154484294681 186.6123594751449 563.9451365629305 202.1404574670652 0 335.8992557739752 528.6219090527036 0 22.24643258530001 282.2716591591687 108.7045528038823 276.8841204101802 54.03122820847864 180.8571907992719 274.9158640391233 0 142.8504954653484 367.3522937157485 -17.30202141512245 73.18411382736687 38.2047782413124 54.05552571494285 139.3025767327797 0 160.969593385338 61.79217239483872 358.2680599436182 -173.7286831862924 11.75717006783562 -19.9839245253052 -264.9856817261584 0 158.3278441486951 220.108541495234 -117.7411667366641 -19.07146105618826 0 511.5463559794766 -203.6111380536769 0 -49.78548460248471 -116.9787257507178 485.1368491226485 147.1318311773293 257.2563010214703 170.4957915276578 284.7584879653735 0 -296.4254028469214 -197.4260402588828 716.1478317595363 483.8327487840069 43.76614659690946 322.6578891051254 642.5398215504899 0 -34.57570382804663 471.1231100781065 42.32435825855315 682.8517065301121 329.3806367198856 26.62177443888844 278.2554087095073 0 89.3149248856608 807.9906453132933 481.5301281820549 0 0 440.4880814481019 287.3387375945093 0 137.4852258194077 85.81966383481839 418.0440869754761 -219.7088337445464 22.16772354997175 90.13362274732536 -99.84530558824476 0 131.1142818735588 111.1868926955496 0 37.43428694908994 32.67603964541722 186.839138667247 -96.03462390027556 0 0 -48.59169091082713 -296.8420630836159 0 64.61357296635435 -267.9012360227308 0 0 0 29.13446254657251 18.51555206029792 81.67966250681016 0 -87.26919391081161 0 0 -21.5938131480519 18.70798818243074 0 0 -115.4867650622478 0 172.1806256940341 0 -22.09576800898743 7.065789642963708 152.4836415492282 0 0 0 0 0 62.74548520034205 0 0 134.1332534250779 0 206.6458735743468 0 0 0 70.86358344147843 0 0 0 0 0 0 0 0 244.0873346573384 0 80.61305456143205 0 0 0 0 0 0 0 0 0 0 0 0 153.3218367236617 0 0 0 0 0 0 0 0 0 0 0 0 0 0 30.07243704465724, 37.98558119601853 102.745918195123 55.17491858708891 -31.41955924384909 18.86814455073092 4.893131810698009 -107.6190897885241 0 -38.7212854705738 -227.359576215321 -37.99273984190381 -28.76331507193973 -121.8724411125244 -103.8001520749873 -147.6894068988646 0 -113.9812705196997 -453.8753920166301 -277.8621721530358 48.7101652695606 -221.3652331751844 -184.0718486382258 40.27460650654911 0 25.02439193389273 -88.54567577842468 -249.4687939540473 -371.5560767719758 0 -241.2280254397138 -469.6655232549476 0 91.78730560788529 45.77415211664572 -81.15430598243265 -169.212830592394 -98.85933160661446 -420.2609003134955 -641.6152081650182 0 -338.2471277879511 -320.970995877562 -105.4090697302558 -128.4874554994849 -139.5159236286269 -467.5354502757017 -215.330598423871 0 155.6107915355602 -313.6543432413233 -171.1459108875039 -433.5205150877942 23.90999716976693 -332.0427033294516 -717.0780849129892 0 -118.1274935679997 180.4540126718018 -141.3133972506114 -68.72977874255594 0 272.8486836695095 -315.4060968060919 0 -32.25231529707099 -52.24268895687617 615.9455594222675 79.36856471829726 215.0308885755211 177.3005317987292 180.8082741484534 0 -340.355835636642 -240.8216542183124 580.686598964867 533.9190908692555 4.702146262321264 109.9309845941277 547.5526450313166 0 26.38629368540697 326.9203345397719 -20.90243210569362 303.9785486815654 285.3388435895147 -84.925275519053 29.07338533109964 0 -73.97108758759246 370.3008201178253 321.9224652533764 0 0 344.9854867475768 -209.7157762397499 0 47.41461231546668 -5.962945333575462 46.30403027869257 -334.2813777556752 11.48591938364544 -144.1499455896261 -319.4434819435645 0 -66.45428171900464 -37.41247448730942 0 -246.382186227225 38.03020470981998 -76.56603558307619 -21.94148352801096 0 0 -133.394191531827 -340.8089777732978 0 29.9557835766242 -468.3362212133894 0 0 0 30.3330754316093 -254.8622618121721 216.0613194111856 0 4.791794608241986 0 0 -53.70268949381415 69.02336032951787 0 0 -152.4232215350879 0 -19.53839700932634 0 -62.84372349522641 -63.25334474420154 300.7884889032012 0 0 0 0 0 82.15527409015955 0 0 -80.43210308330855 0 -134.6409553335012 0 0 0 103.8536859578703 0 0 0 0 0 0 0 0 -159.459118449508 0 -40.65243413321367 0 0 0 0 0 0 0 0 0 0 0 0 -68.01778741357698 0 0 0 0 0 0 0 0 0 0 0 0 0 0 -3.913043282389225


GFLOW: 0.504 0.07465942526208949 0.07499306269175415 0.1038053485762756 0.1038614676553581 2.981739660515125 2.981729729668869 2.939772948585041 2.939637066394592 -0.07411266354571727 -0.02476948336617393 -0.07189858173734086 -0.01670721784894513
q-corrs 2332.354491069515 7951.898669937558 8936.541814880115 3290.184223303328 1221.945097796106 2470.743291815209 1124.813824361328 0 41.05636763376131 -316.5625697671366 -642.435976657679 -541.1809150785995 -64.58885078937627 -190.7582419957467 -385.2225567482328 0 -192.8060690668148 -691.2664436112061 -385.3776300693678 53.70351687451799 -162.6863903065757 -372.936884177589 -70.8498401349805 0 -188.0727892990313 46.0170699415344 -299.658341929655 -295.7049629237252 0 -434.7434372403139 -155.2016951263391 0 135.6607921448776 -16.60498799147248 -211.5654092922828 4.695108417223167 -203.5162078597911 -94.02657367703443 -274.5766727358518 0 15.63679733844021 -139.433344745652 108.2677888886075 -171.1079828769855 38.93725045871504 -31.60207685725451 122.1119366718081 0 -152.9554308311102 178.2828812099633 -112.5747413236274 141.4307665085125 40.31719548319219 302.6389143577226 336.5598394099574 0 283.1446108381061 -268.1343474437192 117.224541547731 280.2836330429739 0 312.3558544576447 273.9445175269084 0 10.75945045346169 424.9231207113262 127.1505385880564 180.0442596511918 246.5884399305916 539.5457224815869 504.5569028336063 0 -125.5222303898517 41.07548569264472 607.2733286002956 77.79241268627327 116.42843466363 213.3673231710714 468.1954458671712 0 13.48211173128936 645.1490926703324 61.76294647864891 583.5971508540644 218.1061078165586 -71.60468503944652 -15.45103180031462 0 81.2593293547674 572.1176359594682 500.0029742568944 0 0 288.0065341267895 379.7660931726376 0 161.0484706409017 -96.88022741154207 359.4118266192536 40.75060894917678 52.6690803982039 256.972113733641 57.86166123984535 0 208.8177793001082 183.4417039913626 0 117.6059124315768 -9.45840307676656 190.1498173364986 -197.1406035510257 0 0 165.6661845590879 217.4850212772038 0 30.83060414468529 38.45016849117062 0 0 0 10.36580478067211 114.2456970265426 -16.6808869961184 0 -103.9838431724987 0 0 59.90057040504215 169.3576317577673 0 0 -9.833700603002026 0 8.457650885496491 0 7.880056944325581 29.57170099097517 36.00728548596175 0 0 0 0 0 59.99184078081936 0 0 -91.00504764132387 0 -40.40709826572484 0 0 0 32.35827835156763 0 0 0 0 0 0 0 0 -243.7782289398384 0 -35.51301409197061 0 0 0 0 0 0 0 0 0 0 0 0 -197.6402543432428 0 0 0 0 0 0 0 0 0 0 0 0 0 0 -48.72148231666254, 1310.27834101016 4389.480820654585 4805.323228712486 1693.025683055524 551.5540774626987 918.5242944802194 197.766808642673 0 -137.3837238786803 -609.911333641801 -689.1131020811197 -617.2919209919698 -140.0196956502615 -320.1895859171389 -707.9060300912274 0 -170.0904062062787 -847.684475841614 -493.5732486025108 -149.9464976695213 -227.1994986776084 -527.786724232192 -223.9535924197146 0 -258.6846204575104 -119.5636760322138 -563.1872686661477 -316.0165356406156 0 -534.7020238060974 -201.1265585431064 0 23.14870838841023 -165.4094535691335 -234.9778674580643 -127.3783461017775 -231.243508102692 -88.37924510532969 -229.569250999137 0 10.29251771860955 -167.1815232396546 -164.1170685636714 -101.6728790263491 101.5946186933308 -228.0152156334629 51.39284230869202 0 -87.95720015144498 201.2557630942975 -211.2086299361655 -15.1250573758872 -104.4108470610791 -5.814250849579096 268.4357717477581 0 73.93200374806324 -70.2991683697945 29.242349501626 128.1918067603164 0 28.34869042252144 76.28475458944621 0 -5.070150965877794 -36.12093318804921 -123.5580117413396 170.3633988622554 135.7585717522883 329.511399260759 236.6659447909509 0 -89.29043520496668 -89.64301042296485 290.2966726555428 -164.7589011324675 -4.683742054787171 98.24893040557517 159.1904816844817 0 -44.02750454691687 259.7396501563337 59.50120141657523 313.4491206281965 116.4605015841347 -141.1191945456597 -321.5539007914421 0 -6.930898899909408 100.9349143301195 97.73369825493691 0 0 119.8275819637561 132.4574269036063 0 88.24941765624978 -163.8062701709157 120.3244377583145 -293.384689673257 -5.067875567722051 -40.80768047937951 -133.7956704516911 0 6.418460224012932 47.90222989627927 0 16.69447124471289 -32.05419505322023 64.68839084950952 -291.1268852365916 0 0 10.20271787610289 -97.77913008791805 0 -9.953397131320003 -149.8282588707616 0 0 0 0.9182070594871306 31.79956333678633 40.76596979908733 0 -125.2082928544084 0 0 6.861462262125993 130.3750131760452 0 0 -46.63897545355495 0 114.5396420389715 0 24.53397008388552 17.92064893613612 132.2450191928822 0 0 0 0 0 71.98637527181489 0 0 -20.35664424137283 0 129.4362138821801 0 0 0 63.394862157259 0 0 0 0 0 0 0 0 -109.020631296496 0 24.14713246388474 0 0 0 0 0 0 0 0 0 0 0 0 -119.1906814078256 0 0 0 0 0 0 0 0 0 0 0 0 0 0 -35.07343676240932, 189.1934349488066 535.4519932207404 420.5970593765074 37.66976784652961 -71.98441738298123 -420.4991864556749 -554.3231872818047 0 -215.2384738710973 -696.840657122833 -390.8680399523574 -443.8028941306918 -231.2877476966334 -255.8592235594201 -831.1866732491289 0 -72.06671141183864 -793.0353086732109 -338.6478886919414 -298.7718712377727 -129.8707056869483 -461.693147580613 -443.4724058001117 0 -310.8694267092322 -174.8760022413475 -627.9360370360849 -306.595013491527 0 -617.353874472343 -188.5497398959823 0 -83.96518379733516 -312.2154309011054 -280.7072742420137 -224.7977702809672 -268.6617312475934 -100.3693641573229 -276.6479302422947 0 -46.16010529734663 -343.6663513294593 -448.3916291528966 -77.56170813950668 102.4617803407847 -510.6645592236184 -105.1667426663502 0 -18.13987118988266 106.6299120172016 -375.8010159963904 -219.2868343166494 -283.3120402958241 -472.8624797893021 -25.33987109427147 0 -197.7913822002803 126.7182848418262 -158.3059418579114 -176.1746278208573 0 -246.9727282754718 -149.8281505844146 0 -16.42110351281315 -520.4195183741631 -403.3562316472662 163.7381988570772 24.2785692186748 -18.18475699259184 57.23522173718635 0 -29.59052876163052 -198.6975414740081 -96.14897540082313 -363.8484612801967 -41.79879832685427 180.0476203415263 -133.0813486959296 0 -131.6025900636915 -56.5661666588654 75.56419358059983 81.28726155839793 -9.285839783887997 -178.9665718982963 -389.672569809181 0 24.29575476124843 -233.0707427842502 -248.2919271097592 0 0 -68.51598491772654 2.434357011945963 0 23.67542268088287 -98.93506253821435 -119.0722464053426 -498.1903583629904 -84.5820551511452 -251.8275584416541 -212.9933389706962 0 -162.9448545009288 -91.33085577309495 0 18.44053568458118 -31.20613437734442 -34.52871217341966 -273.9877290249541 0 0 -152.2746148514143 -321.1553437326929 0 -45.07618907448569 -212.4614830213574 0 0 0 1.161325479066377 72.55794777702039 124.2011694819869 0 -135.0957700007582 0 0 -46.50333813112524 158.5516218287714 0 0 -39.69882234704315 0 219.7270536445343 0 34.81829785473535 51.42044783734362 256.6739212498886 0 0 0 0 0 107.6731239593004 0 0 51.4612116981037 0 319.4269844287663 0 0 0 111.2858136720112 0 0 0 0 0 0 0 0 39.17633603471532 0 102.3602326181284 0 0 0 0 0 0 0 0 0 0 0 0 -29.73700925911064 0 0 0 0 0 0 0 0 0 0 0 0 0 0 -20.64192971485208, -31.32302298892574 -147.351429141875 -234.2875885109774 -143.5327120176074 -72.44445321308635 -258.0742049978462 -339.596653948782 0 -75.52170632723598 -388.0075985951848 -66.01953890867499 -161.4473035041181 -190.3091805098082 14.38294735069324 -404.7602493842127 0 -20.76195041581837 -444.9570184172799 13.1595901742136 -110.6389457316059 115.4112591832108 -32.44944578216501 -363.8907944684999 0 -176.0437512857706 52.54172962015769 -123.6090927320664 -134.684888873051 0 -278.2911665492644 118.7907282379725 0 -26.28260180787899 -93.90633891140746 -119.7181790103806 39.97083145328709 -175.9191257423508 -74.6651979417498 -110.9870904747462 0 8.805364366230194 -101.7122141133851 -236.7668327107622 -75.60901877304036 122.695052889154 -271.4247183122839 16.66602254501117 0 -8.51188694304512 86.79370457776844 -325.8587238886385 -148.4587602459558 -181.9910500673191 -328.8196382669163 -19.31436084628001 0 -129.0780770152721 116.0433135105007 -156.9326997913659 -189.2452492111915 0 -98.34419023498842 61.39784446745779 0 -23.96386643522961 -366.3197072418952 -384.2539195031643 165.4005917146661 -16.16345352109724 -83.42234543366098 74.69217863391786 0 69.58593252029308 -25.60757228311932 -49.23428014702483 -199.6524146960606 86.21654244537862 167.246960838861 -58.1877263548321 0 -143.7546392852472 -50.95481146952719 89.9678259098163 83.78283516636266 -52.64320841753663 -30.66213364440646 -23.21711980807896 0 84.90408648837384 80.30660621536398 -239.739383976108 0 0 -74.0902292813312 179.6718171187552 0 34.2954051345852 -7.092829492614385 -60.21729356195496 -258.9173863730653 -74.3301933279252 -86.77092763239077 20.10389378992498 0 -45.5103971406365 -79.46110131320731 0 210.9356316206546 -15.28465867489763 50.12257694418025 -142.4713564349018 0 0 -118.8738813230605 -94.67458437969466 0 -3.688554044762597 29.09966432645469 0 0 0 -0.3282326614196336 299.9673980728717 119.6550460999654 0 -88.26552703132631 0 0 -37.37461573319355 257.8900582356348 0 0 27.70591940305616 0 173.4788355699756 0 22.12758966375116 122.4054694330097 224.6561387674959 0 0 0 0 0 128.7450052190355 0 0 48.53647381583956 0 266.9115044722801 0 0 0 98.51638157152964 0 0 0 0 0 0 0 0 48.52690055684212 0 93.25244308074318 0 0 0 0 0 0 0 0 0 0 0 0 -15.34725228212573 0 0 0 0 0 0 0 0 0 0 0 0 0 0 -17.07912059746614, -35.79754289050993 -137.8533936092616 -178.4655366080286 -88.5888655371715 -50.39641845547561 -146.5632631139012 -172.7261750042004 0 -16.14641898429934 -196.2765911308763 -105.4456545335548 -96.76142636031383 -73.2619510926841 92.55275126080809 -8.520878565613479 0 -48.24344465162365 -132.8726580663948 126.7868532263672 65.7122150771323 189.5754948789838 298.0425317029582 -96.15768173561266 0 62.32959871645243 119.3438707713808 257.3805329067406 125.7368075336535 0 196.7036879199065 462.9619824482103 0 -18.43177776582752 148.0833174435999 87.74682789283216 253.5782001543142 -7.967620476438231 85.07736170648545 300.7197785569914 0 176.6186101270168 387.5985630268755 -30.69101237267868 17.1733424011865 199.0401753183687 150.6074324996087 298.4778556971164 0 14.16494180175389 192.9634251633175 -159.4565922169427 -69.02529504009466 11.4679609212419 87.86111102342943 145.8729007631744 0 39.83211393516562 61.95239069006559 44.83685060395482 47.58023951011315 0 8.549375238750116 230.5588262097026 0 -46.93368570019103 -245.5394233895611 -264.3412359794086 101.9815845439889 -105.0540645918396 13.3478553898302 -98.23446133146641 0 89.54372002939976 68.95358387281966 55.84633604151517 -112.7729749369393 9.203975997332172 -89.46297401524865 -8.844894215835609 0 -81.28908112396527 -163.4372417492382 63.05896198425381 33.32792669688719 -11.81090446221202 0.7001836201075093 -94.94107285973874 0 11.28716195687084 46.06531114306695 -306.3523930611476 0 0 -24.95146014423872 136.6282776951917 0 9.28336220259075 4.566518031610748 -36.42692148577015 -261.6689269856772 -92.96148687145872 -131.6742693561837 -2.004820192585665 0 -17.44624140470985 -57.65937078475687 0 200.3394086740472 7.451368174656086 83.07188951084956 -1.283037957097008 0 0 -167.3313104863155 -209.1993037769855 0 25.45535716469378 -19.90592853186418 0 0 0 66.23230855270114 293.3915909391603 66.5465520484746 0 4.539747151616321 0 0 -58.9351214683644 122.7946528692102 0 0 -4.060085949219166 0 133.415936914964 0 45.18307989695957 113.8612287772569 94.8629112964864 0 0 0 0 0 92.25822350844739 0 0 49.8957675084207 0 147.0258773251695 0 0 0 32.83154619122048 0 0 0 0 0 0 0 0 52.23031757070493 0 36.03873497028061 0 0 0 0 0 0 0 0 0 0 0 0 1.886104578751365 0 0 0 0 0 0 0 0 0 0 0 0 0 0 -6.96535607841513, -27.61504854245362 -102.968841647713 -134.2116698557548 -70.55452009550807 -30.25438068085948 -106.092971382065 -141.8736039469533 0 -29.43103115868733 -151.5071583546975 -35.72712961069693 -20.65074363649251 -46.17963193148628 60.92760917319903 88.40475802331835 0 5.2438388772689 146.7686490234684 218.8632849690655 73.97427208707573 212.4956209142872 457.3039524542504 4.307838270375782 0 175.3577189215504 117.9998975366923 447.2559592605156 294.0731240366246 0 363.9424192823974 591.7813745684682 0 -42.54448139367901 177.400430993504 133.4785427926327 267.0825219784325 63.72410903503278 255.743743687633 427.778731669265 0 250.1904669157424 494.3617829333974 -18.9574226184838 57.90775312551851 133.2578487318489 216.9486462155719 320.2059063858217 0 62.36338995029038 136.2493241847362 66.98124896243573 -78.92384488196851 72.98785922662596 182.1914892913417 -6.319049474710241 0 77.89993889143292 64.86150890224928 91.23956827063176 118.5189201964117 0 103.7362516979929 20.12865004307199 0 -47.51113301509959 -199.79626902245 50.99521715720671 14.93615162704865 -28.57627815891134 32.81328431845093 -44.87894281154158 0 -43.80382114538087 -7.028615232127137 175.5960539014067 56.35183012280898 -58.93011841382518 8.941556231369901 129.4989982246408 0 -18.24521176238222 5.772798180994073 9.846083143048663 187.3933507732911 104.5753495667388 3.040181697971597 -54.64799847831333 0 36.6722621425538 59.06906211401082 -47.70076956329038 0 0 108.4822465456504 108.798182939327 0 15.07081667977976 49.71921392899939 99.35576401024414 -251.1985003272796 -60.32912169545574 -96.09209422163238 -137.0323120462138 0 -28.85687568732094 5.1726158618048 0 58.69117932773065 22.12400675080932 82.59719516680553 39.57427455336257 0 0 -134.5117950275312 -334.0083846989409 0 32.80648910883352 -219.1515127886767 0 0 0 91.49306416493513 86.5802030423192 42.00564156042096 0 20.16574291007964 0 0 -51.45906337537463 -30.56292807401103 0 0 -81.12492897967566 0 146.8377493393257 0 52.84372616585709 36.29036789226373 54.55703823957458 0 0 0 0 0 45.83697115952388 0 0 83.71914880268324 0 152.0235755882349 0 0 0 16.34648558408225 0 0 0 0 0 0 0 0 129.4157002613761 0 35.32499323477883 0 0 0 0 0 0 0 0 0 0 0 0 64.65997371819125 0 0 0 0 0 0 0 0 0 0 0 0 0 0 10.60679782969594, -5.931197353997248 -38.02393522798887 -86.71425153862072 -73.43604320387777 -20.49869511662903 -120.4177535035101 -196.0381705196939 0 -64.34712516566577 -222.385805087814 2.336257283740807 -16.5601337709905 -88.92042980703366 1.410854039218677 -29.20805350291326 0 14.08714344739755 62.44462951850353 151.4628025830953 64.11159283746812 144.5107205115068 338.4204771687615 11.12958158587691 0 142.9373083460377 121.8401458566076 366.1779102325283 136.0849473784479 0 276.3038876048773 341.7128987632332 0 11.57066271829596 180.3876635305028 133.5131263422728 203.5927790139438 49.43082343656137 69.95412143542558 166.4041522480348 0 79.22934426019926 267.1404456676954 -5.485081357720524 64.56723767257293 25.39455608752878 84.28749521830224 118.4536369117412 0 117.9733907462942 34.43948553681305 194.4889227726246 -180.5240284525545 21.76763862842129 -25.87513228542412 -194.4641091215075 0 133.3124458887503 176.3414820950593 -69.15291369886616 36.99356728982409 0 371.2069177086638 -75.51017741066849 0 -40.38323576851948 -61.05814189421457 342.3852379332731 104.2650524115875 159.3940983729011 118.9663273658709 246.8336970702852 0 -163.8855948391804 -96.20400672043347 491.3545008771214 341.1025214579046 35.37836211756444 278.7987922777465 440.3261683449616 0 -13.64259431645938 367.8754489939698 33.71889366971332 472.5694431808198 235.7136866877193 32.99533050070936 213.3786727988781 0 80.30953619488014 518.7753019640057 360.4254496766804 0 0 300.6312039287907 199.871340433307 0 97.96196765598484 66.78495398452426 270.2532085442468 -150.1221705465405 15.0234231313121 83.98386758463593 -87.51362323080423 0 85.24640612594089 76.75945142754233 0 27.47168995930103 24.66607234987145 125.6103197456406 -45.27940751482254 0 0 -57.08839690529088 -211.9838330250048 0 39.47649737603571 -192.0032734673336 0 0 0 41.31444336172274 18.21221707722631 64.33988544084727 0 -56.06038880681253 0 0 -25.94280295751418 17.53584735757517 0 0 -81.68388870483399 0 141.7518642341281 0 1.369343788222984 4.147086303728159 112.0568100423683 0 0 0 0 0 47.46952751122939 0 0 95.2295371652115 0 167.2213857384218 0 0 0 50.6489702182562 0 0 0 0 0 0 0 0 167.0532717188282 0 58.57073987764139 0 0 0 0 0 0 0 0 0 0 0 0 100.0576035984246 0 0 0 0 0 0 0 0 0 0 0 0 0 0 19.24950032668322, 20.90888278195507 57.02625700839195 30.73711959589303 -17.56963517912429 6.011356587381087 -14.98927418550385 -73.41228439909617 0 -25.53823096542613 -142.1862451719535 -58.86266172998413 -42.35879787974184 -63.17329397556507 -61.76433928516281 -93.00553732311171 0 -94.03096760686455 -340.9387969162282 -215.8910890040919 27.99489103659298 -156.7239108410196 -159.7161982168817 22.85541319761697 0 -10.18161874120138 -101.9239629879035 -290.156596736082 -305.2715024401593 0 -223.663698837586 -377.7879446755837 0 43.90069006810583 -35.32120802024207 -62.85980726954782 -152.1723029526892 -94.59566619042991 -346.4568279316456 -506.08249274042 0 -251.0432137171621 -293.2067246699629 -102.7328369312747 -67.81031945560073 -127.7242703074542 -308.2878198394044 -181.5722904218618 0 108.1683596724143 -250.950562459579 -162.3998561429981 -369.7256761908534 -14.54443459964128 -291.2245321621652 -564.1395837170885 0 -48.52930436722707 91.71008086119544 -130.508191923223 -111.9156041868421 0 203.7519078988617 -245.0610043204002 0 -33.99157860324294 -109.6305791321411 322.2279109076478 38.69951505520561 114.7114440038528 31.95033621061464 138.6501701033132 0 -212.2158406959373 -135.2549177475434 322.5122818092178 356.9235995297773 -2.104177874045789 77.65533501439927 368.6515324665328 0 -2.129489430659142 192.4203207524328 -19.70030745884587 226.297064871541 182.3993159560712 -8.567460846158729 93.12002523156988 0 -43.88958952807133 228.53064554522 215.4794801062883 0 0 240.3898465508158 -162.1497195604963 0 38.14288396379456 -10.7315740519804 61.33649430921322 -232.1299654882208 17.17390511887927 -103.8657376428926 -232.1252522257957 0 -31.55504348792908 -25.97319140166076 0 -194.7543734985582 11.52251285924388 -64.98385427248141 -63.72933682816272 0 0 -94.87387334735162 -283.9231926017256 0 -12.63936498949992 -341.4911629249719 0 0 0 -10.18221557517807 -208.7060029757661 124.5081667742067 0 -26.20325962265002 0 0 -40.86610524510385 13.38216450882835 0 0 -117.8593176745314 0 -22.34532676605006 0 -40.94458699462449 -57.57470730095155 198.2758626988215 0 0 0 0 0 52.59886859330256 0 0 -58.6236408703265 0 -69.78332095579574 0 0 0 75.55509595205164 0 0 0 0 0 0 0 0 -120.0315098451351 0 -18.90956829652893 0 0 0 0 0 0 0 0 0 0 0 0 -65.58206634936997 0 0 0 0 0 0 0 0 0 0 0 0 0 0 -10.11924932256142


GFLOW: 0.576 0.060202995029788 0.06062422422168821 0.08129847732406768 0.08151837217998037 2.986058956618229 2.986024556508184 2.952730884792531 2.952517702816758 -0.06877153941175342 -0.02604405888137541 -0.06140253237666049 -0.0136987604267143
q-corrs 1489.782450495889 5438.382509292644 6575.26952094332 2625.095746297056 1098.15749191479 2525.338923659923 1398.301652908409 0 179.4084853964601 32.93184794228592 -347.1639538816297 -318.2370385549288 -26.09018172423105 -128.9493210924341 -277.0493731809006 0 -146.7139105973963 -545.2412907222284 -321.1216517216566 7.753201960575929 -144.7087230519199 -306.5756484192415 -76.25561694201085 0 -142.878257985381 -19.58197200349101 -285.9568130306001 -231.6785066646546 0 -352.1894180834076 -148.3745388176555 0 48.65745019571196 -69.80536112504892 -204.1803740293105 -54.21080649231381 -154.5549973149173 -61.4010789555243 -183.403486599711 0 0.3559029419062014 -172.7139635329307 -2.646795860819566 -108.62415739909 36.10456056369327 -65.52910760796264 50.81312523440489 0 -97.66533594161336 149.2272623460954 -65.65620055578141 106.9438740294963 -6.87043631355384 176.2142923723116 285.5141620644425 0 202.7034842761584 -128.5712520306515 67.02847098835852 176.5497256870971 0 216.6705043138268 220.1302860011658 0 15.56019696306478 322.8914422365219 92.62282679078912 143.6944753808256 178.4933527969636 401.3224381114493 334.0264063333211 0 -57.26915963631659 38.00452969149173 433.3210217265148 41.95859745271536 102.7122860754632 153.0929615955237 338.7647104677148 0 3.175905860714309 421.1684183091583 53.79687910340778 406.4918331622133 151.3580879924369 -46.32217428944977 -25.91492936238109 0 38.87446581714009 412.352036016948 293.0559129140416 0 0 197.4412784352352 261.1282699138286 0 104.5318179796928 -90.88582291838611 250.7334983278667 15.91991953703863 25.55103345096878 137.3515160918457 46.13700176898114 0 142.2070949790339 111.2288720833656 0 72.73846143417339 -18.13115800602755 127.8046856424129 -157.2433341694286 0 0 104.630647388577 133.1286705511778 0 14.88994797618285 29.97235460309849 0 0 0 -12.64140374446229 63.79614462794244 -3.735755550782407 0 -71.9391776610799 0 0 38.92253630874011 105.9271509361635 0 0 -5.036865850896756 0 12.79114695952409 0 -1.414491475618002 14.33023517056359 43.70081737661491 0 0 0 0 0 35.19914399972595 0 0 -50.6425144324172 0 -2.145176493774258 0 0 0 29.6447489044823 0 0 0 0 0 0 0 0 -139.4218088285811 0 -9.620380980068742 0 0 0 0 0 0 0 0 0 0 0 0 -116.017840361112 0 0 0 0 0 0 0 0 0 0 0 0 0 0 -29.7956592541694, 896.4592503644815 3232.481902522768 3839.550792302917 1490.419416362522 582.6871749951424 1232.762111760206 565.2033297958797 0 -3.129347564334211 -277.6008773787229 -431.4519879852712 -405.2346812174665 -91.04734452696425 -236.6515044551995 -523.1388412676783 0 -130.349945216896 -656.0948294976546 -391.0491997365962 -134.7736848365054 -188.8024724383548 -410.6521893781037 -189.8658649827587 0 -195.8799735075439 -129.7781683726688 -464.2332646550281 -246.8600563635892 0 -437.9037944648937 -175.8061695079575 0 -19.02441495022337 -168.244952900182 -230.0761809258801 -140.9276013608793 -182.1443880629805 -67.84916990545474 -178.9731398193126 0 -6.179728134227901 -201.5877262666757 -177.16105055137 -72.70334472324151 64.96497891173703 -195.6849572526739 -1.864702423647479 0 -58.78654857515606 137.1268886130766 -137.8636536134515 -13.39174269432442 -97.7593364584269 -31.97886252321953 203.8488982771727 0 62.86138689935112 -18.7468207446618 9.053111485106928 74.146732519831 0 36.05103035979728 54.73906328674384 0 3.704373474876647 7.188117313201012 -69.38695694174081 130.7337726270055 110.5014569341611 248.6365144311521 175.2027824991754 0 -50.40279228845232 -62.32814521855744 214.0317749052867 -118.888208540662 13.35339471430049 93.37325195847063 132.8514961321908 0 -35.25663218121018 184.5053127918266 50.84886413635035 236.0195257450375 85.17388686477935 -105.3652823757422 -222.0182714141272 0 -5.829190178763639 98.87400129102519 56.96994262567023 0 0 88.11033621991956 101.0491378188175 0 64.55181103885411 -112.8440936484522 95.34941964872343 -186.1878396495036 -17.60710371403319 -55.07445726861036 -80.79082901751254 0 9.907708952070326 35.26015500107279 0 7.867213942445026 -24.58055656361479 46.55466200137847 -196.5466287791594 0 0 5.300002116822908 -75.89031278716303 0 -13.54911899521009 -97.66320347069798 0 0 0 -7.658036249642791 10.32150582412964 24.11764700361847 0 -82.3821102331231 0 0 6.053077388086114 68.80476795230337 0 0 -32.39913614731344 0 72.97957914625039 0 10.9255281032787 6.288791699097169 90.08999729859279 0 0 0 0 0 41.12880363441123 0 0 -12.08752200717628 0 88.49400681312899 0 0 0 45.11096893897797 0 0 0 0 0 0 0 0 -67.52048232464816 0 21.04855667699051 0 0 0 0 0 0 0 0 0 0 0 0 -74.72098407870055 0 0 0 0 0 0 0 0 0 0 0 0 0 0 -22.59078939077956, 171.6831834262468 563.4851464080459 570.6921549682065 154.3635842001294 14.78796747237109 -140.3334757681862 -296.280032574991 0 -154.5255517802439 -505.3324404508422 -321.5977390297331 -351.1271387716846 -168.8598979683547 -240.5700361853744 -666.980232146755 0 -66.04791402137532 -638.0826911579486 -306.0508535997322 -254.8143867388393 -136.4512175321768 -384.2691128192884 -345.0968769957318 0 -237.7438603154298 -171.4335699715969 -518.1470107795902 -235.683022035392 0 -497.6245282351465 -152.9388151697076 0 -76.85866821520993 -250.5161112978683 -245.5192861170283 -188.7912931702068 -210.1122682010451 -83.34976743693528 -209.7512467912484 0 -33.24712950930706 -274.2145167549652 -341.4155252698635 -54.34515047857807 64.02957288061671 -355.9088096612684 -87.06461434325048 0 -12.73265084536627 62.5526434863342 -247.4179553443819 -167.5597935300185 -197.54470803728 -324.5720974367736 -9.109649095333651 0 -119.2998183840149 92.16816471404945 -104.4983239628925 -117.6935809367292 0 -148.7951343574684 -135.8793621906912 0 -8.812809117879443 -352.6318446482544 -266.0704372157023 114.989023865844 26.24464735985483 -5.831037937866682 37.36002997623942 0 -29.76298564157565 -157.0795692758448 -64.72264992674747 -264.0690159134095 -41.73455478478112 114.5680718895493 -91.65464789677883 0 -94.85095914701584 -49.19870619843807 55.24890524223476 62.38724857268727 -6.557008038236376 -143.5186219069909 -295.571200619499 0 6.145278937427904 -168.4618381256116 -168.034010960494 0 0 -47.89430391740092 -5.955646464097526 0 26.94482728275321 -57.90120059655354 -75.98034498310656 -328.4876606926694 -71.60009327474998 -198.5867224493937 -153.5429681785625 0 -115.7505296080634 -42.54000464267794 0 5.399495439796468 -12.99448530760211 -21.13504155747804 -150.3492820916684 0 0 -108.7338457751313 -233.3008201403418 0 -27.57427153403326 -164.333748785516 0 0 0 25.62083879844348 35.64378512824715 87.20607043566025 0 -67.93272965889932 0 0 -31.516827299541 83.59209862546462 0 0 -37.6639861089353 0 163.3527818704455 0 34.23521452671507 27.02711273373512 175.3117270248569 0 0 0 0 0 66.14639473667724 0 0 41.381434432435 0 222.5787807553634 0 0 0 74.89833499187264 0 0 0 0 0 0 0 0 34.49168132069872 0 68.92711984323819 0 0 0 0 0 0 0 0 0 0 0 0 -15.4655043428037 0 0 0 0 0 0 0 0 0 0 0 0 0 0 -12.64558359717785, -15.74971089945223 -87.83024931476051 -162.4358160861571 -109.3539719533155 -59.76314977848243 -233.3558045925984 -285.1037387061225 0 -89.5723119530373 -330.0236739689975 -102.3038150025542 -157.2161529768211 -140.2257122932853 -63.16871115551271 -376.991957171774 0 -22.70726202105419 -371.2291752590563 -56.17468501631022 -130.1894614048241 34.21046766478339 -82.04885921723186 -280.6748893775691 0 -135.8586936412258 -7.382941577422221 -154.7738886340366 -105.2934674241542 0 -230.9076859592549 72.41693219128294 0 -25.50481330288009 -74.56418059810633 -96.25715006378672 15.25960825227714 -132.2717101318925 -50.93279602568921 -65.13780420977878 0 17.62922235965031 -54.35635861947577 -169.0245911014752 -40.20013285693697 86.22799852711253 -173.770760335648 21.65228657222443 0 -4.550708794493055 71.53926838156904 -205.9334574764941 -112.3253837714047 -114.1754948943935 -211.3591825639519 -8.344787493915362 0 -84.23616161717769 74.6909408196789 -93.85735813473249 -126.8990963276426 0 -80.50426148570619 -3.894158037150873 0 -13.88915801052151 -286.8405508040047 -273.4676027450374 111.0381808650546 -25.34304256074077 -60.03576302873307 -2.733298837825959 0 27.99763152399831 -62.22454582299007 -61.61303523445434 -185.8746439753093 13.71192524536442 59.38273683867803 -80.70678407917075 0 -99.6382756167517 -87.44793143800712 60.84160904132227 25.5197591510039 -34.28272154319011 -59.54142207618249 -117.6528960306767 0 25.93468249977225 -32.4744540405954 -200.5197636639781 0 0 -64.9747713124051 80.30603861184299 0 22.93623959886015 -3.40784540505296 -66.62413339772371 -216.4110937103762 -66.86801451504682 -105.8853480727722 -28.78736437896431 0 -61.9510731908661 -47.73932811859196 0 127.7904345803452 2.317358168221178 28.00469617000585 -43.11079224265387 0 0 -105.1356167620857 -101.9645012882392 0 9.743070196499561 -30.08645858579083 0 0 0 56.16297132885455 188.5378911050016 116.9574076098232 0 -18.31738017027991 0 0 -32.65163378720496 169.6375628655632 0 0 2.015361219830256 0 178.7103178721098 0 46.54365637952024 76.48376634579718 193.5623060744339 0 0 0 0 0 89.6936376945289 0 0 58.1510108545809 0 237.5782196815715 0 0 0 76.54280082400817 0 0 0 0 0 0 0 0 70.72995023605593 0 74.28159955962832 0 0 0 0 0 0 0 0 0 0 0 0 10.30006957182348 0 0 0 0 0 0 0 0 0 0 0 0 0 0 -6.951387652301016, -25.39687732795824 -104.7292615960053 -149.0595978637363 -79.52993334270474 -42.2886564979534 -137.9857087799112 -151.8336678312575 0 -32.97392119336901 -159.0238661353675 -65.87136535665785 -64.44885718865962 -57.23104545656317 32.9908331806518 -51.30837821523618 0 -22.32929330746828 -85.35805512002794 87.63883877288168 16.62324049368896 128.1679686411922 200.007863460768 -83.39499165734838 0 37.801679807749 85.53520890967523 187.1784661721262 96.13053494584381 0 145.5899936944976 337.4520553367392 0 -4.976887242447475 118.1178660040469 81.08571462284951 198.7935535778892 -2.225677031933202 74.09670774630307 231.178363990888 0 139.7396068203826 303.7637369659516 -3.350481995894249 18.05170644712911 145.0232486172592 118.4467090529228 224.2796936269579 0 6.809463639960384 158.4654856581055 -79.56849459733206 -30.34497856714658 16.64326611290761 75.93757625750739 123.7038629269883 0 23.24952235879681 44.40262629542617 40.66643063002802 40.30537491759755 0 -17.4955332097264 125.712424773508 0 -24.40841734990071 -171.7024206886393 -169.6293700906708 77.17734690658182 -72.34431454668984 23.16440199205525 -96.38586864077998 0 39.94116561062675 5.602256263486414 25.09670034479393 -123.0580947079365 -21.39806123759732 -87.72819368405329 -41.75051220124883 0 -48.75456345016967 -117.9704403519038 44.44919701531113 -0.3931246270171584 1.254629194877822 -43.60104163521028 -164.3338202635783 0 -12.18794251491786 -37.0847772117657 -222.0707189444596 0 0 -29.98876691833288 74.64986580945684 0 5.457596231604994 1.838166655021546 -55.64321472130019 -218.508923760438 -76.11506316352052 -109.6003093452657 -34.20739631753614 0 -43.17817261873996 -38.16938115579464 0 135.6346980246089 15.1293140286467 55.26261245307288 43.29079685709733 0 0 -132.7182059348645 -148.7038399138538 0 34.59652000978707 -46.92069730662099 0 0 0 95.54655039489732 198.2258994313582 92.90815969410107 0 34.91378259953569 0 0 -44.58403140343589 107.9614254950845 0 0 -11.11018754900294 0 159.5160168015592 0 59.67314609646325 75.01187515537239 122.7510442929643 0 0 0 0 0 71.22847817574873 0 0 61.07528231752396 0 174.4177412397102 0 0 0 39.43318982598562 0 0 0 0 0 0 0 0 78.83484689036037 0 44.060513302695 0 0 0 0 0 0 0 0 0 0 0 0 24.89267052997371 0 0 0 0 0 0 0 0 0 0 0 0 0 0 -0.137311959968283, -18.21680418676193 -74.04098926840275 -107.1995020952452 -59.92095938433602 -27.54266014459143 -99.27133573594324 -114.6216864059773 0 -28.3351801944936 -103.3042674239325 -15.69099354992318 -3.399672157746579 -28.10135618860267 46.02508598956032 70.86192522548913 0 8.478271514263099 124.9186754136081 175.1086857837337 59.16724589565644 166.2509344522051 341.2404131612745 15.56384954143268 0 127.9248808693086 108.1627827651462 354.1560347816622 217.4115035544667 0 307.2346385906374 431.8940245787705 0 -17.39643880717318 151.7352834143335 138.6064117856152 221.9579539229886 59.83383805593944 166.4728225692123 315.6236643896037 0 178.3197724687778 380.6030162408446 6.133896049398508 48.86502404672905 106.1447100666025 180.9973336827633 237.6325587943837 0 43.29572195722781 114.8466774462214 56.2185880919961 -56.30419319836371 51.56812967704624 124.6187450554911 38.28648859288739 0 65.67392172280202 71.19341370154409 65.82396404817472 112.3200681955819 0 76.75004518550351 30.20061617663535 0 -30.37586322424131 -108.4519211145859 54.67895504536003 32.4554821851324 -9.396997264820996 52.48170828291468 -2.370802316832084 0 -30.26872272844221 -18.48255582504079 146.6069557803501 25.9331856082506 -37.4959740757814 31.47301342863426 88.83480386701024 0 -4.893439245895607 47.31576945689645 17.07645406346465 137.1730873769068 82.45429627431108 -24.62513235763563 -75.61939220574099 0 29.4986176929706 42.02817986283229 -3.216114192842326 0 0 74.56101208166378 95.89871507217183 0 19.82139264963077 43.8163514245102 49.49705547724676 -181.8063953411306 -47.82639088636977 -37.89432207816941 -97.21312142785784 0 -24.78054814647945 14.35314095458928 0 61.69364587571869 25.705779598841 69.69853752714219 74.11068848000265 0 0 -108.7458270828131 -200.4823442156255 0 43.53697807413778 -145.9177440240572 0 0 0 105.5578459839653 82.77340432319453 69.03745967635851 0 37.25131004156462 0 0 -39.63214893405612 14.76365561144695 0 0 -52.13460784271958 0 156.6198680196465 0 57.24180508006476 29.73800066518448 79.99929816312977 0 0 0 0 0 40.25731000401395 0 0 77.54563531922788 0 162.1208681755342 0 0 0 23.0122296605238 0 0 0 0 0 0 0 0 118.9818765909215 0 39.65397101150361 0 0 0 0 0 0 0 0 0 0 0 0 59.46548930131067 0 0 0 0 0 0 0 0 0 0 0 0 0 0 9.792319241917724, -4.274467338379935 -28.43505817740695 -64.16964133490521 -51.52665493206175 -19.52605419415662 -95.52823142339267 -131.7472266772669 0 -42.46773144329447 -136.3238870446946 -10.45532330468972 -11.34430528866583 -46.61492073966242 11.92953483045984 8.337809547333173 0 0.4515739348269694 43.59953542943695 103.922556983415 56.85159626940985 102.3796167498025 234.7484439089025 28.28917721403919 0 100.5551645589449 82.53060993413879 236.4694718647904 86.28568344504154 0 214.6901273700628 218.5865684000449 0 9.658776693887994 122.124368861368 126.8007859974298 146.2863632164909 39.14752578374677 8.926895265246969 97.82633861885088 0 39.18879511175174 187.0338158169031 3.94550191156938 56.84255508652575 14.66403087956416 85.77001632151111 85.52095289053179 0 85.8178804630965 17.00263485754682 107.5330186058718 -162.2096902692261 18.56213135472634 -35.58899269834239 -145.0165428871042 0 109.9623241732775 135.1299368133123 -47.63991252842876 46.56901450919996 0 272.7454168753356 -20.07977761946182 0 -33.54981341110088 -35.0456456195347 230.5720742338043 74.49975256518272 99.12162630604199 71.94521074636762 202.5533057228962 0 -96.08847175132649 -50.34401995125323 333.5790687578263 239.1635336194554 30.98396126454232 221.6841000199117 304.8444854247109 0 -5.87593567071684 274.0984489129582 25.94992221603382 328.2613988128774 163.2228662806669 28.82394181892347 155.3735848476886 0 65.50646967931746 340.7705522283393 263.9182495455875 0 0 204.7352148505942 143.0141646020301 0 68.74221148915876 49.08455209199506 173.7512382965834 -103.3324671827658 8.816758225969364 74.61958330680466 -70.09606864372533 0 55.25103237598792 55.51112852871799 0 20.86208920100501 18.42365272023813 85.61377028933487 -7.957302022146663 0 0 -54.62155980851202 -146.3412177299487 0 30.47687280592204 -139.6385670388336 0 0 0 47.30057277293832 13.9286841375461 58.77884071610678 0 -25.3797892409288 0 0 -24.34166505501257 16.28088805842906 0 0 -58.5715441316207 0 120.8205018126183 0 15.14106189478552 1.990597583234752 91.76346705781957 0 0 0 0 0 35.07218139096668 0 0 70.50046777130504 0 140.15086677176 0 0 0 38.0670578119213 0 0 0 0 0 0 0 0 118.6867209122921 0 45.05968508769842 0 0 0 0 0 0 0 0 0 0 0 0 67.28591446909719 0 0 0 0 0 0 0 0 0 0 0 0 0 0 12.37088806662313, 11.72536490605762 31.04423616973389 14.48748253153082 -11.77884502554843 -2.356703406676573 -26.05503691270849 -53.2820301139715 0 -17.50978644725016 -93.24638233191445 -67.06218880665756 -47.077994866094 -32.0167925913497 -39.57875229670944 -58.68031891508015 0 -76.08022789350137 -257.7383804154841 -171.7439302191407 18.2178889330337 -117.192095572953 -138.854324858274 17.25140255689735 0 -21.34723481332797 -97.81559501376992 -281.9861794388194 -247.9517111267572 0 -188.1859778495499 -303.711535630813 0 18.49725790759272 -64.66963996619597 -46.21251922628993 -129.9947580982766 -82.61904469981953 -288.2213591404621 -394.9430357854404 0 -196.320720094574 -261.007069192467 -90.7745819521635 -30.99098604974662 -111.160632313293 -208.4772652840697 -155.9536820159554 0 77.62223232089798 -200.98177236776 -148.4070748303549 -313.5536583362011 -30.85638992498122 -261.4124879328158 -452.1940536677603 0 -16.54090526490882 44.97264798003464 -119.7133659717658 -122.0184702090058 0 155.5742407589821 -187.0083589997373 0 -33.68619797888686 -129.5279876063083 148.897816926959 17.97106822871689 52.27039022713535 -46.62226093871452 109.9591591873957 0 -138.2806091606432 -83.79559152933459 172.9690082904078 239.3966198179445 -0.7515596948386474 51.97206369307384 252.3386927964214 0 -14.47346542536409 113.2925574157356 -15.90437995205334 165.7934067943151 115.5258892579651 22.55321009995054 97.66847001425437 0 -26.16556777649826 147.7717028358364 144.56579977139 0 0 167.750804127546 -112.9529620383628 0 28.00000904759033 -16.75969023130781 57.82733874944411 -163.2526545874304 17.12029330906813 -71.34105380813378 -169.2679500001083 0 -14.88160259166186 -19.2072857598457 0 -145.5806013724977 -0.7634978583342917 -48.23831445955316 -70.45503560083748 0 0 -66.74186000376918 -224.4521007162586 0 -24.90951094139923 -251.6823435059591 0 0 0 -21.08305929012168 -162.9706910429221 73.12983923893822 0 -33.16847438892789 0 0 -30.44042961910923 -14.68291491989875 0 0 -90.16685163948243 0 -15.46030690138503 0 -26.36737352622429 -47.90932260308224 128.7628258859168 0 0 0 0 0 31.71678329955056 0 0 -40.31320753736056 0 -33.33530271616975 0 0 0 52.07882080606393 0 0 0 0 0 0 0 0 -85.69085712336522 0 -7.879840823666076 0 0 0 0 0 0 0 0 0 0 0 0 -53.6173758829685 0 0 0 0 0 0 0 0 0 0 0 0 0 0 -10.62411028998981


GFLOW: 0.6479999999999999 0.04964949557592903 0.05012935488783375 0.0654144939098058 0.06575733805928444 2.988967532658646 2.988913995926872 2.961806157364334 2.961536049681698 -0.06371326919702121 -0.02707463504570207 -0.05309552784744756 -0.01218303380241769
q-corrs 994.5723342328804 3833.365675158251 4907.405675035054 2083.431112121787 944.1859851792103 2356.131726058196 1445.549199540189 0 252.0367748257301 247.1767902179962 -134.8069473291856 -150.8129360847462 0.2339287543890451 -72.14466949644292 -178.2275734034472 0 -109.0390819512541 -419.1349105197497 -260.5217555977198 -18.48779541695664 -126.5750399564115 -255.0324086664639 -76.54817771471832 0 -113.9258694513283 -54.38369475971017 -264.0101114964996 -182.3598070265633 0 -293.5632547288156 -137.5206942059083 0 4.933796587090725 -93.04081725887943 -187.822587438328 -84.33238946999148 -117.1902181550256 -35.83712164431705 -130.5611944266825 0 -7.811460753468143 -177.7284267200955 -57.46944224716982 -70.44208465360103 26.18934214344534 -80.25574711554896 4.254715380423757 0 -62.85664171825465 114.8242065762385 -28.07546977573064 78.72012405239266 -31.5559113210451 93.67015109871431 228.9111674307127 0 143.8711924032727 -54.17661307089035 33.72447097374157 111.9552247720086 0 154.582463307374 163.4092818045601 0 16.76455386664366 242.2441895095598 70.74076348308006 113.5161655094409 134.1168644439624 299.763475096786 234.466590398516 0 -23.77438183641932 29.0327944170854 311.463252345682 23.84744066048332 84.69073553273716 118.4333674472507 245.6502327400146 0 -2.965515819394851 282.8133170147987 45.68134530082143 287.7255422049809 107.247453821957 -31.65550636741179 -22.65718025836533 0 17.93878408347608 299.223554914686 177.4400156812938 0 0 136.5097753736983 177.8015701590433 0 70.1284058476831 -75.05287500535772 173.4375632883858 1.891780534999675 11.86927657343739 68.63705058370914 33.50904208102321 0 96.19238865731928 67.55981867334279 0 41.78974724109951 -18.38496212710061 83.73359047259052 -123.2008726300552 0 0 66.07750464725132 74.3140809813799 0 2.983069529675177 19.54362399748368 0 0 0 -18.16949416257692 31.20625356629433 -0.8367112814018505 0 -52.7417606661389 0 0 25.24215913070555 62.28207993324627 0 0 -3.480506517144589 0 14.47909857765786 0 -3.435649660229526 5.325495356928604 37.83849310453517 0 0 0 0 0 20.36775502887667 0 0 -26.40484332413867 0 14.84416766003719 0 0 0 23.97162752664185 0 0 0 0 0 0 0 0 -76.82146676434203 0 1.669749736045378 0 0 0 0 0 0 0 0 0 0 0 0 -66.67431310404885 0 0 0 0 0 0 0 0 0 0 0 0 0 0 -17.89695936303428, 632.0164081611875 2414.004193373315 3050.98193525723 1270.139995410615 552.7487317367438 1315.259167837206 737.183999989101 0 81.85552795331976 -51.32248540330124 -240.3003390315432 -245.7740379076002 -54.67192274088312 -166.0035025519689 -375.7812548525829 0 -98.87283983257494 -504.8647431861607 -311.5815557717401 -118.9641563881288 -158.5266477410397 -328.6879920218132 -158.2419794616934 0 -153.0146933928748 -127.7060398759351 -386.4603030181557 -195.1410651118155 0 -360.4482849304076 -155.6900029659036 0 -36.00516847970736 -157.7055018831211 -207.8794685380107 -139.4978121616962 -140.8008886308238 -49.19769626856858 -142.6626901691725 0 -15.17637995380936 -202.0224524397672 -166.9731918053506 -51.48969922296889 38.43227806937763 -164.2950129750196 -31.56416197340373 0 -38.84419904225664 92.21475072681378 -84.11060867566539 -11.88953878343963 -87.04422877226949 -45.42411630967813 152.1119363479394 0 50.017105047841 6.009646361510253 -4.812609788712077 41.13642815885176 0 36.46249379368778 32.97978357426223 0 7.528464850510094 23.17716100045582 -37.2835867172961 100.2631357145637 90.43674004963358 186.2089932455831 134.3173807206296 0 -30.26202688750625 -47.19602618564252 156.3279483404959 -86.628850578211 18.27059125590404 84.21854466953926 103.7849480076495 0 -29.31957220529778 130.6443533947327 41.73059922888503 175.5461448489642 61.64732547564705 -79.43542494758455 -153.7064565682466 0 -5.122792307208726 82.14409369695258 33.53496167487322 0 0 62.57628700814553 70.21065614861529 0 47.31618577696072 -76.63185769664736 69.40799186922 -123.4049745331767 -20.18219394303858 -58.1674546542536 -52.75370459755172 0 7.308016008989419 24.4953765270883 0 -1.429129074556087 -17.69188771847875 29.70094073093636 -134.0232034886967 0 0 1.025712062227376 -64.33529819828722 0 -15.78334028744437 -67.85920701920597 0 0 0 -7.525743454370534 -4.509098360233867 14.47068138588521 0 -55.83254967844647 0 0 4.315860867785295 32.4507304323768 0 0 -23.22607896589565 0 51.03688412372318 0 5.982541802035747 -0.2795612168645096 61.35981412986266 0 0 0 0 0 23.29981822205217 0 0 -4.453546869926772 0 65.40149622972164 0 0 0 31.7423828500745 0 0 0 0 0 0 0 0 -37.09074134999996 0 17.94613357619672 0 0 0 0 0 0 0 0 0 0 0 0 -44.23685236346309 0 0 0 0 0 0 0 0 0 0 0 0 0 0 -13.98951359138996, 148.514010805182 533.8894387542703 612.7403505653675 212.2006491848111 65.25531299895371 44.93276372729505 -114.4786862444143 0 -101.1047354326938 -351.5428212858951 -251.4035534744326 -272.0302556972675 -122.7528818288539 -210.2902196696786 -530.7760948826299 0 -58.24688886999159 -513.561587966819 -270.4990954291144 -212.5730140886012 -132.1003067741267 -322.9579253308606 -266.7953639459125 0 -184.3312135978202 -158.1064617805949 -428.8408488258342 -185.6300279971895 0 -399.6744910533158 -130.3391972789059 0 -67.06235647523161 -201.3000420902511 -205.9513454344706 -157.3157978241441 -161.2959371821809 -66.99128901341345 -161.7265520803147 0 -27.26716298203851 -221.2922704560592 -258.0625584024363 -38.04031169425985 38.97220583322403 -251.8488747580172 -71.92011223204315 0 -8.712086251802347 37.41253998651156 -163.9531387179129 -125.171642685853 -139.5551797512738 -226.799393836004 -3.610999331936739 0 -73.8296083270027 66.1164513483555 -72.5726222092062 -83.0778314724578 0 -93.21414181344092 -116.3171411727608 0 -4.180982715524038 -243.9014093698605 -178.8445001489069 82.03095902872386 25.22951109929172 -1.154419690788274 22.91219136064258 0 -29.06684017658233 -125.730759201318 -49.22829095710166 -197.8721004302724 -40.07633815903132 74.47914523590359 -69.71757078006837 0 -69.24030736352644 -44.78278661658852 40.25621980732799 41.60824596758326 -5.134311919722896 -116.9673197657824 -231.1731717980737 0 -2.690947467211174 -136.4600672792924 -120.9891998695922 0 0 -36.91985247239791 -19.08902460438193 0 23.40029002124842 -32.50353644379557 -56.71337532919071 -226.1437748093895 -59.91539259551839 -160.5037999010526 -117.0947681098349 0 -87.64630792355683 -20.87734939082873 0 -7.298557097820847 -3.252323994417358 -18.81426077740388 -78.10037112673464 0 0 -80.86482352566723 -175.8479644375592 0 -19.21973560435342 -129.230786111315 0 0 0 36.14996723456814 10.04529089727897 65.3527425165851 0 -31.45656800430674 0 0 -22.51292568704013 41.69777435019654 0 0 -32.56073811507645 0 126.9471102144614 0 31.82650009578621 12.63359932392624 124.2993979339146 0 0 0 0 0 41.35654394378878 0 0 35.85415122334567 0 164.0157306191041 0 0 0 51.7943576753118 0 0 0 0 0 0 0 0 35.67319156417747 0 49.5251108815996 0 0 0 0 0 0 0 0 0 0 0 0 -2.970179076336223 0 0 0 0 0 0 0 0 0 0 0 0 0 0 -6.849116474522749, -5.052180818074731 -42.15048234145064 -98.22349375432358 -75.52105326990451 -45.5814596000525 -192.9599741896064 -230.7544111779517 0 -87.79329609223424 -278.2278797369428 -116.708469171339 -148.5828750028084 -106.1700271520735 -96.74992522522847 -338.9375594691302 0 -22.82462164075788 -311.6790649604566 -89.45459083768728 -129.064471623041 -9.692640927772324 -104.5571832228763 -217.1064651133511 0 -107.3611198028477 -37.5247037054215 -160.0823241774119 -82.74200452712138 0 -191.0802184076385 42.77367377383833 0 -25.36022009999765 -62.63744125113912 -79.76903240907799 1.099306838298588 -99.53683014605204 -32.146473354075 -37.29440394406078 0 20.14091333533769 -30.84768230226906 -124.6024299462353 -22.40348588817101 63.36086326284326 -114.7457740156916 23.12926693554815 0 -3.432887814383641 59.61713516944744 -131.7409941738495 -80.44432615838107 -73.91462114894752 -135.1681755891044 1.90301619267089 0 -57.57565932880519 49.76215261662637 -55.75939329301464 -84.51528667217413 0 -68.72361871854291 -31.09395418113698 0 -7.245168460443681 -219.8631851348981 -192.8406519886661 76.77322327771256 -23.29758719275095 -39.50630376097915 -35.90107444279438 0 5.454047959603987 -73.86806805830346 -61.08815550028824 -164.5783142032517 -22.04604211588642 9.062681453492409 -86.26268091964477 0 -68.62536742345301 -92.83501282555704 42.38739356615636 -6.790608107705683 -22.63824876521476 -72.49068724056957 -157.812558647004 0 -1.299811895193791 -89.80996440263986 -163.6923263393655 0 0 -56.36357900154918 20.10525040749386 0 14.96595653928962 -0.4557819923655657 -69.83189544483096 -180.1113686273763 -59.81391371311844 -108.1166814610179 -53.01659223539802 0 -67.15535001204933 -30.05192874051899 0 72.21538789894376 10.25986864172863 9.864266011208779 10.26035784543245 0 0 -91.16838301445542 -98.02008775304466 0 13.4995293690976 -56.79017974859043 0 0 0 79.02941817869413 114.1747140804956 108.2564607562103 0 16.21150019485651 0 0 -27.78823382553362 112.6194305099778 0 0 -9.870547886250943 0 170.0157411932322 0 54.35494038539285 47.09235857186178 164.2969719640408 0 0 0 0 0 63.3326028117382 0 0 60.50690893243056 0 210.0635686603039 0 0 0 60.3901409557223 0 0 0 0 0 0 0 0 81.63809570435866 0 62.06999963518473 0 0 0 0 0 0 0 0 0 0 0 0 26.00117884196964 0 0 0 0 0 0 0 0 0 0 0 0 0 0 -0.7626160513053151, -17.96913831652012 -78.86051548598519 -120.5369313023787 -67.49598747393628 -36.11998751292018 -125.6561188691545 -132.3350126192501 0 -38.52711337538189 -133.0963788589591 -50.42141600440611 -51.3125434029832 -45.80328155608066 0.6170299151167011 -71.06308605259295 0 -10.07737732644395 -63.22588005818667 56.23774276740718 -7.860817922319976 85.15022536224546 131.5927452221129 -70.48069852288742 0 22.20182168222067 59.27417475986174 133.7957148276196 74.22284347512495 0 105.8237389673464 248.7829213405283 0 -0.7781475205444863 90.43418949851412 65.92290593000345 151.273264874998 0.06133403696552264 64.6054751443925 180.0033211080724 0 110.0706191002641 234.548091272477 2.729824403094231 16.30014179303251 108.1209549133266 88.49988705990427 167.7866262062984 0 3.077838676436249 127.5318353698495 -35.48439900627588 -9.644995272450586 13.50413838179279 62.15986312783694 105.4892000078809 0 12.7383845860105 35.62779480553063 34.57621678892058 34.62254681392718 0 -29.15784419606364 66.44872694556862 0 -11.61120611185973 -123.3098960577648 -108.9244084732368 59.49470095248422 -47.99292922377815 29.33390398204104 -84.73395666316094 0 14.98231420914105 -24.42056266296 11.04289083851613 -115.7121173719172 -35.49891113517362 -73.66689650987185 -52.45260533414533 0 -29.7744268721788 -86.88076666404312 33.65295472460884 -15.65064659332595 6.818186402587791 -61.6205766863054 -182.1132757589007 0 -19.49419939379117 -72.86027383046442 -161.2978503127697 0 0 -29.08837902438274 34.50238731963036 0 4.208521427079527 3.125508657202658 -61.83491764244508 -178.6708526732569 -62.93608064610563 -88.16345900164265 -48.28674269528422 0 -50.66370886903763 -23.63870215760825 0 89.89454103024278 18.47483320302288 34.39397928196327 70.17613680132368 0 0 -107.6569690027218 -106.9154817364415 0 36.87085199075938 -56.52818789029581 0 0 0 107.3327843492473 133.7315295883035 103.53248596786 0 52.3258202384535 0 0 -34.91729596206797 92.31829550166378 0 0 -13.88327234920135 0 167.1540109675052 0 65.20562626843825 50.04936041563754 132.341158463379 0 0 0 0 0 55.99799319766883 0 0 65.53196528809974 0 183.2585593122472 0 0 0 41.07653408785764 0 0 0 0 0 0 0 0 92.43762281958193 0 47.43947491147448 0 0 0 0 0 0 0 0 0 0 0 0 38.02144124827925 0 0 0 0 0 0 0 0 0 0 0 0 0 0 3.83618526120987, -12.35896952873821 -53.85995820060023 -83.3201241865834 -47.82110904428346 -23.50819649963354 -84.09023754010917 -88.51926607323054 0 -23.21560790705743 -70.35785556333505 -6.691297891844043 3.470199145283368 -17.53334614866497 35.64850149418636 57.41709307066225 0 8.621967988709216 100.4803266165509 135.870325694191 47.73959804003617 126.5627232609235 251.8428851513057 18.51459860274115 0 93.78456144340785 92.57150757358295 274.498084802688 159.6364885549666 0 246.9080797434139 315.5604645206165 0 -3.121537659261488 126.5378642754028 124.9460916707579 177.4383567127122 50.43239080225328 109.8529228495857 234.7625111003391 0 127.4967511921758 291.2890317564625 17.64385510909522 41.83864263866245 82.93474552727048 144.6043915653574 174.9556746363575 0 30.91094530941122 95.32571914265651 50.09788709333559 -38.19603495057741 34.90424207145391 86.28185348601346 54.33834354434845 0 54.98924210572866 66.83490037447808 46.41153576147307 95.15704628182301 0 58.34502012400517 31.53914506859525 0 -19.46214163455235 -60.07853893750573 49.32249170056009 36.87707500853032 0.7787641370472684 54.99236098544818 14.41010990937548 0 -22.09939333245426 -23.16472150406438 116.4491289390623 9.234527984896729 -25.45857850697364 38.33187604762513 60.78976560439342 0 0.110761214730875 55.81748358412351 19.06453886140432 99.58468633565464 63.41404167090296 -35.37219445932051 -78.89913493924645 0 23.41609725308739 27.54382836748691 14.61666992652168 0 0 50.73997915421842 76.59236766277138 0 19.22294299329759 37.23300500552944 19.95681576404804 -133.4007397191855 -38.83169317996415 -8.392007800771815 -71.64472277127433 0 -21.54345788331038 18.16496749951136 0 53.86926956060933 25.01927829593073 54.23088121449864 91.18078808488931 0 0 -88.84444650508594 -120.7814548727053 0 46.35168747788571 -102.0510720516714 0 0 0 107.340338535613 69.80332239995396 82.52211488812068 0 49.78636843442869 0 0 -31.23037537203789 35.65170531690959 0 0 -35.32551123032395 0 154.5766889359047 0 58.64298002245148 23.42147647885144 94.79874347088631 0 0 0 0 0 35.23995172224492 0 0 70.67858298594122 0 162.1454706046331 0 0 0 27.04548961813477 0 0 0 0 0 0 0 0 108.3178260884735 0 40.87543198935501 0 0 0 0 0 0 0 0 0 0 0 0 54.08845859500839 0 0 0 0 0 0 0 0 0 0 0 0 0 0 8.87444615414868, -3.177906364176124 -21.62418816211604 -47.86421710851923 -36.42341140141455 -17.18812229615331 -73.67064078949325 -88.55795564445071 0 -27.13837969780328 -82.96384306697283 -15.13484853625008 -7.746313353612777 -23.22613041956118 16.17571532201391 27.4142374309226 0 -5.54750852827145 31.59521503845554 70.5319927591798 50.38628957893943 71.50458856385043 162.1270857925067 34.81107090688635 0 72.06185905909092 57.53653262597032 152.8926875499929 51.3690407399875 0 163.3270186522673 138.226175332017 0 9.879162627064261 86.81943064197667 109.3456579222648 104.5266356814174 29.2374966779752 -23.43337283293064 55.51363931621277 0 14.32379460635923 127.8667863687869 10.03475297601 49.68676384710489 7.30560187446448 76.12996088854311 56.43553570431261 0 62.59271487221399 6.29742726340195 58.89271486791314 -137.951038702903 12.42600389665893 -42.23063082952593 -110.5541428941021 0 88.74962368611189 100.7710576215114 -37.77676600771561 38.91015672024273 0 202.2463116177503 1.755162348853617 0 -28.00225251668889 -24.17776396013249 149.2366569679229 53.76274100679104 61.24154648722734 37.09293344323569 160.916560441437 0 -60.32388101394402 -29.46451121303895 224.9697999276469 167.4204539287787 27.18603566838827 168.0918811902588 212.9546744684254 0 -3.576150575761739 199.5491485126887 19.50361761465234 229.7522459881327 111.3528086830709 21.53275951209264 109.5495716331184 0 51.28098103556325 228.3874866250104 191.8650535089219 0 0 139.6380881886289 104.4645957132501 0 48.17998980621201 36.23559510360784 111.473555611061 -72.5824793698489 4.321741056804122 64.7757772051273 -54.93930867129722 0 35.64040678507823 41.8057385194756 0 15.93451599961647 14.50953276295534 59.5645279401165 16.91113823556883 0 0 -48.48363207095538 -99.13236830209257 0 27.4170839345154 -103.7048832833005 0 0 0 49.82248846738679 9.690278723416526 56.93785081537219 0 -2.673125094590418 0 0 -21.02189493702592 16.50075845745943 0 0 -42.88806217724988 0 105.5422282816244 0 22.53496304552709 0.55978597667667 81.1464268636978 0 0 0 0 0 26.49369896107152 0 0 54.5108649087049 0 120.8463549613154 0 0 0 30.6039035507696 0 0 0 0 0 0 0 0 88.41474118996511 0 36.52805621395257 0 0 0 0 0 0 0 0 0 0 0 0 47.47369339944904 0 0 0 0 0 0 0 0 0 0 0 0 0 0 8.224860633778089, 6.574868043809261 15.97798510315792 4.032988719866964 -9.46661329768321 -6.809901763116066 -31.24309783879549 -41.55956031531566 0 -13.02936750146024 -64.94498489723944 -67.08397457535142 -46.76001561453662 -15.79264590698626 -28.11395717404022 -39.2200939520929 0 -61.13388369622322 -197.5500600757748 -138.7927093171302 12.72113868277033 -90.94046815252781 -119.360272519885 15.30968128669744 0 -23.00108129854268 -87.11501231983029 -252.6117904928104 -200.5627207328471 0 -152.2074940315864 -245.6293761222792 0 5.942677475356476 -69.4775276927344 -33.30001193825748 -108.6496117812996 -68.86450620945391 -241.5221347567773 -309.8580446335421 0 -159.4029522011194 -227.7495138146371 -74.93769093809446 -9.701611790264707 -94.28925221401313 -144.961716176416 -134.9155711953422 0 57.00247516827861 -162.8615833024536 -133.781292947566 -264.7693870233546 -35.20465148497745 -232.9637823811287 -367.4749634971813 0 -2.445815377738384 18.55016260411482 -108.4102728665821 -119.2568910590971 0 120.9301632815525 -143.9627396332403 0 -31.97132773861147 -129.2391360189981 49.33093702481059 7.247188124709702 15.34323449997669 -85.79539462982603 89.13878617907454 0 -95.0814787499514 -57.55477518300513 85.89813033920525 162.2962846405213 2.947039897576026 31.74860772967745 175.176804849976 0 -19.22197856981587 66.66149555663185 -12.68253653770316 121.1262339658999 71.94985500482971 32.07445677814317 84.06876734538801 0 -15.80707995037113 99.49651044236398 97.39670458541481 0 0 116.742991010465 -74.98178358544584 0 19.89357528987572 -19.34478668386856 48.03360262765462 -116.565656614004 15.38284872677934 -47.78868555249906 -123.9498206707767 0 -7.361908646413122 -14.32266286946648 0 -106.7721490845259 -5.518563273388513 -34.23832264522349 -63.3442393734304 0 0 -46.99053302578643 -172.6659498663686 0 -24.89399265421741 -186.7103591474178 0 0 0 -20.66052070586527 -124.6255285986593 44.59673636797864 0 -30.25784066443391 0 0 -22.48004301064935 -25.41742827026482 0 0 -68.47638552341567 0 -7.799134887043109 0 -16.57579156111983 -38.26850767879449 84.86010097619535 0 0 0 0 0 18.60528623886983 0 0 -26.64332043287783 0 -12.76349759083723 0 0 0 35.62033864716187 0 0 0 0 0 0 0 0 -59.09871939983955 0 -2.156441523589129 0 0 0 0 0 0 0 0 0 0 0 0 -40.55376904874091 0 0 0 0 0 0 0 0 0 0 0 0 0 0 -9.092400344125789


GFLOW: 0.72 0.04170483116350287 0.04221837968139291 0.05380235998910676 0.05423095096374955 2.9910242596051 2.990957005881528 2.968422439620282 2.968114484173171 -0.05865327229278484 -0.0273875048149246 -0.04612190143555675 -0.01115391546381259
q-corrs 689.2264241942019 2776.010189695837 3720.035183213057 1657.191201530343 796.2905938205574 2105.514242205581 1380.147384531228 0 282.6909774684841 368.4319271350031 9.321846481254964 -32.56000218919155 18.30584108385911 -24.74552637273813 -94.81727604886458 0 -79.25879875876471 -313.8504577887916 -206.1137564839907 -30.52528078279645 -108.2523950899703 -212.2182925278661 -71.79253141843927 0 -93.32792321297947 -69.59117223645178 -238.2765575437427 -144.5739064949841 0 -247.6873550315604 -125.3475510049409 0 -15.78417951741864 -99.92347200187918 -166.0240582946661 -96.4187269923134 -89.07443906887931 -18.89426295447586 -98.99559086715445 0 -12.21071417557987 -167.1157412857485 -80.58033705813422 -46.45301576975812 15.79271451760444 -82.77674634980934 -23.1263243928387 0 -40.21845710207788 84.1212210177101 -0.744364029905249 57.54594150225032 -41.97454476820056 42.06348205157208 177.2511882379965 0 101.5689472077355 -15.10734477066528 12.25320811449812 70.58142871278815 0 112.9006865485457 114.1770244110721 0 16.24586478350508 180.2948073771896 55.87139252913768 88.37585871640668 103.7779821694382 222.8475186419391 171.6892059183891 0 -8.455783360625663 19.0069951148227 223.6952294340691 13.81938283111018 66.6874571169575 95.73807960087925 177.6164164373976 0 -6.653016771009972 193.3681817579192 37.50301055500449 205.5444533640113 76.5051439014327 -22.73573485647966 -16.38360787850179 0 8.208315591736179 216.0374736099957 110.5153720370343 0 0 94.70359212162225 118.7933794131329 0 48.41785502219659 -57.41644114295549 119.1803669366775 -5.565387509365493 4.856989308603112 28.74068580991785 22.07603533477005 0 64.19305894354514 41.12744291384286 0 20.77976203407161 -15.3773259017337 52.94033810022774 -94.75998741735489 0 0 41.32018280453311 34.93538997408877 0 -5.002459665845466 10.08409502408404 0 0 0 -16.27997395409886 10.38011367025296 -1.09769960983186 0 -39.82521078228302 0 0 16.21007009708974 32.39392300311675 0 0 -3.27122239419039 0 15.58899433895753 0 -2.795956320315849 0.04296049819122238 28.6967447703583 0 0 0 0 0 11.05782788488318 0 0 -11.59971928038314 0 22.13889829521915 0 0 0 18.10309103722415 0 0 0 0 0 0 0 0 -38.80427882161243 0 6.38465767578923 0 0 0 0 0 0 0 0 0 0 0 0 -36.49138955404993 0 0 0 0 0 0 0 0 0 0 0 0 0 0 -10.40424596897908, 457.7474604250892 1830.800195898596 2429.39196647725 1066.515533492226 498.8845919070294 1278.091218112158 793.3481712820791 0 131.3311049034161 95.53447410806672 -104.4088180336134 -129.8593989653598 -27.9999782685064 -108.3886851447849 -259.3831480118386 0 -74.2054820598885 -385.2614485309313 -247.7237660367669 -102.634169601556 -133.0640666499278 -267.2344946503485 -130.0006469645683 0 -122.09715666304 -119.1356374902339 -324.0888839739249 -155.936095578104 0 -297.5479648434268 -138.4775378871906 0 -40.67140124134918 -142.0580862336847 -179.4916003934105 -130.5951511393593 -107.8424752001948 -34.93297307439828 -115.8190775415562 0 -19.47084596642429 -185.510994033317 -147.999272274553 -36.18071593635648 20.34725655368707 -136.006806303284 -45.95697358842435 0 -25.14625839637916 61.31762758900302 -45.65961918910155 -9.897212742263989 -75.14809080134577 -50.55459886592709 111.9972427708618 0 38.14942502276516 17.04160937320773 -13.24657387817036 20.76372801812274 0 33.47572751622634 15.18346965768291 0 8.899148177387133 25.96544753658145 -18.94707941154394 76.39386964325892 74.00820574576176 137.6734259328013 104.467210867948 0 -19.73169643176831 -38.30348289022803 111.9286296134075 -64.63805279160368 16.92404060365573 73.18793881142442 77.07914427827427 0 -24.86839651889239 91.22386249837066 33.20950073947186 128.5222661227875 43.99176440540654 -60.78661007880031 -108.3489035595936 0 -4.290750210447527 60.52977833700101 18.64236402697463 0 0 42.96700122030806 43.82454585361266 0 34.67215060657487 -51.22796851716136 47.2065771292043 -85.94536090908159 -19.19447953600051 -56.9469561943593 -38.22946107902342 0 2.614880781321144 16.06620180764725 0 -9.034141006188545 -12.01977742470109 15.91805274387406 -91.88199281925375 0 0 -2.517080341313228 -57.95878088451796 0 -16.91614573996777 -50.9170845934139 0 0 0 -4.182691094990858 -14.23360214065024 9.014410733454049 0 -38.57637830979531 0 0 2.483913398322711 10.26784387048215 0 0 -17.47121513066396 0 39.62443771254847 0 4.689412611832147 -3.964480197566244 42.11291654040622 0 0 0 0 0 12.61835337671304 0 0 1.635903310334526 0 52.31351982539448 0 0 0 22.28635029226519 0 0 0 0 0 0 0 0 -15.66661146673854 0 15.52984256926275 0 0 0 0 0 0 0 0 0 0 0 0 -23.66165331350786 0 0 0 0 0 0 0 0 0 0 0 0 0 0 -8.173775477465721, 125.7762498523473 481.804865603416 598.3436653211201 234.0932249978983 91.97910655346112 160.0263856254437 8.16858686105455 0 -58.19008672855334 -232.0273868997315 -187.5302119965502 -205.5093961778916 -88.62324251715728 -175.6172104259728 -418.9340105599518 0 -49.94648550670171 -413.0918870671829 -234.7929422531051 -175.5740210832051 -122.0648842145542 -272.7988986659234 -206.1906647797385 0 -145.022589119171 -141.1587966621076 -356.3165390878576 -148.762854487917 0 -321.4320974553371 -114.3342315591753 0 -57.07137714015902 -162.9267551234935 -169.0894002257282 -131.2991805264756 -122.6724779267298 -52.72808906555289 -126.4561084630553 0 -23.8591413941845 -179.3888783055386 -195.6146209581145 -26.63822705866481 22.81169855764944 -181.5582701712061 -59.74467121927334 0 -5.84387930726402 23.09984109957149 -108.2484503403877 -92.16483519928754 -100.5946619690289 -161.8137329676727 -1.595550161757103 0 -47.05005824741586 47.49775114063148 -52.49910744695222 -60.9971807158058 0 -61.24043641431169 -97.52747418501703 0 -1.265459422086463 -172.5638631450577 -122.8703797788641 59.09272843268036 22.80678897978759 0.04749809311132935 12.73514849511413 0 -27.31251409025836 -101.5157909928118 -41.29389164225485 -152.4449571952065 -37.46796347833529 49.01075729038234 -57.33002873969967 0 -51.21383134255257 -41.61926568258338 29.22411514944199 23.76231627733113 -4.710650511282941 -96.62025646959017 -185.5550391070439 0 -6.683390290937233 -118.6129278818138 -92.23956015293908 0 0 -30.84775437744998 -30.17105488755334 0 18.19703947429481 -17.19868137000186 -48.01120652110743 -162.717960142983 -50.12487146855794 -132.617370981578 -93.33405333899947 0 -70.25747566352234 -11.67938217839361 0 -16.54895300500221 1.841001949165763 -20.06151743758215 -36.47764181062905 0 0 -62.63142741946707 -137.5819371059657 0 -15.13492057034043 -103.8107216978727 0 0 0 39.65762419943358 -6.427655444179048 51.47729610618262 0 -11.63525449356154 0 0 -16.9259222097956 17.58155477136024 0 0 -27.31895120432252 0 102.969899332847 0 29.10805874212387 4.178916470537491 91.58655460322885 0 0 0 0 0 26.09256844958989 0 0 32.70569266253071 0 127.919261133544 0 0 0 36.95257491452976 0 0 0 0 0 0 0 0 38.32929079082096 0 37.95342006263421 0 0 0 0 0 0 0 0 0 0 0 0 6.513421671391736 0 0 0 0 0 0 0 0 0 0 0 0 0 0 -2.833412415363787, 1.93963515029175 -9.34555181278099 -47.00592693768284 -46.59471466797145 -32.07012116140468 -148.8740987630894 -180.2098131293177 0 -78.56665009757792 -231.3128860900915 -116.8267471298469 -135.7562437983144 -81.91138412817946 -106.6727967509018 -297.901628649625 0 -21.97997142904498 -263.0154952022318 -102.3491740727854 -118.9089515062877 -32.37968072262232 -111.8744918521731 -168.8444051532143 0 -86.63928515442731 -50.92006808555958 -153.2209679920101 -66.15026807642165 0 -158.582005626109 22.33167764440911 0 -24.52414034191552 -54.59089860372253 -67.3640616111733 -7.900903980299354 -75.15508127811398 -18.87462827786953 -21.43010629179709 0 19.19567999262647 -20.13946276323369 -95.03988063099825 -13.26097685810122 47.55056565030006 -78.99149333880652 21.44923767767512 0 -3.15539628972463 49.58919274848141 -85.31714369965059 -55.95154051989925 -50.19956672014266 -87.00366374952969 9.461216858425985 0 -40.88140799986338 34.40758970699611 -32.812290771133 -56.11261788850055 0 -59.94273428596624 -41.04859542612343 0 -3.037742803988968 -167.9262950660227 -136.2151687925318 54.29643687415619 -17.87586469365505 -23.79699269667668 -47.54072016439989 0 -6.123434679077789 -73.46485160143298 -55.90468731911817 -142.2816474942424 -37.76092782208542 -12.31375523587234 -83.26008960488062 0 -47.57316377247853 -86.29413657750354 30.13019448120464 -23.34957789644758 -15.48376879975719 -75.71144701390955 -167.1071395194742 0 -12.45243279198745 -114.5321352298951 -132.4546646114228 0 0 -48.7175051937781 -14.32219669396092 0 9.531354366493126 2.248156043760492 -69.30259774337866 -149.2308297442756 -53.06418489108954 -101.9475746360675 -62.37367329394251 0 -66.0734137205356 -19.88784279553733 0 36.39404565247156 13.4420720401732 -2.790164634078186 37.47409519647661 0 0 -78.2292867909028 -89.46996663123028 0 13.26740042225967 -66.04605905436227 0 0 0 85.15492559533915 65.77354783950814 97.34335602866986 0 32.0941230113991 0 0 -23.35031554240179 75.2877808179431 0 0 -14.62425211771711 0 156.0025072392664 0 54.61306436723137 28.45064059370096 138.9677360383852 0 0 0 0 0 45.30292788699123 0 0 59.1282745440252 0 185.4477448882284 0 0 0 48.41169422137862 0 0 0 0 0 0 0 0 85.10390810423198 0 53.27918710000621 0 0 0 0 0 0 0 0 0 0 0 0 34.49284731497235 0 0 0 0 0 0 0 0 0 0 0 0 0 0 2.837668261868417, -12.58757864067653 -58.54147376088851 -94.88819190148875 -55.23969864963005 -30.66930322248475 -111.0163992569774 -113.9852670115562 0 -38.64122274842172 -113.6318041188098 -44.89849178280835 -45.96262787474188 -37.21051121117279 -16.77316495427469 -78.46961331864655 0 -4.902223702738324 -53.22997898970559 32.20487976271563 -19.25376947662336 54.87805273171018 83.79860324991668 -58.55148502142514 0 12.06333016637897 39.35499098891989 93.16471541810212 56.86737881925855 0 75.1952017345039 183.9440950398734 0 -0.25569519644373 67.12089982478182 49.73153564207424 112.515631760403 0.661706948749897 55.58103881627787 140.8281363100659 0 86.35284872054034 179.0504979037492 1.15535979118528 13.72865570351816 82.0516394294981 63.98510262355445 125.5004200500853 0 1.043046264288904 102.1386727905692 -12.0444983056923 1.144446936787283 8.443982272019607 49.66900098009557 90.41062044168261 0 6.449637063157049 30.20699757899878 28.652489197331 29.85423291504412 0 -33.43896357975513 32.91492747683999 0 -4.495167513640054 -91.08024789221301 -70.37965324028721 46.30537731280803 -30.45385905152375 32.18711729277681 -71.54566123308997 0 2.68012158787549 -36.6378164715184 3.904226023532658 -102.7871938564974 -40.23129594401235 -57.09499163191616 -53.30462685341306 0 -18.75204924823996 -65.69229682423558 26.26213528833348 -21.71540309778298 8.392507629514441 -66.57557802049331 -175.3885455687586 0 -19.49111899256069 -85.78205583246803 -117.8285196804871 0 0 -26.45229928751819 9.628035354722904 0 3.596932727228738 6.033730017542876 -61.37979871511075 -144.3119275934673 -52.78928298173047 -69.99224637957458 -52.62722408140211 0 -50.41146602415859 -13.50682689072814 0 58.06092544370801 19.52739447741426 19.75091487441656 84.41741873220246 0 0 -88.74802556088096 -78.5405581035899 0 35.70808642546155 -57.91672930112602 0 0 0 108.9392374130498 89.54777314737018 104.5369411267678 0 60.50600278600375 0 0 -28.00699593031025 77.15221448625428 0 0 -14.51269033751967 0 164.03990045073 0 65.3219048713179 33.58702801324399 131.0022638711238 0 0 0 0 0 44.45606091921822 0 0 65.63313166120437 0 180.6044535399258 0 0 0 39.87224311505962 0 0 0 0 0 0 0 0 97.15500333087461 0 47.60703279588221 0 0 0 0 0 0 0 0 0 0 0 0 44.46280284741235 0 0 0 0 0 0 0 0 0 0 0 0 0 0 6.006188127790505, -8.558619230175317 -39.41196740638552 -63.6827928140647 -37.0051017292854 -19.32353970341474 -67.99707201080022 -67.07241376250361 0 -17.83854675887668 -48.33391520370803 -3.290478773085717 5.200983679773429 -11.04307246477039 27.8007473714181 46.40301797373698 0 7.414647600497204 78.4203443370068 103.5365736318024 38.62997909064566 94.97331260342591 185.4717695723507 18.24307396269833 0 69.54685032001477 75.85823622156462 210.0348235259406 116.8271479436884 0 193.7463431441084 231.0532173525681 0 3.925987359946447 103.3385486336669 105.0564450134982 138.6383324413903 40.5391149189506 73.28425107586159 176.1102240669462 0 91.39598054697552 221.6191515468342 20.86991581722289 35.61959021091933 64.39176923181381 112.5598044124526 128.3223899067764 0 22.43732883871795 78.10222353551266 43.87652374483073 -25.53989718739733 22.6376070244887 59.91431978997615 56.47964104235894 0 45.09689278440893 58.31786730045555 32.16923252709935 76.1885006340794 0 44.1067762710076 28.2417804098 0 -12.56854659181649 -35.13608029336046 40.29645362128266 35.00941110920765 5.573157769451214 50.17825894938404 18.66899238647007 0 -16.783655585837 -24.20006813966875 89.16486157337431 -0.5523214515981039 -18.66829585811812 37.56695377504285 41.01572620905756 0 1.390014933954301 50.63834313031977 18.13059026697133 71.86169715205253 47.909854609372 -38.31043479993492 -74.64763492981351 0 18.77232219761754 14.98562260615849 20.05364952765326 0 0 34.15746932778605 58.06729600940798 0 16.643382013922 32.21854299264228 2.834325497551923 -99.30074117276091 -32.32807306372305 6.03291522518348 -55.24820509471052 0 -19.23502940234422 19.02359048865691 0 43.28321019946274 23.20677241317198 40.71852741171415 98.37369596576829 0 0 -73.33106653234205 -73.09313857530992 0 45.26021985766969 -75.35020114684146 0 0 0 103.6686034104266 55.38291562692663 87.4502432031932 0 56.79133443562841 0 0 -25.06948846506637 43.57036021412237 0 0 -25.3719206806043 0 147.0950821426353 0 57.59086541653352 17.96308496940972 100.9825958031491 0 0 0 0 0 30.72052711180809 0 0 64.08186262378204 0 156.4379780390857 0 0 0 28.82464735963071 0 0 0 0 0 0 0 0 98.48397581779575 0 40.29666504511465 0 0 0 0 0 0 0 0 0 0 0 0 49.27581220569783 0 0 0 0 0 0 0 0 0 0 0 0 0 0 8.067599960489977, -2.393041080190116 -16.46006225138962 -35.67156143601928 -25.867303624395 -14.33491785565408 -55.71577296930614 -59.66484055401818 0 -16.84508131843563 -50.02240853622817 -15.69762428150008 -5.335047805417489 -10.3916529868845 17.05813446159524 34.92415422294708 0 -7.722123148980611 23.39000730121431 47.86401451724508 44.01011757002895 49.81201820219908 112.7090274276841 35.45620473615158 0 52.85145521515823 40.98761229141449 99.45900518563394 28.18442354202952 0 123.5865253015944 86.11893300222732 0 10.04283577965693 64.19115031387609 90.01683363948106 74.79972019400638 21.34096397527842 -39.0989637374276 29.55804543806889 0 -0.858141815975074 85.22806992560086 13.09782035187863 42.81381619487364 2.47154946178533 63.16036292868911 34.22706747117672 0 45.95236561587075 -0.371954549892429 30.29883379827377 -114.9038803844669 6.84834665909769 -45.39536905291872 -87.04467065427536 0 70.26612667729569 73.56008977940436 -32.74081209848933 26.64063377360463 0 150.8241823497591 8.054287573520327 0 -23.33583743756018 -20.49903294172772 92.29740615563719 38.95924218438262 37.0146050840639 13.21730470043367 125.4075183167968 0 -40.67448081395904 -19.93684315357116 150.4499928166323 116.9895472953878 23.21912901723073 123.967829550479 149.7186757806217 0 -3.362723572701112 143.3849064266456 14.34541368394407 162.1820485727395 75.36407850183869 14.4310613703119 75.55371037693823 0 39.64474028038768 155.0355514366702 139.5081240420232 0 0 95.52102533350521 77.36227710898333 0 33.92411225034407 27.81683273841182 71.2620158873878 -52.02459061884823 1.277914547690319 55.63682711102793 -43.18886335496698 0 22.64763902036567 32.4270329678315 0 12.24551917246098 12.21628497475811 42.26435491892185 32.6044569834952 0 0 -41.65658620605077 -66.05312816043724 0 26.03412308022539 -78.68757255253779 0 0 0 50.25171904522612 6.590914613277096 55.71974058841568 0 12.31104497853897 0 0 -17.55881918348161 17.4868756756106 0 0 -32.08204416254368 0 93.74036330426948 0 26.04070971951164 -0.2212099441425321 74.64847148364774 0 0 0 0 0 20.81826245254246 0 0 43.90060326726136 0 106.3677659674605 0 0 0 26.02673209225013 0 0 0 0 0 0 0 0 69.20501651432404 0 30.86793670771229 0 0 0 0 0 0 0 0 0 0 0 0 35.51430116455462 0 0 0 0 0 0 0 0 0 0 0 0 0 0 5.799397411423103, 3.627180787766605 7.229491664589318 -2.377604082224494 -8.524266414309118 -8.760368065634456 -32.83978835327241 -34.51061665018435 0 -10.69428815932256 -48.43175354544994 -62.86325519928404 -44.01491711235548 -7.604250875877601 -22.21440292599349 -29.04856023190722 0 -49.06727836531602 -154.0129872426702 -113.3963027331867 9.040918874746069 -72.39313956239144 -101.6684209069967 14.03394955179448 0 -21.21493240816949 -74.77322246254593 -217.0839981944679 -162.3050999762808 0 -121.4000671234003 -200.1590829111026 0 0.2618310619003879 -63.95964488650307 -24.07386964148028 -90.02203901707571 -56.04557171835992 -203.3572099067414 -245.9169042788697 0 -132.6827569565439 -196.6718713948943 -59.16338090184003 1.827213645887827 -79.32430790298423 -103.7343221073537 -117.1525561757857 0 42.60970983573282 -133.9668901967485 -119.6687950078854 -223.0397009784088 -33.97770873767868 -205.2727820557806 -302.4051955232437 0 3.201078611876966 2.694717811677089 -97.01243200825328 -111.5764414806617 0 95.03301865453486 -113.2086863634849 0 -29.38389370607836 -119.7315259667448 -6.360448645606901 1.353373350307837 -5.656433551671681 -102.5973340473687 73.01072619481343 0 -69.08999862460917 -43.17124798057186 34.77002754647733 111.3539736237506 6.191740037228527 16.59503493233186 122.9140204121475 0 -20.29585300211475 38.57545179064103 -10.47667460389281 88.61832836829217 43.45663259010782 32.1280837955853 67.43004870006688 0 -9.574718589169986 68.80323434316598 66.06195773490441 0 0 80.92034057674063 -48.61674322364125 0 13.9619068912223 -18.85700969900791 37.39078786306465 -84.08074094070039 13.18187015871737 -31.30157348600179 -91.13879135809462 0 -4.158216235508753 -10.54510624130921 0 -77.87325064885951 -6.602755479511484 -24.07577100511534 -51.47833111316403 0 0 -33.35584236078873 -130.4558286124549 0 -20.69022245416921 -139.1202798561769 0 0 0 -16.36642271901541 -94.33666521295561 29.0027257567909 0 -23.95389377611841 0 0 -16.59780344794978 -26.67360153428001 0 0 -51.7727931445915 0 -1.545843273457102 0 -9.832590998518542 -29.89181269854445 58.07147585621436 0 0 0 0 0 10.9255726726471 0 0 -16.933195195314 0 -0.952997744548135 0 0 0 24.81715996140402 0 0 0 0 0 0 0 0 -39.55760488861956 0 0.9014785009118764 0 0 0 0 0 0 0 0 0 0 0 0 -29.25112895091462 0 0 0 0 0 0 0 0 0 0 0 0 0 0 -7.102628495244031

Number of steps = 10
Time to complete flow = 1.411670e+01 seconds


ask_starting_lattice(0): EOF on input.
RUNNING COMPLETED
Time = 1.423447e+01 seconds
exit: Thu Oct  2 13:25:09 2025

