hwloc/linux: Ignoring PCI device with non-16bit domain.
Pass --enable-32bits-pci-domain to configure to support such devices
(warning: it would break the library ABI, don't enable unless really needed).
com_qmp: set thread-safety level to 0
Wilson/Symanzik/Zeuthen Flow application
MIMD version 7
Machine = QMP (portable), with 8 nodes
Host(0) = Precision-5820-Tower
Username = luisneubauer
start: Thu Oct  2 13:13:07 2025

Options selected...
Generic double precision
C_GLOBAL_INLINE
type 0 for no prompts, 1 for prompts, or 2 for proofreading
nx 16
ny 16
nz 16
nt 16
LAYOUT = Hypercubes, options = hyper_prime,
QMP with automatic hyper_prime layout
ON EACH NODE (RANK) 8 x 8 x 8 x 16
Mallocing 10.5 MBytes per node for lattice
Made lattice
Made nn gathers
Integrator = INTEGRATOR_RKMK3
Finished setup


reload_serial gauge_configs/pg_00037.lat
zeuthen
set staple to zeuthen
exp_order 8
stepsize 0.072
stoptime 0.72
forget 
Restored binary gauge configuration serially from file gauge_configs/pg_00037.lat
Time stamp Thu Oct  2 10:57:56 2025
Checksums 2b2d266d f0a16f8a OK
Time to reload gauge configuration = 6.764817e-02
CHECK PLAQ: 1.9686686901745529e+00 1.9687467923726250e+00
CHECK NERSC LINKTR: 2.8901294810721568e-04 CKSUM: 9e80eb35
Reunitarized for double precision. Max deviation 7.50e-08 changed to 5.55e-16
Time to check unitarity = 4.920006e-03
#LABEL time Clover_t Clover_s iClover_t iClover_s Plaq_t Plaq_s Rect_t Rect_s charge icharge

GFLOW: 0 0.8764370865742324 0.877636796770487 1.963199501855206 1.96585578447061 1.968746792332107 1.96866869027038 1.405632319403221 1.404859701424271 -2.087420700218947 -3.257466904862531 -2.860750917237002 -4.426916277906577
q-corrs 442575.0704199308 77927.15992966035 -65914.61071587198 -15970.6775156371 -755.5222859393893 -11554.87701550756 -13298.55523164695 0 -5424.291426206716 -25326.27559071136 -5922.980496759699 3149.456289724354 -4075.258583812893 -12594.4925133878 -43693.19141411854 0 2637.225512463775 -10217.02032333921 -19604.82515585628 185.0748807746768 -5153.024310309999 10931.05374519001 -12090.31824889367 0 -3380.820803416602 -3935.938339872479 23907.87721877777 -18881.72075059242 0 -14326.80432222427 15630.19611286245 0 6042.254760629527 -28717.38144299223 -3625.758410106612 34660.19019908087 -16497.95619387042 -20246.92308637755 16923.52801897205 0 4560.609248945737 8775.77050211944 17525.7833234495 24203.12058911488 5320.398137433131 12099.22548009648 3274.723602328118 0 -1325.102765900985 -3550.389944380714 1424.002887749073 6210.444508057521 6031.209033930529 3561.403014083752 11908.65754057186 0 -15533.51661223297 2243.399191276275 -14961.59612673497 18142.91269106356 0 -4215.961652638802 14846.91180104143 0 -5497.252347997922 7303.405505226348 2372.658663354572 2911.189286167681 8628.861452097704 -2306.822245620513 -25103.69201458122 0 -5133.791299748138 -4832.489650062353 1357.390884924092 -9221.970290509033 -10480.65417252926 -37288.92431067945 10087.8826071307 0 18112.12975390763 -6307.216774789548 -7040.404580165777 13669.20147875351 -25852.09171437835 7566.495315788503 13307.6049337706 0 -1045.648594510967 23874.77057111647 -6773.275317179319 0 0 10104.24679624012 11306.47326980436 0 -10916.392146134 25071.09701131549 -15597.80001518903 -20014.00917811198 11929.81193676973 19440.51274344671 -24207.25248209039 0 -8400.382896349973 12527.35742748168 0 -19488.03063925311 -1249.638925919106 -634.7166356247235 474.916909843449 0 0 -13641.55647284964 1884.175133878085 0 2915.517241824814 51.580263786258 0 0 0 9484.83883992405 9430.780539574887 3407.168045595251 0 -7554.384577898647 0 0 1157.009225179625 8304.902109185959 0 0 4730.220756872144 0 10011.75160003155 0 5189.920359807167 14773.96523662949 2219.540540702537 0 0 0 0 0 8311.510535537211 0 0 -7654.586884561226 0 13901.9018626644 0 0 0 -9334.55608629635 0 0 0 0 0 0 0 0 -12677.0343381328 0 4390.813493927064 0 0 0 0 0 0 0 0 0 0 0 0 -4837.830847943553 0 0 0 0 0 0 0 0 0 0 0 0 0 0 -3705.468305957381, 13588.86127405888 -25030.98595540154 -20561.99184607799 1660.957544384197 -3420.581863276047 -11686.73797156085 -3269.86658660684 0 1579.158027968157 -15676.05567861473 278.5958582350074 -18584.31088162828 -158.513836756304 6654.97493560252 6312.856203231851 0 1041.217539205114 -3560.350262054151 3291.980110274281 8716.690206175099 2885.542583254674 -19753.57617682834 2609.956257476394 0 11670.37950445376 12216.23289686035 -719.1753477253478 1416.804078939481 0 12154.42179766331 3140.548865428941 0 3676.923611797468 4786.335961760447 9086.363503471408 9260.694879165414 -6983.167688427555 -2363.779844416483 1068.598320385039 0 5210.16826781097 -9894.391198578513 9738.231809038753 5608.213488898205 2279.016192708855 4767.067387140945 -5179.837625209522 0 8514.014951630104 11316.01753468074 -8326.169867918325 6991.517691556405 -3750.210701697116 -13382.96417335393 -8650.9014657648 0 -2723.549597749958 9334.937544873685 3429.548790782276 4151.030735346612 0 19545.71701013407 20179.7074788966 0 -46.1174539767776 3182.972169960809 -11379.89907276784 -9831.941785837458 13625.35551646807 -11857.68242663927 8637.412535577743 0 7889.032650628469 -3233.106085627827 -34802.18518541451 6447.106464940055 5292.864228446714 4177.154768249802 -21527.79981584297 0 -5336.115039493574 4532.152561688847 6667.627582874453 -11124.75920683488 -7324.986975656374 -3451.49544427388 -13389.40632832557 0 -5289.223733582774 -36590.45176234064 13695.43428851955 0 0 10901.65050717073 1621.997635728986 0 -3759.644877861464 -1404.499868356529 16684.60799605037 7167.359603718207 2856.650813937483 203.9516190188979 -6691.569419378186 0 -276.400757379291 3604.877406882058 0 4604.761436088565 58.18372294940059 14954.48240578264 -101.5236063809061 0 0 3314.93934040668 -1259.504896988694 0 19922.93865162427 11365.6133907705 0 0 0 3847.08229758908 7589.051668888135 -11052.53940939827 0 648.5789901368698 0 0 -1860.088955754732 -810.0586219635961 0 0 132.3232424596204 0 -4259.345423518082 0 -2805.896607225994 -5365.362220169456 16617.91150560723 0 0 0 0 0 5143.450714626767 0 0 -1484.074493321866 0 -4995.303319263723 0 0 0 -597.049930264455 0 0 0 0 0 0 0 0 1344.386330578493 0 -5373.694275230131 0 0 0 0 0 0 0 0 0 0 0 0 -1937.798088679977 0 0 0 0 0 0 0 0 0 0 0 0 0 0 -4565.555624109699, 164.3780726997911 -2872.934510296188 -3240.570941723671 7596.326273109073 -3291.61374958522 -839.8931432613617 4580.605411703711 0 5430.10414659796 -742.5230018115158 3568.011646916789 6772.778946382076 -5804.670886429064 19807.06153213416 4729.109527818478 0 5271.685184590135 -4911.893984995253 7869.472372945689 6833.437815638847 6946.855312522459 7184.331052356443 -3190.178320225467 0 -10349.69069755138 -1955.727716428725 -26392.57277268264 7237.820774580644 0 7462.058184569371 3867.807789524806 0 7208.845571500273 902.9983511924383 -7566.216777991329 10282.42534637097 836.6824333367595 -11113.45040200765 20428.75176636146 0 8647.800552753708 3785.566272964201 -15368.96291756495 9659.308335694164 -4911.258103284746 9832.972585336633 -7019.641195244187 0 6501.163174320152 5724.70552197728 16888.30288540495 4477.926088289516 -2023.885001874195 33138.63970948117 11071.11257959571 0 -21908.42321832541 15090.69780517075 251.4989066826224 109.7299135588642 0 6066.917798669198 -9874.403323074201 0 -3980.80660686407 -5402.703263072259 -3383.235815487754 -5649.770076662791 -9724.661068622245 4097.746487073786 5141.307587851925 0 -6172.557096820768 -2596.657582338536 -9438.610915179805 -645.3076733885177 6585.55678155934 -976.1011042572536 5425.623707808887 0 -9708.020446611781 1765.069295108175 6192.702991010361 -21188.08451859216 7985.9430747812 -1522.410339443416 2101.323068420715 0 1102.216577187521 12376.06159106793 -4503.586976145218 0 0 5008.847992393285 23164.65062726923 0 -1399.835626447817 -3412.992499318722 7065.918160859367 -3826.10698744014 2403.883218571212 -21679.7990060771 700.8979715011637 0 -5604.387593660092 -15213.63342230898 0 5414.541408450505 -6480.076499541874 -10794.94927890967 -2805.709483623718 0 0 -2657.835139461247 14722.50584625037 0 -9811.233471740366 16451.98977624265 0 0 0 5556.953549301255 -4406.125885067471 3052.92138303656 0 -14463.44952441573 0 0 -619.5286235235994 -5287.555429886703 0 0 3916.348311719594 0 10046.69511041751 0 -3871.466456714676 -2846.008817533181 4525.508977582652 0 0 0 0 0 -7461.36835558645 0 0 7050.0345672741 0 -1463.49617354696 0 0 0 2798.072297664266 0 0 0 0 0 0 0 0 2294.273036931827 0 2173.832246713128 0 0 0 0 0 0 0 0 0 0 0 0 -577.6347804877298 0 0 0 0 0 0 0 0 0 0 0 0 0 0 -2180.282282201635, -443.5836423178566 -2673.92234468632 -3501.952877670699 3177.242339668893 -4445.413494015861 -8307.143466307254 5863.109200879462 0 -6624.817731800765 13080.67265450647 577.0963782299823 -10130.40804783039 1705.298404152323 11199.12592760329 10254.19093537203 0 -5809.881174084219 7185.591835898706 1529.53009969667 4085.015405825476 14371.12924770227 11528.42193149194 4476.193488341095 0 -3537.412639093901 -12662.59467598484 -3518.860167382729 7266.676276002144 0 21493.06496856018 -10222.34026573714 0 2716.178558915456 -1138.585151400151 -33563.10006990111 -2908.975896594708 -3535.986271075568 5576.812246740092 26405.71514146807 0 6662.602700335896 11574.7916056867 -26663.10749921427 -10266.85759812402 -1308.64430589138 9209.468766917527 -5148.802457602466 0 -867.4640044978296 -7721.906691441844 -1780.328954817054 11612.17041310709 -2441.127240723901 630.1210607774974 958.5375494040118 0 -19753.8707814927 -875.1449784994836 15050.43176237827 10090.36145682543 0 1848.968624302543 22713.1142288587 0 751.0868240037423 -41045.73313263254 13126.00515370691 -5207.704997228365 -6744.982243814706 -30485.0483169396 11440.94677537882 0 4532.521702288672 -19311.83736637191 3618.466828325199 15359.65315506595 -7979.624444300359 -4074.335355223399 24510.26596219665 0 -1274.485462681233 -724.7029087037572 -1339.820814530082 3729.018062936772 -3781.642449600344 15128.54900447526 16002.09889905271 0 -6850.045971491677 8176.077224253039 -11006.96767253467 0 0 -5458.696010258604 2498.50790975589 0 626.9446800563352 2962.97503701958 9896.224261709915 17930.45388432141 4084.635157109516 -13476.1968173006 -21528.81660406484 0 -14522.07995894064 1172.288987310673 0 -22808.82559645863 -5778.246215957047 -1585.733311280553 8061.239487168595 0 0 5576.958298555056 24891.71142751089 0 10301.18442285811 -8370.878520744955 0 0 0 -15009.31149174401 -4251.607069142043 7719.614687653688 0 8058.960750364571 0 0 -644.4636374639431 -130.8051017444022 0 0 -1473.575205640405 0 7676.373721753349 0 -4981.964756513293 5672.911437165338 1663.649786252113 0 0 0 0 0 458.3194635679468 0 0 -87.63660564077395 0 -3208.031103653834 0 0 0 3316.882058542528 0 0 0 0 0 0 0 0 -8729.188386578342 0 -812.5894967346929 0 0 0 0 0 0 0 0 0 0 0 0 -1547.822891497258 0 0 0 0 0 0 0 0 0 0 0 0 0 0 1731.020756300808, 537.9269859928172 2535.720895920982 3204.720441385205 5093.273801610412 -1685.945896604519 -2274.936550800041 -831.8937277015903 0 -6752.777155374262 10698.36130561896 -6519.705440976715 14322.3140663836 136.4539184689502 -20137.23892101067 -25724.98727383747 0 -1289.571984773792 -3223.178010778222 -11079.39839348233 -3656.337012896282 18322.89766535644 -539.3708907715136 -5512.675200852784 0 7925.471827381592 598.4794991312253 7619.318367407735 -11438.01960863466 0 24129.90229185658 9929.362557645842 0 -11560.93056453058 -14171.73008498647 -2302.753064801626 -1773.023699061175 1218.738618650845 -54.87425472594578 -1948.576261767903 0 -11374.82291754264 -43617.33033255423 12527.14712172084 -4575.21667795273 2726.782937480277 -1478.508096797374 33636.40683371502 0 -6109.366503049445 18463.98784401744 -770.9087639410054 -6506.96839217146 -16437.44670785616 14620.62541520236 -31508.45341229169 0 4373.248988419178 4351.083872841611 -9867.997544353462 -12409.75973685757 0 2389.034880813935 21049.27457861698 0 1893.738941108744 10191.98792910591 6338.509272199757 -5245.970387355301 13110.54493487927 -2119.929148307954 3090.450718601102 0 2850.609938930122 -5230.186742755326 27338.12764597783 -1245.628881071192 12927.58762978876 3534.738674696726 -10744.45713238474 0 -5592.053595806521 -15508.2239804301 3284.220820262219 -12226.62411983498 -1355.421456655822 -21.20431180249079 18629.0335691725 0 -10320.3111701478 -380.1451921019989 -24967.36752707024 0 0 -1588.848591025046 1731.27196753373 0 -689.0952795032163 2370.572366903946 3087.280987683839 7747.334504584251 3331.27874522095 26293.0437170921 -1177.828736753633 0 -4213.402743668603 852.5750556446201 0 -13399.06649709703 -35.89202173907734 -2333.502342144985 18355.15824633819 0 0 66.14760148227788 20103.82131044945 0 1986.561117921203 -11195.54487443552 0 0 0 2287.6470655752 -10722.78432079705 4927.434668308104 0 -1445.263987158273 0 0 -6351.193917969064 -2186.700637757471 0 0 7984.285249015461 0 1617.979472905087 0 3770.772359115144 441.5306222403979 1383.573655659921 0 0 0 0 0 2334.621064021192 0 0 -314.891793274423 0 2881.098116688828 0 0 0 -2708.108562227514 0 0 0 0 0 0 0 0 147.6051624132519 0 1300.790748455971 0 0 0 0 0 0 0 0 0 0 0 0 -2814.103520505602 0 0 0 0 0 0 0 0 0 0 0 0 0 0 1231.79890350775, -128.6463295357967 -2268.517715206529 11841.10179446398 3289.330595991045 -1221.525980090563 12726.01490379872 -5659.333945260972 0 -2415.1397207911 3581.246704774398 -3270.364341470151 5384.766803668484 3076.274506610259 -12348.9239149033 13818.22717895312 0 -1700.153984041452 -7692.223485630636 -8286.444346546361 7596.962429784255 2215.163483219695 4410.992081572732 -5198.337664688821 0 -5471.725717304053 -4032.455099939037 5426.014727451007 6620.085350497197 0 -616.6990802446289 8236.140888491067 0 16035.73893322642 13682.79292246719 -1138.146557577788 2902.037607630476 -10671.31654682722 15280.59655434084 14747.54320080814 0 -5417.801783881548 21811.15659536537 -6642.368167060173 2755.789504938846 5744.642608737666 -1419.722456087475 -6420.755420485559 0 2242.498387629228 10690.44863839092 7430.414290174992 11438.88445662006 12204.74467311813 -29359.03061783322 13961.09557763094 0 11430.25676598933 -2383.379215290736 -3968.774271471138 -626.3118925931494 0 5437.94160603929 -5001.939866660698 0 2921.110804669055 887.1310844203181 -24843.62322319124 -864.5362908108596 9801.35826978576 17254.2285507509 9937.384216221963 0 960.8446836046423 -4109.908750491581 5902.405925962176 1144.533621028771 3256.186564415528 3390.258708483182 -2694.790071829498 0 9768.648085996365 10179.28315708121 2799.081105739411 -7541.397683408915 -507.8712070368629 -6963.805311693657 1332.143325934418 0 8612.274661386502 14324.36492676127 3964.408546832286 0 0 8156.54457794267 -22558.07581956509 0 -296.1500166053306 -634.7119406032693 -3409.356162669753 -11716.32641728702 -11173.29093660418 16249.33101449884 10806.11262364438 0 2916.990999387519 -4791.992633203199 0 3063.596164124559 -3816.369060695502 1498.321614457476 7989.68767914393 0 0 2175.835676235462 10559.68877586701 0 584.6497036377127 -1962.379089652646 0 0 0 -7674.225028602008 -2900.20123009066 -6076.4405696617 0 -7796.648360032831 0 0 -407.0579914721932 20722.36240036409 0 0 -2597.366571983479 0 -4679.111084316577 0 2558.699364524629 -3442.750412776755 7471.674498153492 0 0 0 0 0 3928.895115244253 0 0 -853.4433747560986 0 5317.218481205798 0 0 0 378.4074208723778 0 0 0 0 0 0 0 0 -6062.106451756808 0 1516.412459027653 0 0 0 0 0 0 0 0 0 0 0 0 -1197.690761012094 0 0 0 0 0 0 0 0 0 0 0 0 0 0 403.7005626566079, -2707.104771551179 -3571.386406021671 -574.6005918317369 619.3960341277689 -4159.476629269516 -5558.191501479203 2972.27919901004 0 -2732.081369241344 872.6773682514342 -13112.15785330325 -3898.499753264165 -2763.306925981716 -10513.47340415058 -6091.176265409153 0 3250.22820125907 9424.803191094012 15254.14390270883 7076.612940805462 -3190.701792399233 10297.76549621077 -6792.941229771441 0 1914.718455050584 -7929.862305263729 -15546.39196243779 -3524.76049458398 0 14100.81005718138 6702.485831600493 0 7156.86779913421 -15799.66881053097 -2108.858224953045 25228.2277961299 -4164.02626670467 17817.86222969565 8553.866477091438 0 -4221.548885143539 8778.046906329973 -9745.592091764571 -19340.62901860777 8546.914123958024 18512.91834445259 -14261.82111122281 0 3942.453363496119 -9267.977160391447 9368.442338404227 3341.504532698596 -5209.982720244637 560.0016531534384 12949.55217100555 0 8501.313752801132 -1758.031561508604 -1025.837542452109 818.361339047884 0 -25051.15672120623 -31977.25783083652 0 -3767.796826547434 -31168.71725388604 8276.943525076385 -6432.428821292225 -4652.628250698929 31005.57645324161 2429.189804564603 0 -7158.128052622675 8709.048471846303 -782.2484247601515 -19904.00323137107 -10669.34441939957 16102.27297012162 -8094.354289372804 0 5854.011779341065 7112.450629568282 -4370.686365953202 564.8558349041214 2580.10270518652 8007.832007084383 -24778.74244875856 0 -10339.26983518597 13639.09877254395 -25193.34652658181 0 0 -13562.35290301527 24864.17027204215 0 8218.609600286782 -6383.539888825617 -8818.766026608817 22137.15056661387 6614.662715049141 9800.861198060082 17138.43000038337 0 -12124.4749191231 -2398.005383675684 0 6352.272385144734 4473.947419038584 2106.82772499047 13909.85061194031 0 0 4774.28874089137 6394.084380673779 0 -6191.395021302491 -916.8756039650561 0 0 0 -10507.67481457433 15603.82489583656 23629.49618626674 0 5814.394437917341 0 0 -73.22061421501132 1076.291354194921 0 0 1193.877174464513 0 11181.84953100229 0 -5141.219373268365 -3716.62248422256 -7851.90700792289 0 0 0 0 0 1623.65770769916 0 0 6257.612048449012 0 5992.335187250765 0 0 0 110.3505906573996 0 0 0 0 0 0 0 0 6748.337443502679 0 -804.7573001241828 0 0 0 0 0 0 0 0 0 0 0 0 3313.783885314127 0 0 0 0 0 0 0 0 0 0 0 0 0 0 2427.923646997301, -1745.83006748869 239.2034018159884 3156.228632417722 4950.717255760686 -56.54612688005841 11933.00577866339 9382.469924676579 0 -6757.852013427344 387.5152295888993 -3067.597480592167 1739.198820292768 -12139.12049290434 -11682.62686155985 11546.89500794753 0 5343.336537267648 -15860.44767620727 -4900.534387665248 8696.787770489411 -3013.871729189935 -246.2489953223758 2073.930570075907 0 -7196.82960530242 -10743.43515981638 2461.722230683765 3957.697587178907 0 18245.89857826247 -4871.237923555297 0 -3998.139744625752 -21179.30731952226 17169.13671164388 -7608.699228660113 617.7688876056127 5140.062620746334 6535.15677389319 0 7501.926712740686 -2287.038008143036 7610.29530122528 -663.1953941892334 15660.10911937431 9679.389883575661 -1660.904361844397 0 587.1280612825894 26328.74537403518 -6080.446136125907 -20680.72012709953 -2315.407509149645 -23346.18707729365 -522.5170714923843 0 3791.238666377154 -5811.319887426147 -13294.08710895623 2507.052963424152 0 16552.53567194529 -17942.17509348966 0 -1103.584472137227 -11062.90736839048 -9416.560684105007 9085.103134318302 -13382.68553121933 33660.63322439411 -4158.610208613012 0 11606.64188431763 5208.099708561952 12748.51844291974 -1483.859662083925 -19502.48816506976 3775.70922498487 12253.43706860393 0 151.774549545916 -7925.100859835939 3897.963061961467 10923.67443211024 7775.806606951646 9433.279888453408 6310.071700306222 0 -3290.378644181149 14076.25710188114 12332.29759725602 0 0 5716.145526049054 9110.42862723118 0 3406.395301118809 -8042.785386462047 -6725.380005204706 -16217.42380392666 544.8632674308815 6455.621915655838 -752.0789995217981 0 2809.229773929271 -2564.035546769437 0 12417.90089967537 -7322.189131368027 5331.824789153035 16238.78401906682 0 0 -3596.809755557521 -25062.35278425452 0 -1115.204818674701 -6880.516433553163 0 0 0 3695.151179415376 13873.9011707413 8189.085670440155 0 -9824.068672669049 0 0 4525.209708978804 9859.476098574134 0 0 1264.24994470326 0 -3270.664303550638 0 5603.245323998832 3757.469610565146 -5455.216449858601 0 0 0 0 0 -1000.145979634104 0 0 -8701.18314317857 0 16638.95438154109 0 0 0 -7964.436102513083 0 0 0 0 0 0 0 0 2305.559169431171 0 230.0094633000531 0 0 0 0 0 0 0 0 0 0 0 0 4529.492540711493 0 0 0 0 0 0 0 0 0 0 0 0 0 0 2240.249254815089


GFLOW: 0.07199999999999999 0.6049989685769295 0.6049443980733814 1.204087676956904 1.204671855420965 2.554319536224448 2.554527279353645 2.146021322843835 2.146449901203947 -0.8228966182523366 -1.23786187529661 -1.021952680920927 -1.531392822372873
q-corrs 172394.622511511 104939.0551995913 -13064.82750357562 -14637.95256738481 -8347.671135278815 -18566.27037245209 -15684.83942662633 0 -3773.093010359434 -15330.33307933623 -3876.06631052568 -5258.623142437486 -884.452337038033 -2136.383991039615 -13558.68750944285 0 -156.3081214411563 -4752.585049704498 -3601.112279895118 3486.975442339478 67.00606279801946 3245.978095291512 -6084.557413591117 0 3729.407645409823 2593.019847727153 7620.903755506703 -6494.276535641498 0 208.9558744467081 9165.770070220355 0 4200.187061821352 864.8137139614761 -1068.333848170569 14429.35134112134 -5840.703075628575 -1414.096566242227 6694.950575962946 0 -1464.040034638688 2986.293997760626 3148.712562462311 4520.901619960622 1096.515999476647 6020.721948560144 -32.40361599463245 0 -239.0284647791073 -2641.91008282741 -3213.034604072634 -1326.626930132697 3200.939658882168 2060.146145036483 8679.507455219471 0 -282.1818478720741 -2079.34724544379 -1660.586624941275 5906.479254644359 0 280.71998203157 4674.310406382744 0 -1831.721243789083 8515.020395093634 -4047.577519801789 -252.4618959767713 5022.667413669277 -1020.101894611078 -5991.089896868065 0 -3928.917985039071 -3423.281912888715 -246.4121341979139 -3403.959130435681 -4964.458624595249 -16202.88678730957 466.7067556515874 0 2931.094597517265 -4806.870353352981 -1365.557841135793 7255.428828611593 -3520.862949298696 2860.78957089179 3483.588872085927 0 660.5839659332696 3871.596378198662 1820.302766090352 0 0 2046.04963734315 918.3094412278806 0 -3038.981047784195 8620.38465670344 -1745.764416285821 -7736.084774097464 5493.889365938421 6761.807204363517 -2778.758075375345 0 -939.9946943750837 705.3957377812249 0 -6274.545352511785 2455.444519800485 -3391.139308534421 -4866.217280772446 0 0 -3507.094398335448 -1573.581102991989 0 2363.565037990117 -454.0515455542154 0 0 0 6567.239373615192 -3188.542377629606 1266.330172998064 0 -7918.257680350031 0 0 382.7242543750616 2376.120994333196 0 0 1300.866715281287 0 4929.129133742767 0 425.8692593919128 1678.053232238138 891.0876169815245 0 0 0 0 0 1338.823668010134 0 0 -2978.820008403346 0 2486.509404076674 0 0 0 -3187.145666275205 0 0 0 0 0 0 0 0 -4074.177314794752 0 291.954181162811 0 0 0 0 0 0 0 0 0 0 0 0 -3309.421225421246 0 0 0 0 0 0 0 0 0 0 0 0 0 0 -2752.953488615895, 17515.5264405004 -7125.447527389114 -22150.30338462239 -4058.019886822338 -3517.841614689427 -8334.284158055245 -4093.09773140991 0 471.5712494269151 -5731.862104809881 -4523.003857940675 -6327.348427519528 -103.6409682075669 4121.557826308342 398.8300332190286 0 -1938.690601427578 -599.8851458701506 26.09378435364715 4796.725836485669 1347.799377397878 -10907.14057658327 -3356.447359293963 0 3194.377216909393 1414.386059079542 3805.190037062894 2319.526314035197 0 5262.44609375351 77.42825232045902 0 2045.044537546028 1663.722046258225 1697.093100757912 2152.936641618271 -7241.590250872387 -371.535886101321 6938.892647369116 0 -2085.432215366529 -5397.513008738255 1570.793862278265 33.74844147716635 -1173.50320729169 -133.6355600581469 -3804.303270357696 0 1903.601304549493 4072.2847210637 -7550.962200083516 -1206.8600177171 -3330.514511068772 -5284.031885801945 650.2222343830249 0 2878.344291483148 5329.112712225415 -2705.910891377561 -6279.937537653675 0 7058.187600457177 6021.862088651438 0 374.2113084082887 5895.149277043319 -9852.218607727462 -3177.263383535525 9218.613235504512 -413.2294567568961 501.6774203773412 0 2421.120228022183 876.9240631242724 -14662.58921670476 -3740.328794355883 1909.394526126881 2984.555532353218 -4119.505100471937 0 -1702.660988111482 1840.435061972443 2166.818993244154 3362.352327368473 -1043.375583508753 -252.1651018438132 3631.567698840287 0 -1711.743346974054 -12588.49422078256 7213.898290302453 0 0 3583.981617911369 2574.251886919851 0 -3104.854977689539 3668.661474103504 8336.321474652814 5193.921496429757 2066.64605954941 -2510.552162505237 -3628.946114600592 0 -1130.252366607359 725.0670528292985 0 264.4875032946246 1371.312422765425 3787.713724403518 -169.2568263568692 0 0 590.1431279623384 -3034.770227200364 0 10260.73709047354 4018.611165923433 0 0 0 490.250025773992 96.46132339342603 -4234.658987230257 0 813.1154347505344 0 0 -865.3016002405661 -3327.611944108339 0 0 1334.36516405733 0 -274.1444942156518 0 133.6442167426032 -1354.071711272443 2083.236536754665 0 0 0 0 0 63.06487438528546 0 0 1120.810913510908 0 -1971.004544821611 0 0 0 -267.5393232537075 0 0 0 0 0 0 0 0 999.6114413456598 0 -248.4666351198506 0 0 0 0 0 0 0 0 0 0 0 0 -359.9018376227335 0 0 0 0 0 0 0 0 0 0 0 0 0 0 -1336.591754287359, -1537.22134174653 -3619.393330185795 -1380.646596708762 2504.307750065513 -2428.931755511187 -2196.640189355073 3551.334998328082 0 -236.4072841635191 -890.1469102428555 1685.604218709076 2570.404336917799 477.1699362442079 5314.530144430748 -488.5534162762674 0 1201.669457779111 -3965.695536057219 3435.343433500231 2801.967732954 5555.469478050288 -1704.232180608216 -3054.40139778604 0 -1490.784644721298 1666.075010765938 -2471.902625841453 4318.842815686356 0 3767.723211352328 -2762.580683509648 0 875.1588563059026 -2294.79464889564 -4698.168386545187 -1320.133877333586 -693.0317308754609 -1915.318944848434 16674.5622858259 0 1377.876684428958 1605.812083401216 -3441.4143237279 4019.329626560951 -2684.01955201357 2852.369982234177 -7177.612290029651 0 2877.51329306845 1658.091012434064 2404.912935928981 919.8794931695279 1916.626389490905 5082.934926271011 4066.17651045097 0 -6936.123233397331 5185.692185173564 1950.674864304229 81.7522188032674 0 6713.672673964917 -3663.242142517448 0 -279.7063212716099 -3102.401664548954 -5060.724276050551 -3872.144686103746 -195.7443564866426 -848.1287755680673 -2064.064213716304 0 1077.726576928998 994.6676407920299 -11594.98958814735 -4222.128908905837 -659.2414146267191 -1432.881937431801 3336.508353690067 0 -49.14113650056765 796.8055443570986 1188.974147214113 -4089.07383803866 -1006.142194706953 717.6009410914069 -319.253807802635 0 -1898.359146162471 3755.73510743027 3603.783540636307 0 0 3332.142070074814 942.8408372049385 0 -1128.395583882238 -828.3309729304347 2079.735076564366 315.5431327657698 1003.277941296622 -9229.662567887979 905.4411405857079 0 2569.957103932778 -5149.496404791173 0 3211.864184261463 -2056.439031070609 -4505.306584712815 -2359.523080446428 0 0 -735.1829717526429 3100.233267352854 0 -4492.43384386403 6489.91553460505 0 0 0 -822.765443908077 2392.543670886163 2819.28230206529 0 -3469.527244430735 0 0 -248.3708440353095 -5312.416332622624 0 0 2641.521008390309 0 5271.398286348071 0 -1121.664854020559 852.8391991375315 687.4511761573393 0 0 0 0 0 -3636.990290997286 0 0 3817.450408682807 0 -552.3779218172228 0 0 0 261.8361726159662 0 0 0 0 0 0 0 0 -435.5028734812573 0 -733.7098948289762 0 0 0 0 0 0 0 0 0 0 0 0 -958.8667918141571 0 0 0 0 0 0 0 0 0 0 0 0 0 0 -333.2329581742032, -111.6107156522744 -848.6873127021252 -155.2673271794904 2728.656923706459 -1678.942601123572 -3822.09917739449 2941.817230250349 0 -1631.05162561241 2954.354191587587 3981.119255182949 -175.1742239145431 1608.049143576674 3588.914621697412 -1153.548899700579 0 -1955.551416700932 -715.5916520020878 -2007.351249625847 646.171325090816 5707.651761846667 922.4319576565431 3734.625282710651 0 -3179.465891169705 -3243.394399637132 4609.902605461248 4715.470079804598 0 8040.764572857744 -8381.315109467752 0 -2504.619028804261 -5646.926616407015 -10444.33096054458 -1419.582432950468 -2146.864908251575 5598.098887790775 14545.91866552546 0 2428.56781750758 -4196.307666132215 -2956.608717683364 -6777.276579807414 419.6394687790971 1904.30278892729 -2029.31994400517 0 -1095.290697202436 -7258.018728296222 -4542.382830780023 2914.673233251816 1646.435803550509 1995.127290213096 1967.795881019063 0 -11412.99018198783 -233.6220559600206 5952.346263146728 2031.879918911864 0 1895.992621068813 886.0034212885205 0 -1025.563471216333 -12743.04713897498 -7358.430968244082 -4492.1679029767 -4026.560624095564 -13580.91521037904 4468.020262815696 0 -2386.094409144363 -1777.902809950197 -3172.90746638355 101.3310160455385 -968.7864053487003 672.9245737466524 4161.107156700535 0 -1602.295414845395 488.713284444034 1396.540379587881 -2487.239779614947 -5091.087108069542 3963.498039775058 9672.354262830933 0 -725.6981281529984 -1110.541305165033 -7924.862397715926 0 0 -1356.030272731471 44.11506163877402 0 -129.7668644098 -949.7443560040751 -688.5520527975495 4242.509659609352 1873.793716259697 -6435.496215712647 -8953.012667834322 0 -4946.656489583274 -2218.270673438143 0 -4541.768269440427 -3241.64320638149 -555.2002210624032 -3493.943277390061 0 0 1753.543602264941 7801.024973790937 0 6441.42944084406 -6884.591554481229 0 0 0 -6292.290348229259 -3152.336456196212 2427.493679089427 0 1507.870754068976 0 0 -889.6727889589395 1039.044033423588 0 0 -1254.282193310964 0 1481.113473768636 0 -2088.597706532385 321.9589008179736 3178.662979184074 0 0 0 0 0 1248.711226087184 0 0 1003.269040764769 0 -3982.503780114168 0 0 0 3491.556137336958 0 0 0 0 0 0 0 0 -4141.522610709684 0 -3498.123385730116 0 0 0 0 0 0 0 0 0 0 0 0 -2380.445721213553 0 0 0 0 0 0 0 0 0 0 0 0 0 0 778.6469002033148, 322.6781735685945 677.1846056915455 486.89829340447 1330.668630451927 -883.6453406766752 -1910.454909208444 2073.213082408578 0 -847.6787183412516 3544.578054968955 -3779.49795231082 1985.395253784085 1118.321748017273 -5065.287174944378 -8557.922824038769 0 -2072.711117859867 -4044.088141764541 -6343.385677912886 -3997.286933717905 6363.380700108111 2846.251980343333 -6379.264060653177 0 1677.003785994728 -618.5271631902165 -1259.973469477509 -7059.024488262331 0 2343.033893248113 -2846.618796334705 0 -3976.589543900539 -10610.58027823269 -2374.539734640001 -107.0159793165469 -1903.492229645995 -783.4270639654053 -629.0214581565037 0 -3930.814409317476 -11744.82396897618 3661.334204630939 -3790.580810254822 3768.06621186869 1588.802334750408 11491.50142549166 0 -1222.803971984083 8711.392962147396 -4118.687487881784 -3337.859258120492 -2625.682488408429 7202.782438374219 -1219.308557575468 0 138.5612670973196 3946.794058800564 -120.990316699596 -4058.017719947436 0 -776.4142579469251 10725.05958243446 0 24.06875151916 -4413.154859250733 -5113.032795812875 -2390.604464258573 4779.057750370946 367.1468582495079 -2324.427046956058 0 2218.487291537307 -1139.463652161664 1093.113997613314 -951.5725539884886 5286.291348316156 -1225.507189879963 -8217.707265209207 0 -2897.235635221708 1736.766259810248 859.9749504719032 -1610.784633163441 -2844.119008632316 -2256.269836591105 7689.101138192786 0 -71.09293814534766 2426.846169857347 -8414.860269367371 0 0 -6904.473472179752 7644.95496251075 0 894.1557699853299 854.7302870584897 11.70679735697809 3524.85898810985 1362.250571385225 11554.41705385825 -217.4707242008128 0 -256.5221195856227 3128.552321440317 0 -2845.415676036836 342.6586749533105 1169.902074933234 9969.051735066021 0 0 1644.952886138919 5213.138099588941 0 3756.00210510102 -2127.423583629569 0 0 0 2253.362874471755 -2615.588864324454 2742.654625270811 0 1494.946393708739 0 0 -2514.981809781759 -3806.30669930819 0 0 2339.817888747529 0 361.0731205099414 0 1483.807062427073 473.7215319569453 -828.826592076688 0 0 0 0 0 1121.509767651106 0 0 1104.131507671573 0 721.1318548089005 0 0 0 1712.585935574017 0 0 0 0 0 0 0 0 2388.4844816657 0 244.6472983357402 0 0 0 0 0 0 0 0 0 0 0 0 1205.393540724307 0 0 0 0 0 0 0 0 0 0 0 0 0 0 860.7704940541537, -199.1121736868656 -942.2827284580185 4070.431661442338 2180.865162844266 68.93266619059847 2541.05259833724 -411.4119774738372 0 -3619.489888207531 279.9631061134613 -3629.753522525543 823.785750012067 174.4910880325383 -7023.210939971288 6280.134457652567 0 -2084.815001989812 -739.1848796919603 -3707.042983015195 1267.57931899159 4827.059786183427 8835.752989225615 -1728.686932731671 0 1137.173045398149 -2190.403625310776 3073.249551007125 362.1490902644002 0 2155.806851358251 5516.607461461261 0 5533.083573135624 324.8388408667101 -3292.26540592113 5079.826518509103 -4267.246643410485 6787.514452062229 5698.033670092611 0 -761.1554311862026 9207.100173476912 2833.312712187811 1583.263084005008 3929.978454054217 2386.808582630369 -2265.689720807226 0 851.4291188733164 -135.8708022500048 5348.456748357647 2285.447871061034 6151.162353034781 -4045.178766208548 10259.6196540754 0 1792.015685092414 7693.188898194238 -1777.395419204811 -7198.213397653193 0 6998.25516963023 2396.70481757677 0 375.8005203588996 -1114.572773422093 -9172.147930016139 -1275.95539308389 5277.582771762305 7303.030841206181 -1084.681542136397 0 4314.579294733444 -807.3112553926401 7516.137567490243 3431.030358477812 3390.223207508677 -510.4933832275971 -971.9246136872512 0 1635.795095043912 2938.247356472565 1028.444640512763 -2294.95021340343 454.0209249207526 -1708.69444583222 -7463.75875435838 0 -549.0677261125895 11707.07817559996 -1997.451553363259 0 0 2841.439982722613 -5562.969444975892 0 579.3882670931363 -5106.019581353841 3904.121291311013 -7088.493357245472 -4190.238143282214 6891.208878509298 3772.811513365401 0 1569.534269037049 -2404.994463173249 0 -355.0673769708642 -1953.133958870131 -319.7126453116227 2295.264690193752 0 0 2677.838685185684 2423.734751152126 0 -3171.348138560746 547.8032864326703 0 0 0 942.1525024196804 3095.764960239437 -528.7415087971117 0 -4678.179309886176 0 0 387.0890503508623 3952.724213921381 0 0 -349.5854150517967 0 -1404.223978628014 0 3570.419293508822 1393.215893554729 -1378.310459761804 0 0 0 0 0 2329.488230548509 0 0 -626.0242265186055 0 90.46552887300231 0 0 0 455.9146368958045 0 0 0 0 0 0 0 0 -810.766498697752 0 -1017.400121259535 0 0 0 0 0 0 0 0 0 0 0 0 1383.12817635569 0 0 0 0 0 0 0 0 0 0 0 0 0 0 340.9925597753606, -800.9426068314513 -417.8251452884635 735.7889953158852 747.5122734484116 -351.9113634040515 -2790.322224449821 -2369.186172455027 0 -3130.440986288007 -3614.261092491748 -4598.332754293718 1619.973390946023 -538.9713286051997 -4420.822951427363 1408.438924859719 0 2055.045840629218 4315.688158826727 8075.529179914518 5614.685930139076 -1404.127384104008 5173.017044840298 -3632.710136989362 0 -601.2666359084242 -6502.485274074763 -3733.468145410856 957.7782584191984 0 8156.576044572827 3741.818124583096 0 -154.8825580635457 -9998.440122421845 2733.855955497786 6697.795739437192 -923.9562065566511 3498.463750132124 1766.95394041627 0 4164.284009742424 5937.528861240396 -5923.169006214155 -7442.797645616627 364.4828768985747 14048.32811241405 -3217.432773038811 0 2118.455959233745 281.2839372009371 3862.769993684143 -747.9450270519537 -1243.202252949905 -1961.599993235233 7435.15881226561 0 1293.970283243447 2446.823782783873 -609.580633591775 860.7908803964115 0 -2968.224875745481 -4574.359660608341 0 -268.6278208790673 -11783.36545562102 -387.2548844290959 -846.18879738671 -2487.33816279025 8461.854720109857 3079.538712108122 0 -355.8899926298334 -1112.673668281225 5131.502575045356 -7998.405920607598 -4297.258943083209 6865.5120992085 -10024.72630447208 0 2399.355243895573 2736.916947397458 1496.278889577155 -1927.794178051241 843.4338072408427 1270.54600719697 -13052.24603849241 0 -3180.920105960705 6990.095972664234 -12201.77916965885 0 0 -10150.21232885228 8500.224616247544 0 2884.890566466654 -1790.181721886148 -5324.105918549609 413.149625482816 -1209.213203681628 1773.435819736035 6187.2234337941 0 -3731.891521639292 -1786.333667662156 0 5966.419336911502 165.1270229473182 3286.480935323453 4791.340021182123 0 0 3758.52272715173 7218.488836674385 0 -594.2423743233837 -2930.508389571994 0 0 0 -2869.522403947763 8455.007136461147 8242.739445634343 0 1615.175340466129 0 0 1826.495276852033 1206.620724549245 0 0 -1385.283315455662 0 1482.854455776358 0 195.6829137660694 -500.2071199724815 -2144.07738197689 0 0 0 0 0 -565.3418329251967 0 0 546.0285066178085 0 2442.075425089126 0 0 0 -322.7316582892055 0 0 0 0 0 0 0 0 2718.948204571642 0 -1106.707296660762 0 0 0 0 0 0 0 0 0 0 0 0 1459.770952826176 0 0 0 0 0 0 0 0 0 0 0 0 0 0 860.6953377305445, -943.6177100965542 -481.7627996073691 1527.715447246382 1505.343923256366 -488.8199226716415 4269.025634416664 4961.834903330224 0 -4206.378648043928 1212.93488714906 754.3648029426502 2168.717571664015 -4071.035415428647 -5239.113189995494 2434.162969735474 0 3038.853430623028 -1746.481818409072 1604.223115308486 1668.466775340807 -1466.387147453702 3546.120978062981 249.6173554938831 0 -3088.051417367492 -5665.430738894273 1301.296670808973 -3097.481635094195 0 11451.86782740181 -6019.097850407246 0 -3248.0006442036 -10706.87561375785 7433.29969771114 -1328.105581255593 2842.623114460221 1844.70472811451 1129.603076705666 0 -1268.010290110513 49.61771533228784 2321.890958579689 -8386.090287458923 2662.944255401404 5825.267986820445 3280.175245929252 0 1042.183136668675 11707.94635172405 -12896.93117809806 -3510.282545457599 1762.58250857189 -10094.68381927611 2706.740507248257 0 1492.181791621638 -5412.071511254346 -4895.125616737203 1919.014444374205 0 5856.995250057812 -6544.475856113668 0 -101.4135142579364 -3244.84295923867 -5308.351891740756 640.4423614352663 -9030.239686613937 3317.502342760121 1648.836962399723 0 4156.261904913408 2548.572030979045 2932.290198067508 1198.339525401779 -4271.062173289645 280.3797227726454 1435.231873510721 0 2442.856042486584 -2973.36300161279 4519.992628751417 -381.8340654644053 25.77046091224656 7068.722596561696 5726.362916025142 0 1439.675842467399 5964.079472357881 -1933.612047265367 0 0 -67.58646674413558 4265.927221294945 0 1246.832992515434 -3292.265121016746 -2064.620072797594 -8753.500154249779 1117.254854035592 3377.362325442368 964.6312467020339 0 -963.6093293228016 2004.767350358644 0 4097.458834919316 -4430.968734969108 3512.881601233932 3646.344809216615 0 0 -1893.599259673886 -3097.066945377533 0 -1342.094132113942 -2141.511925995352 0 0 0 754.328015078017 4745.997525611791 3382.22598423084 0 -4739.341993392518 0 0 1202.219314337844 2350.366321551588 0 0 603.0950204333751 0 -57.69668807773803 0 1325.696226455532 -26.04694488494687 -4520.984061090952 0 0 0 0 0 -3274.143741882899 0 0 -4310.883919714266 0 2795.690752459218 0 0 0 -3326.001392357888 0 0 0 0 0 0 0 0 -1792.908769911974 0 -969.5329546262709 0 0 0 0 0 0 0 0 0 0 0 0 1107.876364647012 0 0 0 0 0 0 0 0 0 0 0 0 0 0 425.4513369789739


GFLOW: 0.144 0.3848297956298969 0.3836974615293526 0.6973224559803599 0.6961533484780196 2.798848079142385 2.799198828135189 2.546275510536004 2.547360772055752 -0.2603887089923109 -0.4225402572094463 -0.271023508681048 -0.4574651379638196
q-corrs 63234.98205448886 76793.35597400214 19129.93094055163 -4343.530227295274 -6449.378387607428 -16690.25727486908 -12302.9357196355 0 -2458.88979185676 -8800.338455222665 -4965.525817741962 -5234.83612934248 -1233.488886142919 -583.382790124348 -5407.272539023171 0 -326.7106010066703 -3717.097726045657 -651.8760502907636 2870.936211500659 90.91307052347659 -1103.752195892604 -2433.844878306966 0 1202.743051032623 2670.301474803038 4286.791147735255 -771.0386320617624 0 -153.3050103268051 3800.762005323583 0 1376.61357965225 3169.341804037036 -426.9210262555039 4617.024400902431 -2462.277104296822 1419.581757652953 2937.926578417774 0 150.7824063609676 -201.5605801528347 1048.269870316386 -546.5788430699058 -783.3910981989718 1785.958406452671 32.11587872524794 0 -674.038718859329 -1187.638579016686 -2235.99861223531 -1193.488636330191 1729.363719321617 639.7958086873639 1008.114781515669 0 2507.525071533425 -2298.690200662341 670.1631282829603 963.1619715824573 0 3217.810751967477 840.662336961374 0 -205.7022401388372 7057.832621797914 -3240.595273033623 -456.9915324057113 2196.035198814832 -811.4735628734593 2782.884917122746 0 -2430.155923895109 -1222.619756142395 587.0711618312613 -955.6780713116152 309.3683077484665 -4019.942847225358 1683.267705263123 0 418.7855682730448 -278.9016671992504 -269.3697464837439 4792.701336646092 -292.8190925909906 1726.067387093413 2018.272809030635 0 -404.6399820265173 1073.502085375865 -228.6255842831043 0 0 509.1935331346623 46.44865544611633 0 -620.189595659821 1261.76550313461 3064.542000144209 -2328.966420023854 2374.379431909535 2160.337435909372 543.8295953787097 0 -210.8131058437839 465.3764062668729 0 -2703.731877453944 793.3391357687872 -454.4005613424443 -3913.292331842741 0 0 103.1519239951087 -1230.925060457505 0 2370.062490785121 -1107.230955179711 0 0 0 2079.024672229031 -4288.733062561208 590.6491897996835 0 -3064.941448857889 0 0 58.2626601380141 323.8585984156317 0 0 -330.8058584826579 0 1427.539485041988 0 322.3313317883537 -1479.716159677487 -451.0600945541839 0 0 0 0 0 -277.4349798263825 0 0 -514.3801826608228 0 11.44555888707623 0 0 0 -737.2456297049063 0 0 0 0 0 0 0 0 -1113.653807960559 0 -135.3624464938374 0 0 0 0 0 0 0 0 0 0 0 0 -1527.35661108005 0 0 0 0 0 0 0 0 0 0 0 0 0 0 -1077.155702417896, 12825.25758424232 9179.618601147136 -6117.479220750161 -4014.831129156746 -3814.769740366372 -8390.94585932749 -4661.731431062098 0 -170.5630571456518 -3630.021780880523 -3609.370879621892 -3319.513958153351 -752.0869861154824 1640.567274558986 -2199.069864954524 0 -1001.361402664063 -2322.367753734629 -337.1197051233981 1714.288207668033 1495.607872268867 -3473.629089826571 -2377.259613648148 0 393.6711828687616 1320.402314613699 3132.492013881525 1208.423506554487 0 2215.714960234472 1624.124964687877 0 847.7245421787827 1601.366465964396 149.3964668922904 569.9953581848659 -3142.567488221278 -14.98182196337166 2930.24746646842 0 -414.1474764707469 -2568.274242151195 -123.8946939660594 -89.51221837505614 -1252.521166478825 -1367.056979852269 -2561.299592477043 0 204.3812164784982 136.358372358802 -3523.684502363728 -1279.158101605354 -1011.520899095179 -3591.661701751386 -771.7131743700129 0 1766.800079048514 1164.707358943766 -1539.749140268861 -3702.155372076873 0 2876.157117641531 1079.035029233737 0 358.0879691397577 3415.513478585452 -4241.078539800656 -921.1187573757179 3793.542454692355 -99.1620675543129 1371.109522272732 0 -147.743045199408 330.5297433451876 -2292.499282134617 -2161.050651683446 1078.099787587769 1558.021755874897 113.2797721214413 0 170.2967067145167 1489.443333823574 409.4722937635759 4242.302832065669 -251.6608093312238 641.5924976405545 2911.555335057161 0 -732.3991815421718 -1672.99412712855 3467.570783861729 0 0 586.5417574639682 1786.991212149391 0 -1028.633045587727 2152.473136175831 3545.162274365238 1743.798490925811 1542.778239725808 -667.4661606601485 100.3211598707838 0 -1012.531448870383 1301.381087628025 0 -82.59650048145107 677.8574230664616 1328.918553562429 -643.7948671870835 0 0 283.9367148073466 -1604.807337699539 0 3788.447634058133 1199.986758075305 0 0 0 -55.65325632251307 -902.7046024257484 -1328.044785412086 0 629.5498519806688 0 0 -289.0365664009968 -1845.608462724979 0 0 813.1669893955063 0 272.0610138711592 0 272.5574821360273 -596.4711969940774 -966.0825022945295 0 0 0 0 0 -604.229207238412 0 0 1169.552365194101 0 -652.8358734861519 0 0 0 -262.3395461474279 0 0 0 0 0 0 0 0 872.0949838090809 0 25.80559345302879 0 0 0 0 0 0 0 0 0 0 0 0 -115.6869193178285 0 0 0 0 0 0 0 0 0 0 0 0 0 0 -387.5990122331658, -943.1786411177279 -3258.301370874057 -2699.895799601737 -120.0784802457187 -2156.966151971028 -2684.945838297118 665.0489946566731 0 97.09825599619171 -391.7484766906569 -1194.742585596482 -663.0204249614652 419.6461012409769 1277.5982953797 -1807.186094219682 0 -339.7799854872869 -1755.06816911286 506.1316263737963 -91.73827674976997 2127.945069939497 -854.6852136205935 -1197.187884077576 0 -74.93747482490858 596.3114432549384 1061.600237549647 871.3298225536959 0 2983.341169118156 -1874.433174475091 0 -559.3712878213057 -806.9377791660716 -1377.471625657838 -1211.904780860502 -68.87058566859082 -218.2186750585757 7009.727572217929 0 1099.357594185211 -75.08504074801715 -1355.718439455768 2225.803528340095 -1090.73600885516 172.0471805515958 -3841.025848902516 0 1096.915826175417 -429.1046490707076 -419.9750234975809 -1211.180287370905 198.4348220805766 -1332.011737506618 580.5899151474634 0 -1857.493446883761 2401.681055619778 1188.87536601461 -1831.465936204667 0 3483.08649997678 -1859.553243186243 0 364.9831563560717 -1364.577241426571 -1560.336511920621 -1452.493413045329 2091.196565507733 -1521.871771893788 -2016.264384721715 0 1051.475689475684 1487.441430153544 -4035.350304921429 -3057.941984332898 -609.2179904322184 46.14970321063856 379.2811651399522 0 1029.918513162614 -370.6481537611963 59.96716850462005 160.3494554303384 -992.1940037919925 1331.976669795832 422.8151262717263 0 -1633.41383945791 516.94661471168 1699.710426020428 0 0 1227.262741770803 -1222.574376996885 0 -769.6970854560427 -70.26336549458063 1222.006617886829 948.2367012398518 846.2176978874473 -3979.219814463816 1028.344221201948 0 1499.279510173499 -669.2201274972872 0 1063.230699061983 -439.6784978823421 -1027.913474456916 -1375.015587333355 0 0 334.0792742268652 67.5091550466509 0 -1656.014791263806 2121.082101525757 0 0 0 -736.3060451791027 1182.709914371044 901.9004299211509 0 -491.4885952664052 0 0 -59.67831488790611 -2597.021560102153 0 0 1041.237255296144 0 1740.453857178712 0 36.78259881598819 428.8074549503675 392.2351803185597 0 0 0 0 0 -1297.988224475575 0 0 1311.551907994096 0 230.561900296076 0 0 0 94.10102368010038 0 0 0 0 0 0 0 0 -343.3972468259808 0 -718.26495338323 0 0 0 0 0 0 0 0 0 0 0 0 -906.2681348893059 0 0 0 0 0 0 0 0 0 0 0 0 0 0 -157.2993788973921, 93.50488649194813 -317.1988508713663 -453.2875528862526 678.5665825425164 -1350.567567005966 -2529.511471680169 822.7947610059293 0 -244.0408648074729 1452.549142484106 659.7163369236 -217.1312183601232 1203.959127886833 1046.842726398246 -1457.499097715925 0 -834.0266744014236 -400.9164159660211 -979.3622299400868 -647.2366845828792 1834.102841642433 -746.8620289593678 1521.895757665376 0 -902.4082740592478 -457.0155659033087 2208.90300306364 905.9179382564737 0 3594.49227645864 -2974.892531380979 0 -1709.509908866741 -2581.148919296119 -2275.71424985708 55.49142516982533 123.348204825631 2733.95402426236 4713.378635689627 0 1179.479110678457 -2010.52248608589 598.920063593027 -2199.775272328575 -133.3575491871798 1244.425600484871 -1101.607092654018 0 -43.17575291424973 -3775.75865812541 -3184.07018031821 -654.3120584288616 1749.925782003166 994.0019371564614 434.6066788904755 0 -4765.985205613128 -1310.218695234275 2886.798112846275 -318.9110737361525 0 -408.0153311422802 -2919.873766386519 0 -437.3733813937264 -2812.407903339752 -5861.414341478146 -2272.16523788296 -265.4672539366852 -6066.584981901065 -33.9786583876338 0 -1417.800674120226 1864.74505914938 -3884.119713701007 -2504.982821594413 311.7202450798219 -1857.939745422811 -899.2029282413744 0 -304.3955922384057 -646.9702108313525 -173.9766960803796 -1615.286850888997 -2919.615504314632 1576.034901559173 3927.483533610232 0 -209.9616123030558 -2332.15197224952 -4812.129424093087 0 0 -1664.893349999343 -619.8887478497852 0 -618.5528789144421 -651.2372114191837 -49.25737058462801 1344.063887090068 333.0277479818367 -2239.308433513405 -1722.063809726315 0 -1232.282718867513 -957.3448351310594 0 -970.4653941978079 -1460.433391649946 -225.9254891855173 -2891.696243319641 0 0 1024.78196913732 1664.547844499997 0 2342.394671024779 -2499.975893166558 0 0 0 -2754.463857973753 -1280.661064271682 774.7484981000309 0 -645.398815403619 0 0 -349.0500330970918 1018.571017322933 0 0 -714.1219514787775 0 -520.2980462394767 0 -1054.094526246975 -325.6334548356716 2389.199389370813 0 0 0 0 0 292.4247176247632 0 0 88.54250369280658 0 -1977.198457523616 0 0 0 1522.11721953096 0 0 0 0 0 0 0 0 -2013.131097597044 0 -1482.975668782477 0 0 0 0 0 0 0 0 0 0 0 0 -1527.865395252571 0 0 0 0 0 0 0 0 0 0 0 0 0 0 -1.969754561043999, 164.3861868990662 12.65614237687396 -493.6206726154726 75.33907228400892 -535.524676877815 -462.1506342134445 1573.955987447556 0 630.1278681454387 1703.663892273205 -1339.434287477419 -585.3434644581613 347.408100036625 -372.4796645350776 -2020.868897918451 0 -839.3172029505423 -3024.562797654999 -2147.800897594917 -1650.846286016077 2022.511758681007 1478.407726497348 -2821.276636908447 0 -462.2951524373022 -593.5369693583791 -1419.467932321661 -3456.930019635708 0 -1033.46835990785 -1591.450036184276 0 -1482.679083084703 -4572.766733069733 -796.4686477719388 1667.338953869779 -1609.788160595093 -36.10111587105365 -933.4218303773227 0 -553.6510886300888 -2977.741390105135 982.3872803234215 -1565.308957705758 1428.412363034327 1368.899126089381 2595.086276224668 0 -232.6657236535054 2079.76738626496 -2995.209348541294 -1061.813191022141 1358.831179308302 2889.902786978674 2656.225734277669 0 -107.4576689154933 1306.17911302099 961.996977310873 -1136.653625943968 0 401.7377393970002 4267.379248005576 0 -255.0185664716112 -1531.723885445162 -4828.353427063224 -586.6257465664025 947.6961911754547 -1676.682971337149 -1359.680600606682 0 909.5149031291622 473.1273320082278 -1871.320332256807 -137.2988854268577 1816.915331902524 -1858.153200119516 -3403.213342408674 0 -1208.897345894156 1658.008830644367 -11.78020360270176 -516.8913304280543 -2251.126319520733 -468.0460952256705 2003.175044778321 0 1241.036292343133 407.8366878119436 -1906.078021022355 0 0 -2990.255330713058 3401.767918035255 0 996.0652578799261 293.8683903676627 902.0503878750062 1660.300397109561 168.6198396863097 5390.795810911696 54.36557031889532 0 369.8149063057932 2031.095112907836 0 -1223.189271765789 -315.7912254338196 1292.849602119732 3609.414398631781 0 0 1147.949826612305 2161.64327517848 0 2674.184277629776 -497.6248831984258 0 0 0 761.7393028436518 -1290.437337261527 1650.947052406643 0 498.1929035282604 0 0 -615.286659524842 -1076.711658708079 0 0 261.0190032812076 0 -127.6942258698041 0 269.228300628571 198.9011813439728 655.7125482185046 0 0 0 0 0 350.7076238275907 0 0 754.3309388692013 0 -998.7255738839783 0 0 0 979.744251927963 0 0 0 0 0 0 0 0 986.5687312596449 0 -373.7649267561913 0 0 0 0 0 0 0 0 0 0 0 0 688.4722316105439 0 0 0 0 0 0 0 0 0 0 0 0 0 0 357.2036629519792, -183.8932565943103 -463.0493916630997 556.166627127106 405.7473621061606 -260.4261800473229 -555.2976702676467 -58.11848666075707 0 -1250.23368841742 -375.9433729572257 -2839.621458071329 -682.6483658730817 -4.760571567720149 -1834.360888467627 1939.513590131036 0 -1020.398516684631 -1650.434469560209 -1671.757712643714 -39.59079721779472 2374.979599267606 4427.54049733899 -1235.6676574426 0 1243.343722828417 307.6012957861489 1892.963994797182 -867.844927462304 0 2081.705241489252 2503.345413275281 0 893.0118492706924 -1222.175291116366 974.7181304536107 2984.669138292343 -802.9623949485613 2567.562991760671 1098.47498877746 0 1369.015294196868 3355.048486742982 942.8030970963175 -78.84909102323081 1038.15830880568 3732.510014894651 -428.1854945603196 0 354.3284295611525 -1458.634708823658 2260.15837071742 -239.4535082100737 3154.800193558637 2790.176839580509 4594.098089930723 0 1716.844412688385 4492.01141867752 -207.2568442845554 -807.6886344612824 0 3796.421177536041 4501.926263861298 0 -397.2759289995322 777.4500182648269 -2653.753257265933 247.8863310459442 1867.224223217426 2025.297345608494 -373.0467029647541 0 2303.112002470282 463.38005669748 2940.648064812537 1951.20239806117 2440.588657789981 -1064.433977137334 232.6241280188386 0 -477.1364107813876 17.23066868371689 535.2923683472666 -706.0515987086388 168.4572273052396 -769.3361398835598 -5245.307060193411 0 -1247.110862652806 5319.215251932032 -1595.997780990573 0 0 902.3825574804546 -1015.110274777366 0 618.0021060815264 -3633.646588152906 2854.235922902169 -2631.540664776296 -1571.646544509401 1282.395067431069 768.3940277634515 0 955.0316347341004 -355.9071178649914 0 -131.8424145049481 -1161.952895228892 -86.45919593239961 575.9424923722946 0 0 2063.694057886567 1891.928714873192 0 -1293.473541399542 7.170386423188177 0 0 0 1214.554712620798 1744.679263074756 1492.784421897977 0 -1331.621251543145 0 0 516.4995669152074 1375.029065554942 0 0 -104.9104073118684 0 191.7507025752655 0 1695.600077697981 1180.402647703264 -581.1415589933069 0 0 0 0 0 970.6005002616138 0 0 -375.6935975457435 0 -10.16735604440623 0 0 0 39.69013062545902 0 0 0 0 0 0 0 0 258.4341778211856 0 -567.8561010130644 0 0 0 0 0 0 0 0 0 0 0 0 660.4663735302377 0 0 0 0 0 0 0 0 0 0 0 0 0 0 103.9582196999291, -177.6173212498318 73.44934683123957 449.6710000178449 -30.56649289879908 404.0248407280709 -599.7967768558324 -1159.479063532985 0 -1809.682651105476 -911.5349589662521 -774.2088221285669 1491.770253368579 169.2104168778286 -627.6915711964376 2621.124692325329 0 633.7378184045538 2822.944970945706 4059.978193982119 1743.318314461323 1191.857004148693 3187.214550048439 -486.3044545801192 0 294.474340396071 -959.9925800225933 -78.79270266711728 983.334996250696 0 4474.385711733868 1836.011228619299 0 -773.1017864862208 -3924.246873922039 2949.573445112103 1434.722288299268 277.2398233858378 1249.708713211606 300.1154513644609 0 3437.059129851705 2491.996259834213 -2582.938708662248 -1933.606851640296 -766.3211320633012 6181.683850406172 812.0197564984284 0 818.1811577319379 9.53419995743036 1378.093307412325 -881.6677834103025 863.3116923840986 1121.460577320779 3109.219536204013 0 328.0729847048193 1491.85746332905 1133.227520012001 1723.153402919683 0 1300.477771096982 -563.9240141861853 0 -153.6558820974379 -2708.675934181198 -1071.747762810727 1474.63318879682 -335.0640872597196 313.9244902114392 1080.928075432258 0 758.4302143228042 -1713.57530412446 3631.715019026157 -3314.248981678596 -674.529678026081 1573.404049429718 -5070.402280214366 0 431.8144803826175 -74.90789386964389 1041.096561548131 -1430.178864283186 -789.5462018325389 -37.38533888828903 -6259.777550074621 0 -464.3870414360978 1412.149238245752 -5089.059451006507 0 0 -4068.198402022488 1543.75023773985 0 686.0608791795488 -1530.731007924834 -1584.5113124452 -1964.498384849901 -1004.628376598846 596.7240907968271 445.5168056627631 0 -585.8728201711742 -359.1969333170645 0 1928.744123908122 -349.0641234956686 1148.492807089425 1723.301754727584 0 0 1970.112067351327 4343.869193229477 0 -377.4048322233245 -1634.885621967886 0 0 0 -226.6162620209243 2563.712363464703 3094.18645247613 0 293.7587928589202 0 0 1147.13947551474 1317.8095839835 0 0 -1118.326489980709 0 -181.5560065425773 0 735.6632342461917 -202.9119030010528 -193.6261176325154 0 0 0 0 0 -243.6925619831969 0 0 -470.5501448880543 0 426.0170629318668 0 0 0 -125.3377152662054 0 0 0 0 0 0 0 0 511.8671601590415 0 -238.7835077547003 0 0 0 0 0 0 0 0 0 0 0 0 563.4336919846909 0 0 0 0 0 0 0 0 0 0 0 0 0 0 189.8803752645192, -348.7472760475312 -267.3334971204885 707.8858358350244 727.1726746276543 -220.5688863252118 922.8684592692111 1571.89511186164 0 -1787.9626017513 641.6650467944228 630.1614781981918 1257.184384719938 -718.3945440527627 -1891.407017893291 488.6148595731888 0 1547.082478315984 2080.397437787654 2407.019410381738 -107.6179679491161 -388.1036216485663 1466.928180600441 -224.1674262288975 0 -489.5423677495703 -1156.671771864507 725.4047429946411 -1932.959987495521 0 3061.459020408195 -2451.090903543197 0 -1428.881016134528 -3229.479857795098 482.6857106934648 -33.65690855942546 1273.646416184798 1366.706423130086 -709.0917216055648 0 -495.0123305975573 -3275.296564824953 -616.7909876517729 -4579.670242720263 537.2558314616635 2500.17786469874 2177.379644036065 0 2.888529564505006 2733.488320190898 -7462.835201911993 -635.0491819171009 1701.372228000364 -2481.296742875905 484.8322078021814 0 122.7562711487399 -1400.646422065611 -340.196144979722 -350.3984743022241 0 1635.772752611123 -815.7406617065205 0 -35.51310411780203 1255.498961323571 -1430.336747152179 1066.5976470209 -3474.747628749728 -3110.638733426133 1232.803577540386 0 1728.66048779069 71.3175231080794 1569.754310353635 48.40360099794759 -775.9447157336151 -934.2988373532362 -1014.00527408611 0 1137.592511040145 -480.0274544268292 1718.890506539473 -75.21870950353969 -1181.466420403488 3795.970617627935 1646.112216813536 0 708.5168324994231 1672.485124075818 -1873.431033379424 0 0 -1232.763046911256 1543.958158640207 0 676.9664678930836 -856.0002327181095 -1132.01197311613 -2558.880940027691 641.8603263766761 1623.125358560235 376.4742064957582 0 -558.5878474456101 1353.476502582721 0 1059.864863908469 -1574.288274318437 683.8400675220887 1476.913883987066 0 0 -791.8368839409699 -519.3761290018006 0 -737.4177223800116 -341.850177615183 0 0 0 -247.1918942340503 521.9394854670896 1599.556351184458 0 -1743.330773289658 0 0 299.5955311669636 -1347.304780854835 0 0 139.1725209195486 0 -385.4184349035761 0 465.3228172804835 -727.7200690823933 -2123.998477331984 0 0 0 0 0 -1695.972482850331 0 0 -1772.217572178375 0 -265.8100453198136 0 0 0 -1128.102371660548 0 0 0 0 0 0 0 0 -1546.621799193021 0 -509.922267792814 0 0 0 0 0 0 0 0 0 0 0 0 -167.6916176219162 0 0 0 0 0 0 0 0 0 0 0 0 0 0 38.62648561047428


GFLOW: 0.216 0.2509780915883333 0.2493280402130555 0.4213566336809947 0.4193536309138534 2.898367895063708 2.898766237776137 2.740088365930057 2.741425613301795 -0.07066859420914254 -0.1634051890515059 -0.02972145524280482 -0.1329511049655791
q-corrs 26209.08300070219 47690.34884382052 24634.46907167456 1971.400954520246 -2665.877919179718 -9772.934201751621 -8050.801580733721 0 -2013.868466544225 -5814.206126721795 -4412.64573503007 -4017.002291711311 -1094.721876519221 -580.4722393867974 -3383.414368830774 0 -264.386249521974 -3241.246805260541 -460.4242166952131 1478.090500240649 89.81538064251097 -1507.820094809921 -1297.502283205675 0 -377.8073722560466 2069.731649882447 2469.550703421984 69.78810910174252 0 -722.3727105915711 1387.61076026306 0 646.9514704397056 1108.017018738848 -305.5214576268753 1359.265111274776 -1323.962070509455 977.6155105227609 374.1672456108526 0 628.183707315068 -748.0172883965647 382.3476260646388 -964.7573779867856 -764.0059070045379 517.9847065526501 191.4612712125202 0 -436.5160850577977 -638.324761576316 -1211.627582780739 -764.7406479659194 779.0674021772138 -19.64239893097556 -920.4432894819727 0 1932.277815434106 -1230.177616614407 252.3445944156325 257.9915227990621 0 2249.200681614586 207.2322211682465 0 -5.32264849672066 3806.945633302742 -1527.825708589153 -311.7948343486098 923.4479435605848 -485.6982966209587 3276.296215141988 0 -1409.167442735175 -424.0488565472497 659.2101549192132 -89.13463874153661 1174.787541297702 -562.4970761811427 1574.010111254674 0 -34.26550971853287 528.6488591592296 -193.7630742948494 2994.28942045964 -23.40240757512643 934.669024147473 1124.939209913243 0 -454.0844683440008 1342.363152936211 -355.5693555273184 0 0 233.0783486675532 445.3041889248507 0 -224.7189712634202 -378.9868761595006 2367.585872980877 -522.317173337094 1261.159450572493 597.5778937715859 658.5891260305326 0 -70.78327837445178 312.290674425547 0 -1423.317923138428 66.65129660711044 370.3990052176073 -2229.230104981769 0 0 788.8162985620118 -466.4754232245284 0 1217.288860908684 -583.4933187916938 0 0 0 331.3790637908901 -2737.638292101748 -146.6008498913358 0 -1019.227149958927 0 0 152.7938248181371 -327.7511423458123 0 0 -379.4985717406193 0 207.962442882871 0 142.8885913009194 -1221.445215192764 -504.6682448664941 0 0 0 0 0 -441.3538083703569 0 0 50.54426077746913 0 -307.4048435592269 0 0 0 -287.1579093261506 0 0 0 0 0 0 0 0 -209.2822971248831 0 -162.4355157425032 0 0 0 0 0 0 0 0 0 0 0 0 -535.8864114685159 0 0 0 0 0 0 0 0 0 0 0 0 0 0 -338.0255182789379, 8002.315607108229 12435.99643607419 3466.060347756629 -1239.577125848481 -2306.810015150088 -6368.796953480167 -4488.083460420028 0 -714.9967700122883 -3341.144991592785 -2972.256445808999 -2669.623860312426 -836.8782185679145 345.1184729780739 -2370.229690532072 0 -473.5910451881012 -2599.672476095488 -402.8709226327072 624.3951038164603 914.161222529837 -1249.44511733179 -1260.823030740549 0 -378.860571560299 1387.239551616171 1974.662417057016 422.1570290274876 0 827.2534476403714 1127.586597523319 0 505.3943436729966 779.1720033834129 279.458565192841 404.5251946748433 -1231.268782128761 27.83734287620803 608.144415280555 0 319.042794071638 -898.6408169346316 15.91525506296216 -16.94169038172959 -783.6885886048317 -560.4748324159007 -1318.268786173878 0 19.27967853474242 -659.8998178935168 -1382.003879406257 -789.1936578502587 -466.8993561583788 -2241.771649122701 -853.3871570359441 0 779.0160238272854 271.6747833187133 -598.5082489387696 -1316.522047502692 0 1451.657835704277 -323.5303668300415 0 146.4696788569652 1482.368900030554 -1651.889645058603 -264.0080039810085 1579.337567988025 -359.7429977980494 1522.575086415433 0 -531.5515092917598 -204.5374858634129 331.1547655436729 -991.9163296237659 565.9748313152879 1371.157764567585 355.0527800803195 0 248.8304503073588 943.9242384956108 41.59101461728261 2547.217387077379 -84.77534066259841 477.5923650998767 1122.948488792105 0 -276.9797496969856 504.6332682071044 1508.004740800161 0 0 -33.32639151947539 879.2982042336341 0 -349.6069433503179 707.9259462150388 1721.69792318332 746.9981493814489 1017.087102348758 118.4213812401215 679.4116933760318 0 -393.6475420635427 674.8281412402243 0 -157.7250288956056 224.3344964000027 688.3705406501133 -305.1433663673927 0 0 446.884494121017 -325.1006226629955 0 1362.378754846651 466.4828177637756 0 0 0 89.11843865687561 -770.1666080485431 -452.232219466952 0 279.8977555964219 0 0 -8.827709773511629 -695.1189028711589 0 0 216.6162585084144 0 232.5847619229936 0 234.0945761505168 -489.5179816614945 -641.0584580672045 0 0 0 0 0 -414.970688869922 0 0 606.8757403217418 0 -140.7792084457087 0 0 0 -237.9766887078108 0 0 0 0 0 0 0 0 491.155541646036 0 -99.71132436558096 0 0 0 0 0 0 0 0 0 0 0 0 -84.08675225238716 0 0 0 0 0 0 0 0 0 0 0 0 0 0 -146.1035418058796, -272.4238892094897 -1782.351845817048 -2389.195000582291 -789.7950358601054 -1498.461991744358 -2582.113489468161 -728.4366522713843 0 90.56840152726238 -658.2912958747456 -1760.146843379388 -1221.046235684747 91.98309243571811 267.2257328325212 -1209.884157137861 0 -560.2110772997003 -1525.694334912069 -525.7025549417594 -337.2675469884606 691.4766785310387 -447.4349030618214 -404.960609333428 0 42.79795467405074 -55.17515894267166 481.3737807002597 35.71048434223457 0 1971.362593040326 -359.0833499778489 0 -382.2743055504932 42.38941779427523 76.50806134200155 -245.9296029452819 126.4575078149742 -139.0848053343531 2440.015726465665 0 860.6967348721141 39.52083579567712 -520.8207448086741 1181.591545619693 -588.8796551655237 298.6301379244128 -1591.815568555929 0 506.6304056566012 -635.5378108663297 -165.9703703895943 -1033.672046644225 -340.8692658490177 -1630.969741559103 -104.8208955223489 0 -845.3019075183258 1254.745426073433 670.6203972985811 -836.1629183826644 0 1280.727600401114 -1469.656482771348 0 231.2456093978926 -769.5999861955954 -434.0203474373797 -419.4877136180606 1419.087927025621 -1194.052553098612 -1163.989915622529 0 290.152432010519 705.5466930776521 -982.3919749124714 -1812.904065053643 -357.3172609689624 658.194806157028 -460.9895825579896 0 689.6488115154519 -400.7342081654432 -97.44111333545111 429.0133982813155 -404.5719012964119 725.1823512804076 405.0912125579132 0 -860.5787456094791 -153.4358007351972 551.2367571492149 0 0 119.2735087612231 -711.7031292483309 0 -439.3211766719857 153.9264285504103 813.3365068344737 732.0957326838059 515.0404688138042 -1558.377019087176 648.0925768792758 0 405.4979577441111 4.599045391344752 0 263.1816870255223 -84.42113370034772 -81.19696655973519 -410.7637065630319 0 0 378.8922662648632 -194.6295141916825 0 -438.7020863496059 725.5834601996428 0 0 0 -234.9230666390079 194.5988108606669 174.985810866996 0 -32.92895145985382 0 0 -1.19017025734432 -1143.488570480506 0 0 248.3583424481295 0 456.5013780561006 0 174.2666648162541 -9.558892571073102 141.4114402736382 0 0 0 0 0 -514.5127794201685 0 0 301.472383838709 0 138.0926489249715 0 0 0 38.09610827337859 0 0 0 0 0 0 0 0 -361.6172473108242 0 -322.8489965359173 0 0 0 0 0 0 0 0 0 0 0 0 -649.0807751723416 0 0 0 0 0 0 0 0 0 0 0 0 0 0 -149.744801111311, 38.68630720958777 -342.6874575087484 -685.4258693848268 -25.10573626527543 -977.6225985532717 -1702.312876129019 136.5700123025281 0 152.3468082721603 656.529897685739 -841.0607471789679 -745.0765016991079 666.7439595773558 437.5696755672367 -626.3770565235358 0 -558.1446598820871 -585.8565680500533 -670.1022669017664 -428.7780856329753 509.6482563697696 -560.2002997486497 503.2643244613623 0 -243.2778425176102 -417.3025414281369 297.860210795068 -7.652845700056503 0 1641.422716543424 -631.8849999440433 0 -838.0381010732935 -842.6349651086273 -387.8716441054988 359.6285871356367 198.9861481085262 792.5018817290709 1323.990268772944 0 809.2174601858474 -542.8640665492704 310.4546899769784 -457.8690122194399 -175.4701945837948 835.2278494190247 -296.5615653987367 0 104.7980190621505 -1529.004670866826 -1615.191141261574 -674.2048754412424 603.2308522346206 35.05435860193239 -174.0916808927789 0 -1876.372303289759 -559.788241194603 1429.8171407595 -458.9426475138891 0 -615.0607588043488 -2030.371776528018 0 -97.5379189295241 -813.1064973637854 -2774.651079771023 -1100.730630995563 310.4495489455682 -3578.143935754657 -880.7482913767512 0 -691.0129396938349 1356.73154045809 -2849.851710711362 -2019.537966439109 418.4263992122984 -1448.319166698308 -1389.232819667857 0 22.71507634411353 -970.8532408296312 -559.9211008833503 -780.0264605874443 -1707.204141060924 885.1933677072757 1827.743394138514 0 -296.4164112719575 -1594.183795267587 -2127.00858418696 0 0 -1332.097880008566 -142.3143490857609 0 -399.8860406209437 -237.1530165406752 438.7129934930425 1258.270972253746 89.66523554408326 -871.9497658523054 64.78291572633151 0 -316.6389680083881 -136.6465040920029 0 -309.6540313531733 -603.8049240747097 159.3917477166601 -1379.460560002053 0 0 722.9271274110163 632.441734531861 0 752.5026391615852 -508.6278654010152 0 0 0 -1502.242762913875 -543.5094366778551 129.4072677969665 0 -494.6476690360117 0 0 -45.85670346397215 149.7633206712967 0 0 -278.8606907175534 0 -877.6176274830431 0 -590.300559276925 -254.5869799462553 987.2883978045827 0 0 0 0 0 -53.09946424554937 0 0 -364.2690170379163 0 -1034.608792954297 0 0 0 596.4220280110935 0 0 0 0 0 0 0 0 -1196.28984106085 0 -481.0877732542659 0 0 0 0 0 0 0 0 0 0 0 0 -888.3581503181874 0 0 0 0 0 0 0 0 0 0 0 0 0 0 -134.3317187865769, 57.72748117057108 -172.3935073691408 -527.3203519237449 -127.857880884882 -443.2450935246893 -347.075037078652 742.9705271375248 0 637.7377822934997 941.1074519920247 -841.1907890445865 -554.3545974467652 192.4614843458198 590.7832247273025 -114.0677967922805 0 -456.1348591629255 -1849.23959961366 -785.3009119397494 -482.3310878442742 710.8940986726118 588.2588865016763 -1285.274712843975 0 -412.0880764668311 -271.7010986803476 -889.1067680923647 -1730.909827134741 0 -730.0840870217878 -415.7816752986807 0 -734.3411164497368 -1929.779870739497 -125.9303499245011 1162.439193969286 -918.5075011450715 -314.3844105012529 -965.3793946845274 0 96.09392448659156 -935.0133254584081 322.1622605176167 -695.7871946214291 378.5545525049843 928.0138508569023 837.5489388053626 0 -155.0010925333111 55.1116111121695 -1863.512149527501 -372.5796570274969 1051.0262252958 1239.222041008046 1277.256172756873 0 39.14019637481783 325.0197472643389 500.2112812063639 -462.9637491101117 0 425.6907598465226 2164.213924124119 0 -169.7717329952328 150.6182617728577 -3002.828867032143 -147.5475738167993 63.70300880018101 -1886.647707774487 -456.7096380682679 0 315.9314465600016 735.9228103248832 -1372.622991148124 -312.6100496593701 1107.438660549887 -1257.011518964547 -1157.351312122486 0 -627.4455660599294 335.1714102829351 -50.06223214774613 -103.117592567815 -1460.928405867095 262.9991933088653 982.8502885990036 0 592.0300791359855 245.9737245006357 -347.1770537202559 0 0 -1198.005791432026 1475.390337558185 0 637.6833217254883 64.91894129138059 898.3361948898728 1315.365607058451 37.17676313179973 2374.976125563713 370.572696014949 0 300.0088916505501 1300.629474386953 0 -493.8904640039944 -257.8073554115784 728.0880328324575 1297.62445787892 0 0 690.7665444991085 1498.466182857582 0 1328.477745516639 65.83962604038175 0 0 0 -87.76575832116077 -594.5418691132196 826.8287099711318 0 254.6910364570828 0 0 -104.6656295518267 -31.62897373495929 0 0 -8.115023138757579 0 -404.4034273824031 0 -129.8296349326631 -8.895604036348786 608.2769425268156 0 0 0 0 0 117.9712048388636 0 0 104.2127170860713 0 -801.2108299938533 0 0 0 371.5380313371645 0 0 0 0 0 0 0 0 70.40388516547675 0 -248.2147544964343 0 0 0 0 0 0 0 0 0 0 0 0 98.74475261029289 0 0 0 0 0 0 0 0 0 0 0 0 0 0 69.50818234056831, -87.29187909195537 -372.784696617636 -422.873193932379 -158.8879117295632 -360.2172764078219 -940.2450599416914 -239.3926668182665 0 -231.9959770642475 -168.6565160139509 -1567.703820641538 -589.0886030052509 27.29646926479894 115.4336684251871 963.0162124008643 0 -520.0713599971051 -1290.979255033405 -375.4166045123059 141.6902542810141 1314.348608243405 2148.502559437864 -726.8672358571079 0 562.5363371402742 644.597173122625 976.7040075351416 -473.735383328599 0 1351.631029238302 1362.189374748011 0 -83.26912385359611 -798.6600805564281 1302.914593678404 1639.603846823321 -22.88879928929134 779.0533338251606 109.2426847188869 0 1155.379534311851 1614.78834475276 289.3048144698892 -343.3615445057472 205.1403064388869 2704.29103109855 496.8415950718058 0 56.10459757286941 -820.2018498661903 713.6293071106969 -8.750732532254375 1501.067808070946 2355.055007828297 2515.300193796189 0 1277.398963015841 1711.689713356555 208.1411298766499 709.4119921058714 0 1812.965534889806 3412.330218891329 0 -292.4722820546899 1507.115304261104 -1390.089554340179 421.1020890238083 424.9352682764497 457.3429212947382 182.6480708048844 0 1085.839356904962 495.9144349756583 795.3697617798161 600.918382621601 1610.283659281195 -909.4217086038052 272.9177788236839 0 -609.0834964521538 -680.8492260905052 443.5837946905002 -393.7881543298937 -285.6244025652365 -317.096744572328 -2521.644336125638 0 -778.9610703982661 1976.049248505707 -1322.276510550133 0 0 60.59235979156389 -50.62498328279835 0 411.6385046709325 -1965.555512234469 1106.849410963268 -815.1094998934151 -587.5361183094651 122.9639055815719 312.6543636432893 0 377.7510235799706 171.3978657758287 0 108.1807959292515 -552.0797941440444 -77.77941521708424 286.2863015145585 0 0 1204.667515717046 1703.301979457447 0 -215.5843104579891 7.028055621136218 0 0 0 600.8027894169301 635.1945710402374 1182.809990302386 0 -56.35632604303646 0 0 389.8894880920384 1035.344898149975 0 0 -49.23352676083394 0 338.7822546759397 0 676.9464870237862 462.744859981294 318.6602389692256 0 0 0 0 0 412.4915363733332 0 0 -159.2341655252739 0 149.2947579453152 0 0 0 36.24262888234418 0 0 0 0 0 0 0 0 16.8947585972428 0 -193.4460694510502 0 0 0 0 0 0 0 0 0 0 0 0 79.78429887955397 0 0 0 0 0 0 0 0 0 0 0 0 0 0 -0.2693826920891667, -60.96700932154211 -25.50110375479709 -50.09954410913133 -151.5735735883983 160.6191286293039 -532.0585766318683 -494.7642240378491 0 -732.3955671887384 101.4596022757966 7.678633391311848 646.2239988283518 281.5525318155185 331.3341974455648 1673.409152688849 0 237.7528163678845 1863.541977932787 2058.57842035131 772.8782929475686 1318.884375908224 1956.2969231654 408.2710672306266 0 492.1869849597324 509.1195318203565 901.0669833418245 922.3532390268632 0 2670.621574736085 1334.555313847506 0 -418.7622567689458 -1212.391312898801 1817.318883516058 713.7780755548342 441.2865513125151 705.7358946173924 344.2668780091809 0 1880.597987381522 1214.935790538847 -872.0378388599182 -526.7938997595797 -381.7501632563183 3095.446349585246 1308.823746199143 0 179.5355020828503 -10.87130981498859 235.862394629364 -347.9722144325297 784.1726947797806 1654.626866055331 1755.764545529679 0 490.0613896220856 501.6354592687978 951.0195272028336 1087.813755783387 0 923.8409369360431 166.1851575824494 0 -118.6780123468372 -51.40241075008157 -717.3439175739376 1059.229776073075 254.0501409925297 -730.0274868242224 512.3363474086568 0 294.8097845675327 -929.0994632234926 1210.587480717978 -1528.916182255934 99.58370688386805 355.6594380504318 -2156.132872058776 0 -212.9961668417582 -507.3923097887067 604.3261396786902 -900.4107339548384 -810.5212550733402 -157.2174465945216 -2979.739384601874 0 -95.87299554214367 -354.2128781273054 -2259.241756215869 0 0 -1744.872879468174 124.2762446473886 0 218.5107664267014 -1023.412185438387 -670.0968220052209 -928.3311755793356 -538.0429551856784 43.75100496293567 -395.5428442489766 0 -254.1647817921955 -34.71274540649017 0 437.7807523357591 -270.5604140494083 -8.697750605012516 685.7711389291567 0 0 1008.095819610437 2003.725762019395 0 -246.9790614630324 -893.8323839834144 0 0 0 57.9044697810815 347.8809829832907 1409.92874122568 0 77.06384060710826 0 0 558.7099204430468 643.8806925256432 0 0 -560.909694618813 0 -158.0417437114953 0 257.2023728735508 -238.2036797732117 315.3753580448686 0 0 0 0 0 -119.5959069573997 0 0 -380.4169323744821 0 -48.17170865071137 0 0 0 38.05576813439168 0 0 0 0 0 0 0 0 -136.2433441347339 0 -63.46048647593219 0 0 0 0 0 0 0 0 0 0 0 0 123.5740003335939 0 0 0 0 0 0 0 0 0 0 0 0 0 0 61.4815889002485, -129.5321869551522 -130.1682807365793 201.3654165729343 284.8921476292754 -63.66849403864452 -223.4008962690567 273.7441994324925 0 -879.544257766243 258.2419369369256 381.8635333143216 454.8704043221726 -29.91162824495217 -718.3462239092974 -104.7638321094239 0 740.6200066176901 1478.720113918975 1555.162642115281 43.25878618220526 68.57124955544515 575.9973243095176 -308.7836456706274 0 -91.62778891255073 238.49003919002 955.0713941522814 -433.9948226882744 0 329.6257630173209 -531.2903068170729 0 -601.4811599972343 -1009.726442511036 -830.3327745615677 -64.07299036434299 292.1109016407667 822.6539429244148 -1052.558502275089 0 32.03780209811188 -2907.167526836857 -1015.438025261493 -2217.130631232462 101.4746715416845 885.9440950238901 1055.311157988027 0 -203.7014844737984 453.0447463185214 -3899.300692257703 -660.3446074362913 1036.430719909619 -339.5717113994205 -195.6236061102406 0 76.86659230414705 -233.3691232997321 474.9151176527378 -439.9315326588903 0 941.7912689612863 2.529744713593061 0 -50.14033672924424 1616.779565030625 -250.0298225407359 1037.334324588657 -858.1098110885263 -2228.790568651479 776.3669674893122 0 707.0399022360956 -218.7374919611901 1211.658356638185 -134.1066161402738 -147.5667543231512 -659.4938833789082 -855.4160847407679 0 402.6390726913125 46.68993229825094 742.1632041148612 63.65206824661345 -1064.367178989877 1785.586093900845 295.4026016137489 0 113.1765085596702 369.4995954645622 -1008.422807513984 0 0 -1039.706957646809 507.4156428826101 0 390.1771917176767 -220.9676994510194 -538.5408530270015 -802.8562511316252 236.1637348508981 387.5046183548055 84.69402671237344 0 -251.3803718022923 579.8657957089347 0 145.8183730130427 -471.5615334091631 -3.163546353840047 836.630870497502 0 0 -262.8005967947913 -529.9884294930914 0 -418.2549190072762 -241.6260727032674 0 0 0 -180.1835694685216 -449.0667881547146 804.3623932357305 0 -437.1683585492166 0 0 103.6101535212992 -1428.581075307837 0 0 -109.4275639907059 0 -268.4227686130506 0 106.9062597860933 -530.2106172425722 -700.3360914127056 0 0 0 0 0 -844.8813403603763 0 0 -668.0841163230677 0 -275.8750876851791 0 0 0 -408.0601163148335 0 0 0 0 0 0 0 0 -739.6326975572956 0 -185.8080173559566 0 0 0 0 0 0 0 0 0 0 0 0 -235.6079351621249 0 0 0 0 0 0 0 0 0 0 0 0 0 0 -17.4587989925332


GFLOW: 0.288 0.1729285939066691 0.1710968107011184 0.2725318685018775 0.2702542640678319 2.942169305511434 2.942572716350375 2.837233666200438 2.838635725250788 -0.01314043063134093 -0.08023688028330361 0.03633803556153573 -0.03777343888677468
q-corrs 12416.16572221014 29043.01949420306 20938.19799391081 4095.27112045609 -279.2264982832745 -3950.25991462105 -4437.169231739015 0 -1536.305033644687 -4106.688349868458 -3355.162795074419 -2983.364628583166 -816.8806792958715 -711.9983245170125 -2617.257152229737 0 -249.4053850035833 -2632.302879192191 -609.1547628227681 592.3254258062688 -3.364153655516361 -1264.003497246354 -932.832706252689 0 -750.936806360183 1351.546001982495 1256.413544621174 -130.3737536013667 0 -901.0139907456306 312.4641933649702 0 413.2255203833118 66.48843371636822 -273.6892730313863 442.4212875200883 -796.1102437512508 511.611553977447 -520.425453548293 0 461.3348022979645 -663.915778816254 147.0617763562807 -629.5427533791702 -579.6512076718793 192.0659713309319 186.2750949351657 0 -206.4872491697695 -454.082383861639 -613.576257914112 -544.9743022893031 275.7065999612581 -158.3873900923808 -747.6866157991402 0 1128.457081547209 -540.9516111844624 -5.628365813914328 325.8655455375834 0 1289.736514334871 58.45998359402483 0 -35.99305424020757 1834.550233343868 -667.9027384153253 -108.6863999331858 449.430159289646 -353.2371672403615 2308.333760399613 0 -773.8449690494081 -172.9403542170892 520.5592922794651 92.72716945034477 924.2823948944246 213.7668844032606 986.2807194243986 0 -116.9190550858456 472.4301811063244 -89.34813784378537 1694.889726868937 -12.393142723747 539.9463388398873 600.8283470364856 0 -317.0969060452576 1207.855384318013 -179.0350246229093 0 0 79.70989192358731 451.4915756405908 0 -145.120669249768 -568.2201462023933 1361.721365555971 17.03277422531215 727.4100820851538 117.5237766502755 496.7283516337507 0 79.14397102549243 52.56541681797847 0 -770.2376496292463 -70.19987016532751 322.7520133159989 -1332.734799595608 0 0 740.3573232055246 -55.50134155768569 0 401.0544379714739 -163.8562866507275 0 0 0 -35.40670101882435 -1530.250905826249 -319.6392015811298 0 -438.0686724484126 0 0 181.3680325844556 -407.5570988403371 0 0 -215.3008810742263 0 -21.48616861256637 0 59.68533067621038 -728.9314895864297 -409.5415446136756 0 0 0 0 0 -350.0914649559354 0 0 95.10793050316775 0 -204.9660836552016 0 0 0 -181.731866070311 0 0 0 0 0 0 0 0 14.26071382787666 0 -129.0830762344453 0 0 0 0 0 0 0 0 0 0 0 0 -160.8336332726766 0 0 0 0 0 0 0 0 0 0 0 0 0 0 -99.94164694626686, 4881.500892934867 10650.39263122446 6532.80369637596 660.9458164659698 -890.8524103389243 -3620.757932692639 -3259.670880214049 0 -852.4842141312201 -2831.510834683366 -2433.14068793829 -2155.847863779571 -646.569036447984 -237.0425234634091 -1988.643300531037 0 -328.4851134860181 -2204.968098852983 -521.3750665436685 231.8362675127589 375.6726754207177 -760.255765826892 -775.7200402701167 0 -488.9349952773641 975.5015057593248 1015.897176269654 -21.94135594161537 0 161.3207675697858 491.2136983097384 0 342.9223222526857 245.8887776243239 276.9141253344513 329.3384075604968 -562.0263224775313 -0.1264240099687299 -158.1764896008476 0 316.8710091390936 -336.4254780229952 95.71314480559442 -13.62447540335114 -526.6497724423325 -67.76765025037275 -549.9013368211072 0 34.08204738527343 -597.5728825851015 -436.4821142250399 -551.3027553475939 -266.5284880789136 -1212.4372646204 -516.3208933736803 0 360.4482167055689 142.8790703166014 -237.1509722923601 -246.622158071798 0 827.6244539186985 -537.6868736199305 0 25.31146793885016 512.9781446899347 -636.8575413474989 -28.41122729944932 762.558642719998 -323.4316445590013 1182.766546815722 0 -416.8166438503422 -265.1363993818839 569.158757804574 -477.7106295219633 289.9238674069274 1014.731126903939 121.7635756680482 0 124.6810489975584 539.3531829254098 22.79140048321341 1285.909546418295 -12.2393422363397 286.6341667384474 439.4513138079678 0 -137.2790154596151 600.7863405277267 646.2920736852168 0 0 -127.3644492385855 397.0721846398004 0 -148.0365877507492 131.0339520884526 895.6985226809252 458.5656277992441 616.6324428037093 189.4902893463918 484.5292933457919 0 -95.71317629649012 240.5102334580353 0 -171.2672173699655 78.19533938399871 352.5750130602937 -184.5099449007589 0 0 449.3535547756233 146.4595434414356 0 485.8192335160372 249.1877589800505 0 0 0 158.464805855625 -551.4442454875732 -196.3979992524969 0 114.9301028074538 0 0 75.25642886285097 -295.4143797840096 0 0 23.97049794255699 0 197.8517158149627 0 181.4451500034266 -344.764891075177 -311.0556217572966 0 0 0 0 0 -248.5979730790671 0 0 284.7961818132719 0 28.81778925604574 0 0 0 -151.2553550384886 0 0 0 0 0 0 0 0 239.2390734886771 0 -88.22407233707334 0 0 0 0 0 0 0 0 0 0 0 0 -58.73798966793841 0 0 0 0 0 0 0 0 0 0 0 0 0 0 -64.76723004761739, 66.21785565327703 -558.0618895517392 -1331.245286668597 -677.3400211797463 -962.4987808460153 -2131.657036321395 -1107.383468482981 0 -94.21743762564262 -848.2036886693525 -1621.927222216698 -1132.661722313029 -17.36231087323128 -33.31031377589812 -788.0179617846411 0 -486.2243397357003 -1386.503236969658 -683.0409134673376 -169.1324007159133 167.9313016889313 -339.8070554420129 -166.4107117302362 0 8.438049694739675 -130.1783512850742 -0.352882102359672 -167.4021749648541 0 1106.311424719739 120.2117461310677 0 -149.0478108177958 183.3112850744156 419.9099017808535 142.0031674504761 76.28086708246718 -197.1105921444004 797.5245579937909 0 518.7193181560981 215.9947706729687 -131.6092568236623 632.9759275356632 -339.124671594574 403.1329057054692 -568.5434539827738 0 297.2179256517532 -444.4056564581675 178.6345026813624 -623.6987619331981 -309.1374223695533 -1065.246779396114 -126.5189461683688 0 -469.1767286820944 723.3794130040765 405.8519986632847 -143.0860661061639 0 449.3120222484497 -1154.578880413528 0 107.4355051327227 -638.4728701640227 -123.9781490333862 -83.69154296337831 795.0804702705708 -783.5730714292257 -598.3873623431947 0 -56.3944402809863 189.1581073302788 -153.9060620107631 -1089.819700554679 -325.0916990734668 586.2519560909162 -667.1734918285586 0 390.5420638419166 -252.6341597301187 -65.52337997665273 141.9590280361238 -188.4691993823313 271.3338524615082 193.7827222776321 0 -411.3018828101973 -286.3573983914524 153.0527549824077 0 0 -208.4180247617239 -382.5069628014961 0 -201.5640684333665 139.3353369351237 438.6881954268185 509.5734794436981 285.8984287324959 -586.3590752380505 350.1829053005779 0 61.99265685819142 70.57083252060252 0 25.77072460544245 -9.700150213684431 85.97738708790286 -44.04428753485718 0 0 282.3395182219015 -16.08468822193433 0 -48.35324010249201 304.7959628121954 0 0 0 -39.50960079747096 -62.91013574209153 -0.1827469035147828 0 80.23999466955642 0 0 23.18637526398624 -509.2540713835373 0 0 39.43800653564873 0 84.94563934087839 0 124.3691594861597 -102.3872437933491 12.95191222484638 0 0 0 0 0 -240.6572778967345 0 0 -3.470474208558599 0 -2.338258080185 0 0 0 -6.606501030801212 0 0 0 0 0 0 0 0 -343.4269763837069 0 -149.9324749592424 0 0 0 0 0 0 0 0 0 0 0 0 -432.9318396933045 0 0 0 0 0 0 0 0 0 0 0 0 0 0 -114.7588251745712, -16.54853647536004 -380.8277161539424 -702.9731459705574 -218.1327977805085 -667.1396464607601 -1260.219643331086 -167.0276314705677 0 136.4258531020993 174.363408903759 -1112.879307573143 -727.2358073628511 362.0033211690272 179.9359019363244 -188.8262101883773 0 -440.4415452799861 -742.2218714272824 -612.7374309730743 -184.1178124370979 65.03817719728116 -378.8966116944204 161.8576872639862 0 -76.1295889806932 -400.5077599515167 -378.6355593249402 -226.3977061478222 0 693.2508793764509 -70.64504623394964 0 -390.3582917448287 -308.4619575786933 36.76760718628506 270.3600249946639 -26.39339379572951 10.62153556944105 285.4053278438975 0 463.6055687946093 -116.7491415729581 93.23804704837025 -24.08595160793587 -115.9232065440316 470.9741498917475 6.482890670455333 0 98.71701136759255 -620.4858979906757 -667.7935804006016 -388.5213181797936 103.4380763378811 -211.2460047369109 -255.9601875468785 0 -803.6431351754827 -123.5644790948568 697.3175336046306 -244.1302260112943 0 -353.4161327415873 -1157.522766835627 0 2.376806190486292 -438.3101563502818 -1291.154513693279 -543.278963696355 242.2170001580445 -2181.746223773465 -656.9606305598369 0 -371.4249523258378 723.5558573712037 -1707.407560041923 -1280.013321112898 227.8242658526684 -705.1467929231831 -1066.241645326301 0 38.59056022423333 -702.6946710619499 -421.7823527135601 -400.2655583918783 -1019.388399979973 466.5487058000813 1013.785958675948 0 -201.0642047156924 -846.4934254712759 -867.3730797759624 0 0 -852.7381281292655 72.33228230656306 0 -162.5771793959958 -47.12060361180735 418.0877668449264 1029.458709976192 56.96371313906941 -311.4965373294652 400.7675727161786 0 -20.60746595058642 145.6292320436279 0 -44.18697378952024 -261.9112518880808 256.1569902954687 -624.4290208500237 0 0 502.9106748166799 486.0696299992576 0 307.2616118339324 142.4502154439265 0 0 0 -874.1719898593467 -169.019249419203 -107.3175153196725 0 -232.7589385290707 0 0 47.34699224057239 -84.29078944881164 0 0 -66.8560786323154 0 -781.2434136703398 0 -361.0178692156524 -140.3906114242413 248.9188020396355 0 0 0 0 0 -100.8678894733956 0 0 -408.9602773358365 0 -714.4070024996497 0 0 0 197.3813988402047 0 0 0 0 0 0 0 0 -835.5200709209917 0 -208.8035467505132 0 0 0 0 0 0 0 0 0 0 0 0 -573.7898594075103 0 0 0 0 0 0 0 0 0 0 0 0 0 0 -120.1550891892033, 5.863532547515206 -216.3970755785113 -458.5514483161358 -155.4881543227959 -351.5374098275624 -436.4974785290188 255.7772654979142 0 423.1777270101342 523.7103980295685 -662.7721984975917 -344.5687259833915 183.6707822679469 602.1599455587088 443.685272728346 0 -340.5656297410384 -1040.252882626792 -352.165795967651 -22.34282679167623 338.5964467505592 275.0879716419798 -559.7645656849852 0 -192.8487436777344 -132.5196564918752 -644.7594545494644 -906.6822928686961 0 -382.3968909570003 -46.91311046654582 0 -352.0017376532239 -888.1128067401637 28.52277511278749 626.9098693843921 -600.8069253834277 -454.2047965575624 -780.8109168575638 0 153.3785862713866 -381.1454200706961 174.6092084445478 -363.8592209333597 68.34223644665843 545.3163363139054 421.7815900160566 0 -129.4954260682538 -283.9847673703769 -1092.514907544437 -112.8410100172753 516.8491873038772 587.7692445097807 473.3282582642674 0 69.07563629493973 -40.01390387449126 256.0847842625541 -246.250801784243 0 303.7951860208731 1206.348127996044 0 -81.56417349546622 421.4491939781947 -1781.032000498025 -68.01138511329503 -62.50087538408204 -1393.167281426658 -112.8495312712474 0 139.8386007999844 649.9724751858056 -863.0743375851742 -356.5424514417856 765.2090107432616 -720.0330156620067 -431.0584390593102 0 -373.37621536802 -67.5398804202232 -52.76172849161094 57.4382477836792 -924.125360857127 336.4802276331133 749.4464804933027 0 194.3078120130517 337.9569497981887 -37.69628761276181 0 0 -616.9365620579027 824.5044682582279 0 386.8744103438412 -29.06789439949557 614.8016274816142 1032.138095112306 23.09750107324129 1119.439159015029 496.217023038804 0 258.8764368273929 820.6545999948149 0 -7.941351707348019 -149.5489306955084 444.0472204814134 470.6686484137459 0 0 439.4946280074739 1136.167066026069 0 680.9931083535632 315.5747412820986 0 0 0 -280.0455568054355 -97.62468424729612 348.9059620861408 0 179.8431265330904 0 0 23.17701156814059 216.3716733942275 0 0 17.09008389447038 0 -453.4552273312891 0 -175.9250527653081 -25.03833170895298 318.575553188684 0 0 0 0 0 52.84935323896757 0 0 -156.4629401392841 0 -570.3649608474744 0 0 0 139.4418423004598 0 0 0 0 0 0 0 0 -274.1060949131501 0 -149.9264300699656 0 0 0 0 0 0 0 0 0 0 0 0 -143.30700162457 0 0 0 0 0 0 0 0 0 0 0 0 0 0 -24.39912772429374, -51.35322746899942 -307.3704729605355 -511.6822862426075 -235.3475675619305 -312.4196955028603 -754.0210448626576 -256.6392699510222 0 60.74176966181714 -18.77677624799311 -805.2239324250088 -299.244827744597 65.14735089447814 562.9017748580761 852.6344628116117 0 -315.4930252802831 -628.2416149646175 121.7854388344783 325.4727148737671 849.8810812831269 1230.43588600121 -261.4153878636177 0 261.2273157107217 509.8613221060645 586.3929191028635 -149.1123288591311 0 864.6735727384196 894.96867673646 0 -140.4929666961585 -370.1683107703183 841.5535142868538 946.3734341494796 35.6587721698121 148.6640226082702 -50.90350959473858 0 716.1053627145778 903.2136908949049 270.5198552700182 -250.7508808241848 58.2925128795315 1709.46764278659 637.8292131389924 0 -67.44247584924295 -346.3770232571578 120.1490269199506 233.7726324568408 721.0085575784624 1474.160894682386 1502.732017110873 0 801.3508883464706 459.7646007922159 237.0235490907748 573.521298398118 0 840.9807139899121 2110.639804022158 0 -137.9820257786463 1242.096113805646 -1033.980546020206 249.1738371018801 36.45869219004211 -7.541043049223845 206.2693214059238 0 521.6709529081866 425.4585950939812 48.418706724885 -2.329372112672345 985.8942216233277 -655.3327756347385 111.3785916424485 0 -460.3758635574555 -556.758750185287 271.7005808921534 -281.5327781242461 -374.5594275895228 -68.4540256409056 -1074.513059272825 0 -424.3435023679889 721.630066887421 -918.6505003822961 0 0 -249.5465128347755 141.8890701969053 0 243.7440824157033 -995.4187862697614 322.9655930832687 -143.2155722078236 -236.230580080636 23.54805320077935 264.825526309501 0 128.1456621173054 195.814541547112 0 193.2202935287165 -251.5859066709861 -62.49873577935732 182.8248968762939 0 0 624.8049127071713 1191.64911513915 0 63.16119844580703 96.60971387554252 0 0 0 263.906017974959 281.038813327107 710.1877869216491 0 193.8536615667199 0 0 228.4847638068639 738.6427884008017 0 0 -12.23992491567469 0 200.3823673307026 0 273.2825480356852 156.1762103382803 444.7043582722305 0 0 0 0 0 199.6955570625668 0 0 -112.4750016685786 0 86.62427737213631 0 0 0 69.49774326608215 0 0 0 0 0 0 0 0 -151.6359688945209 0 -75.98557738577961 0 0 0 0 0 0 0 0 0 0 0 0 -99.07247631406753 0 0 0 0 0 0 0 0 0 0 0 0 0 0 -26.26195323996491, -38.06892180122925 -107.9006330853341 -226.3681404525845 -155.4829588471478 -32.972803345226 -509.9446228265223 -320.0479654789526 0 -259.3896252163813 151.3886357376038 40.33538245008418 247.6683151793577 207.0838417628295 449.743428604745 1026.424237578316 0 80.90677249881192 1099.557115228307 1122.169697201768 530.8380396071107 931.6177377645157 1249.241059416348 452.9988554408371 0 370.9208195220281 620.1629102959548 1004.551109505512 694.344249393673 0 1633.983156912077 1019.822216572491 0 -176.1901912435351 -243.1488752033128 1053.362173757183 644.4184026255082 356.7567618051581 407.7656386793786 383.6082717780974 0 983.8864382335119 754.8076828094772 -89.5606656444271 -198.065324446112 -95.61804755243644 1836.493587573103 1065.017020287382 0 -11.93651132885121 122.3510976108813 -71.73558932680703 -28.13585012785416 548.1988535690132 1289.179619414398 1016.536944256891 0 508.4214973400163 59.03798747584699 554.1252638666103 576.9537671761227 0 504.9087647845233 431.5714163667985 0 -55.23829781611784 494.3825066039553 -468.1469351075358 547.5301138107495 205.8441838736697 -557.8046066338547 311.0557065918921 0 82.53241369169859 -379.8406930865181 206.0048959601229 -792.2523070965696 194.0339533070402 102.5571306476959 -975.4758520995783 0 -293.5919828242727 -396.7418443170201 322.5261554749227 -562.3317615677051 -573.4986737542119 -116.2881600400486 -1372.520137027839 0 -38.60622818822645 -598.6899022300206 -1154.126790507881 0 0 -927.1118329573725 -133.0854649049167 0 104.9644174561054 -530.6734859545694 -439.8682693597859 -333.196035562505 -290.7594527268416 -190.2060913989116 -290.5701807148141 0 -258.698098505635 -15.49855885607019 0 30.8628211027501 -153.8909778919146 -276.9538556640103 332.3196360539972 0 0 479.7656004931617 834.1127741174598 0 -164.5235666043034 -491.601223762092 0 0 0 16.4383706963506 -167.4663294959197 684.6951101039033 0 80.30140941770117 0 0 262.3249612849691 226.3518591753154 0 0 -263.3242585238742 0 -110.4891347042683 0 55.77698922906927 -178.4561503950788 309.685019352749 0 0 0 0 0 -78.00215154902187 0 0 -246.6288935372585 0 -125.9225331314483 0 0 0 54.8081142599197 0 0 0 0 0 0 0 0 -238.0267367427083 0 -41.22576345226969 0 0 0 0 0 0 0 0 0 0 0 0 -34.21678973027485 0 0 0 0 0 0 0 0 0 0 0 0 0 0 16.13488524596021, -58.60897220211064 -109.4935174716238 -63.33384862234709 41.31684849347346 -55.25642932542773 -407.7281091783113 -115.2856585090962 0 -456.0040201960466 55.56330657046146 237.3742178556566 169.338628807713 39.30404034581278 -240.2338887429392 -131.0115459619931 0 362.1251049927835 801.7505289373706 929.1338182075106 91.91934111708377 238.985902887886 384.670485086817 -304.1265660227756 0 -75.06575111351827 462.4668825071268 812.0640697075249 38.54305713053846 0 -238.0814987034557 143.8829342656923 0 -244.6178020940931 -399.0787613268806 -713.9603529488998 37.12445068281548 -78.82552004001326 408.6527126447469 -775.4799638981164 0 77.53494288723768 -1782.076076314193 -682.2074836354986 -1115.027295240217 -13.36523123751064 287.2559907391684 605.4940427260809 0 -176.6056167482448 12.78294078145834 -2149.0529442405 -609.7889352793952 625.4146596676204 115.0830048837241 -322.8152265331488 0 123.2712170661833 -124.1918036623906 400.7296101380203 -259.3062373546441 0 691.8829776441504 91.33287235725876 0 -55.77459533440982 1006.615026484305 -68.97769305566069 684.7149980607149 -107.555511939468 -1193.618230091495 408.6878338050587 0 313.5820845533441 -86.66666212107714 895.3156567009422 -102.3214769283584 -4.277995149543798 -333.7755315597076 -560.1957037174238 0 161.8042044072427 107.4970310314793 364.6687320724137 57.54762855369199 -708.4447419617247 781.7241440699969 -33.27994860314823 0 -63.49618789379457 25.34694038957582 -531.3350106086516 0 0 -684.0530197834041 73.9845576875162 0 221.2277536253575 -74.41170500881312 -272.913572853604 -324.1727556861798 45.40362456013528 -116.4383423928714 -40.9631710884529 0 -202.1819099677704 227.3049015578783 0 -135.8255681690351 -142.2970705166694 -139.5649113161658 528.0941997678494 0 0 -127.9471798917289 -484.9076099187154 0 -231.4803122446696 -243.26984061158 0 0 0 -23.70814552312788 -515.3792724410193 449.8100171096102 0 -2.770545636123273 0 0 29.18415746269281 -946.5297297346074 0 0 -126.3292002917853 0 -56.29788395154873 0 47.74902735087127 -325.8923900686721 -150.9714832538428 0 0 0 0 0 -451.2418313117187 0 0 -232.3912987571378 0 -69.38893964551312 0 0 0 -157.6613423640728 0 0 0 0 0 0 0 0 -292.0185498395963 0 -56.63333147514987 0 0 0 0 0 0 0 0 0 0 0 0 -128.2342308967528 0 0 0 0 0 0 0 0 0 0 0 0 0 0 -17.55916359775134


GFLOW: 0.36 0.1257771342017185 0.1239143536914086 0.1880882698447976 0.1857899685711509 2.963488943068441 2.963879816980648 2.889628973308776 2.891016233430573 0.00271562462952648 -0.04858602412722775 0.04777522227595265 -0.008539329056518805
q-corrs 6539.408757770012 18092.78693528077 15945.36450582138 4262.725747815442 794.3880209484629 -438.2077747921644 -1877.166032962177 0 -1017.584873896095 -2809.891375232241 -2381.68747180591 -2164.423425480505 -593.9630203032883 -739.3072205961621 -2122.949157290638 0 -235.8144892659308 -2096.747412021507 -681.8435576896049 145.8285758407008 -111.1282816033042 -1054.532278644112 -735.9990979556944 0 -718.2056020367943 787.6003319204387 484.4431672656777 -314.0877764754475 0 -888.9542585826225 -128.3080362459406 0 267.2167468416234 -246.6025148207607 -241.4865979184935 163.3273337540704 -502.0820876851275 211.5558897825525 -669.8178710660086 0 242.1881046250366 -544.6446382137805 79.89820119529725 -353.6834339134424 -427.4557590031824 118.7877201972836 105.4615402783212 0 -82.36179109097111 -340.2003377931974 -294.6888283539719 -424.4653450777601 76.66440080490415 -156.1012148588535 -432.1728417402132 0 638.5917897188979 -205.2178270339883 -79.77035812967588 318.470768267378 0 782.9147146330267 6.999405055634156 0 -55.37521019876534 855.8536389813578 -303.8757919693367 15.77673780046101 264.2007948721392 -248.5313090587567 1485.222464690488 0 -417.2777243163476 -96.38382973048027 370.8719083911315 98.29054951241906 592.5507853964473 321.2162432807916 549.464241508769 0 -107.8467764159557 326.536135977111 -12.1491636927982 917.8845358727713 -3.440035712094758 354.0633224467591 365.9101144101082 0 -203.4010542004425 877.8726240504014 -97.07069530283607 0 0 19.40563245893712 293.1349311392916 0 -98.29423641909615 -456.4162511514852 768.7753650943296 154.991441446769 446.7918839228699 -20.59650285949198 341.7827868134345 0 123.8631212129606 -68.46596444746589 0 -432.6506269350103 -70.26276690757543 161.8178052093459 -860.6434730518835 0 0 573.6194140497005 88.47638450865733 0 38.56347269694177 18.79309351527225 0 0 0 -63.55297537808356 -847.6802346361507 -294.0375635477407 0 -270.2655722589718 0 0 156.7145573137524 -317.6880576068022 0 0 -98.55663011883999 0 -16.74146630098151 0 29.01597450392632 -408.0474342592439 -315.0638490158951 0 0 0 0 0 -238.0259195670381 0 0 74.07992771964999 0 -97.00455647273836 0 0 0 -124.915250600176 0 0 0 0 0 0 0 0 54.24618898426206 0 -81.5344334325569 0 0 0 0 0 0 0 0 0 0 0 0 -41.74783008034174 0 0 0 0 0 0 0 0 0 0 0 0 0 0 -29.7490043211948, 3038.131295702386 8095.787367944508 6642.72711487698 1496.102587728511 -42.76454427346295 -1427.370411683533 -1857.992805352412 0 -703.8941433035361 -2141.082277781207 -1883.868304652011 -1665.534706325335 -458.9187900646258 -440.7060039059182 -1597.020613695935 0 -276.1816983189319 -1760.999668791132 -572.9869973051947 51.78923763764348 74.83406629329303 -637.0907705414947 -546.5349914334882 0 -441.2612555761618 586.443814086119 396.2041677449437 -228.1043372344354 0 -164.4925467226684 124.4757440001093 0 230.861209976424 12.58751998809791 172.2836632381534 248.4682066355352 -315.0831933611524 -48.14244216427178 -337.6748084534365 0 189.9722395890657 -188.7164611620471 100.3296985342673 -1.84149578835391 -362.1467333659928 104.9769018411442 -199.5116777736626 0 51.4468241674907 -402.2105085038814 -74.73490048249872 -424.6728706158947 -146.3348894135471 -632.2720124566113 -297.3650967865456 0 206.4536312816867 137.1293179070342 -107.5306001812575 97.7544365323881 0 532.8711346081226 -429.0950942374333 0 -20.87268800267061 115.701146131295 -237.4982596751104 63.15952551420519 423.7612672899943 -243.1219598025411 806.3493906265946 0 -283.5736976381551 -214.6979168951841 426.2057395271129 -242.2058369618211 138.7258089508259 659.8732015040985 -16.73856183990526 0 48.70258222767683 303.6958363499111 39.30190295115521 606.520929473354 8.743150189885455 181.3371831625464 198.686160941108 0 -93.65923794991815 401.9269184339096 270.1764709135342 0 0 -114.741910231262 145.5512685797236 0 -69.01077572971106 -46.03921628209965 485.9198618018657 305.4385335808267 371.5198209431404 108.8013623801186 277.1158494526629 0 -5.654452048777003 58.71209436252705 0 -155.1709784596619 32.08527283234506 151.5550410077786 -159.5590322976697 0 0 369.6241960218474 219.5862646520843 0 151.1365037239844 149.5075808545098 0 0 0 146.2460073750345 -372.4823224713402 -115.2768857783968 0 36.79839459838126 0 0 85.23527525923799 -157.344856473418 0 0 -9.703170979776647 0 161.8622854521347 0 127.0846830255383 -217.5689958004376 -169.0822142702729 0 0 0 0 0 -151.6648415524006 0 0 141.4960687214993 0 64.55075535178796 0 0 0 -91.40386491471949 0 0 0 0 0 0 0 0 114.0062919537351 0 -54.3223043785278 0 0 0 0 0 0 0 0 0 0 0 0 -38.58338322755566 0 0 0 0 0 0 0 0 0 0 0 0 0 0 -31.27232228977275, 194.1437162280602 147.6717588789283 -420.3325041330485 -376.5085052028346 -580.2211699295385 -1556.575026049725 -1022.199488336098 0 -202.4039047150626 -846.2164006634027 -1346.509513112286 -956.1339048250499 -47.10817662026297 -161.4710407834429 -593.9216989339682 0 -382.7840834840533 -1164.143870794716 -621.9346394839768 -61.59911976626678 -22.32818763318801 -307.2654211657119 -100.4249347929877 0 -39.57139053263698 -83.1603235904512 -194.8713639042068 -239.2681725458997 0 517.8799720172676 132.488598856435 0 -29.66343943158228 127.7906866958386 378.0497168204897 213.1105138922459 -0.700372716538709 -220.7064161917942 204.0872684931745 0 268.9726484048255 216.5755722027246 -0.5399079423901583 352.144823388493 -202.1115089801747 340.7004104222393 -171.1789836522595 0 199.0245484537078 -265.1093132802292 265.2820967669392 -398.8849504410009 -191.0615162042644 -612.8952727435294 -106.7096697623309 0 -260.0805859229623 454.2456932093292 240.1097954487127 90.24168030687673 0 192.8994424865618 -819.4011610099247 0 42.51507104365839 -528.579641682791 -21.20814453815254 15.06874255950142 453.8394238143081 -510.9012581864626 -301.5476165489619 0 -152.2807141885877 -25.37725044190751 17.8156229836228 -663.6013427879531 -281.8373283222982 391.8092200213807 -601.1413399409846 0 210.3508071492623 -151.254815814092 -26.50880747489213 -30.85634325677848 -111.6557198790585 69.54761548112486 48.22194556239754 0 -203.1545646003268 -275.0023460742856 31.78316351490543 0 0 -238.1210138343152 -241.2689041025041 0 -75.76442856550887 91.22666560541359 216.4922175780501 337.220101711933 156.9532542589725 -220.1749967729254 180.6360224084284 0 -21.41884006609176 71.93938660387244 0 -27.89208503466759 9.430297925004623 75.90176413856085 49.26717927225704 0 0 201.9734247034546 96.33719352910407 0 50.08697453898654 160.3619814523107 0 0 0 20.05924036233043 -78.32889790920483 -29.95632213476415 0 96.18231491370997 0 0 31.17127781271643 -221.7457761962456 0 0 3.71740534058679 0 -13.89391367143618 0 74.3207132391851 -83.04230534488538 -33.8687492130979 0 0 0 0 0 -124.1690961158888 0 0 -73.03763030055708 0 -72.57748037912265 0 0 0 -27.89364154755128 0 0 0 0 0 0 0 0 -285.8227619488927 0 -92.47992936945992 0 0 0 0 0 0 0 0 0 0 0 0 -291.4814450825603 0 0 0 0 0 0 0 0 0 0 0 0 0 0 -78.96086010145355, -34.65315092777882 -342.7375448106836 -619.8015790332736 -259.6087298402139 -463.3086255864804 -997.5635749669696 -323.6113681440091 0 37.37769390161269 -78.5995599346649 -991.4401448883725 -601.7849368930376 203.3226082917814 39.43917347333957 -43.86513599022653 0 -351.5005748406583 -712.1813235071542 -540.2120143327496 -48.02195554869773 -73.75197682925784 -283.4014492720148 63.62920500647206 0 -39.39957853680457 -304.4147003253784 -533.1002055445078 -296.7437852357575 0 225.2925399534039 -21.5654212421657 0 -176.7759970588781 -159.4614071550045 101.040665532715 161.7498357631532 -136.090253344967 -236.4498788081136 -74.43971837891007 0 216.1313438873932 -25.17459020327769 31.15041061921217 45.04727777969171 -80.09679406863623 250.8557864947916 59.62853399203135 0 80.50653900516392 -297.5168091274782 -244.5585001728951 -228.3710755578217 -13.45967037492775 -206.8851837128384 -232.2007747810057 0 -389.2521590319881 10.11832457599769 335.0875573242593 -118.2998578928355 0 -147.4554711971504 -668.0909109429265 0 18.83889041270634 -327.4673196195321 -645.35713854915 -271.8825039189002 162.5682623890949 -1306.76014721412 -386.424365190946 0 -218.3883732784255 357.0644987883425 -945.198310973376 -764.8021591379174 89.07450514152589 -296.5075154413569 -714.7622612500689 0 5.754922614656124 -419.2784044974896 -250.3138329241853 -209.8881881619286 -605.919457250035 227.3848893092576 601.289970275706 0 -100.2260935798588 -391.0764861840553 -337.0157770614919 0 0 -513.6814386026663 128.1423057605617 0 -31.08983212485799 13.87402533189183 303.0772046630746 745.1518758838379 37.80409474652386 -48.61817087115291 394.473882446536 0 76.09755308191879 206.1195337150435 0 80.27931339515968 -125.7773160470711 235.3659652446055 -287.5296499140603 0 0 337.9256181544388 446.421956925087 0 189.8381333122081 301.4265944681493 0 0 0 -523.0952141412193 27.7278103892404 -161.878299354019 0 -94.93207597064651 0 0 61.35057272799903 -47.35516814761198 0 0 21.0688343913432 0 -606.4531014673225 0 -230.2594776958513 -56.19143429973919 -34.80987574001286 0 0 0 0 0 -76.30089846403862 0 0 -338.8155391542731 0 -567.5905824836329 0 0 0 34.31373505306554 0 0 0 0 0 0 0 0 -620.7000838129499 0 -147.7171135520281 0 0 0 0 0 0 0 0 0 0 0 0 -406.5466952497781 0 0 0 0 0 0 0 0 0 0 0 0 0 0 -90.74690299543887, -18.34978547851097 -218.9617772107037 -402.9193909294611 -162.0435765400781 -270.0936522296804 -447.5438398293925 17.10765078852413 0 242.6542040978913 276.1038968006779 -523.7956955662728 -223.6855142891409 163.1292693236116 437.5967109107405 524.8248429780233 0 -269.5299698225692 -587.9056099238103 -194.6218906339456 134.6598572483226 194.821499984241 167.5032689627939 -202.5656393228435 0 -73.8702105435724 -71.19878080247163 -481.9243366627092 -533.5124651965681 0 -213.6260120333611 28.01746158536324 0 -154.4215910456085 -430.3301909191476 35.38439454917636 338.8059473301263 -424.4246284766128 -426.9607941495234 -571.8118066311293 0 109.5968255417021 -193.7550055172114 128.105342546353 -215.1115867778493 -6.033582550888781 311.6308474549585 265.3516115042073 0 -99.54032152222493 -244.2573735612706 -632.3543223040842 -9.668716552687435 250.6226006369048 314.0620484480561 159.4628592270142 0 47.11229417149627 -154.5426511175298 136.1877805345183 -159.6029046251742 0 214.4919586222844 657.5265028226111 0 -31.500143583765 317.950856957181 -1060.912975334115 -53.59670259719553 -39.91352488862233 -914.2108024980439 -12.38287417073394 0 77.12028038360253 471.0229917878228 -530.8431296626962 -296.4767322289003 500.486586277343 -399.2669474632577 -213.3254230206315 0 -240.6588131926561 -107.8565440248007 -51.43031923014611 88.08502735433079 -582.8920332287021 253.7955706422208 573.0421886997921 0 61.10748767724836 340.5020723508115 35.68780541646794 0 0 -374.0657914010856 559.681949189844 0 241.0016213566353 -48.70040672725585 392.5924164562075 765.0423837804744 18.17158904818766 622.3551783028335 478.2521677458918 0 226.9398067517963 523.3574005743716 0 200.4931452677581 -92.45796517272498 317.9448011836931 158.3276736989158 0 0 290.8010982357644 869.3668307053789 0 394.1278975526537 389.3997328045884 0 0 0 -270.20751797191 149.9054896832839 108.9608274572279 0 111.5686087500197 0 0 48.95096188694697 257.7358816251057 0 0 57.66033616280947 0 -407.8607414386049 0 -147.4849658120147 12.03609272404183 115.0996943302 0 0 0 0 0 34.40717854027225 0 0 -205.6545067779509 0 -449.4895218218714 0 0 0 45.58675069925111 0 0 0 0 0 0 0 0 -347.2932330945577 0 -114.9481040714688 0 0 0 0 0 0 0 0 0 0 0 0 -201.8820555172974 0 0 0 0 0 0 0 0 0 0 0 0 0 0 -43.30825544158166, -39.38733833461623 -247.4229902073486 -426.9742025412534 -206.5154021594165 -234.9824891698151 -537.3437719095552 -210.2872700317236 0 109.8774450078492 45.06157791638543 -428.1583369548798 -122.5305948241446 84.71013480769683 537.2029140918272 762.4762392078526 0 -210.6954106912812 -223.9758835075363 231.8326867161755 363.8926188483646 568.8162427090386 798.8470691177976 -10.02526987729598 0 167.0644244744349 364.2371924988805 409.202258185909 -35.13613053771354 0 586.7637772338956 624.4317728837887 0 -63.2924219038505 -99.70278450028042 499.5070260007898 619.9502830749556 1.95068426972864 -35.56088608836649 -38.92022085319081 0 431.8895102397047 541.418719576378 293.3286508823123 -166.5801253281984 44.73257393235392 1062.481834525104 540.4833464646242 0 -97.61932988488081 -123.2020692132858 -56.26784274436545 288.244426655597 385.3797437019894 924.2944625762229 893.5153887508368 0 480.7211851092109 10.58020680707224 178.942813799528 325.0268313159673 0 405.8194173275374 1245.829039111031 0 -51.03204324505481 849.0176527418575 -727.8924504592871 109.206417947884 -36.13537755140601 -124.710863867449 145.8754109742847 0 268.855291229071 330.714022173661 -167.1004904167773 -161.8316329742767 593.1927021259723 -429.1766432082416 3.734606177779312 0 -308.0977802073634 -350.9004658096337 131.6422531865961 -189.4212015673095 -321.973169282915 9.317280568621541 -410.0044261415474 0 -208.6053606704666 282.6956976931835 -561.1810386538236 0 0 -281.9019293110023 177.1883006514744 0 132.6591672532927 -481.955292055182 51.68606303166248 74.9843472560753 -109.7374523211073 56.68786037971836 241.7392167136527 0 59.47463571033835 136.4672219484745 0 205.3604438434847 -114.564395942623 -18.23782206882395 115.7816934128849 0 0 308.0175523590523 766.7644375804532 0 101.0476814937271 150.2974061249069 0 0 0 104.4326408263189 194.7114918408176 381.1764142967231 0 169.1526013308332 0 0 120.0712018830013 479.7613338971478 0 0 15.71673148754826 0 66.71877666533396 0 106.3526481080093 64.8720855547564 311.562782556432 0 0 0 0 0 107.2316814350371 0 0 -98.6703839836285 0 -9.233358906289652 0 0 0 58.18531608887167 0 0 0 0 0 0 0 0 -188.7549665295296 0 -48.30897715324018 0 0 0 0 0 0 0 0 0 0 0 0 -128.4997432605791 0 0 0 0 0 0 0 0 0 0 0 0 0 0 -28.98138350841322, -29.90335855835025 -132.5794755120142 -251.5161555707109 -143.2704380271082 -91.69378115364368 -403.9299519947456 -239.4092125923996 0 -78.41374312496393 84.54756750137958 9.558682087432317 114.3543765130655 128.4359705391154 387.2840008490034 695.5646479420461 0 18.00472466914036 648.3536261588455 672.601341943574 405.2665349061725 619.071470054321 851.4141571028225 336.8991442500602 0 260.3740130637663 494.7380815839687 847.8346118131184 458.8131446998917 0 1034.606338495713 765.9867965782908 0 -49.51637726320597 85.29261758692974 631.8719888148232 578.8196737144325 244.5596897034382 226.5785804464685 326.8676611508639 0 526.3654386900973 525.180050040135 208.1903272145273 -105.6787525636258 16.62019660684382 1164.388614138181 763.8283101964433 0 -54.39409076127026 160.6240625806224 -98.02145987903467 102.9082004167062 386.1381182888189 885.7997544335255 582.9038338536284 0 407.5551975779032 -81.55883580736588 296.2045773065803 311.5015117676753 0 299.2924132613851 456.5230411825466 0 -18.82096457345792 492.5380811317324 -288.9430950336056 250.1305074604636 95.4900291966247 -346.53911511147 196.1748031594219 0 37.64793029447817 -115.4482350553121 -96.95718157961389 -428.3707007068861 169.0944757239017 33.58379688631143 -488.0514890507366 0 -223.8906926522907 -267.9783534335178 150.4512317385544 -347.5933568019836 -378.0649304039023 -86.25326988917206 -615.8753023686745 0 -7.116463713385127 -486.2137994836326 -643.2060208555368 0 0 -544.6509335968228 -142.9940039755398 0 47.72510355194196 -228.0520203573109 -325.8324079593244 -122.2473960057245 -172.6202965555537 -209.1972890713127 -155.3043940227741 0 -211.582170706043 -27.33582484913751 0 -51.49420200117169 -72.07942127885921 -246.8271617161168 192.7138814345571 0 0 193.472338595375 308.4479349489516 0 -101.2105711756797 -263.7308328019857 0 0 0 1.417207131444229 -196.7569199036329 334.6393135252346 0 79.0381646517925 0 0 114.1742047570675 53.56367815150949 0 0 -123.8073243365278 0 -83.1381855149597 0 7.858022356066385 -109.9559120199997 196.9453346577189 0 0 0 0 0 -50.63346570790258 0 0 -155.0499097284372 0 -121.0036648443087 0 0 0 33.65204508947049 0 0 0 0 0 0 0 0 -205.0165021213271 0 -37.62875146197764 0 0 0 0 0 0 0 0 0 0 0 0 -73.68886793150909 0 0 0 0 0 0 0 0 0 0 0 0 0 0 -3.008398225306124, -34.90324473261853 -111.1621346745085 -156.7777034224431 -55.50178493864723 -58.16728883854752 -336.2652283160174 -180.4801973050354 0 -232.3648843373851 -15.26376900793616 165.1484459274806 95.00019719622938 16.19477756047195 -39.54092341450229 -51.44007684000042 0 191.8939844366513 441.3605098532348 576.3572444364942 63.03968880078389 267.4295389446452 329.4443702715987 -265.0608069931785 0 -69.69256731932967 395.8310696641778 599.9752815152819 118.9724510354496 0 -261.7320699630344 324.7433999414307 0 -93.58007815604807 -175.8172578719124 -454.8385371322995 138.2451023422701 -174.5646467195536 190.9758983389957 -476.5070613674146 0 60.0970448463446 -982.7853013452457 -343.79460525141 -590.3818153392662 -25.67471543146452 93.55360697027749 400.9835000749955 0 -131.9977881724661 -39.06281051957242 -1267.672142805604 -456.0791500635964 400.3620041703109 157.7187440986944 -311.8667822397048 0 106.6175453155271 -145.1373089481257 236.5767441407932 -162.0001421451707 0 480.1357966909 118.6499678893483 0 -50.27014515375149 506.8938179788735 -83.70137009967812 390.888141195891 16.02129310605746 -639.6821371836595 175.4466040885748 0 158.5135246725953 -0.5526107685437864 572.92820954312 -66.40567752925872 18.89858442982637 -180.9654220257333 -343.0593384361819 0 70.05671215088705 57.80752403718613 180.7051930600662 24.30617705706078 -421.6393778815092 325.6471459357919 -103.3504182517963 0 -85.00711920459797 -78.5952545821726 -292.2422681101918 0 0 -414.0861055460235 -101.208878166688 0 125.4758154403372 -24.70789896963629 -175.5915281333512 -179.6221574347426 -29.91487194668157 -245.3339754202165 -97.44475379849268 0 -175.6650155955485 85.76021685093446 0 -198.7252451358765 -36.51942186651387 -152.5232755565721 358.2552281634755 0 0 -109.5397570464473 -401.1570017372484 0 -131.6009136342549 -219.2953883972561 0 0 0 76.40983925531089 -414.5129753732984 271.7237155548683 0 112.3775453987884 0 0 -6.073264597987134 -585.6700067983309 0 0 -94.08466031880536 0 66.37368897358573 0 64.03262945741761 -199.1614383517407 17.79320065626978 0 0 0 0 0 -249.8593389540513 0 0 -68.00834643973141 0 47.35827256986776 0 0 0 -63.43701101358921 0 0 0 0 0 0 0 0 -100.5015167460149 0 -9.252196618221923 0 0 0 0 0 0 0 0 0 0 0 0 -57.78315291818288 0 0 0 0 0 0 0 0 0 0 0 0 0 0 -10.88823958634766


GFLOW: 0.432 0.09572917341423517 0.09389391649835044 0.1370595246097574 0.1348351756386893 2.974941206624742 2.97531344579796 2.920178583342268 2.921521444844613 0.00582110788298556 -0.03318416217852532 0.04327908140884272 0.0008476323886096207
q-corrs 3741.781289196155 11670.53947181549 11788.75144565531 3765.611207759936 1147.592858513953 1333.426354232031 -287.3415714341295 0 -571.7810602486638 -1786.523951360419 -1611.986173742456 -1523.825071921457 -425.7662112081957 -665.2810358326384 -1698.518339920663 0 -213.7729838379125 -1671.727496585907 -671.3365569264122 -59.47825380169243 -181.2046729379066 -891.9407971538049 -586.168448869036 0 -592.6671218175609 417.4720949585743 42.08026638817231 -382.0798670869265 0 -793.4773726459325 -284.138012873104 0 169.5024490734813 -288.8836200484484 -210.8758257428279 56.00488551666457 -329.8486222065969 37.87158299322954 -599.1251236544281 0 92.98388874134503 -448.135680456889 62.0330743370188 -193.2029869158322 -310.2534724114668 97.91294784328335 34.82015776735091 0 -26.85924660976731 -244.3032408097511 -142.2184051954338 -336.8888687393391 14.639606826608 -136.8571512763156 -252.6804943248652 0 385.7577116616503 -55.76527285099395 -89.04642527310499 241.1172341704295 0 526.8683951924811 0.2081534546840658 0 -55.55919394485363 391.2743886319439 -152.5544149382837 73.94818178820367 170.145704570686 -168.0401635272482 937.5729897451426 0 -227.4216534181509 -69.14799977597987 268.0758843955581 75.73755953594559 350.29381159456 274.7607329693308 298.48085921395 0 -80.9946764742744 210.5562639746147 26.76483313620832 489.359773655661 8.667178003781828 254.2496691825141 253.3744576964613 0 -132.5599932318086 578.7657532545315 -68.03419926901024 0 0 1.338122241041624 141.1276001096598 0 -58.68367486411514 -322.4649356434511 454.1378677930956 168.1257610374305 291.4001684532704 -53.2893500633343 220.6107404341496 0 105.69471823003 -96.5932172659021 0 -259.1378733637273 -52.0563528152281 51.31060986353506 -580.5200412863052 0 0 425.3080700211609 119.5091859818127 0 -84.33352533229629 70.05539918497459 0 0 0 -45.17046487406687 -482.8967050248637 -229.0931216719045 0 -198.3434781168051 0 0 122.3167418453646 -215.796270303964 0 0 -37.21910536383124 0 7.282800078121049 0 13.24704103853755 -226.2282578021117 -235.1806974218664 0 0 0 0 0 -153.5034702919705 0 0 55.35754972108544 0 -37.23575324206288 0 0 0 -85.75965930537419 0 0 0 0 0 0 0 0 54.09473117777171 0 -46.31245734891338 0 0 0 0 0 0 0 0 0 0 0 0 -4.092500093183446 0 0 0 0 0 0 0 0 0 0 0 0 0 0 -8.426940635972677, 1955.562476988597 5961.3352369801 5792.210243497451 1716.080447156973 372.9538950829211 -27.26501112096808 -757.1585123874838 0 -470.1980887274136 -1476.382874892895 -1380.744584126248 -1236.966831475354 -321.3786913872634 -463.1881990510817 -1268.832110925716 0 -236.1993920497946 -1398.234849267162 -561.0627174470064 -40.2466617499274 -69.71560312789148 -573.0907028705687 -412.117873413967 0 -369.5096051415325 321.8991314521376 46.29153691996459 -301.5416985112542 0 -303.362544770813 -60.87154723558649 0 154.4963690713733 -71.39937962658588 75.24668113954999 169.398378932677 -207.2126138121565 -91.74350730739279 -344.4482495252157 0 83.33993636349643 -157.9691928978331 89.89395471239271 6.570950020161632 -248.5979486253665 138.2813199038862 -67.43708895377574 0 51.5432531549053 -246.7513488465427 30.15295335013485 -334.6961688720356 -73.11769956047333 -345.4244981325576 -191.9082324746467 0 147.7779991144841 128.0752829809848 -62.21651196365194 154.7160642202971 0 377.6594785335372 -284.4141749067384 0 -33.66683171113412 -28.12518172163766 -88.49012847157803 92.13840263817146 252.1457148534434 -178.892251122741 523.4449972424241 0 -189.4024371892538 -162.4730801731681 287.7416519438567 -128.3436329957132 55.01576710076863 408.4107428872844 -60.22158953813754 0 14.1015613671222 167.6450073946792 46.63175830504916 275.6105685471474 13.75494514990976 125.2070875644735 100.4736553247623 0 -75.15593449082445 231.1490602148811 99.93194069752886 0 0 -86.33861990211651 13.01832018112667 0 -30.47721297498364 -86.40869009406121 277.0327542164811 202.8857901932102 231.3272362442011 33.80460712863051 144.5603601236119 0 6.699802722678299 -6.350503877402673 0 -130.5660694479644 12.79458242367884 42.9347657415961 -146.9015980817888 0 0 283.1820806795523 181.6657671982941 0 20.7665363639817 88.21982462790028 0 0 0 106.1043173191963 -249.2565878097571 -83.36335065339273 0 -3.148852734386246 0 0 74.22338632534689 -97.6727299602821 0 0 -8.418090465729327 0 119.4612787070574 0 81.32959144770399 -132.1147781984686 -111.1395619689112 0 0 0 0 0 -95.62860722059108 0 0 75.93187267099682 0 54.71418625103229 0 0 0 -58.5895012307616 0 0 0 0 0 0 0 0 55.37536270251579 0 -31.94977702013073 0 0 0 0 0 0 0 0 0 0 0 0 -24.70997992329632 0 0 0 0 0 0 0 0 0 0 0 0 0 0 -15.99797132986883, 222.8906956423967 478.0041277122608 158.9069264829357 -111.307267382384 -317.142818286039 -1011.725701623218 -774.6493104199262 0 -220.3537914088579 -740.356419860623 -1069.590157667599 -780.7345489095055 -54.58778992486499 -214.500508622341 -500.1445575075073 0 -295.3341638183394 -948.6717483981947 -531.4765385891342 -23.69698735504451 -93.66211627549714 -295.2126524449404 -82.28153568743161 0 -73.18564439412208 -48.7409777601324 -259.77730519096 -264.2070251954909 0 170.2301007099795 37.80284432060826 0 18.70949595846214 58.73443158998195 258.9548568192264 178.8979985159698 -48.92770849134537 -220.9669469531669 -29.22370896153834 0 114.4326986168521 138.7907212926312 38.55966032586547 200.815807941778 -129.239325366161 241.3438939174155 -36.59372586236432 0 136.6959612027955 -156.7660295533358 217.8738870884785 -286.0856203349979 -99.26579084380343 -352.6377865718139 -112.299724175142 0 -136.9236730255911 293.0634168261387 130.8719936367497 118.2463925036277 0 118.1721963968491 -545.0727829044424 0 10.93811268702876 -408.3187597814134 6.179852457192794 39.06476087668374 265.9959299756051 -343.557304838416 -152.9721081674762 0 -150.728161552278 -92.55932748624549 36.06022859348002 -404.3179443698943 -219.7554771342398 239.8007200446899 -452.5752427742134 0 108.6064480279622 -93.73595762810383 -3.573599931345704 -82.27863947161039 -71.90221790908092 -0.6753152289907263 -21.34558751608731 0 -110.6730252674932 -219.8348270635273 0.3941569926136879 0 0 -188.3014874245565 -169.9752362986629 0 -17.93827410264181 50.09111935101769 107.7166540302352 219.1938283277699 88.14407472866301 -85.84776326479698 92.16190751166684 0 -34.83743017487967 62.85806535982469 0 -30.39293170850781 11.64540156897987 44.4792676742909 54.62307631393136 0 0 144.2405937282517 128.7430703002368 0 59.94884454926986 98.06199610302251 0 0 0 28.39923207128233 -49.30106547475877 -31.75465018695083 0 78.32983557388377 0 0 30.67630628268316 -89.05130349086596 0 0 3.384679331024032 0 -42.09742657696133 0 41.17694308692458 -50.75119525075039 -48.94457576541818 0 0 0 0 0 -67.51729052975935 0 0 -78.21455589985869 0 -100.8235239320142 0 0 0 -33.39123021058602 0 0 0 0 0 0 0 0 -225.7008186470063 0 -70.90769192347938 0 0 0 0 0 0 0 0 0 0 0 0 -201.1459568159397 0 0 0 0 0 0 0 0 0 0 0 0 0 0 -52.70925579379353, -31.98028784287459 -268.0353387778201 -496.9124679666605 -241.1810154219134 -330.6916090160441 -804.9332477882772 -381.1426057734198 0 -37.85578364227135 -201.5632488112198 -804.9480277708083 -491.4124438698448 114.0418000695764 -37.48129367019234 -33.58594060310267 0 -275.7110816922061 -614.9708209643593 -455.0303043779389 9.746506350547165 -111.9099302686653 -237.3661855638655 32.64693896275328 0 -39.78041981561614 -212.8758083237452 -508.9306268843208 -308.2959377695214 0 -3.154007320531576 -72.13142426849818 0 -73.97724253002599 -111.4252998465044 74.71405072575459 87.78219396765283 -160.3447889419992 -285.2823618775636 -204.9631819558462 0 71.60892996116661 -35.09011430362783 20.99144539317436 33.33394145284655 -65.36826245573734 124.5281283189706 43.03041045504102 0 59.03412379108495 -178.5774114005146 -97.06170830238608 -155.00036651497 -17.53345800934429 -158.9632681942929 -205.7547122791869 0 -210.1317306368627 27.58119019744191 153.4795689859348 -76.7020819919571 0 -39.23936186329823 -404.6774899496146 0 13.81700812313433 -258.5580019535942 -357.2592376695112 -137.2216685121156 110.0374531497025 -784.0227472650272 -214.9859127853379 0 -137.8978572257103 164.7279977493124 -515.1412812997843 -456.8002949164279 24.56825369945872 -116.8393633282302 -455.9647805578296 0 -18.00104556359867 -230.5124601573874 -136.2154856476135 -101.3638337357174 -358.3763888330007 105.9714063435917 359.9705899510603 0 -41.95245964066167 -154.1137105845705 -105.6185313169136 0 0 -303.3509346020455 135.6258950308884 0 25.10847202546989 21.09122107297277 211.5496446779666 521.0048035494482 23.41028758935461 70.1052040642339 318.9226956667607 0 96.18833933318648 194.0669009127262 0 126.3885993013461 -68.04175698974682 191.598217918357 -136.5199771061803 0 0 224.9033070125164 401.3741367498519 0 147.781717437502 302.0849542235168 0 0 0 -326.3998622717292 114.3530592396272 -150.049741043711 0 -34.13630380457089 0 0 53.49425166398977 20.19991206877047 0 0 51.83814359375179 0 -456.5685853496793 0 -153.1835841267843 -7.033915991389129 -118.0986871973872 0 0 0 0 0 -45.33351941066746 0 0 -261.3346001183132 0 -464.2610237712012 0 0 0 -23.77098274236537 0 0 0 0 0 0 0 0 -470.8034613957145 0 -127.1638500890749 0 0 0 0 0 0 0 0 0 0 0 0 -300.8815675312176 0 0 0 0 0 0 0 0 0 0 0 0 0 0 -66.58045266981492, -27.75292327784314 -204.8895874310318 -356.0429335068428 -159.6729577733076 -208.5314072745497 -417.1079104765786 -98.01397078022276 0 121.5938760113101 120.9657058224765 -414.3880731716224 -167.8400137326095 128.4313242273753 282.9548807082597 441.4360998509205 0 -209.7335452236978 -357.4820380718808 -133.8469633820718 168.2533106956974 113.3110795529843 109.9617036105036 -41.91300460028248 0 -22.31792658906073 -36.97727940724583 -352.0558855788177 -357.9390318891727 0 -138.6140458102286 17.65835536297459 0 -56.0045319302985 -209.9004201042147 18.22936879639622 200.4491496319205 -301.2057069663828 -347.1964427581372 -411.2314103039315 0 61.79358349448153 -119.0491037322514 109.6778712432 -141.3054197206382 -20.15833048248474 178.4216459799893 177.9387982418737 0 -74.80810516063488 -165.3409380246637 -377.6405898554471 26.34038027993341 138.7872400778458 185.7561004786416 38.8558949920764 0 23.31772420262902 -165.8542616947343 68.34306247525501 -121.1549164884549 0 153.1524781083511 347.2280179172902 0 -8.567353404673355 188.9010592247989 -644.7601825323662 -43.78507353324673 -11.30831138863683 -580.5606168325692 13.44550347877845 0 44.35139584683954 305.8009736881534 -331.7477391776591 -221.7474042822225 314.8284507671382 -221.8721619679764 -131.6248981789428 0 -162.8366761747523 -72.09087078687756 -42.78317395011825 84.9027760758139 -368.2748314849859 167.9819890917797 415.8211756884936 0 29.92555726117458 290.1234689216275 63.10306637668 0 0 -235.1482074296787 417.6308327758143 0 154.4530952507734 -41.10380468821543 258.1158776662661 558.0129249652437 14.81326560100115 413.0142328825814 406.299711868991 0 191.7433114871314 343.0869950187285 0 251.5530881867317 -62.19605105140091 246.0528558220153 41.50564422449465 0 0 199.9803305556134 668.773510684769 0 255.3758522146135 377.2533723409399 0 0 0 -222.7975748097872 234.8588659524451 0.05196024208656524 0 60.64919341342368 0 0 47.75133912741322 238.7498412494687 0 0 77.11388587281725 0 -344.6266808377255 0 -116.9847136066353 39.84229897765714 3.235517835519765 0 0 0 0 0 26.70183957820563 0 0 -188.5909299429021 0 -376.3134701296009 0 0 0 2.592393104894814 0 0 0 0 0 0 0 0 -324.3502834758546 0 -100.736721757556 0 0 0 0 0 0 0 0 0 0 0 0 -193.1453607484789 0 0 0 0 0 0 0 0 0 0 0 0 0 0 -41.16576311548704, -33.07703597016786 -198.6486729404739 -338.0668839394924 -167.4373858647726 -170.791264709453 -385.8463500579729 -164.9796725153206 0 89.81493937640855 58.21452302197757 -246.1794559882529 -41.21802531897802 83.81116369621455 410.7491558890919 628.2701936983951 0 -144.295104572735 -36.01907208200251 217.1140458967286 328.3532288540895 384.5536617904137 558.627384979141 88.95269423989538 0 134.9362846377822 267.5395678370075 317.1237711935633 -9.434325406008242 0 419.1838084754067 442.4416323424775 0 0.2756543544653027 44.58413602246219 310.54565105666 451.2302171362263 -15.69496080049331 -73.28837164353328 -4.911333611664986 0 267.4086477942154 356.4330784120253 288.9444427923075 -115.1756427332644 45.13326749499724 673.7396483042583 413.7334118299843 0 -91.66995647472444 -24.45566467844473 -78.08985210025668 267.6398741136813 239.6635883160302 608.9110360936128 536.196283283695 0 291.0954485441454 -114.3250758102638 121.3053678768848 174.5419636152993 0 217.6382860763173 742.536521883253 0 -11.65795262058302 559.7735449137123 -467.3988146792902 32.76304236814038 -36.12544402544624 -126.5504315231487 99.07518744820123 0 150.4354992859642 240.1007442019488 -195.6019337742738 -155.8391299337841 361.9905502944967 -263.3642668123282 -33.56190430577902 0 -196.371171426618 -204.385586860685 49.99955844347485 -115.1361476420423 -241.887849658664 22.26408687360616 -117.7208777832303 0 -87.46656636986437 128.1045216605523 -316.56365112165 0 0 -222.6063493990393 174.0190175611137 0 67.58478333916634 -219.4283477155942 -22.16522504342768 132.1956183794421 -59.18126092297054 85.76441445138167 210.3788656958329 0 48.49424630372988 88.87829061784871 0 186.755630818349 -51.77847437146401 19.70936373305362 76.90416616021878 0 0 150.6374667092478 493.8398252249378 0 90.07866793628256 167.5761476177298 0 0 0 29.18421861518574 169.4627109729965 186.9516423358576 0 108.5266012552134 0 0 61.16359389842669 303.262391487068 0 0 32.22467375653166 0 -15.90906925679715 0 32.50354124747672 42.54032245326313 167.5600637241349 0 0 0 0 0 60.59678878798003 0 0 -86.56524083687265 0 -72.5709816730472 0 0 0 32.09184610585987 0 0 0 0 0 0 0 0 -175.3867226797001 0 -43.4527606755328 0 0 0 0 0 0 0 0 0 0 0 0 -117.1001772970518 0 0 0 0 0 0 0 0 0 0 0 0 0 0 -25.43310233764088, -24.87246725621483 -126.6633562357915 -226.5956917447475 -123.7039989581327 -90.53583440788483 -295.542539938133 -177.307043554093 0 -14.05773580690218 48.32785251479842 3.213402757069289 75.83147690389836 78.64699553749281 301.4940633990083 508.0296587385803 0 -0.7247313941797131 410.3414756690867 443.5442184882643 310.1034052544004 421.5945102503796 614.6695789253602 227.2587409223825 0 190.9409613899371 372.5864530190165 664.8638122652792 290.113837882711 0 681.4579059048498 571.0325918844594 0 14.54163944259858 187.5565352130011 399.7141242662178 489.5783167034984 155.8777719715766 122.5375858289276 255.0917506608465 0 297.1817454094446 387.4764716808023 291.780908622557 -68.2430422987089 48.78595826180741 761.4236205736938 532.8325230621817 0 -57.00298416494911 145.5001633366538 -67.94387964778107 142.4726492311881 279.5017181041252 600.3635912185038 343.5195714166741 0 295.1338662064601 -104.9545086784281 158.0112752739768 177.6827036415653 0 198.4049394070692 390.3064541599261 0 -3.762168283153578 387.8198400699096 -166.8997129461439 99.71006126650538 28.38019980456667 -212.6673143892564 124.5879158724067 0 31.50577960062863 -7.135252825800961 -158.8205636748695 -227.6754141528273 129.7848513352996 10.36652864724363 -258.5425738787766 0 -146.0321964854192 -177.8419300917678 57.66749903042508 -212.3747761833078 -245.2889125607604 -68.41645552428457 -269.8398971374507 0 11.81860426451363 -342.2069233578696 -369.814410768055 0 0 -327.2230917384437 -100.8611020415371 0 14.06203661545185 -72.15400263446021 -240.983842782503 -53.9033699265361 -114.1118674450885 -160.2961963076221 -78.08338207254897 0 -145.9895015988239 -28.19043448092665 0 -48.95683559373241 -25.34646946051285 -164.7685654182274 133.621866121831 0 0 50.65347610017844 86.87531693917181 0 -55.22363352179835 -138.3941207403934 0 0 0 8.472112648661408 -134.6035382137597 165.3528247827826 0 65.63838924154703 0 0 42.20281834965169 -6.786928256293216 0 0 -58.29978580420611 0 -58.37088167932751 0 1.886085054310463 -61.92053891102127 105.7843355327351 0 0 0 0 0 -31.8597172726637 0 0 -97.34075093570175 0 -97.04160872464516 0 0 0 14.41879748401546 0 0 0 0 0 0 0 0 -152.6305713066346 0 -33.05604652287294 0 0 0 0 0 0 0 0 0 0 0 0 -71.69579363648603 0 0 0 0 0 0 0 0 0 0 0 0 0 0 -9.024836191614543, -25.50909107904931 -105.616273089953 -169.6119167066093 -81.02167441001697 -51.11333546401633 -237.7471085719182 -156.634576058431 0 -115.1346319594419 -27.05217853771768 127.7914330476799 76.91666572365195 -4.333070666220095 39.69621840265108 8.510993949134559 0 112.5284983340731 261.2522234093141 383.3464024319649 37.93952378659688 240.6516535430939 284.898725788426 -218.9366405854552 0 -53.88841369033275 298.9680487681013 437.5799855245644 102.4468586278129 0 -187.4512566622762 330.1837415177441 0 -25.3888756364116 -66.214329056297 -268.4893529507866 184.1953748671163 -170.6888064978701 86.12041128853039 -275.0207113605553 0 48.46398425447063 -524.1022430663514 -128.9259055155207 -332.2471684830766 -14.35695232282052 41.87217953209534 284.1833970655009 0 -99.61469421334758 -29.2137357531054 -799.4697494088688 -312.0729348267872 267.4749084856958 120.1332749156385 -269.2984946268465 0 73.91937598442891 -148.8088686984933 121.2644157750975 -120.2902429073702 0 305.0666676046806 118.9385135891239 0 -41.67870682183251 214.2157524759425 -111.0278187139832 208.482756763851 -7.511683406737149 -371.9085903513724 47.9674270024862 0 85.0702105705507 18.56111230499835 315.2882921481888 -46.91305964889074 9.309596831202072 -121.4404200445084 -206.9991249877718 0 26.36135197673411 -3.375544067876447 87.24824990424362 -6.700518532604917 -242.1463830616608 121.5680122632135 -112.9103580088885 0 -70.97112099477062 -118.6987163728798 -178.5131524288829 0 0 -244.4356212542922 -150.0116108527266 0 68.48687483579569 0.4446654122389191 -136.705780361194 -130.9123300379184 -54.71538985609352 -242.789444565597 -113.7668099458957 0 -143.0865895599363 29.38652647350418 0 -184.8816456594978 1.990905598247615 -129.7336513932363 255.9456439231275 0 0 -107.9091321128943 -323.2925033764078 0 -77.7291135406538 -186.6422756313715 0 0 0 117.5026276287582 -304.8572504814787 174.2451111789653 0 123.867135488127 0 0 -21.11734514301141 -366.2238793895788 0 0 -67.32010045154782 0 113.0994925742698 0 75.36856354847932 -124.8681823802018 58.01213902103038 0 0 0 0 0 -141.4628547473563 0 0 -7.025040214684289 0 92.68816869354576 0 0 0 -25.478753811489 0 0 0 0 0 0 0 0 -22.87835035763324 0 7.798737206625164 0 0 0 0 0 0 0 0 0 0 0 0 -22.54508987742866 0 0 0 0 0 0 0 0 0 0 0 0 0 0 -5.711796064766466


GFLOW: 0.504 0.07555559096156078 0.07376765202368352 0.1043362339784485 0.1022116477041017 2.981660104592503 2.982012992277204 2.939304996570876 2.940595833907366 0.005170556423311284 -0.02393754731536503 0.03506555364847019 0.003717501428711867
q-corrs 2289.680357523241 7811.712283498822 8713.865761617268 3136.030704942629 1176.446328192098 2080.976787654919 602.9492277597305 0 -242.4354010367126 -1020.174866497052 -1037.818236238417 -1034.224591624344 -296.7899409137062 -541.091349565942 -1316.027273498941 0 -186.094070317869 -1331.768907776918 -613.544013979289 -141.3931565784459 -211.3266678903147 -752.2229255865029 -463.9517823622296 0 -466.8231283384006 193.5618141977482 -185.5960440516639 -382.382429180157 0 -675.9797627150399 -321.6470513786164 0 107.9509268039061 -252.9120765916716 -183.4525460099282 5.39322988209333 -227.6292529454669 -56.90643615496444 -491.089557174067 0 5.626765956837353 -370.905694658376 57.35202553219786 -106.315154439342 -223.4123732185985 81.97365523107244 -7.440046283736244 0 -5.461212004897817 -169.0415669250125 -81.34163840196339 -268.5798457218788 1.252109080449415 -120.8850771161967 -169.6056556791698 0 254.4460843860397 1.445261600378259 -81.2125736299338 157.4068899767438 0 382.4081389093353 10.60606370529226 0 -48.73127098092546 168.3457649744469 -89.71384541369551 93.55097750109941 109.164496952626 -115.6287763960756 589.5992922695714 0 -127.7324992330195 -55.00042775748408 203.5960664006067 54.96270336886771 196.4564681240783 204.7592675805094 162.4024607599193 0 -56.02604214450941 131.8198543145459 41.76650753639984 259.2800827564188 17.63287992630945 190.7109522346738 183.518605083708 0 -92.18294939286707 364.8486770139717 -54.72806306029321 0 0 -3.218959091429195 36.18673664677858 0 -29.50309181500319 -221.8984258797589 284.3852209259154 145.1472240219596 198.9634682170732 -57.82425916945195 134.4905381693924 0 71.32183268701239 -88.09194780072977 0 -168.9854373315266 -37.72103661306379 -7.35324679140308 -401.9001668641646 0 0 313.4803003315613 111.0893340831331 0 -109.9392697685536 68.80602050076232 0 0 0 -33.01649902527198 -288.5295568580023 -169.8900900352599 0 -150.8714879948171 0 0 92.4720486647191 -140.8657767648087 0 0 -9.58967674229245 0 15.08548871652326 0 3.188947096898264 -127.4553652642962 -173.3258099494678 0 0 0 0 0 -98.20967306893294 0 0 41.0856111074343 0 -12.26159785086104 0 0 0 -59.20412480777073 0 0 0 0 0 0 0 0 46.07435992659963 0 -25.55516300599209 0 0 0 0 0 0 0 0 0 0 0 0 8.500943021644527 0 0 0 0 0 0 0 0 0 0 0 0 0 0 -1.232718719698433, 1305.999150751428 4388.907269292065 4781.742622288901 1653.864469936257 540.3849113832413 752.6499114739619 -25.48902361363285 0 -255.6906285456797 -930.1135251738392 -962.4366240119441 -885.5648795429205 -223.3819656032717 -408.2983565283081 -994.0499178157695 0 -197.8426357389932 -1114.809812123432 -514.8320031226011 -84.89873694688632 -133.3222785218366 -514.2480126672378 -321.2908487967197 0 -302.7746154384496 157.1016912306191 -136.7263733221133 -312.4271049205348 0 -344.2688294966285 -150.3188517144056 0 104.3499608953738 -93.4950427272114 10.02908195480089 103.1603616091691 -151.3014166989034 -122.1436793945443 -311.096516702451 0 11.84957577029136 -156.0811230018396 79.37493031031254 8.526077317386267 -172.9441434332024 121.97876156525 -27.21377775553448 0 42.02937285501174 -150.2807217569462 33.71501732298768 -266.3646757053689 -31.78904054496124 -210.0209907704107 -146.9990134603356 0 118.5774778950081 103.440073284267 -47.62120433243673 123.2133297198187 0 281.9921569171482 -171.513891675612 0 -34.42659149052842 -74.47039472511278 -40.86974272937269 94.21179882153426 149.9501050929222 -133.9036847909655 333.0542625942772 0 -126.9059641990943 -122.4665965901474 196.8227347174249 -70.69999786543229 10.76950270304221 249.0575834937475 -61.78674858425509 0 0.4373349111500815 89.90719347406451 46.41777867493757 120.1172624998438 15.79272252971045 92.6153593497572 53.09720991908284 0 -64.00028021579354 123.0958733855413 24.06432863604641 0 0 -60.97205800056977 -53.20134037568839 0 -9.92828608688945 -85.89278141242769 168.1747968305985 135.0827349520988 150.5613990037756 -12.18418153210895 68.75355327466005 0 -0.4941258158838764 -25.58881299413943 0 -107.8255808840445 2.230245597864041 -10.15904816945763 -131.399191883064 0 0 212.6564907599314 131.075165751736 0 -27.94285324753894 49.27768691696824 0 0 0 65.22710615164786 -170.4902262656957 -66.82087192152899 0 -22.08540775418748 0 0 59.67341304154489 -66.16546872982735 0 0 -3.851407853521165 0 78.16309905087135 0 47.72660313560397 -80.45348505832813 -83.3767489108992 0 0 0 0 0 -62.23910351492727 0 0 42.27064832980788 0 33.70712628808297 0 0 0 -40.19010718515054 0 0 0 0 0 0 0 0 26.90822388124784 0 -20.23375775382997 0 0 0 0 0 0 0 0 0 0 0 0 -15.79079141300077 0 0 0 0 0 0 0 0 0 0 0 0 0 0 -8.488335104831387, 211.593899204089 596.5743895131878 471.7306748928816 70.32493601475068 -142.5468636465723 -569.8002864607713 -508.4220710620972 0 -188.9439312212154 -596.9846971286179 -825.9202031975432 -622.2826657707749 -54.67203939962734 -224.1666250633511 -440.5024940004704 0 -227.8489042597606 -773.6809756152669 -450.7738329272283 -20.23482831925872 -120.426765942339 -285.7090475608583 -77.87312740864658 0 -90.39666411555299 -37.89997929169092 -275.8517037923311 -264.012747884302 0 -17.44534327337156 -48.81572455035608 0 33.98163723168962 11.81037929184157 153.0125496612682 123.6565465914524 -70.42975535920368 -211.1412301434123 -126.7435651330703 0 24.49170149006788 51.81761684244253 48.5074438471684 114.1384873333777 -91.73708826832394 155.6065096927372 -2.960793616635044 0 91.91600488091778 -101.9773711971529 133.3255706774999 -222.9280080328346 -44.39048016041658 -218.2983680114416 -126.5296461708602 0 -67.32313425499041 184.1869301118946 61.14843970942219 82.56809781639797 0 90.83426480545342 -351.5525143969378 0 -4.149344127472039 -305.3737132709659 0.6765056697543343 41.38326596833126 153.7980816157494 -240.0192085511882 -79.14954980729345 0 -122.6638009076827 -101.6464884052709 28.03262442730977 -247.606645480917 -160.9004048670284 141.399081686906 -311.7392725945232 0 53.29085507340963 -60.02700002801555 8.11364142613526 -78.34723662647724 -44.72247271447269 -17.83394848787934 -45.95357813144871 0 -68.04432520330703 -158.2974944699594 -3.661890543287484 0 0 -130.9559765181746 -124.3905126962429 0 6.653138401699444 20.47976052587884 59.59830607239346 143.8862596989276 51.94582643637191 -36.92542742511245 47.63454002443524 0 -30.35666546253316 51.63615048928609 0 -23.08493109562669 7.579849556619525 21.909748833213 36.46687662350044 0 0 104.3004884313347 122.9456221586571 0 47.48646640472129 65.73523980723158 0 0 0 18.05401899796684 -24.84606107408015 -30.54461484916148 0 54.42583396206441 0 0 26.82775952517034 -29.38505488953407 0 0 6.703487639923222 0 -52.95458676713476 0 19.5680064840792 -27.58397157845482 -51.44978515331528 0 0 0 0 0 -38.08081670857419 0 0 -69.44056768078781 0 -107.869696329117 0 0 0 -31.33971326319632 0 0 0 0 0 0 0 0 -176.2488432906785 0 -58.52940352144773 0 0 0 0 0 0 0 0 0 0 0 0 -142.6269160394677 0 0 0 0 0 0 0 0 0 0 0 0 0 0 -35.45404143805847, -22.52151771839578 -190.1241556457773 -371.1952516157473 -199.3386362461205 -239.8135349373038 -644.9369306926608 -375.8695025712347 0 -77.84966461918597 -252.4803327717814 -640.2197871161909 -406.1995516657508 59.42005435142713 -78.93155926057776 -68.70893178239008 0 -213.8526669817767 -518.1700130950226 -377.8627432333564 23.99135652499822 -117.8173814524418 -213.3907861726992 15.23742181488012 0 -47.34524328651519 -147.8927172571548 -437.0308944437963 -290.504216399366 0 -108.3096853041493 -117.9096021605123 0 -23.96849883517607 -88.69362056622828 34.99152121319536 42.12738289291211 -149.5260342727691 -268.6778279318549 -243.4332703382867 0 -4.44363237562348 -67.88368693285879 22.84547067639241 11.10514670198708 -59.75084842372864 50.7223107432654 16.25253582194544 0 38.57953845026932 -129.6609760606731 -64.44064359178141 -120.5364450272734 -4.331457011018614 -121.1215249668723 -187.8767806894069 0 -123.6983911706429 11.80860251758739 60.74230552352088 -70.72326721716446 0 6.24659862271497 -257.9807879143154 0 6.081975270780962 -204.3925889845515 -223.2747312486541 -69.15695537195353 71.56889323876837 -481.5938545273649 -118.132217038619 0 -92.61683424670369 66.14752900117161 -285.9009114143458 -278.905864764682 0.4214332898322084 -43.9071165156564 -282.5649494139335 0 -28.18417923821831 -119.2685300453693 -70.74396506890051 -36.88515226880651 -211.6256951414847 47.95947923111689 215.5651806225212 0 -13.30359900367164 -37.51691931008168 -2.923943210828014 0 0 -176.1681242506072 128.7875519114592 0 43.20630237386614 13.40224714705705 152.5004902983859 364.9348847887733 14.53055519284923 114.4941834188675 244.1754759462171 0 90.57108355261749 163.2271975172102 0 132.4701994445981 -41.63152454932742 151.8810631126381 -67.37648342519685 0 0 151.7904619747568 344.987268304457 0 121.4425292246954 259.6575134455701 0 0 0 -215.3545747885148 140.0502697788103 -121.5504188069243 0 -9.133916236785822 0 0 42.16611652087565 60.7449992400724 0 0 57.7134947812963 0 -345.500232992611 0 -107.1047899864384 16.84634455114684 -126.270055675583 0 0 0 0 0 -22.87251954606547 0 0 -199.557615088806 0 -378.1858820498171 0 0 0 -38.9171548877302 0 0 0 0 0 0 0 0 -360.711057265896 0 -110.0669651841659 0 0 0 0 0 0 0 0 0 0 0 0 -226.9051416146411 0 0 0 0 0 0 0 0 0 0 0 0 0 0 -48.94568502502548, -29.21987955895679 -182.3813701852831 -310.9392490234317 -149.8695464000838 -164.3181338288798 -376.5441623937769 -153.1339225637939 0 45.97266435436416 20.88914857389219 -333.4509624299014 -143.3279264679388 91.98257604700321 168.4856394961079 318.9457387260537 0 -160.4459347544746 -243.7815482702895 -108.1837846674021 154.2976300518569 60.71842263350733 66.81404101739133 19.38210978366791 0 -3.483674030699376 -15.3251021335672 -251.1547389504515 -263.4458613759455 0 -102.314372657992 -7.549752972611174 0 -7.173844771937091 -98.28511588367671 4.558776922251838 132.1473423312455 -211.9950457480752 -267.919693633948 -300.0472651850858 0 26.79558463928643 -85.30469829847161 101.1473613050622 -101.1267143511888 -21.73668050215989 102.702849841046 119.5607104734903 0 -56.84267269759152 -108.9384813021344 -239.6567435803963 34.40899337300837 90.02744136605614 117.5514740401425 -10.21550745908334 0 8.489151404542696 -144.2345064809255 29.29198967968763 -100.285237839605 0 108.7360585731565 179.85382494397 0 0.1759162220697874 101.510687817272 -402.7908063629099 -33.60763107897992 2.675362391218542 -367.3955812482239 19.34773965379568 0 24.1782285699283 186.4340746829266 -213.4471713048145 -158.7236782770784 196.7230082538337 -122.9721791514851 -84.38393961822071 0 -113.189564518967 -35.09075493952267 -32.15471728745394 78.45774306566936 -233.1233483986486 106.2719683079896 294.4890871743588 0 27.15891206067179 233.4992714945825 75.66993123219336 0 0 -144.754976980087 324.8557815142769 0 101.951612131006 -27.45273614840673 181.0817962481195 409.7276099392923 12.01240364473767 309.0262319483957 327.0147919765623 0 158.1939081863076 233.4519735269623 0 237.3097387342777 -43.66345893843149 195.7217241972081 3.000827815287337 0 0 142.9129612440299 517.7749462507883 0 179.7140081894093 331.3858452498222 0 0 0 -176.8237612767698 240.8790219843106 -42.56704645726728 0 30.85657799754026 0 0 40.48829586420668 202.9075293985878 0 0 79.54988126217627 0 -286.2465487317988 0 -93.34987035004161 50.80993785333762 -48.84575732712483 0 0 0 0 0 21.44652218736338 0 0 -158.646032903599 0 -319.9671121502636 0 0 0 -16.78306286216593 0 0 0 0 0 0 0 0 -277.1682174064507 0 -89.94285974180993 0 0 0 0 0 0 0 0 0 0 0 0 -166.0006120856449 0 0 0 0 0 0 0 0 0 0 0 0 0 0 -34.59791738142635, -28.05390928513003 -160.207784884634 -268.5616189335008 -135.0732342193141 -125.3860720450652 -289.8968492531554 -134.7658692066569 0 58.22619720910158 46.78167546982439 -155.0451350303951 -10.46573362595618 71.35527565579167 291.743602931535 487.7912413830824 0 -98.75173937872053 37.66178950590628 176.6200184163694 271.4359849546589 264.2485344572555 407.1425717807214 111.7715445010539 0 115.1341544887616 207.2401902117577 262.98748651313 -6.874769362117434 0 309.9309070280872 316.9678632723026 0 36.70489040027965 110.7235979672812 208.3710077649811 348.7379728833722 -16.37863660194944 -68.10846558671247 20.16473880403788 0 171.1924700488152 259.2874565022082 268.4851386366337 -82.15704043886328 42.45030997850616 444.2373172691628 308.9182661473827 0 -75.46603354609248 17.58623197822617 -56.81271686520424 228.2145823173174 169.925510296679 423.1136751941956 333.3416315231061 0 183.3816152707726 -125.8875928233879 80.66597802812068 96.72090125685969 0 134.8164536468501 459.2251536701724 0 3.600323573837322 375.4295602350742 -280.377598324882 -2.442166880621308 -23.78653247406944 -96.24669200119519 70.509836373269 0 90.54458599227672 168.9767963973261 -165.4445731340787 -109.7835861813575 227.4019715359629 -153.0594533941111 -32.83735791697519 0 -122.8436911134064 -112.7335307920408 9.942776151492087 -60.70794044804426 -170.7721137850136 18.82484382499414 5.784364009822326 0 -23.69483147338405 74.80319666312113 -164.4022441273102 0 0 -152.7791982650282 159.2478563088073 0 33.24908065816771 -88.73180137416625 -28.41971942422124 136.9627127566251 -35.63569481505221 99.94581718577076 176.9480197759477 0 49.24036113522526 61.77856751148408 0 159.0349020881946 -22.70216737360315 41.75744044013445 56.97739706000198 0 0 76.73878487600291 332.431992529633 0 74.6933301403558 163.0944673991399 0 0 0 -4.939737231320933 151.3581049710642 81.82137475778332 0 64.13461023303628 0 0 32.14445736786371 194.706904400186 0 0 39.06370993733503 0 -57.57653087508061 0 -0.1618737884341783 36.72379087424636 69.82905884754173 0 0 0 0 0 35.09736775984715 0 0 -75.02775267842293 0 -102.7860080382954 0 0 0 10.37938750800685 0 0 0 0 0 0 0 0 -150.7197032134203 0 -42.20093014974906 0 0 0 0 0 0 0 0 0 0 0 0 -98.23928776328312 0 0 0 0 0 0 0 0 0 0 0 0 0 0 -20.86682927772037, -20.80083097806155 -109.5539498900391 -189.2264045207825 -101.9385047667889 -73.36760532632843 -212.1913493354179 -129.2808543033177 0 5.980453944078269 34.09306306208029 9.589874396508286 63.79191374718255 49.93132283423161 228.3809872998391 383.7303753059611 0 -2.397905410127898 282.8310632637071 317.5070259264066 236.5345111460431 299.8693512725992 461.9921955251501 148.7253662877272 0 145.0211419457129 285.4858550181482 518.4263881140059 185.1384460918256 0 466.7573200285044 428.059385964542 0 45.52214952260396 208.0577052679752 267.5765784468235 401.7065487992612 97.52652440732805 66.35535925288832 197.7087349392187 0 180.7429277644148 301.2861732101622 293.6707589107675 -47.1898728383316 52.62670962079309 514.6768836416855 375.8815022089719 0 -49.67595201874227 117.8465987697923 -38.89244446658415 143.230193533216 208.1134838537515 417.2704195195409 213.4491751545229 0 207.6858450215616 -92.48131808297137 88.1318271821081 107.7784160358365 0 142.4570163486945 308.7779487375119 0 0.9179890106743578 286.7215961249406 -90.67030219732766 29.10708244726186 -2.641362267114744 -133.1837067223593 80.14033839502957 0 28.32517697569273 29.80728437958228 -148.0792056127326 -115.7721661142882 95.20309760912625 2.254996817924123 -139.3233107176853 0 -90.12194591248695 -117.8214293085398 13.02799160690898 -128.6651806664905 -158.7723227097993 -55.77980233962154 -114.628946001023 0 20.68647271040037 -231.1627083034291 -214.0077156819608 0 0 -196.9277412154889 -58.43756643850899 0 -2.848170858656701 0.1379597516002704 -174.7689924348957 -28.83972896937786 -81.40052636393693 -106.9228771796454 -38.22920166827137 0 -92.53912609086326 -21.55821402465696 0 -30.60585043580173 -1.662197828814726 -97.46288856181894 106.0899156443657 0 0 -12.12118016921249 1.982316777295424 0 -25.66670073974709 -70.79919035759795 0 0 0 18.12977063947771 -77.28464573982058 84.20367031295891 0 51.53932431254513 0 0 9.711466956935801 -23.60695477725214 0 0 -26.96559303648507 0 -37.507306424502 0 3.868847117855552 -32.8784552525142 50.80869141083866 0 0 0 0 0 -20.17726447148777 0 0 -61.61518985365117 0 -71.93133668708495 0 0 0 2.903948181779821 0 0 0 0 0 0 0 0 -108.1182088305879 0 -27.06903402361929 0 0 0 0 0 0 0 0 0 0 0 0 -58.3377058811969 0 0 0 0 0 0 0 0 0 0 0 0 0 0 -9.451892154295432, -20.25773847765913 -92.64578349803702 -151.5760228391473 -78.12324398030675 -40.22866061639159 -161.4034986674909 -118.7283017816995 0 -55.36829964679753 -20.83299970360503 105.0412470261159 69.54164685739596 -13.85223329158379 66.83276515332614 39.34786284846066 0 72.55043286212847 167.6415859060552 274.5917845252726 26.78714812401935 201.3885113175074 240.8827946437513 -175.8539132436871 0 -37.43194934184568 225.5991325699987 329.7288791280736 74.01333464627102 0 -117.762800027121 284.8328903322398 0 8.059815864009927 -4.958263138806771 -154.0740923251695 190.318003325678 -139.0676805362512 35.19345403839864 -155.2207649510505 0 41.36608740315906 -273.1435978274693 -11.54432454050732 -199.4129515574724 -3.081278253763188 34.0101608893865 208.6624243615665 0 -76.68736171505147 -18.13024109435669 -535.9861859607681 -208.7951331624873 183.4755071591613 79.48604240510944 -223.7013317132055 0 46.63718289847986 -136.6204280405497 55.07220229192261 -99.97626685441972 0 177.9088448823649 98.36571196061682 0 -34.05089770141528 57.80629407223395 -125.3019689001316 105.7119682594929 -42.68315964341486 -241.671720647583 -15.19415839119723 0 42.95391192868547 8.342211691020964 140.2500096799966 -41.66854655582561 -5.204915369822864 -97.93294095888143 -131.1852156569429 0 3.989693667774418 -46.4536229667892 39.98676978629036 -27.72363696821947 -140.1039101070753 28.42929812966133 -111.8919885531456 0 -53.93918908176286 -136.0253807247774 -124.631412530856 0 0 -146.5155280994717 -145.7394806296856 0 34.33897364135541 13.61660548683278 -115.4297014293557 -109.6539123766051 -58.8630312067313 -204.9817525806698 -109.7704161472238 0 -112.9471351649225 7.190273853580379 0 -149.5663905658739 16.21816013709317 -100.4869843444786 189.8775874831636 0 0 -101.735263895293 -257.1304208645071 0 -46.61027168407742 -154.3045119070023 0 0 0 122.7355448167436 -216.6621429629705 117.9696823703349 0 107.0430611767967 0 0 -25.45470609146775 -235.4065009301208 0 0 -49.74347311797328 0 119.8902078152948 0 73.29039253444438 -80.37752219934256 60.14234733726038 0 0 0 0 0 -81.85053332568907 0 0 15.12862734815545 0 101.5418885507444 0 0 0 -9.255617598588712 0 0 0 0 0 0 0 0 9.0029049497236 0 13.47748775033544 0 0 0 0 0 0 0 0 0 0 0 0 -5.079104727578887 0 0 0 0 0 0 0 0 0 0 0 0 0 0 -2.41507440273802


GFLOW: 0.576 0.06138052987025645 0.05964492947429805 0.08224170242678873 0.0802167477209636 2.985908609178741 2.986243565102564 2.952031801958102 2.953271551581766 0.003570559204841914 -0.0176517371627248 0.02691575176663991 0.004276808870297292
q-corrs 1481.20757899489 5416.639517045142 6515.01537408321 2556.61356656208 1080.397553706367 2291.406251095251 1049.026012615899 0 -21.21644468176137 -477.1864196473798 -623.3269685240246 -669.2008263097578 -198.2055131143413 -407.0353798849231 -982.6384007530494 0 -156.6136044034753 -1054.034855481331 -534.3225577887664 -161.6912435178788 -213.3711793432444 -628.4214851829814 -364.7486099657517 0 -362.5202173158673 64.37700216817233 -287.5944800162164 -353.4889691602922 0 -564.3605640280553 -313.0878595740678 0 70.06506285325494 -203.9096168204875 -158.8881123553297 -20.74248764558839 -165.697522445881 -106.0920334193217 -396.354551187846 0 -42.40140708122611 -310.3195820164762 54.95929387174568 -60.17966802000561 -161.8123278908677 64.03071410619049 -28.50779776001654 0 0.8697417168010251 -116.6093402469764 -66.4772974394662 -217.1143339684825 1.694769226200812 -108.5523067538889 -135.1541847048981 0 179.7332256091124 14.91222499153695 -70.8694144313494 90.54228631460435 0 288.0756695362871 23.1413721639486 0 -41.08087474425838 57.94822132491993 -64.90583456307334 93.42228525980804 64.82124629491094 -84.47012826902335 369.6520865938071 0 -74.82530345552523 -44.71426487432253 160.8362651430005 39.96209567884627 104.7065835238861 142.3238719952752 88.90279590638643 0 -37.06294368267876 81.03946433331674 44.5573827419165 136.2373772897643 22.59191699418121 145.7539863104413 132.2593412959513 0 -69.51830067459262 226.1474307078972 -44.96653718110375 0 0 -3.814652311852321 -25.71998489807478 0 -10.83792446348508 -155.0074106587341 188.118241703485 115.2557505248744 140.2694094127867 -56.44375382646042 77.27579645393527 0 41.08895919422353 -70.22937925429321 0 -120.371630362354 -28.65555033626129 -34.14861050286638 -285.2411058995912 0 0 231.9754160713125 90.76152307306145 0 -102.4894611910355 52.2220981072128 0 0 0 -29.01731131015969 -183.6030407235343 -125.3400076631686 0 -114.9328119948437 0 0 69.31243411718678 -92.98382591203114 0 0 0.9988200293481491 0 11.01618376841488 0 -3.407417637386501 -74.54370982057077 -128.0289043257728 0 0 0 0 0 -63.93654937181127 0 0 29.47252702416347 0 -5.478898893024343 0 0 0 -41.49034210130819 0 0 0 0 0 0 0 0 36.64261560399171 0 -14.56091930919415 0 0 0 0 0 0 0 0 0 0 0 0 12.17056080034625 0 0 0 0 0 0 0 0 0 0 0 0 0 0 1.386625568033012, 903.8246871876484 3270.57998151345 3873.992103086261 1485.280098262781 580.9819930432002 1132.079336476246 412.5616358578627 0 -91.82288131396599 -517.4385885789363 -635.8131379555007 -609.4395146133789 -152.1003900590345 -327.4508796020247 -762.2609512041174 0 -162.3369253022263 -890.235763830136 -453.7811280925484 -101.7200901954178 -155.6665090086214 -454.3838571496093 -254.9902134207661 0 -246.4488425494931 57.59771049423267 -224.9409915378496 -296.5783253149385 0 -338.7152376788375 -189.2609360728224 0 71.48277278311087 -92.89025615685011 -28.46266635429797 53.43943913321733 -118.3992598216963 -139.3910101260949 -274.5309833624579 0 -32.14220265040876 -159.2108525039674 69.70504875990964 6.393413910898843 -124.3890717111784 92.11865417774911 -20.55691600720803 0 30.12844414157454 -97.00074874335098 4.047252391053831 -215.7631852891982 -10.17526920972836 -146.1476708553079 -130.6041442907325 0 97.39779279821835 71.80477442903646 -43.47838592588027 75.84066148554606 0 214.599097830196 -95.61590402296294 0 -31.66516382271822 -86.29115937587235 -32.42275648742597 85.61510526893362 83.76185619967765 -103.753011606858 208.9514229057293 0 -85.90911219166964 -92.574523360672 140.3694637349979 -39.93659429952945 -10.52433476117153 149.8920311373641 -50.50325596199195 0 -4.018645473771791 46.34877753254943 42.62425992395032 48.16539841500301 17.35006399525672 71.8253780342522 27.82102945618202 0 -55.72393335074643 62.73099638441425 -7.031127954736831 0 0 -41.48917059997946 -81.7635144335064 0 1.121079814654152 -75.60545633233147 109.5562100664685 91.21476717630139 102.3130060688687 -35.53893592049029 27.6362027114284 0 -8.284109760030855 -27.71667618229552 0 -89.3165252728736 -4.149838813811453 -33.0517977667729 -115.0116799695285 0 0 159.5814032094011 90.3303018080273 0 -43.32219330318606 25.43873091132042 0 0 0 32.53109208353089 -121.2750663796504 -56.29831874387254 0 -29.55471196604925 0 0 46.58048818612986 -47.83770879037004 0 0 -1.106762604885406 0 43.71701126073459 0 24.85127179952615 -50.43948978452782 -66.86601124216902 0 0 0 0 0 -41.88204442886908 0 0 22.89541782417017 0 13.77725233032599 0 0 0 -28.98150423150806 0 0 0 0 0 0 0 0 11.73031527211241 0 -14.43694880106582 0 0 0 0 0 0 0 0 0 0 0 0 -10.4763679559739 0 0 0 0 0 0 0 0 0 0 0 0 0 0 -4.625797169845153, 187.2231957869373 609.5179947970868 614.1099961691173 178.8380598440716 -30.7899004413031 -243.4646936037071 -280.5199120979128 0 -140.3842400702906 -452.0039941151318 -623.1903868238395 -485.3172108477323 -50.90821669965362 -209.9252562850502 -389.1076345125135 0 -176.8276024996015 -636.8047556174885 -383.4341400546546 -28.59754140587233 -128.1787611033259 -272.8265000150556 -76.99728295096845 0 -95.93707188305306 -39.90521318621497 -273.2326415292096 -250.0612018247612 0 -111.6099653203154 -105.3470547087805 0 35.18357601706109 -15.76273201874845 76.2778025611113 73.92271304947111 -76.36165861251622 -196.961093484859 -166.6783529659793 0 -25.82073376193113 -19.01212041465402 47.93139746205679 62.24210801609178 -72.57221906924971 91.81440536424336 -4.373413898033562 0 59.45558618583787 -77.59786229698761 53.60056912372275 -182.9606810049996 -16.03969605738574 -152.0246092930145 -138.6490802059372 0 -30.59918712011938 107.3415474955337 18.36168068279783 37.9303944795994 0 73.34131442474728 -225.1303092842304 0 -11.19904110979355 -229.2760099306631 -16.30263153274777 37.76992838575765 83.02691748756757 -175.1686480413032 -42.86048045920568 0 -93.54550121647247 -91.15176051814164 19.28612281553904 -153.7468891330017 -114.224594662553 79.96983511461848 -204.7703106726192 0 24.02766158641949 -39.15075853781062 13.34725008285734 -58.36991781262471 -25.44297396555998 -16.90091212880441 -49.13070601813129 0 -46.78005565033298 -105.3947006500309 -0.7835727640643739 0 0 -85.137104363492 -91.81697902424769 0 16.09219248074934 1.008149600726291 39.69401486134567 96.77574457494342 32.75927317526258 -18.98732769426804 25.64523545521951 0 -22.40567054565676 41.37848525579665 0 -16.55458910563073 2.172146912359029 9.130727383015831 15.56986490642618 0 0 77.06127508320282 104.1922297866949 0 32.75471877637171 46.8636730022497 0 0 0 3.28624230825303 -10.82788746490575 -29.76845971622844 0 33.75920003768465 0 0 22.2799814679733 -4.315855126107579 0 0 8.449109287811989 0 -58.21620344734544 0 5.325442974714477 -13.96625751639256 -48.85062323635594 0 0 0 0 0 -22.26539892879809 0 0 -59.37332716220492 0 -104.6033309782547 0 0 0 -26.71742588426627 0 0 0 0 0 0 0 0 -138.4913223533146 0 -48.75819136020694 0 0 0 0 0 0 0 0 0 0 0 0 -103.9555940137309 0 0 0 0 0 0 0 0 0 0 0 0 0 0 -24.46057034228973, -12.68731959177171 -123.3024369723985 -260.6090531389701 -152.673093052779 -174.338162464463 -507.8376816547741 -337.5200612315639 0 -92.66121305191089 -262.7406963183107 -508.9702473252813 -339.1260494434014 24.71806372264227 -99.8413051247589 -108.7419294843288 0 -165.4464764051248 -438.4710702487246 -314.6868868601978 18.12717495555236 -113.274880773753 -197.3405491199848 -0.03870199505506378 0 -53.35588582862567 -106.3232720314 -363.2904710463888 -260.1585909726167 0 -150.8172469083087 -142.0237129352808 0 -0.1149930254125913 -73.63296372142469 2.68411929023091 14.31577309600544 -128.7012197465632 -234.512577405551 -242.6004055681988 0 -41.51795556779085 -96.72716516434573 25.29665689962776 -6.359641345698307 -56.89498601626887 7.597625145582683 -6.058220008964398 0 22.09180883285666 -106.3694986207541 -69.91583352077163 -101.8945512813473 4.375497281655356 -98.19855834274533 -174.964536457488 0 -78.28906880758865 -8.594655208887787 12.9344471922533 -74.1151185880057 0 19.57722114301608 -172.7917087744146 0 0.0927260816487312 -162.0197447351732 -157.4730659924713 -34.43503280667407 41.83768567978332 -307.6803552944569 -64.61390743653715 0 -65.7627600729973 16.94303322911193 -164.9442985168968 -175.184462619418 -6.119231524477033 -16.22514112556244 -170.6393755860937 0 -29.85283828136645 -56.9967331253624 -35.21864549992625 0.3932323497818508 -125.0052603862398 21.19006414700548 130.4642800280246 0 -0.1152248743071169 18.21908720146068 40.02911464398625 0 0 -99.7085700961677 116.6974679010147 0 44.79623458838915 4.998288664548639 115.3629067933625 259.1916624836001 9.610675784269114 122.2073871040587 184.695225519368 0 78.40637043457217 131.3831354479679 0 120.9375512028213 -28.46084805361749 120.2374607028384 -35.44586482351042 0 0 105.2166889041951 286.0283515097101 0 99.27755188899707 211.4015818492416 0 0 0 -150.8266621753616 136.189228488401 -94.02425569444452 0 0.1788662695972292 0 0 32.26746234463737 75.28648773062908 0 0 53.52490395080697 0 -265.5485362478763 0 -78.60019098051131 25.79120874427339 -110.722203022881 0 0 0 0 0 -9.350978091160425 0 0 -153.6016177590978 0 -305.7345826701484 0 0 0 -38.25137668196189 0 0 0 0 0 0 0 0 -278.6737706939427 0 -92.54054999983121 0 0 0 0 0 0 0 0 0 0 0 0 -173.0618399781806 0 0 0 0 0 0 0 0 0 0 0 0 0 0 -36.38629727720648, -26.89127815311605 -156.6008141300562 -266.9497316159877 -135.5074671380885 -132.0588497115641 -335.3481942037172 -176.5457989046175 0 0.5701658572722614 -43.1697422961923 -273.7886420837649 -131.2510627052115 60.24272830042293 89.80079837827196 204.5415751849628 0 -121.770209723007 -186.8318927778188 -94.60225187176509 124.8527680939446 27.20249837085305 33.13488152275136 34.4210580081754 0 0.6301779882203249 -1.797940025281271 -177.0273123209278 -203.6056782790071 0 -82.05991055017972 -27.1082178343581 0 16.53843554805082 -40.59707821991174 -3.222694841477946 94.89469756910027 -148.8530655102958 -203.6086437480502 -224.1594187055707 0 4.471782608593994 -67.63930469205089 95.31023150983796 -76.80105268438018 -21.50635141532626 59.69431959048028 79.0346474751135 0 -43.93106039873273 -75.29437071546828 -163.4530231096548 32.04346316661844 65.39842980139288 77.47360858370966 -31.46064788207042 0 1.19831968796565 -117.5212699348543 7.767297184813327 -85.22025382520167 0 76.32034978530912 92.94025535785585 0 2.548283798237399 52.09087330483115 -259.080733287328 -24.91096626089693 6.216370699343358 -234.582626622348 20.33897684723472 0 11.83605010513709 110.1153452703775 -140.7091031906108 -110.0930225229009 125.3979550629814 -66.60318136499728 -49.70386493331053 0 -79.77910535426945 -8.947672084322534 -22.86924024712201 73.29871718540119 -147.6303257177795 66.70558686723135 209.7464600850619 0 29.20809161642482 187.7107742894432 79.93155170263617 0 0 -85.01706416529741 258.0511995068258 0 69.61586504334161 -14.98954829003677 135.8754702595328 305.482416098137 9.868421780523446 245.8146423014841 257.6065397368194 0 129.5579918208246 165.3161902259451 0 203.0207418093968 -31.13607682450651 157.4273379417237 -5.128271639878918 0 0 105.5491465949772 403.6500140522663 0 133.5607031078789 277.6235405756514 0 0 0 -138.8625773775756 215.9859623043409 -53.8864118249834 0 15.89252893084664 0 0 32.88335516312208 166.2024973185308 0 0 73.0392003246205 0 -236.2980259063099 0 -75.02254966573494 50.92570878735422 -67.04857437142729 0 0 0 0 0 17.22289127216195 0 0 -130.4854173276937 0 -271.0577464348554 0 0 0 -23.8542744333734 0 0 0 0 0 0 0 0 -229.9256870316239 0 -78.90496307358374 0 0 0 0 0 0 0 0 0 0 0 0 -137.5089793402243 0 0 0 0 0 0 0 0 0 0 0 0 0 0 -28.07782330261092, -23.59110387399622 -129.8985303696017 -216.1196537337804 -110.301493019253 -94.55319810816032 -228.7316767515516 -116.7448289541642 0 31.37036704998876 26.54981738720394 -106.5896840047367 -2.692149021619763 55.08057129344562 201.3302905351665 363.5025018078922 0 -67.19484786303408 58.51681552831262 138.4857116160416 215.1864995804238 185.8052910715063 303.3291927470233 102.9624491738131 0 96.32538804640913 167.7416052938475 225.9947857321408 -7.023928571329122 0 234.3917977596464 230.6827472610486 0 53.68896703617136 133.7041284634893 149.9011080076478 277.8360840806114 -10.23283137727479 -53.1324124016536 33.8916934901041 0 113.3919950582977 203.4870490951632 242.0261320883488 -59.38166163576696 37.06774822087836 307.3776889289015 231.2665405563842 0 -58.71740475009259 33.07334316476568 -31.33674232517667 188.6643158269328 130.8637840847551 308.0282488242949 217.4407280798569 0 122.0730413987556 -104.9970599942518 54.84039958405936 57.98132579955779 0 95.58314752047059 299.1181117582888 0 8.070099804546555 260.9555287609603 -158.9830865704345 -15.77848125723989 -12.65376830621451 -63.9055859085674 53.60127578408743 0 57.92799241193623 118.746711481666 -123.3652375973785 -65.61530126987691 148.3394855781639 -83.23211773738602 -19.0860417690233 0 -76.57295850152023 -56.4925938028735 -6.84595804856496 -23.43967653849248 -116.5332471174232 13.86116992409124 54.50003612945162 0 7.810754876632497 58.73578436396645 -73.3306616047139 0 0 -96.73092286369925 141.6021062270036 0 16.72587330902648 -25.30173847252106 -15.71925296669079 126.4567935533865 -22.6125534695723 103.7714226679939 146.5850600007555 0 49.9163337910385 47.86156999412214 0 131.8739724318118 -9.050495391478872 51.32848413763075 47.41149876220022 0 0 43.34089126841634 238.2966083952679 0 62.2794507447042 148.3684396296094 0 0 0 -18.41484108176919 132.1768906654336 28.74946970944733 0 38.43009490622003 0 0 18.53998046723912 130.2268247496956 0 0 39.662793529158 0 -73.76014775685356 0 -13.35236561199326 33.24773068059062 14.79395579356832 0 0 0 0 0 20.75588131673974 0 0 -64.75447614299658 0 -111.2759937185235 0 0 0 -2.929503418799847 0 0 0 0 0 0 0 0 -127.0782068421345 0 -40.13223965590092 0 0 0 0 0 0 0 0 0 0 0 0 -80.9415866591566 0 0 0 0 0 0 0 0 0 0 0 0 0 0 -16.85093046023232, -17.21971419961478 -90.53943836492624 -153.005105216828 -81.92444407645087 -55.92573448356028 -153.8093534429343 -95.03322895287529 0 9.965539077389014 26.9335340904241 17.05123548572612 56.85030759017984 32.68800482566348 172.5867017423669 292.8036941239556 0 0.7725792431734391 208.4506589343314 241.4526680239508 181.0548754781139 222.2980555603016 356.2688449065338 96.46242333214823 0 111.7297153497173 226.1827846906236 411.6376331908796 123.2538643491993 0 332.0912905616633 325.5832631634832 0 58.57984177321762 198.8984833089519 189.4854694092393 326.8121436875325 62.81781686717097 37.63536554514158 156.3623053657477 0 119.1906455486316 245.2885308868575 268.4697627048915 -33.26421514346892 47.92430334637552 362.2118245089649 272.7899069114862 0 -40.49908597030827 92.50102883262599 -19.29942561334462 129.0980849011597 159.1911326563209 301.0999557994068 140.8721914510271 0 146.9555918601822 -73.08444600771307 53.15619851675422 69.90165772068607 0 106.9685712220459 237.4516615748315 0 1.441172578964759 207.7972150861694 -46.34728086418789 -1.387529568345386 -14.36428132821128 -85.56132634776861 52.24353632626881 0 23.31366414094121 37.09254556547836 -120.3007144420027 -55.57179874929886 68.22805136274931 -0.3911381671250496 -75.16526800872802 0 -54.76260852636588 -77.95789740204106 -5.951637879799438 -77.54113343873121 -103.3088724135662 -45.6725027161541 -46.44054408185946 0 23.36733296533313 -155.0280799003446 -123.3206240343445 0 0 -118.9123359120477 -27.63746958036512 0 -9.365877611874197 29.68679716423777 -124.5987040018888 -16.15337721588042 -60.33615717561673 -65.27528206032032 -17.42969757973454 0 -56.21484999436237 -13.1385704237704 0 -14.3916828388166 8.968856496495615 -53.11885541694677 90.27409618771395 0 0 -34.02187930526379 -23.47221216137139 0 -8.011976205088231 -34.20627865464144 0 0 0 24.19948819143391 -39.0427155015683 45.30045163834704 0 40.91396214439189 0 0 -3.244101953482858 -24.50050891720679 0 0 -11.62628799204889 0 -22.18515672306267 0 6.101590754709276 -16.39693961416613 21.52822462693104 0 0 0 0 0 -13.19838890143804 0 0 -39.55831604546842 0 -51.34175756342809 0 0 0 -2.800822153702967 0 0 0 0 0 0 0 0 -75.46513232139401 0 -21.20833813565833 0 0 0 0 0 0 0 0 0 0 0 0 -44.40355136113687 0 0 0 0 0 0 0 0 0 0 0 0 0 0 -8.062642294131038, -16.27323249068354 -76.77413985308499 -124.9131311756959 -66.07743856673024 -30.00060955875805 -108.9587624053847 -85.97320086824261 0 -25.39162812183343 -12.08076323043819 88.64469034910084 62.95886291900571 -16.47286037729628 72.10337632178991 51.36123831537131 0 50.61741031291433 116.3525919509869 209.2784097643327 23.45223537642657 164.9255029908139 201.2560150970741 -138.9531175673895 0 -24.39545929409159 176.1692647368049 259.5369843473856 52.36263130456894 0 -68.01797077750534 233.2255663278859 0 24.78493278224132 29.56429021730705 -86.08073920732691 177.085144654215 -105.2494503265545 10.36265155242657 -86.31577084417407 0 35.47525514905933 -135.7244080768231 46.84054306992992 -127.0094146465429 3.959331012981483 36.27858935626101 157.0054304445051 0 -59.46385715044128 -12.21172619673821 -378.3120270609122 -141.6523929369282 128.6246072329305 49.89214324952589 -183.2519342425672 0 27.74351957810203 -118.9066814143392 20.37360215157165 -86.30974781543421 0 93.38913849367214 69.65261377776257 0 -28.08995422168963 -22.02295941016868 -127.6799855384126 49.8044919661691 -63.06026409813276 -174.8412439259484 -43.38284628371299 0 16.34668155241523 -7.870216463426402 33.06210393919311 -44.02427740824724 -16.59028762470354 -86.4967924914037 -92.21429346331034 0 -6.956179239665476 -69.27986216538886 16.07417296859521 -39.52150645360574 -84.56892340079375 -15.05100786179555 -110.2981821099824 0 -40.19757197495366 -141.5938036024814 -97.40306214675466 0 0 -92.57719560444554 -124.7061543171144 0 14.52679696617879 19.13449359452007 -99.90215106968334 -95.68873008160351 -55.27993324623201 -164.2864499384979 -97.59688082595554 0 -89.33520834365771 -1.1118432642172 0 -113.9442106712387 20.2776148432623 -75.14198592466877 144.9779665615902 0 0 -90.68631158524951 -202.3320312619938 0 -27.53132367498468 -125.3838860859591 0 0 0 111.6643025200303 -152.0008677887352 83.91233846306083 0 86.34243172726146 0 0 -24.63521035594717 -155.5991172091704 0 0 -37.82848755431377 0 110.0582355913454 0 64.27432474776175 -52.87435871869147 52.72407168691257 0 0 0 0 0 -48.47836896470945 0 0 22.37140322462157 0 95.16779879501749 0 0 0 -2.041181498114364 0 0 0 0 0 0 0 0 22.13706170805655 0 14.76648837913321 0 0 0 0 0 0 0 0 0 0 0 0 3.862662278487916 0 0 0 0 0 0 0 0 0 0 0 0 0 0 -0.4321664131852563


GFLOW: 0.6479999999999999 0.05103159600919878 0.04934826988899292 0.06666149101406182 0.06472810560737809 2.988765857587703 2.989084846167019 2.960938744707273 2.962130956785236 0.001893253204377595 -0.01311334198489991 0.01987131596959168 0.003997318933912015
q-corrs 1003.734429901364 3878.199861255239 4947.865951924143 2073.622109396231 948.3708461655365 2242.159581136896 1233.023600307187 0 117.1834967759808 -109.5827893978533 -330.9472560157306 -402.8903037801746 -124.1431945926671 -284.5500949109789 -704.3589118283675 0 -128.1808604554932 -825.1609603834106 -449.2466120998448 -152.7445466946524 -198.8450337863202 -519.4855131711915 -285.1085225059525 0 -280.9802627337676 -6.925131556962796 -320.6391842268886 -314.8872295563542 0 -467.8999952987601 -288.1230451705453 0 46.47904575550184 -160.9142011471724 -137.1064087331636 -34.36053945251744 -126.9413691949379 -129.4981934558607 -323.5213950685313 0 -67.27353430496413 -264.0560200161407 51.49742759682478 -36.03019917833888 -119.5586255992284 45.43411992896138 -37.75539617649836 0 1.211028174176869 -83.59922445412676 -71.82047389527128 -179.7057026161526 4.467312669326802 -98.78636829085499 -122.9264099214928 0 131.8870769037013 9.591690580451065 -61.67439037448876 42.45867007956027 0 219.3758866856121 31.81046668250409 0 -34.58867804695128 1.460272106556587 -56.81873700174866 84.27210403069668 31.67070314929648 -66.73914387211724 229.7848251970702 0 -46.06769096023513 -36.24279506126447 129.3070046881682 30.04132465919655 52.04264279824296 92.56480605207868 49.08269976349989 0 -23.81472299768174 48.61735099465576 41.70240536866043 69.9726621430279 24.49454654814461 112.6598272266185 93.42723714457425 0 -56.38881814796785 140.3904048989573 -36.573599984982 0 0 -3.053799803251543 -57.4585133216496 0 -0.2040236389123109 -112.1804953636788 130.1915410127448 87.57291121623905 101.2712153509219 -54.18093104111767 41.05221108313978 0 19.87820260675564 -53.12677237706127 0 -92.27053471589251 -23.09405756531095 -43.85829814094998 -208.6634511228751 0 0 172.6328326421809 68.56819273971902 0 -86.83006024389023 34.61076959831726 0 0 0 -28.9133051140042 -125.4000251407206 -94.10726897509879 0 -88.03714224693215 0 0 51.90486528408462 -64.2613559454213 0 0 3.899159765225079 0 2.589625404521698 0 -7.637660515422301 -46.11169018419133 -95.9669870160967 0 0 0 0 0 -43.01064504647313 0 0 19.96477458051556 0 -6.519120526362649 0 0 0 -29.71407509400193 0 0 0 0 0 0 0 0 27.37950897547122 0 -9.12052398465406 0 0 0 0 0 0 0 0 0 0 0 0 11.98289359874571 0 0 0 0 0 0 0 0 0 0 0 0 0 0 2.211730490422749, 646.1565253690063 2477.521808177714 3127.839469147712 1291.746514734897 561.9189154229398 1275.747984548255 649.8259765201121 0 21.89537513918993 -221.5430115159972 -390.8205888921102 -398.7923720423183 -99.37348835450797 -244.7682709146237 -568.2727238980701 0 -131.0396910129877 -708.5027634552875 -388.5228332562141 -102.2827114964699 -156.3309872268886 -394.9674868202584 -204.2204967762445 0 -200.4117711751238 -0.8516186154654442 -260.3140263902357 -270.4381472268045 0 -313.6519176422858 -200.9872438660487 0 49.50969787096248 -85.47608398819941 -49.20783992658706 18.61157039389888 -97.2845185424879 -146.4036139610504 -243.1200497959524 0 -57.38049866205259 -161.2196438537192 60.10508625411414 2.54656326249804 -93.7129129923633 62.05299635617572 -24.21322055073868 0 19.36683994251757 -69.93382327086186 -30.95684216283581 -179.1803684777294 0.1915763230914749 -115.0579937282211 -126.5763516855865 0 78.67276143879418 40.89438185447256 -42.23473056782737 34.37052675776578 0 163.3400758237568 -48.56135442101787 0 -28.33940298870748 -86.64419621256714 -37.44061226848346 73.39029056522645 39.49466030250996 -84.18167774758895 128.3888268680094 0 -59.19506762880302 -70.16248401514939 103.798784339036 -22.45164021533442 -19.127770915696 86.75805658251556 -37.60021022662254 0 -4.81387022788001 22.04237524279996 37.37194165485192 15.26282794712107 18.25273611434772 57.5586375008636 13.70869876478289 0 -49.08330732753679 31.6930134900806 -17.62381600467215 0 0 -27.28228981473576 -89.57774841162733 0 6.687694550300947 -64.81516130768901 76.32534502119042 62.45306452623743 72.22716167003557 -45.22848102629828 6.319184621011061 0 -12.63157833338714 -24.21296830278469 0 -74.56336170037204 -7.962175032801045 -40.46510546898477 -100.3469441491747 0 0 120.3836907958294 60.56408666566325 0 -45.31497388744478 11.29311072171309 0 0 0 9.102463643257 -90.19092002063704 -48.86195693583088 0 -31.44692708020449 0 0 35.95133417499165 -36.89668096412344 0 0 -0.007617986135908694 0 17.82751089914329 0 9.920575079157206 -33.12931546656475 -55.56059486460104 0 0 0 0 0 -29.26317710859427 0 0 10.86756916038335 0 -1.679055236348837 0 0 0 -21.70052823542915 0 0 0 0 0 0 0 0 2.664970718355187 0 -11.54244953689697 0 0 0 0 0 0 0 0 0 0 0 0 -7.665871223989209 0 0 0 0 0 0 0 0 0 0 0 0 0 0 -2.638406536427464, 160.9209051600641 574.9004043463344 657.934895415299 235.7184140005347 38.1049572404624 -17.33444029484245 -105.3036266717309 0 -91.63971596978416 -322.2136489698773 -459.7810193184151 -370.4999119404517 -44.71909945403918 -184.1119530014062 -338.1782686145105 0 -138.1348776218848 -527.8705601447314 -326.6517722000692 -38.0681796899587 -126.3793943324579 -255.5601703848438 -76.01661901591623 0 -94.50976308185794 -45.92692463742942 -262.4635955837203 -229.4881770153036 0 -154.3720451627188 -135.6408467938825 0 30.91066142311306 -31.31846389602649 25.03224738036742 35.63543030559264 -74.86088014252329 -181.0151473897065 -179.851526889257 0 -52.60732835582144 -69.16072709720129 42.74119944352645 30.37449859522977 -62.32362398450426 46.69048570838862 -15.26704446939284 0 36.51545444898861 -68.10348989035401 -8.40536126634845 -155.4092246237497 -3.295727186686218 -119.658613731629 -145.9892729274571 0 -12.97339454054959 53.10288067020895 -6.962197728074916 0.9522893507727588 0 57.59257936098274 -146.0310394553561 0 -14.2732487794516 -176.6318560299793 -34.09834975094915 32.45292323745464 37.44477796776854 -134.2314252748628 -25.58608047432723 0 -70.22922829010963 -76.05363211671042 12.57481014045609 -97.35127094046516 -80.05879929192986 41.03817616286109 -130.9372806062789 0 8.865305354911413 -26.11654499467211 14.84608617906648 -38.4552493723948 -12.53627662423184 -11.29039637989293 -43.79290436310601 0 -35.11873483446801 -65.27885254799941 2.458522088130479 0 0 -52.82015774429165 -68.02024038814831 0 18.65874885260462 -10.83154557762538 31.51909906381922 66.75807600153026 22.31024133051521 -12.40080007329522 14.81287678258379 0 -15.10625461845503 32.82939286208349 0 -12.30134964980334 -2.451861356024689 2.638731379980335 -1.866876678009028 0 0 58.26076102228576 83.26136929712628 0 20.78511916093508 34.79503408596825 0 0 0 -9.823679553422181 -4.226859201011528 -29.25449587655939 0 18.08341613525299 0 0 18.07360176084097 4.634561301579216 0 0 8.624624601766129 0 -60.2001267300207 0 -3.89760853874211 -6.690620524941397 -44.57102483150349 0 0 0 0 0 -13.61977434164477 0 0 -50.57419555194571 0 -96.80373835016158 0 0 0 -21.90242777006222 0 0 0 0 0 0 0 0 -110.229351672955 0 -40.46884403073559 0 0 0 0 0 0 0 0 0 0 0 0 -77.84173841982619 0 0 0 0 0 0 0 0 0 0 0 0 0 0 -17.43010202706323, -4.616813981196216 -70.99798048285305 -170.810798145973 -109.7893264667357 -125.6388459901475 -391.3765364412155 -285.6973788948701 0 -92.59456408367517 -250.2902715732273 -405.8512514329034 -284.134711209543 2.873925257807494 -107.9819895857977 -138.7072894907097 0 -128.3659537429881 -374.7389146744293 -264.2904159444734 5.432596586293659 -105.288187020408 -183.4008302833437 -13.64314597671879 0 -56.32587909431057 -80.76052000948283 -301.0082832428759 -226.7007202091723 0 -162.6325009931583 -148.6815220288864 0 10.31935740621627 -62.51640657172177 -19.19536717336506 -2.790433263817427 -107.6171838020701 -199.1560522056574 -225.7930811391074 0 -57.65463113305995 -115.0552456868208 25.8177206221045 -17.41427863854277 -54.33141578652414 -16.95590725424388 -21.70935093248048 0 10.23160448102238 -93.17911613532627 -82.6440436525729 -89.68199542542476 7.438381493349805 -85.00121898075545 -163.8584524974403 0 -52.91742242804156 -25.25240621840607 -11.47280834584321 -77.24445196011088 0 18.87766211586653 -121.3562712467269 0 -3.747259459538718 -129.4587888417491 -122.4801730816907 -16.96519880198357 19.37814272648433 -206.5920480335597 -35.1614418261919 0 -49.01819252589468 -6.268492517048522 -100.4097887989328 -112.9235075487893 -5.876896502181427 -7.299286797946468 -99.88576598039971 0 -27.4687822919042 -23.33639430861574 -16.57289856686831 20.31990027501011 -73.90594283979166 9.414544884256223 81.21521319708583 0 5.434291634307591 43.46653171378612 54.50922457710708 0 0 -53.99964282041128 102.655435347972 0 40.18441407894869 -0.8186263111470424 90.89917113113694 187.2023399308502 7.047658435221047 113.5691742687596 140.1688168199213 0 65.98004386046964 103.7160513139158 0 103.4841675969668 -21.18398674491181 95.54412887624474 -20.96728343904049 0 0 75.17355151614235 231.390540275653 0 79.88053231879009 168.3396587670752 0 0 0 -111.5065413625609 120.2802501055246 -72.03519602076122 0 2.678113752655401 0 0 24.57343641627674 74.45213852195933 0 0 45.97659164093781 0 -207.5121995541143 0 -60.07942616769009 27.02897930407875 -90.69130819912699 0 0 0 0 0 -2.092599839747098 0 0 -119.6949302392531 0 -246.1898910770427 0 0 0 -32.7880414490257 0 0 0 0 0 0 0 0 -217.2131024806915 0 -76.06379664521612 0 0 0 0 0 0 0 0 0 0 0 0 -133.3581988762423 0 0 0 0 0 0 0 0 0 0 0 0 0 0 -27.43965404645437, -23.10836561246546 -130.9898159070888 -225.4965149023481 -119.2437756279294 -107.5313571930477 -295.5680884931014 -181.6683163747497 0 -25.44881044590515 -82.17360541448467 -228.4221583721313 -122.9137428431554 35.22312201905159 37.61558894999435 112.6593964237753 0 -92.32401559636725 -156.3140347751636 -85.09571470596443 93.43912981674703 6.641293158250747 8.03983260415697 30.1747181287409 0 -1.319983543748151 5.772125035092539 -125.1272754789436 -160.9117348374489 0 -69.36931996432671 -37.95074568037191 0 26.95741068783454 -11.12672140193527 -7.149060396082959 71.79421598908235 -105.0762772400255 -154.8045852410124 -171.5534754257158 0 -8.42359676711323 -56.59635182951554 89.27729988612487 -60.53930506129286 -21.15210358481959 35.40237329639096 51.15230297182539 0 -34.42545086527722 -56.09508049542679 -119.1981445325371 26.65118731409088 50.63206434995627 52.44415871681178 -40.74530352885168 0 -1.564620216106761 -94.30199831981751 -3.32120187311606 -72.3065593819242 0 53.32667049892102 49.2279368977318 0 2.443171188895763 27.01035675033235 -171.2028987837953 -18.44541599586742 4.907669081672456 -152.259227950934 20.16302490881709 0 4.728910572466678 64.7227641532144 -93.90349628186503 -73.56274908175234 83.27278411827214 -34.08063681168606 -23.76037513345983 0 -56.58874146225423 7.671559155007628 -15.8371255761899 68.55960866257465 -93.36199893435693 42.89358463102276 153.636791883962 0 30.18183326369573 154.2565956917564 79.00207600240046 0 0 -46.26816164268318 207.8515282781749 0 49.28018126152917 -5.608881272123661 107.4529862247133 231.8509116800848 8.488895738591301 201.1790058165134 201.885017445386 0 106.312405809871 121.4328599576945 0 167.0245590678137 -22.29617524076686 127.5158095332035 -2.987331350326514 0 0 80.0170225980188 317.0207380509161 0 102.8008102526574 227.1191034444749 0 0 0 -108.7145601878879 182.8743047835608 -51.6777060982435 0 9.150286713521748 0 0 26.32743600313589 134.165405149408 0 0 63.13039146191488 0 -194.2451773842232 0 -60.40376447758991 45.98778141052493 -67.99011498972203 0 0 0 0 0 13.85128452293332 0 0 -106.8914673773638 0 -227.6162042804035 0 0 0 -24.64116521551747 0 0 0 0 0 0 0 0 -189.0620544369569 0 -67.78704295531786 0 0 0 0 0 0 0 0 0 0 0 0 -112.6102633895973 0 0 0 0 0 0 0 0 0 0 0 0 0 0 -22.61334811097119, -19.66155223585359 -105.8929679870603 -176.1735353152882 -91.43220906852498 -73.49043000403144 -187.799423117602 -105.7131719955949 0 11.90814222824975 5.83073580370835 -79.13266282773438 -4.110683840409926 39.31633442276392 136.9250789873977 262.1724613702524 0 -45.4798338574012 56.85135415386048 107.8610287501532 166.6223077460586 133.9419525956989 228.5181945627538 83.83550081972629 0 77.91875183728796 139.4072056815826 196.6355228693428 -5.847988100329104 0 180.0303786915633 171.3144024703384 0 58.99973887130319 134.5484836046323 113.6910138579703 224.8452086842465 -3.193719745007286 -38.29886138949909 39.47925161435472 0 77.81374929345428 167.2986763209519 214.3785641000441 -43.19071231231425 30.84505737344837 223.3439809215975 175.4521484551211 0 -44.47389946682485 36.16455429916739 -11.83790970400142 154.205185007224 105.2818173460828 232.8036764904268 148.7818849355889 0 86.17590580110901 -79.7174751354696 38.88754876432431 38.76024747652677 0 74.55015671658845 206.4073610527441 0 8.204421230903817 188.8060938863185 -84.36957130098699 -18.79624634113956 -5.014195231884862 -38.48712542135512 43.26460089841284 0 39.09739872942228 85.11401754131269 -85.20441227965988 -32.78624429627946 101.0591471539934 -40.34351895401974 -4.397208704405742 0 -47.84239902190807 -21.95445316424416 -12.18008557295567 0.5499359499480239 -77.90123537013247 10.77291725965286 70.98840611217359 0 22.02287267461909 55.78401129825436 -20.08522007798665 0 0 -57.32560485475263 124.3964835517327 0 9.444142205859045 4.422611706743496 -1.130096946210287 112.763154227032 -14.22276226771168 101.7926387285581 121.0320171474254 0 48.7472666051727 40.4802710196967 0 108.5876625001738 -2.520480610939898 53.38795774090025 42.71140250879012 0 0 28.61281903068418 181.9430251548337 0 52.89314469644573 130.2205601015009 0 0 0 -21.71351935804608 113.1119441181964 4.127540169197466 0 25.04955864962514 0 0 12.24948275319734 92.05014795474193 0 0 36.9554539291139 0 -75.74492040078522 0 -17.30111510410699 29.51424726907307 -11.88941349707038 0 0 0 0 0 12.69847405482336 0 0 -55.73526437315553 0 -107.5692854739316 0 0 0 -9.442647556282758 0 0 0 0 0 0 0 0 -106.9939422228662 0 -36.84184347455776 0 0 0 0 0 0 0 0 0 0 0 0 -66.84269942654454 0 0 0 0 0 0 0 0 0 0 0 0 0 0 -13.6660133107378, -14.09025329219176 -73.29802610812546 -122.2503479949172 -65.30909443488004 -42.11215755176411 -114.1347440677581 -71.92205535578699 0 8.623352709106133 20.89779177047731 21.57212090246578 49.84378215579471 21.4715803000537 131.1813255731353 223.4420833581742 0 4.284925519865272 160.2693262431875 190.9660359526014 139.534564090606 170.3519521063958 279.2695707957706 62.38214339874697 0 86.44746634980841 184.4815583051227 334.1220784611745 87.16120770776439 0 244.9569852850709 252.3185073541633 0 61.81440583300898 179.6553944320893 141.3546671252249 266.4069387859046 43.25891796973762 23.6867009255506 126.7187095165435 0 84.64006213993378 206.3237792096564 236.5221092693795 -23.50969049493836 41.33894767939722 265.9290960474103 204.5736269857185 0 -31.91180601544716 72.48435690192548 -7.339961781646423 110.6662494528358 124.6568229018647 225.4601310796608 98.16672904419396 0 106.1031135225049 -55.52356004618849 35.31789426208143 48.63080899588094 0 82.15967945156487 181.1822719807796 0 0.6418861504986211 149.8027258632946 -21.94707599926728 -12.86455862966091 -17.29736201374894 -56.74575507951586 34.40507882900744 0 17.59957143335548 33.54751001974614 -92.91270670827278 -24.70382305123721 48.24271430044273 -1.166342563000043 -40.68223283519038 0 -33.36339406975123 -51.56210488034825 -12.53059996068206 -46.64139614639264 -68.10937351922854 -37.18568556132931 -17.2278776284742 0 22.81084767644098 -104.7041309383656 -70.13746162519038 0 0 -72.6343612967818 -8.180358065535998 0 -10.52914695824729 38.74886994091005 -87.74829131771288 -7.506807028895714 -45.31492519081433 -36.02046807465896 -6.173803742235066 0 -33.27909911306249 -5.801305509924433 0 -3.325607202582439 12.7918257015854 -26.3245304800884 78.73563584318214 0 0 -37.03150387771005 -24.57344079095962 0 2.097910625730059 -14.04630912437944 0 0 0 26.47421381324125 -16.11088504360836 26.59474702793116 0 33.68252197882182 0 0 -7.162886930983127 -19.90415712467927 0 0 -3.926456348084837 0 -11.91541664541762 0 7.382809075718665 -7.31530051497379 7.399383254733824 0 0 0 0 0 -8.906794896599651 0 0 -25.90816471482282 0 -36.0820665193602 0 0 0 -5.029947995093329 0 0 0 0 0 0 0 0 -52.88654416909468 0 -16.27277461329901 0 0 0 0 0 0 0 0 0 0 0 0 -33.04298759970281 0 0 0 0 0 0 0 0 0 0 0 0 0 0 -6.395783885515881, -12.89872539075452 -61.24172273826352 -98.67404018219273 -52.68799446551655 -21.78463878371407 -73.86261913990344 -61.25648563010461 0 -10.45132650905539 -5.113005028568736 75.59178803497001 56.00720306806804 -15.8864875378082 68.48104499572227 53.33298617949639 0 37.66324766213137 86.83068876111852 166.7794515154822 22.81688959937916 134.8248696199268 167.8084276485563 -108.7641974911602 0 -15.03355342311569 142.6611143155837 212.407776182878 38.74116340183551 0 -34.9440665378681 188.5813316394884 0 32.38694642252489 47.71179992298749 -45.54767074971163 156.9379172970945 -76.73793158147656 -1.202512647818146 -46.52637874922514 0 30.07555453400904 -59.59150956485462 72.38970521745595 -84.96184552729642 7.467740745001558 38.71920651337041 120.5573595359461 0 -46.05117744871875 -9.586340498490895 -277.9015928596615 -99.27379527375109 92.21019981219402 30.70451422013947 -149.6939307538407 0 15.44613168580926 -100.8054293850893 3.484465527720472 -74.58236683971541 0 40.48170612027101 41.93844774827718 0 -23.46594289717252 -60.20027474742999 -122.2407902215986 19.75948949695431 -69.72596627955662 -137.3117270534469 -53.57007997616916 0 -0.6650643661748603 -21.1569227893261 -27.42361264903643 -48.3996312948065 -23.62919869292065 -78.57392206548673 -72.87419807904929 0 -11.59151620503584 -77.65994222159843 3.881041460802852 -44.85278690366327 -54.91189466409455 -35.12796328199741 -108.2302301586475 0 -30.06335269966281 -139.8288814958665 -81.75736944674628 0 0 -63.48564315237174 -101.9403902681925 0 3.5457942808602 20.05204198400398 -87.03080527636514 -83.65437170657026 -49.30896210174828 -129.9736302309029 -83.39040508199385 0 -71.92203690410861 -3.867606836958061 0 -84.64279766673612 19.91816737334779 -55.951387291209 113.1599769852358 0 0 -77.72193593876634 -158.0568081747191 0 -15.60471366863069 -100.812461588544 0 0 0 95.45706251257904 -106.4923240600912 62.29378647587063 0 68.46806918493598 0 0 -21.72611124760429 -105.3407479265683 0 0 -29.1769464659658 0 95.18996501880454 0 53.61170968984629 -35.41332407384624 44.18005819053766 0 0 0 0 0 -29.39363929003108 0 0 23.65469941352354 0 83.85292320534678 0 0 0 1.206842440574809 0 0 0 0 0 0 0 0 26.92846258012091 0 14.32487760663293 0 0 0 0 0 0 0 0 0 0 0 0 8.353577159934032 0 0 0 0 0 0 0 0 0 0 0 0 0 0 0.6940201853692514


GFLOW: 0.72 0.04323124819448207 0.04159869101582708 0.05526891693289607 0.0534179373386439 2.990785771244182 2.991090642129199 2.967434906704638 2.968583390344774 0.0003971939592227341 -0.009742249378420161 0.01408287435140547 0.003437722861296661
q-corrs 707.1611098327576 2856.581630387837 3820.497690394025 1685.864798714276 816.5901140915022 2079.544847250949 1270.35502703879 0 197.7858894212075 129.3447181166129 -128.644837853834 -212.1337837751943 -69.63575097906764 -181.848693325605 -480.2353928460668 0 -102.4479328347182 -636.9406932489564 -367.1157590926391 -131.4387551151818 -175.9586067716579 -424.9300888983581 -221.6289538381919 0 -218.3256690730868 -43.71819795247003 -317.5349809073951 -275.208929090451 0 -387.7326891171289 -258.647754097185 0 31.37286174158135 -127.5670157284949 -118.2000138520163 -41.15085568393611 -101.7026238226861 -138.2335764374817 -269.6942872307201 0 -78.74212753638 -229.1885816926741 46.36351657963296 -23.70370274182906 -91.13309087381143 28.03697900623577 -41.3114629452976 0 -0.4131732991899195 -64.58926369709893 -83.73786095707405 -152.8623923214258 6.474791928677284 -90.97408926818056 -120.058742242192 0 98.08010839899907 -2.078038914254475 -54.16161315827117 9.218144605087607 0 166.4934028109217 35.39032503750116 0 -29.53485553803569 -28.08424155786395 -55.83438482700604 71.77595460111758 7.119584523673481 -57.00207734531833 140.0464648526412 0 -30.01378626116912 -29.19626614840231 103.824496694003 23.76100786316105 22.72908841719875 54.33131792886283 27.54749710747946 0 -14.96937583271331 27.55318369902869 36.54354061619688 33.76681407817181 24.31061644652913 88.0428770443593 64.53104442784925 0 -48.25703645818375 88.45830449936041 -29.79737828676383 0 0 -1.78469916043991 -70.46910688499231 0 5.080336555313092 -84.85272469056396 93.20314807954915 64.35373923629484 74.58093796107755 -51.80407095366633 18.93717099358366 0 6.732181008497168 -39.64295865695947 0 -74.42953233986464 -19.53795606063732 -45.05063239658088 -158.2359824420731 0 0 129.1457900536758 48.16830962455403 0 -71.46337781675822 20.309261428993 0 0 0 -29.8671836663217 -91.67542362102479 -72.81051022922163 0 -68.60609443710948 0 0 38.92049914472708 -47.576757353075 0 0 3.713657959372801 0 -5.881730901478826 0 -10.26849327538506 -30.55116776626812 -73.74966766820101 0 0 0 0 0 -30.17464745136363 0 0 12.39676594823762 0 -10.13172793444404 0 0 0 -21.89068049768763 0 0 0 0 0 0 0 0 18.94594045688511 0 -6.614239400149753 0 0 0 0 0 0 0 0 0 0 0 0 10.02259075942592 0 0 0 0 0 0 0 0 0 0 0 0 0 0 2.225102637649124, 475.429666080882 1909.364194768944 2534.392297370474 1107.284065688483 517.7624303689278 1288.949204117492 759.6811410050941 0 95.64776742131762 -17.35016524516513 -212.0085242429067 -241.5254578160188 -60.18466561325513 -170.5033859095919 -408.4614482938454 0 -104.3193223070193 -559.4394252648869 -324.8109153133302 -93.85614111533826 -145.6116376181329 -338.0480764263106 -164.0824097826952 0 -163.1639302211726 -33.55800810408552 -266.2477666139363 -241.3583275834877 0 -282.094935686307 -198.0144276246988 0 34.44083541794656 -77.11409855465845 -59.11939137567608 -4.716223905647624 -82.8285955284031 -146.2837833576901 -217.4471783999922 0 -70.45557227636553 -160.8495201426259 50.38135007003736 -1.600617938083424 -74.24465025068932 36.16732523055492 -29.80056757592624 0 10.87592305922426 -57.39227205096714 -61.04650267439889 -152.8197456791918 4.487631345314382 -98.94364579671571 -127.089401112456 0 61.62929975761628 14.59483750837175 -41.3349160245651 3.012800333313805 0 123.0791379789312 -21.51056783360851 0 -25.30978719357352 -83.47458858523567 -45.59714632291855 60.5664716064754 9.694413813455526 -71.88584229078472 75.82897365148536 0 -41.90074851553113 -53.41158695581908 78.02791491821088 -11.91371150170781 -21.18228362400416 45.08418473821376 -26.58211566595155 0 -4.358469730507451 8.08366956167497 31.69221104108516 0.3764968044189114 18.18858873593351 47.2180176201246 5.596669856063869 0 -43.63092022383596 16.73516671875531 -19.7481097714961 0 0 -17.21236244529856 -86.76117417351679 0 8.961256580085335 -55.77554073437756 56.06383459881875 42.81204031189743 52.67980267511597 -47.66631566680604 -4.140023352594969 0 -13.93531599461923 -19.69905024356352 0 -62.67894067850825 -10.08427253960187 -40.42837798333193 -88.32759110617596 0 0 91.34920294515086 38.93571118624548 0 -42.35746280800469 3.021433100923861 0 0 0 -6.562626252907661 -69.90501617990854 -43.34248430067564 0 -30.99742059812287 0 0 27.62244027673833 -30.40414229224256 0 0 0.1572138508978513 0 -0.2613685263601102 0 0.4347293612083956 -23.01559876888874 -47.38253904252575 0 0 0 0 0 -21.32241022858681 0 0 3.122224652001346 0 -12.54686088682188 0 0 0 -16.81878028742774 0 0 0 0 0 0 0 0 -3.273186559715652 0 -10.03371017224003 0 0 0 0 0 0 0 0 0 0 0 0 -6.460456342040962 0 0 0 0 0 0 0 0 0 0 0 0 0 0 -1.663434292409814, 136.7694669223939 522.0777289058415 648.5179537253207 259.4321873915225 78.60124767329584 131.5213406932862 20.81035112207506 0 -49.63739340503874 -213.5519430942026 -330.704481736949 -276.3547369688831 -37.20420493074005 -154.0377992483285 -286.9977737633139 0 -108.4461671945736 -438.4695852935558 -277.6650731451928 -44.60302512696495 -119.2278429724666 -234.7734578285637 -73.66792352972659 0 -89.31601343618979 -51.41196668372569 -247.4483825162432 -206.5432258244069 0 -169.6601544034104 -147.8226962062553 0 24.98141464830302 -39.98640782097125 -7.623258116857826 8.200495438874025 -70.36615715177082 -164.6712309014426 -179.9042525070009 0 -65.55903719479176 -101.3302085315342 35.48973474556684 10.59025170204981 -56.16957847753721 15.44083126717814 -26.41123907949548 0 20.78705853097594 -64.99126183226089 -51.81402785715015 -135.2393729451608 1.290545824974533 -103.277686540418 -148.8637774078022 0 -5.822636015939722 15.51495733589343 -21.3051572592895 -25.5660876643599 0 42.90157232493102 -97.88016003164522 0 -15.32725707279395 -140.8301022056893 -48.4197723729075 26.62182417456608 8.065280413673936 -108.1797979188819 -17.93813932209513 0 -53.19025711482511 -61.66655366695741 7.008431463567923 -62.95137348126226 -55.95309919381715 15.52890534537045 -82.34255897895812 0 1.192855656551934 -18.36205486674025 14.19124501231508 -23.3890895669148 -4.591447223955964 -5.587045077822431 -36.14118206858777 0 -28.14269609846799 -37.2104240444976 4.215772905307361 0 0 -31.38526893739749 -50.75643737066872 0 18.06960967208132 -17.45484394637337 27.52476485162621 46.81063387462285 16.35251489412974 -10.15201524103177 9.351482770583926 0 -9.437110397584132 25.77701158658953 0 -9.772796464938814 -5.707521173008624 -0.4172013917828012 -14.6954689861637 0 0 44.88215381746362 64.00955487662586 0 12.03932237193669 26.42894975161704 0 0 0 -19.37774166080409 -1.756832163707646 -28.67011510664502 0 6.820788958905282 0 0 14.4882226833701 6.312388240052666 0 0 7.882322556732372 0 -59.72393792662599 0 -9.616579045359323 -3.075572279255377 -40.17311740376572 0 0 0 0 0 -8.85939535865743 0 0 -43.25968827880567 0 -87.50605140841131 0 0 0 -17.78878868851649 0 0 0 0 0 0 0 0 -89.05564938715558 0 -33.56188587578651 0 0 0 0 0 0 0 0 0 0 0 0 -59.80922715790462 0 0 0 0 0 0 0 0 0 0 0 0 0 0 -12.84367378531101, 1.341412127267752 -32.14483501714975 -101.3008371309585 -73.76027015225947 -88.84771439756386 -294.2636638802702 -231.5816574217242 0 -84.6951123737833 -225.914533525465 -324.0700549051596 -237.6354965157843 -10.21474245425514 -107.8359193518167 -155.3094651745892 0 -100.1414462741275 -322.6322803241769 -223.7902760409514 -7.503326853232732 -96.22699166660142 -169.6526817670001 -24.53153275451396 0 -56.74930781763643 -65.09280247541724 -251.7060122935822 -194.7788323208896 0 -160.1307300006759 -144.6799850442694 0 13.79824650815056 -54.34677678727252 -32.53624649898905 -13.44799447180074 -89.38358954256243 -167.62099576711 -203.7546156291323 0 -62.79159064531444 -123.5763553394314 24.37555140764584 -23.45639861464428 -51.37066699543189 -30.26514625195608 -31.56235257797812 0 2.370085346108416 -84.23614784795291 -92.41145533663911 -80.2790901506756 7.270326798007797 -76.74099100402434 -153.1530855193697 0 -38.10061588746646 -36.67497218875307 -23.34845934287103 -77.76624301990515 0 13.35011025130191 -89.16551118693924 0 -5.936110866982234 -104.5046204370482 -101.7082974946538 -8.629790333001576 3.201046787124783 -146.5996993366226 -19.10222166407449 0 -38.02188327537515 -15.8920448399009 -65.28131703126229 -74.1370098612143 -3.513087797796565 -6.047946706313812 -55.84565428022787 0 -23.62574984904415 -5.909090795689828 -7.163976235225426 29.3813437893614 -43.76633275257033 4.784746632658962 53.05157096855901 0 7.208621066475983 53.19240298061766 55.69980559556437 0 0 -26.93678575587787 88.43656589854251 0 33.83758800667621 -4.206623444921203 73.55304448131298 137.423075669759 5.786383558769075 99.00507116853848 107.3329663282212 0 55.03269485754647 81.10366433054412 0 85.62097924162762 -16.69636035502362 76.21314177295056 -14.7925957014096 0 0 55.25169691493955 184.2934598998542 0 63.36766963176216 132.8601214832495 0 0 0 -86.12517686658487 101.184091673417 -55.63407292347935 0 2.306203537657709 0 0 18.78523583520587 66.52700549263866 0 0 37.99461927053868 0 -164.6054173371634 0 -47.41234314827024 24.80858787353252 -72.56260074216638 0 0 0 0 0 1.395563765215861 0 0 -94.45525195565875 0 -198.3102368475725 0 0 0 -26.67997628204166 0 0 0 0 0 0 0 0 -170.9511662753109 0 -61.77546580644214 0 0 0 0 0 0 0 0 0 0 0 0 -103.8821489494837 0 0 0 0 0 0 0 0 0 0 0 0 0 0 -21.01124765659664, -19.07060327673335 -107.4694701698424 -187.8527631659327 -102.8467169271447 -88.12663795168378 -257.7974890503077 -175.8396809651253 0 -39.16439370020312 -103.4479405032675 -192.5496143329726 -114.9154471295858 16.78646896939807 4.006402430480327 44.68420040559327 0 -70.24485006090703 -137.7451527599675 -77.17032405697805 65.43247880486234 -5.530236101057298 -9.740808467451828 19.55181592816595 0 -5.224177277804124 9.072532665227959 -90.13457906449025 -128.5452351124859 0 -60.84398156757841 -42.02775006858577 0 30.15930942394755 3.04359284112244 -9.072804036953741 55.70562751897305 -75.04662523784502 -118.4993724553128 -134.2352322562082 0 -15.02421546111504 -48.54710959547248 82.24215526960171 -48.85047484970293 -20.64904370687726 21.7299477166557 32.30948857320719 0 -27.255480306947 -44.92188466106897 -91.6581686529646 21.08963364717648 40.59456539201155 36.29866830377146 -44.2354169617524 0 -2.051205074922205 -76.0745741449486 -8.442581085187205 -60.83287363885825 0 37.5980983839242 27.91812237384803 0 1.58859504608423 15.60632117884883 -115.7973822897544 -14.01769129428373 2.080066965621626 -101.1164686726979 19.60572808738896 0 0.9817090261455217 39.03893890056079 -62.69016860744945 -46.49275220845394 58.42628661612177 -15.44270832846979 -5.337645630428293 0 -40.2019119138183 17.5757186047987 -10.91296149327841 63.41746440705882 -58.87356146260176 29.26511964770427 117.2592770706031 0 29.40697126707751 130.0718106992821 75.02119916735428 0 0 -21.79152563796266 169.2878296133267 0 36.07583948717655 0.6933373705455566 87.9610851366501 179.1503426004701 7.770095308048447 167.0995356862441 158.7366783163872 0 87.76203900807738 91.9233757381773 0 135.460420633864 -15.97626269321515 103.9185717811238 1.40089145372383 0 0 61.94261608907805 251.0327347293853 0 80.98224823901256 183.7672359814788 0 0 0 -85.08781385833225 150.9085452604421 -44.51338528107786 0 6.376374137385177 0 0 21.00213710914987 108.0216293660144 0 0 52.80153864225731 0 -159.1022853273975 0 -48.60959066956156 39.44702760082068 -61.23770315865353 0 0 0 0 0 11.24856791260106 0 0 -87.64864466143798 0 -189.5240927950542 0 0 0 -22.52230978394345 0 0 0 0 0 0 0 0 -155.2695825699868 0 -57.2794797487364 0 0 0 0 0 0 0 0 0 0 0 0 -92.08164775687533 0 0 0 0 0 0 0 0 0 0 0 0 0 0 -18.25533783226316, -16.29447453936559 -86.79628720573251 -145.2089066860693 -76.80327153411055 -58.70098057041558 -158.5901673541734 -97.93317686292662 0 -1.21360644236908 -11.70209579394108 -62.5911656820219 -8.402414725862386 25.92093404600181 91.84665957108913 183.2166096892758 0 -30.66003127147824 46.78334235446916 84.01502524747133 126.9589096159757 98.76405302912859 173.0495566517717 63.57330128835314 0 61.10291018655217 117.2227049531495 170.9439166856778 -3.626129949919729 0 139.7762951624518 130.0740233282355 0 57.85529299391705 124.9262621994781 89.43162663580284 183.5548133102607 2.47215376615803 -26.12836488238582 40.178604355353 0 55.40247006439539 141.0492550918689 187.6619350408067 -31.59586127485059 24.92263531095866 169.5010363228927 135.3466946223637 0 -33.268615439889 33.8213474658539 0.9155746898470056 125.6689352564519 86.60235679970333 181.1180339666711 106.0025841356752 0 64.174230679476 -58.33707198978558 28.92988044251591 28.99066376887271 0 61.52615811011699 150.5764195821802 0 6.882950040074602 141.9733617191447 -39.90984097753217 -17.58619201942105 -0.4573786605315444 -20.97319179871113 36.48787442115984 0 27.73301612667345 63.09982427162753 -55.12359830247847 -10.61455547594242 72.09976782823234 -14.75632043116711 7.050054756397834 0 -29.91906905244523 -0.9014739343025653 -12.51652819848637 14.89276288049367 -51.37853650650547 9.653600933331264 74.09468334773922 0 27.27492975414741 56.44076628884424 10.1868903366549 0 0 -31.35776919412936 108.752338753774 0 6.488381334332932 17.41826331075748 10.26958695421423 99.52680052255172 -8.25389914828129 96.88738215314842 100.2423240100613 0 46.14037577004383 35.83153059570972 0 89.66946123113996 0.6501219409885248 51.46065205948867 39.93287766277393 0 0 22.13265285833378 146.3907132042937 0 45.65211251173466 112.1516452772767 0 0 0 -20.35270884069775 95.78585493481918 -5.69575410486091 0 18.48656217411495 0 0 9.247820684320379 69.13183406841607 0 0 32.87585376397315 0 -70.56682277375685 0 -17.05427081645185 25.61795267444664 -22.14718328593091 0 0 0 0 0 8.263098598995477 0 0 -47.77930659121376 0 -97.82480949633565 0 0 0 -11.63295382857855 0 0 0 0 0 0 0 0 -90.26406052680332 0 -32.7981717824395 0 0 0 0 0 0 0 0 0 0 0 0 -55.58715715419419 0 0 0 0 0 0 0 0 0 0 0 0 0 0 -11.19898510327309, -11.43605421842922 -58.89650242066291 -97.58277482453266 -52.21418923700259 -32.00120050520208 -87.24958266403463 -56.68587384769629 0 5.890120278009719 14.78739189503605 22.89968352517125 42.32813105413031 13.69822998762456 100.3998409407622 169.8544117060483 0 6.851587707825137 126.186120133481 154.5837193252083 108.2591110313724 133.7916015181232 221.3503382895197 40.17820225289481 0 67.00692315301315 153.3929192637068 276.0973717544531 65.710734629623 0 186.6570946576608 199.3100043311926 0 59.75828820843557 157.9399658173207 110.172889649534 218.3857305105147 32.38960773908811 17.23261969083281 104.8438245612561 0 63.78030427493585 176.8583531917544 204.9213400060472 -16.54392941159122 34.93510415664799 202.8930661550704 158.0860436010511 0 -24.64960271155897 57.25203064968711 -0.3180444320537674 92.47441329438823 99.48254302912113 174.1000677142274 71.33605116160982 0 78.50440963765854 -41.68817678655376 25.76891062408567 36.11144869020248 0 63.88823607475227 138.3932193557701 0 -0.3398952691197987 108.1869282477603 -9.071480856571078 -15.91024481951234 -16.68984956880084 -39.27450471380237 22.82143524034468 0 12.38581686948999 27.17246007453959 -70.53169577727223 -9.595111045475043 33.89372291588504 -1.431179000617526 -22.40481677402333 0 -20.5122540318497 -34.16707899969641 -13.67202835803878 -28.15002106538703 -45.87729845822683 -29.92101631375002 -4.971658452261536 0 20.79416005805612 -71.66791660992506 -38.8456316697031 0 0 -45.30243264693996 3.034995093245652 0 -9.455055130840471 38.66967477323541 -61.2922536875625 -0.9273623737883732 -34.0314898953488 -16.36294313279393 0.1349963649821362 0 -19.20272475630679 -0.4484486341047216 0 3.43536762477116 13.31428967339636 -10.85364787107983 69.00688352216807 0 0 -32.47212291780443 -17.07326276863311 0 7.649760673992191 -2.718639038140552 0 0 0 26.1824396008283 -2.99717673833994 17.61243254234207 0 28.73923814343807 0 0 -7.269603518072215 -13.84193430808648 0 0 0.02403424022837441 0 -5.400983906053384 0 7.841794965966939 -2.367874530374683 1.525634007648776 0 0 0 0 0 -6.057203132985824 0 0 -17.40300128779978 0 -25.24221431330484 0 0 0 -5.37822981403359 0 0 0 0 0 0 0 0 -37.65286822536624 0 -12.39767340504123 0 0 0 0 0 0 0 0 0 0 0 0 -24.59220787490351 0 0 0 0 0 0 0 0 0 0 0 0 0 0 -4.955721166538298, -10.04227113372826 -47.61219213068685 -76.04976877039044 -40.75634789362618 -15.57592387600432 -50.29118328708267 -43.44340642542491 0 -3.050556290561855 -0.4639006643286248 64.743554334783 49.08667512190382 -14.12099131067804 61.580260783421 50.49725659403673 0 29.51763021831187 68.94914620237952 136.8612775334572 22.47514910333692 110.8069410709371 140.3395182817724 -84.72740180718561 0 -8.545759364063029 118.6765854018996 178.9133236136789 30.84586072086186 0 -13.38122651760412 153.0193431197294 0 34.72423088089098 55.65841539510561 -21.10958603895462 135.8681264687161 -54.68181105532308 -5.861608224325249 -23.12407446916021 0 25.27871455104368 -17.16537252533097 80.35674377179024 -59.00048755380134 8.739712519442676 39.26566425080357 94.21937420515744 0 -35.52688122053372 -8.449716935163158 -210.1841323938894 -72.33638892385238 67.67151791752286 18.7967326916116 -122.6203095184549 0 7.62060254872997 -84.30168025882824 -3.954754375694886 -63.83538592058925 0 8.959864195414291 19.26636097700865 0 -19.77237933358661 -75.83793622137576 -112.4242175563156 3.71087214328977 -68.02586207112321 -113.7157477848234 -54.83906818499661 0 -11.12273191525367 -29.5500412297984 -58.56841083257916 -51.69447954216963 -27.06700562169548 -71.49139966260768 -62.86848463629606 0 -12.85730592996584 -77.5294975867573 -2.384026567761062 -46.14742856815198 -39.05633723353105 -43.42015701729778 -104.5604917397738 0 -22.7952292819536 -133.3949117524879 -71.22264844679374 0 0 -47.65922391431462 -82.37558061983891 0 -2.236564228147856 18.59769191345708 -75.94756720429405 -72.52232302716308 -43.01087256266545 -103.303500929129 -69.84734311343982 0 -59.10830594796881 -4.568963670667827 0 -62.4699215828069 17.81077939824828 -42.23130834529812 89.8116419901901 0 0 -65.02455541282578 -123.0824518836293 0 -8.256089820084373 -80.59744054172168 0 0 0 79.29150025665255 -75.04302965041258 47.93010605598491 0 54.41437116508152 0 0 -18.27944296166349 -72.70599808432772 0 0 -22.61809468451467 0 80.23863228794296 0 43.77905532142481 -24.0927852860022 36.73712832700106 0 0 0 0 0 -18.1984597802139 0 0 22.49935748907877 0 71.96561925091309 0 0 0 2.638628929547759 0 0 0 0 0 0 0 0 27.67432619329027 0 13.21397214132003 0 0 0 0 0 0 0 0 0 0 0 0 10.30999678084693 0 0 0 0 0 0 0 0 0 0 0 0 0 0 1.270642536337395

Number of steps = 10
Time to complete flow = 1.415760e+01 seconds


ask_starting_lattice(0): EOF on input.
RUNNING COMPLETED
Time = 1.428476e+01 seconds
exit: Thu Oct  2 13:13:22 2025

