hwloc/linux: Ignoring PCI device with non-16bit domain.
Pass --enable-32bits-pci-domain to configure to support such devices
(warning: it would break the library ABI, don't enable unless really needed).
com_qmp: set thread-safety level to 0
Wilson/Symanzik/Zeuthen Flow application
MIMD version 7
Machine = QMP (portable), with 8 nodes
Host(0) = Precision-5820-Tower
Username = luisneubauer
start: Thu Oct  2 13:25:24 2025

Options selected...
Generic double precision
C_GLOBAL_INLINE
type 0 for no prompts, 1 for prompts, or 2 for proofreading
nx 16
ny 16
nz 16
nt 16
LAYOUT = Hypercubes, options = hyper_prime,
QMP with automatic hyper_prime layout
ON EACH NODE (RANK) 8 x 8 x 8 x 16
Mallocing 10.5 MBytes per node for lattice
Made lattice
Made nn gathers
Integrator = INTEGRATOR_RKMK3
Finished setup


reload_serial gauge_configs/pg_00087.lat
zeuthen
set staple to zeuthen
exp_order 8
stepsize 0.072
stoptime 0.72
forget 
Restored binary gauge configuration serially from file gauge_configs/pg_00087.lat
Time stamp Thu Oct  2 11:24:46 2025
Checksums cf575c69 ae880110 OK
Time to reload gauge configuration = 5.640101e-02
CHECK PLAQ: 1.9693074210703980e+00 1.9686001396547841e+00
CHECK NERSC LINKTR: 2.3558484642288865e-04 CKSUM: be504dee
Reunitarized for double precision. Max deviation 7.67e-08 changed to 5.55e-16
Time to check unitarity = 5.012989e-03
#LABEL time Clover_t Clover_s iClover_t iClover_s Plaq_t Plaq_s Rect_t Rect_s charge icharge

GFLOW: 0 0.8790265516281582 0.8754654638416298 1.967918941819256 1.961670730549939 1.968600139725504 1.96930742112362 1.402379107283674 1.405589335983594 0.4399221945381875 0.970334358103404 0.4664839423323817 1.173582574631327
q-corrs 447856.1497489576 72118.72319596651 -64992.52013918682 -14459.53073683966 -10240.35811980884 -10720.04118936864 6843.240069252239 0 987.2334695639449 -2636.542249639042 -10627.10525125935 17301.5011051385 1733.661193681833 -23301.86503636565 -6165.241946086135 0 4916.304218724707 -23948.96278780667 12734.25833313922 6252.574518996819 -7376.293933744411 2874.428603595839 8499.586618100675 0 22577.59272096654 -13594.76417016567 -34537.18331518945 -108.7178815538091 0 34734.45265021553 -23752.62238827957 0 -7991.890665509417 -19035.10363866619 5331.470685422344 -7639.157485265712 24848.10846543759 13420.88770428133 33499.06344148018 0 -18084.75439386372 20427.68337649827 3303.376947672519 -3593.521942199634 680.0284697051188 8030.307575055568 16185.88650356991 0 17378.24487106841 16022.74008500324 -8371.751866970291 -26491.32111382992 -2255.795490034203 -19909.50337607802 19479.91420074636 0 16374.8844461973 -20884.24125159738 24596.29100365978 -52494.97109727116 0 -11633.00966158899 -35.27079086991216 0 -256.709988990885 53067.07213281038 33274.91497734109 -7083.902416408531 -13435.62448118235 27346.47764250373 -21511.0136746535 0 4509.631412532571 22873.25600567602 -1707.311437987551 -10002.22372048359 1079.831349787295 2230.804319775045 21182.43806362319 0 -2244.257271125688 11684.97647363564 1443.546466295964 -9625.393478217738 4124.457100536132 10407.19488408495 9139.69935535757 0 -6618.246834884774 31065.12189242139 -2918.577295943123 0 0 4591.746119966139 -41358.81399992893 0 -9635.921650083143 -2427.246686634891 -11289.72208374254 -16776.58458356193 5369.132196317838 -43024.3608266575 -24767.32947716883 0 -484.0878189837022 18418.52042956143 0 9215.410922739453 11916.19079704618 -833.7846074606277 -12862.30473893784 0 0 -6131.76008381358 -23492.62231183181 0 30703.08962130851 -9727.768196587071 0 0 0 26058.96974909441 22862.19197598051 8237.024612999385 0 -5277.338536470945 0 0 -3485.835730203356 2404.64614700668 0 0 13075.91989415941 0 -6836.669188949085 0 6004.356167844613 538.6757740722736 1307.15266586386 0 0 0 0 0 -2552.984512646378 0 0 2188.326250728116 0 6140.712092611859 0 0 0 4435.446459081624 0 0 0 0 0 0 0 0 8782.139574020121 0 9203.883071490702 0 0 0 0 0 0 0 0 0 0 0 0 -3590.009310748927 0 0 0 0 0 0 0 0 0 0 0 0 0 0 -4395.640687514624, 12282.00000757834 -30513.87848596481 -20570.04639542233 -1781.469123577387 -51.2988666561364 -12238.17249928502 -3076.65655094396 0 -2021.162411215546 -6612.653889506219 -659.0630392158128 -9165.558544829883 -447.1204812599271 -3358.418007464304 6047.305381276559 0 -6324.114865045061 -13089.41677776013 8778.998564923331 1486.201235221006 -6033.98226265491 -8158.089396142465 -1847.064981826934 0 14216.07395842389 1502.411413720949 -7205.815327243885 -246.567273994561 0 39257.64862315234 14171.05056904976 0 -1238.523887438372 1934.202361728392 -9795.375099906043 800.7947468223238 -5877.768698523182 -945.8168147468568 -4985.295396690084 0 -11190.36338010173 7265.695692444967 5237.741454873096 -6462.386867141788 959.8893191832831 -167.9954527888367 -15344.44927839078 0 2148.661416447884 2463.586761100208 15657.78303989285 -7576.388794631634 -10975.48863520841 -16937.25086148534 -17843.66160232904 0 8838.546869001029 2576.20349253218 -2786.486477970484 18128.29027983784 0 -1706.929212110887 5807.180565678093 0 2727.956261565392 -814.7162921681957 1606.970163529046 6420.039923918752 -3634.589324904733 -10172.2240948842 -4372.799846036341 0 -7199.305687493635 -3357.25496896205 13232.87218573657 -6410.251892375909 14797.86812766208 -1618.592391585449 -7153.550565094365 0 -10079.20152571307 12490.72019791136 -2948.770233119506 -10489.5981092825 -227.1328316475137 8449.705461124302 -14455.17912314696 0 8536.388275910538 18030.70303794313 -10332.08061084566 0 0 -14064.31448785169 8032.44651166824 0 621.5698866751009 4425.548194996845 -1161.820736889029 320.1698456088325 -3935.285167261369 -24362.4079047582 17.08157440550531 0 -3950.12108315467 5329.284384931325 0 -3460.95608191012 -750.6399110487646 10150.03524476259 -14466.99102788119 0 0 -6827.717004062908 -5998.049160425406 0 4598.426874411228 -14181.44615470843 0 0 0 -539.8728573035405 -4198.144569994959 1390.793759397175 0 -14483.86941522016 0 0 -971.1295936491385 -17527.11319313134 0 0 1714.112761069146 0 194.2917065078195 0 -440.7924841388531 2325.353593832816 6327.860951840607 0 0 0 0 0 -11042.6185996163 0 0 4019.43973602599 0 -1004.086785477795 0 0 0 -2990.537365097168 0 0 0 0 0 0 0 0 698.4286762135837 0 -1301.299631632534 0 0 0 0 0 0 0 0 0 0 0 0 952.4205545789663 0 0 0 0 0 0 0 0 0 0 0 0 0 0 -2050.453210548057, -1054.877796023464 -4662.78720112117 -3980.707516203407 2653.645323375983 662.2331506659989 13064.23495953099 -3111.488703251975 0 10869.83629785944 -6191.16960959375 -9499.80598055894 -3321.876479006327 6062.98611911176 3384.025148817602 28003.82988210425 0 -1893.53556301388 3865.356916803375 1640.697633198882 8367.217288448977 798.3068327489054 9902.987866664171 -1503.960378249918 0 4563.664527546228 -5587.21396994671 -33860.82717912085 15853.89748851962 0 22319.16382833099 3298.387090425979 0 -8316.366988006575 16205.33196469992 8982.229477985489 -2983.049525654722 8011.741717073407 5926.879735560857 -18516.00381384232 0 -12001.80927172106 -10649.02098607868 7685.557883039557 8249.562868407218 -2639.47451828192 -11367.75024688875 -9717.240315661831 0 26.83068453094756 -16983.11867738766 -21114.96492943055 -13931.07411218503 1227.015571073067 -20447.30319710662 -10014.84847875653 0 1159.022520067107 1026.778345686882 -8831.042278885559 4627.36256740449 0 1928.448915753841 -8607.249347862717 0 -4622.901559453948 11079.63109492138 10729.27771558105 6602.001591035015 3652.920115039378 5093.292318761218 14818.79627162973 0 -5304.169129759816 -7707.301491306866 -12272.98413130214 -2100.332638987501 -4631.489529207074 -28869.30927515674 7485.030870903801 0 -2718.771373073194 14475.33951862804 -564.6208710127712 -10684.03247082102 -1216.665261297885 -706.1189980287618 17921.84182244016 0 -14123.80576712894 30487.63260142162 19027.81678006466 0 0 -11948.59192773367 -6051.264671777585 0 -11141.43130927499 -5144.867359785228 -25490.38663969213 14181.48169278956 4122.859759706705 4067.889135922911 -7912.609690488785 0 4291.066660499402 -4839.72856238385 0 -1784.3722611772 -4811.145145748522 -11878.96377100788 12344.79339354151 0 0 3176.451559381134 2883.185151826596 0 3396.434746557102 -6317.885506889643 0 0 0 -100.2222195146278 -6917.86137688451 -1510.224371799934 0 -9465.328171211375 0 0 7110.112637585148 6189.924745854898 0 0 -3100.707473777789 0 -2108.774941821537 0 8158.051533880393 2593.376822859514 11208.04917205478 0 0 0 0 0 2311.016008526858 0 0 -3861.175194276188 0 6272.452414435525 0 0 0 1657.471042269564 0 0 0 0 0 0 0 0 6607.81856777274 0 2368.918200715582 0 0 0 0 0 0 0 0 0 0 0 0 -6058.939532941352 0 0 0 0 0 0 0 0 0 0 0 0 0 0 -2335.237879531962, -1067.379115039335 -4564.039005240791 -5768.625708710213 1424.523094268023 -1372.08769541055 10015.30666913025 -2767.079910965768 0 1140.583773212355 -4222.821407079913 17933.67966919103 -4412.823480642047 2832.431731193735 -14858.93234692491 -13140.20022322821 0 -3465.511106895955 1614.584940101699 -1412.732527247005 6165.839814004415 9856.938288418911 -2015.038950182043 -2218.920626109289 0 -15719.97801205139 -215.9359756634635 -3492.164044787771 8209.788307497854 0 -13379.89940475033 -4525.956988060017 0 802.0352440943329 -6421.860535626964 9017.725540428444 -12026.21627786919 -29214.36783357261 1988.092161809303 5677.65493973199 0 -8552.394709831551 -31016.62885264492 6436.608624904309 7724.286673374372 -4074.22262197908 -11524.36616724173 -10260.71721257009 0 4300.344359366045 2328.155104091743 4306.950127308 1388.677001492226 1638.258758376663 39554.81686132727 -8752.182660793394 0 -586.9061967007378 -24475.0175781908 17826.10647314565 3321.296017778386 0 24263.05775870919 24297.32600694575 0 236.5550581003485 16440.67252204681 33597.55353160262 15278.47902166652 -20544.37200923852 8639.303730459858 -844.5933829079258 0 4779.981042532776 -8469.726209729204 30409.35344638256 6348.055565243112 4604.851257570521 6443.163108816843 16964.67288690542 0 5550.67149126443 -17523.39999809557 -815.0015665519479 -11492.59356482401 -4575.791417491137 -17985.16594339189 -4629.88721451958 0 9263.252552238335 8408.149803003147 18986.88121340342 0 0 -2297.452954962318 12358.27912346063 0 -3117.20297969021 -3160.534157118283 -109.6720659586481 -2890.203250072578 1993.744597563437 -13556.33382063905 -2513.365839148672 0 547.2757047380715 -7242.633391461568 0 14927.16342103696 -4466.392706594759 -4524.871903648047 -6556.306651342392 0 0 -984.0294396500831 24792.3983982727 0 13249.61023937529 -2677.230794042131 0 0 0 -5369.855585196809 650.1610805444925 17213.54964171123 0 -9374.438567752615 0 0 -1914.913139197506 5237.092703297043 0 0 6536.015965122562 0 8071.493276145904 0 2549.25436308797 1543.263745099775 -5234.290874480434 0 0 0 0 0 -2040.830190519897 0 0 4630.712287606642 0 2669.078328170848 0 0 0 -5999.628189175699 0 0 0 0 0 0 0 0 14264.89148696612 0 2472.077696042613 0 0 0 0 0 0 0 0 0 0 0 0 -6675.816600283719 0 0 0 0 0 0 0 0 0 0 0 0 0 0 -126.7221963788032, -320.3659818457381 -1449.709872898633 6016.055369608921 -5035.020195644645 -1229.536916776414 -635.4126404947663 3356.517011041317 0 -1257.006650048586 8513.492906879914 3554.096722347117 233.2390803720227 -4636.258035410929 -438.6928860817525 14985.30824487868 0 -697.7534100552473 6618.191830976366 -4250.306216182801 -4926.370557243325 -7976.895421849124 3053.519212887035 -1385.107603351527 0 -3779.387771173837 -4888.093474975807 -18518.66645313405 -4474.448674918057 0 22760.10113521771 -14670.44556627138 0 -9228.066871178533 3211.427647761018 8739.485299625128 7159.1661733519 4932.895556691907 9638.698115600697 4189.793704885915 0 -7420.680849986487 -26964.06539090637 -2234.780372583902 3960.483968823241 -1125.797846580678 -2577.482983399033 10406.90602876476 0 -2779.296052850605 -2275.878226857591 -33983.15981941705 1224.729677905397 3709.625948821066 -12186.72668701644 5437.312075475118 0 18558.33740080008 6411.077130133623 2059.638566566547 10387.98717756895 0 10159.80322511089 2110.149980525873 0 382.7217913057386 -660.1336172999718 1236.289377151486 2799.24940772556 -5213.835953858741 9891.45207352846 -7019.538170956186 0 -14680.67017719261 -8915.048241283705 -1124.268976191936 7219.155711818481 -11462.9150278222 -4883.017312758462 -11270.80115994695 0 5874.555289699242 -32750.23050110533 4858.681551017657 -2147.355759262045 3196.98416253209 -4842.836122133303 -6432.29842551989 0 4222.799825778624 6577.961632284478 4046.969657862421 0 0 -4897.83365670553 -11543.56221338796 0 5288.796269128099 1730.822311579371 1857.186480978177 -4147.457841453537 297.7461276665532 -17019.8431251797 3045.003477616534 0 1490.211453163121 761.0036456488456 0 5875.841873705112 -4047.115567204672 -3273.189106738018 4135.90540978766 0 0 -4456.694818805036 -12485.48743606417 0 2795.929675305828 -1143.03338485349 0 0 0 -9889.883716366758 -4526.520490906495 5539.166285490686 0 -5764.993712126477 0 0 1864.317974362423 -2391.92292104567 0 0 526.2668342429364 0 -2990.444032420504 0 2071.684715504315 5600.491964543331 -10727.30079506128 0 0 0 0 0 -3547.908989851047 0 0 75.7518394105582 0 -851.3794720059946 0 0 0 -6255.805743261821 0 0 0 0 0 0 0 0 -6994.46022815676 0 -1333.250470088988 0 0 0 0 0 0 0 0 0 0 0 0 -1055.15585277931 0 0 0 0 0 0 0 0 0 0 0 0 0 0 3275.194421084132, -899.3315437378093 5512.463734032253 1118.48196330526 -2219.877031054175 5280.701219748243 -5770.20543621484 -5758.601326152068 0 -7397.290328926612 6553.287119004035 2274.582071493969 80.61741500508663 -9016.862800972442 -2136.83847052597 186.0414362944744 0 -1953.783419925535 -13242.00614128936 -24619.51325500361 -6618.461368369572 9389.249820559213 12896.3798988485 -7455.110763002553 0 -2958.366468803236 5242.023228262684 -9772.8215526035 5644.344521912764 0 2275.650272652553 -20550.7530393415 0 12333.08293264736 -17002.86377539828 18338.69480820222 13545.03291436139 -4287.589775298639 -1014.052928528272 6651.174837304394 0 7728.961130351443 36396.06493040989 -14656.81458636926 -3247.168357199114 9744.331222285362 -10689.17365171746 11612.73432271428 0 4843.3807049364 38759.00468950513 -20176.69291746549 1359.934352795778 -16764.88771262736 -10684.0993043413 6227.04703425144 0 4097.643294488245 18814.6051732613 4940.504586410089 9972.972860008644 0 33037.37816399225 1389.803817004948 0 5813.97575517305 -24824.88055546665 17838.87194729576 16575.17292273819 6018.635195398558 12491.5492874379 -20923.77199449016 0 4213.206553328885 -9309.421594471336 23628.44166923019 -13378.09599072442 -6683.521482442486 9088.887413818184 -847.5896657949456 0 -3530.633764583906 -9630.269435529615 -549.1461077339736 -17286.71044585789 -1357.103036675795 4935.140801529415 -24950.59230974239 0 -2823.792415165815 265.1166981352285 -11241.11397445099 0 0 11343.8138793108 -10710.22067455076 0 -6609.082606296088 19273.54752097522 13007.96774702189 -7779.721907553271 5306.710427252629 -7508.970226647005 -1364.025604503728 0 13264.14984310459 -437.5220619846841 0 1737.806531868858 -5861.565868190961 8390.470932922517 -367.8363493824008 0 0 6856.697588103671 8077.243603270817 0 17015.03632061261 4315.594465485158 0 0 0 -7371.208642598276 -4166.634535753446 -22170.72578693261 0 -157.0482765899137 0 0 260.6583918948982 3564.293628067509 0 0 3058.799231077428 0 5905.06401902123 0 939.3467813642037 6101.445283458857 -5845.068445390194 0 0 0 0 0 5352.766688348767 0 0 -5042.667240147301 0 -3814.953214966683 0 0 0 746.879991413728 0 0 0 0 0 0 0 0 -8147.438932149496 0 -2280.368197738835 0 0 0 0 0 0 0 0 0 0 0 0 -2965.496116223522 0 0 0 0 0 0 0 0 0 0 0 0 0 0 -85.6332266629162, -5750.20230572628 -1410.303065989303 2564.946430758752 -6703.927798121937 5507.451607517185 3008.090457213576 -1076.206430156195 0 -9565.691575726765 11754.05395188884 4206.325350365249 1939.648463411396 10815.00932342647 12247.23116573803 -175.5665480819862 0 1783.903938308042 -15950.28711090405 -3596.690235052185 4272.657571330216 20349.6712185916 24325.86673835607 695.9086201727905 0 2123.25521344244 -7527.677734889312 3695.91081795616 2580.322716564563 0 17020.00867869304 1135.351404766741 0 -882.8920103550339 -37656.53654127881 3779.514085836287 -8044.618728359101 3373.704508041326 -5783.818948781714 2304.680922074042 0 -6511.00178801443 28155.03271351313 -24291.34812672143 3904.363908180625 504.5006261360904 519.3510176995796 5690.438810172916 0 -10312.48289145384 -208.4041694509251 10403.29641402783 -11172.94224714065 -13315.2160971727 -7554.683052432698 19462.52014176664 0 13987.56001184787 -12426.29078233829 3020.414330437241 13291.20638614368 0 -3223.802921445893 -1828.773300858955 0 144.9811250085302 14458.86569095737 -12125.28898721554 4584.081673573071 -13858.35452361297 -29076.36796622814 -1786.483855149685 0 -3946.474752044649 7533.224975745861 12441.13284786397 1075.506520597067 11449.00758407971 -13572.60520227627 -8295.869643545273 0 1557.861677788285 14554.14083670986 -4863.103508011312 -9301.149924885414 -9526.975193173892 6895.633912663927 13094.35130813248 0 7135.051920816139 880.2996676581715 40415.81001500587 0 0 17563.86626851918 -34426.27453961108 0 -7331.889724980261 2519.846064720608 -15564.84054434373 -11812.20362618996 -1015.474133488689 34493.63939750686 -9218.819298103994 0 9681.804161078622 1055.536617788318 0 -2675.799421057079 3643.484928956649 -4211.658394376269 10476.43420136282 0 0 9519.109475360459 12278.44559607427 0 -3835.795946668373 -25073.34747969468 0 0 0 -7507.793715100542 -7844.865025247705 -8863.584386597988 0 -924.2679273009871 0 0 2927.914219436584 -20275.78793581537 0 0 -2388.536729410378 0 -2511.067589454591 0 2072.046748036909 285.8974054255341 1350.837020540225 0 0 0 0 0 1344.78610188865 0 0 2615.304272645784 0 -6594.341103836556 0 0 0 -4624.952498905436 0 0 0 0 0 0 0 0 -2713.368908219226 0 3401.486574145772 0 0 0 0 0 0 0 0 0 0 0 0 -143.3332232435755 0 0 0 0 0 0 0 0 0 0 0 0 0 0 -1325.880258800136, 801.3334011715751 5669.23298443891 9588.430598342193 -4624.296226416993 4640.914046295136 2409.9956874771 1258.130453989814 0 -6593.00866934156 -17639.87946612373 -1343.253077404615 -10823.42139196872 -2314.97818608189 -10428.04296458688 22431.84102738776 0 6252.032719525457 -10171.96570508962 -30893.10302952072 -11145.46344024974 -5271.934212088076 -11730.94097270197 10787.14224563943 0 -6014.545829637592 3274.408279982164 856.2504716495296 -3772.216343396536 0 -9773.209635458579 -19461.67826008637 0 824.7694115603126 6044.839230068524 278.9708565563687 15275.71063913305 -4323.644814367941 -22409.90661289565 17607.56878522742 0 -13998.83905887677 13379.51892177697 7778.122447828799 -1810.196994452716 -5307.890619856315 7118.092763252987 20608.75821398146 0 2387.472750953077 10789.94534666678 -34998.14600909241 18012.07174538703 187.6954808663963 -11149.47962153387 -608.0565903389002 0 -18846.62877076332 -4814.790962224359 -5864.169748295782 -14994.80264942873 0 5440.145427607114 20912.17702492316 0 1231.329742947051 10791.67264569173 3039.948730149879 -5422.254676665582 5881.412407229279 6945.333269650233 -21694.64504316813 0 -18681.00777654337 3333.078119235124 8731.403985949895 17775.93101263581 -7777.584814948561 -5045.722891781788 -20.39188651805057 0 2604.617339363879 15349.8535654945 5864.471509266511 4498.846629011562 -7888.710072076793 15566.66447545489 2653.29646429998 0 -549.7165902563011 -9365.485710141125 17935.40264210412 0 0 -966.2366325683588 -15366.43687652237 0 -9959.223238797835 10285.21719259828 -7057.500815547703 4640.932267903341 -1776.640044743532 7654.589147003924 9516.752384291607 0 -9812.896779080589 2940.389480327241 0 -4503.802814348799 2271.813758781724 -7707.301484624648 7413.949992026213 0 0 5668.603583077352 -572.1982185155193 0 1521.563733466638 11679.30793468909 0 0 0 -906.1192922074413 -5346.543496287912 -16354.07796667047 0 -13790.7550354992 0 0 3907.682477198615 7185.283339358676 0 0 -3375.889552700823 0 7369.672661419309 0 -3749.487683977551 3398.807823981034 -10852.74561256726 0 0 0 0 0 1314.348495116849 0 0 1339.225454940679 0 -12653.58768916582 0 0 0 5879.769477102615 0 0 0 0 0 0 0 0 -5152.077514769318 0 2925.294025470948 0 0 0 0 0 0 0 0 0 0 0 0 -4964.576297524478 0 0 0 0 0 0 0 0 0 0 0 0 0 0 -2359.442901745736


GFLOW: 0.07199999999999999 0.6070865528720713 0.603178755335952 1.207704583726811 1.201299043196494 2.553652906610973 2.554936926199018 2.143545916556388 2.14741276792017 0.02283622576722939 0.127196735180389 0.1572464901214826 0.3210555064952397
q-corrs 172470.801259139 100621.8445628625 -15753.02156663665 -15284.80943972957 -11981.5074280192 -16926.10114385972 -5370.085863130807 0 -585.6486830642174 -904.4195213694474 -6018.893830301799 2555.884016922181 854.6979453941608 -6533.131317488391 -4187.158545765662 0 119.9999492671061 -8726.559405519456 6937.389484118298 -323.038040882996 -2972.844102508828 -2803.519990984327 2298.676453388007 0 5733.730508149675 -3446.867388538697 -9087.591015235808 1693.111806564757 0 15331.44963612359 -11266.10314795831 0 -2551.225521810798 -14583.99192465936 7363.162528496051 -3093.344062802291 10524.66323866709 763.531081769308 12657.94220239317 0 -7832.93647088784 10309.10095351644 2512.730151437058 -6986.336514038114 3872.934726398902 3866.453098534068 4671.845204269728 0 5093.624820482481 8342.939473550065 -10178.04643823638 -2930.69250495161 -3466.649690038627 -3959.522339511125 4440.393578558522 0 3624.614624101555 -5362.410113408821 10475.94656269305 -17046.90258205012 0 -17387.43592289718 127.4536650442919 0 994.2626405009141 18161.55391291204 14230.67276787056 -1504.656275683938 -3189.006333389726 21555.39540749429 -5054.947848845368 0 3598.488859821538 10895.75865532492 -1067.374986278735 -3569.122730347731 -888.2089411282066 -472.697714574773 3169.993047937151 0 779.3110020735858 4392.977502706253 -1644.343814537882 -3868.072047855357 1737.258089367662 8706.917149612224 2337.329914589968 0 -1546.21215721893 6441.749172785716 -7489.007616784267 0 0 2270.145487012452 -11881.23138546563 0 -1531.858330041513 -428.0835333564921 3337.339486570759 -5760.676724027049 210.8451252092884 -14834.39071319746 -7986.438683218109 0 -532.6918698508405 4452.495228462609 0 4055.3512867431 4968.873904312038 2316.104502379279 -6103.34686741329 0 0 -4131.664662055162 -714.1924945998435 0 8182.753617507338 -2927.671934649417 0 0 0 5399.163878555396 4073.085017045605 7879.993257011076 0 170.163531084184 0 0 -979.877798084747 5156.623858671162 0 0 3373.824677675304 0 -1300.569585373683 0 871.4193863298261 216.3977294614778 3282.210596992451 0 0 0 0 0 -1692.777802371094 0 0 -371.903270884921 0 5496.24826606738 0 0 0 4081.211495035786 0 0 0 0 0 0 0 0 3318.522721191195 0 3683.035687927468 0 0 0 0 0 0 0 0 0 0 0 0 -778.8886062586766 0 0 0 0 0 0 0 0 0 0 0 0 0 0 -1394.279342848354, 17148.59530733889 -7874.064695350899 -19615.08553148315 -5358.613639274174 -5324.67323553271 -10843.34454735098 -3649.975310003308 0 -1508.788656841215 -3653.460692410767 -3080.648617223454 -1216.057421488476 210.9614209476265 -1205.877343288683 6057.245655362458 0 -2354.848524970891 -5503.39688616786 1324.152812873833 1992.407582867544 -2433.719212853339 -739.4300779668069 -2706.758673753668 0 2457.103475139483 1501.374013221212 -4045.742476866092 357.9797296172229 0 11614.78936321944 3491.239500359026 0 -1068.348411210849 296.6974833238337 -1122.789130441737 2262.869670648099 477.732018782538 -4538.802184538015 -4480.015736882391 0 -6518.100167739998 4015.109805627763 8179.833904739976 -6339.128714603006 1266.280517495235 1037.914765378267 -3529.07790369148 0 1384.666737128908 -258.1726663007395 3099.757254755061 -6119.227723343514 -7009.051686026068 -9174.348951533206 1267.915887566513 0 3393.479142479103 1877.398580325079 2697.367399963046 6467.360609386082 0 -7216.718284925309 1439.692948231669 0 315.6620669057814 -899.5441705283679 -1869.846970099672 2009.541214678092 -2138.490009964916 550.0412815176458 1167.611945058992 0 -4472.91557273738 -2939.99771657333 -2.140292172849968 -3082.825435943864 3378.102137942798 4165.934194018315 0.4527116713134092 0 -5205.072036761765 1707.688502465663 -169.2440822952022 -3976.949640406998 -2765.307456559803 4009.31129877326 -102.0539937837059 0 1899.812742610604 2530.057139116801 -8350.790040116113 0 0 -2402.572926441657 1600.692527492691 0 -938.4023063017414 1551.918660339652 -720.8889139318544 1764.331494720144 -2079.753758670782 -13819.78813723625 -1674.817546842202 0 241.1730136871056 844.7957843540321 0 -296.2274279683324 -1169.630439883402 -614.0764515705131 -2951.398682106968 0 0 -3463.830664558259 -2677.499796194451 0 -2302.475249172231 -2778.339735652487 0 0 0 -510.2459190714908 -3395.102597859708 1588.202969245298 0 -6058.463045282308 0 0 -25.3665819544467 -6184.222470948692 0 0 644.0219033587191 0 -3043.640005264913 0 -186.1054576121662 -516.862205252766 1678.272724101462 0 0 0 0 0 -4479.631569234045 0 0 -1685.42682469842 0 -384.8311459868082 0 0 0 -2031.443476483988 0 0 0 0 0 0 0 0 590.269577968416 0 -1892.381963791056 0 0 0 0 0 0 0 0 0 0 0 0 -334.5089066368895 0 0 0 0 0 0 0 0 0 0 0 0 0 0 -410.6315267437126, -1567.842467128431 -4096.816117497348 -3320.693460796649 426.9990702646553 370.3553162647507 3046.905400293931 394.7995057348471 0 1342.559136536103 733.2060262769691 -5763.401685100215 -586.0468400243284 486.4105430289658 45.50766607961327 10130.1660130863 0 1675.246360898327 1919.995109249689 2393.130894677091 973.4833417509906 1593.533160919636 3751.24398751332 975.4552884023269 0 575.9784486735265 -810.6760747382061 -10653.54565695795 6142.985206381407 0 1937.758496686886 3766.798307620903 0 -5251.572252310387 7725.341921078973 -1590.680768782265 -1998.287254076938 2901.031222201826 4094.896218782593 -2279.675352844915 0 -3997.735065878741 -4453.47989135018 8076.63769999972 4511.242273674927 2835.275420015857 -6448.851196322882 2302.424036197959 0 -1154.254015077928 -4256.823210618793 -11902.6742239006 -1829.336799707207 1063.365186330471 -7597.0789582477 41.02294978696773 0 1120.606035088419 -5757.027974691144 553.4035142368866 3938.19986332331 0 2800.03577401341 -2542.150812750996 0 -3443.450683887682 -1197.72294111218 -103.364231682508 -2344.159907255882 300.8102682753997 4990.226502962401 7211.986825432987 0 -1810.35318949113 -667.6985357201941 3516.947415386156 5423.410433854975 -1174.705169338772 -6323.394615297919 3995.497919275196 0 -2338.391881683914 5010.045204095995 -367.8144453783123 2254.431420970661 -25.50945541380815 92.35069373754823 8113.569862902583 0 -7628.397594985278 11948.5947368777 7695.641207675561 0 0 -3060.537151108205 -1086.611378709226 0 -4757.498030740318 -1902.353049000459 -6222.419843854832 4445.940047191721 -961.7493219106543 -3144.408483257385 -2721.260839357324 0 4037.173086304213 -1989.000900786742 0 -2175.814006332866 -1257.549156445256 -4105.923856749324 4615.646509648439 0 0 -60.43895586603094 587.4219450648911 0 -1542.530912558874 1104.40156643581 0 0 0 4152.926988618691 380.609577664721 1292.143231801742 0 -2893.126657560219 0 0 2500.267540502383 3009.006933491572 0 0 1224.971617771497 0 975.3527458652316 0 1930.023431105048 800.5480465650767 3608.451815762588 0 0 0 0 0 835.0796546128395 0 0 95.65156332851967 0 1774.951668582238 0 0 0 361.906745741864 0 0 0 0 0 0 0 0 2390.847294918126 0 -274.3590224366034 0 0 0 0 0 0 0 0 0 0 0 0 -2409.890488878259 0 0 0 0 0 0 0 0 0 0 0 0 0 0 -899.7217070973876, 314.6895202050937 -274.9971265252063 -1285.279766028671 -881.7392877049492 1408.452431731775 5764.882614973313 -3053.928772006404 0 384.1286891112215 85.28651611378859 4248.691068156562 -3408.955529648862 956.2443070147201 -4238.351380290498 -6480.004320974394 0 -857.104409986157 891.2619134752215 810.8393027599964 1619.621425714465 1109.308896738187 -1738.694280164475 386.6910857944899 0 -5492.048141487392 -3104.696173504461 -6292.538138670022 4278.885197847245 0 -4074.601073622813 367.3434298281715 0 -572.9029218711357 -657.9172127477759 3733.455858634779 -1704.167893999524 -4470.308996054981 3834.372558457663 3228.588683136803 0 -2027.02898128999 -10036.52813279519 2394.835416698639 2856.049802355558 -578.2583079426208 -1631.73122229481 -5819.126141474465 0 962.1568179816093 12380.24563634223 -200.1488349333201 -487.3587934333623 -988.8216320275471 4711.887093828706 37.59838558800993 0 6709.946526851127 -11484.13795764391 3301.522207064153 -140.9783938735577 0 8578.924550727479 3508.331791191325 0 -3.449821158660797 3104.279540387762 2126.365112153668 6313.344879053136 -10064.30451083955 794.0775200614216 947.0879061129235 0 -1523.859975152287 -1160.318526644697 12808.73464828907 5447.208631692711 1857.749686573294 2123.637586505173 -1282.595267978945 0 2370.10939538219 -4737.128103098844 3111.79445754652 -4899.212334507873 -1569.469274373173 -5770.33010679649 354.3497716888455 0 2240.052324080935 6241.761504128556 9878.702125473004 0 0 796.2889615572792 -829.4090211813068 0 -1424.262975051152 -1513.566742087636 -5636.546999096298 -3410.158512247816 -655.5673767961453 4483.462260515616 -7107.617495772654 0 -968.2124575043933 -1831.659536027103 0 1963.805485152824 -2753.948042641181 -2271.680248409687 -3190.503062945331 0 0 -790.4431056755715 6582.037592725101 0 6222.339933198079 -5323.220902272104 0 0 0 -2989.97312271792 428.5614218890807 3102.58291025426 0 -4760.775666617036 0 0 -125.3192744338564 3198.773475184778 0 0 2438.233251931953 0 1088.022618147891 0 -2227.286408360427 483.5721919075625 -3496.874153781378 0 0 0 0 0 -1538.545929191938 0 0 1633.551931316306 0 -169.6875611236796 0 0 0 -3069.747454332126 0 0 0 0 0 0 0 0 3760.472834054304 0 -1123.057360754993 0 0 0 0 0 0 0 0 0 0 0 0 -1311.084613453824 0 0 0 0 0 0 0 0 0 0 0 0 0 0 24.96946966426046, 98.43265563121531 -275.1257980170274 -1920.12435147052 -3375.628689558659 51.59046329639477 -1731.847861294231 -825.1925382869599 0 761.5038030718385 4102.794305365762 2097.4706023876 -766.6983981140372 381.7920214340984 1555.031689715034 8425.109239587484 0 1078.556225894084 3689.659605860215 -2149.000739325168 2113.837505343316 -2741.330980196215 3124.288666548448 461.9070723769207 0 622.2017013142718 -5338.431075259597 -3959.161241367938 -2976.384259690853 0 1105.72952734874 -3233.613402120957 0 -3169.920182865051 530.4670625888102 -62.67043470876206 5606.158759441675 3142.231782012381 3796.505683246174 5368.888911674228 0 -2910.707644955495 -13360.5132239108 -2643.92797860287 -4524.347824147152 -645.7611256610312 3086.669510529887 75.18900692374109 0 168.3027702948631 5444.685259093323 -10022.28267324905 -5418.682241497571 817.4919565554191 1691.339076223413 -2782.945950163959 0 12026.67789419945 1216.852703484616 -273.9753912440051 -957.2685029447923 0 -615.4948885051626 -3635.135466034654 0 867.3498975749336 -2320.729385346626 -3125.475889219585 1946.095399455044 -3715.407578103252 1489.659789343428 -404.0984620119848 0 -3305.09025647582 -4647.13767228604 4433.815114500603 9554.654176135724 -4983.779118905395 2205.338724919694 -2626.489699629958 0 1109.943893410148 -8816.975242195716 1932.854273288875 -488.8178281756784 2230.717323960358 -1746.264895200038 2496.646331594904 0 1003.96732290966 9968.321022333086 4064.709522062163 0 0 1881.80178775672 -3509.116453481275 0 3898.239335361664 349.9080728839544 1069.388739556233 -1329.312047254431 279.4360874308384 -2472.66883174639 -330.8657668876355 0 1872.661716439493 -3496.840543574747 0 531.0976224430931 -2732.054420911266 -1030.612471609935 281.0337626508701 0 0 298.4384856438749 -1009.909330188838 0 -1440.957932249188 -2651.306460837357 0 0 0 -1171.521016079246 -3840.604527508427 1208.9611661685 0 -849.3927462025272 0 0 1552.349035419695 1367.480468895855 0 0 990.5727509598057 0 300.9251379149993 0 -215.2291843004921 3344.900791190107 754.9967416297856 0 0 0 0 0 -384.1415293807565 0 0 1754.984706668853 0 553.2095679609579 0 0 0 -678.0160600971503 0 0 0 0 0 0 0 0 -154.7650199162583 0 -241.4758687308217 0 0 0 0 0 0 0 0 0 0 0 0 1070.479362234101 0 0 0 0 0 0 0 0 0 0 0 0 0 0 1840.692533069493, -331.7265338012257 1737.168111542034 -91.28415065748368 -1006.009681575118 1698.666552282268 1433.045289106981 138.5923955092994 0 -2692.508138631614 20.11757181156418 3343.040746929476 -632.020472802812 -2716.816043498077 182.0232604963103 4411.129561762064 0 -978.6008871025276 -5895.777846155957 -12026.44150152211 -4083.788292521912 3500.291943026175 3283.736777742376 -1413.464793890781 0 -1815.647749227059 1347.356836122684 -6181.771777942809 -2887.207443463627 0 30.6838502952869 -5359.279262836009 0 3905.558347450999 -7202.269999080495 10142.16128026586 2627.283355622671 769.8336933454834 2846.082149573288 2908.142200397091 0 1169.865490777937 10365.40375448491 -9248.126815347401 -3157.875539395956 2718.13288482971 -5976.631968540743 541.0626275678137 0 939.5953062615246 12254.29080190504 -3534.438903405111 -5660.943571299946 -5444.886655956909 -1975.796680007253 1315.612721616177 0 7372.651712420394 4178.405097907784 -747.4710809578784 5222.769275843817 0 5136.928154331013 -4242.094015693368 0 1806.613533543475 -7816.345416962803 -1024.266395336002 5467.748715999314 4972.775804123014 6846.558815769401 -11033.46205197258 0 4218.690603833897 -7977.744561905602 10579.98523020304 -4088.117026335314 -3976.445425610072 3893.368150861342 4620.883149443918 0 -1775.635734530318 -11181.29471667815 -961.0754375412957 -9885.295573070216 -709.2920505676113 -2127.430541048499 -6503.149127877377 0 452.6957687080876 2178.681148217151 -5587.625024599719 0 0 4045.143809021868 -7781.991342619513 0 -1357.091897122008 6363.5004589249 2451.191378455994 -5260.488926164564 -482.5110409866874 -2537.401886960771 898.6605022393503 0 3090.804778157948 -2833.428065080556 0 627.2540718918924 -2110.075619786136 639.081641206951 3001.72168754891 0 0 1041.59803828186 -1781.400469150451 0 4231.570735212593 634.9794489552922 0 0 0 216.5553229124716 -1694.975068329276 -8016.624245240344 0 1311.422217906992 0 0 277.8161811677379 2072.757338381467 0 0 971.0666601353515 0 1728.875661302209 0 1151.677151208022 2986.358432375192 -2606.069290588672 0 0 0 0 0 2190.799672189444 0 0 -2725.032293636585 0 -3013.651876669857 0 0 0 -367.6841495688411 0 0 0 0 0 0 0 0 -4479.079218936955 0 -2439.117127365481 0 0 0 0 0 0 0 0 0 0 0 0 -2111.156580425865 0 0 0 0 0 0 0 0 0 0 0 0 0 0 -507.7053368277759, -2516.99819116044 -1333.293441956662 -1968.042283854753 -3625.732434105715 1872.037502382398 2159.572214710813 668.9607798856264 0 -6608.906707584125 3449.212194858209 1841.712314519353 1435.723644649637 1874.039377833739 3613.236052601452 3947.745140447867 0 1399.242656736759 -5121.420527723608 -2790.225592371056 2671.843236765582 11085.19823244764 10594.60503081703 -2877.134773575704 0 412.4727873235861 4365.897524548503 60.47598123615353 -502.5844811309951 0 5391.679206822622 -541.2254071865991 0 823.0544515462094 -15393.29501926889 2693.76531091274 -119.6688466020828 -1427.522504842387 -2829.435791662356 -1669.139709800134 0 -6082.338852922885 4013.293712640002 -12186.25692258065 736.6714705094671 1091.78689777902 -7469.122032363817 1810.186081101517 0 -5762.266050411699 5172.004848149354 10152.49408707269 -4256.960403697125 -2677.176281980246 -3162.383312641812 7056.426257199696 0 4714.849698390226 -4546.088469975693 -1386.434306123112 11358.36596315686 0 2821.341268882696 -871.7027096524043 0 -749.4287638994487 7856.767941592712 64.81522875683822 1904.947682079498 -655.2654105794531 -8109.595331854107 -418.3184363262949 0 -4887.644044944575 -837.9849409389619 1500.441170481678 -192.7128536507357 2732.121524858792 440.7889978489316 -3439.255529353563 0 -1199.624199892198 95.46588692526234 -1092.42053942178 -10614.97687161621 -5246.492329035178 -3572.049449927554 6392.863741903063 0 2141.531911862184 -4138.911952853091 12756.58439448325 0 0 6980.896766028672 -11959.65140966986 0 -2335.374518817882 4284.278546209804 -4739.810881487047 -2700.937085524159 -112.9401938285891 13704.29557020965 -4602.723856143815 0 5335.878154796786 1448.582075615072 0 -1844.214990626345 2064.943497323484 -2229.069138161471 7364.812461287078 0 0 4198.287348208815 5602.257661174286 0 1905.502255822342 -9198.287680551124 0 0 0 681.1397789966868 -6399.446202400416 -2138.08341864334 0 -1709.29878435761 0 0 1125.939119105715 -6167.315726837183 0 0 -1630.145641962175 0 101.1696451015487 0 -983.8500894853678 732.3353583934449 1120.84661135743 0 0 0 0 0 41.6124552307175 0 0 109.6601018070266 0 -5340.921671827555 0 0 0 97.56927203537452 0 0 0 0 0 0 0 0 -2575.808515603974 0 550.0950424013521 0 0 0 0 0 0 0 0 0 0 0 0 -1162.30682311379 0 0 0 0 0 0 0 0 0 0 0 0 0 0 -108.0171173739201, -152.9896807487512 2283.784464797669 3243.079706935012 -2017.359277353128 2170.79837280978 1767.363924832845 -2530.873872155219 0 -2673.882445031003 -4328.549222687575 3346.109389627599 770.7631767887628 -1722.816729321105 -2580.898379806064 13740.29313607817 0 1860.743069568884 638.4353824337113 -9619.154706960933 -400.0374681795379 -862.8432051710029 -875.1271229733961 1583.585291064764 0 -451.6674311037516 1029.009302287404 -1331.89662779064 -3309.703101491382 0 1543.289834024112 -6300.361885255058 0 -787.2750244049787 -4606.038635267088 -173.7921200117339 10133.47218976247 357.3917927728803 -7982.023462180891 7447.837177669191 0 -5782.314935829052 -2777.558091346462 1664.532838982335 1360.108853681523 -3870.855260529095 7217.589267326779 10482.14360689153 0 -932.9446491907565 3880.276707363773 -6941.046760199357 7924.360912863491 -2297.596111570189 295.4978332064363 8213.657047119188 0 -3145.265606337905 -2218.335799173465 -2562.803762675243 -796.775616250668 0 2456.273699727749 7885.140101370377 0 -467.5158224661159 10664.74437786585 3985.043886343632 -1579.058617892986 5251.149077621207 1814.457721472211 -6369.517081191798 0 -6584.233527406872 -2771.861707018531 4169.820738380198 11069.46779935698 -1918.752004908464 -4909.583030763511 1066.441652708087 0 32.98937952315805 -1125.240240043547 1056.96683696904 -5600.768256767043 -678.9006677327463 1849.537990443261 1439.428564472607 0 728.7295849094601 330.8913583925632 4006.264559351669 0 0 488.327944354147 -7518.655545893327 0 -4691.069364096489 6301.780569295699 -1773.982135732719 2695.928714701891 -2691.953095800538 1400.28485241309 4388.25193899132 0 729.5450269873927 3770.166799757894 0 -3819.096507996795 3419.087429304852 -1833.060659211543 2649.766739892765 0 0 2910.9863391823 -2671.992876111482 0 4699.327313455857 4440.435066359685 0 0 0 188.4390519300214 1854.521238139819 -5167.287690172354 0 -5891.903016494392 0 0 1620.592500426411 2777.868544889522 0 0 -1841.315524274183 0 693.0763423309058 0 -1485.797069289673 2319.038168774621 -3700.149618338884 0 0 0 0 0 525.1978505697158 0 0 1097.570398795593 0 -3535.87401290673 0 0 0 1977.980362414104 0 0 0 0 0 0 0 0 615.7295546395767 0 705.696127257723 0 0 0 0 0 0 0 0 0 0 0 0 1916.923337982615 0 0 0 0 0 0 0 0 0 0 0 0 0 0 285.5706967182612


GFLOW: 0.144 0.3862020788302358 0.3825845915090597 0.6995598987578147 0.6938876417007513 2.798347505064315 2.799519414570794 2.544756324789649 2.548213577121505 -0.1139560117392527 -0.1427351150219552 0.003889435922189527 -0.01205161310083022
q-corrs 62606.90411330152 74650.88445796299 17387.55495678277 -4881.984690871162 -7267.039962044631 -16107.06242580672 -9296.065619519542 0 -2429.280356747298 -3616.00467495655 -2768.996791751003 -945.1524336804769 -160.2420655370901 -2654.113906271281 -2661.559729037607 0 257.213912103832 -3119.111085930662 1214.820470988553 -520.5764599707545 -1801.255384004019 -2918.257188014575 -726.3537982467833 0 883.3128993189166 147.4704582819463 -2705.206720163824 1133.597023609434 0 4194.814319902113 -3834.383753172242 0 117.4541317228637 -4605.75962736508 2779.689685732151 -1512.605521333785 3655.893555423389 -1514.05646193985 1971.315370895892 0 -2263.051703782714 3987.285472965709 1608.285033437293 -2884.32575926052 2265.182375503625 2350.318998958651 1609.478654334634 0 1165.791491935745 3691.395080744047 -5079.241478255391 2045.16803801265 -1421.751267440531 -352.8680308336333 1187.728583324367 0 1452.560580835127 -780.8452312492457 2995.456646936175 -3203.417064470427 0 -7248.935645078283 3055.424352940282 0 247.8022942209711 5413.976931049192 5689.575278916411 618.0841449148462 -428.0096485487279 8316.322558887998 -790.7882935383523 0 1602.448567599958 5007.583484687062 614.5070106852229 2.422836088208896 -262.846516920302 479.9822761091976 133.5752770045865 0 238.5835499839095 488.9746411939751 -254.0220672589708 305.3202259876957 351.7513914354494 3606.695083531821 2367.824212632504 0 336.572519473221 550.6631521462352 -3310.482685384463 0 0 -383.2395898398655 -2761.514044008067 0 -277.2319826079706 615.1535063125491 3139.481826486396 -1650.432439575629 -183.0785401881648 -4428.865890312858 -1900.803179472178 0 -75.17146158783089 1036.803049309479 0 112.0187434177836 1362.661934816751 590.8761911280304 -3019.397246711582 0 0 -1237.639232560004 724.2339094035947 0 1403.806590186988 -914.8044228784593 0 0 0 242.0666788467175 -1049.588011460162 2342.889387765234 0 -1220.795260022616 0 0 -379.7467831711879 2279.117544652914 0 0 603.5151178190877 0 -305.1641321054914 0 -182.8871651582338 -658.0712949749602 2715.17062142106 0 0 0 0 0 -556.0355012802261 0 0 -48.34645672859369 0 3346.508020345026 0 0 0 1772.584213043574 0 0 0 0 0 0 0 0 1261.200727461651 0 1648.597428191096 0 0 0 0 0 0 0 0 0 0 0 0 -467.1256458742923 0 0 0 0 0 0 0 0 0 0 0 0 0 0 -477.918200785024, 12579.64219162834 8819.804647476429 -6092.330347741316 -4438.503543535935 -4295.610069586748 -9385.140904365344 -4565.803743008219 0 -1504.112088688387 -2090.916526188271 -2092.521012706873 -347.0779803358939 -22.65889943002833 -516.4671206969068 2141.714387682821 0 103.7279350421849 -1723.954186669943 122.5828381492768 1270.273375114666 -543.421464737022 -639.5824466747304 -1837.154456631434 0 210.3735939165306 848.8346931700562 -315.7053129090631 597.9129731081825 0 1659.774955622536 1067.374387582643 0 -446.8936868885472 571.5169018045542 70.19826142368709 786.4258549231834 228.2079958855298 -3096.324094314055 -2898.220246824232 0 -2060.289120529825 655.0659852913171 3625.670899503878 -1983.833834254473 1095.432009371871 160.5624650972719 8.565813648622452 0 638.2882248336176 -748.0533365208771 -4209.780213018891 -2133.101261160546 -2640.944363350888 -3211.850133648008 719.439226947776 0 -307.0613484317141 698.0458393457416 1374.264985533014 1880.571290319068 0 -5252.705370739441 -40.46494949892076 0 -451.2639352567933 -1612.176972437727 -1751.286290858459 -103.5590420775765 -936.7275058870025 2456.332087388036 2003.832435481283 0 -1141.583939214839 -652.2495718993115 -1620.712050612598 -1265.96094490498 548.6618589221432 2579.491545730635 504.2928761199 0 -2158.037772700965 -1619.469751180473 35.6942905535157 -27.46312818654962 -1224.046228920882 316.2745544953767 -260.5095611280963 0 490.8129274202043 -765.6295964199439 -3644.558614856669 0 0 -379.6971891384762 -278.9867407267226 0 -659.5091357696932 486.1392126680585 -157.2308739311334 -991.1144442855618 -1464.120566859265 -6033.666169683209 -393.2586527565165 0 485.2722846824986 -322.899448981541 0 -277.410543865197 -272.035648340645 -1662.316056079663 -1844.664643457471 0 0 -681.6909981554645 -1946.202088979997 0 -1864.55117055615 121.2355890814649 0 0 0 -302.0965848381929 -1537.250502997325 470.0893886962929 0 -2996.651769004292 0 0 345.480696131512 -798.2566914944729 0 0 259.0873593848839 0 -1184.253645481807 0 -322.4861941471681 -491.3324390100511 491.2289051070709 0 0 0 0 0 -983.7288689353637 0 0 -893.0541911925591 0 -13.19554281041246 0 0 0 -346.149847207377 0 0 0 0 0 0 0 0 -284.4057904670657 0 -552.7488493345816 0 0 0 0 0 0 0 0 0 0 0 0 -575.4549322446221 0 0 0 0 0 0 0 0 0 0 0 0 0 0 -87.40070930684391, -925.3550248033785 -3069.973889380876 -2819.531573828386 -615.0619969952452 -652.3322061862184 -891.2852886441368 -393.0215945167724 0 -517.7866659769422 -9.414826416947164 -2101.411198951601 -181.653581152183 209.3000151450175 -563.1907094122382 2462.173254273805 0 866.9210985663303 1465.983504304567 966.0313184366445 134.0467242459935 27.41181158556913 137.7817819834665 175.3833964822538 0 -281.7166631249818 -755.9432644691834 -2260.178984574095 1802.344245704206 0 -329.1580283090962 2298.195222398377 0 -1938.430543074282 3174.524392701943 -1425.049922129623 -16.63626790829505 -15.17416964570441 1160.583074546567 589.1601934685076 0 151.34647385943 -1888.374032210813 4435.446663751292 1459.330704569329 1947.64725106387 -1634.103532329126 2381.494103998335 0 -819.9762005109378 160.1225259985126 -6742.646609497293 -21.17997750273685 548.4180238594347 -330.2004731847003 2024.2842218351 0 -195.2900487606543 -2503.886679111703 1683.611268262993 2927.984479839944 0 85.82839717689308 506.7088862119845 0 -1729.614680490976 -1943.629365245815 -2026.166540520307 -1036.212243857136 -652.554580175354 4024.895893710589 2746.128185843149 0 -96.15761074966042 1228.3664895306 4560.589903161234 3037.727533790536 234.1139252191714 -640.7772547713547 2520.432556648644 0 -1033.729885467954 2115.967309085546 338.3049203714043 2476.065619088974 771.8080996516588 202.2473163968123 3254.83368397069 0 -1910.006789796533 3776.951723550888 2143.049399550294 0 0 424.0712819739624 -914.3606146426891 0 -834.8218538837956 -576.3776945206905 -408.2004083173808 996.671552076418 -1149.922647687816 -3399.806937218786 -270.5573123914469 0 1218.383715415995 -396.1776384780366 0 -963.3308729108765 -349.3781630505235 -1892.291093394823 556.9046392764601 0 0 31.26893789495853 -182.3063455417889 0 -1546.323468812251 1436.829977399457 0 0 0 1654.301825931916 521.0085802081938 715.3108511373405 0 -921.9006728041368 0 0 873.1366859662164 1686.237913384904 0 0 1068.491607564425 0 148.6301521967025 0 411.368895569805 338.6033563694631 1048.338419706719 0 0 0 0 0 211.2552609491228 0 0 228.5004465912034 0 -415.236378338259 0 0 0 54.09876819863737 0 0 0 0 0 0 0 0 100.3690898413323 0 -702.6637242547339 0 0 0 0 0 0 0 0 0 0 0 0 -1018.416204305052 0 0 0 0 0 0 0 0 0 0 0 0 0 0 -267.035717487192, 205.7113800959216 195.7940832476092 -184.6275019156386 -393.1006899308845 670.2659571020387 1539.856614112865 -657.7142225766975 0 54.51221233506598 -306.0501057686972 -142.2204886785287 -1417.354547184005 147.2256948477675 -1531.245174496833 -3005.147653478712 0 -15.58085661619566 -209.8357371209793 -1087.637640878223 -612.8560561738232 -888.9476164680464 -1669.311961764875 986.2326949251637 0 -1824.422697942529 -2432.867393303845 -2788.01412276335 1111.9967488844 0 -373.8466529225784 1314.680816394522 0 -507.2245102238704 1337.48456260648 969.8712446877867 1886.962315329158 1351.945971111403 2266.86917268299 2102.841974991546 0 200.7954593386776 -3759.686295182035 2516.685897145709 498.3458661318431 538.7592556378611 1081.768885615741 -39.93834596069496 0 -328.1452826991594 6929.236437916291 -3.045644508377904 657.4783420488404 -735.5073694232185 -708.712945955737 66.62216738062898 0 2687.419512079436 -4109.901282093127 531.5319414004426 156.2218601493211 0 732.571760388265 641.4718904954018 0 -129.0718894385667 944.7016434002931 -2055.971802890666 1734.750705082355 -3251.870288554361 -833.3973953677869 233.7014874480265 0 -894.4739173462588 793.8573085942844 5209.655947030823 3953.396431738701 -97.98450679424366 701.0838634666532 -39.27864828184045 0 579.8684311369664 -1183.007895723645 1675.706360677135 -737.880590273061 170.3366785208511 -451.7440000644781 2675.32277004696 0 600.6979400441348 1899.992778155785 3808.808548943554 0 0 1503.2236638831 -2359.731293948579 0 185.1148122524764 -203.8731141594767 -1473.594139079361 -2120.563607206237 -214.1872972846023 3896.493358218642 -4543.843162162368 0 -151.8939277001557 -406.2031260034023 0 -799.3068722907385 -1291.360732452367 -956.8068290561546 -1773.464041101739 0 0 -479.1322716012889 1275.297605422337 0 2514.688120889261 -3334.17535871429 0 0 0 -1906.468767408349 -30.98747769088072 10.3729739119542 0 -847.8210418942851 0 0 202.2218096091309 1921.654677585006 0 0 535.4614146739304 0 -942.0284303742726 0 -823.9979445226729 184.647153750209 -1224.341708515857 0 0 0 0 0 -639.7226306418574 0 0 499.7545171966261 0 -1121.798669740219 0 0 0 -1087.095833258056 0 0 0 0 0 0 0 0 459.683042717033 0 -796.9785053889375 0 0 0 0 0 0 0 0 0 0 0 0 -469.8381258699209 0 0 0 0 0 0 0 0 0 0 0 0 0 0 -15.24056703950272, 127.884823059112 79.84559280440106 -1123.448462587626 -1440.787568609271 344.0988730199147 -266.6590793019433 -809.2503231493442 0 474.982402246612 978.5395666938618 538.8027133185982 -63.54574539954217 263.7011952528812 314.9009093154211 2810.297716585314 0 397.3604197620957 1781.315204482865 -1647.105121379759 582.8030630172653 -682.1601276241681 2166.946323042329 1137.238058056934 0 745.800777442726 -3170.855133259455 -1764.301347457874 -1327.951943120898 0 -1540.928524760445 -260.6842568573147 0 -1116.372436877513 -277.1651800750504 -2132.994133198303 2259.459472822587 849.3953738432649 283.5591479109716 737.3189196686531 0 -1474.410882496285 -6784.478289978793 -978.5206827102202 -3156.411000188319 1.633621555422678 1457.687364959498 -245.060856603928 0 258.8294803380781 3853.860890747437 -1872.19295678324 -2900.634249293011 231.9805417337206 652.941867414386 -2733.068728035977 0 4548.873244704913 1075.655592603063 -893.9134189589386 -762.847772191245 0 -427.2958246428669 -2412.536797737906 0 420.9494567126975 -1240.07611269674 -715.1136907736984 783.4664023507798 -1109.210911811098 -525.4725517008553 -1071.954073489635 0 -156.4217573594172 -1596.192558437148 3611.981484114494 6083.521098289382 -2335.936472017558 1773.532017866452 803.9567778213267 0 323.4190278297008 -3412.259342802661 747.2558171166803 -986.8154003215074 689.705132687236 498.3031168228688 2940.502751861228 0 404.2952986474081 3565.021852013515 1310.857016517547 0 0 1352.710904002446 -2541.41541609596 0 1217.043991396347 341.1550430866473 -117.7827068595907 -1500.792475345275 246.9784327557422 -9.525334289980151 -2184.62762181671 0 624.7274357151964 -2433.704606140596 0 -801.8653091243325 -1155.060659372186 -699.1847291143752 -355.2938752714648 0 0 -76.29234494427317 111.2402318018695 0 -1343.062205797312 -2607.66188750641 0 0 0 -384.7600967765374 -1473.621382767707 1128.499894151375 0 -88.1845410748802 0 0 566.3708229708316 1931.014700737168 0 0 206.5247866194584 0 642.7792432161081 0 439.2083577818856 715.8861867152168 1530.761468805824 0 0 0 0 0 133.0837544933233 0 0 947.6054853453522 0 918.4032870782265 0 0 0 144.2053845970732 0 0 0 0 0 0 0 0 1130.805880420185 0 -272.6711187792356 0 0 0 0 0 0 0 0 0 0 0 0 881.8512198826704 0 0 0 0 0 0 0 0 0 0 0 0 0 0 645.9536812613896, -251.6279488737537 -10.19848881171556 -345.2833333907694 -310.3635353304371 884.580140317066 1658.742866815768 610.4318874105809 0 -895.7035705984911 -1244.838369227738 1228.809832340215 342.0940718459927 -1336.622259183697 661.6097689014073 2222.037849321986 0 -543.3761144641501 -1689.449331340426 -3526.034400596997 -1218.686046557837 1973.865568434796 1301.300328044364 325.4566053255789 0 -501.3051185840659 869.6068776402219 -2901.826358649393 -2189.589724286603 0 -652.8794327000044 -2499.525493198115 0 1056.172051239967 -4581.981164286728 1814.663555533734 -360.7730389627566 -607.6695781591848 807.1084134257233 -1842.039299355987 0 -309.3220513517858 -758.3892289535593 -3939.141449839944 -1753.569981360347 70.1273196943896 -2827.085454801568 -382.4438281670314 0 -124.5934884102395 4267.415166100017 599.0427557596813 -2848.911720665104 -1032.406397767516 954.5350920092106 434.6121111729693 0 4275.993994304647 1097.365074777877 -960.2782652960861 2209.093203044886 0 802.8959039439717 -1587.684819489583 0 488.2611760670802 -1925.302588084664 -989.0115716803915 1469.046011021342 2157.849316947607 3637.541093361177 -4022.642710962527 0 533.9087438712344 -4042.208883876715 3392.387216222923 188.0517546069218 -2153.169723350701 2696.820266535025 2895.019703003959 0 -1183.052928591909 -5689.366023499445 -227.5893729717425 -4115.872354295685 -628.8810515669492 -1735.088916725276 197.5196772732775 0 880.0782390309316 366.2048039158811 -1916.197083500068 0 0 1201.964965686117 -3661.873931922833 0 -91.83685482253532 2694.299597600482 -994.1101540201636 -153.8438481988846 -654.1116136894998 -1742.872516769686 19.70577066107921 0 284.2392110441579 -1397.980458797816 0 -544.4355864841498 -207.9665652934653 -565.3477111926572 2152.341443275569 0 0 -120.4973377831654 -1017.392882375857 0 -146.3063901873155 -676.1653782405474 0 0 0 1505.074674950586 -1176.380837674142 -1651.059498675445 0 429.1763454359408 0 0 463.284826299571 836.874616169302 0 0 212.8332603026008 0 877.7074037680237 0 1372.158541711008 702.3803504863898 -240.9414009805598 0 0 0 0 0 536.2705994175271 0 0 -465.6923161825873 0 -706.5994211703446 0 0 0 -48.56003747108832 0 0 0 0 0 0 0 0 -1418.626442155314 0 -1373.139022774653 0 0 0 0 0 0 0 0 0 0 0 0 -1154.978279531693 0 0 0 0 0 0 0 0 0 0 0 0 0 0 -147.4777014721999, -737.678783765798 -1064.050338317395 -1781.909196301695 -1563.443045459421 815.6152408082904 779.6355941316491 227.6220877942012 0 -2050.470181824314 974.3252967454849 1996.50285900507 1619.1697379345 -205.9826629461431 1830.1056811613 3890.421750730098 0 691.8886962742678 -600.840675126165 445.9681657304283 2163.556953974969 4361.064503540475 4266.263472465319 -1206.228983280391 0 188.8556469812647 4696.660735835773 243.9555844203626 -978.9058876993577 0 -175.5446523457672 -9.749425673633937 0 832.8733443380481 -5507.959967156688 929.640917392632 -83.04190056243897 -2323.064608931426 -353.0984381281269 -1132.484966091703 0 -2316.940236100508 -1878.709582863163 -5499.925915707473 943.9959696369588 -450.0393648301981 -4682.009881447853 1254.539661159848 0 -2017.563065581817 1750.885009826872 4475.885363061173 -1464.101198367068 -391.9556411118627 202.2039582897789 1256.526030810216 0 1573.091099284747 -1131.664074590695 -580.3957101335566 4433.426417604976 0 958.0680992955868 -1180.5441193174 0 -296.6840901515417 3298.313480404418 2948.187527859871 103.2372384130293 1402.828157164633 -639.3344475336576 624.8842286821582 0 -2558.944992487729 -1627.96609776484 1538.29195809703 1621.429575813089 35.88411814268329 3267.626464225054 -553.9873924664869 0 -162.9057104779993 93.43437727939624 84.92778705110302 -4689.222449035434 -1317.38546972098 -2072.217440443959 3515.845225579606 0 1759.665010481348 -1495.242826513298 3750.859161178592 0 0 2006.5591313089 -4591.032091753299 0 -362.957747784173 3216.913976887327 -1383.144174029875 802.9691874043152 152.2492794364629 3648.678182070124 -1593.129963690512 0 1331.931789431371 913.2050134822864 0 -1766.343572510352 1399.551437056295 -1574.422766594077 1936.733974386122 0 0 1484.516342576045 230.9673262557983 0 1030.486613438432 -3052.815834641787 0 0 0 697.5134339357038 -2551.049436213757 -821.100609548275 0 -1081.555099683083 0 0 492.8775341745201 -1226.563425909371 0 0 -745.4659546704402 0 -359.0437728135743 0 -1288.255331891977 274.3108178853636 753.8013591640143 0 0 0 0 0 116.176283984717 0 0 -539.0965936657562 0 -2451.257972983871 0 0 0 691.8195587567368 0 0 0 0 0 0 0 0 -1554.01570100932 0 -123.0110667654083 0 0 0 0 0 0 0 0 0 0 0 0 -370.7279683693465 0 0 0 0 0 0 0 0 0 0 0 0 0 0 126.9472038770746, -47.70616344779683 339.0327823917861 -91.62369149651209 -1280.265221588583 355.3729757438562 -395.0895889934779 -2118.412019681564 0 -1032.291030482927 -986.5014246885768 1865.621396106052 1749.055986522379 -1035.959049687993 190.3115014509415 6369.004923631307 0 512.575067215133 692.1630520212825 -1547.949473222112 1631.320723903403 263.5502934863 854.0995827793101 -540.8419249738135 0 -351.1954861467835 353.4473821755768 -325.3389109898592 -1583.714177065249 0 100.2679880252909 -1507.144131884481 0 -1179.69471940453 -4089.092642031525 -1524.395113413248 2643.061346855748 -279.6277469359433 -927.7250275166393 2638.722587636752 0 -802.2764594545686 -4584.801227374664 -2495.232377297083 1662.535677560955 -1784.348562336741 1969.782952986284 4127.884920197788 0 -1192.402436184033 1902.567462633391 -55.43138559219369 1977.918717348521 -1150.26967219332 1040.51188796913 4199.312972630252 0 904.4362240893049 -2266.780651156978 -1239.697470048559 147.2372556198802 0 -17.91201796472183 -122.3036239263727 0 -157.1975674187536 5968.110209332509 1922.052244735707 -1105.062705598044 1926.407058025006 -172.968177999747 -415.9701535734087 0 -3589.035478748419 -2099.85142131453 1287.182289622555 4998.449468671934 1.227652658322768 -2661.255588883598 1008.808528624259 0 49.24755488599359 -286.4943596503977 -634.6695458906728 -3080.103707651147 6.467458109459415 -414.357449812014 899.8979357504295 0 12.87883448003345 198.3611501376154 1270.672784892041 0 0 1250.975421919639 -4055.777585419389 0 -780.655362505119 3014.381258978966 -112.7636359694666 22.8481892945299 -932.019353132687 -989.325634975454 673.6420965062646 0 915.5976377688812 1864.619239443863 0 -1610.980918577229 2090.552342982497 -805.9907283190205 472.8353997556668 0 0 970.0674597456741 -1445.129122725511 0 1559.569592305953 606.8318524454959 0 0 0 555.0387965412274 1267.510827550745 -1099.639575901683 0 -1448.536604225902 0 0 549.2378648287622 521.2379516956162 0 0 -584.1143251199366 0 -764.5047930939537 0 -1103.538925164092 972.8152076433479 -609.1986184937931 0 0 0 0 0 318.7036035254819 0 0 -303.12044703228 0 -2078.439494173805 0 0 0 144.4840661724037 0 0 0 0 0 0 0 0 516.8829621007203 0 -157.9721757920577 0 0 0 0 0 0 0 0 0 0 0 0 1685.216529267685 0 0 0 0 0 0 0 0 0 0 0 0 0 0 537.9548117114678


GFLOW: 0.216 0.2518033714312738 0.2487679402916511 0.4226494424899964 0.4180407608199365 2.898072299526729 2.898985039405324 2.73921829387944 2.741979604025564 -0.1069921312706543 -0.1545139140179484 -0.01922572092085938 -0.06784388381476165
q-corrs 25782.03025949277 46523.13600559811 23619.68604684555 1580.239896934981 -2602.806521730161 -9300.364859064341 -7400.802389546619 0 -2508.42331400002 -4179.130830545406 -1847.725806801517 -1486.016623403092 -561.540780823475 -1683.718852124262 -2545.399143501134 0 323.260687165757 -1376.057117456211 -315.9545284584497 -543.5599337560853 -1021.130374779295 -2007.056391373593 -794.431047746468 0 -105.9701989368296 54.11169478232382 -1215.808153604295 113.3936588429688 0 1006.844337256777 -1519.566173551903 0 433.1181039556631 -710.7668923866793 691.9593891599686 -672.894781024067 1199.378129261906 -1345.860501312221 -280.8308465143952 0 -443.3561058040994 1508.711167594407 1540.272621429013 -1186.773145313898 979.729133945794 1616.101809301118 820.4613144944492 0 131.2000651473083 1381.457820390215 -2436.498046846914 1757.105210897118 -709.3304654940898 72.39784124982614 865.6569656298569 0 965.5562124284929 112.1427484236464 744.1871745992548 -290.5117530120435 0 -2147.098009111011 2823.198675581373 0 -55.63348884862319 1383.561065850355 2141.165897996396 521.143510958917 -91.74831630173753 2963.477983035165 192.0204498968259 0 894.6234918105347 1779.037214332947 486.158733743875 178.5138095033849 114.4708157299549 1264.915175978554 -185.2376328801493 0 -244.4550745072444 -87.5676210817972 188.6572504290321 590.8486492423505 80.98298049410633 1022.4677759474 956.5258093591497 0 620.5591449521251 -17.86013009989261 -1455.718336900669 0 0 -547.7529573931284 -464.6342878161887 0 27.85082294029652 382.3389903275144 1187.520804151193 -1135.928708979246 -209.1049044690707 -1306.10755814905 -563.1414317338681 0 -123.0298415338584 165.466481273298 0 -322.7734739122923 235.4149409079525 -19.83409620229885 -2071.148642716256 0 0 -136.8232198993369 170.5114045372211 0 67.08300844305244 -419.2427582213824 0 0 0 -603.1200319881989 -1004.521297637348 458.1822552808908 0 -1427.402461387701 0 0 45.81258537048308 972.5151349395469 0 0 50.66105601202234 0 78.31162420549251 0 -324.1021904406327 -431.8868797790393 1090.339759811644 0 0 0 0 0 -87.81235785380845 0 0 88.15566473043634 0 1598.437087155887 0 0 0 647.8192745617928 0 0 0 0 0 0 0 0 346.2919846689131 0 696.3843663204237 0 0 0 0 0 0 0 0 0 0 0 0 -348.4889487999832 0 0 0 0 0 0 0 0 0 0 0 0 0 0 -240.6189706483445, 7796.811800773899 11972.28165353339 2978.584140005139 -1536.94109585498 -2329.0160490528 -6714.850874820221 -4539.070504490217 0 -1496.797757369438 -2304.704510926755 -1384.300596637786 -753.1894244137918 -258.0206762420597 -513.363433794243 -257.6769330708717 0 459.5861699648294 -374.0497006019372 115.6707961597009 290.7830198576731 -107.3148148551463 -670.2405222184148 -946.4684733966025 0 -218.7112538518224 411.4493156608044 293.3326483684195 311.3103815002615 0 382.0772680084368 355.3012741657069 0 -85.24482961505646 545.0136687533645 102.0517668408472 276.0705982724396 15.93101011340067 -1673.967287724581 -1480.766495657854 0 -333.7625183867266 134.5479035661257 1841.739687728184 -750.1613497081064 606.0334589040535 440.2759718969015 423.2693578693804 0 103.8313208594606 -587.8618579877149 -3543.063069899878 -354.9359095476331 -1049.748712510583 -915.173963500197 488.0578462574806 0 -286.3898575105406 356.5968684221148 389.204679227185 581.1361052070187 0 -2616.369030942097 369.0988526562703 0 -390.3422893449208 -1163.832763756071 -1060.719349603768 -197.3908754096195 -301.9461672796004 1511.60997594984 1040.917611210273 0 17.51475503967375 -76.9006237670614 -796.6970510191327 -956.8737598991338 283.0777829201518 1429.459193539837 319.0525154073189 0 -1026.005409050662 -1036.345017927878 158.5897806531397 558.7551184526333 -335.786815308849 -413.3879179571719 -783.3148920532933 0 294.5883013988559 -482.9746502841731 -1940.783466925012 0 0 -193.0259513275037 -262.3504083786362 0 -153.1368334910854 70.52021669816941 126.0409511743658 -1249.492147177102 -820.8901267665453 -2783.514163765812 -145.0992445944397 0 96.20010111388228 -374.0871287214478 0 -253.8513264319958 -67.87760387979498 -883.6663691702478 -1542.963000473195 0 0 52.57857655665458 -1128.299033902787 0 -1062.89935715061 158.8425893129383 0 0 0 -328.710456300689 -660.045621891062 35.74848758933177 0 -1660.514107026557 0 0 296.3637610708138 64.48193196431905 0 0 144.5078219831345 0 -270.5606069246041 0 -335.7888683531814 -192.3442066492312 152.8724179156989 0 0 0 0 0 -157.1371200284133 0 0 -266.9985060086873 0 28.63579434322259 0 0 0 41.1086184008098 0 0 0 0 0 0 0 0 -361.3096425708749 0 -100.5121486015958 0 0 0 0 0 0 0 0 0 0 0 0 -428.4866320324612 0 0 0 0 0 0 0 0 0 0 0 0 0 0 -93.79961579151586, -279.1906744094101 -1578.547253064171 -2119.750398762794 -833.7382074786262 -802.6753142943858 -1772.572130122553 -923.5489363784609 0 -500.8558513110735 -448.3340478125347 -830.5109512477791 -159.6865904616908 46.92288319680281 -440.7544501813578 301.0994651509467 0 483.8655501645887 829.481177364637 264.3637388250233 -62.18393574783056 -120.9399218093605 -323.9530570469019 14.66606264878348 0 -164.0954531950138 -428.5232149042291 -236.5722387852027 685.4115526654449 0 211.0865662709912 1198.08759455438 0 -639.6435781699271 1337.854826077703 -370.3919697139178 691.7805255862186 -145.3835832172879 141.0848248811737 567.597360142167 0 588.9837797646247 -387.4163300849962 2320.512758098117 371.1046325088646 974.8657994059325 170.0938659319156 1402.565679984659 0 -367.1521498451202 518.2218031708126 -3671.116345612544 8.833207600998264 -32.30474522777213 483.3257522905998 1649.445775363202 0 5.850772869153673 -579.750574597655 1004.15260592428 1738.892512298044 0 -712.6341701631784 878.2865620751437 0 -815.6076576641907 -938.4584990945136 -996.3023754561698 -138.6909777137434 -195.7126197369187 2302.700748989534 1090.968485508698 0 282.7884633405469 1012.677140661786 2799.937202469509 1019.787761195957 313.7940841834773 515.137194672875 1439.668763274664 0 -423.4217768757333 1044.025898785397 311.6985048810495 1407.921898507381 793.6415540994556 244.2175424271433 1328.67783135845 0 -542.9177840623407 1244.36259201738 548.1744169113201 0 0 715.701061083303 -817.8519875692475 0 206.7951344317757 -102.2034282373931 645.2956357197902 328.6102393617851 -517.1696090015598 -1891.078066342499 -0.3882297734720623 0 249.6477643328546 95.11191573886305 0 -498.5063497972209 -50.96535049628171 -923.2037470902849 -187.046219164289 0 0 236.1270639594529 -154.9546490952139 0 -737.6725381587323 734.9639961987768 0 0 0 382.1260140217601 52.98931070784991 252.1963232625008 0 -401.2317932465976 0 0 354.3969864995179 575.7260141208226 0 0 550.7511785876483 0 -100.5283084157579 0 -25.53035931797589 163.1582612922735 394.9017735493284 0 0 0 0 0 43.43475641060391 0 0 -2.112123023835636 0 -533.2432823513283 0 0 0 66.94240427426845 0 0 0 0 0 0 0 0 -354.8851468697149 0 -348.7417529125455 0 0 0 0 0 0 0 0 0 0 0 0 -481.8631873630293 0 0 0 0 0 0 0 0 0 0 0 0 0 0 -90.73103633694834, 56.27716202844499 48.81377173761499 -24.69837963304252 -34.71093546585712 117.5835210463349 275.6246294994019 6.203517739717313 0 -63.65011303723298 -331.5633994284856 -501.9733038059607 -581.3181075264957 -64.24009731031612 -1037.458764718492 -1661.476247517217 0 24.57717041385176 -380.0274753434743 -1154.974580705009 -761.4967271563935 -757.8337506563848 -1109.456418013099 591.029308209283 0 -740.8624969632306 -1480.731662883239 -1231.408129997389 285.3212047434272 0 278.6954728013926 940.1680896215692 0 -375.2221115108642 1037.321647602299 99.42195050114287 1740.871661008186 1079.887616120076 931.5866775630197 1305.008024905856 0 296.9537714472106 -1428.537576609113 1672.846981372858 -94.06036565953873 635.0014924104281 1029.246188177604 991.6126645153731 0 -366.1226286798835 3243.176288265421 -269.728375036164 453.3285069976581 -521.9836669548969 -342.4125494086753 168.8399091371216 0 924.740070935534 -1082.011020080465 81.80392965445637 494.2840078209755 0 -579.5924736533362 548.8953605942108 0 -113.7540792586433 579.1588583941474 -364.8747176163704 533.5410868728416 -844.2386381029717 -254.7152147518698 68.77428261809092 0 -241.7093462573337 775.9166328645808 2502.475952202534 2547.450507963278 -39.68868659574224 660.0000604290594 831.5354446955977 0 184.6915857079555 -21.39735102679271 626.4493678552851 57.20306393879696 544.9240476747618 476.1500818245427 2303.617640440036 0 161.997827178603 784.5580252276641 1559.348714013204 0 0 1110.198966433692 -1465.562088658692 0 316.0740547524012 103.3748726772312 -65.35585313805001 -1129.530740406911 -25.60309312958043 1564.595942696028 -2132.110168655779 0 11.75275960238585 -186.8719149546998 0 -754.0347320111325 -543.7205593742395 -338.3850844982847 -685.0625062848803 0 0 -317.2248513134141 -265.3125813586921 0 863.4697033764973 -1722.145599501548 0 0 0 -1112.038986233724 -282.349768527844 -96.89226785310669 0 -95.19473522721802 0 0 66.33629669885647 661.8905791829222 0 0 -4.29917351558025 0 -806.5663635193208 0 -273.3111044591096 5.810302652052542 -346.8731836795869 0 0 0 0 0 -227.470941434291 0 0 106.9740833246722 0 -845.358176776223 0 0 0 -380.1658983527632 0 0 0 0 0 0 0 0 -150.18614855526 0 -455.1551957818765 0 0 0 0 0 0 0 0 0 0 0 0 -311.0904475022073 0 0 0 0 0 0 0 0 0 0 0 0 0 0 -23.17565584075997, 75.27759350571978 150.0846042018288 -235.7327412562443 -403.693708292158 271.7970442424221 283.9089535089509 -221.4428717012013 0 97.15076784339581 -110.4858660759405 168.8413670159347 99.7550732762133 -85.34606954056177 -363.2972112696724 414.5251744515579 0 32.57263174316978 653.7093199610297 -954.3709672531122 -300.479888815017 -174.7750682058197 827.5213500403795 740.8788610456136 0 175.6285203293688 -1760.471797412554 -1488.458206232048 -589.0700169742286 0 -785.9294720680318 62.69528455830994 0 -696.8775106568095 -405.2098115634778 -1350.714007802389 992.215781130314 94.44424364355416 -344.6967719477841 -507.4269186020961 0 -727.4139586877195 -3168.802098084491 -281.9298726639328 -1575.885454449688 219.4604357907968 280.0137220338009 163.052870221352 0 1.48866623846061 1924.989817875329 -283.7755058808931 -969.0392890879236 9.431172902630692 -104.2264114016862 -1381.862824685638 0 1385.448864212679 1079.555447624719 -791.0087635039292 -371.4573466947591 0 -227.5806301536072 -625.0157985854537 0 200.004778044685 -431.3982537614606 724.560412594357 273.0707840532943 -192.9696026917126 -455.6880986729027 -854.3946835655672 0 244.0120747315483 -664.3604425469939 1735.791984494522 3451.519222448691 -996.6117617812807 1440.696157806984 723.1118028758079 0 108.7496462351772 -1558.32934083495 321.5596092419296 -870.3007607614387 93.23405497943648 530.4370660853577 2005.980391994732 0 219.2311036197229 859.4855755099951 511.4701891168241 0 0 691.8297085682965 -1605.539948688906 0 259.30540519709 239.4399678896687 -437.6302064982555 -1177.226391704645 112.9286815889519 116.9799998976904 -1718.225685580165 0 49.40462594431781 -1218.814974453313 0 -705.6362094423648 -503.1977288689352 -379.9894299724067 -40.55568547107475 0 0 -269.9040633678188 -273.7251390869444 0 -545.9470395802578 -1717.268060191402 0 0 0 -204.0411430165214 -717.8812700357519 739.4845678088236 0 132.4386632720436 0 0 185.5747440158743 1084.656738655206 0 0 -115.928464714997 0 347.934220100776 0 508.1347407637822 0.1374622572990631 879.5758789739548 0 0 0 0 0 95.32688987183062 0 0 488.4910097074287 0 621.7081410453998 0 0 0 56.52975781941022 0 0 0 0 0 0 0 0 825.0656683695512 0 -175.6287551046195 0 0 0 0 0 0 0 0 0 0 0 0 532.2257719898607 0 0 0 0 0 0 0 0 0 0 0 0 0 0 256.2560045111589, -134.226541603556 -233.8026302679346 -235.2793643051928 -140.8003389381778 436.543572246338 993.8245719469453 258.1030152999439 0 -229.5443525360155 -866.897814637176 557.2345282522539 377.0365288359798 -694.6279838319022 326.727544418447 650.7256106555044 0 -216.9253275115178 -397.0373212231984 -716.0302135355672 -296.2068437433339 1201.390113177805 813.2771026187265 143.0712934977071 0 -265.2612325474851 651.6437869139795 -1222.526524367838 -1129.830050803195 0 -988.6452643485406 -1546.758305823914 0 154.7448817357759 -2644.852696299906 -13.4894841680364 -574.7550226774074 -870.1603858087906 -28.18228531130012 -2205.404533760405 0 -461.0154080665643 -2016.466499561699 -1776.461627067944 -786.3326535627249 -303.0573162487818 -1607.703593694462 -77.75019603586361 0 -143.1996128200132 1580.597456014715 720.7591688152054 -1167.850367659114 -103.2953422848956 769.7894613595568 97.26524481008948 0 1673.111461883017 818.7138736344276 -348.6445999764563 694.2728165119173 0 434.277756624368 -643.3421470629621 0 186.6645948309126 -619.192051423059 404.7510799489475 443.7753239949071 1133.575928371257 1437.741867976799 -1559.936096088857 0 -170.1401168763734 -1883.16909614982 1135.727391087759 1078.739804419591 -1155.158095820578 1956.779931057823 1036.035533065516 0 -505.2894886462286 -2538.88613406174 8.083182886662925 -1711.122522880903 -485.9961150874427 -817.496298070206 1108.920063398173 0 459.7656102635872 -450.4448586585689 -329.3976058697054 0 0 302.3392341414378 -2095.06762574856 0 -6.670500331087226 1400.784590439535 -870.8104910484147 445.2626385650996 -176.6908487842044 -943.3485897286049 -492.7541085059876 0 -201.4510936605267 -558.4468845942158 0 -824.3495869755652 147.0781984303019 -604.2759292510245 1043.199280254917 0 0 62.85626317213439 -322.2827889600701 0 -569.4947254968472 -760.142255031381 0 0 0 1035.56272639547 -925.0301352464601 -114.6468086173631 0 166.7583844108573 0 0 333.5600459519576 304.4222745412503 0 0 -43.1305564467051 0 526.2454367425148 0 903.1080267961038 -11.37710762997681 278.285134752502 0 0 0 0 0 96.78916390989195 0 0 18.37716292041355 0 74.2724350158735 0 0 0 77.15346476662189 0 0 0 0 0 0 0 0 -261.7102679061249 0 -557.4043704430312 0 0 0 0 0 0 0 0 0 0 0 0 -337.124050723733 0 0 0 0 0 0 0 0 0 0 0 0 0 0 2.903235111667964, -248.0814054064488 -706.0962266064295 -1159.194341813599 -768.1769178668451 266.439417737261 47.80463147349292 -143.7208870583909 0 -521.6739358489046 428.2412489344753 1318.328680737348 1122.56401329298 -203.0822586056519 1316.389163789677 2614.406385878959 0 296.7533160436917 421.6183646936196 1098.862960320432 1461.736165295955 1946.765011591883 1929.193605891845 -467.7263883903126 0 40.44426311253963 2644.812149611969 454.5157453041707 -640.0872155152251 0 -1249.654555637277 -302.8866956973613 0 261.3508213328097 -2834.398731408425 -94.58112546525126 -600.2522699982819 -1762.103946220117 385.4284928597876 -1025.971996501343 0 -724.6850047323564 -2482.685411796797 -3284.054077370744 539.4699855735321 -631.4049956692655 -2589.587893211078 442.4450710157348 0 -732.0241025794498 501.6172988960179 1421.522149299821 -996.2813444138163 -233.3196836083327 498.4576672478059 96.13128529740476 0 930.0170572582889 -520.1726986611617 8.650727328033724 1678.91265232851 0 227.1934993199725 -1276.900280173453 0 -106.2161645139444 1405.028332079849 2318.622229003272 5.16665549053036 1144.245501525357 648.8912892571943 628.5965987416783 0 -1238.21636960676 -938.1489574568029 1250.13307139586 1751.256929777167 -385.72856554307 2567.965838422715 403.50344594182 0 204.9352023447029 537.9617555618831 155.6922675540745 -1739.408741379739 -149.6435065146956 -779.436133581672 2336.458714512773 0 1092.405305888342 -308.8616324067427 1757.588433107375 0 0 614.089334888933 -2157.532759243035 0 77.50312118778004 2189.577763780793 -595.5696763954094 859.8934039729276 138.0608949260963 818.980532090311 -716.5367376601243 0 113.6301231631602 298.1019128982383 0 -1209.410218021458 834.4919815720164 -1044.354017950257 507.5209165108284 0 0 662.0852530443533 -560.0881480306473 0 57.36415525153302 -1285.966275249908 0 0 0 211.3608040806054 -1267.710262205666 -378.9455250656052 0 -688.6186338389898 0 0 289.5941314365542 -460.750144265227 0 0 -373.9230528993509 0 -585.6673354796128 0 -708.3286940918529 -57.58615509315648 246.8174282385153 0 0 0 0 0 53.5163008991367 0 0 -454.4843534046028 0 -1289.531069738674 0 0 0 371.145874800906 0 0 0 0 0 0 0 0 -790.1316000601064 0 -216.3447540246603 0 0 0 0 0 0 0 0 0 0 0 0 -90.83310404975239 0 0 0 0 0 0 0 0 0 0 0 0 0 0 117.3138293678018, -23.80749048996995 -212.4127087448167 -767.956510126742 -794.8227526184585 -82.78776303971293 -946.9563731398523 -1218.611625809716 0 -478.6070151073704 -176.6456444789663 805.4144921973743 973.0395918604477 -355.4295287738044 597.1155065419761 2953.563869988438 0 290.1426472184226 637.4254052162463 246.3629524838126 1092.314743174037 413.8460141131147 741.9909187009046 -558.9782605510534 0 -193.7475063290349 5.881029838856236 -111.5171494647829 -585.8066168611824 0 -818.0951289824282 -496.0697346405551 0 -935.0165161502651 -2561.123112059465 -1502.353846620982 -55.76126534073251 -705.9232908806099 554.9973655549536 1064.121218814748 0 -32.83492566910718 -3358.144121358235 -2523.253499884299 1013.942402838653 -634.1942516160173 -38.59373523046861 1250.058859518799 0 -818.5987547742587 1240.807237981582 397.136375296571 203.7022935324437 -584.5613901767548 503.2754970574858 1712.660417138782 0 1028.170663701086 -1684.608447057098 -513.1463801015984 -17.49865165652244 0 -534.9555055986715 -1717.586495716579 0 22.20946267287795 2765.438468382947 913.0031736365486 -658.4880558974519 838.8110396631729 208.3199511574047 731.912674161026 0 -1905.256734580465 -1200.398409526192 92.51539042582851 1891.742391833596 135.3922727850224 -1075.560968645787 704.296152232446 0 165.4629837903272 570.4059101412112 -629.6915708545125 -1168.537993229598 123.3187696128031 -410.4348044900312 648.4311271920828 0 -29.99380906623566 -32.93131656733567 686.9065059760219 0 0 696.1064309308218 -1773.035277548265 0 80.13391777090848 1633.411385397107 18.05377364810079 -307.1685354616217 -153.1806960588776 -735.8091739140605 -116.9951945998413 0 311.7393453945821 634.0897612667964 0 -691.5271150044572 1088.825307855352 -427.7358987407524 -25.22176360064576 0 0 398.6364366776282 -768.4659821606793 0 300.0928595742042 -128.6229553505849 0 0 0 392.5474050714361 360.6632016726942 -229.1806577432521 0 -580.0759823135531 0 0 195.1613580868259 230.0317288815795 0 0 -205.4811608926781 0 -702.6804019057757 0 -656.0935022235664 325.613888582715 -138.3353916788422 0 0 0 0 0 243.5001682576907 0 0 -492.2375493552977 0 -1469.763939687157 0 0 0 -28.78252772221799 0 0 0 0 0 0 0 0 -219.6134785247407 0 -330.9795516766667 0 0 0 0 0 0 0 0 0 0 0 0 586.0999769922953 0 0 0 0 0 0 0 0 0 0 0 0 0 0 280.9173421135357


GFLOW: 0.288 0.1733649443455521 0.1709075099699593 0.2732395580573505 0.2695993208233355 2.942009958529295 2.942695981570336 2.836771227092297 2.838913262068553 -0.07735906336010698 -0.1195277948207951 -0.01330164493328132 -0.05892566468025556
q-corrs 12138.17715507479 28269.52592195765 20200.43469426717 3774.719036593063 -111.4511721443699 -3594.293531684952 -4325.217259381347 0 -1878.042946581213 -3498.516590891281 -1473.784036225401 -1471.913721675063 -600.0696625445207 -1343.354102146095 -2443.118879396211 0 199.3949726157243 -961.3880803291845 -554.398796563715 -584.0231960926957 -620.7429910328653 -1370.215718959647 -548.9677465012567 0 -289.4806304578157 -144.3943681657627 -834.0695644200692 -223.8074604219004 0 108.0192557379572 -746.1794536511561 0 294.0598184037385 123.5955011122142 93.75881994489174 -315.0995379076888 407.9366404221413 -887.1358417952572 -457.1422659506847 0 -7.867690212055749 731.4383474427354 1267.608747871944 -572.3012348157667 464.2954179667995 1124.763964821341 484.2789287540831 0 -108.8362802564745 458.8985414844926 -1206.688533611589 1136.803984123999 -352.3971632364962 171.8659742291521 880.726981476902 0 626.5753942840547 251.9206373335021 118.9951281665826 218.9398579049293 0 -549.6772053542464 1768.278391016884 0 -98.48924444277148 223.8367995380228 622.1698760721902 317.8537878777963 29.39667846074348 1158.795514788803 419.9637283102217 0 522.7933250728153 496.6083834754079 220.6316786250172 -180.4105148200704 122.5229732982829 1253.963041891159 -250.1494922868773 0 -342.0898716677002 -38.3077553557462 248.0835616171213 391.5104641280313 15.46942484400228 136.5743885658398 66.17578582489787 0 481.31978021856 -156.3844590470351 -770.9548765691159 0 0 -413.2928172409229 32.99765158267823 0 124.8573916962698 66.85474970779994 368.15281481776 -888.6820087207343 -180.459462228019 -584.0262860032133 -312.8820083759747 0 -264.899615890015 -22.5044732839325 0 -196.2418534988593 -50.08673848493888 -126.3006645847616 -1425.401595781218 0 0 108.262359594749 -150.7797447608131 0 -163.445288306795 -322.5819697721756 0 0 0 -557.6510685092918 -554.0793859734522 -27.27856375455764 0 -1043.51845477433 0 0 135.4231746229226 386.1023570033367 0 0 -44.62846034553185 0 85.65935906776906 0 -294.0690552389347 -206.3206359236438 251.0385748846063 0 0 0 0 0 8.383577975898248 0 0 62.3455963108772 0 607.2852356707998 0 0 0 211.2008433803621 0 0 0 0 0 0 0 0 12.06440411626275 0 252.9993909365286 0 0 0 0 0 0 0 0 0 0 0 0 -271.8047046563074 0 0 0 0 0 0 0 0 0 0 0 0 0 0 -139.6335392669529, 4727.958114426202 10226.3193479055 6052.36444433961 422.5302580491904 -837.378026389501 -3710.404133413223 -3323.605916165584 0 -1240.830933528219 -2231.783714762089 -1095.44860641326 -935.1344980076385 -360.3397906667442 -628.5978708087282 -1148.530459370937 0 324.6908014160739 -207.1483936436987 -27.99860204254736 -169.3566722264046 -60.5509624767416 -559.7284340211343 -479.6806201282064 0 -233.7580680537975 161.2488401244181 146.6230018103234 137.2430779478379 0 240.1002873670306 150.1492356458382 0 33.53171649657159 392.865130948837 108.5327154596029 183.501770855609 42.21182044122844 -863.8693116199548 -657.117062150912 0 83.21710376186608 253.7390295975569 1181.180473623531 -395.6734796791683 312.4714678227535 644.5065167249546 373.4562467021649 0 -58.35972203335479 -359.5697121234288 -1961.47525738431 167.7678943522289 -493.5783251696188 -169.8893949122519 620.8933101606414 0 36.79024137600771 267.7207083784248 92.01948883855187 333.138654563363 0 -1167.081625200484 451.6849558038027 0 -249.6831999347223 -684.0267051678013 -645.0972001872797 -30.03011203459739 -32.39755943102301 819.2701004352838 555.701621106193 0 206.2859323140035 -34.92446746841114 -248.104153805724 -735.0380022403879 179.9371178778932 956.2544947154063 84.32978381117618 0 -575.4769744958221 -407.2214581252994 210.2070062706594 427.26787765468 -45.39436244506152 -377.3517978167973 -660.060202123522 0 174.8027425949017 -230.2315911358489 -1080.847108372704 0 0 -156.1351111567542 -128.2014445272359 0 90.44983061888811 -68.25841842458951 142.0876048912193 -874.2837941353957 -398.6964644472028 -1405.650004240502 -127.6029079399057 0 -133.7677764736521 -206.1705347550879 0 -183.6395708026305 -45.96830121950786 -425.8643446809633 -1131.232763480444 0 0 146.1581545191294 -662.9499016392692 0 -599.8406307368368 -1.777955579489117 0 0 0 -296.3944744168102 -340.4465607012625 -111.6449981087106 0 -984.2812471175454 0 0 186.2372830215619 33.45518875189765 0 0 67.89739756401752 0 -48.62897581512766 0 -282.183822564985 -70.13341179156124 -13.24626316546033 0 0 0 0 0 -18.30901100571374 0 0 -88.28528762917722 0 4.681998160837992 0 0 0 63.76233841619438 0 0 0 0 0 0 0 0 -265.5119375911143 0 -0.7467361615374273 0 0 0 0 0 0 0 0 0 0 0 0 -290.3273566754975 0 0 0 0 0 0 0 0 0 0 0 0 0 0 -82.55675192922243, 58.59732394486846 -427.8655977302575 -1097.826405271199 -625.7044731273231 -591.2248376648027 -1602.387503982598 -1054.274554404242 0 -413.8004635703525 -625.599341718472 -482.4003349571638 -256.2925400041802 -75.35037040499276 -346.7149163461552 -322.3905479400205 0 284.2993388622518 420.1860188526132 68.71205334874048 -161.1542541416985 -25.88260805127328 -204.3647923153195 7.587410141615436 0 -85.40922754601709 -169.0473208142569 197.0581125284299 431.7602052355863 0 468.3586820004093 762.9470505444176 0 -220.2695952083808 660.4554944441542 54.89059196327258 676.9133590315437 16.24716339431078 -53.83566777114231 434.4177636079767 0 422.0702527582977 163.0959421171247 1265.492055360898 61.20029979407023 518.2605933478737 597.6636781795689 848.8653790658606 0 -155.7026150690523 385.1856728220471 -1848.951067739353 -3.56693124253303 -185.3124571105925 408.4091389632202 1157.331031009284 0 256.9564936989901 78.97241785640986 519.5551498193815 1089.712124566783 0 -528.0367986957174 722.403630472921 0 -392.697233641789 -309.1746942968025 -279.8231511327238 112.1404979488324 81.35188392545467 1345.573604759635 556.3722073177207 0 248.7493188763862 574.7876909464371 1619.587602975152 340.814371086482 230.8944577979046 707.9794706040432 845.5921970545252 0 -184.6381964698543 665.4768991535439 254.3695040164014 807.6531178084274 579.3298947087809 140.5939939533798 630.5828569713531 0 -195.2098245571459 661.0676530601728 216.4270568700041 0 0 489.2792476357364 -506.4268730812097 0 333.5288231053096 15.07099151130245 597.3627439691513 128.4570868904511 -180.6585466169294 -899.6800893128773 -10.55378967864078 0 51.5948255423624 170.6129796762825 0 -319.1931605868052 12.53714662480543 -430.1184713723244 -286.3607074629898 0 0 189.0016868022713 -160.331226146515 0 -366.7114330794286 277.1474829316686 0 0 0 1.923908858767206 -127.9788430536132 51.74485675080157 0 -280.9925868941064 0 0 152.3730440680081 102.897104806446 0 0 232.7969401617876 0 -116.1790333093017 0 -139.899894633514 50.87930289305535 158.5794414373773 0 0 0 0 0 -9.014254240151075 0 0 -71.23694960602549 0 -336.3744365407651 0 0 0 67.31655465403475 0 0 0 0 0 0 0 0 -314.068553997281 0 -139.2828519235381 0 0 0 0 0 0 0 0 0 0 0 0 -264.1012569965006 0 0 0 0 0 0 0 0 0 0 0 0 0 0 -47.03794237036982, 5.03788447971192 -33.86964880658277 -52.59973823131973 2.992014136221542 -25.24038342454085 -35.85537441460116 0.2647081487484968 0 -112.3302861004336 -295.3344083327302 -339.2511757316639 -302.4970476357934 -77.88327353048805 -723.0136787762094 -1021.993417601206 0 -0.4341702450601446 -262.7286021048371 -775.3563788481621 -573.5353718591039 -455.8879279509434 -658.7415656620631 288.2362643945538 0 -326.1269753591328 -898.6821542472217 -698.5247344990512 138.974948352835 0 288.0694565293394 597.2057725791523 0 -281.6281930685706 505.4569422335476 -66.4033681860183 1020.906618791851 476.1035908567825 313.2826109735735 736.4398490497451 0 189.9714557950784 -522.1227523225795 862.1237547882932 -141.8327285302054 470.7928847115101 662.4434196235392 768.518197313732 0 -188.9496735334589 1499.812567339585 -331.5243141498925 144.6459100532574 -329.6580260443177 -6.358000186878371 280.707568317758 0 458.7844839172755 -7.807589084535678 31.64707941620907 557.2186831721951 0 -432.3524778968928 591.1703205088402 0 -79.79399081097414 469.8773411109372 515.537746113868 243.733176209577 -97.5682226341082 208.280255283967 121.2712771080498 0 -3.737967356549589 504.3952423270748 1395.263932520508 1576.731956922979 96.21295711465524 745.9243237189029 804.3575479850439 0 135.0303044942605 327.2682123055746 273.1626729128022 154.4498962520238 473.8691189960096 352.6182697930481 1401.777558368949 0 32.66647778578174 573.1863092610279 790.5289041025729 0 0 699.1373313562226 -748.117366156903 0 208.4413429042663 69.94461878696167 132.2963343677725 -594.7065739672172 1.241802055200267 503.1592982146731 -986.3974095661072 0 29.32207537979707 -67.89646649138103 0 -503.960970581564 -237.9939533669371 -121.8930503570951 -298.3445057745053 0 0 -240.0466762009531 -537.282113877767 0 282.3213049634942 -941.5101542613419 0 0 0 -577.5236412431773 -332.0935291591575 -35.81675540625219 0 -22.4837491518019 0 0 -15.42369685816612 100.2252688274541 0 0 -127.6006940293455 0 -469.1798189150313 0 -129.5680105221837 -73.54835155054987 -92.12842525000832 0 0 0 0 0 -97.35646068193807 0 0 -13.64466139768112 0 -512.2564515434379 0 0 0 -139.1472583496417 0 0 0 0 0 0 0 0 -168.5132866311653 0 -252.1139968431276 0 0 0 0 0 0 0 0 0 0 0 0 -166.0210495422564 0 0 0 0 0 0 0 0 0 0 0 0 0 0 -10.34583379382256, 40.3993641680172 146.045831307842 99.24604231165401 -36.33173354515687 185.4787474463338 352.7741067454986 13.35809370897914 0 -44.28739176292649 -289.7715356156698 117.3142081816114 76.38950829573615 -138.0508781994829 -453.5669760127643 -351.0519384527167 0 -15.33599145441613 204.8885741248164 -537.9937722603725 -486.8672380907402 -76.83038545702468 163.3433731711379 311.394297222822 0 -66.49345451798081 -1047.540388400743 -1137.297552874755 -241.3179999491973 0 -397.3480661533109 78.86640606935865 0 -469.048833098701 -403.40406059477 -689.3766126004637 391.5623269395958 -96.80490097842073 -296.0066800675114 -492.7392847956247 0 -339.856118658827 -1455.548271242526 -178.9725618134419 -733.9668004941024 195.9110528380323 -95.5991224103432 150.2604838249432 0 -29.26018715741307 853.8916246827672 3.999170622229258 -271.9755785143807 -77.90089291193915 -162.9140155462602 -575.7249578911437 0 332.8265836253925 851.6472657586004 -514.0543059785695 -174.2653090704514 0 -190.3394271492611 11.77450737336282 0 114.5120234771549 -57.13596504438158 984.0908246974501 90.52550039241908 130.6937419901838 -174.1644659044423 -459.8983623722539 0 195.7261853475457 -315.7108631580965 714.1627127794716 1960.283587406137 -422.8396559917865 1091.755202227479 419.4669411741195 0 63.98085542261735 -704.0330348421194 145.4805090906013 -558.7990441560148 -8.818568557204969 259.0952446028043 1162.641867487158 0 112.7793721965238 158.0989641004019 349.627437305474 0 0 373.035705303538 -914.3410936570049 0 1.00430813468391 147.8650363276495 -381.7982955176226 -757.3898577124177 49.5516387451277 94.65733883190376 -1068.965774051973 0 -78.71384575939311 -583.176542693962 0 -487.8462765525595 -224.2826065852829 -192.0845935602434 83.93733390497709 0 0 -252.7319493772636 -412.4949529487841 0 -145.5761919280231 -1108.847426972157 0 0 0 -73.05583971714492 -451.3808338564576 413.49736930596 0 172.1128845429207 0 0 40.56808449270358 441.2952074339163 0 0 -199.286798452451 0 189.6316259327467 0 333.6913550812602 -106.4760108871127 460.0731876347222 0 0 0 0 0 47.84548719888951 0 0 266.9214192764706 0 337.1013597916894 0 0 0 19.08244962018806 0 0 0 0 0 0 0 0 492.2383706564905 0 -93.47849646789395 0 0 0 0 0 0 0 0 0 0 0 0 311.9486020139627 0 0 0 0 0 0 0 0 0 0 0 0 0 0 120.7720590517245, -69.04833072973065 -164.9757829279547 -137.5126726587778 -71.41094748486236 212.5327118463721 529.0011193141457 104.8658956164105 0 -66.33487270487663 -441.3005592351171 397.9185722356002 284.3086069613726 -343.4895822467934 149.415794717331 118.6452241570211 0 -30.06021450652156 22.88132121670509 5.982215937777482 -121.6973401839215 686.1060099153435 418.4835700383587 -50.17350789896534 0 -232.2249969155192 331.095286248248 -603.9253008062833 -527.2287648696537 0 -851.7993879536106 -889.4326307777164 0 -70.80606580494089 -1525.041032649663 -235.574868820423 -470.8233104498941 -656.2038450772532 -127.6254373985038 -1478.507064450952 0 -349.9316151651485 -1507.438141951061 -1031.955297574624 -347.7370559180382 -281.4052989026546 -1015.327724627473 -96.63281200766528 0 -52.35303399831018 534.5167034200377 440.8808919287494 -518.2104608889963 -30.33303619421133 307.6179945166888 -30.19530372497428 0 525.1338694781402 646.0008659398757 -129.0710646453751 203.3005014770117 0 185.4399312963782 -450.9276461595618 0 107.7078323383674 -244.9183761557642 743.9145979997622 139.9437569279658 751.2026799928833 546.8093793740077 -626.3518603657913 0 -146.4104752209207 -879.5170830290733 422.3847639711661 926.7084995518547 -643.5524819876904 1335.667294266838 281.4311953719396 0 -155.8918337901957 -1131.49567777652 7.408003648702987 -829.1123056871177 -316.3733376230599 -322.787978191248 951.7545254145845 0 251.0775178668463 -522.9320974580326 164.6798733290686 0 0 60.01777678439603 -1285.193557329779 0 -57.05611577637319 836.8522801684018 -492.6017714037746 296.963116906517 18.0863440424966 -375.7389887416352 -511.5136095101567 0 -214.2134131265806 -285.761965541622 0 -662.7626739467958 158.6344400429139 -476.7954570043702 602.6454832320327 0 0 149.7087849488676 -123.891092651138 0 -353.4346946291719 -607.3633401724246 0 0 0 572.7820895432186 -680.2465605767741 151.4865804016769 0 147.2771530635162 0 0 194.6075720137036 66.41069215616284 0 0 -112.525268600851 0 314.3754635938384 0 484.9420102005024 -137.5705433552081 271.8502785011748 0 0 0 0 0 -5.116382305924319 0 0 75.55379980941133 0 180.6112772308806 0 0 0 69.8850112274897 0 0 0 0 0 0 0 0 36.05047673939478 0 -200.0537293157018 0 0 0 0 0 0 0 0 0 0 0 0 -35.50140769527638 0 0 0 0 0 0 0 0 0 0 0 0 0 0 32.07617058623511, -117.2703828733173 -463.4481943415681 -754.624237712355 -436.918495524093 45.57735493806871 -184.0120805675962 -221.2686206674525 0 -140.3422719407864 225.7119423556049 747.7084839067495 659.8982475338403 -77.66795121869612 863.7522246271762 1547.583279103305 0 172.0590718442959 571.6029977890664 891.5865982001442 821.2309483619473 1016.884043630309 963.7773857250877 -261.3937099254113 0 -46.34983400364108 1265.836416686196 271.4550841513232 -322.7338792138862 0 -1099.003549966892 -416.5192622394911 0 -59.2696876276155 -1767.62474546718 -424.0290141685437 -692.8377468241599 -1098.575021826247 452.2616071768153 -756.1501869182782 0 -237.2760639441051 -2037.644593803296 -2116.697550226152 198.2617811795956 -500.9297561479341 -1518.218155288661 -24.92381244480229 0 -310.3030159114425 112.3123639036675 359.1483977180281 -718.7622436927016 -242.262643282783 234.3010621437759 -55.41767474684229 0 505.4423646272979 -303.7339308352209 164.2161170986573 738.9553381913881 0 -56.58464585855131 -1162.327032737157 0 -28.29895635396573 665.8357618320866 1500.864857469983 5.169164479994947 809.8572552762822 695.7254578952871 468.3021599033462 0 -679.379317624944 -537.6541859728196 805.391946886474 1131.693648791288 -319.2379789234296 1633.886467460396 389.5357446515008 0 237.7325330128526 528.8556937514334 59.06961814017615 -664.4556704674951 80.30129688716153 -327.9774970170942 1443.32461109773 0 664.9905305275297 -106.3611062728529 1001.87798270023 0 0 234.9970266241464 -1148.491046584862 0 71.54311842341514 1430.18413250008 -308.2805922330366 527.7467999889251 120.6529277824104 163.1163672803029 -423.0321798090371 0 -108.7980618683617 0.7709879390946526 0 -765.2561834034676 476.9344440368714 -680.2563459342939 305.6840154277124 0 0 392.6494026049809 -407.1539264031479 0 -232.5752163362152 -671.9154119128486 0 0 0 74.26758330016929 -820.8270189695943 -179.212914397945 0 -393.7622481175945 0 0 181.007106330422 -332.0952135440233 0 0 -217.4328856658894 0 -494.1596685462978 0 -342.2989001219033 -153.2698198483538 -10.12820691056781 0 0 0 0 0 -22.26359993950106 0 0 -310.3729371810665 0 -817.1308378310719 0 0 0 130.202725408685 0 0 0 0 0 0 0 0 -456.5379741588141 0 -200.9210076148992 0 0 0 0 0 0 0 0 0 0 0 0 -61.92852250304121 0 0 0 0 0 0 0 0 0 0 0 0 0 0 63.44800852533922, -39.01029203100461 -312.227905770254 -732.3244708295001 -510.8381246343873 -155.0740423068488 -824.4851507398575 -711.7683061713825 0 -253.4000922326942 3.794035544354415 412.747090333646 510.3001687342647 -97.79728765665446 467.7652511005217 1438.696746317913 0 226.4569576115861 652.6886274309342 502.7167831890486 511.5494576084221 356.0144864168892 504.5370300721113 -347.7625383688625 0 -59.85797728616477 -95.66458232522024 -174.7445476697071 -159.3075271562203 0 -833.0167155555411 -305.1073941286242 0 -642.5596504271964 -1557.615744324951 -1139.560297504784 -635.6524025316934 -633.3452617385337 622.5441484020694 473.9311776413696 0 18.00924234784759 -2299.485951313365 -1798.895870570488 486.5192170182067 -258.3024783330023 -488.8710417226533 188.1201491397182 0 -509.4715453151074 712.713512278415 115.1278568560222 -158.1651683570346 -405.9948652543349 109.6780322491424 746.9922295685799 0 628.9774819117069 -1077.284523896507 -182.4233629794552 -41.19827586209337 0 -510.6486962446696 -1619.776325662032 0 49.17775541519122 1246.042419631784 499.2748193646174 -358.741262305444 464.6323480359321 448.1617474348033 698.4337612015603 0 -1008.203356355942 -771.683903356284 -116.3101119945954 611.9762436232025 18.88454299887132 -252.6039299067779 421.9018341781331 0 158.2292239208576 653.2302704067695 -369.1585221952773 -314.5558543136206 174.1236238774731 -284.0972339578836 353.316014910537 0 147.5038304483883 -61.58481949775523 480.0042615822849 0 0 333.17324444614 -640.0393426820804 0 119.0417183301957 1049.231362002514 -14.55395113925704 -189.9157922847827 16.65981305561823 -308.3061971851741 -155.3910458370221 0 60.95318241694838 148.425400798582 0 -285.9785215542038 583.7535976818426 -220.0217542780577 57.14390190451954 0 0 173.8815151776776 -430.5631707002955 0 -29.49063495363401 -152.6616900974446 0 0 0 186.9558093460194 43.08780737962556 -96.48259545329486 0 -363.6164520205774 0 0 72.70327616773234 100.3708819605998 0 0 -85.24414803057977 0 -595.7887470358872 0 -399.5159709056784 97.54271941085027 -143.516943150735 0 0 0 0 0 142.7716004185267 0 0 -422.3194663662133 0 -1123.654148613446 0 0 0 -32.76217749546863 0 0 0 0 0 0 0 0 -489.8821971913454 0 -317.4866044036655 0 0 0 0 0 0 0 0 0 0 0 0 43.74470719357438 0 0 0 0 0 0 0 0 0 0 0 0 0 0 103.1189303606886


GFLOW: 0.36 0.1259239520566911 0.1239450695012512 0.188399857247415 0.1855306618470977 2.963417645982651 2.963936472382038 2.889438465932348 2.891105854561211 -0.05232792284951806 -0.08568887826010917 -0.005557939172820333 -0.0417355997948963
q-corrs 6350.575005502958 17517.55007273781 15331.16352281383 3986.817804970347 899.2194354000289 -253.3960151920285 -1896.145406591818 0 -1209.860275336293 -2527.288470041221 -1134.710251450966 -1241.567414835603 -522.5767417024233 -1111.847955370669 -2146.130153571603 0 90.9786374979662 -860.7091964073466 -572.1245850939538 -556.4689120436497 -445.0789377700946 -1000.446987116555 -388.1490630686208 0 -284.6728402531586 -210.5357214661121 -654.5093870970608 -241.6796710488955 0 -114.7323386757889 -415.839938201916 0 165.4332836259565 197.9991579607546 -25.89300365300178 -126.4459757786949 176.4978100398275 -527.8158316696595 -273.6693770622439 0 63.76090065392064 487.8667832345379 914.2543753914338 -284.4067464223879 264.0463372011014 801.262958523399 305.744805108056 0 -115.9700420624831 162.9262978737416 -547.5363584474525 715.5770405060725 -174.3581329083479 176.1411447967994 788.0439176485012 0 398.4708396992005 239.3752766296772 -37.19352816384679 242.3396515572089 0 -88.142450201754 997.9873726695203 0 -76.51936309332093 -70.48800011443288 42.65981873397872 223.0522575640735 91.10918990353328 501.1346699180818 385.0719838198625 0 301.5931454409569 61.74514032358164 103.2659794956172 -358.3222610737189 57.77615571003117 940.1298121904038 -270.154798758238 0 -298.7381845694767 7.471601838517607 214.6717803334652 249.5040941149498 -4.918856552316527 -93.45603775299763 -248.9942439994199 0 288.9244199196531 -239.5373463613545 -457.3174804259183 0 0 -312.3712261126906 51.67288837907259 0 149.1963509081125 -66.37021745910226 117.9246696353591 -621.9488726661439 -136.5695768944487 -429.562553417663 -260.1590452756311 0 -307.2799512066537 -19.58469677545537 0 -136.7926433193298 -92.55693502763107 -131.3127289514193 -961.2852926005569 0 0 107.112619343229 -278.5521226761034 0 -172.7523469237432 -294.4422738097869 0 0 0 -402.7719369096907 -332.4388920800071 -155.9895934908513 0 -686.7678949418678 0 0 104.9238326893869 90.33084920440446 0 0 -58.24232696957741 0 2.554131831733301 0 -227.4238496832512 -109.9414595037473 -51.87469295323839 0 0 0 0 0 0.9996866558864994 0 0 15.1049510388183 0 164.2934308475988 0 0 0 55.30284167168541 0 0 0 0 0 0 0 0 -89.60210015897748 0 76.32438559276207 0 0 0 0 0 0 0 0 0 0 0 0 -201.8264128358444 0 0 0 0 0 0 0 0 0 0 0 0 0 0 -84.24684496815425, 2928.700698251972 7755.727889188829 6240.655445317587 1301.887911749059 7.502348240260048 -1433.707638741375 -1925.258363388657 0 -900.7237092337804 -1826.995969125908 -883.8271399596359 -884.208347095706 -357.8890991694236 -659.3717952283228 -1327.021979076094 0 172.1559556709127 -314.8947250505327 -172.8947004540176 -303.7798369563782 -97.42245008909282 -469.053650118041 -274.8480397548095 0 -185.4684638016675 22.84265448429872 0.7950406757130395 68.78970700561598 0 186.6793852005152 95.04110887688888 0 53.36208532712995 278.5747378575832 115.5393414321366 170.9809885752856 85.29915920509049 -435.3413934554946 -216.9839611065265 0 140.9455558844433 355.3120495718979 809.6831543667085 -204.0881596745735 190.9331707550598 632.8836324220647 286.0599288614612 0 -67.76287203866937 -164.3643541747717 -918.0852790485228 267.8591014619286 -253.223229201063 57.28230373824508 639.6732471637356 0 169.188481681107 224.758897997917 13.45507812349769 273.0103154147557 0 -476.569703608536 389.5789776760203 0 -146.4138325700176 -379.1065684956322 -399.2946053373257 75.54013370420614 70.78854651576827 490.2636133581213 349.7152766300417 0 175.079975813389 -55.04456899924287 4.51100716100494 -541.6045318558615 88.54093732705013 689.4397422365238 -33.92106023482899 0 -345.9272923560972 -108.5021815208841 197.3384320252276 289.1696786599077 39.52640506300907 -252.0412081213366 -447.3278839486134 0 94.46767710303348 -142.6349437603278 -578.9680617227349 0 0 -127.3864563162195 -89.36903360737514 0 154.4057847039605 -86.31292621603481 118.3436203462031 -539.8184682686402 -194.0088716573026 -784.5287955915762 -137.0851519929915 0 -191.7456927874542 -75.751726988576 0 -147.6305739892802 -42.53928189600327 -231.8083428582594 -785.1775327889773 0 0 109.1749164992363 -444.4928551846085 0 -352.9614665395727 -93.81407277767951 0 0 0 -242.5783507013782 -230.907133538239 -152.8122193454463 0 -614.4283559260331 0 0 104.6736345426982 -56.13481427517215 0 0 16.92184295722437 0 -40.31349135050587 0 -211.325405852219 -43.32224487207942 -89.38034687823134 0 0 0 0 0 -11.60755858420939 0 0 -48.7106738017301 0 -39.24352254326405 0 0 0 33.44534137415998 0 0 0 0 0 0 0 0 -187.9275671312654 0 5.003343488639963 0 0 0 0 0 0 0 0 0 0 0 0 -194.1630837918923 0 0 0 0 0 0 0 0 0 0 0 0 0 0 -59.31108034897144, 190.6251016316137 231.8655172909943 -253.9256994681821 -322.2854398392224 -346.5667424054267 -1155.595331977513 -934.5726002007253 0 -360.7341007232421 -679.1274224714437 -389.2878252177024 -319.3746924471631 -122.6120598574613 -315.7598593836687 -508.5350248466087 0 153.3755872771079 152.5651287768417 -15.31617551376702 -182.0375542120773 7.640188996298527 -112.5644048786997 5.177695492773552 0 -41.80394349810706 -72.12008377569808 215.760934979593 314.3936972644937 0 460.9785524647668 539.1473483729391 0 -87.14844490815369 380.9777987445729 166.0455068049163 506.6175912788346 82.79791324644452 -50.44978887235222 365.5888897520795 0 276.397584457324 316.4883848952386 727.4857912551649 12.1584151295979 308.1088801695342 602.8977863236418 540.3535824648599 0 -65.09619256530628 274.8723163869473 -865.9712331555027 21.78671640824017 -157.8271593572381 306.2077300091805 828.6090957809196 0 342.3829017933771 238.5361404554968 273.4664372996351 740.2112647056025 0 -238.2163601620529 581.6190523554073 0 -198.7189772606793 -22.42236409528223 40.14311593781304 174.0287074180313 156.0435575395713 891.1697499133827 360.8914681451377 0 173.6446977734051 308.0973403524935 1032.205174847791 158.2655123793243 158.4095253307111 655.5640485865414 536.8512709806544 0 -75.2024632253509 502.3113951805956 212.7839750634612 508.1925368961852 412.6171486377625 57.33661617550784 347.5463771169897 0 -79.40727102126233 491.921126646842 170.790062889077 0 0 312.214335359599 -272.8059854306063 0 271.7062450258346 24.47684743119504 410.6789436157787 28.96589283012919 -54.69883022507216 -440.3007265840958 -33.48456126816353 0 19.96989101409687 143.1846033301896 0 -217.4870789716244 11.20768989189642 -200.9665164151182 -280.2853861212256 0 0 104.122372727002 -177.0314949101888 0 -213.7059835760726 60.26126322388842 0 0 0 -92.83403744688435 -162.3741185541109 -32.63420770071735 0 -234.9575291574419 0 0 64.46775110990569 -59.22771428678119 0 0 78.89808014931373 0 -108.8295623112077 0 -138.6223188349402 -5.856977440577523 35.94903164964029 0 0 0 0 0 -24.07552475430352 0 0 -71.74494982860793 0 -211.8537448453727 0 0 0 42.22733710591293 0 0 0 0 0 0 0 0 -215.4002463993689 0 -61.22234195217615 0 0 0 0 0 0 0 0 0 0 0 0 -155.2036260233719 0 0 0 0 0 0 0 0 0 0 0 0 0 0 -29.44897697357517, -3.281650252429756 -40.33356117686864 -66.86643292093136 -25.32234154938131 -44.56120355248938 -129.8096825099532 -106.311245005471 0 -128.882707793163 -287.404918872605 -218.6655438564244 -204.9528751136324 -71.03028227027085 -491.0867466176662 -691.5097483338816 0 -5.926448703598737 -159.772992326297 -473.1399627379712 -409.9677232065344 -255.6010408964667 -372.9965947270359 132.3672439395299 0 -143.1259402463954 -566.5334185541242 -466.7531288623285 116.6817032777229 0 207.6743950860466 390.6595581977133 0 -210.9089996065911 192.8050558044067 -56.00170302698567 515.3344265859652 170.8854609728801 83.49951857288734 408.017102338535 0 115.0703868170685 -170.7992579411254 378.779676330338 -79.73966270588497 303.9408711839896 397.857854712585 468.7115010591841 0 -71.12469225194235 720.7229655191795 -233.4703206290268 11.44080203739645 -189.9788928808603 89.87879246286241 306.5859248091265 0 331.4298537099361 280.589055732766 36.74705908980793 496.4293553438363 0 -162.6972924015841 550.4621908024048 0 -52.69656636487752 401.9230259704177 677.9383649897852 172.6746320855623 114.2368747335498 395.1899312022301 162.8915077812999 0 61.86317418422273 304.6418369818213 927.8965963470878 982.8130317043468 119.035113381465 695.593004636748 621.1565742975088 0 125.7623514039074 403.2636543748658 167.7468577861109 171.0521535405984 369.4470397964247 174.1686625165356 778.471036456637 0 -1.600060210675991 489.1942667955261 513.7481619589626 0 0 446.9110100101923 -368.5844704202804 0 136.5236305675662 24.98564282308812 113.137778873901 -336.6569444386136 5.241286202132635 144.0259306748843 -496.309515307836 0 32.74787845057944 -3.388230395366406 0 -322.6052160880083 -109.784305738211 -49.58070879974553 -169.6260372450644 0 0 -178.8326843010867 -466.6474026444666 0 92.22538104715611 -563.2562343394366 0 0 0 -289.9878535978428 -284.9663366176378 -16.22550862808369 0 -28.45130780312343 0 0 -38.18683429958808 -74.02470003756079 0 0 -132.6929686446289 0 -250.0829590782622 0 -77.35863923257196 -85.5058622991701 -26.65595149521285 0 0 0 0 0 -51.3013176211287 0 0 -29.27560385198272 0 -289.7856734748829 0 0 0 -53.9117675197727 0 0 0 0 0 0 0 0 -100.0886955124388 0 -133.7090520483849 0 0 0 0 0 0 0 0 0 0 0 0 -70.38989033771631 0 0 0 0 0 0 0 0 0 0 0 0 0 0 0.1315834825914965, 23.26429951792238 118.2402815700976 164.6222535624925 54.06478149584346 125.4095277463489 276.1307181164657 46.20962466571999 0 -74.19013321208736 -248.9074642910742 103.4707478169874 36.40559496969509 -117.3825149512091 -369.9427935552349 -484.8767175407306 0 5.925182140732332 60.4191908612907 -309.0869655657723 -437.3133442290336 -58.21167003091682 -57.08971553858552 86.48334958593583 0 -110.0552341313756 -653.7288793141295 -792.6630149408185 -66.06592568863536 0 -245.5160572807295 52.29319871524658 0 -317.9922717436896 -361.2563224282269 -362.3444703354917 75.24838504998382 -122.5535939759989 -167.6104426021651 -331.130929905788 0 -162.7598697339551 -712.2216204030976 -215.9331614107202 -335.6143764121009 116.9852476870027 -196.4797519688927 41.83328532998632 0 2.313542483383998 356.2888057744063 84.51117006585332 -66.32278192498529 -99.04611961009584 -114.7386552682443 -195.4829155468535 0 43.67169704417813 620.2822076585517 -285.6368643883778 -47.61031547018169 0 -118.5865292446437 118.9449860729769 0 74.26643097428847 88.10662158422988 847.0259569784419 30.52427219702976 226.7356683714358 23.66492858921094 -204.8725462241005 0 127.1155024915396 -141.7173368007132 336.7789641295667 1133.379206836133 -191.5691471003027 781.7372216658141 254.0565116791447 0 61.43730732020333 -289.2066746940995 70.03693435977084 -308.8479227138026 8.089993927305457 98.95608837248392 644.1969774106763 0 62.80537377585794 9.826623005334568 302.0313184915662 0 0 224.3083530435929 -521.5471210394855 0 -43.45988926356763 100.0850520927967 -255.7072786161216 -452.9048845097402 25.60474285233768 74.93985032142385 -644.1911764543506 0 -75.83491292415701 -269.8445463400724 0 -328.4157868233785 -94.54004523109231 -105.6318967764517 111.9142171678606 0 0 -189.5876917831994 -366.5150948118401 0 -1.501203549485854 -724.4071105790115 0 0 0 -0.08207176180485476 -316.4866015694358 233.4670289388254 0 151.5190887666838 0 0 -10.2506661468595 143.2469149624227 0 0 -183.5523859804228 0 121.3745342030194 0 188.0356418951256 -98.77827874262496 254.5160482248377 0 0 0 0 0 22.54071955587123 0 0 148.2206334968982 0 179.2282982265617 0 0 0 11.63599324540243 0 0 0 0 0 0 0 0 279.9531798070012 0 -45.10704418435952 0 0 0 0 0 0 0 0 0 0 0 0 182.7391281856857 0 0 0 0 0 0 0 0 0 0 0 0 0 0 63.50617072200916, -36.48227820259154 -91.70240095861273 -70.10198744200559 -34.69976991616818 113.8344416128788 280.4318386727061 41.27096598718981 0 -36.51612842357342 -211.9286384606299 310.2389570749719 199.4217749399538 -179.1009557897833 62.21006286586984 -47.10671515031117 0 48.81990909419918 138.1125727450271 144.7365662724148 -111.5096100151126 372.4207791515537 188.9956683605204 -116.7995429092036 0 -187.4546104329654 115.2904931921677 -351.631138373608 -216.3288443677499 0 -609.8000955997818 -488.6772647523622 0 -123.8409464019294 -931.3279820470462 -240.5358483668336 -390.1514476725857 -418.3619678112814 -58.94150884176469 -887.4350263482689 0 -215.8511491188193 -1003.217313828056 -725.5421016012583 -173.1905162560069 -213.6407064082632 -690.2645701744027 -167.6685114726974 0 0.7148645328025225 120.6681160153672 270.2379785166331 -266.5841335708129 -79.76367420228755 33.80679063334078 -60.76824739571828 0 89.79990328432322 464.894316597611 -57.31112907643795 66.66224837924889 0 17.69160356229673 -418.8282842312028 0 75.85225029827535 -106.376522468224 667.612167413693 17.11693424516773 531.2031018936095 236.8494383175177 -242.4605446626678 0 -86.09573835088526 -429.0398080769841 142.8075369459518 608.9581627043376 -372.2615679787712 887.0113293908857 34.48006253452655 0 -21.03098842667125 -516.0405275435783 -20.39364688076566 -458.2166885173852 -191.7656582854966 -123.0196422877682 655.2315598464221 0 168.7175115154537 -431.7624093200314 239.1654346242591 0 0 2.342370235295334 -797.9368223259203 0 -74.01884737645655 532.4746384544652 -280.3450809125524 173.7949568725251 62.38720606177965 -112.3844557800323 -401.956787159014 0 -161.4550443441387 -172.7841089993005 0 -470.8621066367538 119.0866846116721 -339.9330377178122 416.701889543457 0 0 131.5935302125987 -69.69738062110045 0 -180.9964178496968 -455.4603986096868 0 0 0 316.6171396903802 -490.0133547900763 153.5084966630744 0 136.5302215273842 0 0 106.5062994348199 -19.4002278506248 0 0 -114.9049183849652 0 178.5466780907938 0 244.3155099044331 -129.2166633961767 185.3537535055396 0 0 0 0 0 -23.36663208681125 0 0 50.42139612622253 0 119.2627734582005 0 0 0 40.56193004898206 0 0 0 0 0 0 0 0 59.5401830994484 0 -75.88363232546325 0 0 0 0 0 0 0 0 0 0 0 0 25.82847954116395 0 0 0 0 0 0 0 0 0 0 0 0 0 0 26.0591883338855, -70.20095247511401 -309.7263389658492 -501.5666910118703 -275.8383894229667 -20.09749107452076 -209.2742407384431 -201.8464130981442 0 -53.52728124615693 112.5881364273943 441.7254641976563 384.5971360143931 -30.91109126800217 514.5102514445248 846.5842359864745 0 131.3398043551892 486.6757770861603 608.3685116285164 403.6778993023162 559.5468895808694 504.8570740904715 -187.50659350964 0 -71.27497282260943 559.7578064335445 106.7205930577055 -137.7851921107689 0 -781.8003054750366 -347.9338622357629 0 -159.13457255193 -1137.752545680654 -463.440806486852 -602.8891780997011 -635.5584149545402 363.5986602731671 -504.5458500131407 0 -84.70215904976835 -1477.666475050743 -1388.492660430294 39.82845695455983 -353.3523780576749 -939.4520570347853 -198.2525569900616 0 -149.9855338484468 -34.53674389279746 60.87800048539937 -492.2548683067981 -233.3600810207886 15.5048742311958 -56.36149176550737 0 205.0155078042911 -162.1651362353676 163.2285445179431 378.4757749125383 0 -171.271292944965 -973.5760257077008 0 6.530759424179337 320.3968935885617 932.006406668979 -22.66009958972978 555.7485049759488 498.961700826734 331.4104178060022 0 -414.8225154827034 -349.696402671064 441.8792294096896 587.7928427380413 -224.7135940036914 1018.233181448298 201.9763770162451 0 188.5237447079796 394.7384046642324 -3.447908401792347 -287.0342880318036 87.77314284019621 -184.0823019389531 806.2428159862349 0 424.572248037178 -142.7154908745141 571.350394265086 0 0 98.53851768640448 -656.8397225785526 0 15.69572120580963 909.7667802097542 -186.8269752604658 299.2677898049727 90.42710350207793 28.4333528621743 -293.3893734776395 0 -131.1423741167119 -93.36273225313622 0 -492.2844741210074 278.8906195556491 -449.646168633024 278.9114376517866 0 0 249.2603464494941 -239.1530564054919 0 -238.8314283061349 -411.9203145525219 0 0 0 47.85694054443834 -571.814143221485 -84.88985264136683 0 -201.9281867255958 0 0 111.534872593639 -253.5511064608849 0 0 -137.4375942832151 0 -355.1578743494255 0 -174.7506055586463 -145.9336960409971 -85.36387375526544 0 0 0 0 0 -49.11729250550613 0 0 -216.4831471572658 0 -558.2980515955262 0 0 0 24.587499406369 0 0 0 0 0 0 0 0 -321.5068555495999 0 -161.1923640880578 0 0 0 0 0 0 0 0 0 0 0 0 -81.72125038704121 0 0 0 0 0 0 0 0 0 0 0 0 0 0 23.60359032303903, -44.76329034200899 -291.0927342254333 -586.1482311399717 -353.2861041940834 -142.8531277111905 -612.7735022043544 -463.5974548582238 0 -149.7508964671097 9.910514537610027 263.4012273767233 296.0790522180141 -25.60976701673957 297.1100907238346 724.3622724955029 0 175.7004750518515 557.3171491860027 424.5110264765544 194.1911765450628 247.0662884682686 315.5117850431349 -212.5236969964132 0 -13.84632971423667 -123.1090205360724 -207.3172210602459 -16.29081405019838 0 -646.8361299885812 -231.0044169398769 0 -434.8572538949559 -973.7040892038099 -832.997964890122 -631.6268075557341 -445.2901721458018 462.5522482354677 206.6826112573655 0 4.267620058726948 -1582.470862639104 -1230.792161173767 202.7432790023015 -143.2334384971018 -510.6383500347938 -138.0596775688171 0 -309.8350726883427 362.5517376825832 -47.16426721972448 -210.58238091673 -318.189109957332 -82.40105046274716 332.3718869174141 0 303.7824863470901 -649.7682728329803 -42.90367195454113 -22.17763815833771 0 -423.259033698117 -1272.026757027972 0 42.64718276675599 534.8598177595036 311.334616996718 -190.5753343584016 296.1863708469048 401.0742676921699 504.906856810145 0 -584.8621039322657 -548.9219339315257 -89.8976026818458 127.36732600991 -55.44382356030906 99.1139859143708 221.3566816156675 0 118.6386373053466 541.0462240769198 -191.0742600873326 -11.70325534310604 158.3887978935294 -237.3869879445926 126.042095373268 0 235.9477536397092 -77.04155187236438 351.2323044340349 0 0 170.536380799718 -172.8028633983876 0 65.19015428721823 709.1880390791566 -36.88555275348 -82.33799633964298 19.6887105301781 -66.16548360463349 -106.7353992641822 0 -21.18679207659909 2.99360656322159 0 -108.5856337404603 323.4782065774912 -119.1298672874306 158.3406066553989 0 0 71.78982572033638 -233.6013242364616 0 -81.56304767041574 -99.35202975069201 0 0 0 67.51457784571909 -28.6822514022758 -72.75644945262677 0 -227.7312419030576 0 0 28.2720240751004 21.01348568856585 0 0 -38.89921387703199 0 -502.5738948682321 0 -257.7931138088335 22.62105764031267 -166.5369262585815 0 0 0 0 0 64.97402761526757 0 0 -343.4438024757217 0 -874.5250563715074 0 0 0 -41.92880429772242 0 0 0 0 0 0 0 0 -519.7767546825039 0 -266.2662698082491 0 0 0 0 0 0 0 0 0 0 0 0 -154.282449304497 0 0 0 0 0 0 0 0 0 0 0 0 0 0 18.44203842769733


GFLOW: 0.432 0.09565590989488441 0.09404763521751647 0.1370834073052595 0.1347995661681247 2.974928810957787 2.975329398597415 2.920178358849252 2.921497336172321 -0.03479019488514049 -0.06029954700321741 -0.0004058684317061759 -0.02772635463442071
q-corrs 3608.842791593841 11224.0209652926 11263.37042779508 3525.471593039649 1186.922222590418 1374.542489815341 -359.8456980240707 0 -687.6068333494429 -1643.755352312562 -802.0831278408942 -947.2069119262284 -411.4589019810977 -892.031433324958 -1757.811760132338 0 22.34754209950617 -791.5346877331615 -543.3887647457673 -484.4483695316479 -358.5139394425898 -767.0181911783627 -286.5919107902907 0 -234.9112998041069 -217.5978752777394 -518.8415467371333 -189.2055938233516 0 -130.953564851922 -247.3903340146823 0 86.86215845355335 154.0009497222368 -17.16991343065979 -28.75247522957715 115.8243597066165 -296.364791094077 -94.22926155265141 0 64.13381688610717 384.4180467493121 621.6892999374402 -123.9832821405515 171.0168864048167 584.0754189800087 201.5821219566587 0 -73.71577056429055 94.07595196081009 -178.4113606311976 461.5125815718873 -94.6706538826747 147.2038177903158 644.284102094918 0 260.8047883701884 204.9576520400304 -57.91793162352126 191.8633516396116 0 41.3601104032413 552.80184985489 0 -47.26835323545623 -120.3477013036949 -122.5702157588125 174.4611482458541 112.8731274684427 252.8338499930678 286.0512556534865 0 172.236575399638 -67.40010878804304 69.67452561286744 -377.3092842265503 2.19173346091906 640.5456053021999 -247.1039986816685 0 -225.6335991805197 14.88106707969612 166.9838815077165 166.238288899163 -6.958498018654652 -125.0414551156238 -305.6949038536976 0 152.1862571349616 -263.60915390757 -277.3617129606743 0 0 -233.5280665168246 -20.27490733556601 0 141.0401145333333 -90.11870764090767 50.92461498916742 -411.8526713076308 -99.63453331357894 -371.0096066871284 -235.4291555852762 0 -282.722239179893 15.9801091999109 0 -132.8862837557707 -77.91908050826748 -121.6233626533922 -641.3926519113545 0 0 64.26296185148381 -304.0733226772883 0 -142.0890696774254 -267.0653845898314 0 0 0 -279.2558607615816 -246.4568769710063 -172.8248706232267 0 -439.890058074672 0 0 62.36906414572451 -53.75966834380729 0 0 -57.7650232211053 0 -52.7457341887551 0 -162.5744143957387 -75.4913488930063 -129.9906001889817 0 0 0 0 0 -17.93579294361901 0 0 -14.54798026373433 0 -3.764453156472058 0 0 0 2.85411535306018 0 0 0 0 0 0 0 0 -105.9261196567803 0 13.14770347546421 0 0 0 0 0 0 0 0 0 0 0 0 -142.8365775478218 0 0 0 0 0 0 0 0 0 0 0 0 0 0 -51.55918308968862, 1877.022185591631 5694.419705611293 5459.302325467352 1553.430737950913 403.8904660303311 -33.94567733416677 -836.0936815433226 0 -586.1557308402112 -1328.194586396621 -673.9649882127605 -731.8884316271073 -304.5546935256194 -606.8498002593684 -1221.882559586917 0 71.89925169060284 -403.0659896243037 -259.5076420263961 -311.3965356634977 -133.528435403871 -402.8789871430268 -180.7145338846839 0 -139.0030928405841 -50.52624616800748 -76.31430693624492 36.91885687574269 0 145.6432278391882 72.74187540780994 0 41.26310998783886 205.2606215628512 114.8450387878141 156.0487833063878 106.6650531583038 -209.2846644629291 12.04632272378393 0 125.1287327313718 371.6720860064544 554.864755156152 -79.62919668743852 139.4363644243813 537.07377794811 217.2116843287502 0 -42.3153180402218 -25.18192575261895 -349.4432976706626 248.6681330724619 -136.2278761907104 117.1762142549965 573.0499257338279 0 193.2134968121379 195.5330349332132 -1.144236163668523 234.2625272719779 0 -158.3814389075244 308.7784980634181 0 -80.99721458228913 -201.1830110111868 -232.452421384157 117.1982743213604 104.350513460349 337.3463667734954 239.6944889089397 0 121.6408716289775 -61.31186115342923 111.1644967305556 -387.1371714705804 27.92755674271987 504.3265627906141 -67.30323831337043 0 -211.5548907256509 7.465690950471728 162.3320011884737 202.6125320049651 61.27069635516798 -160.7529308792405 -297.4079459682151 0 47.4196525150342 -111.6765205758372 -297.2168087685442 0 0 -96.32248725926368 -90.06929311657949 0 146.6103702306355 -71.13211172710962 94.73963494237019 -330.5919630174604 -102.7597781067882 -489.2349189581543 -140.5747925136139 0 -179.0257547144666 -5.432916138611745 0 -133.8011338304313 -37.59864006034957 -146.0203832973229 -538.5424868274519 0 0 62.64363758890059 -335.6706435870981 0 -219.280299334315 -131.4775456433698 0 0 0 -193.00240724246 -188.425943971249 -152.1153221510794 0 -395.995735083893 0 0 54.73835123678664 -106.7975861107124 0 0 -11.73529969033979 0 -64.74038912414491 0 -151.671668838678 -41.25459027843979 -114.107984619374 0 0 0 0 0 -21.23056406450582 0 0 -41.34443773672572 0 -70.0679756399303 0 0 0 8.089955711439387 0 0 0 0 0 0 0 0 -137.7317029810774 0 -4.861699481403811 0 0 0 0 0 0 0 0 0 0 0 0 -130.2648680815268 0 0 0 0 0 0 0 0 0 0 0 0 0 0 -39.27925265863843, 222.1748501778094 534.6107252841371 271.7174848955183 -73.26807534127046 -158.8419515636704 -712.6580948133692 -707.3878025036146 0 -305.0549066900958 -640.0050584862149 -346.5390158862341 -330.8490176026705 -130.1274603300115 -301.8316678882384 -545.3756411445617 0 72.65077833739961 -13.60503044376713 -72.52297752230677 -173.4484524162751 -4.207911486184969 -82.48711209082282 -1.63633523158181 0 -16.8652824498341 -52.5117762982745 144.6214611560395 225.9788266881347 0 373.1303167853583 386.345983832182 0 -43.81701692079354 245.5566109648078 171.4302199279431 352.9177105994718 94.99150187163018 -20.1898512707904 322.0676620767607 0 186.5898300650535 329.5796854497171 436.8146363869009 29.86121380769196 203.6994067273461 504.4580365707529 360.5667481618177 0 -23.42262758996736 220.612485811447 -360.4122942009687 44.0613096495612 -100.4634882746054 236.7991521731177 621.1528276109257 0 330.2934912421064 245.294119485341 156.0378082067725 528.2377145562884 0 -42.85727024456419 478.9206192272011 0 -104.92558574803 92.28431470279122 157.9662270617473 181.2729450089757 156.5655344266142 646.0806072278631 261.3285512873808 0 120.2221416988781 171.0953721741512 732.0991920261799 108.860529367104 105.1675295213722 541.1049481346552 362.7209126388963 0 -21.20977712864941 397.7959424642376 174.1457752983324 347.5999077959473 304.1138933111717 15.64127289453111 204.9235076256955 0 -34.70289018677143 386.8206303127005 162.8401270198084 0 0 208.443142710077 -142.948223380035 0 195.315984120869 11.5835910290825 267.8781118738153 -21.28676147153902 -14.33622238447461 -241.6616525595686 -46.98531358336999 0 13.26285017105306 104.3724632653437 0 -153.3412050118547 -0.1478115665689543 -97.02811685768069 -246.5607760145781 0 0 45.14748542789143 -181.5951599268597 0 -138.3580832277712 -29.81822812806791 0 0 0 -109.5846570167551 -148.8028328806024 -68.10014898960974 0 -192.6021087487483 0 0 24.52892469153283 -105.5947814831239 0 0 12.84824929100633 0 -103.2211530705715 0 -111.5911057160238 -27.03728800522011 -29.41810139032031 0 0 0 0 0 -26.52229807577066 0 0 -57.8816609043815 0 -150.5109178946606 0 0 0 16.91976284640685 0 0 0 0 0 0 0 0 -140.5820045353346 0 -34.93055860915919 0 0 0 0 0 0 0 0 0 0 0 0 -93.37678108491971 0 0 0 0 0 0 0 0 0 0 0 0 0 0 -18.47319354741866, 1.649642151267869 -17.0963431751826 -54.28336312250469 -42.15590855247623 -40.68630238399964 -165.0942647359948 -177.6943284705852 0 -131.3219945143422 -285.8693698962047 -160.8067801400082 -167.1726247894141 -67.92991069335061 -344.3396089523037 -511.5773775462217 0 -3.464903378742374 -107.739342985285 -289.5171804799203 -296.2644322599601 -145.3630332239611 -211.3512764174162 54.93877173899115 0 -60.79301637239299 -369.3220234334267 -325.1712271662604 107.1457134472353 0 142.7988172389778 263.7072807206585 0 -157.6467970967627 49.24098710438133 -23.57501201551247 240.9509092497283 51.49641835410401 11.25079071514249 239.5720882197133 0 70.89769809248854 -37.15595793635654 137.1396635983855 -21.32955358815192 188.5471729126449 243.9057956075523 271.8825037323763 0 -14.15153520435826 377.5912167152537 -116.7481440574158 -23.44376917648484 -105.0961541273654 101.2853057817382 286.0848251752536 0 269.6868748283761 303.2046618806423 43.05754163635769 403.0951399003233 0 8.654626798208671 470.9590069758681 0 -33.17646317868196 341.2440685742633 598.6440700801377 150.3057301489888 156.9939269600949 425.9678064966886 166.9646461125186 0 70.74142586327021 191.1788619348798 699.7482291476917 631.6312229019422 100.9575131717854 574.9902122392299 461.2141619986532 0 109.9522054375384 384.4817012662442 127.3099733911853 173.352191498304 289.2982740433191 75.19500756038573 436.9689575704408 0 -4.720242714394146 411.8801909035143 385.9543058141842 0 0 302.2630234002224 -180.3984603671545 0 98.31630592497528 8.493496160931748 86.09971070823319 -203.8897442655255 7.051802862371666 39.02292425995785 -275.8823433886222 0 32.54696959921896 27.44441872382818 0 -206.7737395134983 -52.84453772777186 -21.1010413903258 -107.7505732679981 0 0 -128.5229505922149 -346.8201989021631 0 30.18173502348306 -358.3294352832879 0 0 0 -148.7717797446094 -215.4565685208509 -12.36572541877216 0 -28.47253288647759 0 0 -37.48272912092525 -105.4382149106883 0 0 -107.7426267830505 0 -132.1646352955491 0 -48.32774226106545 -72.02768419196815 -11.07640202877418 0 0 0 0 0 -30.04838852428753 0 0 -20.20967811816433 0 -158.2083630175651 0 0 0 -22.44702032322968 0 0 0 0 0 0 0 0 -46.00906081702711 0 -68.19665673078013 0 0 0 0 0 0 0 0 0 0 0 0 -21.09204182770662 0 0 0 0 0 0 0 0 0 0 0 0 0 0 4.798412236417537, 14.52025223060355 86.01424571299788 137.7745189616313 54.89485685616851 82.83346053604041 177.9369307087253 17.79345690102306 0 -72.57076711651466 -193.5484724219624 83.08354556474254 8.612696467854398 -92.22560519242758 -271.0257495574355 -430.4625318864098 0 24.30846702769908 20.51531184430013 -177.7801646503847 -340.0139080287927 -47.49717812578319 -98.40137366481491 -5.667393178305552 0 -91.83441394826168 -420.0675192677861 -530.0764091713977 16.59780958059775 0 -168.4422741116359 29.61036886952367 0 -223.0316563758878 -304.3668205099209 -210.1544709856912 -72.00445022526398 -102.9637359841227 -73.90383550828776 -211.9587008583899 0 -82.06651741020568 -392.5554335702863 -241.1664691091708 -151.7793722319924 52.64424279824959 -201.2293756225887 -33.14872699601446 0 25.09176823750213 137.6097462482537 112.1807906658958 -14.14663739644877 -93.09514567794227 -79.73220813908067 -36.87197215150854 0 -16.34663395896446 434.9503180583589 -142.079408643148 24.57836059404383 0 -50.56232791715093 94.17696748503482 0 51.40188682981179 135.6601296785355 649.2132787195089 14.35590633734358 226.687722288466 118.5582096671113 -66.616116040817 0 80.71760008300359 -51.80378086806463 219.9791400741417 672.4254989473797 -91.19964380720539 553.1914370811314 172.5149002277036 0 60.56905475779791 -79.8680903001835 37.38199243093694 -147.4377889055557 32.8712485788807 31.41656111617955 366.7314118712234 0 43.07889391194203 -4.316605824292907 263.3260802835623 0 0 148.4100512455553 -304.7492148422668 0 -33.0230058337286 78.22854199846057 -152.710278760362 -260.583661854322 16.2431051412513 60.5776950516119 -396.5268957153459 0 -54.46596520180847 -114.1615947478893 0 -223.8761193026572 -34.66222155013496 -65.46339392034562 116.0158008608975 0 0 -132.3090106586403 -271.86451426802 0 36.83897149253699 -477.3982701059398 0 0 0 31.46523768813958 -229.5875070521915 143.0040919568748 0 122.1576057587812 0 0 -22.91278954760731 28.50853845659391 0 0 -141.738721219058 0 84.40631525120047 0 105.9487580438835 -76.98452292525869 154.8086612925871 0 0 0 0 0 10.65121999522992 0 0 82.1866810423047 0 101.5293260132055 0 0 0 10.72218556179588 0 0 0 0 0 0 0 0 156.7071466370371 0 -19.48410387258499 0 0 0 0 0 0 0 0 0 0 0 0 106.6721772693421 0 0 0 0 0 0 0 0 0 0 0 0 0 0 35.21727509393767, -19.30522615640174 -45.81853276108599 -31.11237973241196 -17.20274921516468 68.22217131339602 154.4912638276442 8.499944681463617 0 -30.76137550973105 -112.1484011716979 236.4006149647585 135.0191858199696 -105.926587428303 15.35588465315772 -102.0465624455067 0 71.99277023619695 145.4036441389989 139.0451978775447 -116.3569737681528 198.4897017269132 76.2978685605795 -123.4467671027785 0 -138.8475884261542 7.609088058099388 -225.2786129199215 -64.83515306443321 0 -415.0667794347217 -269.3711519293471 0 -128.6196739744064 -607.6546320628584 -218.3965093641228 -331.2656642535634 -252.1923849930125 10.02133014978769 -530.413947409672 0 -120.0897344943869 -674.685383897321 -557.4907512581615 -99.98210317014274 -158.105324991951 -492.4640213348366 -196.6060011074634 0 20.65065940024827 -35.70460364726392 185.5880887833137 -157.5506798288287 -112.0625257582193 -87.53025865421259 -59.5057171984247 0 -61.15191466450476 316.4755171180637 -25.65412332912893 32.86663544666298 0 -63.8282646609423 -395.8811235140898 0 57.57672902038209 -47.8536646315271 506.5995389549708 -34.76540460137241 376.2659427595459 115.932082754089 -78.4740138499325 0 -58.53319647489927 -226.466321651346 19.14517097119705 356.0600919233219 -222.8023440473773 585.3043598151635 -40.43603758654832 0 20.74023033808948 -240.6363020887597 -34.80053553761422 -274.3707301392814 -114.5301122478534 -55.91742772793481 408.4450633786901 0 123.3745895270219 -340.5144114184433 193.7327304478798 0 0 -12.62357783123709 -503.6712654422025 0 -67.20714072237156 346.5685173461796 -175.1274098567699 101.1341444853768 55.18166985906885 -23.94065277307615 -295.5694573298181 0 -121.529070682262 -109.7995592121536 0 -329.6494815902987 83.06355650935777 -236.5628826667243 305.273003262166 0 0 88.80135855459383 -57.6641309568527 0 -92.04614507125305 -336.3383293774568 0 0 0 185.6823224490514 -354.8072688710937 115.426871209916 0 114.4347013126356 0 0 56.76494582897548 -47.0248055608589 0 0 -96.06658152767135 0 95.28814491115097 0 124.5568504320917 -101.6356872155504 116.0970583383062 0 0 0 0 0 -23.2159683667223 0 0 20.55258746057586 0 53.45833336453006 0 0 0 20.41212828113252 0 0 0 0 0 0 0 0 26.03654705398873 0 -36.13699772092892 0 0 0 0 0 0 0 0 0 0 0 0 18.79218217015795 0 0 0 0 0 0 0 0 0 0 0 0 0 0 15.16203903017593, -46.51087123449264 -210.9839077898401 -339.9326218782957 -184.9837643127366 -31.32685947222478 -174.0192376954579 -164.9139407867232 0 -33.24979889416467 46.03994211816243 285.571982111505 233.5354578835885 -22.11574982230314 288.6295564591553 431.9450048130144 0 108.4607005161762 362.0814302097884 394.9371968062632 169.2365267014142 309.408377863143 264.9759261293427 -148.2439427249957 0 -69.84881496325195 224.5134116504069 14.23772013089925 -44.17724964995725 0 -534.0716434249949 -246.2799992522168 0 -166.1107697549525 -744.8721748273205 -408.8791264372322 -481.8341809997492 -361.301013093787 271.2409734281847 -332.2457497690983 0 -30.69611919080329 -1030.389437925706 -942.1838193280979 -19.08588311361266 -239.0223611021137 -618.0529061017362 -231.993688659326 0 -78.48599387099033 -85.96145254352476 -0.6666347594408819 -332.1561051599312 -211.3062914487222 -102.5010924497078 -48.7093652128595 0 33.10142735141097 -75.19693496181924 123.2420374348357 213.0743975801063 0 -208.3227974360111 -792.651353481139 0 20.74015125912194 137.7259305834264 572.8014614645629 -42.45588505300418 377.6687906947533 302.5868061727064 232.1632823068276 0 -273.9867792084435 -253.8862087426257 194.5843484527893 253.3634036890724 -160.3842921026634 646.4538337164813 59.40165598071368 0 130.2838317766112 260.0162578655244 -27.87312549798733 -150.9405674483743 54.16749247626737 -137.5497119334472 405.7661409310259 0 279.8109847824663 -194.5944825084918 314.6867341746693 0 0 32.30516351863608 -399.4318370988806 0 -17.38231156147572 572.9672880643346 -135.9225289728187 162.9474696739835 54.8082908197939 -6.939751896553673 -219.6796456614653 0 -122.1671134848621 -102.5793817882621 0 -328.5449019199021 167.4835243077593 -303.0186620720168 241.2345495575157 0 0 152.1505993879907 -150.8998220071836 0 -179.8132432685791 -280.5892021751697 0 0 0 36.57672468892723 -403.4216187381589 -41.63566700313692 0 -94.2432370148555 0 0 66.88564555203668 -189.7197743324883 0 0 -91.15891661241625 0 -251.3097626102895 0 -97.62990083778121 -114.1441097073766 -89.94236059917131 0 0 0 0 0 -49.6639345850254 0 0 -160.4511203108027 0 -396.0763933186208 0 0 0 -12.09152000293692 0 0 0 0 0 0 0 0 -254.294531475704 0 -123.2928165523179 0 0 0 0 0 0 0 0 0 0 0 0 -94.97032016190539 0 0 0 0 0 0 0 0 0 0 0 0 0 0 1.835148256597735, -42.36155182410346 -244.0147714411148 -452.1485687887534 -257.6430238779055 -113.8332745484842 -439.0811162734583 -328.0634601421582 0 -96.27773004113271 -10.31468588469684 191.2782882787938 189.3673494644885 -10.84706059014351 176.9419762283222 370.8821894986916 0 131.6773931600667 420.1170903936147 302.6399990417843 48.7619306772176 152.38334675799 185.0708736674401 -141.1470637720293 0 -7.185014963468142 -127.0190248212781 -202.0831187526682 17.14839056358415 0 -476.3967247966694 -179.3911447987269 0 -301.0766883976592 -639.4998239600126 -611.9329984276682 -516.17315886926 -292.7154143908068 313.4792817924572 65.65793416110608 0 -7.591438259930158 -1109.466032598253 -870.88209298423 68.79294003740509 -100.1437005578879 -445.9432556499055 -212.9860070075993 0 -188.2289693771007 161.473549360948 -97.25064750216345 -202.2465503225238 -258.5028953776003 -165.8959031324934 129.8522278602272 0 105.6494427241642 -384.3696357326809 5.116404487717862 -9.996356153645607 0 -346.1815744535098 -972.3465104244644 0 34.87656720592612 201.8838854630628 203.3550845729303 -102.0400537302052 209.2871117601665 277.3159797371057 349.7947191365625 0 -378.0602239940074 -408.1803953949753 -60.95293901591589 -52.36120283501653 -78.56378042286572 215.3250963028837 98.10099077597081 0 80.43470399445582 409.695340332848 -97.4927510265326 75.02726301576584 116.5136694630575 -216.3525806828457 -5.35158094118583 0 239.6772524616136 -91.11430512196591 261.1468391303005 0 0 91.69226663508275 -2.744857777331504 0 31.36637265925395 482.63163519693 -44.9194846644927 -27.37836127351838 -3.635941843002406 35.78145064865092 -74.61357187139943 0 -43.26377855293489 -19.1806613605342 0 -38.97610063341019 183.8817720401784 -68.19310218254817 187.1689536627205 0 0 23.1553856077643 -122.6193896454268 0 -61.1703230615778 -65.62226458538808 0 0 0 4.005907707755 -39.69809893356321 -62.44174425069249 0 -131.1255399128106 0 0 11.70498837780308 -16.72180586939218 0 0 -19.63839082645316 0 -419.3267545600653 0 -176.0125382693642 -1.714079134921471 -163.0424212505812 0 0 0 0 0 20.72271706420849 0 0 -279.8856569274092 0 -682.003880796485 0 0 0 -48.11527477876129 0 0 0 0 0 0 0 0 -469.1803304640194 0 -213.9093281351737 0 0 0 0 0 0 0 0 0 0 0 0 -205.8064480541079 0 0 0 0 0 0 0 0 0 0 0 0 0 0 -15.79603891828548


GFLOW: 0.504 0.07531571701596963 0.07398770349024178 0.1041462859457332 0.1023000560138174 2.981688260189974 2.982005250785017 2.939440887929931 2.940505948453147 -0.02321946392148607 -0.04262458481806298 0.002435012289711489 -0.01801705290131872
q-corrs 2192.844939247605 7458.533368687056 8265.749910723971 2926.551007622699 1173.145968283563 2025.013890650284 496.6526722471021 0 -324.9039448197706 -956.1281804874747 -514.1816523315069 -669.0513952682199 -301.5904624909255 -684.8273335913595 -1365.93596212312 0 -15.33843225847328 -699.2649022051143 -490.3495186248774 -398.7059746789425 -300.7428554544939 -601.766456035607 -213.9980976756737 0 -181.1666730475203 -201.5176943577639 -410.6095649268964 -139.0632573103269 0 -95.04582264772483 -155.8240059481961 0 41.80102654627292 111.0448766650349 12.86697984085978 14.35069830847538 100.5657689320337 -157.4377418163115 22.88794227021653 0 55.32241811124779 318.4806035932784 413.0842576738067 -31.53634320047485 120.1518744489415 434.1398046318759 139.1606397908457 0 -34.98306194429564 90.74541294461618 22.22581553720111 310.5458412052889 -58.78924765190453 118.2227681307775 511.1118460662365 0 180.6928054197302 174.6934087281679 -43.43303822031689 150.2799844333346 0 73.41084944746947 310.3920744984248 0 -24.32027422648862 -103.5968902906319 -128.0281830275581 140.947995687272 114.8207688640064 160.262975737662 196.9153169201061 0 98.52831459386221 -92.98740457653602 67.09887558447286 -327.1579440647399 -31.40191787370525 429.7337976457177 -203.3206351765799 0 -159.0895288277912 12.44752471591721 125.3790649937714 115.154505573088 -1.267627912414966 -110.3815515616799 -278.2070476735851 0 73.19193764465868 -249.4836558069003 -164.6223190522529 0 0 -169.3096370565311 -78.62820309500405 0 120.2792293781538 -75.35295046955585 30.71093254500279 -272.2629581925435 -73.55616022645263 -318.6934152823396 -211.1156881525096 0 -236.308334398971 40.47265041135866 0 -138.1217013524897 -55.99177168830057 -109.5422996548437 -423.9060648109959 0 0 28.49199041384512 -284.1820918526913 0 -110.0612406580922 -235.9522394106363 0 0 0 -192.1443483901278 -208.1775704547348 -150.9690764299862 0 -279.1803999777234 0 0 32.32925591867067 -114.1413298790758 0 0 -54.18590763686553 0 -71.64542171460609 0 -111.4519830590728 -61.62074757540001 -129.8830847783338 0 0 0 0 0 -28.68420518954572 0 0 -26.62614714721329 0 -55.51206388604334 0 0 0 -12.98230676110568 0 0 0 0 0 0 0 0 -94.51665860815157 0 -7.201359862370957 0 0 0 0 0 0 0 0 0 0 0 0 -99.26027812802099 0 0 0 0 0 0 0 0 0 0 0 0 0 0 -32.12127053552254, 1247.738116393942 4175.440705179102 4499.943763658628 1512.952740425527 550.9028163344851 715.3040422875872 -119.9242508611287 0 -338.2208552002284 -875.0794495193016 -478.5221522973156 -557.8533560981834 -237.0061574130757 -511.7629309965516 -1021.370379672537 0 15.64814568389285 -426.0408721593443 -290.809784427162 -277.5455270570335 -150.6309262492811 -347.7264518680625 -129.6194935031498 0 -102.5120752439353 -84.82752431320715 -110.5648304863522 17.81399021535589 0 115.0728372017197 54.70869076736456 0 23.89813004116054 154.8614825263585 108.5863159262925 131.5989689636156 110.8203897659367 -90.749058603664 121.0739962166132 0 100.5834407598938 341.125980103999 376.2577676740237 -4.097499726194599 111.5906065456659 430.3781649815222 167.2440000865313 0 -17.81619635082321 58.49597344852159 -59.80555760070344 205.1654839824276 -76.28876085759998 124.5368699324778 484.6282478743848 0 177.8779521180635 172.7440727355088 2.692712332129844 200.6521117609086 0 -15.64316799904287 238.6875776588073 0 -41.75528405170196 -97.72680966054536 -116.1541962127734 123.2530097605944 110.189312895826 258.6606427255091 169.6805053225017 0 81.01182401756864 -56.21620027734855 149.7711258299955 -271.4565909500336 -5.806247709730549 371.6147950870258 -64.26703432403835 0 -129.2281213156812 46.93650910385671 126.692400529745 147.0288691964678 63.04093038913723 -106.8087968625046 -208.4769437443306 0 21.31030678066242 -95.6490670342357 -144.8781835466878 0 0 -67.84457264882099 -95.69458275518619 0 120.0571249517755 -52.97156838195571 72.07476098474594 -211.7615855788732 -61.57565156108835 -335.9954833308071 -135.610916008641 0 -149.06074660548 25.72814668150619 0 -125.3056703811374 -31.38288447758679 -103.3615764131368 -370.3302173326671 0 0 28.48060899985504 -271.1643642597309 0 -143.8209997867484 -139.8603854971136 0 0 0 -151.4553306147866 -164.4168664555131 -134.9170084780552 0 -260.1760877888635 0 0 26.37852562824254 -125.6914756535561 0 0 -25.41774315683134 0 -78.71578277280378 0 -107.9862414866675 -41.29848094681785 -113.0381420896325 0 0 0 0 0 -27.1276732386443 0 0 -38.69374507836467 0 -82.16199451116553 0 0 0 -6.24858348971712 0 0 0 0 0 0 0 0 -104.2117026019257 0 -12.22315823952392 0 0 0 0 0 0 0 0 0 0 0 0 -88.85742191486189 0 0 0 0 0 0 0 0 0 0 0 0 0 0 -25.48999901099086, 211.6719657708948 632.5115816405239 541.3631191429606 90.6288006188457 -34.83528205238537 -361.3418172283482 -471.1546267163015 0 -242.4171451014255 -546.7070152569077 -303.1905389363203 -307.2694257379478 -120.0368106489217 -282.0364671682141 -519.1945962865721 0 26.90652277370138 -106.5062907249221 -109.4430469321 -157.2140086254557 -26.78592362673113 -79.95169530063049 -8.541390620754044 0 -4.469543697518496 -54.79734607143303 75.07848222702223 158.7742478472951 0 283.2324540486213 273.9886981057209 0 -29.2446175560344 169.6559742169217 148.7618312593994 241.1764783565972 90.397169060484 3.102562620581153 283.6713573915036 0 130.6591098747406 296.9070343463169 270.9818754845477 51.89480229007949 146.7623475975623 397.6361898332959 251.5527590686134 0 -3.032216646048585 193.8731565593062 -104.7306019743621 55.18078666166137 -55.7814626781278 190.0400641561636 483.7772724646833 0 282.8087079662399 214.9135613760082 99.84766080153265 390.0352574148387 0 60.02274668915809 394.3616681586533 0 -56.32729277987799 130.1506674262631 188.5036162513065 167.8150459944835 137.9549371574373 490.5961017679797 196.1047042761572 0 86.11569337116219 101.3823580539126 555.2163301122612 89.86465292219724 67.85306448270283 424.8566549042588 255.6622419337203 0 4.285213260523307 315.4204138875051 138.6092080290658 250.7314749398161 229.920287734318 -1.631517957477556 121.0679081818512 0 -16.34384228249118 297.6222518619104 149.0885501638473 0 0 146.6406943960573 -78.28962557482477 0 136.7664997793963 -0.8140592866231202 175.7269219252265 -42.82897431838226 -3.134176873637891 -151.806851978816 -52.01106382610401 0 8.295346562055869 74.54177662662828 0 -112.3548820427432 -8.411017818112256 -49.79443470913321 -205.4152052984718 0 0 12.22850136642738 -172.4292561912758 0 -94.71702529676088 -61.72886049076531 0 0 0 -104.1978741613475 -124.3860481542149 -79.04848787544248 0 -151.5532247632534 0 0 6.438549591193709 -111.3411941127692 0 0 -12.64146789026495 0 -96.43756151782952 0 -85.66378800123587 -31.35100973593723 -58.7100121919674 0 0 0 0 0 -25.03468772536923 0 0 -44.80413028041916 0 -117.3994223987541 0 0 0 0.5077059618846995 0 0 0 0 0 0 0 0 -92.81099891385509 0 -25.19422722025409 0 0 0 0 0 0 0 0 0 0 0 0 -57.34037488523181 0 0 0 0 0 0 0 0 0 0 0 0 0 0 -11.31781196512962, 8.218534956496683 9.669874909122385 -29.36642661675337 -42.22790346757407 -33.7898750499411 -171.0933931705719 -203.5259130149905 0 -126.0028770173993 -276.3353727667711 -135.6976946286166 -149.1047409437876 -65.39006395023387 -256.3652619193732 -404.5638473678398 0 -0.8787290748914174 -86.23285453003967 -186.252448789169 -219.0486600456763 -88.70467568033609 -125.3438585544242 16.63778525473384 0 -23.72059808415678 -247.6938465357128 -225.8309594561505 94.99069728806637 0 102.5216303933693 182.3948809390842 0 -117.741655250918 -5.468164021865789 -0.5158332034773281 106.0383083480074 14.0780961147167 -4.136162572273072 158.282780293315 0 45.85267576656318 14.00873058579398 28.99290467104962 15.00444688447699 118.808864341268 159.7305540326082 160.6355450216588 0 9.391538407067392 224.5565832253319 -29.52784189427237 -22.61847672702491 -57.10750659980177 92.4999333112346 251.3255679830417 0 220.4127155771868 255.3091800088202 44.88964564987441 316.8815114164627 0 91.31920281088522 386.7900549409823 0 -19.65582955245016 285.4893380347199 476.0048920947698 134.4242704604402 148.088903275264 389.8771576478164 151.7758699913229 0 63.78217940431948 129.3244040898987 557.3965068308349 421.7795256636571 77.88994826375979 449.2142461512202 343.5327572862827 0 90.28806234575822 335.0157118529335 102.3262000729465 165.0110367506091 228.0727081929046 32.17926329478428 259.5533384709036 0 0.2377570552716435 338.2271542271953 305.6059335382952 0 0 215.0575234691472 -85.12300645415361 0 75.61117186392543 5.496005750830335 70.59025780455111 -127.4200947774924 7.913478798016349 14.45233111322989 -166.0819994917537 0 29.99976646451879 39.8526100081022 0 -134.1262450775659 -26.67845649736818 -6.981357261887524 -68.57652763490414 0 0 -90.8848072583416 -245.8124412663942 0 10.26430326134754 -236.0675492829661 0 0 0 -80.30434386420521 -154.4838167688415 -11.07130733701 0 -22.29015309664734 0 0 -30.48649816178755 -94.77800480690382 0 0 -80.2771498674917 0 -71.5708439359389 0 -29.95027436448614 -54.31420948005442 -7.049400137558653 0 0 0 0 0 -18.73894645252616 0 0 -10.58911991678944 0 -84.51256469734089 0 0 0 -10.02347960680178 0 0 0 0 0 0 0 0 -15.57899791766736 0 -33.66465267067986 0 0 0 0 0 0 0 0 0 0 0 0 0.3094470881225213 0 0 0 0 0 0 0 0 0 0 0 0 0 0 5.775009048561459, 9.435722355487997 57.81801436156243 92.66483932597004 34.92407374001858 51.80580195605601 95.60798426983996 -17.01147064187757 0 -65.62748331976158 -156.2173730015238 58.3049962799406 -8.471170678811744 -72.77089528932146 -195.3628463631635 -343.8537063015853 0 31.48114159254606 10.71362645299592 -102.0086047428258 -252.551505344434 -36.69007649916033 -85.83267710372878 -36.77929002054477 0 -65.14602721183618 -276.8433253831466 -349.1822567826893 50.27675650735338 0 -118.2992767165159 17.42436911401796 0 -161.996098728347 -245.6715212007897 -134.5819225438757 -123.8401907614925 -75.49147043267114 -19.30888570492708 -135.1310330253635 0 -42.75715741028459 -244.4518905623924 -234.1719168300152 -66.34593951320934 14.53642262132461 -172.1771391297152 -64.91649279191775 0 32.60941596114078 45.33971496691052 115.7563507842528 -5.003928372404289 -78.98254123894918 -59.12484307999605 21.35117091029969 0 -18.36165319558723 299.3573862620224 -62.62025692063943 58.11831218187034 0 -5.760215701670507 57.74113913371506 0 36.74223447029919 141.7551481096172 480.2458460053125 12.12135373846142 193.354389333948 146.148263284632 3.893152972923971 0 51.31983699701036 -8.090968027470296 181.3838250023991 412.4947762178839 -42.81960219513422 395.1366377118088 128.3721282034835 0 55.07100512991252 23.38605222290451 23.081902348771 -53.30460254644191 45.81268382609088 7.525790621889122 222.3798839374992 0 35.67772177259726 8.687089231385073 222.5138508174542 0 0 104.7591315301659 -180.768657173959 0 -15.76294835309357 66.02600628648449 -84.55625043609314 -145.5859777866362 11.51170888924882 50.09428377155063 -251.968299057182 0 -37.32643360205707 -38.38852317669198 0 -155.0387941563506 -7.967204771511511 -44.14627012611055 110.6922750014544 0 0 -90.36663064711533 -187.2653517045454 0 39.15270101790722 -318.2876676725687 0 0 0 41.41234054977457 -168.409782558234 95.85008695381298 0 96.43541496330892 0 0 -22.19121255428189 -10.7505125713846 0 0 -102.2884255331586 0 61.21823401909144 0 64.1349718365087 -57.63683002580416 103.1090852531504 0 0 0 0 0 4.928763922730974 0 0 45.78503256883573 0 63.73751072936794 0 0 0 10.57565214806901 0 0 0 0 0 0 0 0 87.57461042074064 0 -6.726499963635344 0 0 0 0 0 0 0 0 0 0 0 0 61.81222705959736 0 0 0 0 0 0 0 0 0 0 0 0 0 0 19.89879586271249, -10.18769456048398 -21.54582492262121 -12.67270747833429 -10.13850450164197 43.83152793526816 87.53997564648785 -9.801931772223654 0 -28.27433026772618 -72.11614926818554 175.7106341537313 89.646025875844 -71.54374999252121 -9.485941280390378 -117.3843749197341 0 71.44150754373014 121.2122499322786 106.875484202789 -112.7998299638965 105.7060053371148 23.65609503358046 -110.6326393140176 0 -100.2623843239622 -37.12837230103437 -153.4349594088558 4.521425323777876 0 -284.7897032139112 -152.925186962437 0 -117.3132697850736 -419.9198928290257 -189.3543350794603 -279.8725654191529 -151.0857347947549 50.60443507847825 -325.0971831594045 0 -62.26783125242703 -469.5989718610733 -442.7162364650926 -64.15428428397742 -118.0281956440417 -363.0715109043271 -190.5190939565288 0 24.61954239652202 -85.47130036195114 139.5892397157441 -103.3518364475702 -119.3215500548798 -128.2309651898393 -51.16317860690767 0 -103.1683653636574 209.7700524779095 -9.749927983959864 23.69866155582858 0 -93.15323507563234 -359.0177134181188 0 44.78892617797306 -23.04268452478766 360.3926408177343 -51.9386585441017 265.4915506168869 57.26302002929904 -8.567153576694253 0 -48.55523539391514 -133.047862893491 -35.95506422697535 190.8047870101194 -138.5218861247768 386.7545155864393 -60.19195149244993 0 28.01482242274927 -114.8474336158634 -37.59038231955972 -173.2864237425961 -71.08475268435369 -38.06228136454942 236.6670388848395 0 91.21756277123137 -271.6728931554651 131.7296354351554 0 0 -18.54680544241803 -327.3107746460056 0 -53.76456307160494 229.0678524190781 -121.5083517470842 55.5231157000288 36.23885547926645 -7.610023162380195 -216.4882167368102 0 -96.74658032496164 -71.50824384536719 0 -234.2983208105524 57.3203584399761 -167.5423347593153 225.2186445826821 0 0 51.50811435177043 -58.0319371545985 0 -51.15313800795435 -249.4432809298855 0 0 0 116.4104281821256 -260.6464418509354 81.30312509664486 0 90.01975862998179 0 0 29.51457646031827 -54.45285045953906 0 0 -74.78922829405388 0 47.73884851018011 0 67.27317378388837 -77.03056127076979 72.1424607922568 0 0 0 0 0 -19.97663648776043 0 0 0.7271661307227717 0 13.47008324722819 0 0 0 9.850688432563913 0 0 0 0 0 0 0 0 -4.423337406150011 0 -22.67141334065999 0 0 0 0 0 0 0 0 0 0 0 0 1.953098404760965 0 0 0 0 0 0 0 0 0 0 0 0 0 0 6.704610200856624, -32.17384993483859 -146.4945388133601 -234.968278504431 -128.5738177895332 -27.36058508099236 -131.4829586349017 -130.1810379055759 0 -27.05512013059364 8.706968053259999 198.2493333375508 148.2077943453726 -23.22039637978282 155.1819265172038 200.7532492060211 0 89.07671015785922 254.1625397947381 252.9257889146695 47.94445005843491 170.3950566090148 134.2843608508844 -121.947775108749 0 -61.99132430206851 70.32987237855943 -31.87064903109072 -0.8764487670669183 0 -371.8418323535599 -166.3597620710598 0 -145.5110295345417 -504.2136319001138 -335.3618365211506 -377.6485311490724 -209.8897065919042 201.851414788909 -223.7423885662724 0 -10.07269441710805 -719.3477296259414 -669.113001771106 -36.05209006740617 -161.0060135366297 -435.2032505979001 -216.3687899693191 0 -42.59753530531912 -95.75505949424429 -2.590176028807292 -227.5969021501996 -186.2801089967354 -152.6959278225431 -45.06648709801497 0 -50.12271769097123 -28.35059349662865 81.50795743259052 122.021060889206 0 -208.0149139626415 -641.7949365934735 0 25.07859688355751 38.22545707256441 349.3744541497567 -49.39789375804368 258.7365188801061 161.4551934294892 162.2665983033451 0 -193.2330855283174 -197.6427704855889 43.74253384675591 71.19672810074252 -119.3449149830999 418.6238124632163 -21.49182279038186 0 82.69988160244347 155.9302195333684 -33.88325791183928 -97.44827470391667 21.56520170119818 -119.7550421771148 173.2541717163427 0 187.6863949098488 -220.7052143833073 164.4817665976224 0 0 -4.183092974763156 -259.3880880159958 0 -29.43967015135662 361.852448850944 -112.5429171260737 80.87034033949806 24.28262639970666 -26.47173944648787 -171.1439742954747 0 -109.2311222662342 -85.30614103838134 0 -228.5658100240342 102.281887142342 -209.8025875203461 190.4655130298487 0 0 86.06884036574058 -112.1163610839267 0 -124.0129783553251 -204.5867261040833 0 0 0 24.40379210392085 -288.5536998376879 -23.68736481794716 0 -39.7941898774004 0 0 38.8641191945493 -143.7855361839469 0 0 -63.1719022933053 0 -184.1500001388786 0 -59.51367745473053 -84.47013166743578 -76.771345627253 0 0 0 0 0 -42.27826441869419 0 0 -124.7696385826357 0 -290.177973276154 0 0 0 -21.66624132455659 0 0 0 0 0 0 0 0 -209.7816364885595 0 -93.78519818834673 0 0 0 0 0 0 0 0 0 0 0 0 -96.18220612990673 0 0 0 0 0 0 0 0 0 0 0 0 0 0 -8.299956166166798, -36.89572472803218 -197.2730734671874 -346.7316057831008 -193.2029810989368 -85.99745187904341 -313.1292646081361 -241.6146265878187 0 -65.47757396658608 -23.6073694964517 146.2539636614332 128.6940752763575 -10.82609963365367 103.2476076580971 188.9481052616836 0 97.04458363738129 295.2100651704077 202.7930835146299 -12.53148564245134 86.85530495600655 100.1311126139176 -103.7157735946419 0 -12.29011214285149 -120.1472583723728 -184.3704416717389 15.85561649334918 0 -356.0136962316581 -142.9458391868168 0 -215.6437358580677 -445.3890656476945 -456.1103934107848 -406.7729279559521 -194.2506993389019 206.8418550906691 -12.05697566955001 0 -15.52836408199997 -799.2896543399769 -645.0335916993796 9.942655948109731 -78.12626231775576 -376.4115519014839 -212.0151996777907 0 -115.0755142653422 54.82907941868292 -97.7821814640446 -180.0218070437592 -214.3956414989922 -196.0570230563808 28.80121874745535 0 1.418449488232831 -226.1922442717561 12.74409768939363 -10.39146991048867 0 -281.4139797254982 -747.6827913864614 0 29.54850269909556 47.83083463611577 130.3341228182032 -56.3115300586313 158.7760441219635 169.3462033914711 244.9432292173914 0 -264.1752794818744 -310.299570409696 -53.15664909192984 -115.2248016567407 -77.07642463981301 228.936797435392 28.75521693888874 0 50.04307839817909 297.0502911302971 -51.53004866468251 88.79511503475528 75.06204324611372 -194.6827842435701 -68.91549419856602 0 205.9864800435682 -100.2300082734692 196.0672053505533 0 0 47.61242370644875 46.27743146671597 0 16.9798606626712 328.5191832119403 -44.76004970433505 -6.666616156181249 -21.53608149118742 62.77037620005862 -60.14623134125989 0 -47.09394927072975 -7.429736126972713 0 -17.66897044159616 106.1709513878183 -41.57457810592135 168.8663538224213 0 0 -0.6952585426556972 -68.42723205377081 0 -32.9242119992714 -51.84087918718653 0 0 0 -30.18302279417667 -41.40782280786313 -56.76961918879699 0 -71.65745449734209 0 0 4.895054936988744 -33.15409639327731 0 0 -12.3704108349442 0 -348.4609428846562 0 -127.0487644545721 -10.03949274594342 -147.0977586075985 0 0 0 0 0 -1.009034847537414 0 0 -228.6864295541118 0 -534.9311449245006 0 0 0 -48.42875694600708 0 0 0 0 0 0 0 0 -399.3490005778011 0 -169.6462049469248 0 0 0 0 0 0 0 0 0 0 0 0 -201.3294000160414 0 0 0 0 0 0 0 0 0 0 0 0 0 0 -26.88392797806355


GFLOW: 0.576 0.06101621934618895 0.05989920076856596 0.08189320757173263 0.08037362375099799 2.985965146281599 2.986222220397451 2.952265669911049 2.953144479381212 -0.01577980877197614 -0.03065361792465671 0.003814147926195545 -0.01162196937498187
q-corrs 1408.344351709117 5133.011741151224 6133.440115203104 2373.398175241145 1052.60941950615 2176.053928593541 920.2987949303781 0 -89.5328409045631 -463.5880734615959 -287.5380988361973 -437.7752882109556 -207.6980225371015 -502.7505651612969 -1016.279083362978 0 -32.55317973953535 -588.9174049709393 -423.3070803836673 -316.3542142538239 -252.2516362976529 -475.4472097080304 -158.1374576657289 0 -135.2969683129729 -177.1891525702145 -326.3780240902088 -102.5249840485193 0 -56.53669093941291 -104.7992243997247 0 16.46499140709387 80.65650049418966 36.00118095107575 28.48405640784812 93.62829571714391 -77.1008350901063 85.88916847071611 0 47.09651225575981 266.6772362511012 272.3976417665257 19.53819236625621 89.41725306332445 328.4563306352384 101.3451936645377 0 -9.146398345381389 98.29515622248323 123.8223279708975 218.9204693448348 -40.44579278058422 97.57158541416803 406.7869870922163 0 133.2964039816349 151.3427138028769 -23.82890070532967 125.2947884644801 0 77.35835586315662 180.2604425652638 0 -9.146250380092702 -72.02669411718472 -85.64598440637081 114.5598226920056 108.990123425523 125.9782904825182 133.7706099066459 0 56.83568777153066 -86.31666587487349 72.4144988495926 -260.1591536098564 -46.91164692760358 295.35676257052 -157.5489826537559 0 -107.6703398754317 12.05127505500887 93.48030366037941 81.96624795420664 5.772482003067573 -91.37061432383902 -233.2063323699584 0 32.05861892865251 -218.6551540357716 -93.42524549287617 0 0 -119.7761658082098 -107.6074536021206 0 97.39414936567971 -53.64838423895051 19.69607411272149 -185.8605907626446 -56.18890285442571 -265.7229951140918 -185.2999725824094 0 -189.9142062598218 49.92378649928731 0 -136.2508874894629 -37.93951305751204 -96.45552889131029 -277.6142007819088 0 0 5.087293287741783 -249.0079530500274 0 -83.66460932274364 -204.6191939560442 0 0 0 -131.5424397819409 -182.1423044589037 -119.733060524722 0 -176.49673156776 0 0 14.42307570586825 -130.5045664841073 0 0 -49.43799160461845 0 -69.90769104016013 0 -74.91189954956374 -53.22526237152498 -108.2272565521443 0 0 0 0 0 -31.46818400778606 0 0 -28.65586903484385 0 -63.66243651991804 0 0 0 -16.13766925483928 0 0 0 0 0 0 0 0 -77.19483846697543 0 -12.4631897905573 0 0 0 0 0 0 0 0 0 0 0 0 -69.41213439257483 0 0 0 0 0 0 0 0 0 0 0 0 0 0 -20.58526792692522, 858.8354872548792 3094.765266363023 3629.297228082051 1359.840518971342 574.3926157966092 1060.344297320819 304.2409766203091 0 -159.5700702363882 -515.0739378761034 -312.293431402796 -397.7063281767847 -173.0462838323898 -405.4027965787211 -805.8676105616014 0 -12.4380490021846 -400.3314676134002 -284.3586787407093 -233.0405059758866 -150.5284952974444 -297.4317901606728 -96.05100804274421 0 -75.28064357654152 -96.36288120081187 -121.8715540172427 5.38378444901053 0 92.43854411578161 37.70430928901983 0 9.801961445577181 117.4019179099345 99.27934087180498 104.2401848522285 105.0070131921324 -29.86074740416225 162.8667391045629 0 79.26290019828954 294.775578287226 253.1734826643354 36.95025694707681 92.16054374300489 337.5781862413135 130.8232462548264 0 -1.026136294693115 100.1917789029091 79.78947679559903 164.0275284841186 -44.48092246595578 116.2573791741224 402.2785451700997 0 152.2833272692356 153.3257783880578 10.16741187899159 172.6886642273209 0 44.93867225877018 183.3874838125937 0 -18.99953165072117 -37.05002881239299 -38.43743876185347 113.4766064929706 105.4195202321998 211.4487270790345 122.7745145384595 0 53.88133829222734 -47.25198580279827 156.7256880517522 -188.8194600131311 -22.09251142082838 276.8478636808849 -50.92794756371708 0 -78.12758099790275 57.33556130930416 97.06046130610034 108.815828466355 58.21940998091648 -76.80072196582577 -157.0878657069776 0 7.352998144002932 -83.46741177332746 -64.22592749395199 0 0 -45.52711517082555 -96.19501346771213 0 93.4980413211982 -38.61791494629024 51.21468459929736 -145.4782348167986 -41.90590676253104 -246.8257741343438 -125.1519116678442 0 -120.1420654095388 36.19258405115934 0 -115.4636293475772 -25.22007016971172 -79.20108044706456 -256.3229060487141 0 0 6.56835013248763 -225.5945764642657 0 -98.79773772266128 -134.2111960497093 0 0 0 -117.4714685673922 -144.5874451032608 -112.6785584965436 0 -173.305152712631 0 0 10.86209396077301 -125.7108450095455 0 0 -30.39456474479997 0 -79.68308820282837 0 -77.30667988900505 -39.26217502868641 -100.766907014777 0 0 0 0 0 -28.20928626290252 0 0 -35.32005064636357 0 -81.29036242823008 0 0 0 -12.56280352856142 0 0 0 0 0 0 0 0 -80.61569054807873 0 -15.34463557812052 0 0 0 0 0 0 0 0 0 0 0 0 -62.273098987925 0 0 0 0 0 0 0 0 0 0 0 0 0 0 -16.75592994632144, 186.6735111643504 627.8190393161284 648.2796058013656 183.6166357089568 40.08762002942845 -111.0695542493025 -270.5879048784545 0 -180.4233091367106 -433.7632403612065 -253.2564286813994 -265.4741739051273 -102.8097613444098 -252.5374592995594 -463.6706051057504 0 2.70467289564877 -149.7705023961313 -127.4757466847801 -139.1064607446674 -44.68775582336589 -83.69502587898182 -12.92054946620168 0 0.545926301002174 -58.67492427660076 25.75622108552707 110.3270433759615 0 211.6693265920634 192.1827136427179 0 -23.72294444309307 122.2648810849944 122.9646584040711 164.6718691219922 81.85999690103546 16.77358510436007 246.5122244160361 0 94.25814885607535 253.7566438162219 172.3103826419538 64.44391996100714 112.1662149587032 307.7334732423781 182.4102425150609 0 7.099617439904018 175.0943537790084 22.53889896235745 58.52025900270321 -27.90649775598376 156.3515412437989 386.8960279519597 0 230.1512522822358 180.6171479374199 71.52651902791396 296.41117284569 0 103.5384779084036 321.0386831928216 0 -29.68363482593532 135.281690334547 184.1068727323559 146.1394239919748 117.3465273618961 381.3649716366212 149.386399340231 0 63.83746491714948 64.34423900898778 434.7695913072344 76.46208844548288 42.75737078528998 325.9704437479306 185.4388401714696 0 15.00107228576377 248.6780820139486 108.2400933193015 186.522352423694 175.8105280272646 -7.904117256158781 68.47998225465221 0 -8.611907098664858 223.8625288979273 129.6197592014648 0 0 107.011178285407 -47.05325571297354 0 96.52549262221943 -8.755898273230656 117.6070276145134 -49.14658555043926 -0.9497840908938997 -106.1455851033882 -51.58854200857663 0 3.415903249199587 54.52371794510093 0 -85.38949991129073 -12.39891596727447 -28.10852391541746 -165.7147189326166 0 0 -4.329428593746115 -154.6563367645536 0 -66.90426253344954 -68.59772427841162 0 0 0 -91.97628997450616 -101.026993244199 -76.93437156666593 0 -116.0757320573347 0 0 -1.457051824682896 -102.8032970682219 0 0 -20.65131618715655 0 -87.0498301228513 0 -65.46016763580536 -29.1580207556225 -66.7259981104082 0 0 0 0 0 -22.30652364290858 0 0 -34.93882392109025 0 -95.51465272145863 0 0 0 -7.762219559095655 0 0 0 0 0 0 0 0 -63.73731773401023 0 -20.33057234781276 0 0 0 0 0 0 0 0 0 0 0 0 -36.55953212040198 0 0 0 0 0 0 0 0 0 0 0 0 0 0 -6.963863377839675, 12.98827332263173 30.72078642443081 -3.081149141392096 -33.0836923429825 -26.55668396311831 -158.2592088617915 -198.1319372762252 0 -115.4738082836845 -256.4503060422438 -122.9455875206885 -136.382132116319 -61.13655734184835 -201.9240244603221 -333.2627385876225 0 0.07656395767485513 -78.07634732902656 -129.374210536748 -165.9389178826696 -60.26089279284306 -81.03334843599899 -1.446069513559429 0 -7.1206388427203 -170.7011524265527 -155.6267091895866 81.12906232621782 0 79.18890682322331 129.2499421731955 0 -87.96809677012035 -19.89650255572411 12.6107684711317 43.63808141230396 7.739508821896464 -1.416765198019043 119.7923152219034 0 32.11769574970444 35.09735448703339 -13.49122130110214 33.57127877847354 78.89370229361366 114.1610503929045 100.6061471311016 0 17.33505547818731 153.0667325659708 25.60503569698406 -12.23738966531849 -30.50179633991817 81.43540130111161 216.1856837638894 0 177.9315701430599 200.2346642777779 43.22466645695135 248.146679639249 0 121.1633810352644 311.3995808585867 0 -10.63900737919996 236.6265966254099 367.3551470695397 117.02835329564 126.1492739789421 332.3055916872834 131.0692617578871 0 53.80680872641138 93.68071611810439 450.2713670007256 292.4846968089106 59.05404372062451 342.9349673804692 259.0245779406596 0 71.66299293212015 280.0628315327708 82.16162580008745 149.2447179391612 179.4488740053165 16.25586463588874 165.6861935263263 0 5.331096494039336 273.6959609133414 245.2912310830878 0 0 158.4170075237943 -35.27950823198989 0 59.85781594214155 5.746869112670041 61.10864071187129 -79.87455565517183 8.084805894072847 12.80786739383911 -105.4511459784105 0 26.43292627621257 42.53962695848847 0 -88.23474729055094 -14.29258614201106 0.8870026657728047 -42.57586280204798 0 0 -64.01169385033299 -171.2485771773516 0 4.507951716000036 -158.8523497985301 0 0 0 -46.19078790114568 -108.7330956895027 -9.528016777713102 0 -15.28285540466327 0 0 -23.15542473317711 -75.64460873301076 0 0 -57.78678336268256 0 -40.38733351454908 0 -18.50146577492093 -39.31309889251838 -5.297889913605172 0 0 0 0 0 -12.37070075611648 0 0 -4.676798808329114 0 -44.64269088323086 0 0 0 -4.689506002588866 0 0 0 0 0 0 0 0 -1.472016127258492 0 -16.08579969384073 0 0 0 0 0 0 0 0 0 0 0 0 7.59887076571955 0 0 0 0 0 0 0 0 0 0 0 0 0 0 5.107922441585163, 6.211798042099133 36.41863820307924 53.79680142465673 15.6185989951277 29.67749742181467 36.28617446261661 -42.98337999325985 0 -59.11879818866515 -132.8898021957991 34.73824750853429 -19.06054037688799 -58.42087107897842 -144.0784789368352 -268.8919353100436 0 31.30602170483489 7.150479071261202 -59.38452348574545 -186.2720492284388 -27.46368407904319 -64.47595392914887 -43.29681128707433 0 -43.95569549602087 -187.0815356261541 -229.5469177021579 59.94961603757199 0 -82.21261614248829 12.66396737721625 0 -120.5395395912022 -192.1698396233471 -92.12067928062109 -128.7051888772554 -51.02799742658942 9.448465128326994 -84.08275072831069 0 -21.87993307685359 -164.9093932890281 -207.1078761321419 -25.64910039747227 -3.575685252851937 -134.9674860598512 -69.90294122889529 0 31.53054331828195 9.539712930547211 108.3005845340146 -5.338516946206951 -64.13925801691857 -45.21959339947886 38.89007415151691 0 -9.763536625027093 205.2519334603098 -22.16563636154502 68.51291892403302 0 18.19332699973651 32.38862395605241 0 26.72618128067897 130.5457296804253 352.0312985171586 12.85283835420763 154.2243867312982 139.9346315222669 37.06016147550936 0 32.63735887659179 10.81280653608388 159.0942802592747 262.8174612501373 -17.92756765626314 286.0943308626738 100.4644018673433 0 46.83315389745179 68.64994086572196 16.33344111805264 -2.902976114560374 48.2763852917894 0.8061852709056154 144.7411835379563 0 31.95292408391262 21.70689085329231 183.0780718144516 0 0 76.90538561734198 -107.4956350531687 0 -3.305519214113119 56.45811778670111 -43.25119537629068 -78.85309387783414 8.545779161883409 42.37339829131159 -164.9767316019359 0 -25.61501786681766 -3.422787772561961 0 -108.8565791037357 3.300736863237155 -31.05088964694808 99.79018291087175 0 0 -61.6220315143879 -125.364507191488 0 32.01772304464102 -215.4518413285975 0 0 0 41.64771645145755 -124.3031758719 68.84510660930187 0 75.62403244097885 0 0 -17.94957204736477 -21.64120172799966 0 0 -72.14151513760203 0 46.12282962464483 0 42.50129440115208 -42.70899660012836 73.55194576653786 0 0 0 0 0 1.994632696455478 0 0 25.9359833359615 0 44.54754180677114 0 0 0 10.0627312030383 0 0 0 0 0 0 0 0 49.18993584375248 0 -0.638333984991684 0 0 0 0 0 0 0 0 0 0 0 0 35.40106445586853 0 0 0 0 0 0 0 0 0 0 0 0 0 0 11.21812072461223, -5.476222706370493 -10.22938927904335 -6.11579668644238 -8.040623243311828 28.71873720127238 48.51554663989102 -20.17042914478274 0 -26.19718155539801 -56.00663738842752 128.2296355013823 58.53699899466628 -53.17034038139612 -21.77721626962528 -116.0882560908565 0 62.50263351506344 92.51496464640167 76.79415486311922 -102.9208322628924 56.30859411666074 -0.7378612413300516 -94.15409313642262 0 -73.24865257862218 -51.68748657736624 -110.2306148434027 33.22652865267657 0 -201.6577045860553 -90.22540349387945 0 -101.3516916608147 -303.5922480448839 -159.1428635520344 -233.2337154475557 -92.44209733057112 67.96111154169074 -205.2656128021254 0 -30.03693767668894 -338.0543599399029 -355.5952972987116 -43.44926692245147 -89.03725485058112 -274.4223815006911 -168.5656755339103 0 22.63445327518347 -92.1593321045199 109.4911649723585 -73.26700743421139 -112.4621079096447 -132.6494579467803 -43.14522401048126 0 -104.9393701387398 137.7399816904161 -2.87326858914318 17.64978040324291 0 -97.02322316930068 -313.9041064518972 0 35.04922033235528 -14.16852706424545 248.3852938682205 -52.94881002269177 187.5883454916502 23.896937576676 18.92790964683488 0 -44.25576714833254 -88.05164688500511 -58.87419865787339 91.13217491513046 -90.16836817346552 256.5012758188199 -62.05386222866726 0 24.112906510342 -57.63282953684569 -34.68514954730371 -114.5196149716531 -47.72844315314633 -35.16953431138352 126.3241583273109 0 67.10554114924837 -220.738524357605 81.12339787745668 0 0 -21.70932788203375 -220.98273755855 0 -40.93700384017174 154.1037659107698 -91.75772580632325 25.83004547897703 19.04063037976015 -13.35914431918898 -161.3373507836501 0 -80.30789404553704 -48.02252235159236 0 -170.4574826639989 39.9298174592315 -122.6149236525144 165.7267725378954 0 0 25.41396225229614 -60.01979410402254 0 -32.78703003194423 -187.7310626305849 0 0 0 77.17852566727741 -194.8558791924533 56.61172484591472 0 68.40367136790093 0 0 14.64180042380143 -54.22494444894349 0 0 -57.04025649593804 0 22.14622395794337 0 39.26007284481292 -58.17762143784395 45.7044635461029 0 0 0 0 0 -16.73234601937818 0 0 -9.740818058911735 0 -5.835771843466134 0 0 0 4.798670545561391 0 0 0 0 0 0 0 0 -22.2278165183964 0 -16.86051635915725 0 0 0 0 0 0 0 0 0 0 0 0 -10.35205492165099 0 0 0 0 0 0 0 0 0 0 0 0 0 0 1.379987063429351, -22.84647221371876 -103.8207354322537 -165.9541353644167 -91.75155953927946 -20.99860836897405 -96.85883848862292 -101.8928349209145 0 -23.75520609746988 -11.04009438362988 143.1568267408023 97.11966061361743 -24.70428059374827 79.52851726998921 76.44953929478345 0 71.75736132989817 173.0034213165421 161.8963197004673 -10.95328410025919 93.09445409186377 61.84420659125158 -102.453983318242 0 -54.16684199141608 1.152365344306887 -53.83820638029367 16.74382977533584 0 -270.1859676411312 -113.7470060101392 0 -121.0784586892884 -356.9108607209912 -268.3980825660057 -297.9664206206105 -128.3876956701262 152.4783213261486 -156.7097445159249 0 -2.745601171148728 -513.6888960356798 -496.7822696450947 -37.11917883473915 -110.6931968661919 -326.2937375890355 -188.8956530672712 0 -23.15820734456185 -89.50268839206178 4.366432328430093 -161.0088531715998 -162.2975686340882 -166.4833212864105 -43.84812957429124 0 -83.17819263284701 -5.87191780603856 47.8267604964127 64.93285202161414 0 -191.0026236065208 -521.2991143847884 0 24.83700822375504 -15.59026691157273 209.4428716358603 -48.45857499025174 180.4457874055296 72.13453859123381 113.1443596538792 0 -143.704423379394 -160.2671301159849 -40.18312439737036 -21.69922900910046 -92.42450592715944 275.017445725945 -60.70005816643179 0 48.44398263023682 83.62280088266121 -32.75383487007946 -72.59936453762252 -1.627627637224393 -108.7686693232387 45.15144586475381 0 127.342939524144 -223.622245539462 77.7434299329494 0 0 -24.05313123594578 -180.5046321472123 0 -30.26220213697474 230.9814751589917 -98.38950394578697 30.83961021353709 2.7287401277088 -41.50080969068782 -137.2621989119262 0 -96.6751240755771 -64.36181932654935 0 -166.0309280836679 63.0377760445287 -150.350311428088 140.6803242216217 0 0 43.14576073687304 -96.17056112530821 0 -84.52284315273363 -157.0240542306942 0 0 0 12.24594531851848 -211.4678467019722 -17.64189743412265 0 -15.00709239349185 0 0 21.6112786912295 -112.7833504294572 0 0 -46.03138995809439 0 -141.2458429479359 0 -39.66002786114404 -62.35685686516991 -63.11776761402236 0 0 0 0 0 -34.25853795556509 0 0 -99.89691830456584 0 -219.3403378408844 0 0 0 -22.05880346345102 0 0 0 0 0 0 0 0 -174.8617475566229 0 -72.1805606845121 0 0 0 0 0 0 0 0 0 0 0 0 -89.77676600994589 0 0 0 0 0 0 0 0 0 0 0 0 0 0 -12.15949097671859, -30.87340547020983 -157.1939693715468 -266.4518978476646 -146.8692656839918 -63.76475816328792 -224.9515578794978 -181.0410860820789 0 -46.41451818364798 -28.68220378388985 113.5182594056322 90.29637561453427 -13.08724564981586 59.5938210320847 91.67441836056716 0 71.42032716612289 199.0592477301036 132.2720484871372 -36.4382530398093 45.83215292859813 46.4269365872634 -82.9696479144624 0 -18.99776437132812 -108.4427751651531 -165.4539876130507 7.041778198798916 0 -276.1684660685846 -118.0843746555061 0 -159.8860007300714 -328.21201382155 -346.3888770686166 -322.7404142154422 -134.9288781096168 135.8892700323298 -52.86760382041864 0 -20.76954982912281 -593.9507203790498 -496.3193815049239 -13.63930818189193 -63.82596605413872 -317.1959808818925 -192.0417921871374 0 -70.79347229252699 1.600417904473311 -82.2242695157331 -154.6876072088847 -180.6793323116912 -199.9821097335988 -19.5779472636424 0 -46.41004949445782 -132.741405173977 5.448727166266089 -17.80992567594297 0 -226.9562799820926 -581.8174480240841 0 25.57734918619895 -22.23946286979285 78.52652741672763 -32.40276309670456 125.2633699591484 94.46629281689401 175.0984543322048 0 -193.2665482780578 -240.0584387550221 -54.98220125885048 -131.681190755675 -67.82219548821774 204.2396197159355 -8.130214562531577 0 27.51723782183725 208.9232492519169 -28.85777434884378 80.33362533203587 43.12264601177262 -169.5647209610401 -94.48915834213958 0 163.5381854467527 -104.3430852554916 146.8439640320888 0 0 20.93150971376849 48.85715157757264 0 12.08776589922536 223.5967217795386 -41.11465926129301 -3.28535286785025 -30.73133353697398 55.60667202518235 -54.95418263547973 0 -46.50640854728897 7.090311508572171 0 -15.82141149962856 61.35468327149277 -28.27099685061462 132.2216455782419 0 0 -12.45608406785486 -47.88205972027372 0 -13.67176403583301 -48.71709184467547 0 0 0 -48.22642356362453 -43.33380375862369 -54.06115599769362 0 -39.79637792240491 0 0 1.542448418886486 -41.06027709755049 0 0 -10.56448624057323 0 -289.8217812500963 0 -96.55159563551163 -13.29200738229242 -128.9767411426122 0 0 0 0 0 -10.75770000527075 0 0 -186.9250651089831 0 -423.6490824313765 0 0 0 -45.07091537174365 0 0 0 0 0 0 0 0 -331.5652694080013 0 -134.5324354504748 0 0 0 0 0 0 0 0 0 0 0 0 -178.2467517951674 0 0 0 0 0 0 0 0 0 0 0 0 0 0 -28.26354368677615


GFLOW: 0.6479999999999999 0.05057594854852067 0.04961865091910762 0.0661970516485629 0.06492256679907457 2.988842349442522 2.989055726406989 2.961242849441143 2.961983389765523 -0.01107816500512847 -0.02261491415913811 0.004347837232950497 -0.007466909522790274
q-corrs 947.2795504863439 3646.776486035627 4621.668648186211 1912.688263773693 907.2968913297286 2093.062438720492 1091.092265688629 0 55.43295919393439 -129.4937279305418 -119.7505200371025 -258.3544021860417 -133.6102288390947 -351.933230808158 -725.4299678652851 0 -37.40318523466611 -474.8623305622774 -351.7552989717066 -244.29704633475 -208.4651663854997 -374.9241010403782 -114.3428325357635 0 -99.30611409820969 -151.1826550812739 -261.0189438547691 -77.0366934393775 0 -27.74425229187488 -75.34979039996972 0 2.628379521013685 59.46780531499099 48.41890609186212 29.38268031627015 86.02307963229703 -32.01956149708253 112.8525714585392 0 40.20180171597767 223.7128895751684 179.5427294776316 45.15386522772523 69.55482770282141 252.7027505941932 77.89918220283664 0 5.835354428750671 102.1096674114483 168.3974417973714 161.1066215095086 -29.28623043609661 83.89736651758771 329.1878329442694 0 103.7882527531843 133.1235350874036 -7.408081906220687 110.9970035958539 0 73.58939614805853 110.3957428607478 0 -0.1041853087982876 -41.82214311046801 -39.02724475778 93.48135981858297 100.5483716416151 112.0220220798895 93.08833881735697 0 33.07871738148617 -71.94443506689097 77.21521503164024 -198.4424804159189 -50.93134458625138 211.7466302235239 -118.228410112375 0 -70.73145473074871 14.64744976019563 70.18756992970546 59.82630145040818 11.34507500904526 -76.53821662789811 -191.5955469424655 0 12.20344520518924 -183.9855299886123 -49.17236700723569 0 0 -83.68966705679568 -114.2212301960501 0 76.94802255086258 -35.16020761624746 10.42014193066846 -133.4643837496826 -44.74275531867302 -216.7846891353545 -159.8156157450697 0 -150.6854631530272 49.75268756930588 0 -126.5119607926468 -25.02008363998782 -83.08697678414649 -180.3985959623063 0 0 -9.123950157588453 -212.2121627064339 0 -63.08686608666536 -175.4039461182043 0 0 0 -89.70981604347186 -158.3392585115768 -90.6157838550434 0 -111.4412034224703 0 0 4.39407226931104 -125.726445489781 0 0 -44.17012477613612 0 -60.24463824260866 0 -50.08977212639756 -46.05526236147553 -84.5081474149319 0 0 0 0 0 -29.6923108565441 0 0 -26.37409773699181 0 -57.7894979006547 0 0 0 -15.1207316795934 0 0 0 0 0 0 0 0 -61.32441094402346 0 -12.75853618525795 0 0 0 0 0 0 0 0 0 0 0 0 -49.6063818185265 0 0 0 0 0 0 0 0 0 0 0 0 0 0 -13.68922031722968, 610.085982221119 2328.630030225803 2911.064035425782 1178.181792700175 542.5402195027128 1176.198569510778 531.8989756732325 0 -38.13305050168875 -249.3604056364501 -179.7696847466124 -263.8518561913671 -119.2185429401883 -304.989961267256 -608.3310609240646 0 -24.12087190488941 -348.458427762635 -256.5738778542398 -188.8488177880201 -139.2578850610807 -250.5745559470779 -70.99749347401622 0 -55.25886829861224 -95.30287066137231 -120.6605523930429 -2.399009277579591 0 75.09142860934597 23.0808013598012 0 0.4249975186462098 88.68772631545264 88.5996530912513 79.19820755459384 94.38387812584591 0.2189035849607031 169.1954584612878 0 62.43603724011228 247.7824949209894 169.7447007976784 55.9760475860627 76.70682918964192 263.4968312334181 103.8454479839383 0 8.87956627844844 115.1289551651082 140.7091632563801 130.7988052126751 -26.98429327755116 104.1046771549401 333.2673909719477 0 126.8290197944445 135.9316532156968 16.54908275757761 149.9361040508189 0 67.18492095378703 141.3562209778667 0 -6.198838046357003 -1.60546476025587 10.34242730384553 98.47763758578199 96.8576301884637 178.6457845321224 91.13709193658583 0 36.22446312871654 -38.29784710860348 149.4149997554119 -131.6639631768792 -28.32178437626928 209.4302478158231 -37.42909371719006 0 -46.32161314459719 57.31885891002725 74.19237516633468 81.71471084748156 51.40737097395913 -60.09459414907865 -126.1547960975581 0 0.3600703283654312 -72.6707811035522 -22.20336837596858 0 0 -29.71074308330804 -90.97927921080624 0 71.80186596160283 -28.25828599249255 33.63644710342088 -107.583486895576 -31.76836047971864 -188.9358689719437 -112.1152608711583 0 -96.48789040406479 37.00853100756505 0 -103.4214343308293 -19.80348324928624 -63.5000389650376 -178.6773105494953 0 0 -6.691275587732348 -189.6500430566612 0 -70.22219435336757 -122.5062814998828 0 0 0 -90.2553997983796 -125.7042904863902 -90.78522155336505 0 -116.7840159066435 0 0 2.543371211135154 -115.9096624958067 0 0 -30.74446605134285 0 -72.94006041232041 0 -55.88923919421498 -35.53626089939205 -84.93059039496458 0 0 0 0 0 -26.31878531578469 0 0 -31.09521946757739 0 -73.84199891854074 0 0 0 -14.24652471537648 0 0 0 0 0 0 0 0 -63.44007746493445 0 -15.67588031758276 0 0 0 0 0 0 0 0 0 0 0 0 -45.10070771325616 0 0 0 0 0 0 0 0 0 0 0 0 0 0 -11.36655308066409, 159.0687177237019 578.1706853879781 663.6884908087939 228.05763377205 81.84011233363233 55.4283143747147 -116.8722971328833 0 -125.2109409233471 -323.0379815437756 -201.0778706268725 -217.1750519178275 -83.63569049104167 -216.6924494893682 -396.0127275911289 0 -9.092426455217018 -161.6032490245074 -130.7699395323259 -120.527475992176 -54.4643664977264 -85.41715725081578 -14.39568108442887 0 1.90947182046343 -59.20241507965456 -4.780207546437524 76.46924220512531 0 158.928846726566 133.8551634325777 0 -20.7628278307213 90.5073348632057 100.7101570314811 113.3308636216373 72.76443205520206 23.54156016110258 211.4598856489755 0 69.83140514847204 212.7412101975439 111.8266791164852 68.02199377526583 88.79347590680055 238.0501362716605 136.513489346456 0 11.90460135419248 157.0928298652468 83.20942833687576 57.60319114024819 -12.2465834137954 130.4530918278932 314.9335994251658 0 183.4146329548797 150.4332542257182 55.73349129570273 230.9569718705732 0 114.4923447285906 258.1735573058951 0 -14.56910169939581 127.1077131163619 166.9745421579956 122.6928998580473 99.09422223289511 300.6226753557441 115.2518116322631 0 48.53983795422562 43.36046492251934 345.0873352647553 63.91476470000323 26.4266057979652 247.9934575553766 137.1571666146671 0 18.38251370795501 195.687745438944 83.70389104380075 141.4995894830405 135.0268895432838 -9.860416989025644 34.99611335033248 0 -5.239162354898916 166.2412545368151 109.1298686434746 0 0 79.82615378865268 -31.43545082041297 0 69.58630557576672 -12.80554566289882 80.38954142955988 -48.12763860047339 -1.251692704763958 -79.20199787829048 -48.18696291779882 0 -0.6234100455358629 41.4479863211139 0 -66.70841591566848 -13.42239774007901 -17.82946117547582 -130.989856991493 0 0 -11.8807644751901 -133.4075495637715 0 -48.06978959787423 -65.35886684309983 0 0 0 -78.01579314621073 -81.50554091553477 -68.53131228028741 0 -87.5352475559915 0 0 -4.602859765910907 -89.54212434078292 0 0 -21.53882793374309 0 -75.92559496046607 0 -50.25523543860056 -25.06230359493856 -63.65585092194848 0 0 0 0 0 -19.20383261012628 0 0 -27.77825234374149 0 -78.61473084812208 0 0 0 -10.81598141927543 0 0 0 0 0 0 0 0 -46.09774054504538 0 -16.96252970302299 0 0 0 0 0 0 0 0 0 0 0 0 -24.71481688919161 0 0 0 0 0 0 0 0 0 0 0 0 0 0 -4.477840031980714, 15.61071259553562 44.63484107792501 19.47249286118204 -20.83982391126059 -19.36203661014359 -134.7048811503542 -175.7222558555649 0 -101.7345015284174 -228.98087953339 -112.8930643457629 -124.0266523478722 -55.16711879604497 -165.1504247966854 -280.1493274633551 0 -0.2333698693618693 -74.39052940769808 -97.58470760634739 -128.4629495973376 -45.78133384071472 -58.48809595559975 -9.006419721880111 0 0.04567841539660122 -120.8299286694024 -107.0775236606248 67.60403159499059 0 65.38620350947075 93.89424219918351 0 -65.80415086388439 -18.47110069822129 19.65026139086648 16.67442086108525 11.07227125802488 5.345875155288077 100.7594968785793 0 24.73689746225968 45.03520860869099 -25.95930215884957 41.13284449693135 56.15578229295367 88.82975008676688 68.28198050149389 0 18.70198401880266 116.4618122014786 57.11619265596735 -1.335966951854516 -15.74461064325537 71.71414584249209 185.0194856514967 0 142.6422610283801 154.489116335921 39.55049737227235 195.7878980104896 0 123.9789835460116 248.2642275702815 0 -4.825192146991585 195.4149685640002 282.5500635573776 98.72670090956397 103.7036112245333 273.4283127099579 110.7185359289978 0 44.39364634551789 71.14774896289488 363.2622941751249 209.6235574779383 45.15493010738716 259.9565936396339 197.6046638585834 0 56.02307057946243 229.2153678591614 65.15895974453301 129.9939737676712 140.3777403253808 11.3546481698588 113.2588330012311 0 8.561574785540074 219.9115066046643 197.3074951641532 0 0 119.2277134359701 -8.834679296379299 0 47.83866310605467 5.88349412982199 53.69641666603928 -49.31493818244603 7.893994778494942 16.17596092470232 -69.21873860963066 0 22.72434847246477 40.44081456538092 0 -58.80364355387397 -8.204571111615246 5.220263830693212 -25.67172188133971 0 0 -45.00868525181291 -118.2197749728633 0 3.463356311783819 -108.5529574963181 0 0 0 -28.30539582099608 -76.37011903880833 -7.643713138736764 0 -9.590094376368334 0 0 -17.07132232829549 -57.65581347237941 0 0 -41.11647321686218 0 -23.97763064160204 0 -11.55110742023009 -28.13983718605864 -3.909085117578833 0 0 0 0 0 -8.578058990713975 0 0 -1.820746300430704 0 -23.60649240550601 0 0 0 -2.19479596768662 0 0 0 0 0 0 0 0 3.568829170516141 0 -7.391256511324674 0 0 0 0 0 0 0 0 0 0 0 0 8.536365583283814 0 0 0 0 0 0 0 0 0 0 0 0 0 0 3.936732302655128, 4.125696714842235 21.62105086063275 26.2812814900297 1.909120701231945 14.59548159780886 -2.545035233421288 -58.43682709595802 0 -53.48625121071274 -117.0643438348719 15.20474907691329 -25.78197364542625 -47.67540829549124 -110.4200301894408 -212.5035262441721 0 27.66652979141604 3.512310233933803 -36.4589461126582 -138.8731226126426 -20.83474374956065 -47.07808776805412 -40.81693388607647 0 -29.53215897359918 -129.6169333614931 -151.6648041878857 58.80305559528468 0 -55.65739155459845 11.54435911733719 0 -91.01232854811624 -146.9236772937911 -64.9301196061754 -114.1394122810176 -31.86225582792343 23.43513089096622 -48.65192142670293 0 -9.949662380142708 -114.677778167428 -172.9300768897533 -5.635793313361418 -9.868667448264187 -100.1507500298361 -62.53174974992179 0 27.27070048554843 -1.596603345273557 97.25281291092935 -5.931121805861764 -51.0419609161102 -34.42610696000369 41.66526551662954 0 -1.875236817356239 141.8615125813944 -3.174894416346085 66.79688406230031 0 28.49716869693269 17.41708156531313 0 19.72165422624989 113.248979825363 258.2469888305557 13.16636112326042 119.3577694499383 120.583523955067 49.76054967485137 0 20.71987424650104 17.1413597338497 137.6715889638455 173.9579224329231 -4.996696459799324 209.4576030594744 80.20883692049706 0 38.10461058658328 82.60132675439311 12.53257579682684 21.23035011571194 44.60690582874293 0.03868094041002124 100.1742620682892 0 28.70860498577945 29.17563082868749 147.9531703582072 0 0 57.72968635830357 -63.48357346803802 0 3.612229756814855 47.59845919106979 -19.43410948183606 -40.85462948436122 6.616856227066474 36.49658176193655 -110.8423449508445 0 -17.68128488942981 11.16309356479911 0 -77.37664800529134 7.480236834054947 -22.17683922497871 86.27653192137832 0 0 -42.18815851036975 -83.16091565313828 0 24.2117125942729 -148.3485314017547 0 0 0 37.96879933045388 -92.28840469118632 51.72779600984884 0 59.08653777845713 0 0 -13.5623569460025 -22.29059488089381 0 0 -50.7773900621651 0 35.99174725938963 0 30.37066374561028 -31.65971094093461 54.91868048708707 0 0 0 0 0 0.4601134033280951 0 0 15.08398878504321 0 33.80827186816421 0 0 0 9.160439245541067 0 0 0 0 0 0 0 0 27.75572687379994 0 2.086544389838778 0 0 0 0 0 0 0 0 0 0 0 0 19.8568229290261 0 0 0 0 0 0 0 0 0 0 0 0 0 0 6.198340235767811, -3.122494356094855 -5.71259146463175 -5.324121248722591 -8.025918537194507 18.44990003774279 23.7553516271725 -26.07748649849881 0 -24.3296234812564 -48.90970717094636 92.02787690431782 37.12642717234347 -41.79106366104328 -27.20531998947995 -108.007212392504 0 51.71911307585879 67.26529219628286 53.50625741347402 -90.74129409088165 29.47968481123065 -12.13019942541222 -78.88691438283998 0 -55.03404896731377 -53.26283543520494 -83.41351267078777 42.37335485596989 0 -148.1419731351398 -55.47552486932468 0 -85.37989010779546 -227.0811753132061 -131.2318305675528 -192.2668852979694 -58.57502514693883 71.21051713372367 -133.16373534327 0 -13.03070338120898 -250.2565812955789 -286.9343447096486 -30.04400285644914 -67.62799656530458 -211.6557622073132 -142.798901193891 0 19.10222574565169 -83.0861001480217 86.9259449205089 -55.11771865226904 -99.9406841235826 -122.8830127334059 -36.95620959479226 0 -93.40690254194394 90.47327665159526 -1.225411851981598 10.78521454536838 0 -90.26844043882083 -268.1148808782657 0 27.45066364891154 -12.8527002110709 167.6199737413868 -47.54469465822844 133.245025718708 3.736899466366481 26.84544603813609 0 -40.96033117737969 -64.97809381895925 -66.47788116652319 33.67318499061446 -61.91363548902434 170.6333168533751 -58.12035949793145 0 17.6275442961347 -32.56607746656101 -29.82625733066827 -79.11903979503381 -35.08514377637559 -35.06857240796513 58.71839245759908 0 49.06466163647088 -181.8975019379981 45.50658724233278 0 0 -23.07480338153425 -155.6129382091242 0 -30.61679489406355 105.6767109466763 -73.14407481952068 6.731848067938905 6.809972089514329 -22.17337546846795 -123.0625102483212 0 -67.97441272235412 -33.46360171497538 0 -127.1082434335092 28.2345491893395 -92.67185177929369 121.6074493741266 0 0 8.960622172537136 -60.27671134719632 0 -24.1092942946479 -143.9807128013242 0 0 0 53.25583336052856 -148.2964675290306 39.5377455658667 0 50.90874948583345 0 0 6.516699939134991 -50.73948292150503 0 0 -43.62739086849338 0 8.921342126853965 0 24.63263546349394 -44.29010869281292 29.65154236201374 0 0 0 0 0 -13.95184295860445 0 0 -14.11295535504816 0 -13.41984594584514 0 0 0 2.410087125477472 0 0 0 0 0 0 0 0 -29.99830041062071 0 -13.38686326980057 0 0 0 0 0 0 0 0 0 0 0 0 -16.86251422671593 0 0 0 0 0 0 0 0 0 0 0 0 0 0 -1.570159841424742, -16.58382628444313 -75.21533063411252 -120.029774931462 -67.08310100633615 -15.70353247724024 -72.08053583796979 -80.27148658402984 0 -21.20442845102215 -20.82197489959482 105.0897929169436 64.72002315249856 -24.62180008443234 37.24523958199894 11.420718832666 0 56.93846940762526 115.2936519318984 103.7942438715122 -37.33865942458353 49.76948758620051 21.25810654154246 -87.13522951424363 0 -47.61591367358818 -28.65829891770097 -63.70483742578977 21.8349521100342 0 -205.929714047817 -81.37788898445069 0 -99.58840191873392 -264.6239673381444 -214.2137539710845 -238.9616538690428 -84.27978959043246 116.8488188641475 -115.1813915642233 0 -1.198799651615452 -378.8749611384494 -382.7002320103124 -32.95451281757028 -78.79417549623253 -257.0735456015414 -162.1764325376067 0 -12.14619948409964 -78.75284390431671 8.686298591849564 -118.5191575791258 -140.5274523898705 -162.9201968235116 -43.74838090406107 0 -91.03217019525152 3.440377320329663 23.21986198891898 26.9145379122049 0 -168.1635023089487 -426.0001617893521 0 22.59963013610811 -44.01785474464005 120.8909354247366 -43.88108372626695 128.3154280261538 19.33810437328431 78.35029729530488 0 -111.1422592517286 -133.190334003091 -81.96077470971366 -65.61068373632642 -74.04035433354512 182.3130781531668 -76.09653971633321 0 25.28751389155525 36.21124849299902 -29.16997346673615 -58.36549559827313 -15.64696775466444 -98.44404477506689 -22.20354468735935 0 86.99840782593832 -212.4152760165551 28.07102562006338 0 0 -33.72854645198635 -134.2815717823131 0 -26.45543949512206 149.480175802371 -86.97334570630542 0.3942925384763996 -10.48279076875484 -52.47634117952569 -112.9479142614062 0 -85.26821202119888 -46.84863042369223 0 -125.8219153834703 38.96449072097411 -111.8800817130633 98.58886991471769 0 0 16.5505482426018 -89.41992670380085 0 -59.24347689786211 -125.7596893044732 0 0 0 1.938645533641278 -159.8686456300099 -16.68239961397065 0 -5.519964527509842 0 0 11.12724735186225 -92.04004245070224 0 0 -35.38104119926507 0 -112.7922357429848 0 -29.00493832556764 -46.99882729886983 -52.71264862367943 0 0 0 0 0 -27.6149938564164 0 0 -81.32693502820933 0 -170.6911517692423 0 0 0 -19.886338079915 0 0 0 0 0 0 0 0 -145.8881139087605 0 -56.52086689167986 0 0 0 0 0 0 0 0 0 0 0 0 -79.96948180799703 0 0 0 0 0 0 0 0 0 0 0 0 0 0 -12.90200611989686, -25.27153492723795 -124.4770448329436 -205.6536887179472 -112.5620001551367 -47.26911111920194 -163.9599364015446 -137.2149162529259 0 -34.19543777477054 -29.26708461452667 88.11535922619986 64.20161992980943 -14.5787332819514 33.53008698454317 37.78885708104582 0 52.94460833637592 130.4513452765733 84.93267248691197 -44.36566147149517 21.31087699429237 13.12472881939513 -70.22993276899288 0 -24.18174217811689 -95.50128137566267 -148.2430632072983 -0.9616377655148796 0 -222.7029074088689 -100.7088452140998 0 -122.2931257616549 -253.5389205233614 -268.517519357484 -260.8058903139224 -99.11092473000549 89.80222645736556 -71.79821647729221 0 -23.97573310627028 -454.9616345384742 -392.6916419441692 -21.32318047843164 -53.33866038052892 -268.7289796211575 -169.8813781999332 0 -43.64799206043696 -23.25670842654777 -64.4470724396609 -130.4767203799907 -153.9956645661748 -191.3756770673533 -41.05702735520781 0 -64.09261902581851 -77.49480022990738 -5.152235975276461 -26.8989041558529 0 -182.1081255154053 -458.470812927997 0 22.12039749163009 -53.20942783774156 41.84287987783278 -19.42860537475576 100.461144823771 46.85186279026511 127.3583968316755 0 -145.3043823560998 -188.9923443186572 -58.21745432850251 -129.4765744340581 -57.80255960421692 169.2984833397041 -26.79503850168153 0 11.60675529048545 142.9190021599392 -17.16662824397958 66.2645372383395 21.30211757984899 -143.9835865287039 -101.1720696289606 0 124.3675908126359 -104.5925577469864 108.1997865261064 0 0 4.476955716707977 35.68379846646887 0 10.74374523526646 151.9622631030406 -36.7690762405798 -7.414380866342853 -33.73943485349148 35.86513161425394 -53.47508667480542 0 -45.18871683150287 16.26141758123868 0 -20.36939252793302 34.72256308201897 -22.47787272674044 93.274510492324 0 0 -18.06557669888519 -44.67566108420729 0 -4.314632609915208 -49.77680280475232 0 0 0 -56.85596423884981 -45.7303126228359 -52.73146746174212 0 -25.03818133616089 0 0 -0.4457110524368422 -45.69172386246085 0 0 -10.96805061014297 0 -241.8018608247631 0 -76.65086447109832 -14.76128616980408 -112.522450022727 0 0 0 0 0 -14.69066012110011 0 0 -152.8725202947105 0 -339.2613845137466 0 0 0 -40.25132166675508 0 0 0 0 0 0 0 0 -272.4842598140754 0 -107.2931835207517 0 0 0 0 0 0 0 0 0 0 0 0 -151.4279861039479 0 0 0 0 0 0 0 0 0 0 0 0 0 0 -25.98450456672497


GFLOW: 0.72 0.04270995755127241 0.04187496471813652 0.05472142120106427 0.0536325938552297 2.990876196766787 2.991057123401875 2.967788722441851 2.968425080045538 -0.008169132692381715 -0.01721638562245545 0.004392818406386805 -0.004771692264709567
q-corrs 662.2721595752963 2664.656360499667 3539.553619098046 1543.766638883283 768.8390552146257 1913.362089376472 1122.495090474457 0 139.8758566809126 87.31625920877721 -0.857317564896686 -125.1538792381073 -77.99523621375536 -232.2203281482975 -493.9339273998506 0 -35.45725511146026 -367.8946176599623 -282.6453785940848 -184.1882346006122 -169.0006194024951 -293.4129899214456 -80.19252343174631 0 -71.97595068839647 -126.3475071308605 -209.3886716498116 -58.84460019112714 0 -8.873261259335337 -57.20143019088154 0 -4.499390460829199 44.36380542074994 52.6181272683796 25.37991466043658 76.88052307847758 -7.569586432582494 118.7053279221026 0 34.40165280938114 187.8592502578526 118.7480393266199 55.59615587015389 55.96980208869476 197.502103633905 62.72820859087558 0 13.54606483797846 100.4703362519408 181.0650423815877 122.8925856213304 -21.5779413545642 74.32649695611667 271.4069835831636 0 84.10058029412615 118.1130002236545 4.32427836006179 101.8003845804508 0 67.78770129585743 72.57100001704046 0 4.791812485559342 -17.8424607659738 -2.071230513299334 76.8328355433371 91.39165799904455 104.1710985341011 67.75503765252853 0 19.34806164009852 -57.85567857998983 79.11698834548963 -148.7372641885918 -48.78227043561194 159.0833370691645 -87.3445706747257 0 -45.25486429614927 18.46326901247292 53.48054765089528 45.01318004495928 14.84256666119172 -65.97571884829983 -157.9871632425007 0 3.433792762694171 -151.5753550190113 -22.22956320182407 0 0 -58.34740393069337 -107.8625351510637 0 60.288750306869 -21.7354261542005 2.47687874575781 -101.3536237617355 -37.08536536611626 -174.8612207042348 -136.2083806848961 0 -119.5464269026954 45.10911982572212 0 -112.1794452171095 -16.28135374207691 -70.20399633973315 -116.4923059373754 0 0 -17.44957287124523 -178.9607632925615 0 -47.30221903163513 -149.2842146680038 0 0 0 -61.18338345597468 -135.3922445858624 -67.05134019581169 0 -70.38665630908727 0 0 -1.082145301353882 -112.2463272392789 0 0 -38.81935819373074 0 -49.23889223007811 0 -33.66733204287282 -39.33019349848542 -64.35912060888641 0 0 0 0 0 -25.97604734012477 0 0 -22.82524634602168 0 -48.8682419484093 0 0 0 -12.96522338952703 0 0 0 0 0 0 0 0 -48.66813048737343 0 -11.61924688157602 0 0 0 0 0 0 0 0 0 0 0 0 -36.52384537222311 0 0 0 0 0 0 0 0 0 0 0 0 0 0 -9.489717151301997, 445.5918779344953 1780.458728973324 2339.792520536905 1003.581089494457 489.6453314397309 1170.555398376684 636.8533196612808 0 40.69010284300517 -62.45268290344626 -78.79000379353849 -157.9322804309755 -76.65589449946359 -218.0009448884545 -440.2008708547288 0 -26.81813893281082 -286.8239818831076 -219.1682114371945 -148.8805080449654 -122.1806976685979 -207.3573596617543 -51.2383264826246 0 -40.46303498712216 -87.72763065506268 -112.4142087944693 -6.754913180826687 0 61.47853826770749 11.83215103352074 0 -5.003976104395539 66.73514397160878 77.68378533187082 58.6904460828538 82.16257181421437 14.05533892149399 158.5656195540676 0 49.51491518108054 205.9228723822933 113.8201056223079 62.02351681587169 63.93441365880333 206.3610344830109 83.5729972402972 0 13.96044873128987 115.0262276234049 160.9316305071929 105.1128282645914 -16.98816988199938 91.78012272851464 277.3200234875964 0 104.6591573239413 120.0829078589119 20.71837986909627 131.1525603522993 0 71.73877057210426 109.9221648787682 0 0.7363880358090844 18.46244930512916 38.66660691428066 83.17953014635997 87.23167016001621 153.351741484459 69.69149387514392 0 24.68888384645136 -30.75221070928657 136.2368507490931 -92.92779863486196 -29.20626417497619 161.4418394586469 -26.6295620634717 0 -26.58074262764804 53.85322080829066 57.08142891239888 62.41052285400372 44.40640371682833 -50.37587890335367 -106.0291479094459 0 -2.665031045259532 -62.88087015030089 -0.7584263593289364 0 0 -19.15285451718638 -81.95395240351917 0 55.25521433598557 -20.84521668278536 19.96441059216259 -84.67202114782221 -26.07942179990855 -148.1135963581831 -98.46781455241253 0 -77.98694546035017 33.97701370133159 0 -90.20436639830635 -15.34290948135364 -51.94897219277146 -125.3482730394795 0 0 -14.38094877698925 -159.8616846879368 0 -50.98192563219757 -108.7541169788861 0 0 0 -68.92137173998316 -107.6540214809665 -71.51836459095367 0 -79.49654972382062 0 0 -1.845121891206692 -101.9453822819647 0 0 -28.84230402570321 0 -63.12203942460425 0 -40.83958181018998 -31.07011110814781 -69.24843118005272 0 0 0 0 0 -23.07472710967815 0 0 -26.69851854465876 0 -64.05879986542485 0 0 0 -13.62063213516248 0 0 0 0 0 0 0 0 -50.69196759594405 0 -14.61088020542236 0 0 0 0 0 0 0 0 0 0 0 0 -33.80434356822504 0 0 0 0 0 0 0 0 0 0 0 0 0 0 -8.028606659748053, 133.4968324326242 513.2310560816136 632.5708347419572 242.4753023872323 102.6091819531152 160.0492615660049 -6.236277136529668 0 -79.37518364456697 -225.2365355121433 -151.3309345743447 -169.4220544499604 -65.16737275782563 -178.8801678370693 -326.2114151348918 0 -13.98114138623189 -154.9128464231072 -124.1792615531391 -102.2118286891596 -57.22429820262121 -83.15587516781382 -13.63223356122681 0 1.798772251503312 -56.384756678579 -21.66115672970462 53.11574854724384 0 120.8789820297935 92.91428673271264 0 -18.35060902093796 68.28272852126879 82.88360093575609 79.07725945691321 63.98619927286988 26.0765708057166 179.7042329179034 0 53.10289190430221 177.5154231225695 73.99038660365956 65.81939829043279 71.65454472423448 185.6127118271638 104.7811137641444 0 13.82309597499036 138.7124415520145 108.8574062738493 54.5280582189508 -4.064245472287286 109.6640023257748 259.4625236635521 0 145.2041557656678 125.4224451698294 45.68998509933206 183.6959688606 0 109.5597673984129 205.723734199716 0 -5.883397475108334 114.101805404942 146.3519352004127 100.8027347865909 83.80732646818502 239.3782222225043 90.14878239154586 0 37.52731947754982 30.57297748275197 275.5215375221013 52.0391516851654 16.03808744391559 188.8338274424604 102.82821825433 0 18.31343401522696 154.4201953069937 64.55892420796846 108.9601151170777 103.9811494548113 -10.31793746097012 13.83313197342121 0 -3.570009085430577 122.8421769410475 90.40642290609026 0 0 60.30450089554304 -22.77920927571491 0 51.45367025899994 -14.154941658674 55.98323307969623 -43.91953911728857 -2.050312650129136 -60.99422764969471 -43.42245399021731 0 -3.483827715694293 32.77128648438015 0 -52.9967603254088 -12.79159435521877 -12.55367693237129 -102.0380131259918 0 0 -14.7422669731229 -112.0724747229475 0 -34.72831892126243 -58.53414496725524 0 0 0 -64.45178746167326 -65.74919996496718 -57.87925743336547 0 -65.35891867051737 0 0 -5.568553612346113 -75.40790874626617 0 0 -19.77849406831572 0 -64.4370718225374 0 -38.73268388755996 -20.83719734374331 -55.73656788491984 0 0 0 0 0 -16.10093445557165 0 0 -22.51092875295824 0 -64.67389963627411 0 0 0 -11.06436177265577 0 0 0 0 0 0 0 0 -35.13787714618433 0 -14.22281727774728 0 0 0 0 0 0 0 0 0 0 0 0 -17.94712990692956 0 0 0 0 0 0 0 0 0 0 0 0 0 0 -3.113745356786766, 16.6033952549891 52.62795284396878 36.83155660730593 -8.799344077505017 -12.52145849760057 -106.7367125662823 -146.1026644646184 0 -86.58956485066749 -197.6798576387441 -102.1035903806704 -110.7743263100326 -48.23085528663906 -137.6028248836341 -237.0261940199763 0 -1.115579146828617 -71.26838695380904 -78.80543704217197 -101.1727162083356 -37.888805078415 -46.80276392737344 -11.23058285239852 0 2.798826264008802 -87.71719891594657 -74.08995769166263 55.51162409035582 0 56.4329767441116 69.80245350827839 0 -49.30999288547261 -12.28448060327142 23.32738269746635 6.269913316454975 15.9468835980314 11.48455311317622 89.84905695294194 0 20.7137262823388 50.15764812758164 -25.82306456919763 42.60018429769093 42.71150597116275 73.75490749461326 50.30399159625149 0 17.61075391654156 94.95523962388273 73.21267646914845 7.445479169291282 -7.538241831377029 63.47320854858673 158.4676880935589 0 114.2400500195141 119.8161199497202 35.01012693922831 156.0679321435548 0 114.5475460338589 196.9963728832205 0 -1.183695481149009 161.330087452736 218.7037175242468 81.27826463819666 84.32969752343629 221.0269934590501 92.56307003255813 0 36.33026284171963 55.5855695292304 291.6264740095423 154.253351140713 35.05446327282102 197.1593140484482 152.1020561489241 0 43.57347289861462 185.4885078617254 51.1243039746909 110.2751622891079 109.1873005830687 10.21858802248851 81.80462360710101 0 9.991684276927465 176.1300695124401 158.7195011281677 0 0 90.89885043479703 4.955870419934051 0 38.32056364749845 5.423437790307002 46.95287773686288 -29.47317126736762 7.528271421675019 19.39395587115055 -46.40513262244811 0 19.26863969600209 36.33061456129393 0 -39.5931019582876 -5.060497537568038 7.367403611149868 -14.82879771970404 0 0 -31.51827182974893 -80.83287029508651 0 3.855102636526887 -75.15575827273639 0 0 0 -18.29187180674426 -53.89141635293574 -5.686579652138391 0 -5.432473634111226 0 0 -12.39285394489246 -42.87538630543636 0 0 -29.24733018421488 0 -15.04828645217703 0 -7.33761676812421 -20.18071069879975 -2.588443539972424 0 0 0 0 0 -6.137519811043992 0 0 -0.7739655702795902 0 -12.7207088325822 0 0 0 -0.9279181212786982 0 0 0 0 0 0 0 0 4.229317764947444 0 -3.231615175774787 0 0 0 0 0 0 0 0 0 0 0 0 7.020929931355305 0 0 0 0 0 0 0 0 0 0 0 0 0 0 2.771860772779223, 2.797424180753637 12.09149810113644 8.860332079018669 -6.389148268121112 4.862316663346633 -25.72460524433717 -65.40280447153356 0 -48.35007580755239 -104.7765495842167 0.4077420403398766 -29.92463297479285 -39.42765907726026 -88.07322888697819 -171.6210292468318 0 22.88645850411061 -0.961435191375557 -24.88531116514357 -105.4588553053159 -16.61912913617053 -35.41224009670862 -35.5675374921139 0 -20.23227517205224 -92.04550131267141 -101.2120840831637 53.29946624795764 0 -36.23581070736904 11.60404579653869 0 -69.34892133515258 -110.5202162125954 -45.81012585567495 -93.98336246482123 -17.71147876598143 29.40734152829294 -23.6794518283491 0 -2.821369418059896 -79.26414046143152 -139.4109982257089 4.450550605016119 -10.27738146694482 -71.3495427345113 -51.21780737901536 0 22.5484625942452 -2.658381920157602 86.15033429590878 -5.097206459815837 -40.27531715239529 -25.63683595342395 39.78010504772472 0 3.412114315643933 99.71678665973003 4.747158256895682 59.68343800844569 0 31.04815655187418 8.966913640643625 0 14.80558048941483 95.10362383846746 190.4026434405453 12.49744163145047 91.27998289837703 98.56573896199542 51.52255663875445 0 13.13548632500973 17.58377144835334 115.7279871630016 119.1828304976901 1.414192086372353 154.5017023894484 64.22470828359769 0 30.14434614352213 80.70661790880885 9.886485643122482 30.5057829309314 38.244782977476 0.9438574798918395 72.57974986872155 0 25.1939291387648 31.45928086724702 118.1962712837705 0 0 43.84321467148959 -36.9825892015583 0 6.658974982801592 39.32360068013355 -6.237146795058955 -19.52086339729782 5.406361095176333 31.76725152910038 -76.15062491003962 0 -12.24424268226305 15.96211968826333 0 -55.6315613171956 8.443931090930944 -15.8805411894546 72.44373898992399 0 0 -28.94786337870196 -54.95615302946534 0 17.99757147388895 -103.9263804873564 0 0 0 33.00378196667959 -68.93218362999396 39.96342584735968 0 46.09561130124582 0 0 -9.933246834393186 -19.46485018278462 0 0 -36.01803538950001 0 28.80829289296216 0 22.81331629398566 -23.58772140207662 42.21759170716703 0 0 0 0 0 -0.2908617593285836 0 0 9.039230057425861 0 26.91083808413966 0 0 0 8.059452795221571 0 0 0 0 0 0 0 0 15.59881214770086 0 3.114296721963846 0 0 0 0 0 0 0 0 0 0 0 0 10.6998418591737 0 0 0 0 0 0 0 0 0 0 0 0 0 0 3.275467843669253, -1.98691084372679 -4.409757172833814 -6.809733880275573 -8.704577318658739 11.18974772245322 7.195534087032257 -29.41050196174579 0 -22.6867093050231 -45.15631124318986 64.7273084930838 22.11757333807449 -33.89382407909051 -29.07672740878659 -97.88021694922402 0 41.59057586074671 46.90737548552845 36.18429777203811 -78.62600123806551 14.38738817587847 -17.55470037020255 -65.86332666153538 0 -42.68546508919903 -49.83761291772223 -66.25777168881748 42.40610857018419 0 -112.5480579475218 -35.74511793331001 0 -71.10617044780793 -174.2137479582115 -107.1459940856913 -157.626716307785 -38.5947650162603 67.12505288356282 -88.47959231187497 0 -4.569434818999516 -189.4745137353703 -232.2463048201429 -20.85348654715468 -51.62266165185669 -166.0253784676178 -118.6914389805685 0 15.65033903927893 -69.79116206356881 69.0760366838275 -43.34802210225358 -86.24849878939442 -108.8510028762024 -32.36809704061015 0 -79.01091051023974 59.75664944398044 -2.131985711980645 3.663223314936957 0 -80.0379134244014 -226.0560517425851 0 21.52088471736594 -14.68195454364135 110.8743414523837 -40.37674012743227 95.27385022717387 -8.378890065296282 25.97257131929124 0 -37.41282917859704 -52.04843524389177 -66.75193999987363 1.775366562815343 -44.9977249935842 113.5224049712812 -52.53196008990678 0 11.51548948294922 -22.44614274768415 -24.79269141465399 -57.1503606114036 -27.79985245969406 -34.26137450519303 18.7157540778641 0 35.61424013188277 -151.3629925900357 22.05359843886609 0 0 -23.01496824416665 -114.2339397472098 0 -22.81281914273199 73.74901249598446 -60.0148482808401 -5.117599717835944 -0.7877967707667066 -28.55917931034659 -96.041445312926 0 -57.89389781637529 -24.21431236120591 0 -97.02865061443433 20.24288182263206 -71.88156746233693 88.94448183061803 0 0 -0.6436753149101762 -58.42434846200304 0 -19.45214843909215 -112.5665812067355 0 0 0 37.64017088282559 -114.7906173349507 27.6863961589383 0 37.30002289617728 0 0 2.107916918543319 -45.91638881232295 0 0 -33.80418171299541 0 2.21116318170656 0 16.26208154876601 -34.14421501061945 19.51300996951738 0 0 0 0 0 -11.63799411001913 0 0 -15.08810199288206 0 -15.39927522175779 0 0 0 1.215197414152388 0 0 0 0 0 0 0 0 -31.68042792687389 0 -10.85326473285321 0 0 0 0 0 0 0 0 0 0 0 0 -19.20422671274451 0 0 0 0 0 0 0 0 0 0 0 0 0 0 -2.98268925359306, -12.29054850349164 -55.75617771893312 -89.04681634394325 -50.27918313217121 -11.97456436534096 -55.31711697869311 -64.32034210358086 0 -19.07169842693744 -25.25298394040317 77.35266741090513 43.14791600967984 -23.2444357595749 13.59054454620753 -21.5863333983507 0 44.76010930073907 75.15639262618924 66.22623898812452 -47.34899212237617 25.05013267161589 -1.679460510811428 -74.60000977829705 0 -42.20363669042532 -40.31297516239916 -67.36773037874671 21.12535656547701 0 -163.7879666298738 -61.88841028033075 0 -82.12293338779557 -204.4430476491275 -172.2240948075373 -195.1448917466599 -59.65540536229364 90.36896123472249 -89.05237935454542 0 -2.099144958560537 -289.1972462849446 -303.2560772640323 -27.70632910928486 -58.40823263403001 -209.7905342975803 -139.299505914595 0 -5.774584967379556 -68.02110420610065 9.434859063994111 -90.95320845134813 -121.2117288583474 -151.9880427814359 -44.02375570259821 0 -87.4962055353043 6.201637859802414 6.244261818679259 1.392724860500081 0 -144.9105696507278 -350.4236407848164 0 19.64708478243917 -58.25285597922693 64.4501696067635 -38.067597557982 92.72345876138164 -10.30531068312427 53.44520737525993 0 -88.33062608758908 -112.4315933465258 -98.88711500121659 -83.34128594690613 -60.98162222022987 121.2862986442793 -78.94736884665809 0 10.26931823103284 6.306561668453028 -24.95600564829116 -48.74853614088856 -22.78844364053754 -87.77924970102644 -55.43670955476443 0 59.48631221813842 -194.3262648872772 -0.134462552149742 0 0 -37.1869169005497 -105.9026283287361 0 -21.4340393595374 97.92555264024801 -76.55999406934507 -17.85706676336723 -17.50031759039607 -59.50894316458423 -95.00054688124263 0 -75.09300143581977 -33.96384761326512 0 -99.11345304240686 23.95002153667442 -86.35877241977983 65.43910552725082 0 0 0.801416791261353 -85.80036448404837 0 -43.69651231373132 -104.216154105868 0 0 0 -5.907692900538173 -124.8530034268606 -17.55705893125627 0 -3.379440696343991 0 0 4.827130021314153 -77.81006032299393 0 0 -28.54589160062906 0 -92.91365216754357 0 -23.13156558267187 -36.47932057783265 -45.37835433716792 0 0 0 0 0 -22.53410811875938 0 0 -66.88956483632532 0 -136.3013463469996 0 0 0 -17.35442813019683 0 0 0 0 0 0 0 0 -121.6491783072035 0 -45.05797217145668 0 0 0 0 0 0 0 0 0 0 0 0 -69.33833220047188 0 0 0 0 0 0 0 0 0 0 0 0 0 0 -12.21136392180049, -20.4175296313193 -98.33887067556421 -159.5767507156682 -86.88780292601291 -35.41765546235217 -121.8753720864209 -105.3893774275698 0 -26.23968960811244 -28.11411713236393 67.90779406723593 45.61078079946608 -14.97007687808981 17.49984502623624 7.050321468693596 0 39.66662964589214 83.17910732545721 53.52618061688329 -45.58348742194144 6.903918583060214 -7.17571467789594 -61.31089399191467 0 -27.2774893462051 -83.24286663956576 -133.0495856421647 -6.467656497524654 0 -185.2807892509021 -87.82669588184376 0 -96.0642871639478 -203.0659144286018 -212.4375861419406 -214.8170395219627 -76.55265749516695 59.96601551122833 -78.28164219221897 0 -25.60526660605729 -358.1137354220496 -317.0095908397997 -22.23289785374294 -45.2480293333268 -229.0168415283121 -149.7289682810425 0 -26.8008977911883 -33.70956287859084 -49.31294652262361 -109.3485637327912 -132.1795341050688 -177.3435697104616 -49.41528599547675 0 -67.0999633925024 -44.84170640917077 -14.46009425571899 -34.71522358359231 0 -146.1645570019132 -365.8348404726341 0 18.90622033487181 -65.97094116797177 16.22925947130562 -12.03248103501657 80.83233699342503 17.61367356490852 93.60255363160107 0 -111.3742208907436 -151.4319416328802 -59.9483644589114 -120.1597973615498 -49.17597186285074 135.1515430901381 -35.55316184375354 0 0.873520256602939 94.62869728530029 -10.72283746460664 51.89863274149209 7.470472391087497 -120.4964111647982 -99.28438720980735 0 92.05469366315415 -102.1553667213685 77.30712146478974 0 0 -5.516784890803955 19.15575339092559 0 10.28593263043056 102.7538209530703 -32.97748507517689 -14.01679050399196 -33.24365011810779 13.94071393576595 -52.90247310883449 0 -43.75492438933517 19.79104000352144 0 -25.88054696390931 18.53374267027324 -20.68474928205998 58.84775306559844 0 0 -20.46823875753081 -48.88318069227655 0 -1.767315641776147 -51.61057070621025 0 0 0 -59.90883757239827 -47.73121317182366 -51.69729972261382 0 -19.63969802718709 0 0 -1.767468411850446 -48.7114380330647 0 0 -11.97372147468303 0 -202.6246720989453 0 -62.99678124812999 -15.41474587811512 -98.59253680392582 0 0 0 0 0 -15.90864731712731 0 0 -125.2628372582662 0 -274.7493834077259 0 0 0 -35.25263677120142 0 0 0 0 0 0 0 0 -223.300485657686 0 -86.27629293547555 0 0 0 0 0 0 0 0 0 0 0 0 -126.3754053168076 0 0 0 0 0 0 0 0 0 0 0 0 0 0 -22.62577353245009

Number of steps = 10
Time to complete flow = 1.404385e+01 seconds


ask_starting_lattice(0): EOF on input.
RUNNING COMPLETED
Time = 1.415715e+01 seconds
exit: Thu Oct  2 13:25:39 2025

