hwloc/linux: Ignoring PCI device with non-16bit domain.
Pass --enable-32bits-pci-domain to configure to support such devices
(warning: it would break the library ABI, don't enable unless really needed).
com_qmp: set thread-safety level to 0
Wilson/Symanzik/Zeuthen Flow application
MIMD version 7
Machine = QMP (portable), with 8 nodes
Host(0) = Precision-5820-Tower
Username = luisneubauer
start: Wed Oct  1 15:46:47 2025

Options selected...
Generic double precision
C_GLOBAL_INLINE
type 0 for no prompts, 1 for prompts, or 2 for proofreading
nx 16
ny 16
nz 16
nt 16
LAYOUT = Hypercubes, options = hyper_prime,
QMP with automatic hyper_prime layout
ON EACH NODE (RANK) 8 x 8 x 8 x 16
Mallocing 10.5 MBytes per node for lattice
Made lattice
Made nn gathers
Integrator = INTEGRATOR_RKMK3
Finished setup


reload_serial gauge_configs/pg_00072.lat
zeuthen
set staple to zeuthen
exp_order 8
stepsize 0.1
stoptime 2
forget 
Restored binary gauge configuration serially from file gauge_configs/pg_00072.lat
Time stamp Wed Oct  1 14:53:18 2025
Checksums 71ac35f2 91ffc95a OK
Time to reload gauge configuration = 6.470203e-02
CHECK PLAQ: 1.9716482876656780e+00 1.9699159868287854e+00
CHECK NERSC LINKTR: 1.5613394295545098e-04 CKSUM: 8fa028c4
Reunitarized for double precision. Max deviation 7.51e-08 changed to 5.55e-16
Time to check unitarity = 5.091906e-03
#LABEL time Clover_t Clover_s iClover_t iClover_s Plaq_t Plaq_s Rect_t Rect_s charge icharge

GFLOW: 0 0.8793014368067669 0.8751588099678905 1.967856259149878 1.958385929201997 1.969915986702479 1.971648287587626 1.403546355794028 1.408531607384267 -1.368422742337929 -1.934738906004987 -1.889075154521739 -2.733349578501149
q-corrs 442970.0407538286 59746.47676303996 -55074.32691439435 -14340.95201903057 -12940.65662225709 -2071.047892129318 -6533.201707589602 0 6869.877527366056 -4550.362312558193 -12724.02701405468 13161.90665460437 -5656.33316334654 -8604.180073213025 8287.293912810732 0 -11372.14200086964 8137.897507266041 5087.24915838122 7929.120996176945 8864.54081586772 24874.37350847323 2275.519004106182 0 -1059.05478453621 -6028.154905674119 -25430.34516732904 -16739.78440732357 0 38506.9865142428 39637.47512041034 0 8279.455105246292 20325.38539919541 -3142.659032962843 7662.278433484032 14901.61179492759 -6420.173173405617 -16512.44195485649 0 4625.508431465656 13839.76305481475 11896.67291694366 -11189.69935808522 6021.589510969972 5681.702045797359 17481.32089288634 0 -10029.74802426961 -7847.31969288154 -8530.611372828465 -5520.563589392958 -4058.106346139403 -1070.175107872588 20701.14718201547 0 -6791.097718523131 14938.64464984161 583.7642894084311 5533.722198372253 0 -12425.14400737017 3648.585346396645 0 -2682.688360746339 7310.55206215185 30172.03241967984 186.5809167059674 -3563.43040846118 11512.54263796923 25041.15231188196 0 23680.33209582519 13925.81597418535 -3340.022678423452 -13559.04500510068 13128.55152105094 45280.13880374668 9662.571490708049 0 2600.013812098935 -18782.17456223024 -5593.057533044363 33912.43672805068 8483.642869436093 2063.712176429819 -7674.32748584326 0 8876.412413526039 7933.433550094672 10053.76039201691 0 0 -594.6707718211078 -33009.19387201689 0 -6983.005300027779 767.4516485210524 -485.831291341623 3202.01668512379 -14044.12283248287 -1447.910253502344 -19481.99687094377 0 7833.664033049105 6270.089841175841 0 8157.136715948225 -3020.314931168358 -16854.40031385866 19265.65845758159 0 0 20273.80848465304 3079.517720967252 0 -7073.656799685941 5450.675055944716 0 0 0 2653.144486949913 -6888.555189265911 -2162.919398942129 0 -12850.56383619129 0 0 4692.422001214074 39235.97879849582 0 0 1799.236049064158 0 14890.87875864828 0 4325.579410233089 -13470.67360662495 -10208.52405446999 0 0 0 0 0 -1403.253590370497 0 0 -6140.92720486791 0 -8497.717785966253 0 0 0 -5551.052078796059 0 0 0 0 0 0 0 0 -3365.384368935924 0 -9719.762661107457 0 0 0 0 0 0 0 0 0 0 0 0 -4424.788655659378 0 0 0 0 0 0 0 0 0 0 0 0 0 0 -1024.230209900237, 11422.89467166639 -35030.85075173918 -13136.19547380817 -4363.436886248151 -2688.472842209115 -4077.549465941339 -18109.80934034162 0 -5783.062283253586 1355.045677488297 -8361.079281935195 7483.221921862922 -3292.74401821574 -13872.77117719951 -31486.69358011024 0 -5412.386114622112 16590.98714053284 -11972.3079868075 9134.56715767794 -5774.241943172058 -3731.715428781886 3242.555111121217 0 -5113.248100820442 -4489.631644763334 -4118.663793114636 -12362.17936514228 0 10993.5450182411 -2747.856597796461 0 -7803.125668019193 -603.9126920641916 1303.86221615785 -7290.912201122179 5363.808819458866 10079.79016728832 -11736.85747587039 0 13447.87747993957 22871.71258311237 -18515.79087695699 2778.22063450398 6078.270692001495 13831.89453651064 3060.722370918598 0 -1263.865025487071 931.0270551620433 14672.43964318043 12119.30809841605 6534.031159247484 -5304.6992187952 -15677.36898199665 0 20110.5837455059 3696.001646260229 -7462.71152424378 -25883.87246076982 0 15127.64715408161 -36041.81337783759 0 546.950260504279 11155.14813812927 -11303.38558684215 -11154.6782628162 -4104.430914764394 6602.368166561895 -13283.47013038973 0 12672.5484489328 -6201.744707690606 -726.4075283017401 -18331.14485403992 9652.820204065569 -7976.47723618549 -1771.264861996629 0 4917.729998979504 1446.373020594115 1111.551249517937 -5326.46721598453 949.1109646347259 6789.005051350683 -2404.732575291996 0 2795.353225428334 -3669.495788468047 -6144.275595417814 0 0 533.9976801767214 -9386.818292476051 0 -3507.873797093414 6581.864340863363 105.5965679826722 4867.017194908241 2779.176246176633 463.0264934340712 -13415.97118687822 0 -12360.44444500646 4734.168106306635 0 4535.269887032786 -325.383629515904 7833.01269387462 6088.927859858144 0 0 6793.537091226464 -10702.79220800688 0 2480.415229913398 -696.5846787949422 0 0 0 -2342.240790782458 18588.88381179446 2716.863039958064 0 1750.338868393834 0 0 841.8404378986025 9200.91610833224 0 0 6626.863251249906 0 5044.306668906132 0 11537.53256226061 6740.65266200783 1905.063584990555 0 0 0 0 0 5731.3011804619 0 0 5119.690958355175 0 -11716.77880280841 0 0 0 -138.6801105636998 0 0 0 0 0 0 0 0 3422.462660759063 0 -1348.529561382442 0 0 0 0 0 0 0 0 0 0 0 0 1314.408838479089 0 0 0 0 0 0 0 0 0 0 0 0 0 0 782.6015428294057, -1356.839711995561 -1285.418062183666 -901.5497159794249 -1245.861014085081 7683.90093092908 -11180.49797293577 -388.1959008888775 0 1350.233613722019 2998.883493786156 3177.219916525608 -14534.05492551878 2485.212154774089 98.44072033228736 10378.69225582126 0 2272.963260598819 -1634.19746772239 2801.051342206607 -14917.49596278563 15715.6323758638 -10131.50786858685 -9886.087872353119 0 7572.737525984488 237.1427013690936 307.6124376232956 -1529.006396280216 0 -3122.933354013885 4798.468095307084 0 -479.3037421470517 -9795.728067691965 -13256.84080380626 -8786.976272656069 2597.557300813638 6982.098869143922 2597.596720330007 0 5652.858375740921 31640.01641422143 -889.0207218393512 -6651.168679153383 5485.850234731408 3800.481560611403 -1933.638256509193 0 5592.916968707596 -22651.21215639907 10466.91372183162 -10319.9829520265 23818.30091498372 -1628.178575680161 16900.13992895786 0 -11345.3218004677 19006.66139122928 -2143.600992918999 -9421.556560962643 0 9088.410659226603 22470.33108030081 0 960.2733313453364 -1287.764729254467 -3791.859896542577 3994.586088807099 -7953.725836387468 27189.35283919029 -5931.609559371715 0 -89.02599066206949 -11653.04299269696 -15612.41387266938 16607.61894912325 -1770.39141558711 -22747.83226277187 5568.657144339705 0 -3791.058889364112 -1608.121057003549 -5022.312592243679 16117.42528721148 9814.503663803393 -10792.98086040742 -9142.83432786234 0 -3309.964809651854 1593.800678184185 10700.61567103082 0 0 10.04769446970067 -18877.31766588874 0 -14931.3549682406 20092.6293053722 6001.329439247484 -5149.001679475048 -2736.674782119348 4039.692325554603 -8336.890606774841 0 5494.772473771976 3787.232784524043 0 -4953.154858937899 3753.022567094005 -5767.211179248143 -1125.227645035057 0 0 5357.738969985523 -11724.76338975072 0 3899.319956934097 5032.165076935794 0 0 0 1107.532208582755 2460.553268901796 4744.40490818627 0 -514.5858986988794 0 0 1046.836876787408 1188.541079646745 0 0 1751.639475820156 0 -4284.232729829137 0 -611.2208698531081 85.37558171335581 1347.931267272818 0 0 0 0 0 203.6671546652984 0 0 -4317.449284514527 0 -238.649680165046 0 0 0 1650.688847358122 0 0 0 0 0 0 0 0 1620.262090706279 0 890.9239666100084 0 0 0 0 0 0 0 0 0 0 0 0 3246.610031331531 0 0 0 0 0 0 0 0 0 0 0 0 0 0 -1086.900005376687, -1655.780106675359 4818.663349466088 6273.799439704817 15124.09598021827 4143.514595297936 2417.977380100501 -4590.313903321739 0 -2298.428739112076 5090.957365512133 -21593.87435351592 -3627.028202473917 12394.40777819509 -14619.67528387753 -16430.37970701754 0 3682.057790658524 -722.258488202131 2653.123937110199 -6230.055521868632 -5731.178913879829 9309.892106678544 -7025.403613990384 0 -3402.804675544385 3339.22963922373 -15759.95178211238 3402.175119461271 0 -21677.96011398885 11111.25145203811 0 2346.08281592156 11781.24451865846 4178.74889437337 -7595.1817399718 -14576.14564958662 -2005.364861130821 -378.1978889853367 0 -4369.341459922296 17266.44977128017 -872.8398472726403 21401.65230188264 -6215.160401283701 -2487.684337801024 9893.453252952811 0 9714.182181029028 -16315.00375035938 -34628.50675650276 -5434.664903607012 -2611.749324919238 13957.34813776241 6917.65823120811 0 4203.151837140033 -2062.133194445483 -9778.132074489205 -11831.67144062217 0 -8082.633847338011 -19840.8501016497 0 5943.077480994118 -2506.418964572695 -26843.52438349826 -22288.77339251115 -4407.097698347991 -10220.05359886457 4668.005569304925 0 5087.669155598471 -4705.033041829355 -40502.2865267998 -13285.86571908334 5952.59218952882 -5777.460153626029 605.5042591750193 0 4943.394677928152 -7394.754134126444 -8597.234567374535 -1662.420823935005 -2083.179636498406 9636.515400610964 -20348.6367592818 0 7577.334830326925 -8327.639377004914 -7941.509066034534 0 0 -14725.74281054123 16656.05434333898 0 -4877.232285401622 -933.6845962435937 -579.9319886832363 -32376.09291018026 6224.89841524841 18273.44314426735 -6999.321419671225 0 -5973.105690431255 -1699.379555597226 0 -5799.143529195686 -2722.389278703954 11264.33285441005 -14489.96604176882 0 0 -8643.998579077403 -2055.904840040496 0 5041.549852116532 21830.92955270668 0 0 0 -10724.82217250752 6831.923936445543 -1829.020458806087 0 -7190.217207562348 0 0 -2556.395267456825 -9260.046101813183 0 0 3311.397162485686 0 4646.323325899498 0 -893.5764937355807 -1122.604942296693 16164.88900108665 0 0 0 0 0 302.0327962691964 0 0 -2559.083577920192 0 -5919.633344137644 0 0 0 -1632.485176168527 0 0 0 0 0 0 0 0 4825.790309865043 0 3263.617322516499 0 0 0 0 0 0 0 0 0 0 0 0 -1723.328580379127 0 0 0 0 0 0 0 0 0 0 0 0 0 0 -882.4987935880973, -474.4909001828346 3314.642746526401 1959.525127323317 2593.270316219527 655.0305737861252 4326.1174069965 -9340.63357334033 0 7912.057133320446 -22455.41466315384 6749.579754665137 -388.3341057138932 6025.249747745452 1207.416862614458 13918.86016786829 0 -3423.750396581909 15109.19081475492 -10595.58543178398 -10388.9390620561 1890.763154605577 -21968.66562347619 2416.419616384695 0 18331.16581114676 8588.616442547911 4893.366433144988 -4457.608909372497 0 -5093.267695125791 -4308.885588941839 0 7729.614847359412 6783.400013740244 2893.467919249902 -7397.011060634082 9905.36984631578 -825.4977477715706 5338.421911146374 0 12403.47936621701 -5314.93685634793 3303.682124030688 -9471.408196110839 5959.52840548203 11996.03524211212 -11086.7013398164 0 -5439.900452034786 12912.60098440895 -16670.54994908143 1138.803613825977 3231.19837167084 13065.98494966889 40712.55826969037 0 -11881.80118596687 12620.78341745362 16157.82405018693 885.9455489482243 0 -8128.136331896101 -8224.938734267691 0 -192.5487689254262 34960.62306277419 11135.16821206334 997.6160251580277 4279.673170468649 -3076.17784130612 9241.358232404404 0 -1912.340297891412 8976.396881127968 3352.024379880103 13208.64504873916 9793.074240804561 6008.3516326638 916.9342508323457 0 85.33463921604834 27907.00880481879 7573.547743425565 -6742.189478415519 -13904.53385265783 7322.597910082717 8316.068196100419 0 -14805.34801325806 -4969.382188413347 -12193.16163608718 0 0 -16969.00683386274 12247.11120911828 0 -3253.257762544915 80.83092041306304 -371.0200963158218 -1639.190273598459 10554.07598909322 5127.141625888636 318.9812992124307 0 1680.040502836889 6493.844217402181 0 13557.79760311011 3701.218265878414 -13095.45852434219 9998.641408918718 0 0 1382.094427662687 12149.36020873443 0 -6144.522961871511 7297.210036974637 0 0 0 -205.8046341672325 1357.598107006274 12953.99419318883 0 -6215.95173331664 0 0 -2133.054758294125 -9651.875997202431 0 0 -6692.371495802669 0 -9599.591270989044 0 8402.563456917425 -11761.71249519715 1614.736237075527 0 0 0 0 0 670.1314913981873 0 0 9625.615645426949 0 4234.025972131587 0 0 0 1784.428696700682 0 0 0 0 0 0 0 0 5682.340772187457 0 2767.315347389937 0 0 0 0 0 0 0 0 0 0 0 0 -6344.946019436889 0 0 0 0 0 0 0 0 0 0 0 0 0 0 229.8698304312229, 2158.392520651533 1327.936487269145 738.4554426078412 -3193.36537169135 -5127.756524422553 -5856.907230899282 13497.06540936464 0 6846.657186131979 -8546.104747852234 -23774.34848175047 -2098.643837531314 3218.557368547428 6524.024138792283 -36137.92546319021 0 5946.975834084101 -4768.49312614269 13541.45884443988 2340.632897359721 6079.170720848797 -13825.12401536149 -4218.875841587936 0 1839.069116200885 13085.24124471957 -4706.857704408199 16912.00897314405 0 -7036.635628827031 10999.40754736536 0 2272.896598124069 12943.61264000422 -15250.05740027541 4369.557695932301 -6148.094941235055 -9295.3608820185 -13227.57443413218 0 -8928.415460531298 -6442.569735610417 -10731.22291052018 -2718.756374199528 -3843.468142088116 2545.464712030865 2681.504677188032 0 -7490.052294741761 16738.11705591848 -28474.95409792782 -9259.000386637472 4109.259740949586 -5569.135712540019 17196.82079235429 0 -8217.161263673053 7656.07967818754 -8882.003428601682 12124.67712200275 0 18172.31841087998 -11437.79998477728 0 -4365.090356367693 6748.088841499804 -13730.65546382054 16775.09616358067 -6603.987116468868 -9318.717870763052 3666.911247817341 0 -3521.316413316672 1271.235228454309 9861.582855399134 -2292.228467615196 9849.164822657356 6504.001749100142 -12848.41682436262 0 5002.398519873324 21741.12260930925 3144.477671607009 -13807.71961720886 4719.722390743817 19601.8518995901 3701.523138954727 0 -1217.966263151852 15952.75277443994 -8364.487099782353 0 0 3570.582220980627 -13475.82222221047 0 1220.895522504065 6614.065624314475 -5408.77714407591 -11364.37085099373 6475.659517275993 -28313.20614664282 10366.22636704444 0 7301.709618841431 -9316.289511335108 0 -11267.88131145156 140.7678504988012 -13729.77594571707 7432.999513382778 0 0 3134.323924461116 -16113.19302334915 0 7119.144945571657 -1222.7375078715 0 0 0 -6380.392528196515 11407.47903458228 -8479.532219880031 0 4755.275002116688 0 0 3031.980148182484 13733.7194074718 0 0 22.61996539719041 0 -11130.70483899942 0 1728.156127955257 -4283.132091350593 -4731.56675419478 0 0 0 0 0 4664.195449415907 0 0 -4499.477130633406 0 -894.7912253383256 0 0 0 -127.6933882512803 0 0 0 0 0 0 0 0 2656.244953440516 0 3408.084150186592 0 0 0 0 0 0 0 0 0 0 0 0 -3238.99639534421 0 0 0 0 0 0 0 0 0 0 0 0 0 0 1158.543794043463, 166.760894920166 -468.8851724877557 2081.108985196633 -5350.327227928112 -2349.334415144624 4827.5130227417 3143.493643859896 0 6621.400547465573 -6708.956251246861 13124.33884470037 4171.729703771322 -3406.170273029893 14136.19023907435 10262.03570977202 0 9064.918320488165 -42.9884070119424 -10239.66440568602 -10803.65711214466 -1950.092669810032 -597.4201979192085 -237.2139895917225 0 7717.079531825967 19067.74187773068 -4303.054735746524 -575.6350075024793 0 6484.506571300471 -1980.131176171846 0 5768.743958424422 -6981.388826835482 -1367.063930626491 -9919.232668550721 19177.589863909 -2187.734496826737 2302.537889128362 0 7772.773044513561 14521.70901541021 15553.75795077976 -2179.993688694593 22570.0853408226 4681.043956093939 5215.779706696721 0 188.9633861510769 36535.69493908572 4695.585487283816 10995.74081385981 12110.92891634408 965.6981050338572 11448.60085088526 0 4578.163717503398 2454.357026268613 3395.87732752434 14844.7930734718 0 5932.56461532452 2749.314695691966 0 1548.885298675806 5411.513360109837 34128.05206404949 5884.74871054851 -5070.773169373317 12127.23185265885 24916.99767721828 0 6367.172926514756 -6199.962909867035 -11636.04468509929 -6660.588683970298 -12850.05811021212 -9178.586396207793 14483.93028444322 0 4643.57295395747 -1177.626710340138 -6810.943237935533 567.7567312724223 11515.91659166794 -6188.874215227195 -3245.14460564181 0 -3965.209399119758 4637.421521606126 9825.064985217588 0 0 -7219.84704789153 -3892.38041101802 0 4613.55792839815 7769.286575043574 -11241.08204035388 -2646.576255270107 -6779.323354909458 11573.50709972402 15934.74850704233 0 8751.529557443038 -574.7856349964377 0 -700.9199863320655 3767.103140508791 -9969.998507047319 -8031.704115771719 0 0 3698.961658651629 -1748.079281035572 0 -9227.146468519391 13517.63333689783 0 0 0 -3154.029381862699 -4476.247774210492 -4417.945279437246 0 -977.4279403189162 0 0 -3944.032061490069 8255.122420660224 0 0 -1632.096020594741 0 10799.32930858522 0 2830.72042100335 12852.69632602437 7090.880958589341 0 0 0 0 0 4231.08288844777 0 0 5808.586857227716 0 4711.857448299374 0 0 0 -1780.041122389622 0 0 0 0 0 0 0 0 -2424.085938684001 0 2525.38799172952 0 0 0 0 0 0 0 0 0 0 0 0 -897.5245445674213 0 0 0 0 0 0 0 0 0 0 0 0 0 0 4605.378907818955, -1077.740686546334 -10827.72958524622 -780.2327944670496 -1790.521566855441 4709.912795159231 -5990.596449923501 -2299.326960766733 0 -2695.059940184264 10972.57556733735 -8035.966161460155 2007.578930292146 1350.541336321583 1008.578131370181 -11558.46863149542 0 12454.75444841237 -5941.912822408991 -8497.63456179459 4781.391574374662 -23302.63315436593 22938.08621230103 -17626.10768749203 0 -3931.642876622142 -777.1248545362669 -4860.412324798105 -15762.65126077272 0 25447.74287727373 2297.913847281575 0 909.3189087406045 -14719.89644880174 -5780.705479036194 12570.01506350895 20369.73379404409 2933.467888530473 -18573.67551263923 0 4768.21539347998 13459.46706072622 -1930.717311526558 14841.4643354251 5043.422727259365 1372.146710992974 1670.800305785027 0 -5663.709372717048 -19308.17083226245 -16665.75396544713 -28629.83899987409 15546.35017583262 4520.225477776909 23629.07954904755 0 11972.93159979316 770.6286404738626 -7019.55512001448 8668.864330592074 0 -8008.727870924993 -50391.49557845238 0 1706.738357542788 2896.120321254214 1551.0338470774 -11401.46323033593 364.4115953069177 -14359.92780868083 -15860.18599638829 0 8642.884354120803 10093.59143968253 -8965.35904465531 -28684.75284781508 5711.890863143985 -3135.269264171681 -3523.110826639507 0 6792.571189974598 -7476.05991377988 -7795.277959018871 -977.0999628545533 -6076.780052364041 -16963.90683968394 563.0838803347324 0 8284.467019518661 -8058.630485002557 3672.708634646652 0 0 -223.1307080389497 4700.206702012901 0 -4254.317402456125 5644.577661480453 -3617.225190894611 -31511.98918937289 -13333.34144178545 -2446.74156048332 9899.955110492498 0 3003.652848262348 3044.460200245146 0 -5859.000185888735 1332.039119468924 3676.379308457691 -11469.74086421221 0 0 498.664308110418 2489.709288705585 0 8030.360439044758 -8715.119076995446 0 0 0 -1113.445216561552 2743.203452056383 2765.545775331652 0 1785.864148881857 0 0 -1669.041045305562 -10325.22721374849 0 0 -5789.619484593426 0 -6263.187884784349 0 -976.7862412935388 -2344.461589922594 8052.371828081162 0 0 0 0 0 -5245.534827924513 0 0 3510.209097840384 0 3199.518322999685 0 0 0 665.3231671950216 0 0 0 0 0 0 0 0 2820.771865215792 0 4629.390789945485 0 0 0 0 0 0 0 0 0 0 0 0 -4201.514316629551 0 0 0 0 0 0 0 0 0 0 0 0 0 0 1018.861375399931


GFLOW: 0.1 0.508891643031302 0.5063485878594514 0.9713937122256966 0.9659962624986556 2.682405138150495 2.683493464334227 2.341052147437655 2.344103831802412 -0.5334476422808861 -0.7233943281600901 -0.6671059883578919 -0.9536287284202462
q-corrs 115626.5651424906 93781.44950034836 -557.5242277834079 -13489.31668920832 -8531.177386832387 -16186.72897319248 -10450.85367569172 0 -3597.108653566936 -5704.354717814385 -2081.706056618911 -1433.471259220189 -1066.022761599354 -6653.761076170791 -11934.4144018842 0 -771.6026706422605 -905.0682347417985 3048.23769545325 -4008.502257396922 -2154.500359189627 2110.307215096902 610.0877905333593 0 200.8563428154052 1140.823646254325 -4584.954733895646 -4584.468940370554 0 4348.623871191518 6926.482767904487 0 400.9175723416631 4863.529178586041 1341.658474954966 -1338.563959204376 3604.032425028615 -1867.825622014842 -1564.38408436189 0 4954.340435868376 1715.544890104682 249.4460626837119 -3333.651657486815 3463.535341625027 8521.531381218461 -885.3685858565067 0 -3349.166841455974 1538.585445433209 -2570.753724912152 693.9454742347421 2469.942370051203 4087.262622753445 932.8580779846973 0 2.031160742214411 4240.18495111561 1747.975424761085 -4601.314533548415 0 -6824.432234469072 1649.192973075548 0 -225.254338195869 2213.69941341326 6212.599159817261 1652.477706547136 -795.6312677827875 8986.508327222569 3406.359482704389 0 4303.218764210044 -651.0133326136777 -4896.54373513004 1125.904344489572 2694.56792868944 7175.833301361266 3178.223682047761 0 3849.503083973826 -1438.0663917912 148.1856659379025 3208.407377023119 2896.090136226524 -74.93509489799953 -3405.487454847442 0 5121.717308611104 4897.147796473161 2688.793879351182 0 0 -1980.953003414163 -6787.648368440872 0 -793.1050466862148 -449.9595849162957 -3676.135352566928 4.811435793108103 -3512.751171478061 918.7193731774829 -2816.353380705721 0 12.74951048872526 -1416.863288058013 0 -1723.800199833358 1850.18774611954 -7217.717594454583 2660.687525130465 0 0 5382.26930225764 -2472.109102720795 0 -1350.188163920061 -341.1950404456546 0 0 0 3305.18138291064 -3105.52473341591 1953.549024907547 0 -6194.56155367625 0 0 2610.024238956637 8355.08685862329 0 0 125.1535683288011 0 1964.13921338272 0 -399.4936158588225 -2804.053976958765 2717.654687106547 0 0 0 0 0 380.5177988149854 0 0 -2495.161842629635 0 -563.2639861550197 0 0 0 -268.3616638500406 0 0 0 0 0 0 0 0 -1553.01785483391 0 -1211.379443451549 0 0 0 0 0 0 0 0 0 0 0 0 -1404.901938456497 0 0 0 0 0 0 0 0 0 0 0 0 0 0 -1036.433562370434, 16517.89556012275 991.1481311550992 -14298.62640688959 -7459.158426762853 -3005.853589665471 -5214.483769134471 -7237.588140828855 0 -229.679142184356 -2750.807318242901 77.16695698570084 -1876.918505320725 -1809.719424428292 -3775.406511775725 -8225.723030275818 0 -729.6705213166732 -1087.174697353007 -5293.930697294492 -894.4215993108885 -3749.645134043861 -684.9603723797502 2410.412208579012 0 3116.666781082473 -855.3427609914889 -570.6047712609197 -6548.570887657071 0 2262.585618471713 -2897.625992791302 0 -882.3520005846922 2788.608516692285 275.2481778227216 -360.0197445950497 2247.041093882343 1501.853844193752 -951.0403393235231 0 4416.500736158023 -269.4658695898365 -2258.563498473919 -1977.521077611689 708.0430339095133 8648.384335288818 143.525718561436 0 -337.6472163773836 2784.772072909167 5766.029040583242 -1301.248580127948 1060.580352654742 1194.569260175245 -7818.561463905209 0 6313.089515782775 -1481.738633213834 765.3221551408272 -11346.90342336959 0 3390.777283816118 -10166.67921534892 0 1003.608077109929 -281.4428348371043 -6135.246141375914 -666.5620149062547 3597.036680952037 4183.46791911157 -7305.947565622308 0 1188.236106026971 -2665.561535119688 257.7255282333434 -1317.875902030118 -133.3782552440541 -5640.140126857477 -159.5737076225878 0 1269.48886935981 -1441.074037658153 -1775.107750712758 -1829.652283759951 1305.291933277126 3760.826137343929 -2040.64815000627 0 -29.686129057713 1209.819098671222 1793.348797025818 0 0 2447.606736873234 -4048.897846168006 0 -549.2654187889261 153.8200068106901 2149.513402468458 -429.8947147516967 382.3473049005667 -805.3261989389524 -3151.521486752548 0 -1132.160756154039 3320.04126475776 0 -1056.098419667682 1640.038764793588 -706.0769318144232 -1206.367513797721 0 0 1867.235982921249 -830.3862444006716 0 2125.317078739081 834.258936476794 0 0 0 178.0976775957545 2234.492564280753 799.6503523810273 0 -1180.901078781254 0 0 1141.372707514508 1216.185747700065 0 0 376.8466633637711 0 -1266.558091581435 0 1943.318894166542 219.6868267671969 189.1129835357597 0 0 0 0 0 171.3126779592274 0 0 -141.4813634390069 0 -248.8778516315349 0 0 0 -528.0189638546856 0 0 0 0 0 0 0 0 391.6786427421107 0 60.01618462278952 0 0 0 0 0 0 0 0 0 0 0 0 890.4063301193987 0 0 0 0 0 0 0 0 0 0 0 0 0 0 62.40681604806701, -1251.458557737711 -4069.056625849235 -5258.479755775094 -1990.37185794463 993.2928345633599 -3295.310699537012 -3221.522443717808 0 1889.285841447762 3777.317449747098 2313.227025423154 -2948.830539807884 970.1212197539182 3349.736199656031 2963.053895643752 0 -796.6558304238255 -919.4355956085326 -1133.504160425024 -77.7147972858283 2130.098442674476 -963.241084591217 -147.9543165894651 0 3263.11739113339 525.4008540462128 -8035.14314486381 -4717.611627964613 0 -4298.041354847452 -1422.683647327883 0 -143.1914895636509 -3095.058911475472 2550.969005145188 -1936.456586214622 89.19249953207805 2213.927925836195 -2313.874491182455 0 3540.399677218787 8598.103021352934 -2020.736898021335 -1520.766967609418 1781.791517173613 -249.122682266333 934.447027562626 0 2562.701027354697 -2244.450125291103 24.676678674914 -3606.805985832009 5234.591267081798 1153.00518685893 5816.38923865908 0 -2735.79259731265 4668.246154614319 213.3168946844444 -1853.316638395399 0 3596.413186602183 4659.422121934708 0 725.6423993513901 -4451.526766197308 -5335.304412821782 -66.20497042432316 -412.7092080535036 8330.04524992056 -3321.072917740908 0 1082.353366745026 -6330.218571447042 -4811.545351377948 -247.8202469948615 -4515.992995512173 -4547.700199674987 1868.63099124007 0 1238.707666912502 1636.073760176417 -2579.549536952168 3219.262444515995 3566.787205242549 576.9291658736113 -2394.546125081543 0 2244.051498232673 -6256.60699391625 310.7910114103697 0 0 -191.7497343646913 1787.76327330638 0 -2245.260651712938 2677.987157622359 -103.4552365934064 -2842.918403722854 141.2583799907982 2339.781824654772 -1513.013915046351 0 -2618.025845838896 3052.9546893366 0 -207.6030999786005 1781.035429250743 -1023.186761900189 -1072.784407650773 0 0 2232.019424030923 -1257.86806666106 0 3938.449838464589 3163.673015141354 0 0 0 2564.506064079123 1096.686185483876 780.8747424318975 0 -587.8563312846932 0 0 187.8447965545207 -1221.404912592404 0 0 2134.110229610606 0 478.1732217174069 0 1359.507314982016 757.5387790258611 -2394.204238899218 0 0 0 0 0 132.7528082054793 0 0 714.8471648803273 0 -45.61085051932184 0 0 0 -1270.158850195539 0 0 0 0 0 0 0 0 786.3633210885645 0 115.2401586490039 0 0 0 0 0 0 0 0 0 0 0 0 1356.038353710546 0 0 0 0 0 0 0 0 0 0 0 0 0 0 172.9210683169266, -354.440658366565 693.7149415262171 2604.836773187424 3172.247789388378 462.1381706669822 1642.358287657894 221.4134240535236 0 864.3843598946189 699.6595501944961 -6315.639032963746 -3772.595927196414 3839.468025218981 -3712.553391560054 -2446.680190511249 0 -2566.853587831763 165.1278784729366 760.985100692619 -2012.852326227491 453.6375984442906 4054.796106352908 -2666.541146135976 0 4529.319036543469 3195.81182260761 -4102.585976598538 1495.89173331129 0 -4923.602189246174 1649.605567011688 0 2137.276661221771 5236.562429739338 205.0310286517858 -209.6909231475681 -568.5710606610036 -3018.82260131255 3443.887895284617 0 -1065.052162620881 -1963.158164966951 3181.255928555282 4477.583371618794 -895.7744302698129 -1674.331557192852 1145.798200386424 0 186.1370514957101 832.9597961697314 -9514.684605141798 -2439.608573610692 1473.209092593091 5262.898591928552 2403.168867693381 0 -1104.207218536149 -2306.478311428339 633.0849267146363 -1864.851393368158 0 -2954.722513043816 -5652.054336561554 0 1332.136667258036 188.8585267954578 -4020.684243697082 -5821.688850912233 -2469.817138754124 1182.054501112877 1950.620862593285 0 1068.892211660944 -2528.38466290189 -8930.941685714712 -4408.825754018631 576.352341267607 -914.7386305910534 -2070.241700399236 0 2044.253052715355 1089.352704127315 -2163.535749332659 615.7955657433006 -652.6092943760038 1505.174821551005 -9748.002152792782 0 3548.354776156799 -2155.622813904431 -6086.058204607632 0 0 -3803.637028488498 930.0182530016497 0 -1017.029711707707 -1941.13125525415 -3943.772199943712 -7005.299516482184 642.4274256653885 933.7755444096078 392.7867378779197 0 -2328.880565860969 1242.6785196308 0 -1138.817138219516 -2641.691230128888 1311.168478217573 -3365.488524628086 0 0 -511.0554978677409 -260.3037513287145 0 4066.560345599099 4295.853348624773 0 0 0 -4113.992633109448 1499.905862339888 2488.830600290416 0 1320.209944568477 0 0 -586.4210697260932 -2713.287991381744 0 0 1799.445370300828 0 497.7651679374599 0 59.6221825700859 314.9643765236801 2141.291098731515 0 0 0 0 0 124.5605481875957 0 0 638.3781039596715 0 1471.938214026144 0 0 0 155.5595186177915 0 0 0 0 0 0 0 0 661.6181192791045 0 1395.401863030373 0 0 0 0 0 0 0 0 0 0 0 0 -475.2466085771836 0 0 0 0 0 0 0 0 0 0 0 0 0 0 -86.67260840063827, -560.7707487508487 -737.3324876213341 449.5468031577452 623.993683292685 -269.9720140665057 1481.256358243389 -2205.333125053709 0 797.6270565220609 -3301.414455628139 2282.687001480299 29.50447162956152 2448.385131714706 -1338.919499015182 -1215.229830659992 0 -1281.316335866689 5260.496763934196 -2617.454675915273 -1903.387836011036 334.8703729816926 -5917.649471285906 236.8464724404264 0 5993.174866258878 2156.415761456032 1085.21644533968 48.2085595817789 0 2125.092425725201 -253.7995495799341 0 2601.356107645297 2898.948418560958 -3708.196655660645 1138.442952234259 616.8830506269519 -2007.017283212571 4862.328911677399 0 56.87078178173329 1786.094701736452 3497.159959131015 -2026.62823009448 3504.71822972534 1600.057532290564 788.2499387439758 0 -1081.505817331604 8977.169022877311 -4644.151765860698 -1201.087944987956 4156.956363478797 6047.087645828909 7320.047783685834 0 -174.6312387712967 -1919.790546128127 1137.246359138674 -1102.232107698029 0 -342.2145718680786 532.8431049282417 0 324.1425254253194 11268.06654523571 6885.889785873012 1833.012833490481 -3546.471427922646 -1899.064568418498 7426.143712882273 0 724.8495146027498 679.8776186805242 1197.731796889144 1449.76880330268 2164.473800540633 -581.2031174721253 -2935.064217866799 0 2075.544089080575 5140.058893101816 2303.770567674684 -639.4149849223656 -1298.923697850108 4753.48575753853 -3480.212997035799 0 -34.96718945707539 206.4569364500417 -3841.28190900035 0 0 -4852.450451159631 -2346.479748048851 0 1027.148253300884 -516.2788836695631 -990.1005719121861 -1045.578415207653 3132.497916405055 -1593.032550266288 354.3854658443394 0 -969.1879280058318 820.5092692014687 0 2857.079756933263 -169.3636630808245 -3083.297480983113 2647.190951695321 0 0 1909.670212026748 2967.947717773834 0 -188.4269518470865 390.7549546683214 0 0 0 -1420.776475891872 2289.679927204259 2255.250231572653 0 1523.610044415499 0 0 777.5934926676975 -1426.628688423618 0 0 -1381.578802592344 0 -3139.399967311157 0 1294.857812965978 -1043.718343277656 410.4677053930619 0 0 0 0 0 -722.8659348387448 0 0 118.5110482899166 0 1370.43478959833 0 0 0 235.3348349235432 0 0 0 0 0 0 0 0 -2006.703727185735 0 289.4997419097836 0 0 0 0 0 0 0 0 0 0 0 0 -3139.9288771267 0 0 0 0 0 0 0 0 0 0 0 0 0 0 -523.093592098362, 85.39412608370139 -1248.371321175256 -1992.634444312049 213.7974307875726 -955.2811619076375 564.5100858855559 4067.894882719152 0 2352.658989880049 -1354.412449899296 -6817.868414570581 -3140.923347455871 1385.530209269245 -1204.168114427298 -6329.760649628295 0 -158.5657560009723 -1350.373759411863 725.2532547056641 -1048.312632479936 706.1544461417882 -2826.901069902866 -910.9400104267426 0 2534.258031573916 1878.939624336843 2925.700000129528 1134.250417141842 0 -123.7213277204586 2251.864431519949 0 939.6555423202719 -1198.332846924015 -4898.229065572734 -153.9586662314322 -2768.971467966839 -4175.814027580679 -5613.215785692014 0 -3282.648628158531 -5137.413902132218 -1599.181464618178 -1533.206066430268 -528.1517833527901 4987.214258645392 801.3849222858539 0 -984.4175319958738 3928.518977124433 -3018.045187734614 -1577.341040525002 3203.754016189039 1490.639917703864 -201.9546863722583 0 -227.5853897401116 2436.541325404891 441.7896024894447 2644.496179615554 0 -78.72451558064108 -1257.085768433863 0 629.1102203006817 6016.811838016485 6001.341734101282 4466.852369147569 -3052.367311396019 -3980.433946281664 3385.510106552453 0 2511.878846732384 -1380.778078083039 5331.509868828064 -2224.625510760165 982.8675221748651 1203.704535062133 -5645.907191845923 0 -822.1955273369972 5718.386232779994 314.2206954899823 -3145.402930660674 789.5833476919638 4793.551825359144 -5862.618922296549 0 1104.224648522185 3243.661339637165 4828.582638106589 0 0 -1541.56720433455 -3955.685591226713 0 2836.99211341944 -527.8308635312083 -3492.962252787269 -469.3323730262481 -146.0861971079535 -4638.687100860055 937.9283023166281 0 -769.7648562645709 -674.3365877579441 0 -3844.006824790386 -1349.971827936358 -5828.906653273089 834.3468157007675 0 0 1352.425479066303 -4851.495487666094 0 -2216.282404481811 222.568787981183 0 0 0 -1980.524010040941 141.358062408053 -1309.881578722446 0 -3631.691322037534 0 0 613.4342921913355 503.7901821921059 0 0 242.1347048255704 0 -2840.081162524528 0 -581.5311150776168 956.361514042502 -1525.128847506134 0 0 0 0 0 1639.117444355008 0 0 -1527.665004298162 0 1326.352088931063 0 0 0 454.1857082017825 0 0 0 0 0 0 0 0 -119.7850476196853 0 1743.344442811866 0 0 0 0 0 0 0 0 0 0 0 0 -35.57711136508237 0 0 0 0 0 0 0 0 0 0 0 0 0 0 218.4082316586027, -252.1878474884107 -1486.54576767343 -743.6642823066109 -909.4844392598011 -680.7483253900741 -788.2154286879227 -951.5204914451122 0 589.6565579821676 -2555.323992295671 441.3999033920545 -2091.600417680907 -190.4272096006449 5437.491865745013 -567.7015126241705 0 1982.474984811853 -1358.71038624625 -1512.044047503461 -1255.520072631386 4348.756537823562 -1183.867069835434 1992.914577946104 0 -508.8590675454298 2742.203131263325 -5783.124396535914 -3265.968743334875 0 2939.815068801498 -5664.091259195347 0 914.7093301563142 1053.670644942424 -2813.950530292525 -4550.134858028749 7756.486345638919 -426.2851306260902 513.3730123132216 0 -1494.989503849986 1630.170689163321 2501.454567589848 -61.54353988404057 6804.612863657482 2902.129352729446 -0.1960992727240409 0 418.411123319 5814.895829751823 109.0575402285582 4030.394957024742 3962.876751702751 1820.428009344744 2900.624055572709 0 1035.645334602285 4939.884774924688 -1414.577461088863 1745.91363522022 0 158.7666471812002 2494.725291740794 0 -232.9158206895301 -1941.385056158031 4814.199640211062 1212.031203334755 -1030.020724045278 4773.809898567346 8132.921064821874 0 2297.393366862657 2732.534568932109 482.8405216790426 -6072.489670298515 598.826096485082 -1818.704431639203 -2667.499285651128 0 1339.121668886162 5172.378713439557 -2446.631281961274 -2031.653468934615 2376.727477892866 -3518.058674347935 -1314.857985286018 0 93.9305588046326 1785.721301577636 2558.904983551099 0 0 -1779.058371392199 -199.4481957378044 0 -283.2173519608662 2297.609898109998 -4392.442784369978 2957.657705176436 -4187.267367101957 2064.995456548992 5113.327675372416 0 2193.482013537802 1088.533988753347 0 -1660.506920705066 2180.504973652771 -3424.297342180619 -4582.197939602662 0 0 -42.65713117174323 2024.116487020853 0 -1966.230107165846 3291.585793834935 0 0 0 2019.235840331654 432.2021426165917 825.7375568241482 0 -2185.896002149444 0 0 619.4608136571273 1673.31880486733 0 0 496.7124945807641 0 3700.811203493909 0 -553.3991579110273 2399.825675575694 893.1727554706704 0 0 0 0 0 603.050533887068 0 0 749.8964266409143 0 1039.215080221232 0 0 0 426.3444531412418 0 0 0 0 0 0 0 0 -46.70739146411677 0 1393.887355308324 0 0 0 0 0 0 0 0 0 0 0 0 1884.363904463607 0 0 0 0 0 0 0 0 0 0 0 0 0 0 1017.433654501032, -650.5993528793288 -2125.869317624318 393.0602274248271 1076.859604846321 -29.55136771555635 -1321.864954206746 -297.6062880622399 0 2234.983677533634 2543.992155628073 -1178.726462236753 -3562.229795691896 -607.2706109559012 4247.537426097156 -71.62269068526894 0 2186.518439464948 -748.9143091367268 -205.5250422268346 -160.3361676060637 -1065.192975108704 5261.74942539319 -4148.883509084477 0 -303.603251629745 1936.893185559661 -4372.578665751555 -6835.78241221528 0 -803.1179257321428 -3882.872768135651 0 527.9499329110847 -2513.037488109198 -4181.394796172669 -2101.963719652381 5490.47546690792 -233.7087438538356 -6218.954662228493 0 223.716472377927 1152.999653073112 -740.8481777680051 1898.002148979723 3937.946606392244 6552.217657414076 2858.37108840828 0 -488.1545835123798 -8457.698084976273 -3127.423051103786 -4338.770305689584 7021.668121953185 2648.539244548495 5503.77737032113 0 -831.8718394977943 -570.6978348383263 -995.9479798077012 3639.94269053472 0 -1322.897238498063 -13668.56999317915 0 591.3839576180565 7259.486750083277 3589.600956095299 -3609.904802369401 -2971.864962281956 -3614.452337448866 288.6157457639654 0 1629.854239065769 1781.157249984075 -6561.389308537577 -6125.96887745375 5247.229852777979 -1113.985059658042 465.3337287928846 0 1875.357726835409 -2342.953287401801 -1231.879589211841 -572.5547765336246 -735.4656429422388 -4274.766234053396 1956.834637075819 0 1458.836207596459 3473.615592423024 -3950.546836377583 0 0 1256.214269116147 -2147.534411524722 0 -522.8517866011607 3248.244805262372 -3374.326474349647 -4166.144082402726 -2279.482398731702 -299.8999496101114 1991.516129769331 0 2527.905010024463 1517.215183902813 0 -2446.242509541064 2076.376297768512 514.5650234283939 -5332.578214857072 0 0 -823.9120365482164 793.4053193451963 0 2883.436121923408 -629.3924872431801 0 0 0 -1988.066706354037 -409.2893904216861 701.5392473066919 0 1520.184260030785 0 0 427.3863983603164 -3502.015935845629 0 0 -2012.670639988764 0 -420.7556683790683 0 246.7486378010744 -753.8183383186206 3163.803042454791 0 0 0 0 0 -1965.875087455609 0 0 47.98827130478924 0 1848.122006059345 0 0 0 1974.701059637543 0 0 0 0 0 0 0 0 -473.6737698469774 0 2158.311556984204 0 0 0 0 0 0 0 0 0 0 0 0 1379.519126330707 0 0 0 0 0 0 0 0 0 0 0 0 0 0 679.5354930463011


GFLOW: 0.2 0.2742471339457659 0.2729830144709092 0.4668572908611995 0.4643418585326556 2.885032126587596 2.885505473696275 2.710582319448131 2.711931240335839 -0.2064169553260815 -0.2853689869595832 -0.2042653692303156 -0.3036415664436155
q-corrs 31344.43059518131 52863.94656627018 23411.16627401573 204.0213097633241 -2409.207621538323 -10467.41880937348 -8427.217703422844 0 -3685.114247308187 -5175.429699744718 -2150.235397506506 -3154.906606169699 -1027.492317535231 -4068.930775704816 -7761.764669166973 0 470.1006641505591 -2632.009617542095 -1588.409777076425 -2146.567875985489 -1140.482168139817 -997.5079558881798 -609.5336298105161 0 603.6396392610934 641.4584453739803 -1290.740353115685 -1633.037932300325 0 1766.024501957515 1679.034866559316 0 -82.85095702370995 2100.576453245994 915.4512728198405 1220.225552548935 1011.698085377273 -575.518245842382 2286.538582586993 0 1049.807281121138 372.1146597377821 -807.0400723588589 -632.6016014603092 1736.296286482903 3348.703265754964 949.2003166491661 0 -680.0426926021296 1976.474075338986 -1978.654902877174 -1128.322728227567 729.2679873286927 582.6884550211844 -2056.551427357211 0 1323.724800841932 -371.0101373191218 533.3574220982397 -2896.4896790484 0 -802.8896042615421 -360.7816003852589 0 -269.3738878208358 -900.0334597664034 1110.973479552751 1162.009685541845 -567.7718116579964 1818.706073602596 -1909.346054940698 0 -58.43653045486491 -681.0922957245526 228.257446905416 1745.612220860938 -91.47820717280339 -850.1702292608048 909.8237914213732 0 759.6041799407955 -76.75100478045795 100.6949078915555 -1681.704983406707 824.4663351604459 -536.1667207535849 -681.6226145053356 0 508.4796352901697 913.7209921652185 177.9213636829375 0 0 362.0334670642363 -2645.20340568721 0 -293.1251031789307 -177.7109150834128 -2307.069219247992 -860.6117438952451 -522.691544534193 -58.14662738121746 -1105.637490591131 0 301.232575794049 -1306.093547466967 0 -2010.352298963444 626.6490588259985 -2415.419224795652 470.7819819522488 0 0 1045.577525940568 -777.9702813938615 0 -815.8172574443279 -1064.205518444807 0 0 0 1501.79247272444 -2483.22670514908 578.5603600605375 0 -922.2237537390623 0 0 524.9114288245897 190.0390946877064 0 0 -267.6452981217872 0 574.9443362083684 0 172.6937663646476 -1101.616847729179 727.1833740910799 0 0 0 0 0 -457.6523719174461 0 0 -621.8207814478217 0 393.0832991324276 0 0 0 142.7530581788008 0 0 0 0 0 0 0 0 -1009.824083359069 0 62.93398761329787 0 0 0 0 0 0 0 0 0 0 0 0 -990.6432126612293 0 0 0 0 0 0 0 0 0 0 0 0 0 0 -469.246965791194, 9156.80629488673 12794.49662912855 1849.641035947896 -2480.882217780717 -1862.471132164136 -5698.201991750545 -4857.278684189081 0 -1009.821280817532 -2721.761367184816 -339.1942172046487 -1342.849829880146 -1089.292491977885 -1516.447428584485 -3428.283682526142 0 -166.5465062688695 -2594.492764878863 -2355.348931875707 -887.049383819511 -1626.870449507294 -1032.511854427371 224.8851067932566 0 1585.844462127747 -374.1603443756555 -2298.233531300667 -2821.432794772969 0 1304.08176807639 -1238.399028346911 0 264.44688445727 1270.981383650197 1343.946679536654 425.4621349718295 1251.642625073096 140.5630976408024 734.9025714544391 0 1119.230968455968 1511.17057022838 -368.715063931395 -373.836982130782 332.1556515166293 2810.025195802043 872.9135286112326 0 336.5079003184268 1035.995254210615 1070.855956892633 -976.08269239413 538.6934753388546 795.7181775688151 -2522.14203240272 0 1345.572104407366 -907.6154811758506 446.0818010990894 -3194.145496232479 0 996.4448211425539 -3546.899438593142 0 24.19279827512366 -2014.378553903395 -763.040186584123 129.0590508443908 1164.521667997457 962.2922644512588 -1923.425582083657 0 -699.0147642085977 -1023.137218217665 600.6303623563715 344.9582145138254 -618.0866308123141 -1747.293777892477 655.8797384704305 0 35.60576352210137 126.3158604914341 -456.8734016296593 39.08059700579463 570.1914025624906 256.9344759928799 -614.4786786546711 0 219.6176989030068 1026.253845866202 918.9063661409941 0 0 1351.019760511429 -785.5276570090972 0 248.4477519650445 -118.6763047567821 514.4547116184957 -303.846444174831 -185.4138983913061 442.3487406634997 -437.0705084410534 0 516.7718360859903 503.2642292827546 0 -816.1136578305729 502.7883765669229 -482.9946961133039 -61.67113632018243 0 0 659.5974130664296 73.75533608950997 0 333.1476857846315 -303.7619887662775 0 0 0 351.0684376468244 -667.8734039193902 -73.94329212851625 0 -415.9415109101621 0 0 329.6783297611503 38.71298564662811 0 0 -88.33486662159359 0 -541.7023818474202 0 73.50470738680872 -263.1661164470319 -263.9307481180269 0 0 0 0 0 -181.8250989188884 0 0 -309.597294895188 0 -134.2972281300083 0 0 0 -128.0412756502201 0 0 0 0 0 0 0 0 -149.8682666946945 0 61.73532226482172 0 0 0 0 0 0 0 0 0 0 0 0 31.4221011248854 0 0 0 0 0 0 0 0 0 0 0 0 0 0 -63.86436404056911, -417.9370615866019 -2472.191096006718 -3975.933660710584 -1939.496359156759 -788.0202848295037 -2295.767193882397 -1685.869942219922 0 947.1695058789301 1075.899650665015 -101.3448532373292 -694.9444944342239 183.1520212161209 1636.409506970005 2023.155554014684 0 -703.7583234635099 -1260.878022834401 -1156.512965429507 888.6744908623523 -303.8619421394332 -923.7684823693451 803.067306610685 0 1135.817073803288 -250.7904191308702 -4203.53116248363 -2691.725281971788 0 -681.0868881341519 -2711.261856672696 0 -100.3941205430158 -968.9034600862577 1835.861992638849 -593.8244002055181 93.77246797816031 228.4029686477677 -1169.485890310641 0 1012.480412725323 1670.635196443156 -246.3874870689237 -346.1785166641013 82.59445633789588 55.78013619170133 815.7429720280315 0 891.4673327332092 -123.3158864598386 -808.9927016649622 -518.287602918903 1044.782121403238 1637.613060622703 -752.7630040928118 0 -937.3360809376176 -145.7337123242562 942.0107042562342 -1682.739736015799 0 -73.36767355463348 -1456.370766560256 0 188.6277077875564 -2806.349355431978 -1781.853525278233 -482.9854925698864 317.4960932286233 1265.353208609693 -1579.748083063147 0 -2.491019574847712 -1206.171149127922 -527.2127773928653 -1271.646030875349 -1387.255107223104 -1190.941639598539 -134.4288172335978 0 -78.95852779110703 971.9571683405514 -932.8413309032624 1037.774033991742 196.5864620366945 40.06076839671641 -1173.879979603218 0 1295.181832156312 -1679.40181211383 658.3005733670931 0 0 309.1198082215283 1923.652484096064 0 105.4626679004808 801.3936024434446 755.2829474415158 -163.4558935873135 -433.8595964232088 1674.938624335459 530.8708681186936 0 -494.5382954622321 1020.079955862418 0 801.7048165623164 441.5986596983548 550.042509376892 730.878106836044 0 0 794.6912008930424 1251.122891858089 0 1593.665192461351 919.1245425564247 0 0 0 673.793586197978 972.6601872695384 340.0131117269146 0 305.1205846083189 0 0 259.8276812698505 854.0734859766633 0 0 539.8600558103351 0 690.9587748057864 0 296.7116619607534 411.7490668792089 -536.4539620996286 0 0 0 0 0 232.0693899301393 0 0 641.6358055037858 0 572.3549921171839 0 0 0 -322.5807242217454 0 0 0 0 0 0 0 0 1058.360986011905 0 149.7410071396461 0 0 0 0 0 0 0 0 0 0 0 0 773.8037723590163 0 0 0 0 0 0 0 0 0 0 0 0 0 0 166.0516410363246, -274.4943338590112 -828.5970905610037 -728.9139179739743 -74.57413929261867 -536.3937434184686 -817.4879875803051 21.10862760288819 0 591.6364741558376 544.3060385572978 -2603.047557413022 -1599.467288392784 929.1635589179471 -363.5995204482116 197.239500572169 0 -1176.404804124784 -928.3627359399838 -639.0710576553547 -190.9202321563548 229.9982962090759 1026.892909100826 302.5071835920739 0 1994.692874873093 1064.185254046899 -77.01957740042872 -112.4139937161674 0 1422.458427316506 624.6571241661987 0 474.580870625382 2272.558023884506 972.9498534582558 1668.610678518978 42.64933308808099 -886.7026651340115 1357.401304531098 0 381.1315506116521 -757.0452848234022 1265.580685679108 773.1014281177836 393.0117345551965 83.32645418290892 1211.313422027173 0 -16.8024819873757 1255.807944539963 -3005.689258798098 -1467.162077438266 1052.252293360884 1904.068461711656 -826.7255795530922 0 -209.2443780688501 -1234.632706719413 747.2241400917942 -1403.687629906522 0 -315.0228494704622 -2251.893536878573 0 181.5512994462565 -358.0179444001868 -489.6657910470853 -1481.100022682853 -761.4171204759591 -724.1005488856009 -429.6185502395411 0 237.456507600615 -450.588529037258 -1970.490035030593 -1509.884178759441 -764.0443953427682 -1387.744802374541 -2077.535460674054 0 394.0420265886796 -185.4165763877634 -1117.365442171386 -766.5786844051156 -902.1958722156807 395.4958623794831 -1714.040884740946 0 1333.3360001025 -2844.359818412909 -985.235570433859 0 0 -1562.732060274908 209.468824959271 0 -188.8103332049034 -596.4256415816945 -1007.967262799321 -340.6493419151415 -370.8322365907422 1180.263930717997 384.0724676196935 0 -1315.736235060144 867.425425738588 0 275.8383282489924 -846.6556890885998 176.5761772393138 642.8791282878612 0 0 267.2095666093765 1175.041261357946 0 1950.162705351395 580.2586584382429 0 0 0 -1047.672318293096 764.3429187553141 898.6793486746238 0 1571.084488541923 0 0 70.98997698359614 -55.0852971009449 0 0 310.4976086503929 0 -104.0627979608944 0 318.7316945872748 365.9696612418974 461.8573373844271 0 0 0 0 0 -79.08758632473669 0 0 15.68065146409299 0 436.2944015363272 0 0 0 -38.6200961756727 0 0 0 0 0 0 0 0 -180.0906248953015 0 176.745647794172 0 0 0 0 0 0 0 0 0 0 0 0 -209.9953342420569 0 0 0 0 0 0 0 0 0 0 0 0 0 0 -19.1066640878026, -322.0230331135372 -997.3864287305514 -501.8074727827366 199.5955994083525 -361.7453731126277 103.6424901938047 352.0606289182942 0 399.3288571024777 526.0717168779199 70.39636697425215 -194.5852508859968 745.2281082654758 -204.9921584938758 -295.1227800882231 0 -106.8778867895243 1395.53893159206 -328.8509205942453 -455.8127953353269 -308.0656042985635 -797.4167430197066 366.2014694231818 0 1731.053300604264 749.2313461021064 1681.666148673129 992.3937415309596 0 1978.534248199694 1138.600559310929 0 250.6510639900503 1677.218946778918 -376.0606611188439 1496.293977284749 194.221168812287 -26.4647909229615 2129.979928537618 0 -28.13420719908765 -527.7943372106413 733.2390079959675 355.1406833743217 1110.318878057329 300.6572247913487 1525.829686415788 0 -443.5476860502974 3339.838683571134 -1832.243747710119 -1077.010356755374 1786.710084403374 2411.871697213344 198.0075354818889 0 643.8981867595352 -1357.623583886716 111.0500182770044 -1002.116496670094 0 211.1984054689607 620.9959969067551 0 268.0803264807143 3313.66188960278 2009.873863880798 476.9182991185123 -1171.438326472929 -521.0250746731488 557.0060431526217 0 478.2101265079061 7.074213829693832 -268.2999852389207 616.7821673179512 2.707045796459511 -1526.058732903761 -1915.020050100561 0 366.6774467373742 -780.951883146108 221.126578289618 -1852.358124588696 -869.6543238350446 1225.545035513549 -408.7177291854267 0 35.31170480407064 -1094.059458215542 -1707.760299793269 0 0 -1991.970005508081 -1911.915702200705 0 181.5661931396767 -974.7220746835071 -788.5705392653249 485.5041764931864 340.7191107617081 -665.5088025168543 219.1303740136563 0 -879.1097889799062 418.1542161249575 0 -47.64894455302124 -591.4960040107342 -1041.565821084617 239.9231884450001 0 0 1000.628721294556 811.0303294278872 0 206.3202277286781 22.57644435988266 0 0 0 -537.1014380026392 318.816716240562 668.69313515364 0 745.5007770808614 0 0 307.8033440340747 -373.265446317994 0 0 -386.4168314202852 0 -590.5463665421869 0 288.7987393056749 -65.35001593171923 763.5656471672065 0 0 0 0 0 -195.8435051414313 0 0 -686.5229285217574 0 -128.9144278770307 0 0 0 162.8515045721097 0 0 0 0 0 0 0 0 -1646.694107231758 0 -124.4312010730441 0 0 0 0 0 0 0 0 0 0 0 0 -1289.705953342662 0 0 0 0 0 0 0 0 0 0 0 0 0 0 -260.0961281585145, -192.5999776874137 -847.9604309650871 -700.5085983521496 146.6191913493021 -268.4378539663899 -6.443777853964065 661.5639489714868 0 332.8264163841237 123.7368668931855 -1188.287829273004 -977.4899476503789 529.7263827743378 77.67452208155572 -1024.361401873454 0 -230.8414895716524 32.22355765902353 -25.07358586172552 249.0621394673452 186.1592104328938 -808.4673133970343 451.3956983173032 0 685.8402106439352 -294.6507849491059 -57.23739363690868 -194.8032828790831 0 648.5311163675862 -93.66382516660133 0 -99.55513301449224 -185.8779843794867 -996.8800605268533 -167.4149850306463 -684.0026805011171 -1314.233081231283 -1083.278781681148 0 -878.5174264284638 -1203.91493831572 316.6418135583196 -11.94235363509415 278.3587095049525 1190.492543697452 1167.877870438203 0 151.0533851658523 1534.654183317183 247.2109885733117 -457.7361945361001 1731.140625240428 2413.45903523786 191.378206632445 0 779.7226923791791 750.3876505819007 476.8714353153727 1585.999888389214 0 -356.8527979429421 709.2835187990053 0 332.2863897576746 2757.800554520754 3494.071738400856 1009.113814782462 -589.6560416608444 244.7511554394837 1399.938668728212 0 664.1747643304166 -257.9348926221251 1039.002964266616 -277.9299366858357 211.6984969934749 832.2598095208905 -1879.449613758176 0 -20.89594102159683 1416.308663171235 359.0936694730274 -912.0427101372675 -70.69666679993452 464.6451510979839 -661.8645540255676 0 388.920739945965 -440.4331707808138 751.2056142696235 0 0 -1435.689249150439 -1620.973772251404 0 522.4598522598054 -228.5582035750475 -1121.34477380683 765.4673687951425 -366.5779931460004 -1363.80577931738 415.4100082986939 0 -412.4843607488488 109.1228285654401 0 -1213.480501862625 -373.8764690858505 -1597.911603141391 -761.6630336066984 0 0 523.9295929188032 -872.5186059410764 0 -1018.082202618854 881.9709670810339 0 0 0 -651.3878894299089 -350.5200209414587 67.83344347221015 0 -1372.427085705226 0 0 159.3748017999236 83.09183882120828 0 0 329.0538007233483 0 -553.1977495594324 0 -100.9983738083337 325.2045566458751 751.0866119942302 0 0 0 0 0 407.7286674334424 0 0 -753.9792701124477 0 746.13098974728 0 0 0 484.2582197465657 0 0 0 0 0 0 0 0 -684.4716808418877 0 436.1867044104807 0 0 0 0 0 0 0 0 0 0 0 0 -292.9391855974134 0 0 0 0 0 0 0 0 0 0 0 0 0 0 -44.99057976612406, -114.9099913079244 -431.8408766149357 -528.435251993148 -395.6814072769683 -159.2325606314201 -878.1355389917645 -1256.324125969135 0 -49.35351448648366 -1490.742487102031 -966.5115595412974 -1338.591397457944 -289.4041083970995 1226.422444305824 -1167.643276087553 0 173.1685509810625 -328.6922873244498 -508.7923670065146 106.1957361301862 1307.604627736524 -1489.138491488824 1202.77997121376 0 -601.0499930768732 -216.6260852916722 -2335.292717890904 -1812.77983449545 0 478.6871357424246 -2656.458153372163 0 152.8967777508841 294.9449720628248 -1438.73421821541 -1306.308782828261 1012.956212656105 -1857.972236161289 -1269.998616292071 0 -928.8675085172281 -32.79233199057148 530.0179342952918 -1.887232019162425 1537.020231806365 1175.016720632493 931.2838989950629 0 387.5955053272467 779.1739838302638 271.7989967843867 153.9344974173566 927.1313899294762 387.1177336236445 1183.768422358537 0 325.4152948223394 2470.964667977431 -546.195918601472 1477.559063297916 0 1221.186961588127 1073.976463739465 0 -409.4089502139739 -559.0821464664253 1418.433587303681 333.4221489851528 -231.3094902039375 268.7378777325721 2439.111400481959 0 692.4658905207242 633.6057339969299 -681.3397919066517 -2184.448745846823 935.0152885978572 933.8038809772343 -1295.745234698719 0 273.9117125796756 1832.92173792985 -470.3521726579933 4.48276680398908 409.1708983984256 -1403.595365757485 -78.37312016500528 0 377.3733741014834 -534.3750528870526 -879.6861962271404 0 0 -928.2198055036845 -423.7586965227799 0 -115.7874305075239 984.6599421479723 -735.6841406038586 1075.383015266477 -1603.484036021975 -1151.922147017921 1352.951850329509 0 107.0008500055831 155.6825452794662 0 -815.7434571318199 557.4378581401234 -444.0436052444601 -1162.269477306561 0 0 183.8327313289913 980.6714723779382 0 -187.8027833755739 1855.516593237714 0 0 0 286.0579553384158 192.9387884873785 59.80774236534356 0 -1093.613138364125 0 0 402.6108245138233 893.4082829253375 0 0 831.3199202574428 0 493.6950456572353 0 -315.1612744551856 590.8703747537204 703.890102766137 0 0 0 0 0 236.5412911824461 0 0 -17.70996535699959 0 422.9136115929268 0 0 0 616.6906891944101 0 0 0 0 0 0 0 0 147.5887041687058 0 552.7985475442895 0 0 0 0 0 0 0 0 0 0 0 0 611.3785464917983 0 0 0 0 0 0 0 0 0 0 0 0 0 0 240.4246046948787, -87.68704503061599 103.4436729558544 736.798749867301 393.228998613075 317.5391019227404 900.1032868338617 -2.947921188892053 0 1351.721627305511 510.3997864562466 152.8290784463844 -888.3464193858395 -540.6023835001644 2202.639489049412 483.3252979278504 0 271.3197407566431 -745.1216829197746 182.298640376807 -103.6417868660066 800.0235195087769 359.8705441056203 -1435.455898415224 0 -366.3154884683606 79.60925122333208 -1001.977632771698 -2245.091193701297 0 -1323.528685081487 -2203.683798038501 0 140.8466190382778 -14.64236002273833 -1544.57316952964 -743.8310267247205 1279.835141540435 -127.2746027301806 -1686.645706214767 0 -135.4672300617081 -505.0480379827863 495.3706022174715 -434.1952911996592 562.7674982452063 2517.998450056769 493.066706243533 0 420.5459581759783 -1840.055206845038 709.8067147833088 377.9665065604009 958.0938905489575 -309.4011983872247 2321.84112930212 0 -446.548683869579 897.7227807275917 6.535452202824558 1561.803829158125 0 1067.790246463984 -1485.215208274701 0 -25.60796659605344 2832.568166660403 -659.3808082867852 -657.0594881501318 -841.1148311755062 -812.3345171102759 2526.777106378037 0 552.1572761365887 766.1851582633458 -1519.376402224793 -1391.049587279595 2140.592461976556 -749.8565239253933 1490.286588113832 0 140.4946970622457 392.2247019935853 -230.4236413931584 1263.436176957217 365.931996211928 -693.8857273593584 839.7013094288134 0 19.80901639729893 1593.6095410429 -1117.357383003009 0 0 851.4016686876216 -676.7874936392542 0 70.37114696254969 821.8580091751261 65.77655971808019 -917.6558669421493 -515.2465938098262 -1002.161283942924 330.2894817194468 0 486.6974424121289 587.3300527154056 0 -1255.027163349512 659.9383879947519 70.02578161801932 -1835.986504497441 0 0 5.444175992664441 -636.6359603936767 0 308.6486861258093 -93.21027730005125 0 0 0 -100.8067691560559 -667.1802584510119 -196.5814570502807 0 54.10554936304163 0 0 279.5627486323933 -1751.324407979964 0 0 -184.6770900652854 0 326.0488470137128 0 -102.6415740608643 -117.1491176657246 585.4849936331207 0 0 0 0 0 -836.4986663107774 0 0 91.95500399056499 0 971.467190804054 0 0 0 470.6204450411871 0 0 0 0 0 0 0 0 397.4394731166758 0 779.6487814741847 0 0 0 0 0 0 0 0 0 0 0 0 815.6776497613088 0 0 0 0 0 0 0 0 0 0 0 0 0 0 282.8530931439591


GFLOW: 0.3 0.1628019343198855 0.1621726860031099 0.2541514667483494 0.252897607902363 2.947416187546974 2.947633362813342 2.849237920568 2.849873244339689 -0.08121714031227129 -0.120122474919643 -0.06734614833201154 -0.1090620842063721
q-corrs 11015.08608171133 26603.79732870479 19733.78382170169 3999.520024847142 494.2224513044342 -2594.498189836973 -3775.313501947031 0 -2149.058591111617 -3717.277870721012 -1630.284061952421 -2194.074237914681 -872.0453878834886 -2379.189834004622 -4458.755661531186 0 113.3944420212135 -2109.234756571082 -1612.214192542572 -1100.046682475135 -676.3406369926686 -1072.712105596074 -485.7867225631878 0 224.005110756951 -67.12239546592247 -873.6534539931351 -963.7623824109507 0 825.4962791328994 260.8322046439627 0 -56.7795343685232 879.0639468129871 655.1633025409051 920.7843007905824 300.0818762404192 -416.0063836013934 1289.436730365808 0 96.23113101259521 -126.7217122643381 -341.636670357087 241.2758427116284 571.781015208855 1029.725582712785 748.9515250719855 0 -152.6902818793397 1130.508095605884 -1157.777435660142 -1088.977325511873 280.6959939142293 115.3068793052104 -1198.484530018013 0 638.7548182743137 -653.1398095627104 56.08738461839258 -1364.542632204526 0 8.705813848066583 -524.3979333080869 0 -166.3516885159555 -1128.884013137916 127.1429278025217 529.3524424804243 -301.3275584499696 554.7807287231664 -1385.898710314029 0 -451.2284668544701 -392.7680760814127 474.2364394899244 859.0377960260246 -302.4017209402004 -1145.651325952331 556.9732440932298 0 27.19524416341216 -319.7044765607498 69.74950069325274 -975.249872513206 415.5778871850788 -177.0997881628153 -180.875436343113 0 -190.3543021164292 298.5557746742176 -210.9969568433407 0 0 504.7741551476273 -1458.592246964417 0 -94.39434597335881 -27.56117529435699 -766.5867346715831 -246.5518863298766 -0.7561661846650338 -373.1008163843777 -493.268432422097 0 121.4184655569088 -663.1711336868955 0 -1200.075921366946 265.1422002485916 -1082.814779369758 189.0997761661628 0 0 271.1976144930462 -525.4273843397165 0 -639.575026209055 -510.085972177287 0 0 0 633.074445691651 -1532.532539064942 20.07147225816607 0 -203.4605572671737 0 0 87.11807966058331 -857.8405807427564 0 0 -157.9105486588367 0 197.4421949662272 0 74.35755726376337 -536.7255861942863 -170.7945829504399 0 0 0 0 0 -416.1267482904054 0 0 -248.5013801699654 0 -88.44771498286687 0 0 0 -90.64298963557118 0 0 0 0 0 0 0 0 -602.0688153405767 0 -55.5771438887964 0 0 0 0 0 0 0 0 0 0 0 0 -513.2589465317071 0 0 0 0 0 0 0 0 0 0 0 0 0 0 -170.0023540555967, 4545.119615721942 10267.87614989426 6480.950112139359 640.3165948693089 -303.3310064239515 -2536.766882937649 -2805.603146769781 0 -1022.239807721088 -2124.423640882742 -734.1693340353278 -1079.744672511706 -594.9060066357711 -1006.453928478678 -2090.01973762425 0 -179.5689044127621 -1784.250801512491 -1425.211690396651 -484.8833736332119 -720.956688287577 -908.6834049043728 23.86326192212698 0 422.704030470692 -318.6500140737774 -1493.138000643926 -1272.433123767059 0 609.6633205337132 -728.521966635305 0 101.1788690448865 454.2803973198224 999.8958775395683 337.1208645529278 486.1908810553352 -128.4579524060913 508.3441987430595 0 223.5129316105178 675.126218191097 -197.4187219088787 167.702819578459 108.184318751768 754.4625688287301 552.3893784779888 0 184.2934211276984 417.7036725313957 12.46814349442337 -612.3004137314972 169.9917125158521 349.6085410849716 -1000.29616566207 0 278.8999770508142 -512.2989014058351 182.9467884472328 -1171.068623002747 0 116.9994331600476 -1600.870162854194 0 -71.12832328302511 -1194.49918218893 -175.7311550013486 108.987799428799 282.0102907663298 320.2301899365224 -846.3042369480213 0 -545.076271769065 -449.7463800519467 274.7220814842416 163.2458130111837 -254.1572163059842 -885.1868922101187 511.8192279677976 0 -168.4628518184352 42.91470140746308 -112.2990689506112 91.52101339979754 232.0146611331373 -177.2305886899054 -99.95346261887616 0 68.42318460754279 610.5539462468289 328.6151220914453 0 0 609.8654064977658 -242.5945425462982 0 171.3780861388223 190.0565652639627 118.2020639657614 95.68811217544564 -83.15060892382937 285.0611462771999 -47.78938517896437 0 315.8801131172335 74.43622670456512 0 -438.1387175022195 257.1325934599954 -232.4718584230316 341.6572668597715 0 0 181.8314716310689 41.03119707219412 0 -6.822014079720375 -132.3319464775906 0 0 0 330.9443812452829 -612.7359028086514 -51.40876042950123 0 -86.34063892385737 0 0 67.37376710876757 -330.3849066574178 0 0 -64.87632361251042 0 -47.74225760438455 0 -44.19893286672793 -224.9283217423462 -290.2441346673929 0 0 0 0 0 -199.3296057959067 0 0 -92.82077392549751 0 -162.6736827308996 0 0 0 -119.3772297572155 0 0 0 0 0 0 0 0 -106.7015453613081 0 -23.57136145366938 0 0 0 0 0 0 0 0 0 0 0 0 -46.47783247876123 0 0 0 0 0 0 0 0 0 0 0 0 0 0 -24.44922067084104, 35.1119842305846 -717.7084882635191 -1821.23652697561 -1113.467449459949 -692.4791984555773 -1872.632403484138 -1297.413034998575 0 151.5279342441751 -108.6960894618845 -665.5963542370075 -464.4787163718528 85.8076179208071 474.7489781724064 704.7112299468332 0 -478.843005352571 -1023.510740321306 -905.8748915097557 406.9947980407204 -401.7333721727779 -608.3786379283227 572.814886653034 0 412.6620022648235 -260.1333108096668 -1763.001409193937 -1269.076012802345 0 89.94427128688704 -1279.248446679235 0 -2.680936363593062 -197.4342535757301 922.9290761212507 7.478922161978886 92.73480362241392 0.5812344823501263 -273.2513614913984 0 345.0190871341463 485.0701578741512 -120.2121015721978 -115.0625377155206 -76.80393670024148 -51.74339256493224 573.4370138795808 0 228.3747997276784 -3.318353324067004 -351.1457158679077 -71.3538316743149 265.5516589279767 816.4640978641771 -642.1564213916361 0 -517.6131503890089 -419.7469043171014 481.6451477872239 -866.8679895775156 0 -600.8780871450347 -1490.880253078891 0 59.96232478661513 -1169.69277925142 -493.2065335607741 -360.1081313742692 197.8356672644559 3.473745735301009 -798.842015682238 0 -182.2083126879195 -344.0534572357686 -561.1105257868041 -739.8726666323091 -353.0224537888522 -486.9863851056458 -188.5102870565937 0 -198.5751542503257 205.2312871297727 -380.3901493437535 546.7617816353435 -251.0829960046516 -275.7298376439225 -273.0386847764537 0 643.5769602898752 -324.6380905201372 509.4806543721179 0 0 96.28808739254251 1141.498192150153 0 185.3243675400915 582.9849376852862 480.6789347445801 476.1735896312377 -319.0466893154461 1190.49497470022 437.799942081117 0 92.95008467983317 629.7282263354625 0 633.8882588985067 192.5898583746067 565.3650677439225 1011.001700565868 0 0 273.7810417219134 1214.999506850527 0 897.8055399123448 399.5920961222786 0 0 0 368.8527775367625 596.7875902291416 311.3321024207866 0 527.5888018123243 0 0 142.5231590936916 694.8242565094099 0 0 130.2124191834159 0 391.8504004931218 0 179.1508786710488 153.6015394126586 45.56051425389791 0 0 0 0 0 91.61683865469971 0 0 329.5603826099558 0 393.883070761319 0 0 0 -72.36515095374514 0 0 0 0 0 0 0 0 636.7142719660361 0 92.42225721000591 0 0 0 0 0 0 0 0 0 0 0 0 431.6644776412111 0 0 0 0 0 0 0 0 0 0 0 0 0 0 102.5675956087712, -216.7914249093217 -919.258561146568 -1205.991065235919 -483.1088367053805 -575.3110668203052 -1143.614488256438 -375.9500167816701 0 187.5538246931712 57.69844031758575 -1410.592151885349 -783.8432569303573 366.3968619379944 45.9262559832984 419.2031955824568 0 -522.6173159012784 -553.186389816358 -526.5640805413716 261.4450453091102 5.322438529852121 355.4476832041798 581.5080216680961 0 849.0382455998433 484.00797375753 403.1174287620474 -117.5606974665669 0 1352.128618762742 561.2397958996007 0 194.6075944581513 1105.386398115518 929.6110793224038 1247.237431363532 33.22750087395831 -192.526453349736 823.2978455699597 0 338.5970168744668 25.61938059544281 513.7293609747334 216.6520675465376 266.2869763806618 328.9105920760708 948.5858386802232 0 -79.83537858937126 727.3449085434312 -1234.809648953189 -614.2632189288128 547.4551448409331 818.2130212769707 -841.7953429677245 0 -196.1542473258736 -713.2515335124958 307.8934868956129 -928.5220066752045 0 -312.677420379611 -1016.27224464208 0 30.85911513330643 -552.4917835958715 -260.7288411871667 -538.7482417683868 -242.4129129976786 -890.7746817686168 -828.5924269688296 0 28.54822210072621 -33.22831087339242 -1192.699686540472 -561.578312230011 -436.666738313475 -862.6239118182547 -1085.94192809588 0 38.58861211673441 -558.1712111590978 -570.2109859341842 -534.755219665299 -787.2566479507179 130.4970573607746 -208.0898514986964 0 496.0215539332266 -1553.60683945594 -209.5459843981355 0 0 -744.0091532505361 161.6068589282241 0 -66.44416984953651 -0.3304681815145045 -167.8367781073036 484.7392566967322 -247.5611409794913 746.9173097657803 196.5436663816755 0 -435.5443344904216 448.2773631631952 0 336.2909963600129 -230.4357262161805 155.1488657064935 813.0775001723592 0 0 233.8344722233801 1050.364437769619 0 847.5891241161659 194.083098100424 0 0 0 -138.0813312376475 420.4026635763025 410.1278245707675 0 909.52310603687 0 0 115.3502565050337 346.0765244800883 0 0 67.86125734617875 0 -7.06735178677809 0 251.7223560704503 125.981373068134 299.2879078932029 0 0 0 0 0 -18.35601918422246 0 0 -14.74323803957427 0 113.4058240446022 0 0 0 -20.09207557893797 0 0 0 0 0 0 0 0 -60.7602693632131 0 -21.72734006772757 0 0 0 0 0 0 0 0 0 0 0 0 -51.60332608081114 0 0 0 0 0 0 0 0 0 0 0 0 0 0 3.806216587845, -182.765137288789 -688.9391060192667 -681.5915101856176 -129.4674300631525 -311.5179928150042 -365.8656009355373 168.990792527983 0 168.2329722355456 448.0944830486421 -271.504649752854 -89.78941108510278 356.4303851566798 56.21802097902926 363.7480640185543 0 -5.125283422426584 675.2693406979411 15.863650363701 71.98083659298561 -49.16345859843196 217.2808105098746 442.9252027750683 0 781.7108016349227 414.691049812556 1157.416701857951 639.8628270581208 0 1402.25618174924 972.7462709085165 0 37.71259771341944 941.1863279687421 439.5567313739951 961.0725248005358 86.96584248202035 124.1168016421864 1135.354118488074 0 180.5890259098025 -143.8129255082084 303.343166051179 327.9225284232543 467.8681645522583 352.008575537415 968.8148156934934 0 -191.5150354356086 1366.242614244558 -871.1699949425915 -531.2042466601154 843.8775456509882 1142.699223872376 -440.941993428266 0 260.925727339322 -647.0689538772709 110.5174538540622 -711.5679700569343 0 84.24227368550757 321.3759746705492 0 85.03118168995843 660.2650094244925 520.2475248532862 52.76446188112371 -352.2016697759008 -447.9399029383191 -748.9670496908709 0 208.3408262670191 130.0519114115408 -540.1205636750872 195.2533426470775 -286.6652892854262 -1001.621730297573 -1056.042454910914 0 70.39810063292327 -1016.65588834477 -113.8671001779722 -1237.248855352191 -680.9977904562054 437.6144406038832 120.1693648486667 0 -158.3416991068727 -1215.273579781868 -851.1882437368776 0 0 -994.4595499865056 -1176.162637744488 0 -39.68928479303554 -427.7796358256348 -420.9760952639106 493.7002643276656 17.93411954032541 -381.560024449017 69.30877098143671 0 -479.2809114372224 46.68152330565516 0 -281.9296995337205 -267.9063461518014 -503.6854183379102 62.97118603585216 0 0 408.0539583144429 447.226931073478 0 39.36416909593629 137.8118287629803 0 0 0 -180.9136502182681 -74.80551048410609 312.6842831791384 0 314.2528869839929 0 0 125.3339642595335 -57.89746843959676 0 0 -17.83625860438462 0 -166.0406247400545 0 103.9286402402593 -15.10122234606426 407.9208348267791 0 0 0 0 0 -71.24724599996063 0 0 -354.2775838304844 0 -173.9566008240626 0 0 0 78.19043339631634 0 0 0 0 0 0 0 0 -787.6201692536883 0 -123.5775784290655 0 0 0 0 0 0 0 0 0 0 0 0 -564.1439084389965 0 0 0 0 0 0 0 0 0 0 0 0 0 0 -118.5502438299666, -119.1914211916928 -454.9427773352839 -479.807319178981 -94.9616761233106 -167.9421002003451 -349.3478356426544 -27.23603672445461 0 0.3449699261889236 103.4056177365183 -330.8380102606252 -276.992629774969 198.2052684756751 159.8846683647632 147.2206330444022 0 -78.61375505896643 196.6534528198587 2.682109585656377 318.7988451381532 34.9438270163779 -131.8093702844956 339.2649867691639 0 269.7402239944698 -160.391152419795 -262.0749371122599 -234.4563103238007 0 300.0643129733269 -25.99575003327118 0 -59.6240346046084 88.55153804281431 -81.51335108932261 121.3849142484333 -368.0176878729918 -766.2343587030309 -340.5689093947845 0 -191.5764922758103 -236.7302641124076 183.0330759179964 153.4483701211831 227.9845953128749 582.810539086775 925.4452941987211 0 64.62992333983219 738.3188275017437 -130.0455639450467 -441.4906248949782 847.2091385552094 1307.529779804231 -44.49799089320783 0 565.5128208134489 156.3237794235833 411.802661240371 757.5708937730105 0 205.060508054199 535.3915792741059 0 49.76379541991345 1062.32357877279 1509.216185242666 259.1806231420446 -72.85380779880086 186.1348943051838 269.2814518800392 0 103.5167469781575 72.33389244929418 125.2096531348359 10.6871145454075 -33.8465551566014 308.7100697443202 -801.0833039761685 0 149.1775964739401 145.9587626288524 92.58293516774658 -688.2256587572357 -201.3720694390402 -2.62570858307069 14.30972212003945 0 27.95213405183716 -752.6143421531984 -352.9281158490903 0 0 -839.8865754792677 -955.3585176080807 0 7.484291865636806 -125.4682655538167 -487.989993368385 418.1920228127314 -183.488317069688 -864.0846539994131 312.6010068240992 0 -306.9119712565183 -149.8801576883096 0 -446.6345905267498 -163.4724596076371 -545.1623942645008 -557.9755308435028 0 0 306.0299272067411 0.5997170033974015 0 -365.4724703961335 634.528898969053 0 0 0 -295.3740938793692 -86.30230292752236 141.5125771763636 0 -496.0059239322496 0 0 113.3661916199083 183.6517136643024 0 0 237.960453857618 0 -98.65859133261017 0 -80.72385179943007 98.3312145978428 527.3778971216429 0 0 0 0 0 118.9966904230795 0 0 -293.4055999404831 0 180.0754294516361 0 0 0 269.3972091137943 0 0 0 0 0 0 0 0 -465.9502293850951 0 91.99518321751361 0 0 0 0 0 0 0 0 0 0 0 0 -295.9805207931007 0 0 0 0 0 0 0 0 0 0 0 0 0 0 -68.97544472369546, -34.24528591485688 -130.2233758013453 -250.776935231867 -208.9932453272007 -116.7865648318184 -595.8013111878706 -763.1124947938457 0 -122.2129069370992 -805.4831380777991 -517.1285979305053 -611.1634180458884 -218.2592364393108 338.8666158286863 -397.9730739633029 0 -67.21402247241141 -340.1703567245862 -86.3627316362885 293.0583782870975 303.8951673849858 -472.0904388825392 301.3342013605132 0 -227.7237174298068 -191.0393664881709 -921.84246394161 -900.0448069222041 0 -77.38036629878951 -852.8641141774758 0 88.67967312856412 109.9969654821198 -300.5848099230305 -205.6732985507811 -161.0977754330475 -1324.178176704378 -872.7238255980232 0 -355.9530848501104 98.49418624064089 210.0358443886311 83.20723175627809 460.5156239435504 686.0778270675019 766.5054083270165 0 201.2532971560002 222.4109684307886 -17.03878081756761 -469.3618367022945 358.5158844068907 158.8990374228774 293.0908566429098 0 303.1414450916524 1018.995491615083 81.58746850218387 1135.232722459667 0 759.5483176306316 603.187443785954 0 -175.3276573443971 132.0498578266623 758.8155890326686 56.58643624691996 8.30904796304597 -190.7749943884856 1110.690750631125 0 228.2145846242064 327.7345297971379 -377.1810760209923 -477.4871630958054 333.5404140067182 854.8434101201993 -394.4971753161986 0 124.4654680666047 577.5200366492344 -94.0651200003305 10.96702380160045 73.70090795641121 -373.070021865099 155.3392391294348 0 177.1968119880673 -512.8849796579052 -469.8913899551303 0 0 -414.6849659370523 -340.7306231830876 0 -107.5378602043928 189.8883433372671 -46.88775494957225 386.5722906694534 -494.777694791128 -876.083622756553 517.2428273652941 0 -121.7351819649486 -41.57839377241642 0 -334.8627139321491 71.25970205904872 -73.15367879507875 -730.1630422418698 0 0 310.7983749961432 376.4728585566332 0 -132.266173088994 877.5606508959846 0 0 0 -150.4903440825405 90.68764730996355 5.706867364461246 0 -574.6434293179304 0 0 232.4670721058484 438.5775019967626 0 0 405.7546940734392 0 62.79038722598229 0 -205.087650533949 166.5745382921239 423.1987709865772 0 0 0 0 0 93.90999658721009 0 0 -50.91818163709644 0 229.0421514768727 0 0 0 323.0493050063996 0 0 0 0 0 0 0 0 3.381675353087985 0 224.1832486983319 0 0 0 0 0 0 0 0 0 0 0 0 115.6995040777176 0 0 0 0 0 0 0 0 0 0 0 0 0 0 41.57956874495098, 17.67885663471316 263.9371638941051 519.1623829053908 210.4363924963708 199.6774362448392 588.1187678080998 33.06261021550128 0 491.4165224871849 -32.84903133276015 198.9104281136832 -178.7837855800721 -325.6124353507258 871.4811363269462 65.25283476000504 0 2.710052842314582 -611.6220002634318 187.9104727090305 90.19360325339331 314.3411902956645 -68.18943718161972 -628.9832386667795 0 -314.341028758048 -76.2223697200526 -466.4257374643016 -936.8403879670384 0 -701.2529025930929 -929.1550202205674 0 44.54262364829339 -87.68867699011878 -442.5955705096471 -240.2643191199162 268.9269858069779 -235.5067949523444 -731.2435484239184 0 -69.32113889439805 -121.5912502270708 82.44181606681917 -112.9275560449205 19.63143198218182 940.9190583443005 143.6119924953699 0 253.6158806085551 -577.3846018233615 810.8660753132756 144.0974586227331 -20.61754667943858 -456.6368685067054 888.6525263596845 0 -69.16782286358273 718.7431436071838 -81.15387806239806 870.0882826032073 0 694.7422788778222 32.0113706259709 0 -35.00984080168266 1023.068582044007 -556.1058836995056 -226.8268730770713 -128.0660941330098 -293.9205343328916 1570.753928714 0 337.9554576406504 406.3224159543061 -486.8065459576545 -298.4515223405693 845.5281480814608 -130.7053936913721 846.7834515559038 0 -135.6874241940425 332.117696290364 -85.76697316898287 779.8992290868296 175.3784468561468 -50.84430222555116 213.1830799724062 0 -121.9554333693549 469.1066065669994 -367.6309538974055 0 0 446.5327889383306 -118.1353567298518 0 18.58193836307098 -96.24244513801318 438.9768952821599 -298.8531333804934 -172.90280717945 -756.3507267040795 59.15617107008902 0 106.1333186036202 169.3224509563268 0 -491.2395595605448 127.1753444275485 13.56194531360869 -871.3481740060358 0 0 180.370387836602 -519.7651612140639 0 -213.426021371699 17.84411553812629 0 0 0 68.28718472646533 -301.2039329463577 -196.547282396256 0 -295.3627707066162 0 0 145.9512561197645 -801.6984967773637 0 0 56.8917794749931 0 406.0169537646134 0 -52.04592975375224 -20.42916537753065 -42.65138528486352 0 0 0 0 0 -332.942234513961 0 0 206.150745468367 0 569.5813708547444 0 0 0 74.26451969366063 0 0 0 0 0 0 0 0 430.4036193224821 0 304.6275604237517 0 0 0 0 0 0 0 0 0 0 0 0 383.5536164674022 0 0 0 0 0 0 0 0 0 0 0 0 0 0 105.3116114434299


GFLOW: 0.4 0.1068442225913824 0.1065487454247097 0.1560626140932231 0.1554028300387205 2.970898319260544 2.97100756272536 2.909091717469693 2.909404644026841 -0.02708233017195819 -0.05148171950560924 -0.01899264339414391 -0.04360875946696382
q-corrs 4702.729627370183 13951.07987778588 13266.89090749989 3907.720256749919 1272.432049982563 1081.244181702841 -769.0187025287318 0 -983.1079940503292 -2091.821059977545 -1042.49467372517 -1339.918235804603 -559.4578436012619 -1360.916597697293 -2597.918122040981 0 -81.77033062279229 -1553.123501108355 -1154.745865054678 -628.3893776144598 -514.8598189837437 -900.8716532494714 -257.3281591553832 0 -8.630759670619454 -250.6717311588768 -786.7438521365665 -642.2353499147929 0 265.9578888797707 -235.5078375908953 0 -21.34796569399737 330.4080432465784 392.5877918522799 400.6720546404695 76.26407133841774 -378.7497141761654 492.3132112181972 0 -127.6674126649405 -265.7312448641268 -145.6133851860714 265.4163851562456 157.564748083451 252.2490357396854 304.418623768621 0 -48.99163527632825 550.6783253972748 -636.3145897795882 -670.7063347044477 51.51363943108576 -44.12917965316579 -677.2901540599753 0 311.1750237894751 -456.3623638172241 -70.43458281921451 -724.5393360400437 0 -23.49081538162069 -383.448423062146 0 -72.58422939596213 -727.0839823365244 -143.5043664070048 254.2508352862392 -190.0690761736775 237.6528337340314 -745.9403506781289 0 -315.3737164066532 -228.4073884617948 220.2286658134555 305.0644624632993 -217.2544736949205 -729.3002847349993 320.4211275031801 0 -72.80095754696084 -321.277263424295 43.41299047507328 -383.1003827709033 248.6154513769088 -28.21626111690324 -17.3753114236527 0 -197.9408318579713 136.9079691125405 -166.8282722962444 0 0 298.9686673390686 -812.6821581892473 0 -13.57714965132073 9.131172789258219 -200.8074837529751 -0.5151295288679165 41.14296207570629 -303.6069584148264 -194.5463102378544 0 32.11163489441289 -282.5755442265876 0 -665.5181004592446 123.1886132599236 -538.3326905905789 113.0983092698977 0 0 85.99589671100487 -388.7540532687422 0 -403.9493760076879 -227.2075342110612 0 0 0 285.4053048549197 -860.2861326683169 -81.88085773846115 0 -90.75331794181301 0 0 10.58326471883385 -713.2866027046408 0 0 -79.69942161964458 0 43.42346729184489 0 13.15793129246695 -281.0421816205105 -284.9328280213888 0 0 0 0 0 -271.9612158949676 0 0 -121.1813652197748 0 -186.1259941179932 0 0 0 -121.232793592391 0 0 0 0 0 0 0 0 -319.3203010783143 0 -85.36364610244375 0 0 0 0 0 0 0 0 0 0 0 0 -245.3714982470966 0 0 0 0 0 0 0 0 0 0 0 0 0 0 -65.56931059158653, 2357.41878085296 6759.543314305486 6037.818449587768 1548.205426876471 409.364566404677 -202.1238537796022 -1024.680850017696 0 -615.2326980757423 -1389.510410022415 -698.8933236834396 -829.5505197598065 -348.8437420421901 -712.7736735004053 -1410.352236755517 0 -177.5812632753228 -1230.686015729385 -942.6376685744868 -300.2129455245602 -456.303008946184 -727.2763733132654 6.250626186712996 0 59.09166491417311 -268.7890510923979 -929.6251538398899 -686.8611653685973 0 196.4095665450697 -520.4601881197289 0 35.31997789607668 156.5236600774396 516.6366377205239 168.4564901625648 156.9657045301402 -185.0858851011607 220.0530553253889 0 -13.1408107573161 135.1532455872259 -122.9301327736224 165.9270633323525 15.39950873306762 140.7240652548063 224.3420182740308 0 62.15536069147281 221.0129272247661 -123.3072908447459 -321.3714746382578 13.37331197449676 93.26760687243133 -468.0961965097862 0 61.59012535054532 -305.5483076352343 26.36577465081356 -575.2037770297688 0 -149.1393223546966 -784.2333304700119 0 -21.5575943022368 -616.8746349382213 -149.5536766543124 62.39999996031528 45.12563368717661 145.9092952060316 -463.2146647820084 0 -311.9249962819887 -229.9256309579547 12.78779489642395 -12.41110372433194 -113.1592428349725 -463.4715824756223 273.9656879586299 0 -140.2982425528448 -85.65557427832327 -32.21156201522093 79.59044586346516 114.1498391609856 -146.361424920971 35.73792353064223 0 19.94129844258828 299.7289871988725 136.9274636087947 0 0 274.1341376112143 -101.5640199853734 0 96.76265624692353 187.5626978052699 71.13931434464092 179.3855048364933 -58.59657328793229 158.7949778253889 38.844665706947 0 153.0426325310906 73.12587318254333 0 -212.8085912804681 140.7508395468194 -102.6255528176075 340.2553136532068 0 0 28.84754688837694 23.09210372011023 0 -17.97506310216833 -20.80056404045673 0 0 0 243.9378751601081 -352.6356259219642 -15.71950379048086 0 41.12019690966777 0 0 5.420710658151073 -305.9641808496673 0 0 -30.07876810325021 0 45.64396821908176 0 3.94783998202729 -136.2590685693332 -209.8477577175243 0 0 0 0 0 -146.6521190066443 0 0 -18.10245714539478 0 -108.8739832696399 0 0 0 -100.0759039817697 0 0 0 0 0 0 0 0 -55.64180159712681 0 -44.00847921974833 0 0 0 0 0 0 0 0 0 0 0 0 -34.84580947815369 0 0 0 0 0 0 0 0 0 0 0 0 0 0 -9.501615929918643, 167.5959990420861 132.3630344699775 -456.4165089302187 -458.8393688334782 -381.5116302579327 -1207.372136321841 -939.8291216853091 0 -134.7160484750017 -464.4504029765923 -671.6453229779852 -463.30063806644 12.26983176248835 1.489087627853309 33.37993890236096 0 -304.1539768472647 -746.1391293938964 -641.256545534162 154.6792723512075 -289.9217327522997 -397.6391225215993 324.5008298382413 0 158.0166051969794 -165.0267771346298 -803.4209682415012 -604.1370774626881 0 145.5169446476713 -529.084801368498 0 31.41362476232003 9.471609683285521 482.2341599189577 127.8993189928173 49.3031249237504 -14.98132553138898 0.8083858444624354 0 141.5253330368669 228.3234298051208 -71.39065310486814 -32.48473857815514 -31.19434231749481 -55.4594730716062 300.3705302587767 0 47.66591963027482 30.95096133299678 -98.88949478109114 53.06432961571265 83.64575388069051 335.3171914916186 -282.9622497646754 0 -302.1369575318301 -258.1967890579789 179.4652798163685 -450.7618580592746 0 -495.7822569332283 -903.7973779049645 0 49.74411076736131 -470.1589311977145 -190.8111127694863 -207.612549577857 93.90552852144839 -144.7556481645144 -385.1981785436633 0 -162.8425881147353 -165.3949671222108 -528.5920268812446 -436.1176644438169 -81.7228239917068 -192.098022540659 -125.2342084718642 0 -151.6990189502817 -19.50467812649111 -180.2318176003749 280.2685719502226 -221.4318395362595 -250.0350379786112 17.33662313602035 0 345.7744018098854 -84.94623291007315 292.3171921980387 0 0 -14.28145388455876 668.7084373466562 0 110.9630360939702 410.5823867473018 233.1432959587905 447.3619633107884 -200.0814811985106 755.4630540415202 270.7022541849989 0 120.6804689193774 418.1709095635472 0 395.2851790950521 121.0184644901088 371.1234228584724 789.8485578685214 0 0 77.61242186605617 801.7323360322622 0 540.3625231093188 236.6090190160739 0 0 0 275.3735722345682 345.7612362506707 236.4717177437674 0 421.8584255131788 0 0 54.74618216854542 398.2099562734912 0 0 53.02554829717366 0 230.7016476297226 0 134.5411852407347 64.16297420850459 107.2975979672889 0 0 0 0 0 35.97349939576751 0 0 164.4139462873621 0 210.2543066047959 0 0 0 -25.92885848460536 0 0 0 0 0 0 0 0 317.8060799805737 0 42.30025388122 0 0 0 0 0 0 0 0 0 0 0 0 215.603491007593 0 0 0 0 0 0 0 0 0 0 0 0 0 0 52.20620585368459, -141.586049491003 -672.8627036157702 -997.8091235430463 -464.5336824760763 -425.2564113644087 -1020.51522650441 -536.1883017279639 0 -31.29105371417779 -194.9219738610407 -838.4318372990505 -465.9729479053592 164.9509170708902 3.186624528469906 260.8168573491383 0 -269.1217773660175 -265.2631064285467 -308.3361379275407 246.7977891034187 -23.24203237129551 209.3129118756562 449.3909117662719 0 444.0688168514505 226.0922392374433 306.3359925148755 -15.80514743785492 0 883.0244603381706 416.8619619813312 0 107.2088981558542 599.5710122724511 632.2523526617792 748.03595816908 50.93454515071423 -31.17104451941343 544.0714048700581 0 210.1349344354118 265.153844212135 250.1858476314217 91.60830388429575 174.0365730409354 228.1674516308812 583.028674299448 0 -64.05348671799541 380.3351210946389 -536.1927123883331 -187.186654594323 283.5615766809268 373.9524881706655 -469.5210598249442 0 -182.2037386612329 -401.9677289096073 121.4351739006918 -555.4073263772838 0 -325.0289245321465 -553.7557952356302 0 20.78188913620534 -418.880768012358 -241.5873808737539 -281.7218982853547 -140.775438519031 -646.3578335340405 -619.4429271090685 0 -43.78208547342246 -14.180371389769 -863.5319519851613 -317.3303547908599 -211.3116531966896 -514.8206423620073 -586.1343142709144 0 -52.19753062949519 -517.2452542948176 -297.505371062852 -322.9441684418867 -513.7592452430561 13.71934264060801 61.71789634599779 0 189.9149397097785 -801.0452040850113 -139.1646811189169 0 0 -387.9844750882492 106.8506703023655 0 -42.19039623455863 130.8320808565731 -14.74325565747988 430.9156787151929 -128.7105064016487 430.1867788644117 138.485207852246 0 -122.5884757494351 238.4759447814249 0 215.4180897691248 -41.45985949994996 136.2375374991055 565.1531615359588 0 0 161.1950895763854 739.5197653242922 0 435.0858095043021 164.1657982193339 0 0 0 57.05376657576383 247.7497043983193 241.0194844829404 0 490.7241346984906 0 0 78.11704017692202 328.546749083884 0 0 48.99039904615834 0 40.67012862027258 0 148.0237832057197 56.73431724505559 204.9905954081707 0 0 0 0 0 15.02279942684353 0 0 6.581111402874186 0 64.65563665838266 0 0 0 0.8391346956476973 0 0 0 0 0 0 0 0 12.02377959246746 0 -16.68477266180113 0 0 0 0 0 0 0 0 0 0 0 0 10.78437308904 0 0 0 0 0 0 0 0 0 0 0 0 0 0 9.741648787099102, -114.5553804265917 -486.0827726324246 -629.1378135911208 -236.8006019134035 -243.8858286774875 -500.7315944124488 -135.9436208337953 0 20.273061189483 133.2336240491658 -280.9088048034592 -83.55712412229659 185.8170857214923 66.39765447162641 396.813030507488 0 -31.82462269337013 383.3502606757111 71.02081961837939 195.2786104161534 54.25301983596586 356.6986140057379 382.111957840473 0 459.255097082941 234.2963271228124 659.9644611779838 344.3373530231134 0 920.4962837100127 651.0906274328319 0 35.33561800518663 559.1380082831354 464.7650956970253 637.9436863002577 23.34797719272422 1.087518072166219 625.9392348762181 0 156.1897403672374 188.7567389198378 206.5363920780418 164.7187044841843 255.1274141245997 273.0276112125749 630.908253070048 0 -87.47597193745128 600.1455268456313 -528.8236800091563 -249.6844200829729 440.6675373719023 562.1514698708493 -363.8112551710323 0 49.00292871463931 -351.1145332135674 106.968405466824 -416.2496639753006 0 -61.63558315297215 94.14300278743883 0 16.03683051361665 -87.96692184285749 23.90834341317657 -67.87146008418297 -204.7132787754168 -427.1946570440645 -733.4535962784357 0 65.81256897844693 99.14597332818863 -524.058839546844 -14.37534916243318 -253.1479016259427 -668.9681181935175 -646.5991017378376 0 2.819980881212132 -808.531421815348 -145.2025919536373 -763.3670248741046 -447.0797463562384 191.598461152436 115.1582698305749 0 -165.3815008174808 -858.6112458847917 -566.7450660492669 0 0 -518.9991363423984 -697.8807006052107 0 -85.13259001165815 -145.8245977067056 -214.9046000033893 311.0490044994996 -5.988140218651978 -263.7662308100109 59.6908090347915 0 -223.1366991603119 -65.12347171975276 0 -174.6474741862002 -97.89400128991926 -254.9639624252906 38.32290250701141 0 0 228.572983255421 331.1919829363143 0 -8.488185263726663 164.1721242985173 0 0 0 -64.76099069855158 -53.51204938896041 144.3160366262477 0 152.2133284237949 0 0 78.55849571077296 78.94524923588432 0 0 57.75360933886623 0 -76.81201477785231 0 44.81262594317742 1.103656536998599 201.3025320868161 0 0 0 0 0 -17.03853898707668 0 0 -158.2742208850688 0 -102.8959463804617 0 0 0 42.54264870837266 0 0 0 0 0 0 0 0 -346.3043930208302 0 -65.02595691323285 0 0 0 0 0 0 0 0 0 0 0 0 -244.6056327885825 0 0 0 0 0 0 0 0 0 0 0 0 0 0 -52.20246281334491, -67.64906154896366 -282.5942670906151 -380.2578897334326 -152.6529954095914 -136.1932978277623 -370.3776867278034 -182.8870625226186 0 -40.8649359022874 -17.05606960442407 -189.9410326748563 -104.2394748343282 76.51190010747405 103.7801393249741 257.4557789709438 0 -51.97210121608587 106.1736600411347 51.76758365852264 238.5548913569744 45.16991505506454 135.1480005956658 202.820074965459 0 196.6995698522364 -13.80749147154424 -68.00762141438632 -130.7418186706371 0 261.1679022307385 150.3445246897561 0 1.157401836439092 175.9838519110438 159.2041100319468 270.0232320181353 -238.7896220493062 -501.814521852883 -94.96247843599463 0 -18.63255658823317 50.80271818218441 112.532209077365 101.8271639599362 163.0327780065909 370.0801549093027 666.178457377286 0 5.619858242414267 372.582036863136 -328.5629554398686 -351.6201427883782 468.4800842904422 684.4268700120027 -139.7382517819865 0 263.1037510559818 -0.3695584472506503 322.0147324420087 384.9390468939928 0 141.763944691144 282.5241891813237 0 -15.32280875079651 298.0188793739218 622.0827122287594 23.44107306524754 -25.82225619042021 -67.41513854030558 -124.3161718927584 0 1.272245012917153 135.3305953721379 -106.4864610948356 18.1504611054072 -104.4658979182933 -5.209782689505317 -466.4362491430767 0 113.3493544913972 -213.1260015469592 -37.93546410149565 -518.8409307036086 -194.3064915771672 2.47793799376371 61.96931539280142 0 -69.1285868441729 -592.0442818750231 -446.4768363956061 0 0 -453.928886433306 -573.3477697516258 0 -88.33725029301598 -89.76209133180745 -248.5631841695842 209.3175574584913 -80.64517841915438 -507.1580942042101 194.0892548700837 0 -170.5993451477289 -183.6416140303327 0 -179.5132577636542 -83.35711116903695 -249.92819935166 -340.304474435355 0 0 209.8862378592251 162.1046754848074 0 -175.2194981518487 370.8497701634514 0 0 0 -188.5172955705716 -7.501547287567149 67.91691916844627 0 -214.4061386306807 0 0 87.59696507407955 182.4509607872905 0 0 145.2142458439654 0 -80.74757220313033 0 -77.15994192926098 41.22321234595724 257.4841498721028 0 0 0 0 0 52.10677141908145 0 0 -138.9653746258736 0 -6.376744094292434 0 0 0 133.8862372840262 0 0 0 0 0 0 0 0 -268.3439359759091 0 15.62192993583712 0 0 0 0 0 0 0 0 0 0 0 0 -186.7750810966291 0 0 0 0 0 0 0 0 0 0 0 0 0 0 -45.2962917803867, -6.253989360614014 -39.89309600078879 -114.0526604351191 -104.8000883729358 -87.85679971617525 -371.9136443197198 -425.3238116647753 0 -93.40095932973824 -442.2864695151744 -290.5449244903059 -291.2341148386168 -131.6661448840366 118.3977198241591 -133.7297251186108 0 -72.52266846165929 -293.9315129770742 24.77661860403366 212.3291364517668 108.8184334997084 -45.95670291861728 37.08680529658935 0 -43.0654771969775 -21.28240108505443 -313.6174342098287 -424.2838749156096 0 -14.04237948211512 -170.1879093957165 0 66.58945604500957 143.8739979855575 53.21095479848296 130.1448888337104 -212.0452327771245 -773.1166415259734 -394.2361044133208 0 -125.7196126114763 150.4506036899774 93.18858815113451 96.96186779562842 209.4827355093994 431.7524938861299 549.3503888741318 0 91.75703521987657 151.2418563928785 -146.1383686956826 -427.7525222073205 229.6310712216754 171.8919428056283 61.582180209548 0 197.566966223048 438.7124366011078 210.0381801978139 729.5427950571468 0 397.4678465323773 320.9701000600018 0 -79.93123147941587 166.80313961022 468.7695504259025 -18.15893912418763 58.47022932879077 -174.6276874760986 493.5056304922399 0 74.22034110449539 214.7118686468432 -134.1386966723234 -42.14227679535779 117.9446375265428 438.2479922745362 -159.0497786119467 0 91.18038072913981 191.1019262918422 -54.26488636787187 -62.63007506684448 -35.44778457516469 -53.59697669902309 129.6731777105269 0 53.47655473592854 -293.9654905880574 -245.3702394111246 0 0 -195.5617008530513 -172.2306665754664 0 -93.36131678287438 -60.69121761103854 15.07801560884994 154.5389031527283 -142.6448166477219 -432.3941466750071 232.8744700015497 0 -56.29206356609239 -98.79189416018005 0 -117.5079300500028 -44.97005556440163 -39.34579611663641 -508.2956763402862 0 0 239.8580745484918 183.8846552561784 0 -118.0660916552431 388.1786894034118 0 0 0 -213.2064926890474 40.8991648726133 -28.64762902387268 0 -321.6023841500254 0 0 131.924030276216 206.1047412993711 0 0 171.134265450304 0 -42.60696067090453 0 -140.0281948833735 53.50080893711535 179.1386739633963 0 0 0 0 0 36.53287223044104 0 0 -42.41555568630665 0 68.28094608507514 0 0 0 142.1300062968831 0 0 0 0 0 0 0 0 -48.95922477075072 0 86.17730828620203 0 0 0 0 0 0 0 0 0 0 0 0 -11.01977631116217 0 0 0 0 0 0 0 0 0 0 0 0 0 0 -2.892560128432397, 34.71861244973934 208.7258716067261 336.6235068840766 136.7559595401868 95.70522051066961 270.3431825627381 17.80283869026393 0 155.369955540939 -117.1878945668214 66.47939983284519 -70.78402734827418 -178.4763814371586 315.3936393824404 -69.98404496649164 0 -32.49971947086149 -440.4998077663923 82.77086389502227 81.67246660362017 80.90346659750215 -104.6302720428587 -309.5375904277027 0 -188.2489409675995 -48.28979987482322 -282.8130071939501 -439.6330950629587 0 -350.0294206927138 -371.587036974237 0 14.46524024536382 -40.14632140272353 -119.5091984538112 -94.9806087760891 32.71263934026587 -265.9242773646139 -332.5655268635549 0 -48.40685383988117 15.71639886781261 -42.62651380635695 47.20847316816389 20.63496309486303 399.5009191145095 82.31980449223747 0 129.7585119901704 -163.532120339276 418.0647110193477 -74.44434493940942 -80.50883232265213 -249.9538797775093 387.7954136022929 0 58.32132425883836 428.734466328117 -49.31739723364853 489.3334336967835 0 415.5518445787176 152.7088790366666 0 -23.50934493698793 423.319903586721 -194.242323451691 -79.06449127287335 18.42054650492813 -131.1168458045366 816.6216488523223 0 190.6878615115873 219.7574571952209 -156.0673279852028 -16.73232820709647 375.0699947045048 49.21838977101447 426.5662283363686 0 -99.5024064094362 148.2968110892649 -33.0905515262809 370.9290196163138 46.7629054776868 98.58131352747914 96.44534601098368 0 -92.95415477694451 204.5442433025644 -179.1257928667721 0 0 201.7761094170234 -1.27981251014792 0 -24.2666567358706 -239.4188715554312 278.922923260131 -94.08158059772087 -37.1007445112742 -422.038944821471 63.03853179445682 0 77.07825071546873 -12.99245207531148 0 -186.6353367320316 -14.48760261865744 -5.03329666643597 -537.1931226045368 0 0 176.1592541609813 -250.2852475535684 0 -217.0011764900294 90.75290013391214 0 0 0 14.34576140897751 -118.2735804021175 -139.2310847832157 0 -245.4797036012657 0 0 90.61497717759703 -356.6498073241069 0 0 66.14598709844994 0 282.753160589845 0 -14.33644083946744 -0.7838157668210144 -95.29177354248526 0 0 0 0 0 -142.183744985939 0 0 175.6499646145342 0 363.1867752431617 0 0 0 6.032852898443199 0 0 0 0 0 0 0 0 316.7352193859912 0 149.8138008599414 0 0 0 0 0 0 0 0 0 0 0 0 208.7098771093474 0 0 0 0 0 0 0 0 0 0 0 0 0 0 45.08584588798816


GFLOW: 0.5 0.07569275602162814 0.07559044179962937 0.105032372696122 0.1046984926996973 2.981536710383956 2.981590667704609 2.93902556697042 2.939165112105204 -0.002806817118420306 -0.02113461070459493 0.0005202814836056158 -0.01804379410257605
q-corrs 2310.809479845938 7833.315049364995 8662.01430844831 3078.072444264072 1269.470935326847 2236.601943846737 643.659984239506 0 -319.8789926187177 -929.9973590700611 -562.3715969298935 -756.0706996464088 -315.7340855264622 -784.7587578949758 -1529.138101047078 0 -127.4034398406121 -1117.580300636982 -824.7807166239586 -384.2426068181375 -412.454647813476 -719.0920322126041 -142.3150846156088 0 -86.88203308137143 -262.862622349257 -684.8640768242985 -469.367905986063 0 -9.069527484549212 -361.4619000746165 0 -13.55788647713309 90.33896148452897 176.9552150034911 108.9064083469245 7.777753762800646 -301.0175201891476 118.5904561419761 0 -162.0971430172287 -290.2784206280547 -94.5713477143112 157.5634446620349 22.15659667810311 -5.074415230499504 57.28728106907781 0 -25.02929483088686 249.1199824232615 -365.9563590094102 -376.8262208201452 -43.98871983992272 -123.2337298998368 -412.205058536592 0 139.2925467586753 -290.5975710094579 -97.66544952998898 -443.063408386937 0 -86.42072824819627 -263.1059791954988 0 -24.50037696478718 -438.421424008817 -201.795855698187 127.8938551598705 -124.589031104022 104.9123195592003 -393.710357421849 0 -183.6477938823142 -145.3922786252491 53.56593363524829 55.38468415147952 -125.6017969611417 -398.2570257223409 171.1718091102942 0 -77.65328537865761 -221.8730166345567 29.44081610650767 -122.6813097719355 141.3583171768903 -9.414138098238851 12.72448270047689 0 -120.8148634027613 70.88494973411903 -88.78869730028954 0 0 156.8357553505393 -422.4427734520459 0 17.57597388752296 21.92622401133315 -24.08744067777752 59.57894180395712 14.8361659182459 -191.3500935450676 -76.28583348969519 0 10.8338508024578 -92.7535895513586 0 -359.8275047097887 62.48441823637476 -262.7867455479446 76.61653048480414 0 0 30.81524262889909 -237.2515779016169 0 -219.391257059239 -102.2092940425871 0 0 0 143.7141437019375 -469.995076969761 -84.89184482323088 0 -39.05154505978523 0 0 0.2141738712497414 -457.2937085615424 0 0 -38.74242235061182 0 1.98626364959258 0 5.13625216020781 -151.8105563077361 -228.5605716595208 0 0 0 0 0 -166.0745733635877 0 0 -60.38181523638442 0 -147.82545272124 0 0 0 -96.47209716733421 0 0 0 0 0 0 0 0 -168.2007778065326 0 -69.46721060495346 0 0 0 0 0 0 0 0 0 0 0 0 -124.3373197332857 0 0 0 0 0 0 0 0 0 0 0 0 0 0 -29.407020935983, 1311.743475170833 4358.139748050331 4669.552053516578 1571.886628838466 609.4125162063311 884.9660910178225 30.91537443729135 0 -268.3807191499821 -745.9936939223187 -491.5979607883677 -566.7963175802204 -206.7708763710085 -497.3265601078223 -963.8108435318082 0 -153.402964803211 -893.7126525350438 -674.3519939685978 -212.2498656198254 -344.4085034628176 -575.2244282738986 -17.9771985644105 0 -45.8557355745487 -224.7641790792203 -652.9660732648108 -441.2132125595686 0 -11.83953806334965 -399.5865467447773 0 10.1680173259287 32.70310478453226 219.2297725569323 42.39378376528972 39.9134967091863 -165.347022834912 50.81129803735425 0 -72.83491204438124 -76.29728202790142 -87.76662604762193 92.44370635901063 -15.22284799062337 -37.25605679205322 47.21250121229023 0 12.96441854491732 117.4324608529675 -107.3940555787545 -160.1834073385834 -44.51346382542398 -28.16230366816689 -261.3725128724888 0 4.121750834627917 -191.6603291298378 -38.11310677070792 -347.1455017408252 0 -175.5665331997441 -422.5200470003842 0 6.560597051537311 -327.4841705729158 -145.4428326844861 31.66264039145258 -6.75305966033962 59.67070612481261 -246.9004902540458 0 -174.0299754139801 -137.8716245028118 -84.77240714428504 -84.29422728191096 -51.54504936373812 -218.5540968857418 133.3643352868513 0 -103.9677092878707 -89.40842272193584 -9.28351116077954 77.13262987929983 53.68517240751447 -102.7661241103397 47.33112598576749 0 21.92090575338755 140.990460309312 76.80273401479383 0 0 122.6906571108933 -25.89383829370857 0 62.92211937892834 140.5143985710586 59.75470605405735 159.3788092321838 -51.0029330255776 96.87604619073548 44.49923482865814 0 75.91751454978137 86.91077200329812 0 -100.3187076071909 80.6726183312165 -33.29164140227148 262.4582997755178 0 0 -9.208172952190466 27.24392213109989 0 8.20584799247507 10.77935983787958 0 0 0 164.6420879600005 -185.7351685013633 -5.001940398871625 0 70.76867825862077 0 0 -4.66362144661629 -200.2233669667981 0 0 -11.15495499830367 0 44.62886757998115 0 25.19807718571674 -75.31417081934117 -134.354586271059 0 0 0 0 0 -93.02750454547032 0 0 -2.177133097671977 0 -67.14676668742653 0 0 0 -71.04138011012465 0 0 0 0 0 0 0 0 -34.01137320861373 0 -39.15148716717248 0 0 0 0 0 0 0 0 0 0 0 0 -25.9552074279157 0 0 0 0 0 0 0 0 0 0 0 0 0 0 -5.41234442182756, 175.0616523662316 420.7345938350106 188.6740254508836 -85.06453830571358 -151.645845052978 -617.2449399017382 -567.2068304832169 0 -170.6199813114253 -460.7783660692743 -535.1515220232317 -400.3241864164172 -26.01560921835896 -149.0399622693098 -206.1743150956454 0 -193.6294357233548 -545.165337263865 -451.2674806907411 40.23143636951663 -207.6467809850201 -282.2975450813655 164.8908366697518 0 58.37965692051323 -111.4755972219333 -428.2166756801305 -319.0596472856936 0 89.44008799797633 -244.6930816957739 0 27.6620426460326 41.83430238434298 249.3257086145138 104.5824493132669 24.42128649837508 -14.46103773002746 50.24742746516414 0 61.15714151147727 114.0674864536529 -31.16827468487628 -9.099689775976765 -5.75935189334216 -43.01450853867823 139.4091952773378 0 3.996394791021483 37.6606107055425 -5.61692740744499 76.14409360617503 21.72453298260908 129.5176350058862 -134.6329525948592 0 -176.2416766014133 -147.2628424941839 49.89807700624306 -267.1114285780918 0 -327.4663596379368 -520.4322150219425 0 43.70673384564117 -205.2329212775641 -112.4289241512769 -127.0399866180852 47.86772010150029 -141.7031500061361 -178.2129381738484 0 -119.2745319180726 -102.6232842318005 -414.5834864482632 -271.8957664920598 -9.607586650351799 -59.94406647743646 -81.9755762924227 0 -110.0791261960079 -60.47111389862606 -98.69247822615995 153.7432634950009 -154.2523806993194 -175.5761328939021 72.53276024910116 0 206.2081624664727 -45.10039547149599 169.4557849419002 0 0 -37.41042578960148 396.3716608105372 0 62.58805834846927 277.2606686217767 112.0938154230162 318.6729178157111 -124.4914209039552 458.7791554529755 165.1226768034482 0 80.74747492405933 267.4544291339576 0 234.9027092131013 81.46995366874823 225.5668382025444 540.0893322331158 0 0 14.31087286985097 491.7238675385543 0 325.0560414213001 149.8491197406708 0 0 0 193.4875386987209 203.1244226364667 159.5841724014031 0 284.840052038669 0 0 19.51115585727437 228.442352767162 0 0 32.43161629620261 0 133.6112875233273 0 92.14533909274743 34.04223912407235 82.68483896920269 0 0 0 0 0 18.79285483034208 0 0 78.87237281189414 0 103.1983683190553 0 0 0 -12.79482652676123 0 0 0 0 0 0 0 0 146.6720226714459 0 14.23209932529975 0 0 0 0 0 0 0 0 0 0 0 0 99.14455070100335 0 0 0 0 0 0 0 0 0 0 0 0 0 0 24.35427239107462, -85.2954545974836 -437.4233929480007 -704.4296210093571 -360.3371040646258 -292.3919872916899 -804.0552794884019 -520.4073948703572 0 -110.9873046680883 -274.4588949248861 -537.6087522144734 -317.6662240180731 68.17804188035103 -50.19225215844309 103.210659686734 0 -152.9278487161672 -148.0208935399567 -183.6606205298064 165.8705840546626 -20.28708529206195 136.6122619415587 298.9685023229688 0 256.7062751797187 106.3162440368256 187.6925515858223 11.9686998075363 0 555.6686808288257 271.477109840808 0 64.48653103490588 348.5958450944564 399.0922839059506 439.116877937248 49.19017510946003 -3.409634655493129 346.7595358991505 0 126.0402638949407 264.0982629129886 151.1424897612524 46.11034722313274 110.158935983759 139.1258847878595 335.1980894723175 0 -38.51136450720829 188.7748695459263 -238.9955616785825 -30.59710776336897 149.9681572607791 185.0368576184576 -258.1264242430216 0 -147.113308067006 -230.7680934771609 46.41209384316961 -338.5865800060312 0 -268.8564812100639 -355.2995112069499 0 19.28842360431104 -279.982823754973 -202.1501904940626 -190.5910629419788 -100.8222992531318 -445.1840715868571 -395.4542073169166 0 -58.22372646131514 -27.4940945733515 -636.8730232597171 -215.5570310031235 -105.261343915472 -317.6922569167291 -342.8276438830814 0 -66.80575519723143 -399.7922507096845 -174.0616720637165 -208.146663714496 -322.1831694994111 -19.54219751298546 93.17153709946199 0 83.69557005028665 -448.8624149608399 -121.7038512316979 0 0 -219.3947309061731 67.4632952323761 0 -37.13844230832674 130.1324135848842 2.159948383119271 304.7833094104876 -66.94744338520181 253.4556924779623 108.3793138414656 0 -28.03441444549893 124.8351969018396 0 136.321268705419 9.018938857303841 96.11258545922117 362.6770096982069 0 0 109.1517695235591 496.547189141683 0 242.8129006534736 139.7424424618308 0 0 0 72.28882755353263 162.1857487421867 148.6685427803129 0 269.2153742290362 0 0 49.61576023651443 250.5133766751462 0 0 43.32943747790578 0 35.23619307746269 0 80.72597782905675 37.71855775326684 133.3379213435736 0 0 0 0 0 25.43021720620651 0 0 8.184954431703147 0 38.40204142155253 0 0 0 9.079358001811555 0 0 0 0 0 0 0 0 20.53722244606595 0 -5.886916360036322 0 0 0 0 0 0 0 0 0 0 0 0 18.05187885125347 0 0 0 0 0 0 0 0 0 0 0 0 0 0 7.482738234767535, -78.20749569081124 -356.2955761154526 -520.0308052536712 -238.6854286767845 -190.4749133335775 -488.0339062851157 -260.9750438402102 0 -45.16776129203208 -43.916414443131 -239.56222098587 -92.58718519512398 91.27749192591467 36.77226562058003 271.151577759231 0 -42.63125528556392 206.765785050513 58.17361125514611 178.5312233547242 68.700605282857 304.8944625212496 283.3342312023389 0 295.7655135649196 138.8558891281743 384.7606347022279 180.6784575598002 0 611.7019001935814 423.5426767523417 0 36.36574817937451 359.9142098659036 354.8117201735965 435.7946896968096 7.084554807496559 -53.3894373965362 366.1238025899452 0 107.1475658911537 251.3458167325644 154.6863469077269 79.5689246405307 157.777999608576 185.2859423051007 414.4106806310708 0 -45.92792490779231 275.1529688447644 -355.6943356453847 -130.7126305486254 246.7448203002165 292.472763652256 -256.9796535792335 0 -39.54376295622121 -212.4754799564934 83.52664499042835 -244.7763760147245 0 -134.4819021162687 -31.43756561524742 0 -3.401028809439056 -231.2758740811071 -110.5760335432329 -109.415080811051 -161.9464029082394 -365.7513305259098 -537.683355142761 0 7.765458164202236 50.69526724588616 -466.8389194692188 -72.15457437883234 -174.6126845507586 -467.292022375723 -415.3873152059465 0 -16.16485316322562 -597.6349644378367 -124.8796325626968 -497.2671437821922 -291.2267693609139 97.16429014779106 80.48593711102842 0 -127.3756425584938 -564.4284488859907 -416.0221882743843 0 0 -287.9989662265255 -405.8909559010633 0 -90.29486554472774 -50.78782782501455 -118.264249522176 195.0666067549125 1.865329633866097 -167.2059227639634 64.58981720654441 0 -97.31729244943118 -90.71492099993617 0 -81.2169875358876 -36.96248385569593 -131.7241961016873 7.177361360796169 0 0 160.5463179742958 259.8381134687843 0 -17.01161051321496 145.1503366650259 0 0 0 -39.24503024599748 -3.543255880464997 66.89190983970995 0 67.71132307898466 0 0 58.15492487749833 116.4006628782146 0 0 57.54995762339815 0 -55.10722034424786 0 13.14325936831457 11.91691166862708 105.0600865287408 0 0 0 0 0 7.005318442143885 0 0 -76.51028975771256 0 -62.43410523337259 0 0 0 26.64534864474174 0 0 0 0 0 0 0 0 -157.4748571234948 0 -30.57713156605121 0 0 0 0 0 0 0 0 0 0 0 0 -107.4921211388136 0 0 0 0 0 0 0 0 0 0 0 0 0 0 -22.79778996285369, -42.79809418389176 -196.2720868728386 -297.5309790776521 -144.3695203071322 -112.0368524410163 -325.9054157411192 -210.2087226087556 0 -48.35475466871313 -85.7834693383374 -156.4730549203992 -76.18696953075325 26.85215690472883 57.92434128071392 176.8390514228802 0 -43.80934581803339 41.24854457410588 57.25603546809828 164.0414009288282 61.53743056962799 193.8504219290562 129.42321650749 0 157.2270553906277 44.15001136055454 52.48546767691197 -53.23171759293453 0 252.8560243941521 204.797520681994 0 23.06781305692884 189.2481763885453 193.0393509731767 287.2334747980053 -141.821781756199 -316.3803583875292 20.28691522416244 0 26.67045460056968 145.3751701264351 94.14476049472523 59.80685847906269 125.3027190982337 244.4967143728101 466.9351606838945 0 -9.056660192030638 201.0958716803655 -319.3646176809441 -245.3775155156629 280.9066014833759 378.0535278042668 -130.8212877823383 0 91.47784897088451 -30.75671742979099 226.0919519666988 205.2879839285073 0 32.18015453368 122.0489783256826 0 -25.71552492412433 15.82812829126868 245.5385630137031 -52.20040287680682 -46.91418929784425 -153.8349568093844 -209.6296220974011 0 -9.762727354496533 106.0377696941884 -170.3404832050999 5.772345583148649 -97.38927802331173 -125.1056473332841 -302.1286441976821 0 69.8219330860249 -263.9280617635512 -70.43290919967467 -377.9889584839003 -156.897518411663 29.39780875066803 51.66593371016575 0 -80.91212640371575 -408.845786296416 -359.8185523889048 0 0 -248.4985089735419 -339.4144616336062 0 -95.74722763882748 -73.87025068417589 -137.8176460159268 109.5355157399008 -23.86541400963193 -280.1056833950153 117.7802785758922 0 -80.28835776406038 -159.3503618410519 0 -72.65279557300164 -52.22644406333965 -133.5548776977004 -225.7375735024513 0 0 150.2261939772645 158.9184040119566 0 -102.0943136025928 214.1463648645491 0 0 0 -143.4435978148796 15.78121772336947 18.71753386473725 0 -116.7318161868695 0 0 61.75531781121667 143.8070926303147 0 0 84.49316385644568 0 -93.97562463329143 0 -63.77495556186937 24.71238742357966 118.1228094322695 0 0 0 0 0 31.74711719018809 0 0 -84.61220490470546 0 -58.61921128742262 0 0 0 65.81044029450921 0 0 0 0 0 0 0 0 -160.4747938924373 0 -3.89527712737733 0 0 0 0 0 0 0 0 0 0 0 0 -108.5262643316503 0 0 0 0 0 0 0 0 0 0 0 0 0 0 -25.78527182199898, 0.5335051165147036 -15.48471440386731 -62.96578713536581 -60.05270422056176 -62.84564757895576 -240.2365351656733 -252.9884434913167 0 -66.25430819390539 -267.1522324683806 -190.5935906228299 -166.0157315774404 -78.26527736857662 41.18889291451175 -68.93515192063845 0 -53.37600650950459 -208.7548509723768 32.60645964294603 125.3315935286607 66.29288147243363 68.71939044201864 -12.74264293442751 0 21.0627755177993 40.22215284066291 -74.02114325716872 -195.5545629143732 0 66.50099614688811 50.63011127581325 0 49.2103641994655 154.6002048451448 128.9771261170834 200.7655512713121 -138.6065016448976 -439.3580143669803 -127.3915978770084 0 -32.94059949014839 165.5965825716044 63.4787046982446 83.18847375851297 133.9839076283674 283.8153592229916 388.1429953272231 0 43.64918110139651 125.9806889196626 -155.9370250185419 -297.7814356605828 165.7275753609583 157.9192058809823 18.50573668406883 0 113.0293810342008 209.7276206909063 184.5496978847573 434.9924946613279 0 210.5099290970089 173.0108513959649 0 -46.76930129723717 84.51495515196503 271.4996763740075 -31.56973837000574 38.47381940835987 -126.8466744561171 194.5096607374293 0 27.19431714543973 137.770771652072 -55.04142379836171 35.68605230650876 39.59699543313298 173.4915622354496 -92.01108900958596 0 66.70584006946854 44.9762092401504 -48.95161973791308 -84.84652970525292 -60.53726144364305 25.7399556839278 82.09041852498149 0 3.984588683900384 -168.8727553228147 -166.5530521035889 0 0 -106.0985912431879 -81.55916321405681 0 -75.13593441655723 -99.5401451325402 3.500792455249229 64.20645070897642 -33.40440203076569 -198.9268391388809 119.7620922474106 0 -14.92377493790745 -99.8317809346056 0 -32.15417878868129 -57.74871416024111 -26.98696030268199 -335.7657156766639 0 0 154.6898015728703 114.0390686452345 0 -80.45196270640913 186.9942393541256 0 0 0 -180.4962551384845 28.07065170385042 -36.97667411561217 0 -184.5313173655056 0 0 72.70914203044683 114.0103093896305 0 0 77.13755970632491 0 -73.67787961185405 0 -92.79470929148918 22.86072716946759 70.55476057845851 0 0 0 0 0 19.27800790021377 0 0 -35.89125435004116 0 -3.111316301302793 0 0 0 64.02607331725565 0 0 0 0 0 0 0 0 -51.0243814131218 0 32.29343683687053 0 0 0 0 0 0 0 0 0 0 0 0 -28.65942200158288 0 0 0 0 0 0 0 0 0 0 0 0 0 0 -8.204154824487514, 29.92752321468538 142.7993636572369 207.8588542785168 83.91301459486523 42.25480251552634 106.1041478872046 -8.940635945299469 0 38.59004786984435 -116.0751787981717 -15.81864712680587 -64.76686100113116 -100.3526322398696 100.1469972115642 -103.8023196369213 0 -31.26664649045428 -298.9293934193098 13.64743716149115 40.04542168129345 11.58247145054185 -77.81372812824486 -162.9142609510355 0 -95.51412691393966 -25.86918273434954 -172.5007854851368 -224.2760028296273 0 -158.0973192492455 -136.1977479089032 0 7.565750608326994 16.28977300635644 -16.47028547655894 -17.49179158132459 -22.62659619461945 -225.2079375001547 -128.7916456034197 0 -34.81453634651196 58.60982734564368 -41.84846470991682 80.28943515767961 52.01869395605868 206.4783105246534 79.57858312531887 0 71.11864001519552 -1.447010627158818 178.855189044375 -115.7440072520932 -36.53023414679001 -106.8088662833591 206.9166535066931 0 82.60256464675791 257.2622683632466 -7.79254046791246 287.2636974318527 0 273.4508094055706 148.4816289382236 0 -20.61665822529378 197.04743302494 -34.53755424027821 -14.31729880973792 36.95045424566592 -59.26645506023681 413.1933314495178 0 105.3957135602263 133.2253621371827 -24.44646303764199 48.49881700765161 185.6799882656406 60.89968473879401 209.4261685324031 0 -44.88598077752157 67.97621939382614 -14.18534325641322 163.6533066129136 2.980609901657076 111.0567787520728 85.19785937053703 0 -56.48911649583158 130.9550967616736 -113.7078127841196 0 0 83.46190634199232 20.01821820744261 0 -33.04986518100846 -190.8741664144551 152.6622026168509 -15.88387265809713 12.80766703636489 -209.233034414886 73.01484322506344 0 62.59292056714572 -62.09001471035621 0 -70.94309087932561 -39.4322612162515 -8.385557320759961 -344.9036017819363 0 0 135.6742958298516 -86.50956412648618 0 -146.0751061759583 99.71468016998436 0 0 0 -20.95500585497688 -47.24921843773288 -87.17389732655336 0 -160.0277393643013 0 0 57.65714719242244 -150.6293038002781 0 0 48.72168710821471 0 169.1304444413235 0 -3.060180345069238 1.52142070546333 -54.38715178999561 0 0 0 0 0 -63.41774931342627 0 0 119.1703955301086 0 234.5805454813197 0 0 0 2.830427310496091 0 0 0 0 0 0 0 0 210.6736552908391 0 88.02318449004629 0 0 0 0 0 0 0 0 0 0 0 0 124.5636777742083 0 0 0 0 0 0 0 0 0 0 0 0 0 0 23.29329571600491


GFLOW: 0.6 0.05670281826538483 0.05671665247319951 0.07559486375163071 0.07545538430202045 2.987138939996008 2.987160735742366 2.955941331699216 2.955978617683 0.00793653853796078 -0.007083329373326177 0.00820634465370455 -0.007316596370264626
q-corrs 1264.719491598202 4707.233177449253 5765.105378892486 2305.937523247736 1067.809196730087 2356.473417025183 1162.567565404559 0 15.2241234583133 -238.2223703855302 -231.4298810071616 -380.7092964786754 -160.3769031747191 -448.3790947751862 -895.2156965211996 0 -117.3333175532782 -793.1376723537904 -599.1881117326873 -251.4898011727313 -326.7211488740653 -561.8417760117015 -92.94567458705362 0 -102.2783584212243 -235.3504239706072 -575.6199246279646 -355.8872684845786 0 -130.1001453885411 -353.9737075299472 0 -18.4366380816527 -20.0400130765079 43.80621325716798 -28.12290448835334 -17.2044046793613 -220.0059952784533 -37.95936569794124 0 -144.557472654907 -279.5648945447649 -88.67709060192969 75.75130527580539 -23.66073747969439 -90.84175127561453 -50.83688441337638 0 -17.12334621078283 97.71815829186956 -223.9949268612149 -214.0375998896904 -73.41196824954926 -148.5264582905045 -269.3636433857863 0 46.27041660869982 -185.7945615311465 -94.88576319452747 -299.0729970553542 0 -104.7400878666939 -194.7369228688819 0 -3.794396068884041 -273.2486183231352 -188.4394406930201 66.63370175213043 -77.04938864186498 37.12343337938742 -206.8521792641343 0 -107.6898676370354 -103.8479018250229 -23.87375960117776 -40.55820734236611 -66.55260190878575 -200.7725175067607 88.04705753486685 0 -68.62555419244509 -132.9478569699586 21.34457986213794 -16.79804878552051 75.16450072290723 -20.91036759282743 7.328458721960605 0 -58.87371620821528 39.58249327857495 -32.55191043771026 0 0 80.93286772604273 -201.1218419719939 0 28.4623128509019 29.94960047670248 24.59311971111752 65.2022239573501 -6.242788998072168 -104.8101015467335 -30.62161889661248 0 7.057051630947097 -6.082802828903965 0 -190.8326551183961 36.5001206858261 -120.2043756878725 64.05694113448831 0 0 10.33380832435901 -127.6337360764342 0 -105.2011825083528 -46.71529417560357 0 0 0 82.1764624985131 -253.5339026986255 -64.57203553850975 0 -8.173198756616749 0 0 -0.1719259490315537 -271.2891633526787 0 0 -18.71079682121899 0 -6.035300626025851 0 6.544715279049331 -83.12081909276876 -157.4085862969726 0 0 0 0 0 -99.22619723099007 0 0 -31.70001010590963 0 -98.79600525460671 0 0 0 -67.29627872498894 0 0 0 0 0 0 0 0 -92.54948460529938 0 -48.37710520545427 0 0 0 0 0 0 0 0 0 0 0 0 -68.15703835354932 0 0 0 0 0 0 0 0 0 0 0 0 0 0 -15.1571856974503, 782.6004705376833 2875.537945236414 3458.324125763202 1346.526111920753 602.7204155914466 1249.547575143597 534.9632244884356 0 -49.74925472196227 -292.6858213628715 -277.2224386994198 -342.2504422568309 -115.9397264583451 -331.9678818110928 -642.7049662466593 0 -121.9140322080786 -656.2634553304525 -500.042467773167 -161.3511175748499 -270.2776644965971 -453.3411054153054 -34.82915340870795 0 -72.87067145978855 -190.4591057543584 -499.4497186817689 -312.788672815362 0 -105.2974356610974 -316.3592780510756 0 -5.09238539509189 -28.52497026623126 65.2693692477194 -30.16622329729476 -2.128451632591005 -128.9612663425977 -34.13899599351939 0 -80.04053125952532 -148.7900589609266 -76.65925650707054 40.5518717668287 -27.44871673432408 -87.54702861064199 -33.43752283092525 0 -3.049583564602237 50.88500712948567 -79.67480285542725 -85.0847612475149 -61.08768183627134 -78.09057654307222 -170.6377534131839 0 -18.66626224908516 -126.1287902102243 -57.91291097326423 -236.9902865055893 0 -144.3610573923215 -261.3063068026964 0 14.78689053161416 -189.8812639479659 -130.4090710378448 14.36820922451373 -10.20314057971795 10.67722911629914 -123.0158079712918 0 -102.9486962808784 -95.7044954315565 -106.3416603417319 -100.0105697027005 -22.14965007719194 -89.81068317036753 63.34053477918808 0 -78.90499997437853 -59.77579168061386 -2.112272090382227 74.14697055865319 20.83372358156828 -77.40996897757587 31.83082751376919 0 29.26906180935207 66.30320980850665 59.20587288837599 0 0 55.73057406739431 16.03629038588437 0 46.55018298177164 103.7040926513021 49.0279793096853 121.3000855288895 -43.86676665882757 67.71307199062586 32.75627011829238 0 40.14523958701712 85.34753571688786 0 -44.60538641707855 49.61590135731646 1.061793406007776 191.6770525978703 0 0 -15.31686175251438 30.9728803365353 0 24.87947861998582 14.83558560410385 0 0 0 107.8946725233669 -93.90316711234637 -1.333229995552642 0 66.33589236227662 0 0 -4.257836684402527 -116.6335803078281 0 0 -3.149685403871195 0 29.25845712005783 0 25.48880011361135 -40.37635884088729 -82.95581066028134 0 0 0 0 0 -55.5921056709185 0 0 -1.430867264424698 0 -43.21646406941758 0 0 0 -46.7640700663748 0 0 0 0 0 0 0 0 -25.36937441715666 0 -29.1671240740132 0 0 0 0 0 0 0 0 0 0 0 0 -20.65667468974551 0 0 0 0 0 0 0 0 0 0 0 0 0 0 -4.061180351760324, 149.6695198094338 471.1187212627948 437.5979360282636 98.33966330812174 -18.0194669298624 -211.2911037327102 -268.1368858923749 0 -126.1454697888782 -342.3759130302204 -381.1892176567261 -305.2090683616257 -35.72342929613222 -169.0209978166536 -252.8662800136862 0 -127.2808316622299 -406.5980891666729 -326.4244418321701 -9.958269943910807 -155.1097372236501 -215.5917851484474 76.59845566710912 0 14.51984671340337 -85.79720365813141 -270.2325032754645 -192.6807138937739 0 34.30969679235903 -140.8914894337185 0 16.49316065926553 28.9628248809355 123.1132101682823 60.01785741462496 10.98490934507934 -16.13100951695337 34.64402775079297 0 22.70136864293754 42.61075116831184 -14.42570202077085 -5.049470450181264 -3.025289729171622 -36.90593376510151 53.75085488324301 0 -5.057776427020627 22.86093166695203 17.23229073082341 62.44834005842985 -3.799346128366814 38.88337843742171 -84.55227398716214 0 -107.9326139272697 -91.00044762463324 -1.935987682363741 -179.7005781272367 0 -206.6548549999876 -320.5030118476392 0 33.86636782869465 -105.7852843249777 -85.90001769671926 -85.62818917430786 27.73324991613058 -122.6217289742839 -78.10669534668013 0 -83.92477538475383 -72.26513708551953 -309.668295357914 -177.940719802547 7.470719546380124 -8.261672275164564 -55.38988729567625 0 -81.19219486553408 -56.05503393662936 -61.06413053754312 93.025774238168 -106.2661259253808 -116.748347797201 66.08212322222334 0 133.4558094067412 -38.42375665811569 105.1492134333072 0 0 -34.31413237316695 242.3179360474886 0 36.66768210094014 186.2651593304421 57.84801728315834 212.6293362137653 -78.81942598373411 280.9561799376763 101.1580152433354 0 49.13372898493382 170.5119979973443 0 141.9056568716508 54.4561193842579 137.8425176062784 354.6431337336044 0 0 -2.377449746041592 301.7679119739167 0 198.3147674609005 96.06969878612796 0 0 0 126.2804182447722 125.1037221491903 102.4908072347066 0 182.3897690859931 0 0 7.525922107304265 138.4666937102663 0 0 22.4114014202308 0 72.83964495802303 0 57.89721947707406 21.96540732927071 55.08736521824325 0 0 0 0 0 12.89447910855833 0 0 34.8326035183462 0 45.54305982648978 0 0 0 -6.52819646754925 0 0 0 0 0 0 0 0 61.33298406138937 0 1.740472775040075 0 0 0 0 0 0 0 0 0 0 0 0 41.30061204569796 0 0 0 0 0 0 0 0 0 0 0 0 0 0 10.49638497796171, -49.09629652046792 -269.0750224937073 -463.3409265526871 -254.5055847166268 -196.0467936260263 -592.1995263460278 -430.5051225162182 0 -121.6691634005156 -269.9398295312022 -365.349334853088 -232.9011734645986 20.47358400871996 -71.60706885127669 5.323135153288817 0 -93.98667793410418 -106.671061759935 -120.0162584525884 101.5120699083696 -16.93244722484159 84.77603394657544 189.7175688458964 0 154.8775048043623 53.16066825046609 111.8638663526086 9.534366317737916 0 350.8398860154556 167.8629780899127 0 42.19861043679425 214.8121753959989 249.6070492304789 263.9481823655245 38.89648241943936 -4.788546119324582 212.7980283442646 0 74.70004086221198 198.23067198373 102.575839350224 22.86897987824986 64.97523942991627 83.57866662732746 188.8094126831892 0 -22.11221296275998 84.2457371642377 -115.6658038899024 13.25440583761362 81.25915826497848 94.23397898237337 -161.853682694291 0 -113.8354349473526 -143.0203297901417 13.58428714182506 -219.2421647579147 0 -204.9320648615548 -254.122716260553 0 15.16981520533928 -187.6145287426142 -158.7973647811252 -144.7331010409237 -73.51503515309821 -314.9833662371004 -243.6798333180168 0 -52.26218231775009 -30.24232029580967 -473.1693788480379 -150.0819598489925 -55.24082054279324 -205.5101126928878 -213.8073967298174 0 -59.17100753216897 -290.9114464520455 -114.0211157682531 -142.2553473101985 -209.1945632051667 -20.29094170541335 80.12749035501176 0 46.29429567312513 -276.7550736811543 -100.7147312506898 0 0 -133.2099228800047 44.96926947265207 0 -33.91351875441826 100.6898569308206 -1.782766212426083 205.0676936765322 -35.305753500469 156.7732122828153 83.04020538905718 0 -0.8002435884528403 61.79088474231722 0 91.85892557834072 17.00638031723592 62.55667861181693 225.1861277255024 0 0 74.85332909314364 329.8043831796671 0 139.8743417243589 109.7981775059555 0 0 0 49.70655669301397 113.7308138519363 90.81852047527872 0 148.9906801834938 0 0 32.23639170477911 179.6441671468801 0 0 35.19583131709901 0 16.08096773741465 0 40.84175456558235 29.1487617836102 83.86015879281196 0 0 0 0 0 24.87038404944067 0 0 1.748516643002525 0 14.54990703664246 0 0 0 10.02135862915432 0 0 0 0 0 0 0 0 8.991526603182564 0 -3.274467305194407 0 0 0 0 0 0 0 0 0 0 0 0 10.17795883734034 0 0 0 0 0 0 0 0 0 0 0 0 0 0 4.106964925287349, -55.52911377755026 -264.7836681306237 -411.7329852827679 -206.9944224882792 -149.3333510336542 -426.599202181005 -281.8100648505686 0 -68.28799125484464 -118.5444580016466 -197.2152865726933 -95.22276796193026 40.29704495582104 9.065274077782895 152.5289830514948 0 -39.36833047105735 103.101016798613 37.10559289297035 133.6732008785481 57.67342022544398 225.5391636372006 196.2529078817792 0 196.09299044021 90.77447813286568 243.1749725784033 97.77767935102941 0 414.3961678361309 278.7903495512941 0 33.88831291092376 246.169842494603 251.4972134706443 301.2763375089531 5.930663798881397 -59.03991801405645 224.8257902946408 0 71.7372137680986 215.0722858117978 117.8583408304733 37.83673060166558 99.91479926464893 123.4445481914379 269.7200946215073 0 -27.589514436533 123.7718887274714 -247.2179534756299 -75.44275392060661 146.2003081127278 161.3696080106144 -185.6557145508323 0 -67.84200244208165 -142.1460447490472 58.22768330916485 -155.5000175147976 0 -150.2353631361206 -84.49123967633221 0 -7.744784213170881 -213.3807502102875 -128.5016742638031 -117.206241571163 -131.213979674121 -294.4817752748897 -369.039154395944 0 -10.74860855967674 23.47499464552945 -393.3706074619931 -70.5582115097863 -111.2983292239446 -337.6359712612453 -273.1920120093877 0 -18.4448618727514 -429.7354303873182 -101.1826303598982 -339.0848551141624 -197.5022357006923 60.82697083273367 58.6445806758321 0 -88.20476313342536 -372.9055068616118 -307.4460454164346 0 0 -171.1728632351444 -235.0780651690753 0 -81.99825111299943 -23.43636179320457 -72.49099299135489 125.1536273133011 10.44941559696224 -96.64552961853087 60.37560048985904 0 -40.36920925836454 -89.53085022997236 0 -28.08023261100901 -17.94340946329438 -70.66145907292901 -17.32362480581627 0 0 119.4425423505115 199.0691857888886 0 -17.30501679341664 115.7790947477068 0 0 0 -37.43927489833762 23.55764972480552 30.36725825877108 0 21.71785610940287 0 0 43.19749577711785 111.221150408634 0 0 44.97686351817791 0 -48.84616706449899 0 -4.227812170992916 16.14553911915893 57.56002588126659 0 0 0 0 0 14.96947364278838 0 0 -43.41115272537974 0 -45.94014816206823 0 0 0 17.99196998240429 0 0 0 0 0 0 0 0 -80.11010831386112 0 -15.63734172212231 0 0 0 0 0 0 0 0 0 0 0 0 -50.75369870651691 0 0 0 0 0 0 0 0 0 0 0 0 0 0 -10.39778989593545, -29.8795761457741 -145.7504296181505 -234.8062942874909 -123.5754726815304 -91.53273637916772 -277.3352913248737 -201.2030499532797 0 -50.93117154361037 -112.4333743280147 -136.1143086809011 -73.47561759969446 5.294720817661808 25.25713711707895 95.29387193122898 0 -35.10195074483323 9.447343291833398 44.4003310242859 110.1676527096974 58.819277953337 172.3334475375009 87.35450962609249 0 120.0281470223508 57.52494450124311 95.0810918867675 -13.22634535580644 0 221.9506430248488 192.4538312035035 0 28.15037415880417 169.5902227035757 167.7275900194355 246.7354661557709 -78.68800487908865 -193.4488450592972 63.73075355196075 0 37.34968263415858 159.6542082170936 84.83028086962184 34.94144228086491 95.5100033259273 166.0708705114213 322.2732993926054 0 -10.90680632760662 113.0715663447463 -254.041377757653 -160.4742311726555 176.8763878306849 223.3344978172724 -102.893948320769 0 15.98536375420736 -35.80526338713642 150.6735568212177 107.2885252414659 0 -27.92435731572191 40.26902352541614 0 -23.99204879690839 -67.96069417576942 84.16787541592151 -72.0811918137545 -61.7764598895636 -157.5085597346959 -196.7032838700219 0 -6.552475568184832 71.21843193002199 -175.8991347177842 1.696402385132021 -72.78856177105177 -157.830570325928 -200.7112768590703 0 42.34442392038163 -232.8598778959664 -69.15632876808652 -274.5875269068727 -119.3744054717793 40.94100890936603 36.84782906191545 0 -70.18744256025028 -276.0939989158442 -270.444216109354 0 0 -142.8407772013752 -202.3417868730988 0 -84.36633857432732 -63.18528795920399 -83.30274133695738 57.87509005005769 3.659641318738224 -153.2134185950425 75.0774118689488 0 -34.58823151804032 -129.5631665415389 0 -25.55589268884854 -37.70339859620447 -75.75628411915616 -162.0141764227703 0 0 108.3562906992412 126.2746627873971 0 -64.53183062766405 130.5749611085645 0 0 0 -112.3196968465535 25.0365028740316 -1.735448454893035 0 -75.73871219098746 0 0 42.08658490973268 109.7301342120747 0 0 50.63805199907125 0 -88.86322932500295 0 -49.8072760741988 18.64043336168517 55.97079147636158 0 0 0 0 0 23.51227617970364 0 0 -57.51181242584113 0 -64.39749265199981 0 0 0 34.45150900948748 0 0 0 0 0 0 0 0 -100.4763755376289 0 -8.334872374420629 0 0 0 0 0 0 0 0 0 0 0 0 -63.3040192481427 0 0 0 0 0 0 0 0 0 0 0 0 0 0 -14.34180542900888, 0.5515614923975818 -13.56481269650121 -49.70899477865285 -43.93261760157264 -47.02305648508935 -172.4021205460997 -171.9161286689856 0 -51.46427196735767 -181.5324293525511 -137.8992482376395 -112.3223809896127 -49.12697648407166 6.312646885792386 -55.6934433297174 0 -36.82734025661694 -139.9739772680614 20.55139461771568 69.62710861478945 47.57878792321468 81.461631108326 -15.14021914173131 0 35.89586483090893 48.87454018255112 11.77708891882302 -88.32429650674061 0 94.84270265554089 107.3627539430054 0 36.16791591643405 138.8730376770362 124.3147632044986 188.4488122875009 -80.78358777537957 -251.2651492134203 -6.547863170630478 0 4.273906435471726 158.5718395364262 58.04998234261572 63.28931633458919 99.22149677322011 194.5445619679426 275.9077436150498 0 21.51846187666286 102.9128367977643 -130.5774180689776 -190.1938456717225 119.8579465388507 130.0001375738484 13.87890022180314 0 64.86704419845239 108.1835439676581 135.4884584334301 255.7160779768232 0 112.2689923415657 103.01640840253 0 -32.17945793846678 25.79667249300417 148.2309826959213 -29.80746323570574 11.31422159813902 -88.15014996946789 57.4934705066885 0 14.04132280713802 88.9259356195501 -33.87763913995769 39.51366316693687 9.69445351613782 41.09225242787883 -63.49705439160068 0 47.19200622331945 -14.66299955768173 -41.32422478924454 -84.38253388384119 -54.6892602532398 39.39476179222073 47.05583523095176 0 -14.34908930698275 -104.8834528335213 -127.8952899985264 0 0 -63.34523078557544 -43.14242408960429 0 -59.42483275871717 -86.82190443668466 -7.474871234858274 24.15417977476076 0.8291844084036963 -92.62116749113622 69.53547844784524 0 0.03320232063865092 -85.2729859117091 0 -0.4430849965421118 -47.47573265204166 -17.07174628898827 -218.3256877508976 0 0 95.95349269466919 80.15136459517109 0 -49.148463029759 102.3444135642425 0 0 0 -133.2095093717606 27.01852109080953 -28.37716768626559 0 -107.9238078084621 0 0 40.408898453908 78.83637711232595 0 0 39.49207858710662 0 -69.84039617105276 0 -60.04004186617807 14.38992495562965 33.49747398296259 0 0 0 0 0 15.26875772778809 0 0 -28.32619465875399 0 -22.71138117911101 0 0 0 32.82366293959996 0 0 0 0 0 0 0 0 -39.1982675040646 0 12.30082009078593 0 0 0 0 0 0 0 0 0 0 0 0 -22.42788516377565 0 0 0 0 0 0 0 0 0 0 0 0 0 0 -6.034655171405948, 20.88505939757795 89.09569866821889 118.9840968916521 44.87969183648653 15.0785823258917 23.17808143475208 -32.42259726406848 0 -3.381301259213899 -104.7214946629363 -49.3220089016361 -65.35371696063771 -60.50908550573262 17.525238528281 -103.1114167400674 0 -25.05444718912465 -200.5366831298573 -14.88255079249697 12.51058470158362 -3.978877802035957 -45.52090160534061 -90.57820097425841 0 -42.58720389994066 -13.6812957898999 -101.3188179293031 -120.6426604600663 0 -58.30360929390022 -33.4860970868609 0 6.312603383532288 43.33651206524987 21.47253722894684 26.74691251956494 -28.86613842881591 -166.2164457550478 -27.74887500788716 0 -20.18126733301411 75.364878872872 -16.59704970437212 74.91383853115327 62.32868061927515 131.9883310068952 85.15538049541415 0 41.07693822612875 58.57791919294378 70.15500657319805 -96.32105910724054 -1.897634560919911 -25.5773586328509 135.1714368415075 0 78.34322332383681 161.8086290986875 16.04587629747576 182.7114053781191 0 189.3336551975669 136.5430440894591 0 -18.31174355522261 102.9925158025086 21.06488504692447 10.87965645786073 29.17432183509851 -17.91583615182478 207.3030748343802 0 63.68837975339603 91.368029234112 30.09945747851157 60.18129726121123 98.84120052618425 39.02965633819201 105.7970129440831 0 -12.1836100658012 34.41317238307103 -6.556053725962137 66.82656115551205 -5.827166128534657 92.40600559384015 77.63776764541964 0 -35.02280364125283 94.52805539690742 -77.94785369089089 0 0 33.77051189211139 18.76174750522787 0 -29.73529048162537 -129.1422111405032 83.10591164084656 8.231518341014997 26.89943154587157 -94.98350296628371 64.51198524355328 0 46.15977337827785 -63.01624947102411 0 -23.42563267431369 -35.66147638891817 -6.107687250529798 -220.1145605179807 0 0 95.27109446083895 -10.53601470415469 0 -87.53419963286152 81.48341830116183 0 0 0 -31.32344032462099 -15.00968991029815 -48.26773419385367 0 -97.92552580397631 0 0 36.00681701553011 -52.77282902130513 0 0 32.67190455373689 0 95.05387146346203 0 -1.306681133847949 2.490051103463781 -17.98764010293105 0 0 0 0 0 -26.50963579559895 0 0 73.65355028609254 0 148.3481739942117 0 0 0 7.208246356658348 0 0 0 0 0 0 0 0 132.9675495170637 0 55.15480482092198 0 0 0 0 0 0 0 0 0 0 0 0 76.45805751250624 0 0 0 0 0 0 0 0 0 0 0 0 0 0 13.48457745502815


GFLOW: 0.7 0.04427177899851432 0.04435530721950258 0.05717766487826235 0.05715740755424206 2.990446832664053 2.990449033156736 2.966441271685723 2.966416673080426 0.01250551952232249 -0.00012481098033591 0.01070848604263568 -0.002591594252886863
q-corrs 753.3322263625146 3002.839786477237 3957.55916691373 1717.6037490613 854.0167137137475 2126.104084181084 1263.670812587823 0 169.4057577388951 133.2177462852082 -23.44939970968714 -147.2885540268323 -67.99502544591047 -242.5317808030895 -506.1044379187708 0 -92.61119984106332 -553.4017603611288 -434.9537010072173 -172.8043639704699 -253.3795354830145 -432.890696325667 -69.53479665492523 0 -96.42261559732842 -201.1373555349214 -475.1239750807129 -272.2892064152144 0 -174.2249630090994 -306.777457426536 0 -24.8775329042704 -71.09385623337883 -26.95102509780548 -86.59151674567725 -28.79926759297446 -156.1238379983615 -97.67443957754423 0 -117.2451373721396 -255.1365671574489 -92.24838447606132 29.1193422767256 -38.22847905938876 -116.6686629508189 -90.30349386363389 0 -12.86667447032347 22.3890870942576 -145.9113338346559 -129.9436775721239 -76.68660483758705 -147.2203837227032 -188.2396156104697 0 -1.331038864212069 -121.7009185865966 -83.22811948027635 -214.5999479096497 0 -98.62310751441021 -158.6109285083629 0 3.970387607839886 -181.7995355103309 -156.9138919969737 35.44959835266062 -43.97823852585023 0.7008373752798747 -106.5017832303809 0 -68.58902298975117 -81.34627307977686 -53.64095974911271 -70.52631863993531 -34.81359808619523 -92.24386211114728 42.67437357276076 0 -57.58472068396051 -74.68231693973999 15.40673065359646 23.72357292974201 36.68946106278162 -30.98786990634958 -0.97862368167619 0 -20.32385815288637 21.80711213186835 1.140047277211622 0 0 41.45044737690453 -84.32029691832585 0 30.19861450054764 34.91535395899549 32.67190305287208 56.9348870214916 -16.22039225581656 -48.76286060900276 -12.74473101414293 0 5.487021641432774 29.59665481851941 0 -98.97503557323449 24.63192648529891 -48.99153404462261 61.14931326935147 0 0 0.9585550429374337 -61.78873999490832 0 -42.04560673666823 -22.16707171709221 0 0 0 52.94258333080487 -135.4785740467678 -41.65809354386553 0 8.780746628867066 0 0 -0.03499736679513887 -155.9804331472218 0 0 -9.279471606841149 0 -5.657548879535103 0 7.480502702724525 -45.81593542048468 -100.7422603397733 0 0 0 0 0 -58.61298416850119 0 0 -18.27721056965155 0 -63.04802132438488 0 0 0 -44.08185710472083 0 0 0 0 0 0 0 0 -54.40106476503056 0 -31.85762584023464 0 0 0 0 0 0 0 0 0 0 0 0 -40.19207849087225 0 0 0 0 0 0 0 0 0 0 0 0 0 0 -8.692008887752683, 496.5751049541677 1962.040373291624 2556.042954447973 1092.105945208621 530.7381768909322 1282.04107089512 725.1741695601008 0 71.59089224126618 -10.42954666292992 -110.8620738231977 -174.2947726377683 -57.11238548773782 -206.2844199779677 -408.0359370633979 0 -91.67530217606379 -475.1649595648485 -371.3041716215023 -124.5745965694073 -211.1298136025738 -354.4651216374426 -40.92656842969986 0 -74.42892786993627 -161.5765669600026 -397.6140428226098 -232.0032873374408 0 -139.9344545995619 -254.0334963390316 0 -14.95156138478681 -59.73550103460066 -8.984808475503378 -66.51065635822971 -18.76680992121838 -96.72140304467186 -72.38575722993761 0 -72.28131522225493 -166.1152919965385 -75.15378792109351 12.039812540444 -32.42742697881476 -99.40516823701994 -65.9967865132584 0 -6.868948016129735 9.171601881627939 -59.86167694125592 -52.92813594007752 -61.9422797772374 -94.70247977988134 -125.521458914487 0 -29.75305535377277 -86.52885950918088 -59.54713050568833 -173.8678592118982 0 -110.5509754260012 -186.7752682669283 0 14.70896163443619 -124.2670812576663 -111.482349168563 4.67859354635757 -4.540295246876159 -16.39285419908727 -56.37667300854748 0 -66.98566589380384 -73.91877203503299 -102.0216136072612 -94.00715090913995 -9.308102438037549 -27.29348233963038 28.04888760549935 0 -61.22161061315715 -34.72710502281937 -0.3964783633686721 66.68277029374744 3.289248683952682 -61.67478672945578 16.98985079263297 0 32.69314799962515 29.77870311753351 52.07522532738714 0 0 25.14562312003499 34.29945479322315 0 36.4087620201954 78.93859837953096 38.15225065583041 88.35209515169902 -36.41446657528752 52.87656477642676 21.29713541442926 0 22.26616963402018 75.67642649388385 0 -16.6800307278174 32.6918574717707 15.46300987863491 140.7408195803962 0 0 -14.23700593307228 31.06077241204968 0 31.12528970720891 11.90758622210944 0 0 0 70.68324355524517 -45.1601041338173 1.45278393018161 0 54.34418292710514 0 0 -2.841915151211516 -63.94426443039067 0 0 -0.2976639235342891 0 16.35050201514181 0 19.74727544138994 -21.26869657718262 -49.77896804826926 0 0 0 0 0 -32.2632147499818 0 0 -3.24854422806732 0 -29.79252925594393 0 0 0 -29.56067726138897 0 0 0 0 0 0 0 0 -21.11076429672289 0 -20.46110838517911 0 0 0 0 0 0 0 0 0 0 0 0 -16.84319973704014 0 0 0 0 0 0 0 0 0 0 0 0 0 0 -3.334657262535898, 121.0293110942508 437.2378631270498 501.6326291007427 176.3079530991918 51.215665283882 34.37584863327776 -62.76603879109567 0 -69.89846189354182 -211.9378258352073 -249.6242285586992 -212.029205339523 -31.04259116219834 -142.3599197810379 -223.4390043096283 0 -86.3316440513602 -305.2429277450192 -241.0484350857641 -28.92013694844186 -119.2768031608525 -170.9987667946119 31.07802003640334 0 -5.567581094070732 -71.45631528813477 -195.3645914940893 -130.6093453355676 0 -3.456746894626146 -100.5851979973212 0 7.002108741191005 9.499693844258713 54.74865265159576 23.64860684230835 2.434346690401846 -18.39423510677332 8.713059693059449 0 2.571051783010123 -2.689833734163003 -12.70329421232548 -5.959245428022685 -7.842502542214193 -36.7337590753945 8.084656218904151 0 -5.748987216175604 3.056605938113343 14.59492502518637 40.64186134160732 -15.07644110673028 -4.949314164661393 -68.78222124977204 0 -72.78128797445677 -62.88992113099476 -21.79369619709226 -132.8051532988257 0 -133.8071029863912 -218.8589177208965 0 24.14953954495664 -68.5414511879415 -73.36834550363781 -62.45583975506417 17.18670936965109 -105.0962830457656 -31.42671724603771 0 -60.19480844869748 -55.21813376777669 -231.7126869466632 -122.1217869960272 8.902263586627782 7.411589451045444 -40.10136684539017 0 -60.8412283062995 -45.19098922584926 -41.68305804650208 60.02848972528413 -75.97403788660299 -77.81982265240657 48.75775022949981 0 90.96754915058756 -36.61005538793227 68.26417611632996 0 0 -27.28455159011747 153.7025015196017 0 22.33580369207891 126.1106496345165 32.01640602299119 139.8143036171911 -51.12549320471889 176.6701318440208 62.55467609735163 0 29.39989268696515 110.1607604558917 0 88.89170543217729 35.97503769010427 86.59950023356967 230.4674925319511 0 0 -5.133704193734189 188.9579170741156 0 124.0243450146865 62.10923360361427 0 0 0 78.20808948900583 80.76219066511234 64.45768376627743 0 114.8306255943738 0 0 3.480150551368641 88.21256526365394 0 0 15.71158859844383 0 35.64510909989311 0 33.98714447515881 15.49623322504095 34.96951844070497 0 0 0 0 0 9.788837836432304 0 0 12.39475128001806 0 14.75487220150553 0 0 0 -3.279889978322734 0 0 0 0 0 0 0 0 19.89667848194805 0 -3.271292376604267 0 0 0 0 0 0 0 0 0 0 0 0 13.72574020054188 0 0 0 0 0 0 0 0 0 0 0 0 0 0 3.876895076963037, -26.78781443413704 -157.8594736436297 -289.6870263288704 -169.1192834444269 -128.7079243304302 -415.9428420041401 -325.9696928213826 0 -105.3998254333559 -230.6817890099183 -257.2518537385595 -175.5368106933519 -1.215877157426133 -72.75054291424443 -42.77192520432968 0 -61.73238094427053 -90.02211428974893 -86.39888099212757 59.69320420279824 -15.71377621016186 47.69267661209823 118.2416791992082 0 94.97719498061649 28.45064029255617 65.87217139033174 1.376139224673297 0 222.2249667321897 100.6215412565174 0 29.41205472886955 137.3316410325134 156.73464363587 162.6000371345454 27.79738053288635 -9.539369587473722 125.7583855392841 0 43.05291448594345 131.6458607844789 72.01270981959009 9.55306539506131 34.66670390583815 48.73932925236205 103.8633961346773 0 -13.15672211736392 26.97848483797832 -65.5412097535368 18.30651499080174 44.54835381341589 44.90568017712686 -117.5241209047968 0 -87.9815583321206 -97.56715002476122 -1.758174611296841 -152.0745988917125 0 -152.5525598192336 -193.6177878658075 0 10.36522636890393 -130.2498853428998 -123.5077577681934 -114.208891375223 -54.46936775377299 -231.575715429303 -150.5785709657761 0 -42.15893240286032 -26.57859179591359 -353.9940488729304 -104.0576439727489 -30.17042062761152 -140.9455927953781 -140.1682232841546 0 -46.84827795030563 -208.5595635360739 -81.0204079563691 -101.126294837837 -142.7167255925763 -13.26650736447632 61.63438377832931 0 30.43724804884785 -183.8455085830644 -80.40581029570559 0 0 -85.87748884887293 31.87788030377356 0 -30.19291874551828 70.75053456347912 -6.28242724430855 135.0191751015537 -18.4528008258265 100.7913633800786 61.6703444671884 0 6.01030925318836 27.03826038912155 0 64.60074202848887 13.67061487179764 39.9043439384075 135.4854527151436 0 0 51.89155577475537 218.1341565019396 0 81.82264181611659 82.17208744985692 0 0 0 25.94195953372694 81.80856234869267 53.94067307414557 0 81.47556284590772 0 0 21.41702026668095 125.5666638958966 0 0 26.84240770222153 0 -0.5596308697031986 0 17.8113398288031 22.69381813767869 50.88435831861266 0 0 0 0 0 20.47941257874505 0 0 -4.367184266098558 0 -2.951076407669365 0 0 0 8.114456806691555 0 0 0 0 0 0 0 0 -2.831835119598562 0 -3.794406000563168 0 0 0 0 0 0 0 0 0 0 0 0 2.001498651343454 0 0 0 0 0 0 0 0 0 0 0 0 0 0 1.604093967100945, -40.06037799291721 -197.3397599721855 -319.2813521739782 -169.0053221959468 -116.9381387358882 -355.5017779389711 -259.4438205322206 0 -71.97573467548108 -140.0719282059298 -161.8272850818961 -91.34094600222824 13.83000975914171 -9.799305837736725 70.87945306193741 0 -32.13414467313481 44.21339287920039 19.84388441969677 93.21219848638054 42.4128221847001 157.2333831283994 132.0440932772497 0 131.0003599268269 64.31244260052858 164.3242049277154 55.22812893365336 0 283.8369212924176 186.1229587994937 0 30.0112087005387 173.8884763590408 174.8032096603887 209.7395156465834 6.796262875433271 -49.15123749138017 141.4139042469718 0 48.20347008676335 161.7444383409753 91.01236979816721 16.31470727363557 62.09483385256907 82.44490813089706 173.9572070460472 0 -18.3296600631097 48.48513030060776 -175.4624582754616 -46.03867672562212 90.96427832192782 92.98001198814745 -140.4834056456477 0 -69.82596593999267 -104.0534515479904 37.99615886198767 -107.8891588039484 0 -137.2747620392404 -97.15121521247727 0 -7.952862911776777 -164.7957164501366 -114.4653106791377 -109.0375618541349 -104.8187961667459 -231.3146969584165 -250.0146138893349 0 -14.26863372222097 12.34048381185945 -318.4120607632472 -53.46320639192167 -68.65944116234134 -251.0872055326059 -182.8685843918545 0 -15.33896038717257 -307.0797368054851 -81.15316248234822 -238.0326248863815 -139.5704354341914 45.49214567846521 44.6527147191138 0 -59.17271419559725 -251.317764942392 -226.5000745217446 0 0 -107.939165413679 -137.0638293813458 0 -69.63713804249002 -16.76302665817281 -49.08310810807504 80.2038107029703 14.8496103478477 -52.66150076194272 51.21681565657752 0 -15.05934784306349 -79.3586669155703 0 -2.189213343101414 -12.14288171632264 -39.52279544128649 -30.71449164310659 0 0 88.3665282913141 147.083245148818 0 -15.64009830936689 88.55808666440649 0 0 0 -37.58844745042605 32.78436076392487 12.24597471121655 0 -1.381178066353662 0 0 31.2516774014291 92.1894651639783 0 0 33.25518434645483 0 -44.38497828812741 0 -12.17411112141146 16.15262318707778 32.0465630652584 0 0 0 0 0 15.67980219410364 0 0 -28.59118647587734 0 -38.31127376309001 0 0 0 12.35811135540933 0 0 0 0 0 0 0 0 -47.13269663634536 0 -9.594032146277236 0 0 0 0 0 0 0 0 0 0 0 0 -27.06296107124142 0 0 0 0 0 0 0 0 0 0 0 0 0 0 -5.216998989084706, -22.33927440675032 -113.1666770988758 -188.9286193344892 -103.8182619870273 -74.96225954530249 -235.1132576832732 -181.8318821854832 0 -50.87593764050585 -116.8779340869841 -117.2253220784739 -70.79057153138652 -4.258613480694009 3.366821585616208 39.70384836867358 0 -26.82718015108513 -5.682174552502097 29.09480583904728 73.16929349983991 47.10862816649122 132.3863208169613 60.38034012005123 0 88.13701767927486 53.58215674763407 98.03212708463596 3.809561767512697 0 180.054811396303 158.201645415284 0 26.98802533233694 139.6478830007954 131.2988932477994 194.1233305921171 -41.97209977214057 -117.5337057428956 70.41553176574747 0 36.02386574586204 141.6415643186262 75.0829775917968 19.60033491864753 70.22014018332118 115.1680461478259 220.9830687038 0 -10.31205638488583 63.33837551402171 -190.6532923346498 -101.3086221162601 115.7780875641427 140.4485456130556 -79.17439791397594 0 -12.7189347655346 -37.63757701026399 98.87245369300592 52.29087606472029 0 -51.43775019756788 3.895431676955873 0 -19.70938435921809 -79.12840398153753 14.84149770739265 -71.79509115782926 -65.10193142663748 -135.5194447343968 -161.2334507271945 0 -3.005262266668439 48.09736739971152 -159.2898520510292 2.266658671384931 -50.08124287930923 -155.9118836220714 -135.1384965863865 0 26.73141645052326 -188.2983281978812 -59.30348445639032 -201.6280585884006 -89.22994362430597 42.1946993518627 24.90745410421172 0 -56.34016061034228 -188.066451269986 -202.4608446425666 0 0 -86.77619569991018 -123.062335092607 0 -70.10173537576023 -53.71946413418242 -55.01978626270017 29.21042058865279 14.57942327981161 -84.96647242408372 51.10380600799864 0 -13.23656153258511 -103.4059336408806 0 -3.800010938681964 -28.58903712153597 -44.33471932033653 -120.6708210600786 0 0 77.87247415515023 94.76282568983694 0 -42.4001201821676 85.21552523971397 0 0 0 -86.21233072442713 28.35544787472067 -7.300026866209764 0 -53.7405226112256 0 0 28.47882978806467 84.45206700027884 0 0 32.17267205286996 0 -72.86860729584471 0 -37.66561125566906 15.45646396717238 29.49457339703923 0 0 0 0 0 18.9097360714408 0 0 -39.71883180807131 0 -54.2794629673418 0 0 0 20.01037414935526 0 0 0 0 0 0 0 0 -64.28606377072359 0 -7.826870204099566 0 0 0 0 0 0 0 0 0 0 0 0 -37.65188902177287 0 0 0 0 0 0 0 0 0 0 0 0 0 0 -8.068478035247235, -1.021406675333196 -17.73786480435621 -49.34225046441345 -38.75241157232897 -37.91466119192185 -137.4603898756179 -132.3722145478011 0 -43.79340876519673 -136.3586036631876 -105.9407756811451 -84.76164357539707 -33.22330937444553 -11.04296862036663 -52.72420127706108 0 -25.36174007164578 -94.66065510628145 9.22435708439285 37.87303415311408 33.78091831721862 67.92045210820493 -10.33795203381883 0 34.29116155734072 42.05215220464056 38.07237422883036 -38.08094936303317 0 93.1480315205937 108.6613428495829 0 27.06187888369393 114.9241621812977 101.1507141540203 155.6119305523014 -45.46977628014628 -145.5338440332333 39.68575809511677 0 17.81383162426875 139.0129426390231 55.35456808377349 45.13550127122691 75.95990021187473 137.988408928342 198.3355697242631 0 9.947326050950403 81.2633805210106 -101.5596667899556 -116.2815400170598 87.01677899942837 104.1952986064742 15.11526826572982 0 39.19347811445634 56.5201212509145 95.4207423357514 153.210339239404 0 58.55653563058623 70.95306253115965 0 -23.35140664888512 0.04006918774537027 78.59120850726056 -25.22409097915311 -7.420694263343831 -58.85518215507382 -2.363321664693331 0 11.03021466714418 60.28932091470318 -26.42607694192236 33.18795033669561 -1.101617886197999 -19.42934885122767 -45.22347951631539 0 33.74122974377502 -36.49933806000954 -32.47577564795794 -76.13871223989119 -41.49365566309005 37.24149936218686 25.23780512937351 0 -20.75153050458884 -69.01855226940097 -101.6249407510539 0 0 -39.42649417389944 -26.65300886996213 0 -46.96891479168151 -67.93457946586668 -12.62482434643209 4.777037616406894 10.94420423708313 -44.57539227189888 44.10331529310169 0 4.526544621258004 -69.3191220587062 0 10.92680166733409 -35.11501295213984 -10.13550370112882 -143.2025382028766 0 0 59.87353509414517 59.14759661343697 0 -28.9540849766227 62.58914534604176 0 0 0 -93.06813204299789 27.37846008751358 -16.5506789632601 0 -64.64429263614626 0 0 23.08158812635759 62.43675250524454 0 0 22.89520152441388 0 -54.32389241086793 0 -38.51024098098529 11.68725499442117 22.82381998666198 0 0 0 0 0 14.2341812571456 0 0 -20.75141668207817 0 -22.14128991787133 0 0 0 19.99893778960879 0 0 0 0 0 0 0 0 -27.11821523030348 0 5.137198697078009 0 0 0 0 0 0 0 0 0 0 0 0 -14.59814099036472 0 0 0 0 0 0 0 0 0 0 0 0 0 0 -3.666346998244698, 12.92306927025425 50.35331192961161 59.85687620912286 18.26786150634886 0.5741520957848678 -19.7727546996223 -47.96884560381542 0 -19.13777630876352 -93.86017211196329 -58.39164616429265 -61.72537608743626 -39.628898569779 -13.79116288673355 -91.98177902133752 0 -19.18015840540016 -136.2770056911116 -22.82050482295758 -0.7621885247732774 -5.35123014422722 -22.85028172007718 -52.77824019556351 0 -15.63326856764831 -5.994630909354449 -54.86335938175773 -65.91049462964865 0 -8.650330431748216 11.44407924150157 0 6.44727470129708 51.46700063855592 34.93284054481519 47.87269688413774 -22.09872923263261 -113.3384146503087 20.00999074121601 0 -7.126355824683433 81.14929591220431 5.355021868979126 60.77863783430297 59.73754005276409 99.44327929854846 86.14556108925417 0 23.9582888669309 75.77892222654647 26.54847681488725 -65.37644002051405 16.58907020326428 18.92832971165284 103.5057159681168 0 67.95864508051915 105.7164699223503 27.14441399855724 127.7978050068492 0 133.8109273367505 125.2014586541775 0 -15.0524760160298 63.44032911828607 38.37408083165714 18.89318582257953 18.50661398392893 9.086357859497596 101.5019169435452 0 44.21854482267054 68.62046561340875 52.31414503813215 58.43562483167617 55.15115251870118 18.16401816998038 58.30374840774421 0 4.15721674091272 19.75608491967903 -2.319969277646798 22.62202208106442 -2.889110020959983 71.47028311094226 63.36040116410195 0 -24.67112359036357 70.67137042565372 -53.79511597268311 0 0 15.49922591511879 13.64068521340261 0 -23.96155250159365 -85.75521850247537 46.03143858446982 10.5366628608209 27.36971922119444 -38.2224069315014 49.67769117885069 0 33.01554808741124 -51.82508447662194 0 -2.511015363308069 -27.28251389960221 -2.631168107856309 -140.6417243086052 0 0 63.6123916154146 18.32525069590412 0 -49.58559357433914 59.66603383368114 0 0 0 -30.35770442567635 1.985152890258568 -23.26915082756006 0 -58.95564049255172 0 0 22.01101578436537 -6.558652381363061 0 0 21.32791871482728 0 51.01015632374889 0 -1.920009013741346 3.88721303186888 2.695015762178258 0 0 0 0 0 -8.161586043431264 0 0 42.99133101766536 0 90.90404226270242 0 0 0 9.51350914527419 0 0 0 0 0 0 0 0 80.3300677798036 0 34.61484522883299 0 0 0 0 0 0 0 0 0 0 0 0 46.30544659019789 0 0 0 0 0 0 0 0 0 0 0 0 0 0 8.033312044560486


GFLOW: 0.7999999999999999 0.0356740186679212 0.03579809922651375 0.0449071115936347 0.0449596661530435 2.992572752695848 2.992563011508722 2.973434961177219 2.973373351608342 0.0142105428086233 0.003622833406811777 0.01093135688636078 -0.0003942516791567574
q-corrs 479.75108433849 2014.073215526421 2803.441787183219 1290.898672753524 674.5530997383056 1813.885854105828 1192.106838498994 0 230.1089635663418 314.6269606920087 98.97470654440815 -6.184615148535439 -14.7889850597672 -112.9228397279264 -261.0479533511912 0 -67.52136859919469 -376.3534976684053 -311.0434796700716 -121.0168315259187 -192.2634152018904 -329.1140502417572 -55.00534492299313 0 -83.96782950903592 -167.912320165121 -387.7776012009366 -208.5962808514425 0 -180.8178768663895 -253.8336792155246 0 -28.88847369712067 -92.07428926797002 -60.04673847270441 -107.1628272746401 -34.39706453630785 -111.0228150383656 -115.2868039453638 0 -92.52151418194731 -226.2126143283016 -94.55692710151517 5.030388453688253 -40.88357874977956 -120.0669911643259 -99.29642304734614 0 -9.721443275966989 -14.45811980949352 -101.5442711976676 -87.30520083214446 -71.05097619359174 -135.9417473098384 -140.4491601693499 0 -24.10449169477651 -81.99605177733648 -70.18351993267554 -160.4924219843181 0 -85.34274086730251 -138.2209970324736 0 6.113662795087675 -130.8325581796548 -125.8844615733278 18.39395099618472 -22.78887171367204 -19.09059926335257 -52.68082486885601 0 -48.61170158258412 -67.57283826579791 -62.27170903117191 -74.67554048546262 -19.60554658504162 -34.97838046854459 17.13791526136709 0 -47.20880793667885 -41.02097332829979 10.50212199856042 36.03804665901313 14.85766198359129 -35.09105808676455 -6.264796789568411 0 1.291520031303785 9.225551636214405 18.32257718890593 0 0 20.25674468616632 -26.53763887631761 0 27.78963683514967 36.86829222167327 28.57707569302953 46.37735491989922 -19.23068064022371 -15.5805815299916 -6.03643778577843 0 3.480419473933741 41.04215553839645 0 -49.72257010738331 18.51197771029534 -15.09783701284381 60.00750203502156 0 0 -3.829843175520232 -25.27854591890812 0 -9.378058419143008 -11.54733628386031 0 0 0 37.70535251480757 -71.58124093442581 -22.80031632675354 0 17.11788495603064 0 0 -0.2808379989130643 -87.6770692349014 0 0 -4.937279370901489 0 -3.484240932971591 0 7.469388637247649 -25.3414232359606 -60.73189206243929 0 0 0 0 0 -34.20760577324398 0 0 -11.6882820923852 0 -39.74973115959827 0 0 0 -27.67500670539284 0 0 0 0 0 0 0 0 -34.35582490665712 0 -20.58274636699624 0 0 0 0 0 0 0 0 0 0 0 0 -25.33254703261631 0 0 0 0 0 0 0 0 0 0 0 0 0 0 -5.413980183675653, 331.8445309868829 1384.277249064456 1911.39360173435 871.1784331013591 447.7665467477394 1182.988110287059 758.4389624473222 0 132.0624860679954 150.9048216310775 3.061731268366486 -58.20370999991065 -19.54998598774851 -113.7547026363686 -238.273273283282 0 -66.03864654121088 -334.8882828783937 -271.3776928961964 -94.61850552665001 -162.2084353999662 -273.7394060319384 -39.6117473669604 0 -67.21573086385314 -135.7260381957167 -321.007003294597 -175.6725175335533 0 -145.5092766006775 -205.32749959221 0 -20.39110112565574 -73.68694677586323 -42.42193140381491 -81.61651241250817 -25.75851443148347 -72.63939014195591 -86.53487434728902 0 -61.59858170058288 -161.5983973916477 -75.3642037272854 -2.319317880665976 -33.44587615463831 -98.88106593257059 -76.1161822322357 0 -6.669077357785224 -15.32131902498322 -47.91905749818778 -40.06344945271479 -57.47050235850072 -96.83287313304137 -100.6278954061561 0 -35.097748295339 -61.48097145473662 -54.55931289771296 -133.5330002240007 0 -85.40020747058296 -149.394920888817 0 12.14551235158251 -92.14938630130555 -93.58308704851331 -1.148548278136557 0.372420924848873 -30.77111476278757 -22.63308937742519 0 -48.13533304884263 -60.95101259767685 -91.47356096857058 -82.17271524843285 -4.896788686361777 0.918889588609165 8.793453541048986 0 -48.04970944870223 -20.00254474630835 -0.7565366227052444 56.1011360243587 -5.97834784938911 -50.45900554030446 6.869113325386628 0 32.43762604263611 9.638044094157038 45.66823810469704 0 0 10.09564548519449 38.4042376975567 0 28.69498877542799 61.98275868029112 28.13792365643454 63.65520689056297 -29.56145241301989 43.55948839675772 12.85859582620139 0 12.25366868625153 63.40442100817528 0 -3.126972611293108 22.84474041990828 19.39863483011089 105.9487994432686 0 0 -12.22400824172382 28.56224458992432 0 31.23464272030014 7.918809255951885 0 0 0 47.23750421953746 -19.96356836987457 4.048589253924092 0 42.99047392388898 0 0 -1.964427319228705 -33.07267723516012 0 0 0.4084855974156856 0 8.132422816254994 0 14.07060601846844 -11.02001670219827 -28.56451929684289 0 0 0 0 0 -18.30093334069499 0 0 -4.613018415713235 0 -21.64794327020609 0 0 0 -18.1837380021686 0 0 0 0 0 0 0 0 -18.16258547922985 0 -14.16867178947223 0 0 0 0 0 0 0 0 0 0 0 0 -13.80809364534691 0 0 0 0 0 0 0 0 0 0 0 0 0 0 -2.771437217219445, 96.59074534974722 380.4181754931146 487.3402324876452 200.7324023360302 83.24928112870691 170.1324983223069 65.30694966140568 0 -23.28893076498338 -103.5990573624922 -148.6151617454727 -134.402412866827 -21.33286926192597 -104.1083238338179 -170.1972600894035 0 -59.67887370492397 -226.9383926090229 -179.016257461752 -32.75995312976675 -92.66954006826825 -137.07597398782 8.812800930288404 0 -14.31740689865465 -61.27646359847529 -153.7252441105777 -95.89162979614584 0 -26.06768556106905 -82.0619735095634 0 0.4742049674897402 -6.476047149909331 17.53519629966561 -1.103112290999345 -3.526956431272131 -19.82407435950588 -12.40556082511317 0 -8.104732297465693 -29.96214172418569 -16.80665058295916 -7.570448813081929 -12.87079846189778 -38.96018135992485 -16.21773007130832 0 -4.711565675459696 -13.13952161580245 5.18732292033225 21.09199994961252 -19.99945780292907 -27.52450123470601 -63.6463029003752 0 -54.78947301615388 -47.55101451500705 -28.15900906150827 -104.3484122912966 0 -92.29655898201261 -164.4976734991316 0 16.4557304056367 -54.50487464340607 -65.1192209359085 -48.2953883571233 10.45167214013376 -90.81893627383168 -10.99994326251317 0 -45.00858518147633 -44.58848354506439 -177.1413475084121 -87.94909592685025 6.234399966514275 8.754936394629848 -31.73722887903903 0 -46.10543517674395 -36.73804436373226 -30.66875307898973 39.27983582604769 -56.81828298750658 -53.20131700885921 32.76158266966717 0 63.814874849906 -35.37690420795188 44.41886809181451 0 0 -21.60915437188002 100.2921758949258 0 13.74426006689895 86.30144634273501 17.99117926604234 91.64688867022515 -34.06756261130379 113.7630647895764 38.91058021661128 0 17.3055800506614 72.05948618187949 0 57.46657913786935 23.65096275492231 55.76311549760666 149.8913296856229 0 0 -4.633714418144358 120.4627048080951 0 79.42194783270605 40.206558451688 0 0 0 46.59279197801833 53.64901170467606 40.09151246264106 0 71.99356915781777 0 0 1.900534369748714 57.87198582634795 0 0 10.83270228367241 0 13.90159489279385 0 18.70834340758254 11.10509171646782 21.40431119249661 0 0 0 0 0 7.41876013513296 0 0 1.317171233463981 0 -1.26583661046682 0 0 0 -1.772307383105479 0 0 0 0 0 0 0 0 0.4836282825330258 0 -5.058271317871769 0 0 0 0 0 0 0 0 0 0 0 0 1.107339476142858 0 0 0 0 0 0 0 0 0 0 0 0 0 0 0.8271413792387369, -13.18247940067177 -86.28463469492263 -170.6812937519885 -106.0198748780071 -82.07059091847023 -279.8967969899206 -231.8506600584309 0 -81.90305726360819 -181.63206472983 -183.7367550217435 -132.3512720773078 -9.3377746891413 -64.56808229077342 -59.66676309960776 0 -42.70730147355381 -79.14379605979997 -66.75702731133181 33.99860327007957 -15.4723250551089 22.36213816771014 73.09676792254723 0 58.19842487879679 15.32031814035713 36.33416466565701 -5.571169019656763 0 139.7974693237229 57.65215923394226 0 21.05115719924176 88.76649842940036 98.48640924748628 101.1983447444662 18.3299511942274 -12.81123307049498 70.10182718092446 0 23.28505397601396 79.92173052495605 50.12450989883194 1.783097593218745 15.34326818093153 25.92256286683366 54.09900698177971 0 -8.378244935376367 -3.873105261950872 -45.08179899127164 12.5512166448733 24.09889943797028 16.20176335830921 -94.59430123077135 0 -68.98165477056034 -72.32955391973064 -8.912407650562116 -112.1143336130013 0 -113.9036747344055 -152.7580809801526 0 6.390831660330131 -94.2161107812619 -97.29678258558093 -91.14230530551306 -41.7296145982915 -175.9895486022951 -95.23853287202047 0 -33.14302686026396 -21.44709422347938 -267.3189711318258 -72.30200328557234 -17.00204008837585 -102.9406530534996 -95.78081706832387 0 -35.46177722523701 -150.902890165416 -60.51412545627804 -74.36106835909789 -101.6922084465925 -6.817145465941744 45.13371240561225 0 21.19866908814726 -128.8548287107528 -64.27137607440334 0 0 -58.18059454596135 22.85110341629012 0 -26.27004545834177 46.97187606159505 -9.065553759538785 87.26788396279608 -9.348704325943327 65.53141554910002 44.71648031353684 0 6.554182480251467 8.07012427003794 0 45.97535080744993 8.709602314770031 25.24064994288613 78.21172439572328 0 0 36.07787111177386 143.2733035956539 0 47.96351641998041 59.62875654545697 0 0 0 9.012213635548388 58.72330994984367 30.5219281250647 0 42.93731042755022 0 0 14.37373034180621 86.183414887078 0 0 19.65755672328321 0 -10.99459447251614 0 5.071478850116245 17.13246942078171 29.25791711533774 0 0 0 0 0 15.4594355144513 0 0 -7.947426805907314 0 -13.24820044913693 0 0 0 5.586516655241633 0 0 0 0 0 0 0 0 -10.07452546791487 0 -4.656833822665279 0 0 0 0 0 0 0 0 0 0 0 0 -3.169068546554414 0 0 0 0 0 0 0 0 0 0 0 0 0 0 0.1270353824412607, -29.08350575723973 -146.9216450121367 -244.5162408948978 -133.8447332165042 -91.15719670687081 -288.4767006739162 -222.7081514441312 0 -67.03993786996728 -136.7101449612288 -132.9513138071869 -83.49780449608275 0.6526617782292448 -20.59243881773521 21.04950171585383 0 -25.26866633745299 11.08554971557243 7.250550916827265 62.8705997413801 28.83122474286411 105.8000870160988 87.79722532462783 0 87.54807357231755 47.26376125629432 114.6772487819201 31.82816564592986 0 195.1323533586245 125.0749560378712 0 25.665382527673 124.3934432500902 121.0183987235274 146.7824446936685 6.677311243902782 -37.85376266288876 88.96844926244162 0 32.15044265909403 115.0052709811054 70.95107483780318 4.853064034657336 37.13049283855458 55.12545084140583 111.4069947738298 0 -13.1232846610657 10.18980281724683 -127.4936130687353 -29.1912080105695 59.04922039870775 54.84675559454379 -110.5101674300175 0 -62.01767225468097 -81.32835916985665 23.63336808441107 -80.43282500195892 0 -114.7873130317832 -91.14201326807583 0 -7.086156506330198 -120.0088920430896 -94.87989698117136 -94.66721327115445 -83.34648687236118 -180.539187399874 -170.8192527941004 0 -13.07585526293295 8.668916399141541 -251.7941958799954 -36.39991848990317 -41.60732380145477 -191.5930764346537 -124.42094832876 0 -11.3222353780154 -220.9905250841702 -64.83248707000854 -170.8164515341481 -101.694654817279 36.90980257119178 34.26424390373949 0 -40.27566519426082 -172.9296380418189 -167.7856517655493 0 0 -71.28603032153825 -81.33950888590682 0 -57.22456433623408 -15.50232494657665 -36.01543866358608 50.28775216575994 15.62923161164719 -28.38252460355071 41.22424174544433 0 -3.933873909197539 -67.08351098463984 0 8.550977531725181 -9.946621302529607 -23.12047762080714 -35.65380368335808 0 0 64.23080678884897 105.126800559386 0 -13.69610897024092 66.34545737760378 0 0 0 -35.27092113564449 32.5652218802723 3.054783093031149 0 -11.57945981670935 0 0 22.08067838324217 71.27978617879515 0 0 24.16505710814647 0 -38.79951923236746 0 -14.48727316755398 14.17620907624234 17.58094142345981 0 0 0 0 0 13.63652880920336 0 0 -20.54439967586526 0 -32.62161308039653 0 0 0 8.419759371057602 0 0 0 0 0 0 0 0 -31.21230295147781 0 -6.860656310580771 0 0 0 0 0 0 0 0 0 0 0 0 -16.39836895045812 0 0 0 0 0 0 0 0 0 0 0 0 0 0 -2.953558137088083, -17.44690462701678 -90.47333024427091 -154.5449942104715 -87.14727986708181 -61.79029489244114 -199.4595936959423 -160.2897023084029 0 -48.64315615120233 -111.1929671883122 -100.1120777963454 -65.81462810552524 -8.380368071689766 -10.08083253456185 5.853583377238074 0 -20.26368815223044 -13.40139065086137 16.38494055007948 48.22559565336933 34.34739717383837 95.37399757448114 41.9993901498415 0 63.25692215708656 44.63180860972525 85.67971628987445 9.225094785322325 0 139.2256875541482 122.1228939452747 0 23.82554837763544 110.1296256741371 98.48596160826865 147.0511915191086 -21.78541865577124 -72.28826255570237 61.79922038451339 0 30.52821523038621 114.5871958487646 64.81825450939488 9.764468872433744 49.90507201764405 81.18819875735427 151.6714647017607 0 -9.485361567954184 33.81696311377345 -141.6384962904243 -62.52103837035251 78.59091281456168 93.22151109940771 -61.82541534502841 0 -21.36712143166739 -38.41475440335719 65.24609235467267 21.924319850616 0 -56.09966176783934 -9.574500714452682 0 -15.37346245671895 -67.36801765995742 -13.86983593145153 -64.37194391050727 -61.58972379798429 -109.5997007531598 -126.6727155793624 0 -0.6908367712702486 34.59926189720751 -135.5984940675294 4.013470372185491 -33.04857316242823 -141.2518350579963 -92.12550617282317 0 17.93288364774226 -148.0623074523622 -48.53663823655626 -150.219766361379 -66.56584268224603 38.62450583036556 16.47882501935351 0 -44.51011598084787 -129.9824013093984 -153.1720764232927 0 0 -55.33374522632385 -76.82582127244032 0 -56.90350602999138 -44.9653333561796 -39.29440808148719 12.90150334716136 17.21616312033155 -48.52550246696202 36.81377614763136 0 -3.418928027075456 -81.98612145683126 0 5.986746794238623 -21.78852189264255 -26.59858127815261 -90.93772548567617 0 0 55.55582002749787 69.52695335724525 0 -28.6958379341875 58.86972531290468 0 0 0 -64.37789167743952 28.09335703900442 -6.975943637882574 0 -39.40143128686474 0 0 19.24664053116147 65.37191438814757 0 0 21.59439532078843 0 -54.79133541488817 0 -27.70082456742544 13.07214284136884 18.17784900177939 0 0 0 0 0 15.5120230905395 0 0 -27.00399901391166 0 -40.55569541601614 0 0 0 12.96588272804466 0 0 0 0 0 0 0 0 -41.20942364931313 0 -5.861898745635132 0 0 0 0 0 0 0 0 0 0 0 0 -22.69265114499845 0 0 0 0 0 0 0 0 0 0 0 0 0 0 -4.61874366194009, -2.50823105559688 -21.98855152954359 -51.35688396230044 -36.81595252574013 -32.40645086557232 -117.3818738160895 -110.477491015957 0 -39.07918038038659 -109.7286357694923 -84.90508786003483 -68.13836259362462 -24.15412237038334 -19.502551421703 -50.69649132889695 0 -17.86584849061775 -66.61893699016248 1.526883631235041 20.31057248334984 23.09866723616749 50.9142132938164 -6.136993141254949 0 28.35311537285835 33.14344941684291 42.512237308788 -14.5537145914 0 80.4635074325512 93.40822710515504 0 20.87283844283981 91.81748766963911 77.85491496252075 122.6359090151691 -24.92609479655867 -85.24121404075201 52.06917579898771 0 21.31175983524922 115.8724534656185 51.38296470393475 30.75303890922897 58.10370730249497 100.7364704203239 144.5765933460107 0 3.354734824422336 62.74911355782651 -77.12703177727406 -68.24980524870401 64.28804669076494 84.32743377581505 16.37873454048949 0 25.21968721834674 27.73626676717296 67.83521107943236 95.44047122664354 0 28.58567163024107 55.79311436382741 0 -16.99350934173164 -6.234010321560447 41.58300659975487 -20.68334361840564 -17.46386962140405 -36.95935917848191 -26.56110596645364 0 10.74583111216025 43.92833343097052 -20.87451832672772 27.70366431665205 -4.049014803468769 -44.36935209769079 -31.41941611020437 0 25.10674373601012 -41.09894987119571 -24.57011489345197 -65.56268376926116 -28.98267129491504 31.99994327093015 12.55780740103299 0 -22.20534273509916 -46.17522462827058 -81.25390855582508 0 0 -24.64990976393545 -18.2763982792227 0 -37.21475831716817 -52.27253580712443 -13.94334232889329 -4.626422079640863 12.90590968006963 -22.17421477074149 29.93824322621915 0 5.748458571021139 -55.49431771331574 0 14.50498401429642 -25.16773355414685 -5.60022319567118 -95.71841897630881 0 0 37.98802131824201 44.36186130782502 0 -16.95829900965266 41.60561273205121 0 0 0 -63.51195321889697 26.6849078308571 -7.250520584506777 0 -39.73145554107572 0 0 13.55355740445919 51.69017171403881 0 0 14.62391065426916 0 -38.41425421615458 0 -24.67404749534711 10.32478346667938 19.71542688089859 0 0 0 0 0 13.285675608435 0 0 -14.4898947881666 0 -16.2595503612969 0 0 0 14.0555669244614 0 0 0 0 0 0 0 0 -18.06972741195735 0 2.639629942483114 0 0 0 0 0 0 0 0 0 0 0 0 -9.134935181948258 0 0 0 0 0 0 0 0 0 0 0 0 0 0 -2.152390754435002, 7.129244970630936 24.38012842568398 22.15613916106628 1.406846280943455 -7.245875910587895 -41.62068454207686 -55.99865312579747 0 -24.7375592503182 -84.04947026944811 -57.36581255109216 -55.74913209602698 -28.05764364509724 -24.85283187567102 -79.42730382488112 0 -14.49710043074941 -95.12205595355398 -22.75450022222526 -6.030375557452354 -4.06316741709402 -9.933086086769208 -32.01907428258322 0 -2.99359702272779 -0.7603514244904872 -25.09021363980473 -35.17993348581247 0 14.66733716630201 29.70480335727597 0 6.818243616966965 50.84265416117437 37.64499230545502 54.6094497667244 -13.46482540296557 -72.94433909743996 40.63978070042997 0 2.600004912195652 80.74857745512998 19.37406092186639 46.55263025740511 52.48880407300973 81.87643394277781 81.91985468823908 0 13.60141721889147 75.43954183191906 11.06944038306274 -37.75319057215262 24.61319872231619 42.27308643817834 87.34337324941831 0 57.25996594502833 70.95482025365268 31.4368265228402 97.28436082595063 0 95.35996077967256 114.3364330514401 0 -11.47580565895344 47.63409595755627 42.52318034308036 20.07617276256215 10.14377411820207 26.75382221469847 46.55469674025024 0 34.5790267093582 54.63344002654196 60.07992054132762 52.92504217896858 32.06860667247811 4.128750999917884 36.8760989813166 0 11.61658892549244 13.56546751561851 0.5615889602902655 3.257478498882016 2.628464225031056 54.07797436914652 47.0957386985873 0 -19.76217356478546 54.80624351853665 -37.07109747799975 0 0 9.959569140406376 9.621242099769397 0 -18.58720192980854 -58.75080474226205 26.01561823874891 6.14712195656009 23.41352270635439 -11.59228645381918 36.19103987703271 0 24.05085460395074 -39.94284453722165 0 6.886554507374484 -20.05772064270682 0.447042844898915 -91.2819160948311 0 0 41.06785941259744 25.67928004885261 0 -26.90238497342062 42.15033176563185 0 0 0 -26.02457994676861 11.0424433129362 -9.079928025899957 0 -35.66144313329114 0 0 13.16182394654622 13.85835133286032 0 0 13.96054712394617 0 25.44575184227437 0 -2.755306401882974 5.063047299679697 11.80626867986457 0 0 0 0 0 0.8252740916943764 0 0 23.59957119298205 0 53.46587226034168 0 0 0 9.60932632539796 0 0 0 0 0 0 0 0 46.00040495969223 0 21.21330886805335 0 0 0 0 0 0 0 0 0 0 0 0 26.86309739094706 0 0 0 0 0 0 0 0 0 0 0 0 0 0 4.64221351689562


GFLOW: 0.8999999999999999 0.02946592629676483 0.02961212100234711 0.03631905582049064 0.03641494966254402 2.994027705288472 2.994010878729837 2.978348433787886 2.978265552683356 0.01452448208950571 0.005787233018472272 0.01017128730583724 0.0006893580010505265
q-corrs 322.1679337707487 1407.936279311692 2043.473506558685 983.7433153710081 533.7803111978819 1514.836529249177 1061.587548385472 0 244.40910830474 390.3245786476804 166.068986843948 76.29775004124859 15.0957180638117 -30.64370870432019 -104.5551036614363 0 -46.32993429976085 -245.9365384488722 -216.808227170898 -84.02976626540399 -142.6466648057505 -246.3354851165626 -43.46735085384077 0 -70.05276386737994 -137.6842945468771 -313.4245962125863 -159.7571449200647 0 -169.7179690775347 -206.0078848662681 0 -30.04189350423998 -97.01591480119282 -72.32044733352171 -109.5953741698681 -36.33400204349014 -80.40881723751146 -114.8891798836406 0 -72.91541346182524 -197.5720322560975 -93.38069371759771 -6.729492139989703 -38.9620497906113 -114.7221049914457 -95.73386670584246 0 -7.240872571981662 -31.77741808266157 -75.7570095207835 -65.34277275243481 -63.13344943968268 -122.1954869781078 -111.2688879996151 0 -34.09623995504992 -57.01719879064457 -58.36869104708451 -124.0747683733489 0 -72.48362947549246 -124.8850882846389 0 6.003731323179695 -101.657156229336 -100.5481605825957 8.280371066069366 -10.24234979817973 -29.77318671654857 -24.3896199968612 0 -37.87759279465585 -58.06076552434982 -62.77152172004003 -69.87595905224032 -13.07223538534251 -6.15411833711649 2.064790067532428 0 -38.35274973177455 -23.21375441093898 6.429778380378023 36.10622533445483 2.495411435452617 -35.05006937088686 -9.235266641786497 0 12.303816331318 -0.9684669619191326 24.80001747924957 0 0 8.294453857857114 -0.146907799310215 0 23.73111709283659 36.34698464894309 21.54690316815632 36.5637332828076 -18.89901504905345 2.38978648960583 -4.058668237073443 0 1.122378186419972 41.45100372357352 0 -23.77354168803777 14.84583116695761 -0.09703955784731733 57.7879998536667 0 0 -6.289099160213112 -6.232639291890955 0 6.394174197403164 -7.298981819166452 0 0 0 28.98583140747048 -37.25432330395736 -9.361024442966048 0 20.45216345927229 0 0 -0.6723175155299863 -47.88418681773357 0 0 -2.998857091641764 0 -1.27043767795065 0 7.045246700079869 -14.05933816988203 -34.17150701722543 0 0 0 0 0 -19.62480886251355 0 0 -8.127133527724844 0 -24.94055085300617 0 0 0 -16.76274178267427 0 0 0 0 0 0 0 0 -23.16121683100109 0 -13.27454760000639 0 0 0 0 0 0 0 0 0 0 0 0 -16.94892803147922 0 0 0 0 0 0 0 0 0 0 0 0 0 0 -3.606162754057109, 231.4431182388419 1006.558221857369 1452.294842223897 694.098707352168 372.0155520255357 1043.683549935669 720.6858799549022 0 157.2880348603303 235.1373493515937 75.18830411571504 17.8322331617242 3.932710539978294 -47.92460245094124 -117.6138817379616 0 -45.66533922818833 -227.1516511275817 -193.3775834948907 -69.53540281910661 -122.0710994580433 -208.0438303417741 -34.41169356676033 0 -57.26550909244357 -112.37700874896 -259.497109124551 -134.3725275635326 0 -137.3055783772974 -166.446763920066 0 -22.52626936350933 -77.35529526637234 -55.4004511963515 -84.87039773749206 -28.34467657904842 -55.54350952104108 -88.68576460508262 0 -51.63126087304157 -149.0228061932042 -74.35912128474637 -9.185911849874875 -32.26867307434105 -93.99764367396179 -76.07168055253912 0 -5.433568614478163 -28.66609081488102 -41.21942654668124 -35.22023998918905 -51.6230717447521 -92.93737715063223 -85.58952987706348 0 -37.23654348822332 -45.19194351028291 -47.74550413854042 -106.0408195713145 0 -68.57516216867657 -128.0806531221532 0 9.314033088144416 -75.57090932014196 -78.54174369432647 -4.911799459288387 2.963836008374413 -37.98953028195966 -6.777556403975153 0 -37.54072985367921 -52.15477378686711 -81.215372597677 -70.45757991727933 -4.341254160700181 12.00383625011185 -2.662431535926892 0 -38.01788580041577 -13.07854951503291 -1.799026678799251 44.56152262795816 -10.81044411388938 -41.90410198456478 0.176350872421672 0 29.98680071842174 -3.215527103376189 38.20556400639769 0 0 1.971716583043308 35.32262336271237 0 22.3024274616699 49.70921990221277 19.42140368847922 45.60676239710439 -23.84360989999598 36.04477096493649 6.844400969407911 0 5.941989398259473 51.25091987734606 0 2.749445447470086 16.74061808416909 18.36234501875446 81.90727430431303 0 0 -10.56977326838833 24.53297637730577 0 28.38785220826599 4.229852534175393 0 0 0 32.66169231738968 -7.53661226243106 6.045772981907167 0 33.92094875112923 0 0 -1.572952467183043 -15.73113754681276 0 0 0.2775946137548804 0 3.611234165907675 0 9.890369855772594 -5.635050559724176 -15.21111195083103 0 0 0 0 0 -10.11250225521071 0 0 -5.119458839562338 0 -16.16627798162288 0 0 0 -10.93855352310738 0 0 0 0 0 0 0 0 -15.5976145560018 0 -9.887237352444714 0 0 0 0 0 0 0 0 0 0 0 0 -11.31675586473016 0 0 0 0 0 0 0 0 0 0 0 0 0 0 -2.291215878224531, 77.24575738871542 322.980828494863 443.863690204068 199.5482838600523 95.06671665782011 237.6017680534935 139.0479571774281 0 10.01065125410021 -23.49835799495545 -75.22787340387751 -74.6828051666302 -11.24157183783108 -67.79748905470476 -115.538244965995 0 -41.4655501276284 -165.0560145003525 -132.029456788866 -29.72018114673225 -71.77073483152962 -109.3246667929878 -1.263414323878372 0 -17.33543722172292 -52.72037675479735 -126.2000273570756 -73.89041643012135 0 -38.08740776624198 -70.94607544981916 0 -3.60788158138764 -17.38325762977736 -2.785556919176572 -16.45232735427972 -7.666266952305918 -20.1734887073914 -26.47981303186746 0 -13.50676683184054 -45.25452532893025 -21.78112238178542 -8.856004741823584 -16.11971293657312 -41.22656200452195 -28.6093795917726 0 -3.598218772291176 -23.80764264956869 -4.238724328463448 6.345682618465169 -21.77022042031363 -39.03538826553781 -61.18365021624052 0 -45.14254914021667 -38.14954098947742 -28.72454629045293 -85.21138017892879 0 -68.8330633234854 -132.5668649947761 0 10.95669565525468 -48.79564144970081 -58.43062590138129 -38.94213557150597 5.604403836421463 -79.21567195665173 -3.244724942787816 0 -35.15471835801591 -37.3454053600997 -139.2754555318427 -66.40719711373477 2.936329101539148 5.216484860270175 -27.26728424963445 0 -35.27035550057906 -31.47082251631603 -23.81932436535176 24.79512731880918 -44.24145638616622 -37.74864942841404 20.0186582555703 0 45.36828009257884 -34.4698842898957 27.61035898492053 0 0 -17.78340942221797 66.20585398760582 0 8.187993844933253 59.66974809165988 9.210920082209242 59.65100637191452 -23.42091244198615 73.96376196005475 23.93461701683268 0 9.580862614163227 47.33309253994566 0 37.71398829127963 15.57710932242701 36.26603528318905 97.96177963410199 0 0 -3.894265516560683 77.18788104325721 0 51.68163759069811 25.5976160972793 0 0 0 26.86664430085962 35.84448237446892 24.68921519229575 0 45.12720017779505 0 0 1.071734133055317 38.23318829422737 0 0 7.219110231740959 0 2.004969836546479 0 9.514904664890947 7.797732369051301 12.49026295610211 0 0 0 0 0 5.420795034417679 0 0 -3.734798221568093 0 -8.918641961063777 0 0 0 -1.179002045386539 0 0 0 0 0 0 0 0 -7.866443387595588 0 -5.427252233908796 0 0 0 0 0 0 0 0 0 0 0 0 -4.215294997341963 0 0 0 0 0 0 0 0 0 0 0 0 0 0 -0.4905030831751757, -4.917730394662726 -40.70759168183373 -90.98137537872859 -61.33028852555339 -49.87537085156156 -178.9528850232767 -155.4570053484957 0 -59.16238992894094 -134.3975703635388 -130.8281774162593 -98.22121338358964 -10.80670522641637 -53.05273645420635 -59.53983290731925 0 -30.6333393034975 -68.66842075927431 -53.58416451968519 18.57612733654744 -15.23336228848306 5.979696462648633 44.94738100223522 0 35.10742268940017 7.285763764244815 16.40694337077125 -10.21125517795496 0 86.06256462544286 30.06605779008233 0 15.03116381436688 56.63792293079018 61.2794540563789 62.3819083246707 10.92569729493923 -14.44402418146009 34.64666451878698 0 10.85176238189161 43.25265049475033 33.78733478141301 -2.710438701704122 3.535169423254197 10.59589740972163 24.67051709119636 0 -5.768634096087573 -19.72015672043854 -36.38109077846622 5.392561390269064 12.32759841478897 -0.7962582128797688 -80.55677435028295 0 -55.17124251385749 -56.89554690230436 -11.89312338760246 -86.70639005774056 0 -86.58024111502691 -123.039302943772 0 3.593142279763867 -70.94059698224073 -78.16106681368917 -73.0376058120859 -33.29287290737687 -137.1953497516896 -62.76351512231412 0 -26.17189605732931 -16.93694458968961 -204.3210366907855 -50.98548890098826 -10.02820796872024 -79.71466810708792 -68.00598340207165 0 -26.38487868704946 -111.7100824613623 -46.51697662172518 -56.68432579715092 -74.93862100168653 -2.693776139677336 31.55690967816034 0 14.41005792599108 -94.29151355498925 -52.56593801345331 0 0 -41.12575485756032 15.5480841186627 0 -22.54797216851907 29.72978198640678 -10.6295208388438 54.99416786794232 -4.524568629068881 41.63405916763051 31.70461348116024 0 5.193313768871714 -2.140236217825116 0 32.35248548830454 4.703353575067846 15.54545934065382 42.30344163839481 0 0 24.94150055671686 92.70949341178274 0 27.583339612165 42.17365620789014 0 0 0 -1.124070924357532 41.40805643411915 15.84675735187582 0 20.87607492413184 0 0 9.641600993371917 57.9620536428447 0 0 13.95080267956374 0 -15.94531473968351 0 -1.490751972216205 12.46196605311415 15.35163723969011 0 0 0 0 0 11.01672828657271 0 0 -9.224619118156712 0 -17.82801307826252 0 0 0 3.349735624758693 0 0 0 0 0 0 0 0 -13.07159483757366 0 -5.044570039842263 0 0 0 0 0 0 0 0 0 0 0 0 -5.582999917045626 0 0 0 0 0 0 0 0 0 0 0 0 0 0 -0.601084091069112, -21.14311261243903 -109.0441794417422 -185.4956686318433 -104.022501675182 -70.61613691855548 -229.8837166420341 -183.9249029433597 0 -58.650725287542 -122.6854643356467 -109.093196043133 -73.75053826816622 -5.424252638585401 -25.50566889151841 -6.945992247197374 0 -19.82256392873955 -7.260480181787482 -1.462886362010934 41.49455583502467 18.18186944928338 68.99800434292916 58.08134703270343 0 58.3307882598355 34.85789336527831 80.31346614604695 17.84645909157219 0 133.9369071105603 83.77575827354416 0 21.34658669160227 89.17939967335236 83.77341604382728 103.0650274985755 5.59715007972555 -28.98593076645454 54.71967293828978 0 20.90360027223041 78.92317602605544 55.51807681387353 -1.25318982316784 20.87485326697527 36.63302945197971 70.82079595126794 0 -9.940335192698511 -8.924558836176004 -95.14892227189449 -19.30823324067138 39.75566140537919 32.46757498128635 -89.38309175429811 0 -51.85355995600592 -66.16904487023317 14.05075202876684 -63.03256280662022 0 -92.22879556986503 -78.50041789099568 0 -6.007832785233433 -85.79621924729402 -77.10808188526515 -79.18410813738731 -66.59732166276989 -141.1254754009346 -119.1451625186783 0 -10.87154079319953 7.560386197816435 -196.997226547032 -23.43642720622991 -24.9609146838665 -149.556444749819 -86.10612728012143 0 -7.864752611866944 -161.4291932841257 -51.60623584235993 -125.1537011121767 -75.66631018317122 30.41101808394609 25.69567037040951 0 -28.66446138361171 -121.5270431276318 -126.0129234218089 0 0 -48.80601036410395 -49.90826527701908 0 -46.27614433625609 -15.1579273135835 -28.12544647947205 30.16882971061657 14.32690299080148 -16.41320493803583 32.10301470667115 0 0.6790861118501823 -55.50227959713366 0 11.55923126572553 -8.564777240583144 -14.35398396961381 -35.56465678148611 0 0 45.90926050534996 72.82487495395203 0 -12.02539214393268 48.98164308559645 0 0 0 -30.95644188512414 28.22465476111909 -1.491791865945063 0 -15.03274713905272 0 0 15.32472637190377 52.79669394512108 0 0 17.38414192957195 0 -32.33483270739082 0 -13.87417076537271 11.55360955157204 9.21904828086484 0 0 0 0 0 10.87971394081368 0 0 -15.21625517015274 0 -27.02574087017846 0 0 0 5.660964912236113 0 0 0 0 0 0 0 0 -22.00778359506542 0 -5.237101875617068 0 0 0 0 0 0 0 0 0 0 0 0 -10.86169252737353 0 0 0 0 0 0 0 0 0 0 0 0 0 0 -1.850259574555389, -13.97590408073765 -73.57280298895874 -127.6482090844418 -73.19420802291955 -51.21535552825496 -169.1268971274851 -139.3156429471399 0 -44.92142518103054 -101.3784807728659 -85.34849288100254 -59.67856991599928 -9.916955185025248 -17.49863309663691 -13.51491760443899 0 -15.50042457821052 -17.65919689550241 6.993949033447208 31.5264545482401 23.56809829256847 66.25118524914863 29.16985020771637 0 44.78760630222607 35.41897843400757 69.49861994944445 9.399240677134207 0 104.7040570060881 91.15381462481895 0 20.30877224148625 84.95943744483235 72.60646301493122 109.7718217922279 -10.98450461444004 -45.58276868363998 48.89483792059473 0 24.23505358388237 88.49076120888142 55.03244640180777 3.49706369442713 34.55808538763792 58.09704029848693 104.7859166568415 0 -8.686404324123885 16.17679925784243 -106.0284998360498 -37.7976291320355 55.25442349265133 64.84539744684034 -49.10895738738889 0 -21.99716045407092 -37.73998705169781 43.84412961430261 5.735809261000613 0 -52.49348642267899 -12.46630506579661 0 -11.6855752621962 -51.08941750441141 -24.23062731754127 -54.95031012200563 -55.09062321380438 -86.32284047201402 -98.58966441414499 0 0.6974748704920621 26.67229487462441 -111.4573342115374 5.519408814682399 -21.22674957747527 -122.9576472870471 -63.5115755063247 0 12.84808937970091 -115.4532168630639 -38.91772679913346 -113.5270057633364 -49.78593475667889 33.28719161972877 10.67043817268152 0 -35.39428073634751 -91.03815909458422 -117.3297539269948 0 0 -36.62897432677047 -49.43392832777904 0 -45.68418544400399 -37.15116240199016 -29.78860152725722 3.612161132321457 16.21400134890059 -29.04210053108415 27.55102814506245 0 1.013809535789726 -64.88802845742612 0 9.741001808859149 -16.48955690303323 -16.37784200549559 -68.67170894193004 0 0 39.31279510071479 50.26044744034733 0 -20.01916872079935 42.26690261954975 0 0 0 -46.91799834849002 25.70169373068139 -4.954490449324129 0 -29.10679225907665 0 0 12.98138442540866 50.50134259537225 0 0 15.07322951587055 0 -38.87419573638303 0 -19.85064607034505 10.94509497120176 13.05452996222129 0 0 0 0 0 12.65902657700915 0 0 -17.91595579146737 0 -28.01071730387394 0 0 0 9.178453805942745 0 0 0 0 0 0 0 0 -26.10230324716662 0 -3.801855913422524 0 0 0 0 0 0 0 0 0 0 0 0 -13.67134382346397 0 0 0 0 0 0 0 0 0 0 0 0 0 0 -2.668011790471934, -3.496227527544136 -24.57922377844987 -52.17006512022893 -35.27039682931714 -28.57248683097999 -103.5600471948892 -95.9743775745554 0 -35.38148363179196 -92.03394157185235 -70.18752118614856 -56.88546217817647 -18.66087095263471 -23.08049381151991 -48.1113017908227 0 -13.01467677239849 -49.45421453340673 -3.245364740765453 10.56820783639265 15.20613627500671 36.31199031151235 -3.470700705003033 0 22.08739291136397 25.63123602778386 39.42662861329855 -3.720627650037217 0 65.78509091963781 75.42005238406976 0 16.60798064179083 72.39233864419793 58.91576270026392 95.11038925703426 -13.03400644829544 -50.17262898107995 50.62374556923324 0 20.78194263338443 94.26052875167488 46.3853507862222 20.13225441245284 44.2608834682037 75.42249300439744 107.1136283803327 0 -0.4657416331086044 48.012611567703 -58.1714429532519 -37.58987907780705 48.67647464714692 69.71091824200118 17.09414788744673 0 17.24082848643239 11.19348195389356 49.75548399970391 62.59287432225108 0 11.87179232234354 47.82629493486569 0 -12.20466763364182 -3.988507179171894 22.70599711443952 -16.68656870730096 -21.48624058381717 -20.85216752338712 -34.4659032354402 0 10.92296510165789 34.33791036809596 -15.20377993490127 23.78531940389774 -3.912912662153045 -52.04359697138053 -20.83000873390823 0 19.59728576854516 -38.19226357943997 -18.21046562912599 -54.83210307255213 -19.11642832247391 26.68512507165124 5.428522770683287 0 -21.44292353343192 -30.27797025817156 -64.84734061689591 0 0 -15.06464426144538 -13.00667027882148 0 -29.52439465916336 -40.55054999450142 -13.25499581269422 -8.794147911040021 12.08047786904023 -11.31809531199704 21.5504881594224 0 6.044925494888219 -44.1878072652474 0 14.95345898241494 -17.95749593358448 -2.661128209124143 -65.43946728714134 0 0 24.45825739360975 33.4219956368844 0 -9.996172609815542 29.43579819347308 0 0 0 -43.0071440336466 24.87164785603656 -1.37286354462165 0 -25.02912562421636 0 0 8.109723430587248 42.88562128645766 0 0 10.01322179406974 0 -25.82596469266039 0 -15.84726471647984 9.179297062434188 17.99105346016729 0 0 0 0 0 11.95588345870396 0 0 -9.884672857313632 0 -10.48757691627893 0 0 0 10.71877759773411 0 0 0 0 0 0 0 0 -11.9821667388742 0 1.749402666970193 0 0 0 0 0 0 0 0 0 0 0 0 -5.805604847224647 0 0 0 0 0 0 0 0 0 0 0 0 0 0 -1.302455043104185, 3.27545920495615 7.897274430150205 -0.7917834761382636 -8.545492552108271 -11.24378904655546 -51.60347334714542 -58.49239771223061 0 -25.96459433405062 -75.01054335019573 -52.72409241835257 -49.31009488197819 -21.1777966585901 -27.7308217349262 -68.23732131035378 0 -10.9703996067645 -68.7238561153103 -20.30236170069244 -7.618297960663881 -2.919917937019259 -3.60343413692206 -20.20114603919746 0 2.314194796474571 2.592168555327396 -6.857752088270782 -17.46933859591952 0 24.25363089926208 35.30029692473024 0 6.997392609920615 46.57927486679355 35.52779551993244 53.50693395077028 -6.307496076947056 -44.32425463636716 47.54481648603587 0 8.946862596426961 76.66560223528607 26.61174894011662 34.56519569503541 44.50301103606625 69.73875771487188 74.59416863657992 0 7.180280836140807 68.57990464888762 6.744275847503729 -16.7132626129831 26.88305174827719 53.26799480747601 77.42794239420174 0 47.70126056127204 48.68445447619618 32.25253745683137 78.69623262179816 0 68.28554729969574 103.7022079952202 0 -8.202346364186312 41.80663208784414 42.05383725970631 18.82857545582477 4.665403971646001 37.59663001756688 17.99994249154463 0 29.06491016251998 45.11406874093664 61.07739713111224 46.46174256239372 19.63234386555777 -3.947682497617393 27.1165371331635 0 14.55936013622755 11.31205175395901 2.572990841979358 -4.318716895260797 7.437279107235863 40.62880571205849 32.64546520295206 0 -17.05134731824642 44.53048128123601 -25.56843966314275 0 0 8.925728608832681 7.386631937218063 0 -14.19827848891487 -42.25947939338065 15.09830649259105 1.148587556278343 18.656659654816 0.1034516975426953 26.16630441848679 0 18.2811991128692 -30.13304775705569 0 10.88416287569596 -14.81603098324589 2.720575668468832 -61.03698630019533 0 0 25.8183111204307 24.46918139588492 0 -13.86628904375801 29.88092915683307 0 0 0 -21.57506725879636 15.35071833066381 -1.965585604031517 0 -22.0257741256105 0 0 7.662701645615536 21.32906728962915 0 0 9.345503659196178 0 10.59820410788475 0 -3.357803369979933 5.682454618064613 14.27000701409076 0 0 0 0 0 4.848382868164732 0 0 11.67704062252118 0 29.50164169831722 0 0 0 8.536829634480902 0 0 0 0 0 0 0 0 24.18003759247091 0 12.48136585270473 0 0 0 0 0 0 0 0 0 0 0 0 14.38158670926953 0 0 0 0 0 0 0 0 0 0 0 0 0 0 2.464523957833343


GFLOW: 0.9999999999999999 0.02482645424787947 0.02498318772006808 0.03006759122405273 0.03018804355502979 2.995071980079028 2.99505116693694 2.981945647100444 2.981851458009065 0.01411716850784913 0.007065154018764566 0.009013619848895996 0.001245198641427415
q-corrs 225.7296937961607 1018.365489414178 1527.426933725327 761.078374832454 425.5810007845736 1256.944752204727 921.4088634854122 0 236.7646267385654 409.5676902671587 198.7251388712368 122.0733381498342 31.27659007961771 21.20156020445836 -4.36946747580318 0 -29.75646997538098 -150.4227013733919 -145.4813369872917 -56.36800353132792 -103.1893017872617 -180.7739261138132 -33.2909068041791 0 -56.63944428767761 -111.0789451065975 -250.8154218257714 -122.2195966617583 0 -151.0616534853909 -165.7736751700641 0 -29.0656941388595 -93.48066954423713 -73.65374958785873 -103.5440656154843 -35.87277881581792 -59.66664226285083 -107.1226907469385 0 -57.99198805509926 -171.372234439973 -89.17864819535524 -12.10557335002365 -35.48312763072121 -106.0799869018805 -87.59365859362455 0 -5.353848671956296 -39.14126929415295 -60.38041034210736 -53.36947960689372 -55.28867597976839 -108.8169146589489 -92.61520907940306 0 -37.74131752964244 -41.16528510759989 -48.47808161002256 -98.81637378768357 0 -62.24448245703181 -114.6376071271912 0 5.128126979991423 -84.15063514358533 -81.34134908434078 1.87462695294114 -3.448210896946733 -35.3264730597944 -10.20484649177986 0 -31.56172141722826 -50.86439168527973 -60.69037381433176 -62.83003556103485 -10.67580585886163 7.041820641406979 -7.237262471600497 0 -31.17001379867299 -14.79073315825374 3.171059504398576 31.13282261927306 -4.535591084345784 -33.00077461528866 -11.19454301518904 0 17.00752554488852 -9.526396465868341 24.90306247821687 0 0 1.17332408799359 10.154939549606 0 19.29881534663401 34.11588933003343 14.51914015019154 28.02977418533176 -17.30434619952436 10.69080185835932 -4.115746965304075 0 -1.239376191606029 37.23307117664206 0 -10.5311356219984 12.30755707687645 5.565983986944862 53.98334145613244 0 0 -7.482429232262263 2.666229013738874 0 13.07521809264274 -6.017999384368958 0 0 0 23.45128504476408 -19.10209215028437 -0.7271519977218812 0 20.93800334682048 0 0 -1.033152205418457 -25.08171383927546 0 0 -2.206151681667211 0 0.4928749838178383 0 6.484188577231121 -7.865067467425547 -17.35028077733877 0 0 0 0 0 -10.98582333846016 0 0 -5.967824821917856 0 -15.55245182465376 0 0 0 -9.789971931250038 0 0 0 0 0 0 0 0 -16.4622866930906 0 -8.625488883883413 0 0 0 0 0 0 0 0 0 0 0 0 -11.93743569613441 0 0 0 0 0 0 0 0 0 0 0 0 0 0 -2.538763071820342, 167.195450438743 751.4286508474768 1121.964398697676 556.0490123197804 308.0615525620144 902.6491170072298 655.3508758450212 0 163.0633205987251 272.7639862603505 117.6190159093444 65.30335365852223 18.19413917969234 -2.551194183632599 -33.51200729470612 0 -30.08697987687135 -145.5857208544889 -133.0602652514631 -48.75441306939788 -89.68771781457448 -155.0207178756074 -27.68144002461378 0 -46.99953041917482 -91.61796703249702 -208.7696070774547 -103.2763248092768 0 -123.1485436564123 -135.0626850402398 0 -22.49059526813542 -75.10526124581283 -58.20749092595332 -81.78241158532686 -28.58727428662721 -43.41584439946087 -85.05587846982772 0 -43.2125441438621 -134.1955859240492 -71.60322392301663 -12.24551603149363 -30.03082544403086 -87.50423872808656 -71.6435982976874 0 -4.186533936644196 -35.17280634152505 -37.52969386035377 -33.32073926900865 -45.81028165001779 -86.68221403178089 -75.63379473044789 0 -37.53203025437219 -34.48740043740827 -41.01850669649959 -86.55549346136551 0 -57.65665168602843 -113.8916423350076 0 6.901452220229882 -66.18999753839704 -66.61825440284512 -7.417886687038339 3.664177608072062 -41.16055593748354 -0.3273873413810016 0 -31.02697885376227 -45.58513300944457 -72.83930482478033 -60.58977202300986 -5.259480901244571 14.6645178621559 -9.909015824906806 0 -30.35266242772634 -10.84257652733901 -2.906611478308843 33.53816466665245 -13.23128258930333 -35.29174581879901 -4.605520370114583 0 26.46521271650376 -12.35875336113095 30.10019060706871 0 0 -2.807952119941594 29.21854190779975 0 16.94356710594967 40.32151972676728 12.0845323289619 32.23066601242358 -19.36683067112952 29.01761514770136 2.435009242176288 0 1.567397522684027 40.3745563344986 0 4.54482957789009 12.72084247876729 15.27960304862635 64.62813153997274 0 0 -9.401445419522531 19.67959535252074 0 24.38113585949682 1.044002030796703 0 0 0 23.51612888550713 -1.984864465761335 7.202332470153831 0 26.93051179904506 0 0 -1.450175785084863 -6.492771435281453 0 0 -0.1502384045148402 0 1.423576327401399 0 7.096376405942584 -2.905585086407048 -7.052509317399336 0 0 0 0 0 -5.404032606552654 0 0 -4.989903515407113 0 -12.18147247423434 0 0 0 -6.441334131988989 0 0 0 0 0 0 0 0 -13.22361746881306 0 -7.007522557686878 0 0 0 0 0 0 0 0 0 0 0 0 -9.258118879330734 0 0 0 0 0 0 0 0 0 0 0 0 0 0 -1.883532506480978, 62.25517534680655 272.0388358815714 392.8208588361854 187.0434177193064 96.33900129713338 264.7941370051448 177.3994975422913 0 31.84601849238598 31.8045888835867 -23.73313925212049 -30.85059821731143 -2.628577668315821 -37.71869770680081 -67.97709985379441 0 -28.58286255074459 -116.1072295470497 -95.70131862556218 -23.98923743645155 -54.91768783828661 -85.97762612576255 -5.065011932516247 0 -17.38461290931944 -45.00170994680656 -105.2839413549826 -58.48008162444605 0 -43.20469046519409 -62.39793594935361 0 -5.945942644968824 -23.90764330832618 -13.70939585601984 -25.13151304431208 -10.37077259193392 -19.65708285917929 -34.6800119429667 0 -15.88531220444732 -52.86542837178742 -25.66108123702394 -9.677777183051461 -17.61718693578914 -42.5407642604052 -34.18543722218958 0 -2.763999838748378 -29.75001601123046 -11.75357017877171 -3.825381061028344 -21.86122353215417 -44.2261004056659 -58.95749788576278 0 -39.43048154579458 -31.84333289595893 -26.89779652913068 -71.39361898438938 0 -55.28338417863157 -111.641258969106 0 7.214169087069549 -45.85068608154496 -52.62557406038813 -32.34410331658479 1.936912966865958 -69.6167734723135 -1.428816191295091 0 -28.50075255956938 -32.07207548079187 -112.6892518106196 -52.43826329644228 -0.004480422012703045 0.5675618047516906 -24.85946642293727 0 -27.25701910037647 -28.49484148998596 -19.2139626406444 14.13210440894343 -35.59869211686072 -28.01250470725751 10.14242905875365 0 32.33182892355704 -33.97899475076847 15.2150176484276 0 0 -15.33303919306278 43.29386634303746 0 4.41358413729562 41.60642561722084 3.105116842966208 38.02658968227092 -16.72720750499182 47.51202948449659 14.04090338953215 0 4.353890690584387 30.86974317623816 0 24.59061590813025 10.32609046459437 23.33381131595942 64.37103321419779 0 0 -3.539068438824781 48.72556348304397 0 33.81943199938767 15.50865172580647 0 0 0 14.99777447005625 23.53401748785956 14.99125968069647 0 28.27429008311534 0 0 0.4978795702799008 24.87845150965148 0 0 4.539295336448394 0 -3.875321304433506 0 4.251118492708977 5.249607159149946 6.744410792237812 0 0 0 0 0 3.766883825075401 0 0 -5.61762991432835 0 -11.82508134789443 0 0 0 -0.9938264479727326 0 0 0 0 0 0 0 0 -10.69269815661129 0 -5.143974219830481 0 0 0 0 0 0 0 0 0 0 0 0 -6.015953255162164 0 0 0 0 0 0 0 0 0 0 0 0 0 0 -0.9784797400831221, 0.06273405456160575 -11.93016503580865 -38.35903239627706 -30.45035523284582 -27.70764123336597 -105.7640715967292 -96.6721119197185 0 -39.85049032003165 -93.56879939065679 -91.48176972632982 -70.88660613986639 -9.331709106987891 -41.11166483067638 -51.24668889616431 0 -22.45847977723118 -57.82093881809268 -43.52235582169851 9.553950598552831 -14.5614106940257 -3.870547036576867 27.49450944088405 0 20.49869113116685 1.996350677255691 2.889058138399228 -12.86298813999253 0 50.73545224380341 12.34464018046265 0 10.51718662205483 34.81613287741363 37.12631207787074 37.14005156578624 5.403477481020031 -14.95464539231716 12.16242695348055 0 3.056953027714416 18.35658686245344 21.57440537501439 -5.247843284009722 -3.37769126217008 0.2629346963588191 7.266084321720788 0 -4.289971658516813 -27.06700581859359 -32.30853911787585 -0.5060074681262865 5.407454293224005 -10.67874266681058 -70.5032422657672 0 -45.07875049046688 -46.54600530833333 -12.68731092269117 -69.50615285329849 0 -67.58145566635069 -100.582222099163 0 1.791110215034413 -55.52073513684729 -64.09364444866372 -58.73744641505648 -27.60464980909524 -109.0551844840516 -43.8193973962103 0 -20.99389551023312 -13.57299034841681 -158.4337779139262 -36.99969625535454 -6.479115150365689 -64.79906365293256 -50.20139900817212 0 -19.5730005403869 -85.221030660644 -36.38084483701011 -44.91689075191285 -56.66415814991664 -0.6302376105724505 20.57709237437957 0 9.028341808102038 -71.88738631957582 -44.35241654890012 0 0 -30.22499567630035 9.248127788986736 0 -19.23367733134922 17.78539054031921 -11.5292892748796 33.18886023601424 -2.116853311128289 24.66493200036282 21.83300323138358 0 3.320196149509323 -7.478348648874659 0 22.09876436491539 1.996623632457843 8.890696128530751 20.21293726642923 0 0 16.98353402630134 58.30284436710129 0 14.98497691046207 28.97667025187578 0 0 0 -6.327453116452697 28.34625402150727 6.863935596387041 0 8.35253581276667 0 0 6.402537272766217 37.92790677748835 0 0 9.600217546661572 0 -17.13701405612847 0 -4.462423213776571 8.717766227305223 6.675629287990651 0 0 0 0 0 7.48175940766815 0 0 -8.989490765264938 0 -18.62786860991908 0 0 0 1.673671363576755 0 0 0 0 0 0 0 0 -13.26754728739074 0 -4.909529469950692 0 0 0 0 0 0 0 0 0 0 0 0 -6.17855164925482 0 0 0 0 0 0 0 0 0 0 0 0 0 0 -0.8687719890909515, -15.33463999601535 -80.51736240714399 -139.4713888156467 -79.70326768264214 -54.29150534117129 -180.5418227277588 -148.0710960808154 0 -49.34969539719472 -105.0070808242642 -89.10553739771262 -63.44860900572142 -7.748169327431 -26.55946887269748 -21.12545153229215 0 -15.70815630316413 -16.90340063202835 -7.110794388873689 26.84664034099117 10.35954357859602 43.35073422588477 38.29505398832094 0 38.62264826621536 25.35005633539863 55.39337272790416 8.954757522835669 0 91.38829254603867 55.36279993171127 0 17.36746785815922 63.73388910556761 57.9609313972924 72.44068217486664 4.086018703911455 -22.7443497147266 31.96404685048326 0 12.96522776764865 52.38939080666555 43.40165838149592 -4.402785926063891 10.48942007348784 23.91713302409495 44.53871086446283 0 -7.852576311707394 -17.80364683775525 -73.03298794076346 -13.4865189745173 27.60486025255873 18.86659513642456 -73.69743227504679 0 -42.30927773423521 -55.05150147466553 7.906047273408335 -51.01309208569299 0 -73.09893769872858 -64.97614023632255 0 -4.97895854470575 -61.43753813058534 -62.61506588721723 -64.89605642212892 -53.73544913024884 -110.8239891991043 -85.50508526152854 0 -8.806631764420409 6.961818004604499 -153.7614509141907 -14.71509990796004 -14.98901155921484 -119.0609460178326 -60.76494506542664 0 -5.257583332303726 -120.2045377871178 -40.96011193801289 -93.68487882166302 -57.13337179798602 24.76256378233999 18.33164751541013 0 -21.64945902911222 -87.44957992833334 -96.43195380268645 0 0 -34.43326018084368 -32.36281117658615 0 -37.17000352161163 -14.62196891632894 -23.03326560800582 16.61807862057566 12.14482503114118 -11.35045203892811 24.32653466373386 0 2.199569994725762 -45.55273157306747 0 10.92914026573986 -7.336492345909244 -9.709208473669392 -32.93681113367781 0 0 32.33790026391245 48.73283951580309 0 -10.72418775777346 35.62882538281954 0 0 0 -25.84399577058581 22.59468472104702 -3.536397875911223 0 -15.21406631954751 0 0 10.4842639080945 37.85916817986304 0 0 12.3731322531921 0 -25.80519728207738 0 -12.00047486526109 8.958491714494075 4.41899693199694 0 0 0 0 0 8.250671981237048 0 0 -11.23127849473213 0 -21.50094293025695 0 0 0 3.768593227037971 0 0 0 0 0 0 0 0 -15.76551652520619 0 -3.998651223162594 0 0 0 0 0 0 0 0 0 0 0 0 -7.469013975580869 0 0 0 0 0 0 0 0 0 0 0 0 0 0 -1.222667987007701, -11.34081436039599 -60.31630825319281 -105.8128254306141 -61.3795050278538 -42.56886607642086 -143.0508705916248 -119.8548319186258 0 -40.4037062473019 -90.23433216500263 -72.82151536063481 -53.27540447157898 -10.16854718325467 -20.92543358614299 -23.82852846017546 0 -12.14467735362765 -20.00284053976766 0.4543160844338097 20.35082384904792 15.33796750677152 44.72191448107387 20.13315941377901 0 31.40527218171246 27.43892978842209 54.10491022192394 7.56702887192267 0 77.48110242109658 66.70056749607306 0 17.02022857137405 64.85657473998641 53.2562764643355 81.6789486761611 -5.303703542252174 -29.70420845079988 36.49580391459816 0 18.54340808703558 66.72141562124673 46.26219506793106 -0.3484057541671923 23.48291165991801 42.17660621492732 73.17500322710752 0 -7.887789944495495 5.867515275722919 -80.42469852388037 -22.22807039774303 40.15519778481397 47.03238876899853 -39.41058107625868 0 -19.74311168469709 -35.67053437247656 30.24171844306597 -2.394398587765945 0 -45.95189733024827 -11.00878912271583 0 -8.760293575843628 -36.44090123452651 -26.2675973753817 -45.63995982343209 -47.75750912845985 -67.04922750869648 -77.06275649967404 0 1.510739850064173 21.62070359177428 -89.622364066952 6.396954499823747 -13.36905325121005 -104.8177816523284 -44.22648985575884 0 9.778918607900149 -89.95477987014404 -30.86165260375045 -86.91086184691073 -37.33536904728069 27.69125846689798 6.546268395635096 0 -28.54346596167388 -64.51801506435078 -90.90347150693691 0 0 -24.91489746077519 -32.94765146426943 0 -36.47707702824442 -30.46570572476552 -23.53002357927616 -1.629503617967648 13.9040523122043 -18.61182006248828 21.02796310817452 0 2.845511329972159 -51.39841129833304 0 10.41755026929154 -12.39337497116036 -10.41909694265028 -51.89082807679523 0 0 27.59280604411184 35.78408905432541 0 -14.432235912014 31.01491897050941 0 0 0 -33.536829209022 22.26453275447162 -2.882578973810395 0 -21.49326876807425 0 0 8.718850366642835 38.75928111859465 0 0 10.77057402144395 0 -26.36552446266163 0 -13.88721485666476 8.993235142103449 10.40307921546334 0 0 0 0 0 10.20419046809907 0 0 -11.54284306949639 0 -18.07853578034615 0 0 0 6.895789137074891 0 0 0 0 0 0 0 0 -16.12956506631139 0 -2.112754910362605 0 0 0 0 0 0 0 0 0 0 0 0 -8.088785578077072 0 0 0 0 0 0 0 0 0 0 0 0 0 0 -1.528709686764072, -3.992714685558884 -25.3943914651433 -51.06484663804073 -33.28550803197948 -25.46493410442704 -92.30142644350883 -84.6520057750112 0 -31.98936063652667 -78.94917320965504 -59.27833249353442 -48.58562451279848 -15.09645165801062 -23.94298622027216 -45.02255421337298 0 -9.834073496519519 -38.77057872690695 -6.078838009585127 5.045644240376608 9.579992786766956 25.00370606550321 -2.027704702688973 0 16.65728522422994 19.87464533932341 34.11680988773323 1.009274617891515 0 52.41523831453624 59.24623401697333 0 13.5333685693376 56.89477535484102 44.53496169140813 73.58422617252668 -6.153753611217603 -29.34835502375607 44.44784889065906 0 18.84317682381898 76.04767539212547 41.03684551043618 12.63781864129024 33.73808391261257 57.72770450170718 80.78700617466524 0 -2.594822031861545 36.83720755659855 -43.76392430465063 -18.16432005654069 37.8066114167651 58.86666875389758 17.44992483971327 0 12.45543539210448 1.851469455639648 37.91866061112006 43.51882394725489 0 2.781997662942274 42.83135652096837 0 -8.608568682977973 0.8150799358466401 13.47087690345283 -13.2430388703217 -21.90217612767513 -9.213025813166432 -35.04715652455759 0 10.93935951164639 28.3046481662292 -9.629871194417724 20.84140924330131 -2.77976625411541 -51.48640195726654 -12.91171251436345 0 15.94759346751324 -32.491579258322 -13.30169488974706 -44.92339373399978 -11.87779875096442 21.96523157620212 1.488081072230983 0 -19.69707094196098 -18.80996156326467 -51.53572894895135 0 0 -8.728000471038735 -9.211779929183853 0 -23.40933107133313 -31.91796956209779 -11.6759873781587 -10.19407986363597 10.41424741744886 -5.881560850918376 16.30687314385571 0 6.040361227795277 -35.09034176030993 0 14.08812557144316 -12.92127344612948 -0.763207559473404 -45.84122740071331 0 0 15.89280679128544 25.18970293013797 0 -5.955249026289925 21.82794333669903 0 0 0 -29.19492747450079 22.36687977655849 1.798942423813497 0 -16.14373141288063 0 0 4.889099564735631 35.21613795065547 0 0 7.20298873201822 0 -16.9263238126691 0 -10.23427943630244 8.034722112795514 16.12032650861547 0 0 0 0 0 10.38513645299543 0 0 -6.713910790997663 0 -6.229262889458017 0 0 0 8.460365762304374 0 0 0 0 0 0 0 0 -8.065200245495669 0 1.366811945669332 0 0 0 0 0 0 0 0 0 0 0 0 -3.849882904302049 0 0 0 0 0 0 0 0 0 0 0 0 0 0 -0.8397770097683294, 0.8607688203273653 -2.027890594924919 -13.95153645142789 -13.89566766138695 -12.97392925953599 -54.72939339686037 -57.39402694505604 0 -25.17596365338813 -66.63723845600155 -47.12392962552653 -43.24430697769787 -16.76451006812019 -27.26484027587949 -58.87381443255366 0 -8.381141685782854 -51.5502035636184 -17.57515140152854 -7.737669314396316 -2.325168417365817 -1.07210423845494 -13.33505145564951 0 4.03222474666739 4.426456122007259 3.500109923046459 -7.290287629420886 0 26.69946318049097 34.94023589761219 0 6.854326220350007 40.97976674017796 31.42205795948407 48.69632328303273 -1.302925232849031 -24.89207754401576 47.6215404407586 0 12.59434199780318 70.52204554125071 29.13210385716038 25.15577851856323 37.23057334354696 59.80441002317323 66.08589374242263 0 3.181869197079973 59.96938607621173 6.403383949500071 -1.950160627399264 26.22737878861482 57.03864154300943 70.13179784713155 0 39.56926608998038 34.14956732420686 31.28041382831133 66.10372725428211 0 49.17200805696018 93.33839600064789 0 -5.501196563139262 39.6715551808684 39.894542018764 16.91253942351878 1.525100299841622 43.47198649599923 3.412834004234405 0 25.31419700853969 38.12809142319326 58.87636043464676 40.1330058819166 12.87982309735912 -7.915714289945967 22.42108579475466 0 15.22245953134829 10.78841247736875 3.897130179211047 -6.386253927035035 10.69264344437286 30.51497888353525 21.42395700450758 0 -15.11834207216973 37.87223742375353 -17.6215071937179 0 0 9.124190998525355 6.441609176212918 0 -10.75046697200018 -31.95289470444698 9.16022681279046 -2.567321710347272 14.39856238081648 4.708070323728151 19.32402421941111 0 14.58568935567638 -22.60000858768723 0 12.21961640571302 -11.2130911717247 4.21418253733859 -42.54520208151754 0 0 15.84689448144537 20.57244028590858 0 -6.5697063076631 21.7553924777282 0 0 0 -17.96148644062491 16.79958131630196 1.014454131204453 0 -14.13272578632118 0 0 4.301683789042596 22.52642458323045 0 0 6.490739440043122 0 1.935377577948538 0 -3.716733578086688 5.780530734834692 13.44376225559079 0 0 0 0 0 6.253759855930557 0 0 4.493940638797798 0 14.38086472775466 0 0 0 7.052288389290396 0 0 0 0 0 0 0 0 10.64068647323707 0 6.862551137042107 0 0 0 0 0 0 0 0 0 0 0 0 6.524437003084802 0 0 0 0 0 0 0 0 0 0 0 0 0 0 1.079310897292578


GFLOW: 1.1 0.02126055372859039 0.02142069608672221 0.02536934502516813 0.02550249826639955 2.995849746266789 2.995826903623152 2.984666652489622 2.984567380166228 0.01331570855660969 0.007778802169289232 0.007729885251645235 0.001524245775037925
q-corrs 163.7046087654776 757.7936979928339 1167.027128126709 597.657454465467 342.6289839146231 1043.605948208236 791.1211578340298 0 219.6621235288488 399.9287992359909 210.5164703825985 145.0993351570399 39.42117390542568 53.15466859295397 59.1915126438662 0 -17.333809994459 -81.04965577949957 -91.98291920936862 -35.2863757417599 -72.31234162553292 -129.2277063887955 -24.205044774077 0 -44.52091205387357 -88.21797595666635 -198.5589489794659 -93.26863992342869 0 -130.0702719802138 -132.818830392501 0 -26.81451935428834 -85.76833675880553 -69.55677315715499 -93.85891751511468 -33.91986646890867 -45.33606987307627 -96.72230596911245 0 -46.69111961907001 -148.2842593465834 -83.01337545029355 -14.24165913507852 -31.69335657239128 -96.46977873640029 -78.30181321521869 0 -3.995230767259296 -41.39549388040533 -50.85467074727138 -46.12117412780057 -48.23960595635175 -96.6780263365265 -79.96442284524241 0 -38.28835817957778 -31.07272251070186 -40.46894869869362 -80.89009142529335 0 -54.65700391683369 -105.7922106814975 0 4.111126783487328 -72.91570192342695 -67.25882123410355 -2.34153849040216 -0.2552552985601899 -37.89497772640793 -3.793713228863753 0 -27.40728414242837 -45.09530159714156 -58.0948703533331 -55.99010644517374 -10.07683356829434 11.71405031455426 -13.15305123627154 0 -25.50270507127832 -11.64781583736951 0.6756459014220888 24.47055295344775 -8.523059536130319 -30.28448450654156 -12.9061944397626 0 18.07051610637941 -16.61455114727236 21.53582058497106 0 0 -3.264197767835831 12.46653960069551 0 15.11461093630178 30.86576164249163 8.344755407603696 20.67832582511754 -15.4517343919016 13.03402345409635 -5.000658255210352 0 -3.390205746911438 31.44675798691235 0 -4.206374898916325 10.33921445666181 6.733406231085961 48.90790522263045 0 0 -8.005735012509458 5.686636894062111 0 14.9446226723041 -6.115572712338056 0 0 0 19.51292301852013 -9.834662362024446 4.242797741218924 0 19.82255233258636 0 0 -1.311853250517817 -12.41527144816731 0 0 -1.966535465307413 0 1.689162579361986 0 5.86569595111451 -4.515549418357288 -7.198872015088321 0 0 0 0 0 -5.948340288613582 0 0 -4.528384349237443 0 -9.6168307495867 0 0 0 -5.477680833472037 0 0 0 0 0 0 0 0 -12.18494980901679 0 -5.682535023187188 0 0 0 0 0 0 0 0 0 0 0 0 -8.773028327881683 0 0 0 0 0 0 0 0 0 0 0 0 0 0 -1.870099145568827, 124.3566876845681 573.9091358293053 880.7293049777236 449.2020865040742 255.7105250180987 774.4699981454629 583.2583369199313 0 158.6222351406973 283.2199762603165 140.1180960515129 93.25255149729193 26.46622334030346 27.75371392650938 23.87085224790656 0 -18.47631631837062 -84.72865659517984 -86.99223639918647 -31.87618479571234 -63.97541178980981 -112.6391232614859 -20.76094416085051 0 -37.42916917533863 -73.54810140534664 -166.6153319070991 -79.46562159840275 0 -107.0406964642057 -109.5590926684282 0 -21.18552728257609 -69.69468970339085 -56.05196722521698 -75.54280359132132 -27.49398511535506 -34.60743129899836 -78.80033332825994 0 -36.30128146606796 -119.4959578998445 -67.44041142927453 -13.38169520724492 -27.39945978770981 -80.49621796213734 -65.55724157774797 0 -3.217386461637836 -37.62303398239501 -35.38503580926889 -32.21090438565442 -40.48415047683883 -79.67031843641405 -68.38678046514998 0 -36.75967163178392 -27.44437593936777 -35.05128291380368 -72.36432571649948 0 -50.51024014802918 -103.035548509905 0 5.027750162937394 -60.15001435430361 -57.44036145533589 -9.062261066457472 3.170036306077123 -42.0089720935654 1.325511531406621 0 -26.62987256159403 -40.3737842134842 -66.31099903873218 -52.74571626358004 -6.535686702224624 13.28134789413342 -14.62378076123997 0 -24.505377428301 -11.09817708131591 -3.830191767364151 23.76299171968691 -14.30674661571765 -30.2078162309863 -8.381879131293307 0 22.55949147298901 -19.2024668623141 22.04476398191382 0 0 -5.799718018053249 22.29338443506823 0 12.51761898406511 32.82709065367294 6.05154234050902 22.05875263517028 -16.00074668204343 22.18303758569782 -0.9058739998804866 0 -1.6495434382742 31.13520954904267 0 4.252885437074212 9.913894441175314 11.61003691648901 51.59859209476477 0 0 -8.624691375936425 14.49543094394617 0 20.12944935314905 -1.658705654157696 0 0 0 17.59055583237789 -0.06918749219049092 7.546585543219268 0 21.48696346548424 0 0 -1.452169934640965 -2.034860810660098 0 0 -0.6524188334134302 0 0.5125737867288596 0 5.264274050476864 -1.617014915192734 -2.303885145964526 0 0 0 0 0 -2.774204049210794 0 0 -4.513425392065633 0 -9.186956535973955 0 0 0 -3.711715766812753 0 0 0 0 0 0 0 0 -11.06060627713711 0 -5.055331725816436 0 0 0 0 0 0 0 0 0 0 0 0 -7.560694529990119 0 0 0 0 0 0 0 0 0 0 0 0 0 0 -1.543595884886535, 50.66249081887214 229.034679718276 343.2203990968104 170.3224425785405 92.3795051749928 269.1071631002606 193.6847213768645 0 45.12603797818595 67.94446617635118 11.40769408689563 0.2594739837875872 4.028721025709116 -14.41908054855896 -29.74661826596093 0 -19.27640289749692 -77.70053060339629 -67.40770494967728 -17.62272532459701 -41.21360784996814 -66.23866077795174 -5.702598631162769 0 -15.91491659026469 -37.92770981602294 -87.97322542557859 -46.89337664366155 0 -43.96722002543855 -54.86391697026527 0 -7.102079831089963 -27.14034684761548 -19.23612859760897 -29.3304127012147 -11.94255921859452 -18.56457560112439 -38.64726859413091 0 -16.52577228878882 -55.6612138642057 -27.97250540502122 -10.10054914207938 -17.86647249356754 -42.71057509290966 -35.85330231364718 0 -2.22286449804799 -32.3444948695482 -17.1625349117605 -10.3926779364591 -21.04744423265399 -45.68419459314331 -56.39215947772362 0 -35.56545720467119 -27.38341353933212 -24.24484006962577 -60.96962245757018 0 -47.10437404984572 -96.5263355728375 0 4.720449350243838 -43.71169193235455 -47.58950050390268 -27.44035039251326 -0.8797886786139539 -61.55922874668711 -2.231303120910155 0 -23.80226473944998 -28.06783038994271 -93.64446060368007 -43.14242952200917 -2.378871405100359 -3.823254842047341 -23.49331647391753 0 -21.32279485835528 -26.90041323336925 -15.91865389938246 6.134885820892638 -29.40307213100894 -21.84247174249496 2.460006863649337 0 22.87780616739867 -33.83836065604801 5.906652691782698 0 0 -13.76376928643135 27.27573911835411 0 1.79145789057248 29.16735949455285 -1.385184366393712 23.11458335761716 -12.50975812286052 29.18330925567555 7.242415884100575 0 0.6341392256873148 19.69253574885067 0 15.49849876408554 6.904659291346046 14.43146095087741 42.43576139261945 0 0 -3.543785081322103 29.37056839839166 0 21.97523010573487 8.345694053635732 0 0 0 8.048439275039513 14.75713566468581 8.88329860287624 0 17.64204440244065 0 0 0.04549834911175488 15.52079728279418 0 0 2.556822063667445 0 -6.267781849809802 0 1.386221872614597 3.29910537837476 3.115915472878361 0 0 0 0 0 2.448762448962595 0 0 -5.892953639293085 0 -12.14368563278755 0 0 0 -0.9541871490902405 0 0 0 0 0 0 0 0 -10.84708601981416 0 -4.57021063899681 0 0 0 0 0 0 0 0 0 0 0 0 -6.164979253586999 0 0 0 0 0 0 0 0 0 0 0 0 0 0 -1.078955856814533, 3.007617615655443 6.002704876473853 -4.08623686285338 -9.501336554754294 -12.50926673321095 -53.53824727004737 -52.86937607524128 0 -24.43807941907463 -60.27178309936877 -61.7610437836417 -49.05655369414706 -6.804456954693809 -30.05400986383463 -39.81424416217099 0 -16.62834426173992 -47.01119038983043 -35.12906008751094 4.520741461981765 -13.37879644184009 -9.112690690154068 16.73870645433161 0 11.30311157661942 -1.464997085355702 -5.938078543596925 -14.03417949611072 0 27.54753625720273 1.122491408536557 0 7.122177625153807 19.91178670320393 21.29315870585732 20.51684546711961 1.430993678590429 -14.76376197866753 -1.907827373273538 0 -1.745831934630865 1.939223328290289 12.5610594733278 -6.611181174893504 -7.194826569198033 -6.614907048363673 -2.889402707533885 0 -3.423042492508169 -29.67218058145408 -30.0612013886858 -4.733281553772989 1.293432600181521 -16.146785409778 -62.51020684924188 0 -37.61026122397429 -39.1014380634835 -12.3682561999752 -57.24993414277667 0 -54.39713890646425 -83.30901073405256 0 0.6926249390619843 -45.10964894371067 -53.63053166786985 -47.46233407900677 -23.63260683115449 -88.06578461981762 -32.78166641745256 0 -17.1736157445658 -11.28066823286172 -124.8556573531881 -28.00411059992457 -4.863256396734089 -54.67073995606199 -38.60536858077484 0 -14.60602518776532 -67.18397042977949 -28.79442784236144 -36.98920702266714 -43.74881944609392 0.02311681081329553 11.73132363993811 0 4.775777497211373 -57.16496296479201 -38.59002186006553 0 0 -23.07398857765076 3.832667029989929 0 -16.38756793451936 9.736262396050499 -12.07358511738713 18.41154173619447 -1.071475375489461 12.34457362739567 14.36054471130017 0 1.413064812343505 -10.0872410370269 0 14.33833058223178 0.3394157750994893 4.180869910582899 6.927663197874772 0 0 11.24418857394557 34.77197225192926 0 7.056136200760211 19.11432161470898 0 0 0 -8.410305942762724 18.56106578591121 1.557766703744765 0 1.396024694248147 0 0 4.161205974323929 23.82780826101435 0 0 6.360566958006888 0 -16.13560224086427 0 -5.437934645640381 5.830056834176612 1.492715671623572 0 0 0 0 0 4.830832157945435 0 0 -7.950319460778054 0 -17.26613414426744 0 0 0 0.5466533628821573 0 0 0 0 0 0 0 0 -11.94660147164744 0 -4.417613195093346 0 0 0 0 0 0 0 0 0 0 0 0 -5.76908331220382 0 0 0 0 0 0 0 0 0 0 0 0 0 0 -0.8848402337840721, -11.05418743854448 -58.99686027086877 -103.8272969473341 -60.27765179132928 -41.36240040045882 -139.8913460470014 -116.8739694182793 0 -40.3692170651807 -87.06450262684619 -72.23253669244421 -53.40471824241398 -8.128433273557587 -25.27341040737315 -26.91432254610364 0 -12.59371326756562 -21.27715582516179 -10.3880094290368 16.98593394778695 4.899176135808457 25.84251687060269 25.1485298297241 0 25.31619475463352 18.02473133078867 37.1235642691674 3.144966920875603 0 61.71938220755803 35.69534948519843 0 13.89137066038467 45.26793602091442 39.99097498713692 50.84195509880057 2.545352354616002 -18.43957275120838 16.81366859568114 0 7.412578510244829 33.35770306997076 33.79021908747396 -5.89734704372914 4.006434305430855 15.05793741294287 27.52440430767171 0 -6.40159817357743 -21.19400983024375 -57.62182960551262 -10.04531151056972 19.6580097591706 10.41272412023922 -61.57962325375232 0 -34.31681522317236 -46.3688453428624 4.084771830368604 -42.14594876475518 0 -58.04453536598589 -52.89451608541516 0 -4.0780448026841 -44.65694486907094 -51.20277718382632 -52.62518405951237 -43.85446107728623 -87.53026036331239 -63.43248084638606 0 -7.146487375063388 6.226296130356342 -120.3781112429773 -9.323072092073415 -9.205604236950343 -96.39242731981744 -43.90323027544912 0 -3.411684475313022 -91.42687496220191 -32.46361043753189 -71.70584175286558 -43.63141631309156 19.75396872058523 11.99001508318312 0 -17.35332513428401 -64.71762532051484 -75.36941647733053 0 0 -24.97719022046997 -22.70276624258987 0 -29.81745389514653 -13.7739202552663 -19.55301712116928 7.504183772320498 9.783239224704037 -9.831093188085619 17.90880070275481 0 2.234984048592197 -37.36120471304823 0 8.818354592551346 -6.181021709612944 -7.323417537299981 -29.29063911832997 0 0 22.45911682370402 31.14364174151715 0 -9.721829589911531 25.44008118411307 0 0 0 -20.81399988398897 17.04914138790592 -4.234992994693855 0 -13.96659221852227 0 0 7.074204026613476 26.34866734453521 0 0 8.682916287493056 0 -19.82647210043249 0 -9.779214775493422 6.679795988191007 1.739743478612803 0 0 0 0 0 6.038791784683085 0 0 -8.113784504123601 0 -16.38884504118767 0 0 0 2.50177019706721 0 0 0 0 0 0 0 0 -11.1307143621667 0 -2.950983068220993 0 0 0 0 0 0 0 0 0 0 0 0 -5.111807681290141 0 0 0 0 0 0 0 0 0 0 0 0 0 0 -0.8111182400310732, -9.248590428813671 -49.55819780494867 -87.66123463861467 -51.28615809928392 -35.38291656094149 -120.50371069102 -102.2240236689209 0 -35.61726782489867 -79.04928095080382 -62.15018079676976 -47.03270295396045 -9.764298252518598 -21.84838003597481 -28.58045643461545 0 -9.76090873124039 -21.05894578089166 -3.873773377025808 12.85169731917957 9.364848200488348 29.26798922521334 13.74137036692333 0 21.82229353972606 20.95613184008108 41.00993750200217 5.25940822412682 0 56.76657872933112 48.18126760245774 0 14.12637163436718 49.29619607258394 39.09107150797731 60.91751638474332 -2.378740800036557 -20.07220467995031 26.24368698486651 0 13.90064165403235 49.73683897847579 38.64001411678572 -2.563456484242792 15.74521327545512 31.03350526490927 51.81345394735025 0 -7.082047352160696 0.1229524801436117 -61.8471417613566 -12.47122055865868 30.06662478078691 35.41684581880382 -31.72073554902976 0 -16.73392968655649 -32.63435638247719 21.52293811698231 -6.02155097268661 0 -38.93928606754493 -8.175185305184847 0 -6.514696636697899 -24.94436695502971 -24.66507495697126 -37.27317366775763 -40.63976905285723 -51.57871495047338 -60.84243209629718 0 1.965741538803211 18.0189285122761 -71.01887320636354 6.654320280910587 -8.319610765952859 -88.32817679524064 -31.1044842062472 0 7.816117388616892 -70.27543280899857 -24.30511364790767 -67.31542456832497 -28.04123760930978 22.51600549565601 3.475586194226839 0 -23.374643905842 -46.28353378200119 -71.15965724750319 0 0 -17.28758369300422 -22.89149253653471 0 -29.05549944885104 -24.93283583108031 -19.09704536783555 -4.53302267491481 11.35860037071373 -13.04610704773711 16.13095526048859 0 3.370256289437461 -40.81567265796217 0 9.593531532057698 -9.286903479216278 -6.932080250680226 -39.32434633748527 0 0 19.20431461240437 24.98369520061982 0 -10.77323287467546 22.96706477327337 0 0 0 -23.61748942337416 18.5240429542769 -1.275759991416976 0 -15.86100886880739 0 0 5.81540068459984 29.49476732531197 0 0 7.784453479454131 0 -17.14424810648056 0 -9.495882076679276 7.245259490335083 8.729376025912465 0 0 0 0 0 8.12038307693266 0 0 -7.161153667329197 0 -10.79476319218498 0 0 0 5.368444444662049 0 0 0 0 0 0 0 0 -9.553131236064125 0 -0.8785348165744282 0 0 0 0 0 0 0 0 0 0 0 0 -4.580920455931438 0 0 0 0 0 0 0 0 0 0 0 0 0 0 -0.8453763149003084, -4.11559778366809 -24.82272737415235 -48.33502332235123 -30.7884490545481 -22.68320020963358 -82.17816915217549 -74.84750861229239 0 -28.71235360747232 -68.45256303293175 -50.73984906926156 -42.03396980433819 -12.6066541370113 -23.31849855541506 -41.64990756822313 0 -7.691155569082101 -31.85537902868057 -7.67886122386288 1.812381712324242 5.646385505820533 16.58387873741378 -1.386826451603079 0 12.27213894505165 15.50575120723597 28.50231108761847 2.798738722121557 0 41.19865242727299 45.99345856363072 0 11.18284627274717 44.74904269784491 33.82614103949773 57.13228248735313 -2.223907613568317 -16.74623944121458 37.37816386020847 0 16.59107172982682 61.39453018705991 35.77494806540099 7.522853539886593 25.88072484505856 45.01502576337865 62.06976950412813 0 -3.667742086585995 28.61207927482265 -32.81444696557875 -5.96016787300718 30.04253530015312 50.5676321484498 17.59225963439787 0 9.458044796362394 -3.098952833630133 29.98453720294472 32.12483820530187 0 -1.875507410294581 39.03842350454993 0 -5.942117336835071 5.519151908954403 9.231559669238033 -10.30229479568658 -20.37747993684233 -0.962403095248316 -32.50045276373843 0 10.69373092748189 24.12191949051342 -4.597181098570083 18.4316898654861 -1.534220704022016 -47.21774584962445 -7.179167624895221 0 13.37771223347275 -26.24005971657011 -9.57535270449322 -36.25433694928354 -6.752794059101989 17.95581460494472 -0.6544966614916774 0 -17.58597353139378 -10.5361177667198 -40.77027233206326 0 0 -4.530074626287438 -6.366219375206714 0 -18.52544588015122 -25.50886195065445 -9.819970168742469 -10.18790242642608 8.647289880638629 -3.108194148774594 12.82036738081034 0 5.871423731475197 -27.81857335622622 0 12.68121446363367 -9.446016837208461 0.4325030382307693 -32.95781486968959 0 0 10.36768816693366 18.95760680049975 0 -3.595495956745193 16.75474723080704 0 0 0 -20.03231266059592 19.57847425818205 3.191424804838616 0 -10.67401295360237 0 0 2.935982406693162 28.58099699941118 0 0 5.36728925340589 0 -11.00516939326121 0 -6.675556739691878 6.904037150637454 13.98745037927235 0 0 0 0 0 8.776147507049965 0 0 -4.606767098951117 0 -3.471641670567379 0 0 0 6.742141351453302 0 0 0 0 0 0 0 0 -5.584291193602483 0 1.125748322297452 0 0 0 0 0 0 0 0 0 0 0 0 -2.696968129635132 0 0 0 0 0 0 0 0 0 0 0 0 0 0 -0.5838934455137927, -0.5690685703848786 -7.616977673042577 -20.80410647703441 -16.30363851254983 -13.3532471397344 -53.90730967970223 -54.17070011020111 0 -23.45151542723222 -58.91853284990237 -41.58584238915949 -37.80067718860595 -13.71557848672654 -25.46392659470772 -51.10265190076488 0 -6.499996971649096 -40.11764952117968 -15.21306506430019 -7.368074130780303 -2.13987468485152 -0.5144546440966034 -9.316120450232246 0 4.079443425936486 5.132738927460254 8.671829645030797 -1.602861601395932 0 25.51731908715534 31.95714252710307 0 6.415723462682529 35.10872702515738 26.72558634011472 42.51519968192393 1.778658235115827 -12.08113613488508 44.46242146799273 0 14.32710659718576 63.41624915729815 28.70868778195243 18.03184971398134 31.04948771454396 51.09033177806778 57.58829165474131 0 0.7160800350274892 51.5647003091464 7.191719402993938 7.773286458094034 24.21727164362762 56.6538316620239 63.99623788675298 0 32.80014841299587 24.55760041948469 29.4064919344175 56.73579372901698 0 35.70838712490902 83.41096171231337 0 -3.406047981887899 38.49800771822363 37.14257506450286 14.97831371093449 0.01745256545243201 45.86391253308494 -3.694888005293638 0 22.39438810898431 32.71650818676243 55.23315226544257 34.40294120299529 9.171555589679638 -9.31357687953443 19.83669972368368 0 14.74832378979395 10.89615468219411 4.679524715492242 -6.024962264096278 12.47972168716252 23.03903873890451 13.42797660368211 0 -13.44402723334403 33.36723840007135 -12.04272287102812 0 0 9.398622627795021 6.178443420270742 0 -8.073958410014608 -25.21080664604994 5.990341926057515 -4.771564645584101 10.98685226349434 6.102046403692455 14.7952059537562 0 12.14370115964389 -16.94486246656932 0 12.21243931860628 -8.756185545964069 5.075872590362309 -31.13238186829626 0 0 9.500205407932246 16.40381963063895 0 -2.591300202593868 16.45895502621038 0 0 0 -15.23544068948199 16.60517852351901 1.803154152190253 0 -9.588880309428534 0 0 2.287543752499074 20.92202465271122 0 0 4.717424213152137 0 -3.085246405258506 0 -3.890968902697181 5.518622807823505 11.27446541392207 0 0 0 0 0 6.337588943499413 0 0 0.2754405627800005 0 4.989940147491861 0 0 0 5.559325199027793 0 0 0 0 0 0 0 0 2.479352456467931 0 3.303667950611515 0 0 0 0 0 0 0 0 0 0 0 0 1.724071461776422 0 0 0 0 0 0 0 0 0 0 0 0 0 0 0.2247681522834188


GFLOW: 1.2 0.01845508850513737 0.01861438432771708 0.02174385163620014 0.02188235078435623 2.996446403941086 2.996422743741501 2.986780216977097 2.986679659653535 0.01229900710529517 0.008100663807694313 0.006451554874030446 0.001642102262133706
q-corrs 122.1478132923149 577.5607813779332 908.9756136544232 476.0238293772451 278.7207451823693 870.0684592897433 677.042205714142 0 199.362928531343 376.5226170333798 210.0179565870829 154.183701077712 42.85529143724612 72.02823508684651 98.5845465195226 0 -8.283410658842691 -31.18539924673266 -52.26643067561795 -19.17078212954073 -48.45737708814293 -89.00533692400964 -16.25363745148 0 -33.97959113476918 -68.94464478392869 -155.3029632705465 -70.83866270622809 0 -109.3920252010461 -106.0800071651843 0 -23.95322834948729 -76.34064262640268 -63.03580043901877 -83.01912835131424 -31.13745093773742 -35.1306210127486 -85.80036794673893 0 -38.0388252195916 -128.2681460807511 -75.85456512440453 -14.74597217417256 -28.07351894826539 -86.92951515662884 -69.2552985746056 0 -3.067382896118086 -41.01482325187965 -44.61664727463947 -41.08989071996299 -42.11621302012608 -85.92077731539675 -70.78096115782738 0 -37.3373302249602 -24.63806573609068 -34.05881486592518 -67.88137948437205 0 -49.12432044137351 -97.68360683537658 0 3.188751273749424 -65.10304150866365 -57.05891682693094 -5.145009176440396 0.7974480245258988 -38.66854726346403 -1.604218877758856 0 -24.36816465663778 -40.3125444408177 -55.60267876683405 -50.09233714889307 -10.15889632258412 11.83452292373352 -16.95320382695905 0 -21.08703703833632 -11.32161057115321 -1.156076046127268 17.6799375118748 -10.72735117279182 -27.56963349301982 -14.65826720015991 0 17.11226600175254 -22.31271948669207 16.53259969385168 0 0 -6.11571709141763 10.99524578394237 0 11.44146650283836 27.11678152589452 3.188072981232876 14.32534260311883 -13.75382748593189 11.86231780257904 -6.149396612754315 0 -5.23648915449119 25.50426338666923 0 -1.622282887331681 8.695132899770474 5.841652466106388 43.05969248322022 0 0 -8.196594196903469 5.357181252835941 0 14.33398800616587 -6.814062252134045 0 0 0 16.3913571057866 -5.449306242221704 6.644527642693212 0 17.84116632405915 0 0 -1.513268152802196 -5.796261847743146 0 0 -1.990672907944443 0 2.338766489407367 0 5.202276590406519 -2.765549438797754 -1.452198299820337 0 0 0 0 0 -3.09105212791086 0 0 -3.515880853496115 0 -5.917292288003405 0 0 0 -2.899888294147745 0 0 0 0 0 0 0 0 -9.310215379759944 0 -3.821745073557948 0 0 0 0 0 0 0 0 0 0 0 0 -6.675601208304945 0 0 0 0 0 0 0 0 0 0 0 0 0 0 -1.428791536695581, 94.78807594393948 447.107864597314 701.7276844564783 366.3455579678526 213.3456524029679 663.2850252519075 513.7870760821445 0 149.21280219277 278.4079114957965 149.7079147130911 108.2076312334646 30.87552016352482 47.26231283999605 62.02415526065381 0 -9.985436289809384 -39.94791937758025 -52.22435961179883 -18.43388519893811 -43.83029315566329 -79.07773875934669 -14.33002152397616 0 -28.9463326623278 -58.11697592435185 -131.6059613219333 -61.00862082305219 0 -91.00096588511138 -88.7321891686241 0 -19.23448688953003 -62.82114773537132 -51.60724965901954 -67.97892269646493 -25.64801657877456 -27.99488067082333 -71.52395721373574 0 -30.64151305155379 -105.8155713534972 -62.40738669916593 -13.53622238045389 -24.72257725939077 -73.48098311606952 -59.08931930873453 0 -2.550626083022597 -37.72196295892185 -33.93556923356997 -31.0769872803503 -35.74874178133243 -72.62568048872538 -62.62694602843369 0 -35.37365983199578 -22.81149809594528 -29.99226835933369 -61.78673632691319 0 -45.65625896964888 -93.91143426234524 0 3.630791186778421 -55.6879666795579 -50.4585272140028 -10.07786069742229 2.038929595229074 -41.50823186043156 0.6479600845801765 0 -23.40687553559096 -36.09487563089257 -61.19360255419045 -46.62816361180354 -7.712508757824368 10.09340278012102 -17.68567687482036 0 -20.04601126298965 -12.51107881639884 -4.499913361899674 15.47971760110556 -14.61155082082362 -26.32159907226078 -11.58188953964257 0 18.66124645294806 -24.36834636827642 14.5354102087633 0 0 -7.731674546287392 15.60808081493629 0 8.933428371745709 26.66386382071117 1.182280499676267 14.12645442719545 -13.52938144277997 15.61412448230709 -3.486765603852076 0 -4.081124156385083 23.51175259281487 0 2.983462283699464 7.842254443692088 8.035055155577815 41.32289268373242 0 0 -8.128327102124743 9.335717779232551 0 16.06703495167653 -3.919645826146206 0 0 0 13.53951036312534 -0.004810257613482305 7.243510454490671 0 17.13483287867795 0 0 -1.504155496535548 -0.3454094418605118 0 0 -1.135918208155362 0 0.1959451808127479 0 4.021990877780302 -1.09944248291727 0.2364407242444515 0 0 0 0 0 -1.37630448053013 0 0 -3.907542622030303 0 -6.94415061930818 0 0 0 -2.098171312581184 0 0 0 0 0 0 0 0 -9.159339308195007 0 -3.716352817184735 0 0 0 0 0 0 0 0 0 0 0 0 -6.170456204813281 0 0 0 0 0 0 0 0 0 0 0 0 0 0 -1.264141994259435, 41.64688385096786 193.4427201049841 298.4105756012093 152.8182521279472 86.05651061048376 260.9587780969456 196.6612845542482 0 52.43270899563392 90.16508722388771 34.70518552417622 21.69434510391199 8.846660359292695 2.898240769232592 -0.4424980430941421 0 -12.47510953133193 -47.87367909843743 -45.35579498253483 -11.56919725062896 -30.07139050740143 -49.62194880935761 -4.810221553401769 0 -13.72306549165041 -31.4797838463946 -73.03669840610462 -37.76446413494531 0 -42.06381523913252 -47.89913056977056 0 -7.480371865281356 -28.06437167131845 -21.57722919151299 -30.62155891174525 -12.64781031302188 -17.13679596567428 -39.75152937624507 0 -16.1802028661537 -55.49005561148248 -28.8545800062231 -10.21488963095621 -17.33963434491198 -41.89013651235699 -35.32330499082691 0 -1.908488487884495 -32.78551570057296 -20.78781281026631 -14.34906116421763 -19.77626761195096 -44.96638170604666 -53.48625836597201 0 -32.59382192185043 -24.13087338997042 -21.48031959176433 -52.88913546290253 0 -41.8458645416532 -84.81523065419725 0 3.068314630166278 -41.76605923949808 -43.29686909008717 -23.65016349800514 -3.042112475587939 -54.74031097048247 -4.025524223497227 0 -20.35149037126274 -24.95098653788374 -79.68641400548199 -36.80926359155541 -4.212760593325523 -7.541422000638885 -22.62769371564721 0 -16.92668031659562 -26.05786875085747 -13.44891269169016 0.1328928110881562 -24.80327906332985 -17.91101863437849 -3.569522617798516 0 15.89995217936852 -33.89477021527137 -1.117384498304496 0 0 -12.72584379388723 15.78024806718764 0 -0.03733060649947539 20.45993268997425 -4.754314287900158 12.63281929360939 -9.855325363624855 16.07839844623645 2.429849976608959 0 -2.100519675870468 11.99738899316458 0 9.024996167758154 4.652372765464339 8.148034319295432 27.90959447623722 0 0 -3.766150248458304 15.87198073592032 0 13.93367476210645 3.168465512617441 0 0 0 4.060963893827132 8.401336416543616 5.018692427932396 0 10.86562299547194 0 0 -0.3210739118436168 8.853176661319983 0 0 1.095753911898219 0 -6.774582866300488 0 -0.08002427376522814 1.825696744951628 0.8692101432162929 0 0 0 0 0 1.431843219860405 0 0 -5.418163073341796 0 -11.17768459053912 0 0 0 -0.9466026474253444 0 0 0 0 0 0 0 0 -9.814570582660933 0 -3.898268987430243 0 0 0 0 0 0 0 0 0 0 0 0 -5.597113143979839 0 0 0 0 0 0 0 0 0 0 0 0 0 0 -1.008960228077852, 4.681762636915696 16.91481677646536 17.82524816051918 4.449744024701928 -2.16846220557383 -16.78340788190003 -20.96609146047771 0 -12.57203953665276 -34.07937001982427 -39.19375287363984 -31.77254160560982 -4.129132172895723 -20.3894685849768 -27.8980971424552 0 -12.30603155389751 -36.74123927071246 -27.81165890912943 1.972921588729675 -11.77905361831157 -11.21053868155466 10.18901401753149 0 5.623983507465441 -3.567488640960891 -11.22939904623709 -14.15676081669943 0 12.52155944028374 -5.721979509527635 0 4.606124342322412 9.8211369404614 10.89545448605056 9.582499890434422 -1.3249994777395 -14.13921703134267 -10.45704128765282 0 -4.593109263053196 -8.56553590147381 6.02394655988234 -7.264501488396562 -9.091585633061428 -11.06880169269685 -8.622661476685959 0 -2.901109571405619 -29.70458733337239 -28.53117851559736 -7.529469760388722 -1.161784829496215 -18.89114191696288 -55.79724846709547 0 -31.99288786943919 -33.48445698121892 -11.53490855876808 -48.17268833451919 0 -45.17375500365277 -69.91404673775982 0 0.04978944075135183 -37.97566326337921 -45.76222174987031 -38.59301755813025 -20.73541802367906 -72.11256572443492 -26.31610332162649 0 -14.34403576668412 -9.819936097220371 -100.1294021806824 -22.32933007926284 -4.32020808594916 -47.39926237917398 -30.95973335275178 0 -11.03913597814277 -54.7128993489325 -23.01576720147598 -31.53826837603586 -34.40102479131173 -0.1676144800632926 4.630551173494933 0 1.504256880450725 -47.41978324271683 -34.4642546950099 0 0 -18.29327113122295 -0.6856027998700167 0 -13.99334177842571 4.417829468369852 -12.40526705452486 8.357837266365935 -0.7774766067394794 3.345828311139017 8.70591419592073 0 -0.3445051043837559 -11.16268396022306 0 8.49752046899482 -0.5955214526473855 0.7931086645460277 -0.8282003105849691 0 0 7.079949917301386 18.63959821355644 0 2.026870398338004 11.79214088472751 0 0 0 -8.710629824260149 11.31093052922069 -1.416564145263738 0 -2.312319157665907 0 0 2.599606998416551 13.99086743335195 0 0 3.982821349152362 0 -14.07065402505046 0 -5.374852023436357 3.666341777857668 -1.417230112392156 0 0 0 0 0 2.917957488427344 0 0 -6.595322891273158 0 -14.8826585100955 0 0 0 -0.1430064113483283 0 0 0 0 0 0 0 0 -9.98532486160444 0 -3.748068829235628 0 0 0 0 0 0 0 0 0 0 0 0 -4.902804515645773 0 0 0 0 0 0 0 0 0 0 0 0 0 0 -0.7806896622748309, -7.883576410291937 -42.74248215520587 -76.33825442321898 -44.9475705241468 -31.15668909270006 -106.8726741716071 -90.61340152054456 0 -32.25829560694629 -70.40951721338074 -57.96078534407566 -44.06713184479629 -7.544634557750689 -22.69360542262418 -27.77076421674407 0 -10.18058522874296 -22.40989922212017 -11.88551914130622 10.46357590428852 1.289037210927686 14.16809030671106 16.42352677485516 0 16.34957970347484 12.47027424028214 23.85412431529229 -0.618564159750576 0 41.04981860261026 22.12591333107517 0 10.96671062464939 31.87744541391096 27.42011074000465 35.54053168989495 1.185274907750685 -15.38462138078803 6.826750344144488 0 3.607907913231248 19.93923539746783 26.13661038547177 -6.466922958566806 0.08509467975153084 8.825693556819537 16.51454197992512 0 -5.347050735392974 -21.6849911280059 -46.63768782601136 -7.986316432705261 14.27187706008059 5.080842616398623 -51.94631376338155 0 -27.95834461756331 -39.34443595260559 1.773447998358682 -35.31070411424326 0 -46.61056306096455 -42.93098470886939 0 -3.319677262080647 -33.29240892592761 -42.31582800399541 -42.48139374081187 -36.19883947044227 -69.5768933419015 -48.7290748127317 0 -5.883955118443937 5.265164187353546 -94.87595376247702 -6.267863717202872 -5.996767772312204 -79.17491792703528 -32.63274406085674 0 -2.157276484842421 -71.08231379116388 -25.73663822799727 -56.13306882920992 -33.65487203961288 15.39093091663826 6.610513799565803 0 -14.61380578560075 -49.4901137417464 -60.20367286261072 0 0 -18.63528365462517 -17.46944543905605 0 -23.97172236594982 -12.72614813330004 -17.05348849806639 1.395322006061027 7.580803929311381 -9.941858590631371 12.71669964092728 0 1.588560414413179 -30.74877958652267 0 6.31717097556748 -5.133591986469769 -6.162354478328455 -25.46593593140004 0 0 15.34496255284779 18.49510681684135 0 -8.92066995401137 17.7058973238297 0 0 0 -16.33381137400001 12.17315995880227 -4.237182918844362 0 -12.22515532409145 0 0 4.694756468477927 17.73313708636423 0 0 5.972237725134906 0 -14.70903331956472 0 -7.658125614619092 4.803789522010508 0.3180122882493492 0 0 0 0 0 4.291840247375666 0 0 -5.666735562122099 0 -11.94514878004185 0 0 0 1.67152043210577 0 0 0 0 0 0 0 0 -7.576579793314999 0 -2.058804613548239 0 0 0 0 0 0 0 0 0 0 0 0 -3.365462043161666 0 0 0 0 0 0 0 0 0 0 0 0 0 0 -0.5163002396254546, -7.543671384544107 -40.6605082022819 -72.3927539858384 -42.63870989797852 -29.34547237915086 -100.9870986679765 -86.49275985347271 0 -30.90605359438046 -68.41551854733976 -52.96168486288172 -41.12823243021442 -9.027291772754758 -21.26731289739468 -29.93464011270151 0 -8.012357863672495 -21.14426884747754 -6.547802765195243 7.810476967221309 5.169866439269528 18.37769985312753 9.213197967886822 0 15.00351091729875 15.83593187376946 30.4511436243703 3.136477504735231 0 41.29033230024302 34.48211285244795 0 11.64350981819543 37.42171990396706 28.77475231881636 45.65081970135912 -0.9327378228544845 -14.04829262369108 18.3740365513814 0 10.3242894630136 36.92529524792756 32.10902246020602 -3.71510352710412 10.46527458216021 23.10137028005494 37.2862271094489 0 -6.291404690525607 -2.814600267109421 -48.15934660760247 -6.376938506635931 23.09394539570287 27.5634865684952 -25.46598963267395 0 -13.8130055657982 -29.11096150917969 15.85108947819564 -7.199136637900072 0 -32.48960432215334 -5.288955624509825 0 -4.81695446843197 -16.50407028965055 -21.66966175335036 -30.11026271155022 -34.19079545270635 -39.34379066068546 -48.62312581135808 0 2.189449225716279 15.18870480902788 -55.72438482698606 6.423542922846154 -5.181129507003668 -73.96766053926466 -22.12811545819904 0 6.471849517776505 -55.16240974405004 -19.05408745547118 -52.71210923921765 -21.07146095673721 18.01598001321447 1.099097498418828 0 -19.41721532928151 -33.69398379201174 -56.25946173164007 0 0 -12.19006869357645 -16.6895396868814 0 -23.13525589092256 -20.45479066872748 -15.78623990911502 -6.083901200546366 9.018363169468085 -10.10734159295315 12.30625074084335 0 3.229928480374283 -32.53567680764169 0 8.131245853243556 -6.971437052997648 -4.899491950624165 -29.99598680552974 0 0 13.23801475433591 16.96047178745984 0 -8.333422067466817 17.00569906407563 0 0 0 -16.44602848230885 14.92677170510593 -0.1982369258376444 0 -11.73201360362327 0 0 3.837782311244619 22.23120858387322 0 0 5.641879736271229 0 -10.62026023083729 0 -6.344429792038238 5.731057594619386 7.45690793441258 0 0 0 0 0 6.388551446315149 0 0 -4.199966016665641 0 -5.712600609738935 0 0 0 4.263673521595972 0 0 0 0 0 0 0 0 -5.241552201461214 0 -0.04117549733576142 0 0 0 0 0 0 0 0 0 0 0 0 -2.36255212890053 0 0 0 0 0 0 0 0 0 0 0 0 0 0 -0.4281672719895349, -3.988366324158882 -23.32548657779871 -44.51995809482271 -27.94124741211207 -20.08783605418594 -72.72902379693627 -65.94787134857994 0 -25.5437534715782 -59.567297298715 -43.74343656944766 -36.58756187389204 -10.73754343109811 -21.91054259825574 -38.15506506012113 0 -6.193280631983393 -27.10417055729274 -8.486510913281629 -0.1442652099497836 2.92627496713183 10.43181450287604 -1.217293075597623 0 8.843468039494029 12.12948562507641 23.26304789894267 3.195530376122921 0 32.08813498079112 35.55845318821277 0 9.289161750060543 35.25355212452173 25.83604771927558 44.61007138614529 -0.06077757116941651 -9.001779596521203 30.859154026013 0 14.44957991400214 49.81114603549727 30.82722417281014 4.121888568769595 20.07085637950979 35.63467100096318 48.56516660166884 0 -4.090722856915153 22.64643425329426 -24.45567864906858 1.584732736991118 24.32439890810694 43.97422196840922 17.56843716645602 0 7.500613196607351 -5.379681241585526 24.46883352602202 25.07836231534806 0 -3.981995850739196 35.7331158997585 0 -3.987898467769494 9.182139275230989 7.504601693793518 -7.823393949782188 -17.95574668794796 4.749560088255105 -28.81348756861611 0 10.23392684771996 20.93353864580359 -0.3748548742395599 16.33591962671591 -0.506233256783911 -41.53736196741934 -3.166672086611556 0 11.44586940726359 -20.44310740059882 -6.769264494673811 -28.9402438771166 -3.205811662140325 14.62963923761535 -1.781354407973932 0 -15.43213743856147 -4.683876294745177 -32.12704116761252 0 0 -1.775631579514838 -4.259078488038743 0 -14.62526155805543 -20.67751677958402 -8.002070556978827 -9.522447599921197 7.052341176568294 -1.699883196072754 10.3419841166206 0 5.573427580449245 -22.03545140841855 0 11.09489361422479 -7.047045677066026 1.140611775168805 -24.35756541836799 0 0 6.762666992795478 14.22590529022442 0 -2.214795479258056 13.17288393512515 0 0 0 -13.99431975050378 16.79166671268989 3.535583297898391 0 -7.263617668864906 0 0 1.735018412387771 22.96268527156881 0 0 4.100763838697147 0 -7.20405935611198 0 -4.425670293288153 5.836732517220533 11.78484784650374 0 0 0 0 0 7.268110095550643 0 0 -3.227033846111909 0 -1.833117497580232 0 0 0 5.3679770012233 0 0 0 0 0 0 0 0 -4.007578587514565 0 0.9224269804083309 0 0 0 0 0 0 0 0 0 0 0 0 -1.997133518130562 0 0 0 0 0 0 0 0 0 0 0 0 0 0 -0.4353129178569994, -1.354153161266495 -10.4263480677862 -23.69665959951372 -16.89438749416598 -12.9437769314784 -50.88562845266995 -49.81785208865452 0 -21.33014071373124 -51.85546121401858 -36.46311050316961 -32.99267234653433 -11.46539088243942 -23.1890807648523 -44.5765249048339 0 -5.133585853033582 -32.27261847554062 -13.30942579937734 -6.890601007858841 -2.174979563720533 -0.8668742628233446 -6.964338846448415 0 3.420889384267837 5.086454719045893 10.59037090648599 1.3890564111478 0 22.62953789572175 28.02376058719076 0 5.773155172029874 29.48665625575553 22.11737702304752 36.18417243838687 3.409182597382775 -3.85302201183654 39.95391387305543 0 14.79966091329397 56.08102159302248 26.62900088053849 12.74527150627242 25.93555574692643 43.34657036723564 49.70829237230329 0 -0.7679136056320695 44.06158036435674 8.053756472806949 13.75418082678277 21.6952323424543 53.97640944267922 58.43878084574415 0 27.22155653131405 18.17236634410069 27.12257578199823 49.28502826860262 0 26.24371750155959 74.09139268241594 0 -1.845693802213378 37.23444499611247 34.25579632150404 13.22866415323953 -0.4582246466151938 45.91607559959155 -6.796143622582695 0 19.93981296586831 28.36014629847872 51.03443299639935 29.42959667183887 7.074479902497752 -9.214874808547375 18.07973453789967 0 13.7372532424685 11.11197159437207 5.056398261929147 -4.745734089766309 13.15193957136153 17.58101400001529 8.087474978037008 0 -11.88033775805241 30.05927117148794 -8.04795854872876 0 0 9.427752075591531 6.164606526271328 0 -6.006040730165265 -20.54054732407173 4.359787206162748 -5.762832340242191 8.400961473144926 6.141094919971524 11.78403882128989 0 10.43442337194625 -12.72126216458942 0 11.53482726192599 -7.049228666759992 5.465348484224188 -23.92390502167615 0 0 5.563076880054915 12.80728682638003 0 -0.4993731726785819 12.96707699062483 0 0 0 -13.18613586674715 15.53619040864914 1.562248964342989 0 -6.965895882846461 0 0 1.111901775074768 18.27815946555074 0 0 3.59402437627686 0 -5.89660663498702 0 -3.927299637289049 5.053981456331499 8.786834871363354 0 0 0 0 0 5.811722355893716 0 0 -2.098119760448327 0 -0.7029924799313765 0 0 0 4.236507641187748 0 0 0 0 0 0 0 0 -2.238039723610249 0 1.095290935684242 0 0 0 0 0 0 0 0 0 0 0 0 -1.083105055250262 0 0 0 0 0 0 0 0 0 0 0 0 0 0 -0.2770526480107109


GFLOW: 1.3 0.01620396562677155 0.0163600041695353 0.01888332690472926 0.01902273234679886 2.996915341951264 2.996891592799662 2.988458478817264 2.988358869188325 0.01117691453799209 0.008140543592439644 0.005244827624632496 0.001658916628761661
q-corrs 93.34384390167416 449.3109144021092 720.1007908593108 384.1949482369292 229.0824926377616 729.6512943732512 579.8697909483637 0 178.9098058976974 347.5069170649108 202.5671593027809 154.8662975096401 43.5424664875774 82.30160486328211 121.9001402671612 0 -1.837556824998777 4.1984821286043 -23.09635036176845 -6.91735204723241 -30.22133706375082 -57.85222835828248 -9.475391687909477 0 -25.04272659271686 -52.93816532673357 -119.7650035274426 -53.37696196722682 0 -90.29178264651769 -84.43165804344794 0 -20.91976551260168 -66.5749575198198 -55.70201119341235 -72.27976845430715 -27.98387526619176 -27.61734771889744 -75.28644550489489 0 -31.29740921732719 -111.0117114706078 -68.40623638604549 -14.43520844311649 -24.77884740907734 -77.91853728626384 -60.96395664483983 0 -2.463774315973378 -39.28617118643732 -40.23165130320939 -37.12186397789019 -36.85301896947975 -76.45165056435698 -63.64977995303006 0 -35.67581651001493 -20.52177242418869 -28.92840424056807 -58.21265131683502 0 -45.01414089042389 -90.08369695004572 0 2.428390800173474 -59.21654713144137 -49.65755511755442 -6.980061061606446 0.6525311193770422 -38.3370099617615 -1.628308098550688 0 -21.95523225616851 -36.27074543269033 -53.3057498559657 -45.21925873321634 -10.42547518309672 9.650968739298587 -19.35980251237926 0 -17.65501096468145 -12.37144248069575 -2.445373528155578 11.45379371504738 -11.85667710323373 -25.12463823564275 -16.48102252039327 0 15.11120666335253 -26.73417825727367 11.00152369742967 0 0 -7.968885573903362 7.913341964369178 0 8.351247134375715 23.22563284899271 -1.00433375786837 8.826427165477515 -12.33363027789551 8.773223335996581 -7.295093537022973 0 -6.754843522256771 20.01433660021917 0 -1.019458607881932 7.26335338601212 4.114406698473973 36.89255325106622 0 0 -8.233379101976013 3.218464354805501 0 12.52339389414654 -7.717139556461044 0 0 0 13.70885901112153 -3.720408697303586 7.352308391255769 0 15.44050309053606 0 0 -1.655689736610937 -2.753890014300358 0 0 -2.130716270339905 0 2.518932376918231 0 4.498072607388139 -1.913242657309636 1.467643389891117 0 0 0 0 0 -1.546654893054287 0 0 -2.793178958218307 0 -3.694683019003536 0 0 0 -1.426848404773035 0 0 0 0 0 0 0 0 -7.312075632402754 0 -2.650354037175918 0 0 0 0 0 0 0 0 0 0 0 0 -5.229965572094395 0 0 0 0 0 0 0 0 0 0 0 0 0 0 -1.1243301044789, 73.77420411652548 354.4254038247072 566.8073769178873 301.6901618082053 179.1396931012799 568.9080096390635 450.6891270483702 0 137.7537100653458 265.46799808106 151.183737683659 114.6892683592264 32.81480378706475 59.18529535904058 86.50490546188624 0 -3.874123166081388 -7.445892612797683 -26.2720987890472 -7.913516063221374 -28.21663247242232 -52.72124364635471 -8.681374995012279 0 -21.64947771781119 -45.13950785289232 -102.6307106431207 -46.56363326022732 0 -76.00274410532464 -71.65450106674905 0 -17.03259733085748 -55.49391736115139 -46.26214004287651 -60.11521342943654 -23.41684024878296 -22.86372720547266 -64.04899316723532 0 -25.97187398863426 -93.41566940174772 -56.97899415744345 -13.18283240862131 -22.16185830292591 -66.71761436849275 -52.82086424549722 0 -2.128568284070159 -36.49224503094231 -32.7325587430329 -29.69186947019238 -31.58812148338968 -65.88435236909206 -57.72264844286487 0 -33.64882113766955 -19.74967517040996 -25.78384951605577 -53.72061192150359 0 -42.15920330661599 -85.85040146167515 0 2.608318414860151 -52.01130879966325 -45.14129171534586 -10.62658701653319 0.6451498471941748 -40.2266906138484 -1.047298195654857 0 -20.88974982076199 -32.51207728747475 -57.05430696871463 -41.85797318004087 -8.642902151763778 6.264901152048777 -19.61367138206847 0 -16.63464362199021 -14.32519309399062 -4.926550701428097 8.667749716846121 -14.46748319761002 -23.35021175052947 -14.3756196407624 0 14.98422469212498 -28.20291546993236 7.836763481672257 0 0 -8.979737770607068 9.617621872215636 0 6.081402851177269 21.49762112016395 -2.683070668550625 7.819642224725547 -11.73356217065861 9.468775636307882 -5.489420506629439 0 -5.928756445948766 17.32548729964024 0 1.346496713708317 6.236550046379932 4.840223280423949 32.92495985881527 0 0 -7.819693829761853 4.446539337642781 0 12.38082406151628 -5.776160491696541 0 0 0 10.57470296266081 -0.8111831532150549 6.487254899191338 0 13.55616457674369 0 0 -1.570215344803612 -0.2068232707753377 0 0 -1.562565734398142 0 0.08141761838224504 0 3.116271490416656 -0.9822575326051521 1.370821354996208 0 0 0 0 0 -0.7001560553574099 0 0 -3.305933631801693 0 -5.313294070150647 0 0 0 -1.181795399329381 0 0 0 0 0 0 0 0 -7.549302962285432 0 -2.791756074870251 0 0 0 0 0 0 0 0 0 0 0 0 -5.042968116552622 0 0 0 0 0 0 0 0 0 0 0 0 0 0 -1.03680082246624, 34.573995792169 164.1811081999843 259.2548348838167 136.1089701401573 78.89519067130949 246.4695231708407 191.9012901693003 0 55.72974171039629 102.6379433929345 49.58307206503135 35.98796445811134 12.1432181574097 15.37046570941302 21.26723466148523 0 -7.477326959931593 -24.94034531716928 -28.2072449793455 -6.215395381708178 -21.04281547259862 -35.73238399623576 -3.247687472672645 0 -11.25862272700384 -25.67051056483665 -59.94110811992248 -30.35338998895878 0 -38.60586297500025 -41.41281126874056 0 -7.362389590896242 -27.44928196740502 -22.00932265646407 -30.08744121208221 -12.71578985080324 -15.54578788334373 -38.99674663038743 0 -15.29333922289604 -53.52943962789726 -28.63469222200406 -10.09924391637775 -16.37375432275853 -40.33359241737941 -33.61111767322988 0 -1.747958564807538 -31.93205123343895 -23.03207363316657 -16.50023313864173 -18.31408079332294 -43.04179226154021 -50.37386094943149 0 -30.09112148345067 -21.69905510220475 -18.90912395106938 -46.50261932455638 0 -38.19911059737787 -75.33321750393971 0 1.970781938979833 -39.86616972478778 -39.69073671506203 -20.63518773830443 -4.687531060417835 -48.94562769030659 -6.030006403199681 0 -17.73519686415733 -22.48581973581148 -69.21392590616296 -32.39572058654126 -5.590784533256935 -10.52930870645034 -21.98509231524128 0 -13.66552009379813 -25.58330262779056 -11.53506716423501 -4.335376410494163 -21.29177843153128 -15.39048867050385 -8.328140037659766 0 10.68459518282384 -33.99828340782881 -6.411889335964425 0 0 -11.9984356519472 7.401764742802036 0 -1.30358523084718 14.25679811672565 -7.280512791743057 5.140690214484469 -8.187833815607348 6.500704102025709 -1.039457423143757 0 -4.139536321353819 6.644672437464594 0 4.342994957735808 3.141771401315404 3.646365414731754 18.10978776190542 0 0 -4.084094159730986 6.282111355087126 0 8.367877125331137 -0.6059126473148204 0 0 0 1.7959323588321 3.769660584495612 2.543853375947416 0 6.478980559708696 0 0 -0.6150162581347827 4.056979519355346 0 0 0.02441670304057242 0 -6.368558085576779 0 -0.7696808799706605 0.7271749477727423 -0.5047602990649751 0 0 0 0 0 0.6651444019630723 0 0 -4.657203602348212 0 -9.698505977871383 0 0 0 -0.9342902508939538 0 0 0 0 0 0 0 0 -8.364412163643115 0 -3.235491228708785 0 0 0 0 0 0 0 0 0 0 0 0 -4.778794209446264 0 0 0 0 0 0 0 0 0 0 0 0 0 0 -0.8747075189031902, 5.559622926751218 23.2698473144226 31.42833759802959 13.52238006017462 4.777478458743388 8.697423534950953 1.823615353385895 0 -3.658212916002799 -13.9856876102088 -22.06909931125967 -18.22506012976226 -1.696020422007901 -12.23286382471794 -16.78722404125914 0 -9.012121091141251 -27.34447268309005 -21.33558712148045 0.9587653959157771 -9.910791004099133 -11.24453850388313 6.295187649996742 0 2.249040600456831 -4.641623830916052 -13.88433948670919 -13.56115896062734 0 3.04392104130474 -9.587688903749655 0 2.782507153972976 3.12822997383794 4.11785145856272 2.489676680733377 -3.15252974974377 -13.24790496265646 -15.35543841207774 0 -6.155202530267296 -15.00575442690743 1.373906382271098 -7.484389687535799 -9.816942670816701 -13.81916768682375 -11.64736330844754 0 -2.579091925683129 -28.40720309816718 -27.27073726238257 -9.249361766142494 -2.623526357656071 -19.98553328542044 -50.01603711631275 0 -27.68965848247064 -29.10587442477471 -10.51796563602297 -41.25524945828126 0 -38.61765092347375 -59.47769255136416 0 -0.3112735810520255 -33.01586523462289 -39.78288893962741 -31.62224917887345 -18.52370534767167 -59.83145772380591 -22.46512660330901 0 -12.2334651756643 -8.946960342099864 -81.78385570810582 -18.82190188308369 -4.339275847514379 -41.90809052281642 -25.85530985363115 0 -8.500471692894269 -45.91430335424506 -18.57133201197864 -27.67711652608717 -27.52085439366595 -0.802160643597853 -1.031642821908159 0 -0.935575722349268 -40.91542810305815 -31.41302122237232 0 0 -15.04605091082112 -4.320983866231916 0 -12.00241418885111 0.9611953214200777 -12.58779024278239 1.495309470463161 -0.8778402876582063 -3.204042561555558 4.434131489767837 0 -1.877700176274868 -11.38422730397263 0 4.146638510559471 -1.074259121957075 -1.64981180109578 -5.171424531496163 0 0 4.046196690406377 7.576472770262534 0 -1.15673977366945 6.382319859072551 0 0 0 -8.106814561153772 6.002364668896865 -2.953573710446065 0 -4.145857659222525 0 0 1.506405623803573 7.187514419678608 0 0 2.254375167985382 0 -11.66206167478363 0 -4.832105839558836 2.079541863139787 -2.901608760039962 0 0 0 0 0 1.575050558652382 0 0 -5.216215961707206 0 -12.19862391773158 0 0 0 -0.5226492336873121 0 0 0 0 0 0 0 0 -7.905842675776395 0 -3.035773121754374 0 0 0 0 0 0 0 0 0 0 0 0 -3.905441850495074 0 0 0 0 0 0 0 0 0 0 0 0 0 0 -0.6321124772188682, -5.526746302129627 -30.45616776972972 -55.19813719204641 -32.94170826076345 -23.1244796867231 -80.31209442857435 -68.94705813213173 0 -25.20626926456827 -55.65424017027275 -45.90772203467688 -35.64964528931202 -6.52607661811448 -19.50263155411828 -25.84712914647164 0 -8.255859695946949 -21.55775635117521 -12.09858165269605 6.248188731730135 -0.9298308679515177 6.632093171007745 10.6530122903796 0 10.34390585812977 8.361117715556766 14.41634224634929 -2.94974624921683 0 26.71262640334819 12.86948511896599 0 8.570292233881434 22.19792901828863 18.59180960726374 24.67467752400815 0.08438467942532046 -13.09216596991418 0.3838509173412916 0 1.078756369870584 10.62055374775848 20.03850024073867 -6.527544919950613 -2.175449462226679 4.414301428883181 9.400493889624364 0 -4.554090408134753 -20.70916226618273 -38.61190465326689 -6.721312558651242 10.49490011551024 1.681438619482127 -44.13783766873375 0 -23.01772917378954 -33.55925102585103 0.4139213501252934 -29.90089707809851 0 -38.05625756366572 -35.05404155239777 0 -2.694360199589831 -25.66541717940958 -35.41025593070676 -34.27478966897897 -30.19753134729576 -55.7024755697627 -38.72703862665697 0 -4.946649398746906 4.160264073151211 -75.48615723741048 -4.748292949684947 -4.331632965200018 -65.85398465779718 -25.06713931228936 0 -1.337326702115366 -56.48998712518106 -20.44460884522488 -44.9253612091705 -26.22003510218125 11.67569155349641 2.141473013993325 0 -12.75406947084114 -39.24386228415558 -49.13004876662409 0 0 -14.32522685165443 -14.67599851919324 0 -19.35992765017443 -11.60443764545894 -15.18040326987239 -2.673601142229481 5.66791049160693 -10.66573710190837 8.579160269576803 0 0.6794435134406482 -25.4557072795677 0 3.939299134749777 -4.225798220315764 -5.64213978861514 -21.88314180925875 0 0 10.25125280075687 9.504742826108558 0 -8.245871951639838 11.86171303006599 0 0 0 -12.57884495751748 8.144716777040323 -3.912085580447164 0 -10.44096197894835 0 0 3.042662496127065 11.40795036052557 0 0 3.985883318998188 0 -10.53500874339936 0 -5.823541868025808 3.319326956041898 -0.37524112391697 0 0 0 0 0 2.96193287406904 0 0 -3.771676538404956 0 -8.272188410588985 0 0 0 1.135636580158422 0 0 0 0 0 0 0 0 -4.849293422756586 0 -1.319832451944356 0 0 0 0 0 0 0 0 0 0 0 0 -2.046191069338308 0 0 0 0 0 0 0 0 0 0 0 0 0 0 -0.2972136298899156, -6.136035610440837 -33.23693557296889 -59.49784849426671 -35.24035174639064 -24.24409923358354 -84.12797236895101 -72.61514777560672 0 -26.46990419788363 -58.59709703183301 -44.97291455220852 -35.63487243105923 -8.133075734466567 -19.82687034530881 -29.23128875233692 0 -6.672867827502218 -20.48182826277984 -8.007937784874867 4.431765689212408 2.310472789785779 10.83202615837905 6.010731963025174 0 10.17502314444623 11.85217783049712 22.19963092850617 1.431968730254088 0 29.83616403574567 24.49749357998952 0 9.540134523451155 28.40721916243665 21.23769964103289 34.39955280540058 -0.2774883212739168 -10.13137143682716 12.58923649600958 0 7.665765678462391 27.41931230104865 26.55050211295374 -4.201381066909266 6.926864766608762 17.34878812700613 27.31070946846749 0 -5.543556756822708 -4.073583532109005 -37.91577249466182 -2.593047070744751 18.10530419984395 22.05327488493441 -20.32162599801084 0 -11.27722119716585 -25.48296362189308 12.08583258002369 -7.110790613350225 0 -26.957169472401 -2.869456865555456 0 -3.541407856539212 -10.56308327132499 -18.36378719657409 -24.1530143961674 -28.56301367504195 -29.76306730046073 -39.35300658222509 0 2.259085063135355 12.82445372766679 -43.45053983728035 5.854916965759097 -3.304408130298842 -61.7617339912628 -15.97821324505273 0 5.482391875324752 -43.57896780255779 -14.89339212304346 -41.72391801221131 -15.83601321674715 14.236248318401 -0.7765805070068623 0 -16.33359542777831 -24.99945087243238 -44.93430056353411 0 0 -8.731350132585746 -12.82592299367541 0 -18.44389179569972 -16.87616027886348 -13.22951955251809 -6.848784848051677 7.026346514624377 -8.585194634923761 9.260225652721552 0 2.765502205994525 -26.06448927043944 0 6.495384919843418 -5.266414460963964 -3.728460779476845 -23.11812153033722 0 0 9.013375111483832 11.02113116157714 0 -6.675057299090203 12.49810565416524 0 0 0 -11.35656016793446 11.70149725246495 0.4392906190356989 0 -8.735515696418762 0 0 2.491819505266982 16.5782658404588 0 0 4.072726278023208 0 -6.139930098249327 0 -4.130394495409456 4.4572590092179 6.377169114883177 0 0 0 0 0 4.976612518837083 0 0 -2.228812481967729 0 -2.299677845890516 0 0 0 3.423785895399822 0 0 0 0 0 0 0 0 -2.439223024113327 0 0.4928954653462463 0 0 0 0 0 0 0 0 0 0 0 0 -0.9600207790677889 0 0 0 0 0 0 0 0 0 0 0 0 0 0 -0.1709906110894132, -3.710403941663486 -21.29297369570416 -40.12303080602116 -24.93986203969932 -17.6490200553814 -63.86696683509644 -57.75680649424312 0 -22.52442010963169 -51.80781205937397 -37.81229843809632 -31.89497733491835 -9.244328906478051 -20.12133351560216 -34.64261412881594 0 -5.10103349274428 -23.58991168861417 -8.770095433263233 -1.353320523507205 1.065812908962666 5.997333604312496 -1.291220252642646 0 6.210851015631611 9.465146036761464 18.62742190599556 2.968812468449714 0 24.78582230640775 27.48730862086478 0 7.709264733664912 27.80274136227826 19.80870851992672 35.03529320058834 1.037782960838188 -4.192116492710629 25.3097395124725 0 12.55517118619438 40.67571683549869 26.30193248872537 1.909507873364792 15.78261049629038 28.53679755452675 38.65240441424191 0 -4.128186438861654 18.32494850568053 -18.05748112142724 6.108166529574401 19.98068218755737 38.54925666135372 17.37862755007703 0 6.160169722580138 -6.08614431500833 20.47013741780303 20.52999189774991 0 -4.668760271594875 32.6459608372481 0 -2.569011851262336 11.6392466308275 6.970781989872202 -5.770994565644648 -15.25493269210793 8.571518317435544 -24.92837575215101 0 9.633765754213409 18.32350267809332 2.949390170429298 14.45676739792353 0.2239679727168697 -35.61717388369891 -0.4628670930740251 0 9.910194252597705 -15.48665451524564 -4.66922694451578 -22.93059550354143 -0.8018874852827551 11.91300522975087 -2.328897293211535 0 -13.39967739541752 -0.6784943787754214 -25.24667478163538 0 0 -0.006990602034314897 -2.753804423366648 0 -11.52046360261905 -16.97258715779422 -6.370068319394404 -8.595303181529927 5.708895831467293 -1.014952863403847 8.468318363579952 0 5.174807661133478 -17.45876415179273 0 9.51140319305615 -5.376553919852419 1.507664816310826 -18.52074442209821 0 0 4.398905367395132 10.62644240859652 0 -1.413957707851317 10.51886104398661 0 0 0 -10.01308678063273 14.17680904689784 3.323522778682483 0 -5.116889474456233 0 0 0.9936016117320587 18.29977857282656 0 0 3.188010949290973 0 -4.811956670277008 0 -3.004550503860872 4.869550150716299 9.694680846230792 0 0 0 0 0 5.931573785623987 0 0 -2.321331780444103 0 -0.9266907790929331 0 0 0 4.254940299214342 0 0 0 0 0 0 0 0 -2.983017950405374 0 0.7385806487407947 0 0 0 0 0 0 0 0 0 0 0 0 -1.548710876688517 0 0 0 0 0 0 0 0 0 0 0 0 0 0 -0.3419972901337863, -1.729842236513548 -11.50131997776949 -24.17256539115229 -16.40563765033996 -12.0949211018732 -46.72920630166014 -44.97484823428294 0 -19.09431540875206 -45.43616298423718 -31.84583136851579 -28.75942320250795 -9.712647533317394 -20.81732866359771 -39.00122637884328 0 -4.132440303164219 -26.6880026853401 -11.78716778189852 -6.426240753968544 -2.29375911529632 -1.548377079887199 -5.58867167096099 0 2.534405085098813 4.598056330405635 10.59718216025726 2.782212499407845 0 19.10544202719736 23.96742062309389 0 5.026653338834798 24.3692263633805 17.91082554938424 30.2870750322063 4.051243819286323 1.276927522590993 35.08349890952994 0 14.49262824522114 48.98222902829548 23.75444202545947 8.866332083643099 21.74193007949239 36.51954805595928 42.68877702983571 0 -1.620793122490441 37.61216438726692 8.654968630066737 17.08481518552284 19.09703606066622 50.13697112895816 53.24261774666029 0 22.64017257695219 13.87970291837678 24.70977579713625 43.10662518593237 0 19.58412742970039 65.50162410764887 0 -0.7190434997881945 35.58239318652301 31.43385594407707 11.69859273953455 -0.34641800302244 44.46872969931791 -7.784238901515056 0 17.80029642932892 24.7556183100837 46.72689791489709 25.21157937710685 5.815160136099912 -8.32149102789543 16.61855177076464 0 12.51130125712667 11.21152093734385 5.145713222644172 -3.270825103578001 13.07008647825287 13.6269750634257 4.721518801166422 0 -10.40975144639377 27.38445342102698 -5.139006780415299 0 0 9.18817240577037 6.158431482877987 0 -4.415037894107888 -17.10781679776371 3.56910929095798 -5.924215396914085 6.499780972858786 5.679546544185166 9.719066240910909 0 9.149549681619146 -9.563522741752791 0 10.54415356999713 -5.81976073024008 5.519965453002255 -19.19003850419804 0 0 3.189468599445502 9.966528237604045 0 0.5348359442455433 10.58887917648062 0 0 0 -11.58661377567766 14.06066333563731 0.936136788442874 0 -5.423296466487624 0 0 0.4513977664867377 15.44878898454333 0 0 2.85719024128519 0 -7.329775245662602 0 -3.856365307620166 4.501424091603596 6.468366513915591 0 0 0 0 0 5.056380109814201 0 0 -3.328017596355306 0 -4.00841564251184 0 0 0 3.141521670974267 0 0 0 0 0 0 0 0 -4.777244946781629 0 -0.2333647069237061 0 0 0 0 0 0 0 0 0 0 0 0 -2.611341552857526 0 0 0 0 0 0 0 0 0 0 0 0 0 0 -0.5486881289277931


GFLOW: 1.4 0.01436694103840761 0.01451848175640393 0.01658326345145571 0.01672100790367002 2.997291427857895 2.997268008015899 2.989816071790638 2.989718642654547 0.01002217144104475 0.007977941138778298 0.004142926270789791 0.001610749147833676
q-corrs 72.8017161413012 355.8107003227126 579.140501820513 313.9013619291384 190.1603871370785 615.9615789643026 498.1250006379985 0 159.6897603639686 317.1952791030284 191.4509480931645 150.6268537737068 42.65300182629237 86.94611942229704 134.4904227803551 0 2.655229898800139 28.89754937224283 -1.920217555765193 2.30557046240465 -16.40928469159216 -33.89824149360158 -3.838424318323787 0 -17.6065209208581 -39.79868458593481 -90.75451386507574 -39.72133044305834 0 -73.28315179104604 -66.8883927594443 0 -17.9717994302464 -57.20433637871557 -48.39442412535588 -62.24344795912613 -24.75668967735831 -21.91273763262454 -65.56654196996178 0 -25.94544654197006 -96.14000760043913 -61.118600241271 -13.72648607149813 -21.83459421243226 -69.62140607534386 -53.56031687058713 0 -2.088963514122294 -36.89648065921862 -36.90221770825767 -33.70884361813093 -32.33542400370792 -68.1220560132584 -57.78515334944584 0 -33.69837839893225 -17.86347862290579 -24.79550257064123 -50.8378156647667 0 -41.83206019863787 -82.93867777459118 0 1.829333631603793 -54.4698925256101 -44.21689893556521 -8.129230814369638 -0.1027514234099609 -37.32180296652966 -2.727538139599379 0 -19.93422730180929 -32.81485917073657 -51.14883512837379 -41.23562362775492 -10.67455115107129 6.443513489074226 -20.81225884808498 0 -14.97554962046318 -13.9730451221892 -3.311105031837861 6.055852814215719 -12.32246221193697 -23.01606982510081 -18.30088255044054 0 12.65571942679335 -30.02846503783891 5.579930747893211 0 0 -9.159089474610676 4.334644504968365 0 5.821187567627288 19.42204415278275 -4.346945349193867 4.082942625905114 -11.18871390870761 4.797392001028324 -8.315386768879444 0 -7.957932895195684 15.19823644882657 0 -1.415775625074921 5.991597159031384 2.161172249585081 30.75416663905232 0 0 -8.200438159267152 0.2236397185371075 0 10.22017090587366 -8.619939099164659 0 0 0 11.29184194300467 -3.396803208481886 7.005299605749834 0 12.89734636407786 0 0 -1.7550917787261 -1.780023299781558 0 0 -2.308560657691274 0 2.327197100863751 0 3.764223952602239 -1.558041690625041 2.623119817232467 0 0 0 0 0 -0.7840913271627101 0 0 -2.285246787540921 0 -2.461657385842694 0 0 0 -0.6447179841716563 0 0 0 0 0 0 0 0 -5.9005187958811 0 -1.92319979545474 0 0 0 0 0 0 0 0 0 0 0 0 -4.205485616073964 0 0 0 0 0 0 0 0 0 0 0 0 0 0 -0.9068245105735045, 58.46320831086872 285.2941686504273 463.5878035670263 250.8181722095372 151.4545717147686 489.5579268105814 395.0311938813983 0 125.8272112621434 248.6226961480896 147.7319513105601 115.7604619034466 33.19503856647216 65.85821061562334 101.3617375156192 0 0.4571338563481195 15.79585877572048 -7.106895841617042 0.1904534022940303 -16.22362306871189 -32.17454089108659 -3.894545023911598 0 -15.49572728281162 -34.35230187529842 -78.74509012871158 -35.17109558647527 0 -62.46213727256819 -57.6002764193924 0 -14.81367745046572 -48.28777488033011 -40.73939355035195 -52.50351496255247 -21.0371020357695 -18.76845729177231 -56.79665528620364 0 -22.07897287320866 -82.30389686619114 -51.50299637063633 -12.5656117419842 -19.78234970129562 -60.34061402763673 -46.99692640016472 0 -1.880341602937687 -34.5443628240219 -31.56251308334234 -28.06222247426855 -27.94926150950529 -59.59921870884058 -53.35132918872522 0 -31.75652290381804 -17.69513931946507 -22.30287891482803 -47.42276426937039 0 -39.45492934244136 -78.57362463163189 0 1.865199983209679 -48.77015004971762 -41.0444504785331 -10.83132383104596 -0.7822919136023421 -38.5084137412365 -3.068373043895793 0 -18.83432904952868 -29.4752773142458 -53.56706792237173 -38.09821687257732 -9.311093388658058 2.402527893724064 -20.74360089664498 0 -14.00781931307002 -16.13514469208691 -5.151036101082623 3.184560534455902 -14.06247305964955 -21.05956389794 -16.81559057902716 0 11.63654837252903 -30.95290134558428 2.046272566424062 0 0 -9.76006653290456 4.471207005398782 0 3.84367082609931 17.11764323606022 -5.701640772966984 2.743740496938754 -10.42596448257958 3.881404571559809 -7.031588474806468 0 -7.319196525245099 12.35299332783727 0 -0.3325685183508091 4.941554530155342 2.116322265440352 25.88806262107309 0 0 -7.627184341069023 -0.01642380490355411 0 9.133756811539904 -7.265090288283766 0 0 0 8.24846296802253 -1.955856133321071 5.449848878199342 0 10.54485235427379 0 0 -1.633358128972905 -0.8846244941098504 0 0 -1.918975541843424 0 -0.03172111198248118 0 2.394514363479726 -1.060521083907549 1.62944333827599 0 0 0 0 0 -0.4389168459329977 0 0 -2.778381345166128 0 -4.188526816954133 0 0 0 -0.697663366190829 0 0 0 0 0 0 0 0 -6.232569731063561 0 -2.15527734860039 0 0 0 0 0 0 0 0 0 0 0 0 -4.139914305888025 0 0 0 0 0 0 0 0 0 0 0 0 0 0 -0.8535726099861034, 28.97032899132165 140.1300803275174 225.5763238818718 120.8441039475419 71.68786854627723 229.1857067707732 182.8866586425973 0 56.41553620327586 108.4603055003832 58.55278152838189 45.11263974575931 14.26249227260363 24.08751054174249 36.88281622744316 0 -3.799223918314163 -7.471206135178555 -14.9201889212913 -1.671345752774109 -13.75922576323222 -24.20747988038103 -1.466060538277147 0 -8.776276002045261 -20.50072069148047 -48.42257686235667 -24.22168227203508 0 -34.32471905399882 -35.41107112574907 0 -6.941838026952302 -25.86296344708236 -21.30013927543525 -28.45784069118939 -12.33504904397162 -13.90595991797841 -37.08444372385343 0 -14.1298676124969 -50.52980702736151 -27.64778020262013 -9.815923249432027 -15.18648609336469 -38.28681495766732 -31.31811019572775 0 -1.681506290804583 -30.35240107325008 -24.24603480005421 -17.44174738800105 -16.81678257851581 -40.51121497214277 -47.18792798076127 0 -27.87155821203718 -19.82839717553767 -16.63819810417169 -41.36964561353919 0 -35.46243894168152 -67.45336796741991 0 1.236839681520505 -38.00231243312112 -36.67797070732914 -18.18518084624668 -5.919900226566456 -44.00695725441985 -7.887767191868628 0 -15.69965294321145 -20.50951881823964 -61.17183194032673 -29.24448464140191 -6.600728431198213 -12.85115850587721 -21.42743520953574 0 -11.23804992620396 -25.25773888272644 -10.01577401034327 -7.618297322896101 -18.55083324841839 -13.75800378457903 -12.08259851313353 0 6.750246149624521 -34.04056025499404 -10.38580711480229 0 0 -11.44870000953405 1.248772513341224 0 -2.167489455413186 9.755238071622584 -9.150696552078038 -0.2886134845188839 -7.139917402232919 -0.6006793547255471 -3.559097597597204 0 -5.658515380254239 2.891154541542218 0 0.9310794788270518 2.100769511346113 0.3971657972740876 11.34266805890553 0 0 -4.417293716842017 -0.622279403540019 0 4.452343203758945 -3.359626705846924 0 0 0 0.4961693134711886 0.3916242202415497 0.9202811872594525 0 3.574838921005764 0 0 -0.8457584498130677 0.5856868914458964 0 0 -0.7555710833945029 0 -5.612719833882478 0 -1.055301845330935 -0.08232192120432447 -1.350167902924678 0 0 0 0 0 0.09517927914911728 0 0 -3.851899239723479 0 -8.141558831619941 0 0 0 -0.9134988191534568 0 0 0 0 0 0 0 0 -6.883254949718946 0 -2.63933958616571 0 0 0 0 0 0 0 0 0 0 0 0 -3.937445214306442 0 0 0 0 0 0 0 0 0 0 0 0 0 0 -0.7272740112547872, 5.939248595254528 26.66688559608453 39.45846892703117 19.21744784265922 9.347059000010118 26.02677902053933 17.78139106137052 0 2.905184355946168 1.128906505127945 -9.127441118551003 -7.713560378517986 0.3599140706542725 -5.511181845244224 -7.019920928898141 0 -6.454064603072856 -18.98034473725835 -15.6048215640557 0.8683067832707088 -7.919056953074762 -9.993133678399065 4.084567481035498 0 0.3848144446785824 -4.95818965507948 -14.63334579010185 -12.49521512266367 0 -2.649260009021493 -11.43186622567881 0 1.495443916303123 -1.162847295251938 -0.2161446047637163 -1.981992540150414 -4.285390873297718 -12.19897989662771 -17.8357337909075 0 -6.87478766027416 -18.67495171881692 -1.861252215038098 -7.43751469455546 -9.843107722463582 -15.37687037648415 -13.01899603581618 0 -2.373129567074514 -26.48535093700779 -26.09412921692111 -10.20398082161776 -3.484923007778815 -20.10665226316528 -44.98181362641071 0 -24.32892852861423 -25.60844397469659 -9.491599355941663 -35.86699736423645 0 -33.85159535049301 -51.31119408583308 0 -0.5023580212151928 -29.50469246998379 -35.18604452148916 -26.13877716810647 -16.76148159062402 -50.28774396011258 -20.0891679693151 0 -10.64569590595052 -8.462691561983132 -68.05484083830746 -16.70085063295261 -4.618351502797051 -37.58116498625596 -22.39284807941321 0 -6.703752081906897 -39.55952766226881 -15.13206591920434 -24.83773242288459 -22.39294649422438 -1.62316583488524 -5.502009648127062 0 -2.699187442208018 -36.51053530283035 -29.06927575875889 0 0 -12.80458740208662 -7.140567292695747 0 -10.35699173646192 -1.249694668464646 -12.65273934562119 -3.19639784771171 -1.164706599568541 -7.928711577630302 1.220603326952299 0 -3.161883682251788 -11.14448060390334 0 0.9454966689476056 -1.283351462080387 -3.396797679291755 -7.455151326131442 0 0 1.830431896374321 0.001468291706015368 0 -3.148737869704934 2.405293958359167 0 0 0 -7.133241254211857 2.160967375645412 -3.640008742118648 0 -4.923350314325024 0 0 0.7385256590318074 2.521362454769634 0 0 1.007071642013491 0 -9.323342192872024 0 -4.124104140087193 0.9349665534996763 -3.534981660883083 0 0 0 0 0 0.6516692343630136 0 0 -3.965662700025026 0 -9.627134805524475 0 0 0 -0.7014530566142099 0 0 0 0 0 0 0 0 -5.983990301066581 0 -2.365437739331345 0 0 0 0 0 0 0 0 0 0 0 0 -2.951168054817084 0 0 0 0 0 0 0 0 0 0 0 0 0 0 -0.4794948722978506, -3.770862618018544 -21.16614473679958 -38.97448009332265 -23.58753129405429 -16.81903232450621 -59.09366083605187 -51.30091876183596 0 -19.21866248100335 -42.93663410076505 -35.76203545609554 -28.22163240252479 -5.356234421264205 -16.12710979215487 -22.46797587571127 0 -6.680173749640195 -19.52897657094692 -11.42949029720435 3.617306952843165 -2.136728069287623 2.0027416981678 6.86868575827862 0 6.368129485784105 5.409641775324311 7.902550419136839 -4.259892460971494 0 16.84911251167044 6.67622663827354 0 6.643372659009563 15.23305189293052 12.37794369656538 16.9542531988511 -0.7505884637652258 -11.26109707510869 -3.624434913523126 0 -0.5330744820841784 4.251818328874309 15.18363622548414 -6.317654814942992 -3.375173303102964 1.28303979698047 4.816998368593948 0 -3.941255104192988 -19.0627978113593 -32.5943704371569 -5.909491815957765 7.760106973278807 -0.5083323353255742 -37.73043439927768 0 -19.21447095272763 -28.75363470651185 -0.3625354024522043 -25.55684470056907 0 -31.67650839345178 -28.97803077813409 0 -2.184419603575906 -20.56948931331478 -30.0359734937018 -27.71775943099974 -25.43518065941166 -44.95869603192985 -31.745859073879 0 -4.259842391157613 3.014548196409098 -60.76504818107523 -4.185371714852476 -3.56261519321697 -55.38684420236028 -19.96253451816961 0 -0.827730772569983 -45.8647844312004 -16.3006599196584 -36.723479801891 -20.6502461139048 8.572321049789618 -1.490115470518498 0 -11.39408328996104 -32.30482107161437 -40.92096439695172 0 0 -11.36637629302107 -13.19102987679745 0 -15.73365469249724 -10.49820970708605 -13.72570508076101 -5.354278153986833 4.069812688409103 -11.50025511332803 5.324774141795659 0 -0.2719573259867781 -21.22958218614728 0 1.893555367759889 -3.466678655620223 -5.435769957120844 -18.72188664950751 0 0 6.613254799378918 3.177632331060463 0 -7.652274453498737 7.466014699625717 0 0 0 -9.557609410782527 4.945348053959728 -3.466677956361819 0 -8.8143128644851 0 0 1.898077473515565 6.826971014675572 0 0 2.533838760891162 0 -7.253799199319587 0 -4.325663871537134 2.175246585192201 -0.664663867630308 0 0 0 0 0 1.972426403985283 0 0 -2.33247724614002 0 -5.358017834411566 0 0 0 0.7919194690157383 0 0 0 0 0 0 0 0 -2.784912742074517 0 -0.7295875432407766 0 0 0 0 0 0 0 0 0 0 0 0 -1.054214988459442 0 0 0 0 0 0 0 0 0 0 0 0 0 0 -0.1336848750225182, -4.967524411481635 -27.0259906258784 -48.60998614268248 -28.93260565681645 -19.92522433014967 -69.61624554360904 -60.48342433141229 0 -22.41003060215694 -49.69561343220625 -37.98552759279961 -30.58291005649579 -7.181681879506285 -17.93422727534335 -27.31203325272925 0 -5.600978970744193 -19.26229829032904 -8.592384499772889 2.194351120874567 0.4321958480373347 5.711832675991934 3.760825884460817 0 6.775450883223686 8.786805153743037 15.89403594795916 0.1820378470419444 0 21.40428926808016 17.29690272192149 0 7.773130214883381 21.56857527423918 15.69251550986327 26.06031388490209 -0.03878140147870468 -7.469989765324499 8.45404977168892 0 5.734930677368554 20.40993888341789 21.83803869234429 -4.291671473443424 4.589238053426939 13.09389950033596 20.37251873199291 0 -4.858692517968124 -4.373894714271855 -30.14659505983746 -0.2751633063160197 14.41425547331448 18.03350215063737 -16.09141546395436 0 -9.194411346456466 -22.00635716041575 9.520037633746712 -6.435097712414487 0 -22.38848597539456 -1.060313675139653 0 -2.584791615180535 -6.52263050532106 -15.25175322437961 -19.29267471296383 -23.76329355398148 -22.32900527301219 -32.25099729104241 0 2.22372705863468 10.78907181634166 -33.77841055759048 5.079453741672458 -2.238624241540903 -51.54219737317896 -11.77221166452988 0 4.704154111028158 -34.70837722002163 -11.62294586386697 -33.39215244887279 -11.90802384095448 11.12601907361722 -2.260485955685244 0 -13.8894444711985 -19.00889015964758 -36.28180767955941 0 0 -6.369057489297258 -10.39201972411251 0 -14.74271162591632 -14.03042605618918 -11.21787358721027 -7.154352227911495 5.394906635532278 -7.81780186274159 6.81854819352918 0 2.166487925503011 -21.00743764446849 0 4.923439496550736 -4.019059808091748 -3.067278135898913 -18.06286684548886 0 0 6.030707589551009 6.639817155604443 0 -5.524279634417063 9.05224058695616 0 0 0 -7.793590955160123 8.935398459417591 0.7576498887632876 0 -6.578381280971733 0 0 1.57692947825517 12.20779787908586 0 0 2.909441814000227 0 -3.137353670686796 0 -2.602743157296745 3.41012318272286 5.422594399595792 0 0 0 0 0 3.842753325121768 0 0 -0.9356966918601519 0 -0.08683573616616158 0 0 0 2.766680741867129 0 0 0 0 0 0 0 0 -0.6384567722012409 0 0.811312276956234 0 0 0 0 0 0 0 0 0 0 0 0 -0.07839708368228826 0 0 0 0 0 0 0 0 0 0 0 0 0 0 -0.01204070213437514, -3.353394457798004 -19.01394201510129 -35.53080753362913 -21.94668640983112 -15.37456672239615 -55.62307974655658 -50.22845577404131 0 -19.69476342279442 -44.92356910209635 -32.66993044282881 -27.76163266852083 -7.993883508812298 -18.18010310076718 -31.18285092692492 0 -4.268998266144761 -20.7865889650052 -8.695857038612914 -2.095175946553824 -0.1831577251037384 2.850836939743333 -1.462393417495475 0 4.216420190966958 7.334698965539418 14.65447075330042 2.503374331390204 0 18.97126118563575 21.29114523080294 0 6.368649462527552 21.9269550396084 15.20240812412978 27.6558553397245 1.501186828869386 -1.191816213483234 20.74403799081056 0 10.92723711198474 33.43188515061477 22.24338255501684 0.4993208047354347 12.60181639487978 23.04301436803913 31.2375422928782 0 -3.950235432807389 15.16006953291764 -13.16543531094693 8.666368342085862 16.58663961505993 33.95584268035071 17.01475689453344 0 5.187823071614804 -5.917148381675709 17.44600746036784 17.43378120685146 0 -4.616110941210408 29.69009606557756 0 -1.547328630489573 13.02848842856688 6.933565426860175 -4.107148570668306 -12.62070428633452 10.99082012845497 -21.27701264948844 0 8.956165411403559 16.09077131193524 5.405835329574492 12.7517037198067 0.6790244005604509 -30.03619238087355 1.271339961671211 0 8.638239446337881 -11.45365283642615 -3.10902967948511 -18.09187196866739 0.7840934843314562 9.716183837610037 -2.54500882057008 0 -11.56365120371288 1.935900144163996 -19.81661785950411 0 0 1.085373318668924 -1.730239677938335 0 -9.060487533097801 -14.08186176834804 -4.980397760953474 -7.609947503424234 4.616026204037508 -0.7211168744399954 6.982437569867752 0 4.708588903971558 -13.85337433192862 0 8.023793203602651 -4.195214408331877 1.63948309672802 -14.48104866126568 0 0 2.849297476540011 7.884743335984175 0 -0.9608406790171395 8.476606439420703 0 0 0 -7.366390403278037 11.82012761579822 2.860106285898742 0 -3.751927056628909 0 0 0.5381656123964098 14.48959051692522 0 0 2.507298912184211 0 -3.314528183708092 0 -2.103208922820964 4.019803367249652 7.826987445318263 0 0 0 0 0 4.789354370960288 0 0 -1.714827756406631 0 -0.4565261328456147 0 0 0 3.356188523014173 0 0 0 0 0 0 0 0 -2.287874466973477 0 0.5782118356576817 0 0 0 0 0 0 0 0 0 0 0 0 -1.23791631631105 0 0 0 0 0 0 0 0 0 0 0 0 0 0 -0.2771356097974839, -1.852687797338156 -11.52680230355622 -23.22963212801391 -15.31139549035004 -11.02435595918938 -42.08696476278045 -40.037458514069 0 -16.89444285294637 -39.63475096700952 -27.72541557765769 -25.02665290333269 -8.290406954516964 -18.51381273790859 -34.16025785583467 0 -3.386492881503202 -22.54319911316898 -10.53926339436141 -5.995691754815038 -2.414341314721135 -2.259123734557817 -4.774539394489239 0 1.649828292261261 3.89665428577367 9.587196129854876 3.254474830980001 0 15.53577292702165 20.17742264451273 0 4.258365393453268 19.86689881742466 14.2307554543813 25.06330654634356 4.076578406748256 4.345978200991085 30.35595614006066 0 13.73607235947208 42.39194937196974 20.62685498751266 6.038726021779304 18.30498207389114 30.57908594621831 36.57488266049087 0 -2.069508666068867 32.15412880078075 8.935874370031531 18.6047311512797 16.6347724216218 45.81373883473648 48.34215634450435 0 18.87622392370861 10.95345941949662 22.32720118758355 37.85493685936753 0 14.87299539007513 57.70148261910812 0 0.07146019258993364 33.54948145829595 28.75721081227232 10.36823095566537 0.05050063960186346 42.11517232210566 -7.70141323622884 0 15.90580366670567 21.71323591094368 42.52922496745032 21.67266440701783 4.984328643582786 -7.07525403842957 15.25305356990869 0 11.2425357373569 11.12072360104953 5.041340856101835 -1.922379740725684 12.52107715606996 10.76920722236258 2.728131698865467 0 -9.049068387710612 25.03867805777627 -3.000713472030442 0 0 8.743188225975896 6.054234877306635 0 -3.197828195384162 -14.44728507320169 3.216349843316554 -5.57926958131246 5.123541449559058 5.089676352290754 8.231837115262762 0 8.114425683183676 -7.19620280909959 0 9.436296057520991 -4.89326714375544 5.348418209360609 -15.90832776742793 0 0 1.80884376659484 7.818078244900627 0 0.9861517466942034 8.890647914018174 0 0 0 -10.26604486501324 12.45285735723241 0.2553313919915654 0 -4.473746277093937 0 0 0.1021334282033937 12.81510306928995 0 0 2.350352084825431 0 -7.88647850430534 0 -3.700528475013429 3.933691746649359 4.514008081923153 0 0 0 0 0 4.26533347425093 0 0 -3.85386672371452 0 -5.771343438248451 0 0 0 2.273648233274034 0 0 0 0 0 0 0 0 -5.957257835606933 0 -0.9915807164749662 0 0 0 0 0 0 0 0 0 0 0 0 -3.333467189112882 0 0 0 0 0 0 0 0 0 0 0 0 0 0 -0.6734869041029174


GFLOW: 1.5 0.0128458270791772 0.01299235944778493 0.01470348003044822 0.01483818562726458 2.997598267843127 2.997575398847724 2.990931858331901 2.990837212669824 0.008884062115652043 0.007673979249789831 0.003160678362300568 0.001521740429803773
q-corrs 57.79108848374501 286.1960012887324 472.0938757804887 259.3766352744553 159.3356658730386 523.5601120935032 429.6728393861465 0 142.2472342527721 287.7866238701071 178.6696300647536 143.646947734371 40.89077316707522 87.94286540312081 139.9429321961499 0 5.710990331696259 45.75793126250347 13.24445095193675 9.153060748719206 -6.040000869029989 -15.61315427901651 0.7481790622714257 0 -11.50636515458862 -29.10841316146421 -67.19604713889062 -28.99976659369843 0 -58.47688856070565 -52.64085122561129 0 -15.24397310623375 -48.58359699698546 -41.52573054335289 -53.16143316577734 -21.6358724350119 -17.46818335534191 -56.77210837942622 0 -21.62254145530052 -83.29956612854926 -54.24954146923131 -12.8355590831222 -19.22002800571527 -62.08812345400251 -47.02465202812002 0 -1.866745290799761 -34.2233784918924 -34.18762139423151 -30.63916553809315 -28.44948422776135 -60.7865591296629 -52.75186787121505 0 -31.60854604155428 -16.11117930544949 -21.43362819421429 -45.05885706013082 0 -39.23670716836597 -76.25302108415559 0 1.367628529142328 -50.44555799313235 -40.12735910650625 -8.786972090022608 -1.114107694519941 -35.89342161167907 -4.260241925190662 0 -18.1877340331588 -29.83533969264446 -49.06507727120552 -37.95978806283399 -10.83626756908951 2.936376473169846 -21.59486082179032 0 -12.86464152419562 -15.66999683320935 -3.857244412287848 1.538205788883872 -12.37319959357868 -21.2225907848626 -20.02258400164974 0 10.09446769763035 -32.36044056738503 0.6079957164809553 0 0 -9.891369113577648 0.8178068704210095 0 3.787734987833902 15.84504892503513 -6.963497020870335 0.02392080455007672 -10.27246204116693 0.5820767098605177 -9.160804791315874 0 -8.875308359567196 11.09497641372066 0 -2.262226778808239 4.854615189438723 0.2766864310387389 24.88486452851583 0 0 -8.131605465662211 -3.04107903781833 0 7.812937042598645 -9.419918169197562 0 0 0 9.0687481055323 -3.771478310893728 6.047304024721932 0 10.38320113344287 0 0 -1.822169373871235 -1.951596994251237 0 0 -2.482851922887192 0 1.861622520498904 0 3.018098971169964 -1.46950777295412 2.714059272172383 0 0 0 0 0 -0.478033811337116 0 0 -1.94289133075828 0 -1.895042327116019 0 0 0 -0.2868188130625385 0 0 0 0 0 0 0 0 -4.902852309528507 0 -1.486000887188568 0 0 0 0 0 0 0 0 0 0 0 0 -3.46771527257491 0 0 0 0 0 0 0 0 0 0 0 0 0 0 -0.7476178000025402, 47.06450426735707 232.7937246227688 383.5111063952747 210.4231239554202 128.9377661440118 423.0459792570499 346.6591687543745 0 114.25719705333 230.3308784293403 141.4341505387092 113.4700806282427 32.61181095395122 68.94690114265163 109.5087950360837 0 3.474027968839764 32.12058457293088 6.884208097745695 6.337213920930136 -7.085582200693543 -16.26451712421449 0.06074183113422205 0 -10.37828087001164 -25.46389535899737 -59.12683838504277 -26.13005597531335 0 -50.49849277971616 -45.9970037633865 0 -12.70620139419378 -41.50981285617519 -35.4081821981551 -45.4197508009692 -18.65886054631251 -15.42855543910555 -49.97716769263982 0 -18.80063284994301 -72.3954374667444 -46.20648887614417 -11.81501837361825 -17.60330210079865 -54.41398786180893 -41.70115672745206 0 -1.745071847892667 -32.2440730315993 -30.33956672410851 -26.26934935402724 -24.77137711480184 -53.8300106497076 -49.35200052746226 0 -29.80560467636581 -16.27346956765497 -19.41949381411592 -42.38581063392785 0 -37.21315847592274 -71.95895082515773 0 1.325477045085863 -45.81168927134584 -37.8233037020685 -10.78800253969337 -2.11460686775236 -36.56789098691392 -5.059962369745834 0 -17.10507112381634 -26.87754654267282 -50.51331678625414 -35.08160763513084 -9.748366505412594 -1.186952854059093 -21.30539822774002 0 -11.96576448660453 -17.7399460733795 -5.220411704892537 -1.154977896747916 -13.51054839292207 -19.26472421425967 -18.91104860045079 0 8.663130966813092 -32.81931126232997 -2.84042733773771 0 0 -10.20940918797274 0.1703886082201724 0 2.107213449938093 13.38241540105173 -8.017169337331385 -1.363403160022796 -9.46021954548346 -1.067130644208403 -8.198270844455296 0 -8.343328995477222 8.377877590614171 0 -1.889847960543211 3.866064566790434 -0.1376751068998594 19.89939197356391 0 0 -7.497844018364052 -3.969085729538506 0 6.327858207821107 -8.425420208411412 0 0 0 6.313819478389991 -3.157232955744427 4.265647625513511 0 7.970376156076438 0 0 -1.685539618076078 -1.940193637467233 0 0 -2.203677861259933 0 -0.229002541734308 0 1.772709873825995 -1.221791437733046 1.359907323899061 0 0 0 0 0 -0.4086114359938046 0 0 -2.353203471650013 0 -3.476932355783615 0 0 0 -0.4792762196348861 0 0 0 0 0 0 0 0 -5.190831829355279 0 -1.724238955315196 0 0 0 0 0 0 0 0 0 0 0 0 -3.42742984357336 0 0 0 0 0 0 0 0 0 0 0 0 0 0 -0.7073996626382864, 24.48593567915524 120.3022040903819 196.8109627800102 107.2155492357979 64.82782138404787 211.1280100166975 171.7643249789625 0 55.45314380571303 109.8499413064797 63.42308848677769 50.5501220076071 15.50706329777169 29.96772070985163 47.76904394868523 0 -1.096153259551082 5.713274169236104 -4.672129030369668 2.082832971300556 -7.910895653457382 -14.71060203401952 0.3017682802579111 0 -6.416945899458572 -15.95162854825553 -38.3166243271533 -19.08793935562353 0 -29.69975615260278 -29.91324986161253 0 -6.35043015142613 -23.71048984081809 -19.92678783586839 -26.2179596024048 -11.65436274560242 -12.29024169216259 -34.49522168585154 0 -12.84800301014807 -46.97215851870764 -26.17277308827544 -9.413694854579624 -13.91214734890162 -35.95057303147559 -28.79643693880307 0 -1.665636507758071 -28.4061210315624 -24.70433261531863 -17.5933310894587 -15.3707570418966 -37.738454067508 -44.02806839787431 0 -25.85354214070501 -18.33874754420844 -14.68200892842641 -37.17596187308938 0 -33.2554971478759 -60.79979741351362 0 0.7423891324359954 -36.19194882908911 -34.15063780124969 -16.16152012463227 -6.820699145003372 -39.78385657552072 -9.455375679606586 0 -14.08041577789541 -18.90157602132968 -54.85341928799765 -26.92972792131125 -7.318303583802983 -14.60387996940399 -20.88871874190117 0 -9.420391780095613 -24.96292166170193 -8.787799020741108 -9.987709210924638 -16.37168408421512 -12.67986647094324 -15.02503373212208 0 3.761741384785473 -33.95863885052873 -13.34708209431546 0 0 -10.99870203762185 -3.277318162944176 0 -2.743949012809286 6.42610312415798 -10.50478523528017 -4.263335852158571 -6.476357877935302 -5.910854714485677 -5.385156018536605 0 -6.775368298182168 0.2417794316183128 0 -1.559771497595288 1.358147178945218 -1.95216722786732 6.538605184147714 0 0 -4.719616746623609 -5.638898377433921 0 1.657996747910809 -5.356052565588356 0 0 0 -0.2866465015467194 -2.065217238916694 -0.1884563033629387 0 1.592875485824327 0 0 -1.022336164138318 -1.938569397909849 0 0 -1.317574280756201 0 -4.812886103462548 0 -1.151722530946303 -0.6723718642029924 -1.891868325314624 0 0 0 0 0 -0.3257678313612086 0 0 -3.11912056373163 0 -6.732500636198043 0 0 0 -0.8910324602798623 0 0 0 0 0 0 0 0 -5.551423017700616 0 -2.135970491960907 0 0 0 0 0 0 0 0 0 0 0 0 -3.176874053716662 0 0 0 0 0 0 0 0 0 0 0 0 0 0 -0.5900305842699668, 6.009904824510058 28.15212814184144 43.76483614128842 22.58815648822075 12.25338241879009 37.49643188119229 28.68834596454837 0 7.64456435064356 12.29742686050791 0.5890193877063155 0.3594705599264572 2.023071763711004 -0.07107805734150396 1.259641177850847 0 -4.44245911764907 -11.6855584195069 -10.56852249590136 1.308650763618319 -5.921661726471941 -8.004489000725485 2.939712074179825 0 -0.4964061538890583 -4.74215674205154 -14.06273625753973 -11.14404172631769 0 -5.770089362611696 -11.92457490144618 0 0.6156430015618586 -3.765915675473472 -2.887428286061942 -4.662219805515973 -4.907341985137998 -11.06834181954587 -18.72397036229678 0 -7.048498903777428 -20.46973769349512 -4.049882715980798 -7.226116819769855 -9.466515302003867 -16.10527011533783 -13.39352412430872 0 -2.232691483153767 -24.33337972315918 -24.92495184309791 -10.63017382419793 -3.980328734315409 -19.67420949017428 -40.57450090026095 0 -21.65268578705803 -22.75783532619543 -8.539219857039017 -31.59314668624533 0 -30.28952048794785 -44.88544159040104 0 -0.5922812448883672 -26.95663153438396 -31.60198174785403 -21.81455476113514 -15.30463270891246 -42.8114710921426 -18.53160978570347 0 -9.438643535481333 -8.219311070928903 -57.68012943178667 -15.44542542096531 -4.983665903798514 -34.05461569084881 -19.9921168647114 0 -5.436413089140903 -34.85088331455754 -12.45766220252822 -22.66111826457886 -18.53116655256143 -2.475805371843592 -8.985730160336539 0 -3.933166080379269 -33.45275820921923 -27.19854789150983 0 0 -11.2278762672951 -9.247795961246927 0 -9.000714747788951 -2.639127155686054 -12.62044617867416 -6.399973311937572 -1.518950319883357 -11.29237934921155 -1.179703380468104 0 -4.200021908341035 -10.67213691441026 0 -1.377652784507295 -1.34400281917105 -4.624553830670765 -8.53318191767584 0 0 0.2109093920195841 -5.167287985968345 0 -4.367474385931314 -0.5001500766569342 0 0 0 -6.092549604633937 -0.5857298895885693 -3.852073455720441 0 -5.131665630348981 0 0 0.1981509159077991 -0.6532701527004801 0 0 0.1131234004062267 0 -7.26280238115835 0 -3.417954053544371 0.1207055148882378 -3.694532934635582 0 0 0 0 0 0.02704984057343085 0 0 -2.908679143682256 0 -7.375105050615175 0 0 0 -0.7613186966054969 0 0 0 0 0 0 0 0 -4.34209701285436 0 -1.781753179142385 0 0 0 0 0 0 0 0 0 0 0 0 -2.120824903241155 0 0 0 0 0 0 0 0 0 0 0 0 0 0 -0.3422187101209853, -2.461192576804411 -14.14277290192046 -26.54580528220596 -16.32645084623541 -11.88029633436203 -42.2293515360783 -37.05446147300891 0 -14.21395011043232 -32.1659053208918 -27.25620679956118 -21.7676003546692 -4.183748338581663 -12.82165268341795 -18.44059413558531 0 -5.364756217672184 -16.85580942396949 -10.1933769743969 2.067271232590094 -2.630928157186987 -0.6105807923490012 4.427398472151672 0 3.787344915553823 3.363284002096153 3.589685411695416 -4.846147517457814 0 10.15171899881737 2.652064396817706 0 5.115279548399643 10.25154452062262 8.004823204609988 11.47485811409689 -1.346153631821731 -9.720133240131997 -5.970495390317327 0 -1.498240072904222 -0.01736989270531097 11.32397593582137 -5.973651090099362 -3.910936029661383 -0.9379632574894963 1.877580630831947 0 -3.456045454660321 -17.18538102528739 -27.96616697368587 -5.356790959991597 5.721530646542432 -1.936271235402177 -32.43565161919561 0 -16.29074420542502 -24.74532927629857 -0.7925653782271138 -22.04317357072656 0 -26.89796598186392 -24.36249999373818 0 -1.770886060496956 -17.16866734688832 -25.83920671907871 -22.51615325346149 -21.61292008097188 -36.62770737500618 -26.72899407774543 0 -3.761615823860744 1.906760250256248 -49.58339002600918 -4.184285775792222 -3.290695379672257 -47.05559738724447 -16.49450633503829 0 -0.5355182014248929 -38.01096066066842 -13.06552587577803 -30.61668218085036 -16.46317585894639 6.018099844746981 -4.377218967071966 0 -10.32576537410771 -27.55930008546142 -34.74055182149939 0 0 -9.316751305478551 -12.38000136513522 0 -12.88393006743793 -9.460032160224893 -12.56193985761926 -7.088095822442327 2.764966941388357 -12.223303115156 2.795727022499203 0 -1.154447899702135 -17.85352337193503 0 0.2336469547944158 -2.848298034751653 -5.365104689072746 -16.03120354397645 0 0 4.016401349104503 -1.232810410733498 0 -7.116852710106716 4.176240423470293 0 0 0 -7.19801879456213 2.473652127015474 -3.012544093054214 0 -7.418178479368313 0 0 1.105656327387916 3.542179186849515 0 0 1.475182100516375 0 -4.752688435878794 0 -3.149714934900808 1.309744010772449 -0.7467026563576926 0 0 0 0 0 1.246761360643577 0 0 -1.263614240287853 0 -3.126895384450544 0 0 0 0.5698181990339037 0 0 0 0 0 0 0 0 -1.254432384973462 0 -0.2759201736579198 0 0 0 0 0 0 0 0 0 0 0 0 -0.3212023356865479 0 0 0 0 0 0 0 0 0 0 0 0 0 0 -0.01325249225581965, -3.996234672991952 -21.8309297890425 -39.43638581098175 -23.57668169538037 -16.26979202219196 -57.17535467196998 -49.95608714969444 0 -18.7651034236417 -41.72744208527733 -31.85962297919913 -25.98190331690816 -6.231922350302236 -15.84372692033741 -24.71400401179291 0 -4.711373237927324 -17.65398306156457 -8.558666411248389 0.7515509295516072 -0.7345746251826215 2.340299013475558 2.201735695182378 0 4.40217315327492 6.454523612098614 11.16947384517828 -0.6601121979486022 0 15.22383488488548 12.14979520683453 0 6.299302111494259 16.37402263465071 11.58024573268267 19.83581700164006 -0.01097442353257705 -5.579732733432344 5.555223324070321 0 4.353254543245638 15.2399468151569 17.85540991852784 -4.161289314548036 3.062073598478064 9.883836609797566 15.4696399747628 0 -4.246836928342756 -4.167207499683624 -24.19233810049648 1.104841738441814 11.59797523891567 14.98106482331444 -12.64106412181055 0 -7.540353884435079 -18.82873169386923 7.713694490228503 -5.554439752046306 0 -18.70151834963317 0.1596447125664593 0 -1.867400045570034 -3.873312201565464 -12.54376371575723 -15.38152514845524 -19.73220899877506 -16.61817154715289 -26.75272216900017 0 2.11578671348969 9.016067862410324 -26.27063665878318 4.198783053585561 -1.679941150708413 -43.06998510640651 -8.909454899572436 0 4.058523468260081 -27.91824585458091 -9.068954150198138 -27.03403413193907 -8.971591433417476 8.597715544969487 -3.423647168608715 0 -11.92227308187566 -14.89924421454565 -29.6439027954296 0 0 -4.755667995670595 -8.836061496453667 0 -11.83120401050873 -11.76548892780141 -9.620296711341695 -7.191002466129746 4.085624223572372 -7.441464903802382 4.862622264266127 0 1.53913051409509 -17.05270746437933 0 3.523578510134329 -3.10764688717127 -2.705176713908851 -14.34362426514831 0 0 3.928549827272055 3.420456084179881 0 -4.707567539996216 6.404606381797278 0 0 0 -5.323809439146688 6.63305561285606 0.8644492522103437 0 -5.033211912056159 0 0 0.9561521372589278 8.846810732371292 0 0 2.040903650281894 0 -1.171231977872664 0 -1.565547293156966 2.564143149490708 4.574609958393408 0 0 0 0 0 2.942304348182317 0 0 -0.1010089579633842 0 1.292918593893722 0 0 0 2.24446100670754 0 0 0 0 0 0 0 0 0.5008133214676298 0 0.9834614257846424 0 0 0 0 0 0 0 0 0 0 0 0 0.4691520523312579 0 0 0 0 0 0 0 0 0 0 0 0 0 0 0.08578929868971261, -2.965649700400411 -16.68493772807522 -31.00931077011404 -19.0760368523272 -13.27888688835579 -48.04388671114976 -43.35833094398276 0 -17.08156260722595 -38.77609514902989 -28.15143165549649 -24.0769030204693 -6.913087295925438 -16.21706364618054 -27.82582413240426 0 -3.608552293169024 -18.40119789889732 -8.371610110111025 -2.524352573217864 -0.992310561663067 0.669833769617874 -1.643185048363734 0 2.725626261255468 5.625879159320644 11.33366120934387 1.989723984285024 0 14.36630847616411 16.54680808124754 0 5.226765151558706 17.27437655016016 11.6423728822441 21.92022862562935 1.597030615487187 0.673052228183288 17.03972174258194 0 9.542053281425106 27.63760196495094 18.65929396468366 -0.3798794193562216 10.21802380565982 18.70745091777165 25.58108843704653 0 -3.663672641480455 12.79159788837655 -9.444047853137031 9.94718503536639 13.87056662998873 29.98168644067959 16.47725772448281 0 4.435079792296309 -5.311081660952132 15.06732102349742 15.18829504195529 0 -4.225715605483387 26.84953572941016 0 -0.8182754787813032 13.57397387522322 7.032660064758671 -2.789081566925421 -10.23008279293883 12.37225187131681 -18.03605699512999 0 8.246142442273332 14.1349129872781 7.087032383660042 11.19961037397041 0.9152498105561657 -25.05382458484704 2.302886166223884 0 7.555305064617078 -8.287254007167196 -1.961368466172804 -14.25810112930239 1.787695351529888 7.948352741883555 -2.575028563171967 0 -9.948893082722318 3.522023308526116 -15.56658381502464 0 0 1.714117002807326 -1.078350275800809 0 -7.121653016862926 -11.78856507986098 -3.840904820603908 -6.665226583019778 3.742266064825827 -0.6393570197041418 5.765742636409928 0 4.207203413121698 -11.02423404759327 0 6.676421590157067 -3.341973509891316 1.614193451594496 -11.61728349557776 0 0 1.837240493803688 5.794739474117303 0 -0.7167377281849201 6.861352402371611 0 0 0 -5.576784855290745 9.752953732820201 2.322409003304704 0 -2.870726269016169 0 0 0.2623058086107965 11.41161208398601 0 0 1.986140570379987 0 -2.36520399201201 0 -1.523847027345644 3.289835296548321 6.228561699845473 0 0 0 0 0 3.836706352064973 0 0 -1.293115970232846 0 -0.2228130284899343 0 0 0 2.636698128457993 0 0 0 0 0 0 0 0 -1.785772125156936 0 0.4470505484404508 0 0 0 0 0 0 0 0 0 0 0 0 -1.001655494060598 0 0 0 0 0 0 0 0 0 0 0 0 0 0 -0.2270354358324186, -1.824498348871472 -10.94430350784675 -21.50453856780832 -13.91145014000245 -9.866842991338105 -37.35036109266984 -35.24171029694752 0 -14.80903051630047 -34.41562926183848 -24.06046501874463 -21.72607780700728 -7.102061330537301 -16.34781468251098 -29.90100248213405 0 -2.81724166240986 -19.32802761955531 -9.474193374442885 -5.588429548140765 -2.493786355280261 -2.856479960656634 -4.271554262065173 0 0.8702740549879222 3.136470899771605 8.132354260118269 3.224116690844785 0 12.23282358828222 16.81535942724616 0 3.525240951136865 16.00482864183915 11.10376844343586 20.57350444918364 3.754669898086966 6.062594616990944 26.01294090174849 0 12.7469981967658 36.44602880922245 17.56536588355126 3.986297649096811 15.47905027659308 25.47513730713852 31.31580805760494 0 -2.262190834069888 27.55650931098229 8.932506950016965 18.92737259387091 14.39940590211849 41.40418115377247 43.72903919219615 0 15.77537044966144 8.917616650487048 20.06049272007361 33.32305609182512 0 11.50452066186101 50.69701446138903 0 0.6083284379806346 31.24417644426797 26.24894362777184 9.205505210313461 0.5411023508644717 39.26127453426837 -7.120843707307663 0 14.21623718190848 19.10703118690671 38.54158868836051 18.71040960396336 4.371350462636348 -5.743866677024592 13.92336814453181 0 10.01942884492829 10.83660727226927 4.813439121105642 -0.8211588881263854 11.70887365332666 8.695860081814921 1.638341744294469 0 -7.815564651206 22.87290334456609 -1.429273033845584 0 0 8.16653756237659 5.826214319663268 0 -2.273557254201325 -12.29735186643735 3.071960001034144 -4.963784401951921 4.131621789727001 4.518688568601373 7.098554974148476 0 7.23338232618243 -5.416937212413846 0 8.320092720926535 -4.162365614833311 5.033137688925862 -13.48440971642804 0 0 1.044775994165222 6.227960696318458 0 1.124848732708311 7.611091248533949 0 0 0 -9.11529865808455 10.86662352614362 -0.3291823520155401 0 -3.840243135829115 0 0 -0.06331727073344739 10.51968529030097 0 0 1.982058747579733 0 -7.88259787290748 0 -3.479033326923122 3.392233887933643 2.968734404092244 0 0 0 0 0 3.529749269941459 0 0 -3.952208898911886 0 -6.540136373483978 0 0 0 1.607423285186025 0 0 0 0 0 0 0 0 -6.304099019171848 0 -1.381760207921224 0 0 0 0 0 0 0 0 0 0 0 0 -3.558491488166619 0 0 0 0 0 0 0 0 0 0 0 0 0 0 -0.7071738864267536


GFLOW: 1.6 0.01157017179737047 0.01171162926294268 0.01314527606968241 0.01327630935860404 2.997852333347146 2.997830114099797 2.991861607998467 2.991769959852347 0.007795262239163108 0.007276239727451387 0.002301789215043003 0.001408968784381695
q-corrs 46.58911845078725 233.3981256761547 389.5171916530015 216.5507165639146 134.6793261138528 448.0439808188717 372.3626732405874 0 126.7079085676511 260.3220896908583 165.4200271089741 135.2881396895157 38.68166944322051 86.61676051089009 140.6848930072592 0 7.723313198417119 56.89988305501973 23.91722807527684 14.14809403806991 1.672415333599659 -1.762324828952008 4.408006527674425 0 -6.55818910249954 -20.47010434969276 -48.14470347184488 -20.55420726936778 0 -45.77715400281488 -41.04019864240639 0 -12.79405421992031 -40.85080916875135 -35.27479506336918 -45.09823540015593 -18.72061780328379 -13.93496522890037 -48.91413268562872 0 -18.07930626365204 -72.18408939730095 -47.92649986821238 -11.87574863353656 -16.90217314001539 -55.30291008044613 -41.28260118600205 0 -1.740593578518085 -31.47979734534727 -31.84498683072183 -27.83036855102544 -25.09592591727167 -54.3173517387082 -48.30782162656986 0 -29.51474755157209 -14.91286917901461 -18.66907984837807 -40.40818509127186 0 -37.00824597731988 -70.04079369356927 0 1.015054975574361 -46.91666367519753 -36.96059396759398 -9.09358988981413 -2.175903641104764 -34.23185458828032 -5.872012789676197 0 -16.65222457997121 -27.24854849373565 -47.01253470443429 -35.22507647995598 -10.89640102654296 -0.4719038816535637 -21.90062156047362 0 -11.18194732434234 -17.22411874070286 -4.168891432803326 -2.147460516443455 -12.16468800129622 -19.69295283373768 -21.56534430232712 0 7.627250492663691 -33.89224806680195 -3.757274998129767 0 0 -10.29930323555833 -2.373239819669624 0 2.175143786147285 12.57135132618749 -8.970261603375103 -3.409523644467389 -9.530652819433888 -3.484237969770574 -9.81939305530403 0 -9.543028429719381 7.662470333176747 0 -3.255185026267021 3.839076617192803 -1.407335975432693 19.43558853494838 0 0 -8.036848973103393 -6.225942566972586 0 5.509133345460259 -10.07161119448244 0 0 0 7.016077862799373 -4.446676294888451 4.775465468283536 0 8.001540086121725 0 0 -1.863505370937982 -2.706814541445993 0 0 -2.632729103052823 0 1.210430122646828 0 2.279023376861163 -1.514991366451332 2.194071492846434 0 0 0 0 0 -0.4297417110871815 0 0 -1.729134334396354 0 -1.774232631783423 0 0 0 -0.1832952471530321 0 0 0 0 0 0 0 0 -4.207744617268135 0 -1.23996402484068 0 0 0 0 0 0 0 0 0 0 0 0 -2.933867599724118 0 0 0 0 0 0 0 0 0 0 0 0 0 0 -0.6294752544025465, 38.41686262637245 192.2762197511945 320.5753076408665 178.0441741615567 110.5117687783422 367.263504431029 304.9174932588545 0 103.4415178970643 211.9919137812078 133.6317684599371 109.1761554709718 31.4541052623596 69.62535763814122 113.0270848448065 0 5.529256639764633 43.31676360272927 16.9589101387226 10.92277544245643 -0.1782871658793379 -4.026456947018305 3.265471816271071 0 -6.167408575121862 -18.18824912216789 -43.06346029220863 -18.91975884171043 0 -40.07671023537462 -36.39057252356899 0 -10.77324132247973 -35.30581192406515 -30.44644202483222 -38.98126164314437 -16.37339565974013 -12.66212322492734 -43.686385547569 0 -16.01607095130479 -63.57903163393338 -41.22289540780606 -11.00390055935327 -15.62384356405176 -48.95952969923118 -36.94124426403434 0 -1.677090492741848 -29.81149304575867 -29.04212300545475 -24.40256695434949 -21.99592743490349 -48.58646622389941 -45.64637421927416 0 -27.86535701291672 -15.24026351074871 -17.01874841875546 -38.26131244956014 0 -35.24483315122298 -65.94221164705434 0 0.9323030957629914 -43.06811574669112 -35.22212374076639 -10.57140152082352 -3.287692452251959 -34.54111411402681 -6.850725509710438 0 -15.62092080905724 -24.63682742373262 -47.75610978613922 -32.60642404206882 -9.996973057696263 -4.362660392622352 -21.4613462359464 0 -10.35953180913798 -19.05488813671261 -5.177593345149909 -4.538231307769366 -12.88287330754195 -17.82524409007529 -20.662287082799 0 6.071060501189598 -33.97248487777926 -6.882816260426922 0 0 -10.42054549127454 -3.349848419889164 0 0.7718357246144296 10.19055462389266 -9.755758928518857 -4.684744703451949 -8.728150150121833 -5.347880125197025 -9.05605061549775 0 -9.071855998936849 5.210719660806225 0 -3.252373468328989 2.955210259002054 -1.962627684742609 14.76081732292712 0 0 -7.394439867869379 -7.380426087610974 0 3.936389152719146 -9.297770037505774 0 0 0 4.638469100662372 -4.274187685343401 3.032157304621451 0 5.749272302634237 0 0 -1.72314965747284 -3.116744184898074 0 0 -2.421064946939839 0 -0.5320415057077126 0 1.208847704910057 -1.40563014680896 0.7889008719157042 0 0 0 0 0 -0.4995567616844853 0 0 -2.034454115461073 0 -3.093987380278474 0 0 0 -0.4219678784225651 0 0 0 0 0 0 0 0 -4.393928457882469 0 -1.442166740395812 0 0 0 0 0 0 0 0 0 0 0 0 -2.875269174471235 0 0 0 0 0 0 0 0 0 0 0 0 0 0 -0.5922109192262452, 20.862005698861 103.8795220380879 172.2969577297497 95.19733601417295 58.49173632012069 193.4162985374213 159.8386542880462 0 53.49287815614368 108.3610602511608 65.48281856542866 53.39065573607822 16.11994608182201 33.74023290936326 55.06126402734177 0 0.882120046449641 15.56349085827985 3.187308674484544 5.122431583325222 -3.2379984595136 -6.935722060303921 1.940689621357683 0 -4.253590298603976 -11.98811873287259 -29.49294635478199 -14.75896666839719 0 -25.04101130567861 -24.92813808136477 0 -5.676305017226586 -21.27333049231319 -18.19246842689773 -23.68609414462207 -10.78719552874954 -10.74359247989439 -31.55487681182241 0 -11.54240152169687 -43.16653546578649 -24.42025511322505 -8.930720929846329 -12.63160639306067 -33.47537295558432 -26.24833663211361 0 -1.671128898222018 -26.31429193451164 -24.61437452168511 -17.24295637141449 -14.01917790325218 -34.93611166110998 -40.96079093789412 0 -23.99935875235212 -17.10585818555483 -13.01544689952748 -33.69236769189533 0 -31.36907052263172 -55.11965562669484 0 0.4072885628382801 -34.44874421361497 -32.00470209472397 -14.46812956975708 -7.455296260361705 -36.15687418528459 -10.69545493151078 0 -12.76597729497595 -17.57022275249373 -49.7771720709698 -25.17007624933059 -7.805032880798343 -15.88466479168979 -20.33964501024619 0 -8.047455999094936 -24.63941111602935 -7.781217444271578 -11.65669817385804 -14.61127664948774 -11.94208571324793 -17.30001203667918 0 1.480548196179196 -33.72525801802733 -15.528551659802 0 0 -10.60349011645362 -6.595760088718129 0 -3.115992289985787 3.91791822439553 -11.45241709765111 -7.190443544626444 -6.046729665179189 -9.895283243909162 -6.693496897133854 0 -7.576117774125138 -1.637621326099283 0 -3.37317870121954 0.8071183908973992 -3.645580584718978 3.021994171345798 0 0 -4.967937571105767 -9.302646028124663 0 -0.3617970264670842 -6.783648275541399 0 0 0 -0.8089691518514464 -3.841440963579886 -0.9891462532249423 0 0.1883739654237875 0 0 -1.15333968411195 -3.781071966394304 0 0 -1.716263208043088 0 -4.119049068052459 0 -1.177016531088108 -1.097559457425907 -2.270394839572039 0 0 0 0 0 -0.6364675733356004 0 0 -2.506593480266958 0 -5.569825044124903 0 0 0 -0.8743737171616144 0 0 0 0 0 0 0 0 -4.438664141314325 0 -1.732065741072675 0 0 0 0 0 0 0 0 0 0 0 0 -2.536867505505666 0 0 0 0 0 0 0 0 0 0 0 0 0 0 -0.4723796095080007, 5.892745152634323 28.41472090812245 45.60108817725 24.3706329087703 13.99807345096397 44.77615180130329 35.89850885555713 0 10.99109772776113 20.39668060742012 7.818664011842367 6.492620405218203 3.328250121177215 4.265521580921209 8.102188433144068 0 -2.848155790300577 -5.422844160663533 -6.184557131728051 2.02756968827067 -4.003812460867419 -5.655238993198458 2.464012223713163 0 -0.7488966283727718 -4.174328227680386 -12.62977853470854 -9.644707336047874 0 -7.160512535429595 -11.53926520489889 0 0.03892126205369029 -5.195206603279265 -4.423981922929658 -6.123917817445151 -5.160166641854126 -9.911059676285589 -18.58037505949459 0 -6.87685058145612 -21.010316512277 -5.472547742492143 -6.914397466714443 -8.87263250109989 -16.26256802290661 -13.18010508248881 0 -2.126969560942304 -22.16631357785632 -23.73608109811885 -10.69856202832958 -4.249928334285208 -18.94368759850491 -36.70322117947573 0 -19.48045168673573 -20.3927983633526 -7.693255601457833 -28.14788519720171 0 -27.54254356001437 -39.7912769016171 0 -0.6225788025588179 -25.04517804713944 -28.75939345513645 -18.3914084270235 -14.06412655937022 -36.90856830192297 -17.41930992617144 0 -8.508781829842807 -8.113072651129706 -49.75335802724904 -14.71318799075677 -5.340542480010548 -31.10558203123936 -18.27713033708711 0 -4.543499408326583 -31.26701861741634 -10.36814128393216 -20.92224551062534 -15.59484693775331 -3.273271876343555 -11.65648383007177 0 -4.764703009840324 -31.24941059046074 -25.65142394324332 0 0 -10.09247285164384 -10.76025103176203 0 -7.882979940135632 -3.49374027036226 -12.50738090077895 -8.574997946254221 -1.87447924136151 -13.64485237045959 -2.954027417744067 0 -5.010720833417375 -10.09982340113136 0 -3.037690740492636 -1.330799855600596 -5.464266895785135 -8.935103268252767 0 0 -0.9707339936723101 -8.672788668277061 0 -5.085360672279752 -2.604547970314935 0 0 0 -5.140670737316061 -2.524335448896239 -3.823568052954293 0 -5.056484252890386 0 0 -0.1819881645585772 -2.795467908346075 0 0 -0.5224537608787321 0 -5.561481623565958 0 -2.793901381640299 -0.4511113779500918 -3.618267560935193 0 0 0 0 0 -0.3899053844147944 0 0 -2.059597169943499 0 -5.521035991369005 0 0 0 -0.7584781450780744 0 0 0 0 0 0 0 0 -3.014098711393206 0 -1.301956708974317 0 0 0 0 0 0 0 0 0 0 0 0 -1.441759049166745 0 0 0 0 0 0 0 0 0 0 0 0 0 0 -0.2278723117372177, -1.484288670155889 -8.83693580868545 -17.04106647350251 -10.70685824642086 -8.020207181089862 -28.8790366546859 -25.6244912402106 0 -10.07610976486256 -23.15203485215795 -20.15502445175775 -16.22541626072884 -3.083072330427687 -9.728712740328969 -14.24956670995803 0 -4.252538641904049 -13.89114977365821 -8.628259418555315 1.247272883600023 -2.641016797740342 -1.849040768499092 2.897747858929999 0 2.164799657047766 2.007902270470201 0.9045213608278297 -4.930129992746693 0 5.694650749262243 0.1517365301470561 0 3.916466139060144 6.716767292525206 4.937564551095051 7.597506196878476 -1.740702833847814 -8.377601033747501 -7.195010855556245 0 -2.018249979460318 -2.805577135961952 8.261266997084132 -5.57280612902664 -4.043178916945975 -2.505535917867038 0.005545881293570254 0 -3.063098135272329 -15.31327459480674 -24.32025070271672 -4.95439675880969 4.163411524036706 -2.882188078932144 -28.04499708867866 0 -14.03554714695528 -21.39508225989552 -1.024059555522693 -19.19164417297969 0 -23.2855295991815 -20.89098525501593 0 -1.436367062021045 -14.89478527297699 -22.54675920143741 -18.40573120830044 -18.51485110867818 -30.16115710642137 -23.01059244016484 0 -3.403820035235968 0.8854853807143144 -41.07545093089551 -4.486104197762817 -3.275639425015582 -40.35334552195042 -14.11528195663235 0 -0.3924496497835808 -32.11912373107121 -10.54406662351314 -25.98999228985768 -13.30708973165783 3.939423228581056 -6.622676782268339 0 -9.437337946089514 -24.26689117377799 -30.01528216421066 0 0 -7.883312303440919 -11.89517560851291 0 -10.64165995841253 -8.515820689437021 -11.60775063628246 -8.175187072040599 1.714913726055607 -12.75783354924512 0.8531656864245329 0 -1.91850207664236 -15.15043274880412 0 -1.060049450874813 -2.353989777684182 -5.337687610029858 -13.79401038189718 0 0 2.162215121470656 -4.275066151744908 0 -6.629516537352725 1.728034825681111 0 0 0 -5.398296894385955 0.6039123058987115 -2.605163467181767 0 -6.263031902878446 0 0 0.5571930481984174 1.204814054300437 0 0 0.7058009207190785 0 -2.900014506095754 0 -2.25421220003679 0.6640465967844412 -0.7369222996333828 0 0 0 0 0 0.7192332465976978 0 0 -0.4897255938262124 0 -1.476680320613255 0 0 0 0.4223162561654166 0 0 0 0 0 0 0 0 -0.1493822947062033 0 0.05857771927246946 0 0 0 0 0 0 0 0 0 0 0 0 0.206354523140418 0 0 0 0 0 0 0 0 0 0 0 0 0 0 0.07321897956004225, -3.1893891581297 -17.49242802684852 -31.72831297269565 -19.0468603091446 -13.18016972922401 -46.55141619858925 -40.87595199287812 0 -15.53632814100815 -34.66235786468537 -26.49038580058993 -21.82788737565052 -5.318612975563753 -13.71258730289852 -21.78398518416597 0 -3.953220977968271 -15.80055543803781 -8.101648292977512 -0.1322282667784549 -1.390916001238847 0.2227379728096075 1.147164013402388 0 2.767068135902501 4.70377464853699 7.701769244128068 -1.168688813754952 0 10.71695095081665 8.502370974772436 0 5.078533214239116 12.42161549380322 8.509091500701242 15.15641733207155 -0.08048971508061165 -4.182615282380407 3.552961106968167 0 3.372330591805153 11.40874127372928 14.50029574938188 -3.919884970537106 2.071981635921619 7.415917145564193 11.93923214541742 0 -3.709730154190871 -3.72946724289908 -19.59415576456652 1.879579332865634 9.391308193774794 12.57073683467854 -9.864631234345659 0 -6.258076853356477 -16.01882807951361 6.391982312870059 -4.675868216778078 0 -15.7702314865193 0.8751336383939243 0 -1.329412750280716 -2.218794181229418 -10.30015200109224 -12.26722081782386 -16.38399778920844 -12.28223219209492 -22.45237663783689 0 1.957534049220307 7.466793174358441 -20.52179916822567 3.28596367610182 -1.428577299588992 -36.09354512686571 -6.976419588290062 0 3.50223952486905 -22.72195086609372 -7.085652561009818 -22.1544537856889 -6.78874695609533 6.556515347774942 -4.320824255367707 0 -10.3180550236889 -12.09758876769977 -24.53248037723971 0 0 -3.659871276410563 -7.820306679454357 0 -9.544898920924444 -9.953906012181982 -8.346469973234282 -7.071770755296938 3.045697764565775 -7.257300264738528 3.302162960369839 0 0.941008786282002 -13.95557504264474 0 2.33237025695546 -2.43941054767895 -2.515447717479781 -11.59378712108715 0 0 2.448193358432091 1.065630478186341 0 -4.113682023608095 4.366792856092978 0 0 0 -3.623808960283135 4.756509041236702 0.8419587032774207 0 -3.928205765461733 0 0 0.5359346841433216 6.272515056334688 0 0 1.389788761505561 0 0.08344309913638215 0 -0.8722905017330373 1.889397352014592 3.828037599974814 0 0 0 0 0 2.232797944653771 0 0 0.4265945722506335 0 2.108971346102814 0 0 0 1.825876495847586 0 0 0 0 0 0 0 0 1.204922850889227 0 1.059915401317052 0 0 0 0 0 0 0 0 0 0 0 0 0.801856358218351 0 0 0 0 0 0 0 0 0 0 0 0 0 0 0.145192851183829, -2.577906049506556 -14.43043257914912 -26.72540861815097 -16.39879348693579 -11.37155093356232 -41.15636994029994 -37.14213329937898 0 -14.69720957695812 -33.27922455400576 -24.15293828296889 -20.77414211715467 -5.960931715553972 -14.30566734980689 -24.60797289598452 0 -3.065257814584021 -16.27420666744097 -7.871561598798065 -2.731957243568991 -1.481484763215 -0.7859926358394187 -1.785783878870965 0 1.629534247908291 4.263078535711012 8.621748634416692 1.518076078777692 0 10.74343264981845 12.91614621356256 0 4.258092177661602 13.58203721188728 8.869670209357732 17.4286613588094 1.492767564611496 1.814532742926455 14.0466842653308 0 8.363870216002102 22.95808666152617 15.53471323944066 -0.9124763566355587 8.405547042917863 15.23101626496689 21.18073157222636 0 -3.33342706646551 10.96545997441148 -6.638199269820854 10.40225045887531 11.65498506040435 26.49016692390072 15.7785093784311 0 3.81406613182028 -4.534554352168869 13.13098192872696 13.44427014741355 0 -3.726055559155939 24.13226408881807 0 -0.304116966230481 13.49649098906968 7.091470222448766 -1.770895119020961 -8.158366266267162 12.98974177018814 -15.25357449134678 0 7.533157669321739 12.40125317734133 8.110938171902664 9.78678548673734 0.9921130088432926 -20.75593541181437 2.835554279027089 0 6.616885070733817 -5.874486575727492 -1.128759089935389 -11.26027220406064 2.377990497724617 6.52604318183945 -2.50700044648934 0 -8.552862813551215 4.363474368579634 -12.26662189573722 0 0 2.026788388364839 -0.7020443423415688 0 -5.601557688589955 -9.941078095826786 -2.93487617021406 -5.805159429596216 3.048148460027211 -0.6704761014094789 4.750324364171839 0 3.697785251955407 -8.811012759761002 0 5.485643294154079 -2.709908795472857 1.489301210052294 -9.528261705004841 0 0 1.180114570190719 4.200574553232365 0 -0.5969053056583467 5.559416523405975 0 0 0 -4.334173640956573 7.973752806648578 1.805829258099492 0 -2.287371951561973 0 0 0.09928657523527457 8.945589321995531 0 0 1.579192581320932 0 -1.741268426927047 0 -1.141182362563338 2.67282465418096 4.904153587239753 0 0 0 0 0 3.055355226539611 0 0 -0.9842037277502573 0 -0.1014340796707245 0 0 0 2.06646336541157 0 0 0 0 0 0 0 0 -1.395947474242747 0 0.3473768567891291 0 0 0 0 0 0 0 0 0 0 0 0 -0.8059580419381539 0 0 0 0 0 0 0 0 0 0 0 0 0 0 -0.1848525629310153, -1.710490696136961 -10.03472553722158 -19.3982874940569 -12.39227091872659 -8.704496972794765 -32.74992044526685 -30.72093328062381 0 -12.87610003853303 -29.73771017561601 -20.80240174244401 -18.79968584807217 -6.088872586637952 -14.34423649232222 -26.11609113484463 0 -2.370003885435596 -16.72379103582472 -8.525676318441171 -5.189588489615476 -2.513619618210442 -3.283531635823228 -3.929829950769469 0 0.2340206316316755 2.412255244709164 6.579815843722452 2.945909559871057 0 9.343739604952876 13.9256381840969 0 2.861076945204666 12.75798225394067 8.505697452818648 16.79010124007765 3.267204294686961 6.90403128785036 22.15159484504981 0 11.66306660423633 31.18900586759141 14.74136519535413 2.502319225038733 13.14407113233761 21.13627970839769 26.8212767963975 0 -2.295780786319785 23.68019299827123 8.706265669104102 18.48644987420998 12.41799381614064 37.13217446110035 39.41101329735419 0 13.21033265136883 7.460177069066676 17.95098180534828 29.37286011984193 0 9.056649440366627 44.45582355512096 0 0.9572025935876105 28.78864188253699 23.9063359419896 8.180448291875646 1.013607828124169 36.1773244646498 -6.353178349699448 0 12.70343377136827 16.84889753595072 34.80340585941289 16.22185869151286 3.871497018140805 -4.48069617016005 12.6241219032174 0 8.883434837810892 10.38635339177899 4.512108208972656 0.01029587209993466 10.76905943808686 7.175583826571808 1.112174261295996 0 -6.717881647929 20.82311228390734 -0.2873721353609735 0 0 7.519125518933948 5.488324607482133 0 -1.578412538095385 -10.50820667777093 3.008044198326678 -4.235921332513109 3.412654668250937 4.013202513777637 6.188074994573711 0 6.455443135857041 -4.077568626238315 0 7.255272772959305 -3.562532205149683 4.634776375273881 -11.57854477122815 0 0 0.6532113406845614 5.06096855932608 0 1.10365463748843 6.596583352749475 0 0 0 -8.0725860749838 9.382884928332075 -0.7637952601286377 0 -3.369747801179501 0 0 -0.1237751353226021 8.590001337217895 0 0 1.699488500203306 0 -7.524520446649408 0 -3.209761740275448 2.897913840909264 1.806626706478208 0 0 0 0 0 2.885965264939418 0 0 -3.797666832118806 0 -6.674096398129223 0 0 0 1.109611490053485 0 0 0 0 0 0 0 0 -6.153942347512674 0 -1.536486770544566 0 0 0 0 0 0 0 0 0 0 0 0 -3.48624078103184 0 0 0 0 0 0 0 0 0 0 0 0 0 0 -0.6864017838517382


GFLOW: 1.7 0.01048832884827381 0.01062490385938766 0.01183751438566884 0.01196469760542068 2.998065416655154 2.998043871426825 2.99264570569937 2.992557036128797 0.006776128341689163 0.006821359515354393 0.001563000232853559 0.001284635706982738
q-corrs 38.07356008285847 192.6909132710774 324.9036525346043 182.5148013510517 114.7644089299484 385.9306767648255 324.2700093299392 0 112.9991603915117 235.2150070071666 152.3988077312875 126.3923468952872 36.28354151619078 83.85506706150852 138.3685749339245 0 8.985668064037997 63.89404839785348 31.25118956805403 17.70784490796245 7.346656313860771 8.63808129061692 7.275061370298829 0 -2.581872186178759 -13.52736751526009 -32.79019812074138 -13.88461009529914 0 -34.99247200930218 -31.57081626439032 0 -10.63501267068786 -34.02437792334041 -29.69440734255951 -38.02304242213201 -16.05745320523665 -11.08373807463007 -41.94735965133535 0 -15.14064767829975 -62.53641142523759 -42.19470195062455 -10.90738868543715 -14.84793139824436 -49.21934376822979 -36.2461571419999 0 -1.670739602626652 -28.78734054773861 -29.74041470531155 -25.25159462902716 -22.19183408320488 -48.60484641516982 -44.31592742491269 0 -27.47613887482918 -14.0462055241067 -16.37126539174092 -36.57106859524671 0 -35.01165925142389 -64.30779900691998 0 0.7462778808283139 -43.75493413510162 -34.42214179893022 -9.152575361409653 -3.175390740207375 -32.45899715985828 -7.375788131217659 0 -15.28936247425447 -24.98779648496961 -44.97522298758791 -32.89677297059775 -10.86203251512442 -3.575618183970357 -21.86519913946637 0 -9.822900013819154 -18.52523409525634 -4.312793066919586 -5.092045532129532 -11.79760654859731 -18.3725375960869 -22.87444619147693 0 5.361068444930981 -34.77256601965951 -7.468421336825881 0 0 -10.47445994317549 -5.132091998684149 0 0.9095875058376717 9.635822180349281 -10.47104807712262 -6.272874224928525 -8.915706576942741 -7.18544219697211 -10.29841984742071 0 -9.998086430805197 4.827068045516953 0 -4.231789283555802 2.936441910245426 -2.843714792430911 14.48918928070045 0 0 -7.916963620148908 -9.135078779576206 0 3.41178195488046 -10.56185985201271 0 0 0 5.130236683346769 -5.20275947553981 3.38253700568994 0 5.810811721026633 0 0 -1.883294258466378 -3.70887497284902 0 0 -2.749127490797598 0 0.4475712748452643 0 1.564797387852199 -1.618819039060872 1.353011217669138 0 0 0 0 0 -0.5186193012100182 0 0 -1.614148127790842 0 -1.945292599967451 0 0 0 -0.2267993939060456 0 0 0 0 0 0 0 0 -3.738058032444472 0 -1.120430681786786 0 0 0 0 0 0 0 0 0 0 0 0 -2.549817267761985 0 0 0 0 0 0 0 0 0 0 0 0 0 0 -0.5414521809499735, 31.74584833719837 160.5495318309906 270.509858964246 151.8478194817117 95.33177551965355 320.3563477817808 268.9948754209544 0 93.54192837791858 194.3712021753883 125.1767591893297 103.7711140721048 29.97523335950364 68.71457271790032 113.3947315185115 0 6.885702625999269 50.7333383688609 24.08460061979911 14.27718753596923 4.996681623232631 5.319498487630197 5.818683546530024 0 -2.731992334084528 -12.26324098134323 -29.94555558589941 -13.14785245718176 0 -31.08622200177377 -28.41905228638401 0 -9.038917456705212 -29.72669213050518 -25.92769391002073 -33.2164869911831 -14.23232996003993 -10.34623509303178 -37.9566092380083 0 -13.63501652239121 -55.74236341151698 -36.61983209334661 -10.1747595907753 -13.83487741867385 -43.97357372513288 -32.69075423171743 0 -1.644712082828629 -27.37890075526984 -27.67801897971961 -22.53543105590708 -19.56975778575239 -43.85108579917636 -42.19679005977406 0 -25.97920270930777 -14.43916583003669 -15.00601793227778 -34.80889235290469 0 -33.44400850421303 -60.47749622676563 0 0.6444534147052243 -40.50684276813497 -33.05684106767114 -10.23899312130295 -4.277237342307381 -32.51439636852128 -8.370000705683957 0 -14.32941860415053 -22.68777205925087 -45.21342202167447 -30.52438186758292 -10.09656303898274 -7.076445122834822 -21.32781326989574 0 -9.07927225534028 -20.05956714512055 -5.057914815922405 -7.13639772520677 -12.22451436706887 -16.63772454187828 -22.07427302876554 0 3.845315966572788 -34.55653188081997 -10.16601735316635 0 0 -10.45926770900043 -6.1800704383234 0 -0.2468517870652884 7.46481218773053 -11.02515604795268 -7.355313387769305 -8.152837071540418 -8.971812401027432 -9.659575598004679 0 -9.561972407668213 2.693704206115807 0 -4.397356350058136 2.174837533785114 -3.413408613928856 10.33860530667602 0 0 -7.292462683003913 -10.25611311457271 0 1.920361663468559 -9.92259149158069 0 0 0 3.153608768787651 -5.243722261443624 1.816431480185167 0 3.826047110481616 0 0 -1.744992929200678 -4.269127381298456 0 0 -2.578254045407973 0 -0.930275002663457 0 0.6846939374784078 -1.580918393744433 0.06354886239977198 0 0 0 0 0 -0.6470087751195438 0 0 -1.813373622083822 0 -2.963924197015174 0 0 0 -0.4596914508671051 0 0 0 0 0 0 0 0 -3.806525308216723 0 -1.268821272189245 0 0 0 0 0 0 0 0 0 0 0 0 -2.456387238257975 0 0 0 0 0 0 0 0 0 0 0 0 0 0 -0.5027870387506135, 17.90605676401164 90.20297186990854 151.396822508831 84.66744372683212 52.73985230669572 176.6397530096783 147.8851668631836 0 50.96774261302461 105.0671868506137 65.64391756058453 54.42593315917078 16.28704852406084 35.96593608060685 59.66130690825979 0 2.319312570578528 22.83173462456244 9.171152081833361 7.5410817149225 0.4756770346849404 -0.6114572867636441 3.39969260355869 0 -2.318239021650204 -8.56451078348241 -21.83245171855803 -11.09452316728902 0 -20.54357562326356 -20.45013039743566 0 -4.977123171630518 -18.74203347326417 -16.29204968980166 -21.06751602201142 -9.817620500215016 -9.292593748958231 -28.4820416290276 0 -10.26930141612803 -39.31298690103714 -22.53978899854098 -8.396819482235969 -11.39244274733645 -30.96805071212776 -23.7861614779351 0 -1.679789734399598 -24.2095568074142 -24.13150237026507 -16.5850757833598 -12.77927834127001 -32.22234323478204 -38.02730872520819 0 -22.28897886420427 -16.04594438047522 -11.59985744691282 -30.7505354897969 0 -29.68625196586211 -50.22738374142586 0 0.179530857901197 -32.77806178638588 -30.15035068468607 -13.03572761895891 -7.876871580528368 -33.02490484970016 -11.62114215743592 0 -11.67822821332982 -16.44538260032713 -45.6097889394978 -23.77746896198939 -8.109927412073246 -16.78031003701459 -19.7693666801522 0 -6.998388217735279 -24.26114121807 -6.946483598502105 -12.79135764825472 -13.16824876069222 -11.40760658146884 -19.02092192755892 0 -0.2658782592757443 -33.33702242819318 -17.10632194668349 0 0 -10.23758118748971 -9.008741605394277 0 -3.343388404153484 1.995345173129532 -12.08062188774634 -9.347486953004061 -5.755391434719742 -12.8803947064201 -7.610057203864366 0 -8.126915890551096 -2.974654076901799 0 -4.683755891349584 0.3815959662933355 -4.85615114082095 0.3661215388611203 0 0 -5.153351841387195 -11.97976469501667 0 -1.83787479319682 -7.780779494071023 0 0 0 -1.210978164274697 -5.113067056203094 -1.605922829609429 0 -0.8495193978454756 0 0 -1.246520741202439 -5.129010215586113 0 0 -1.992401944281526 0 -3.590434800185892 0 -1.191497137718589 -1.399687025951384 -2.568679013300501 0 0 0 0 0 -0.866601119089689 0 0 -2.025010838117536 0 -4.678310430692411 0 0 0 -0.8683358799229145 0 0 0 0 0 0 0 0 -3.556962648825483 0 -1.422877054448612 0 0 0 0 0 0 0 0 0 0 0 0 -2.024615173318741 0 0 0 0 0 0 0 0 0 0 0 0 0 0 -0.3767485321849379, 5.665673601726049 27.91074536083669 45.8192094245348 25.07840408024772 14.93523049334832 49.07735437874982 40.42514177730372 0 13.28576851583632 26.1383009274442 13.13323448284818 11.09393322728039 4.327072363150474 7.673639571452507 13.64511954522043 0 -1.579197441036723 -0.115517664434706 -2.407698408034532 2.865099007855615 -2.221040377776783 -3.196730153576635 2.400239970678491 0 -0.6113608962535158 -3.394087156133047 -10.67979768387909 -8.096882764259949 0 -7.408281678509285 -10.61015862130503 0 -0.3162902160070926 -5.820526724471854 -5.187811194129478 -6.765431089868535 -5.151942304151374 -8.767608211415904 -17.78755575216098 0 -6.495836735888261 -20.72599527334367 -6.339175395000408 -6.543735021566396 -8.176748874680525 -16.03194644860619 -12.63377436364333 0 -2.037532727645138 -20.09611328093937 -22.52421899803954 -10.5292855969619 -4.377744641638428 -18.06751648277255 -33.2936358032711 0 -17.68467198778816 -18.39944779711907 -6.959053698636617 -25.32791470003096 0 -25.35308716147744 -35.71289677091634 0 -0.6182051217879544 -23.55145222613897 -26.45971386482962 -15.66807599376381 -12.98415086901609 -32.208853598319 -16.54424907845478 0 -7.780463995661006 -8.074292300249558 -43.62117371624426 -14.28227980901498 -5.642216686241781 -28.5918973596737 -17.00416655629744 0 -3.913293777274011 -28.46381432247879 -8.727150620925936 -19.48039748637521 -13.34035513960161 -3.971849375306652 -13.66170107240942 0 -5.297825247276229 -29.58119960195694 -24.3317064631419 0 0 -9.250855235344959 -11.7930568188141 0 -6.960259831560601 -4.004324191658183 -12.32819784076677 -10.03291097863298 -2.196820801824282 -15.24925285436035 -4.246613273700137 0 -5.620448566704072 -9.502865130530356 0 -4.201888140465359 -1.287316281677287 -6.015222051463121 -8.981922863367638 0 0 -1.828276875411659 -11.02585696231413 0 -5.481079221993815 -4.110110469513419 0 0 0 -4.345195652261941 -3.871487468033369 -3.693814188570088 0 -4.861030488203804 0 0 -0.4483854593786429 -4.227564840785823 0 0 -0.9694123256908664 0 -4.227107939103921 0 -2.282506999294379 -0.8470757814655374 -3.449085138684471 0 0 0 0 0 -0.6651518797157377 0 0 -1.406045725729539 0 -4.069081609341691 0 0 0 -0.7287481293521157 0 0 0 0 0 0 0 0 -1.987110138407937 0 -0.9263773180846706 0 0 0 0 0 0 0 0 0 0 0 0 -0.9128071225087814 0 0 0 0 0 0 0 0 0 0 0 0 0 0 -0.1377901350242072, -0.7564343313019481 -4.834613803389239 -9.78720054076404 -6.369559207649645 -5.009718361831178 -18.34615640799828 -16.49815414095379 0 -6.682179781505744 -15.67312783236477 -14.25094616975368 -11.51028752590712 -2.087836328202716 -6.91936972117053 -10.17768016678127 0 -3.305434281602536 -10.86682231638992 -6.907518001360394 0.9130137582782898 -2.337076772999699 -2.171533496999767 1.987275343540496 0 1.198015871721643 1.168178489128783 -0.6006509037785737 -4.677900344645952 0 2.819448883796264 -1.290793876434588 0 2.984557330146796 4.235566707815374 2.803135914293132 4.868343606023135 -1.973845530718977 -7.186632274546382 -7.675970642384444 0 -2.240358521341428 -4.557596662815266 5.837115016658679 -5.158031617065255 -3.940975301337692 -3.600023749304011 -1.174454127665298 0 -2.73800953659517 -13.56617428931985 -21.38566069470781 -4.642033695049302 2.948150751691594 -3.521194660117229 -24.39923411521297 0 -12.28472486021368 -18.59133505767259 -1.146885843560003 -16.87387583841121 0 -20.51987438983315 -18.296096615705 0 -1.166016645866795 -13.3657841053225 -19.9490213639023 -15.16306535045723 -15.98308295604085 -25.13711069451056 -20.16854142381555 0 -3.149698527278968 -0.02483178451117496 -34.58384071835695 -4.926611986862627 -3.376946939570246 -34.91353093080433 -12.46048096145365 0 -0.3489511328108406 -27.63452058021895 -8.579802543988455 -22.42416803921082 -10.92197539510254 2.262814512417171 -8.329308460273776 0 -8.66951863839946 -21.93626273981982 -26.34733182392622 0 0 -6.869228985125497 -11.55239397005164 0 -8.872855258451814 -7.674585357745501 -10.80909903024359 -8.820488980025168 0.8783663242583919 -13.0967913809581 -0.6212898556261841 0 -2.549141072441323 -12.97896748733417 0 -2.036863853844419 -1.964266411420212 -5.309283398393865 -11.96341310020019 0 0 0.838071911194427 -6.346330008303961 0 -6.186298661167482 -0.0816570181854761 0 0 0 -4.053854117723096 -0.7857725388015449 -2.267535056895827 0 -5.330664156464271 0 0 0.1778761493433305 -0.4478971175832007 0 0 0.1490163100981924 0 -1.568258672103217 0 -1.590475343350411 0.1877382729751478 -0.7002168789334036 0 0 0 0 0 0.3375120525789645 0 0 0.05348022941402897 0 -0.3014985192021169 0 0 0 0.3190999106362407 0 0 0 0 0 0 0 0 0.6215813290842839 0 0.2932733662428764 0 0 0 0 0 0 0 0 0 0 0 0 0.5722769353968874 0 0 0 0 0 0 0 0 0 0 0 0 0 0 0.1329807041240617, -2.520087890899925 -13.87640828769892 -25.26918134176924 -15.22900304210709 -10.57352106622736 -37.51089841494164 -33.08254853318881 0 -12.70380146665938 -28.44465163838071 -21.79288679470725 -18.10657617950294 -4.461789407789569 -11.63626874928628 -18.74649189917691 0 -3.295926087820001 -13.81896157637155 -7.36762318699688 -0.6208619005639631 -1.685713893073022 -1.001902272224072 0.4624166634770526 0 1.663475282930203 3.411843698783145 5.218125975614244 -1.419824725750331 0 7.455073326088906 5.942868023105569 0 4.074442161115885 9.41070167038194 6.204081350064063 11.61538365687559 -0.1850614303120173 -3.11657959291548 2.186887126672162 0 2.676665326047235 8.547837988837195 11.68354203123577 -3.633158166318147 1.431755749825169 5.486090439681287 9.342338347249722 0 -3.243734620015594 -3.222638981978443 -16.02455954983105 2.260765138243348 7.624316893767248 10.59859136016618 -7.669372230131442 0 -5.283406835453444 -13.59342750112757 5.38291543089961 -3.902502104988613 0 -13.46314335668255 1.187308792939071 0 -0.9264143523242541 -1.263582902819294 -8.507137390405411 -9.808461029411339 -13.62652694876832 -9.036204571980477 -19.05660995389804 0 1.76495518887439 6.113325207760502 -16.17793230974284 2.390182777645455 -1.356062630738612 -30.37568681188824 -5.686363522255069 0 3.011295776074573 -18.74588953538111 -5.553363791172162 -18.38953641005446 -5.178202742160345 4.913993990338895 -4.998913835994352 0 -8.995367162614295 -10.2039314208337 -20.58176917938443 0 0 -2.923690054233854 -7.137210006963272 0 -7.750966005317776 -8.494233153525094 -7.329394322796816 -6.865284627831084 2.22337527802113 -7.15850828229467 2.063846801895608 0 0.4005375240648437 -11.52487586829046 0 1.348810494437033 -1.945882621174376 -2.42214498850283 -9.543580163228915 0 0 1.405809979930575 -0.6476103603649594 0 -3.670561083683817 2.798508268633521 0 0 0 -2.459510776899626 3.250040575835298 0.7477760996730929 0 -3.136692299399227 0 0 0.2523667995322244 4.306427721906432 0 0 0.9005628891429747 0 0.857622726589931 0 -0.4167472589673598 1.356269664711657 3.178690826062716 0 0 0 0 0 1.676650223199977 0 0 0.7498331043889607 0 2.551395251394179 0 0 0 1.488646994620205 0 0 0 0 0 0 0 0 1.623505422078342 0 1.075736375317803 0 0 0 0 0 0 0 0 0 0 0 0 0.9959697007582239 0 0 0 0 0 0 0 0 0 0 0 0 0 0 0.1801936254228318, -2.208488379959838 -12.32282927946799 -22.7725203098567 -13.95231413414472 -9.654592396564897 -34.96123896185748 -31.56341735507698 0 -12.54262398030416 -28.37042788654108 -20.60364409411782 -17.80916371277882 -5.113420094497004 -12.48656939693075 -21.55527448210572 0 -2.605302239659688 -14.32148172831577 -7.249879973031399 -2.776736074636762 -1.736155176061749 -1.696840034157808 -1.868254057424926 0 0.8415476883888466 3.189877858698352 6.458748971561558 1.126149762958637 0 7.918362410395742 10.13777206728242 0 3.442955614961369 10.65077825909849 6.70201679993564 13.89008114001913 1.292087134543357 2.489259807872632 11.62641263067286 0 7.357232083995585 19.14379203081551 12.84036836235511 -1.221103636744186 7.003318351251766 12.40815194895703 17.69264488418304 0 -2.997327071936574 9.508198438995624 -4.549259915104211 10.32993742297031 9.820653978981738 23.39042688482267 14.94050284526915 0 3.274059169810879 -3.742126376500095 11.50907484894814 11.99877573253418 0 -3.239098472197295 21.55127836109946 0 0.05241945199329795 12.98268678432592 7.034117975487003 -1.006435433269838 -6.421605991213728 13.05022199603741 -12.91446751641535 0 6.835400060617909 10.85578666919828 8.599278167319623 8.501834731942424 0.9605814173609453 -17.1359036306098 3.021599721422367 0 5.794507522448288 -4.088197274746869 -0.5363082614009864 -8.942000671296677 2.676352637418449 5.3772341808293 -2.395407509337518 0 -7.359232342421549 4.677406977611837 -9.724518376853805 0 0 2.12637538866742 -0.5219889890326446 0 -4.415683616396392 -8.432394899971047 -2.234590197372019 -5.045714944116876 2.495990931010349 -0.758754888713673 3.894108466223724 0 3.200419014508615 -7.083402311462621 0 4.451586783792725 -2.228643015409957 1.30638324912748 -7.954915602129979 0 0 0.7560405202440791 2.983550985282013 0 -0.5489319337995169 4.496560650572365 0 0 0 -3.440275417100764 6.463081415539802 1.355764907821689 0 -1.886076756344814 0 0 0.006653034207364794 6.981479413033006 0 0 1.256697416796776 0 -1.305157214312788 0 -0.8771059190766957 2.157320621299918 3.834485506008519 0 0 0 0 0 2.421974719944579 0 0 -0.7443351765900292 0 -0.02129751368524468 0 0 0 1.618989783783914 0 0 0 0 0 0 0 0 -1.072482848419384 0 0.277895955700638 0 0 0 0 0 0 0 0 0 0 0 0 -0.6334884501551732 0 0 0 0 0 0 0 0 0 0 0 0 0 0 -0.1473320391224114, -1.551905364685943 -8.974333363232635 -17.15931233326114 -10.86722959409145 -7.585848544323285 -28.4150828040712 -26.54322304811992 0 -11.11049243469046 -25.55755051067077 -17.90479635739134 -16.19922793872736 -5.213114128299972 -12.5073021800127 -22.7286080592788 0 -2.00740371423095 -14.53092506024933 -7.650348239796411 -4.788582494695816 -2.469842859386127 -3.528957711090844 -3.661853695683276 0 -0.2534683990419273 1.775649357349284 5.125694489600411 2.571137798159377 0 6.917913101535686 11.4941596109973 0 2.281863876930494 10.07364569081423 6.387479033001932 13.6458477803884 2.728934000305306 7.188700548569512 18.79021376274016 0 10.56838907566535 26.60791454182437 12.23242776580274 1.434670029489072 11.20395777409357 17.47850270550128 22.99073496314153 0 -2.233597032852434 20.40002742901058 8.317920903426153 17.5812516303809 10.68541909435921 33.1153130091449 35.39514648674341 0 11.07826720519698 6.377485133169089 16.01388932360034 25.90413961379436 0 7.239144014138637 38.92221933034101 0 1.168650774754273 26.28676894892628 21.71735192518867 7.26876001274618 1.409991058431229 33.03872903772384 -5.561134612672087 0 11.34492209002914 14.87456844518918 31.32386316321566 14.11535610611961 3.434861606357932 -3.365317815761899 11.3672545923682 0 7.849947102487469 9.806890596901045 4.171910541158022 0.5939643645548296 9.787409847747838 6.040984085550363 0.9151733034098557 0 -5.755798666371499 18.86798273550011 0.5222952803252623 0 0 6.84515476762933 5.069860490123355 0 -1.061829798604658 -8.991169402824665 2.956830357616636 -3.49505410596625 2.883449856079855 3.57810466390688 5.42505224605304 0 5.753954779274064 -3.069098960705666 0 6.27278121106405 -3.055419348225817 4.196697499523243 -9.999816305351477 0 0 0.4784854085445419 4.203438170575472 0 1.007853785089661 5.757850083331576 0 0 0 -7.107097259963505 8.039226325642323 -1.044387891156759 0 -2.981147167237189 0 0 -0.1273718823303187 7.00206691539161 0 0 1.472259558043521 0 -6.95096675827043 0 -2.909242606088894 2.458991420519392 0.9730598301904849 0 0 0 0 0 2.342208810806958 0 0 -3.500812822722589 0 -6.411113005698354 0 0 0 0.7471876547863967 0 0 0 0 0 0 0 0 -5.720773492041356 0 -1.542941802877852 0 0 0 0 0 0 0 0 0 0 0 0 -3.244765465742952 0 0 0 0 0 0 0 0 0 0 0 0 0 0 -0.6349219203689369


GFLOW: 1.8 0.009561715505290828 0.009693740726041749 0.0107278594925806 0.01085128406453675 2.998246149697073 2.998225259044192 2.993314005805356 2.993228163253101 0.00583787487721517 0.006336964851428209 0.0009367730907952796 0.001157296092563456
q-corrs 31.49313785754206 160.8390019733851 273.6846272024884 155.1642756657235 98.52840755911066 334.4938901592708 283.7621188805746 0 100.9637803287915 212.5450365492577 139.992616358317 117.4713431536663 33.85133955952139 80.25148689018101 134.1223033293153 0 9.713790279789889 67.89868155929375 36.11496023029201 20.16305696506566 11.4640052376258 16.36415186890817 9.479229791181721 0 0.5867954136232154 -7.972431178252309 -20.45113689059392 -8.608421919857291 0 -25.89749881559798 -23.82376667655783 0 -8.755611520599718 -28.06048440851005 -24.77176728991725 -31.8604265083994 -13.66026588938926 -8.757652551553978 -35.80206466477646 0 -12.6809104949831 -54.14259226631953 -37.05077817429878 -9.96280185739548 -13.02754736802165 -43.77866042698528 -31.82980323768899 0 -1.630414202065253 -26.21473241390096 -27.79986141790875 -22.8894291446226 -19.66870966741005 -43.55492308780707 -40.69536345582492 0 -25.52502595944467 -13.37253042743237 -14.44246641766627 -33.33410667950773 0 -33.16714829795909 -59.04738189484388 0 0.5408298726612686 -40.88354780355448 -32.31251532205026 -9.040679692715365 -4.056628799505564 -30.6572827660798 -8.681976070987751 0 -14.07296726274538 -22.99886011582062 -42.95464475480456 -30.87237082949012 -10.74693895109827 -6.283069013123527 -21.58619052206662 0 -8.710419597751406 -19.53649278053231 -4.339753399875536 -7.39910902025196 -11.33831595170655 -17.21377957418198 -23.9212345695584 0 3.345418098811333 -35.13173255120574 -10.5405931027966 0 0 -10.48190972272177 -7.435930995216557 0 -0.07471609606744312 7.045904915875314 -11.55619502734071 -8.621546175160265 -8.390580833425222 -10.41770191734409 -10.61452397020481 0 -10.27550643377244 2.507377577286674 0 -5.110335395082465 2.139682438337299 -4.028361099899064 10.07955916563978 0 0 -7.770733771366508 -11.67194395331757 0 1.563623439505016 -10.89545005404451 0 0 0 3.413501206169777 -5.923374588144112 1.989308312516013 0 3.839500280566177 0 0 -1.884585240218182 -4.761346015555254 0 0 -2.829780012781418 0 -0.3681139683639945 0 0.8898115795432519 -1.738789364870471 0.3731569866309595 0 0 0 0 0 -0.6723642930556337 0 0 -1.573282826343394 0 -2.299282483458556 0 0 0 -0.3499571276132205 0 0 0 0 0 0 0 0 -3.437182134040237 0 -1.08411270437743 0 0 0 0 0 0 0 0 0 0 0 0 -2.277985983019541 0 0 0 0 0 0 0 0 0 0 0 0 0 0 -0.4761588223514124, 26.52229288746945 135.3774029643542 230.2337910008243 130.4616383084178 82.73945938218037 280.7625589359574 238.0834539878558 0 84.59228023848378 177.8568144806678 116.5998721294779 97.83535681701314 28.33916584432837 66.78540831632142 111.6573957153327 0 7.737318288122118 55.37952642025893 28.9985593329706 16.66926523096534 8.831784104068436 12.39592245956492 7.820240292607037 0 0.04982123906677571 -7.458676679029825 -19.25880777025159 -8.515182738852229 0 -23.38496272289086 -21.79257921159319 0 -7.505167946308194 -24.76942697853111 -21.86867555244365 -28.10599855529712 -12.26108587421493 -8.393931410128827 -32.78440803923282 0 -11.5889387614643 -48.78078859247847 -32.42167299212805 -9.353302749891135 -12.22422363326767 -39.43754131409153 -28.90948369765055 0 -1.627248623154138 -25.02461910783329 -26.26647211171775 -20.72062309190454 -17.44582470333292 -39.59206401639342 -38.98416438779994 0 -24.17332090321441 -13.77241235701696 -13.30594347250155 -31.8617307406853 0 -31.75276419483968 -55.52279776751092 0 0.4324859145290192 -38.10925041409782 -31.19785311025093 -9.834084290366125 -5.082202339353358 -30.54152780894027 -9.601554318041572 0 -13.19402729735592 -20.97767214989872 -42.83753752011187 -28.72826186740866 -10.08031471472799 -9.331321235195849 -20.98900225314409 0 -8.044415683921201 -20.76745319273442 -4.888764441690228 -9.097777809567619 -11.56398141456475 -15.62792296620042 -23.1603907863518 0 1.958736688053535 -34.69180990255752 -12.78341667492564 0 0 -10.37342144134633 -8.415981426675057 0 -1.017589160561269 5.143107103345102 -11.91582910413843 -9.480197777519571 -7.681186203863977 -11.97658278953294 -10.05465593031483 0 -9.860617352913547 0.6986565522351738 0 -5.328678954253276 1.502616578584206 -4.546467397746519 6.535448300753622 0 0 -7.177218272133147 -12.62528492754182 0 0.2370703827762131 -10.33839494535658 0 0 0 1.824301170017305 -6.045520235720458 0.6622377780606282 0 2.161371537733614 0 0 -1.751307494191715 -5.320325646733944 0 0 -2.683352193038807 0 -1.399469052700313 0 0.1944157090824776 -1.733003355723844 -0.7213580282782248 0 0 0 0 0 -0.8133980030518621 0 0 -1.675428803993325 0 -3.020756910270963 0 0 0 -0.5505742910602544 0 0 0 0 0 0 0 0 -3.392564519847659 0 -1.174520887184559 0 0 0 0 0 0 0 0 0 0 0 0 -2.146725095526772 0 0 0 0 0 0 0 0 0 0 0 0 0 0 -0.434611987399123, 15.47378853812244 78.74779351230124 133.5426890706412 75.4690970502716 47.57120375996412 161.0763981641331 136.3487116118009 0 48.16232083099815 100.7013488275599 64.54825155754173 54.22575353530472 16.14652876367938 37.06853277862145 62.26698121071465 0 3.351247307094289 28.10643697059595 13.68294636041606 9.432945174737933 3.40856065954685 4.497994361254193 4.662652542704854 0 -0.6184410914846401 -5.629841451672589 -15.22082891409186 -7.988030163452938 0 -16.32423535172151 -16.46138754191286 0 -4.28941606534068 -16.24163299149235 -14.35077382438316 -18.49133384029223 -8.806289712769253 -7.951778182455366 -25.42120487352624 0 -9.061346793152371 -35.53955297503791 -20.63274760828872 -7.835128316082091 -10.22157964236325 -28.50122838118158 -21.46863716683528 0 -1.68132555083867 -22.16909870939281 -23.37239155794477 -15.74966342025843 -11.65351492534631 -29.65779334027012 -35.2511786500765 0 -20.70917375616838 -15.10404930380855 -10.39522225031711 -28.22670277435019 0 -28.14074059846294 -45.97949154545644 0 0.02497919131077797 -31.17941166218277 -28.51548918328293 -11.81278826175944 -8.129006578806964 -30.30344327567108 -12.26726488211472 0 -10.76128800862994 -15.47408322639541 -42.11738039439437 -22.62575903329216 -8.27186216090972 -17.36470169797442 -19.17614106277404 0 -6.185243753118038 -23.82045559592307 -6.247270635599643 -13.52016426549906 -11.96896935075058 -10.98934817254091 -20.27969388457048 0 -1.603947474562991 -32.80463494186709 -18.21385035782244 0 0 -9.886894977410989 -10.7381612417944 0 -3.468874759263114 0.4993337330438203 -12.45854316843837 -10.92751659982362 -5.542190211005119 -15.10080198062821 -8.227730181409523 0 -8.480042383942635 -3.925488497143337 0 -5.618672901095031 0.04094666457693441 -5.708689160539002 -1.698715113552014 0 0 -5.275286717980835 -13.9253539802826 0 -2.925965255887209 -8.450754774305862 0 0 0 -1.56418046115738 -6.009481918952854 -2.110946189953039 0 -1.648871389514529 0 0 -1.308616772190391 -6.114660787760871 0 0 -2.176439439406171 0 -3.236103941514662 0 -1.222081645543456 -1.61023937887308 -2.831864120572649 0 0 0 0 0 -1.038002514883299 0 0 -1.666395685379338 0 -4.042861229686165 0 0 0 -0.8746709701580272 0 0 0 0 0 0 0 0 -2.889829673041189 0 -1.197651454161709 0 0 0 0 0 0 0 0 0 0 0 0 -1.631501655859632 0 0 0 0 0 0 0 0 0 0 0 0 0 0 -0.3022002781200978, 5.378794734205703 26.94260758267735 44.9988546626664 25.0692012236978 15.31536188865896 51.2764717489823 43.01903482974065 0 14.79275574225429 30.08489223986089 16.9755828838285 14.492410084333 5.072580587035393 10.31251667500862 18.05548091542714 0 -0.5677761676638571 4.330691137701183 0.8121830526718616 3.722075975394873 -0.6050358917154293 -0.7904551797224424 2.580579027891114 0 -0.2443589743948715 -2.504623154837383 -8.465256014945622 -6.570968233228923 0 -6.923859050876937 -9.371173355998341 0 -0.5123750922484127 -5.906498698105024 -5.429697424934026 -6.864204227446574 -4.964270012579798 -7.667266752118179 -16.6072704022886 0 -5.997506169413406 -19.91420564893985 -6.804992703455692 -6.141466178394325 -7.449578338367848 -15.54320502851172 -11.91274075243045 0 -1.953899400611081 -18.17587251099636 -21.29771698995958 -10.20625828253814 -4.414348134902102 -17.13466774015738 -30.28308769807136 0 -16.17413941858781 -16.69610692898523 -6.328865201299967 -22.98564034122364 0 -23.55029509419806 -32.40782822338508 0 -0.5942327339058148 -22.32996080771085 -24.55854991173623 -13.48861505484252 -12.02901705535264 -28.43278577039191 -15.79353302270151 0 -7.198471238427031 -8.058174632582656 -38.81091061045144 -14.01153700613183 -5.870048281079312 -26.41873176560312 -16.0155578634754 0 -3.465907886363576 -26.21150898372694 -7.430905217102034 -18.24720408926667 -11.59117420667157 -4.554134982557097 -15.12578800003559 0 -5.614103212655806 -28.24374255490561 -23.17630297486948 0 0 -8.605269219126372 -12.44941125984535 0 -6.19605511785829 -4.296214308086172 -12.09603417803902 -10.98624515511364 -2.47016909914151 -16.30208434924915 -5.169012101849351 0 -6.058337404810995 -8.922172941169823 0 -4.998430524341925 -1.237415784921541 -6.352802381358932 -8.862134530680514 0 0 -2.444038201354596 -12.57771361221574 0 -5.671771679942838 -5.167914730174372 0 0 0 -3.723318957990493 -4.788560304629428 -3.541002711461849 0 -4.634383309747772 0 0 -0.6333603418567104 -5.173327013300724 0 0 -1.278666463855517 0 -3.229044407947435 0 -1.887237055397263 -1.116495020492014 -3.267102698613231 0 0 0 0 0 -0.845040756191762 0 0 -0.9234936808346467 0 -2.984346812839699 0 0 0 -0.6931848067196558 0 0 0 0 0 0 0 0 -1.226382788398163 0 -0.6460532379684087 0 0 0 0 0 0 0 0 0 0 0 0 -0.5191111634095091 0 0 0 0 0 0 0 0 0 0 0 0 0 0 -0.07024423526737747, -0.2155407209643592 -1.823165382248229 -4.265859772172911 -3.031804672043966 -2.667613167222276 -10.06269720300952 -9.240865100528758 0 -3.915794780732079 -9.509163700970264 -9.361881544608575 -7.529438312301104 -1.209345310441772 -4.420429296645623 -6.3813843610377 0 -2.496529911479616 -7.93117252672313 -5.152747644129811 0.8945485473583235 -1.842735553786888 -1.90393234543632 1.495774981807592 0 0.6765500286524699 0.7046941222924925 -1.269630582617989 -4.212689709726687 0 1.056323160242371 -2.010768738679064 0 2.266368455269518 2.520365015122248 1.338951090801428 2.963759917009721 -2.081647282306196 -6.123659297558928 -7.676161846550928 0 -2.270071618778836 -5.59058725825525 3.925149521265452 -4.752309174157006 -3.712428086902592 -4.349209362469294 -1.906513470233024 0 -2.463751355348924 -11.99684797653035 -18.97928837389785 -4.386531025980553 1.985778334632412 -3.96258584306583 -21.37133878019702 0 -10.91348892124575 -16.24257719172503 -1.213883920630171 -14.98786002176893 0 -18.37029125509494 -16.36233364702201 0 -0.9476212780854026 -12.32632678732934 -17.88555914925455 -12.60529961984325 -13.90019154158439 -21.22940818208489 -17.9327233239878 0 -2.971313742456782 -0.8161399612922695 -29.61165555846929 -5.405401438564279 -3.515599562146865 -30.46519585082473 -11.28758063197565 0 -0.3693393289175784 -24.17191099711524 -7.048808346979543 -19.63018006570792 -9.11417018468131 0.9208236158421355 -9.592947926120148 0 -7.990864799887316 -20.24201479441065 -23.45737380960634 0 0 -6.141240655789487 -11.25909371520266 0 -7.472590191844072 -6.93544524724749 -10.12874331248781 -9.164464084905154 0.2171855277607013 -13.26301846956118 -1.726128563697167 0 -3.04989938875678 -11.22747314495726 0 -2.753547069803559 -1.660164706501795 -5.261820756513509 -10.48237571140825 0 0 -0.1067625603525544 -7.731336935546416 0 -5.785327954230098 -1.408139624346047 0 0 0 -3.069769596276931 -1.801794148407376 -2.004480070850343 0 -4.591648947950402 0 0 -0.08386140804296205 -1.609631286550946 0 0 -0.2515278738590951 0 -0.6445615114408647 0 -1.111852450524869 -0.160064158603593 -0.6702761114264884 0 0 0 0 0 0.06170679257843359 0 0 0.4191898900154533 0 0.4964404806606826 0 0 0 0.2412793720939745 0 0 0 0 0 0 0 0 1.134062869280852 0 0.4470984039322983 0 0 0 0 0 0 0 0 0 0 0 0 0.8125685049715206 0 0 0 0 0 0 0 0 0 0 0 0 0 0 0.1719193520647351, -1.965770365322067 -10.86843295246038 -19.86974304542161 -12.0206208514098 -8.378483934983327 -29.84117437094397 -26.42042784617109 0 -10.23680207427448 -23.00566214486469 -17.69372387650835 -14.795883371309 -3.67201026420456 -9.670726061908439 -15.74555116834258 0 -2.720423097944688 -11.7999740032691 -6.465264667002532 -0.8307919991537807 -1.728879978618274 -1.597223598708231 0.04868657727993897 0 0.9425131970089717 2.479583405492109 3.495268058002986 -1.481080877311639 0 5.120856200485418 4.168567461091204 0 3.254418605365028 7.116668653893496 4.47033348640739 8.920812251321596 -0.2915222844392917 -2.284707101247095 1.265453186560328 0 2.180100394613902 6.39100126135396 9.327524534497261 -3.338478340907627 1.015617382209021 3.955206828038475 7.387670001113946 0 -2.84233873671231 -2.735976874375631 -13.24413321261702 2.384991280472399 6.185202850390422 8.936012079640662 -5.970102378927336 0 -4.55564925526384 -11.5378763045873 4.57891106328923 -3.276564907121369 0 -11.65970284491837 1.192995425508069 0 -0.6254708955752492 -0.7922459465165819 -7.117292770122704 -7.881200207911747 -11.37104315971394 -6.647898849635368 -16.35125276750527 0 1.550028673986023 4.932299819224603 -12.94083773398036 1.542272698065601 -1.381578997639709 -25.70464422628645 -4.839626194638152 0 2.572122190784065 -15.70348490735473 -4.375239473902647 -15.46923484894482 -4.001069507679476 3.593417899640354 -5.499340686118976 0 -7.8949109339618 -8.938740154433166 -17.5160365467942 0 0 -2.437474592637675 -6.659112876792777 0 -6.343307702014942 -7.308147767628057 -6.517028511457944 -6.614083322032255 1.573611681615138 -7.089822960882887 1.086646162635092 0 -0.07121414979803564 -9.611838860841971 0 0.5540306692669927 -1.577650884325553 -2.380155815998785 -7.998018456544958 0 0 0.6714177474736807 -1.886102487833951 0 -3.331070922863018 1.592857143139435 0 0 0 -1.665191658741144 2.054274167108093 0.6196239920469493 0 -2.56713139799904 0 0 0.06178839287119697 2.807748851848555 0 0 0.5325499536278573 0 1.311456806930385 0 -0.1236630905320379 0.9379389767195947 2.62014523274817 0 0 0 0 0 1.242102398834228 0 0 0.9376702931174501 0 2.750697680754211 0 0 0 1.215937783992428 0 0 0 0 0 0 0 0 1.854945658290973 0 1.054407545440857 0 0 0 0 0 0 0 0 0 0 0 0 1.100287954395239 0 0 0 0 0 0 0 0 0 0 0 0 0 0 0.1995151963711575, -1.867332651514252 -10.39888582629708 -19.19318441504464 -11.7502863864498 -8.123287592211351 -29.43670360836481 -26.59280517459077 0 -10.61067367088814 -23.99760275147569 -17.45077312383428 -15.14904526715295 -4.355467221147138 -10.78120315561678 -18.68510657293253 0 -2.207384859096302 -12.50074167141544 -6.547972369758485 -2.700198146802995 -1.818885271579165 -2.199330922521405 -1.88467532806498 0 0.2931380809700368 2.360066561237088 4.776835887503424 0.8242117386419494 0 5.740892170490216 8.012155122638111 0 2.763694994930586 8.326963161514449 5.007263736875703 11.0898211884907 1.057549192589624 2.859742501878233 9.662899154586174 0 6.491233647853408 16.00858970504684 10.53856104837482 -1.386131617195167 5.897577721850271 10.09367761005849 14.8791170689027 0 -2.676091484003021 8.30421402928787 -3.020354243644501 9.928203993668014 8.284791360984254 20.61951574929011 13.99091184733608 0 2.786904053033619 -3.016723451240687 10.11930048148956 10.7351459767767 0 -2.822836254700665 19.11760650368614 0 0.2934118342370463 12.17931165530265 6.839223820890945 -0.4518330617973101 -5.003259181403727 12.71092510603485 -10.97517105038343 0 6.163591589727406 9.474183007833506 8.665984910357233 7.334167181391466 0.8601927944434546 -14.14069280727652 2.972942946480079 0 5.068563790835034 -2.80699657373791 -0.126286909004111 -7.166575965499666 2.770264727964764 4.442478364786927 -2.273974028037032 0 -6.345837921778654 4.626969687427122 -7.782106105117032 0 0 2.084975814108868 -0.4758100352086307 0 -3.494831115849482 -7.186146637720229 -1.708893035240361 -4.388821415181885 2.05357503029481 -0.8729840949003687 3.168348091576937 0 2.728436942262538 -5.736679679120773 0 3.565304444132341 -1.852073613722473 1.094702295086024 -6.730418308381804 0 0 0.4833615952694363 2.052832485220219 0 -0.540401331535834 3.621279797628606 0 0 0 -2.770187670480642 5.193093343679026 0.9882560724906684 0 -1.595474480914949 0 0 -0.04279051490271368 5.423579823020333 0 0 0.99822883771112 0 -0.9752599746314572 0 -0.6839390291569161 1.730210579976241 2.988675972547786 0 0 0 0 0 1.912817303464823 0 0 -0.5478458054834059 0 0.05413964851447073 0 0 0 1.271113880734784 0 0 0 0 0 0 0 0 -0.7906584964276491 0 0.2349169411775973 0 0 0 0 0 0 0 0 0 0 0 0 -0.4762154044566843 0 0 0 0 0 0 0 0 0 0 0 0 0 0 -0.1130759530634388, -1.374439119623592 -7.87171264880614 -14.93777810614302 -9.402806042488463 -6.537985772982684 -24.41180297480888 -22.73575362175701 0 -9.51377791417503 -21.83152934504888 -15.32621259014239 -13.88458397852932 -4.449133864337529 -10.8318060551195 -19.6819324954277 0 -1.704306301072842 -12.6245675874084 -6.822397289280909 -4.380489745474372 -2.366591450307328 -3.604711695932132 -3.418854540286528 0 -0.6027109299526847 1.249138541021132 3.868070469318196 2.1858039850069 0 4.948428781374238 9.479649178307653 0 1.791383820561023 7.886161504159665 4.689743974033219 11.05940027426193 2.207143949634737 7.127354492419503 15.90543378622503 0 9.51190178020566 22.65658741110574 10.05931544585956 0.6721565915570631 9.582566892653379 14.41409244055175 19.72735571436133 0 -2.116758298946269 17.6105812103082 7.819176901939564 16.41419132898865 9.181775161021783 29.40714248873657 31.68230836151073 0 9.296844587724163 5.537529654176973 14.24967406675194 22.84027704636635 0 5.854456488328242 34.02928955140038 0 1.280923334604379 23.81639611969809 19.6686295275392 6.451709150912736 1.706501000968949 29.95605923898756 -4.824321504901055 0 10.12179460267116 13.13563981615784 28.09788300509123 12.31454510517383 3.038879213265945 -2.430833069027801 10.1669196835148 0 6.920462302762835 9.135259714263665 3.816025711358252 0.9687365034336022 8.815775789370413 5.17338131466183 0.892247402273477 0 -4.922578351528103 17.00520458766491 1.072179641804359 0 0 6.174415083528466 4.602312144246079 0 -0.6837202866960657 -7.690953172753062 2.885730222110287 -2.799285509271497 2.484168186431412 3.203423772534173 4.766383608232355 0 5.11495733362096 -2.310715759575579 0 5.386264060354212 -2.618156639523906 3.748900967398185 -8.642624027865953 0 0 0.4230537455734537 3.567166745713045 0 0.8840720172130359 5.042931808064518 0 0 0 -6.206105790961428 6.847975727703472 -1.18945629716382 0 -2.634113792485013 0 0 -0.1029925684191801 5.712373288761493 0 0 1.282808932618709 0 -6.256869347429147 0 -2.592153136571201 2.076438639289132 0.4062456256693046 0 0 0 0 0 1.893230895981867 0 0 -3.131688181906755 0 -5.910122249146799 0 0 0 0.4906833120620817 0 0 0 0 0 0 0 0 -5.140164912998897 0 -1.458727346735964 0 0 0 0 0 0 0 0 0 0 0 0 -2.91536694961997 0 0 0 0 0 0 0 0 0 0 0 0 0 0 -0.567898257780909


GFLOW: 1.900000000000001 0.008761020198561148 0.008888893049817458 0.009777100632963505 0.00989700736870924 2.998400974922343 2.998380695455875 2.993888982808532 2.99380574714701 0.004985091600788853 0.005843359645212196 0.0004131457424742909 0.001032723119128751
q-corrs 26.33286609809183 135.5813915420863 232.5976607342578 132.9580973704733 85.17403146557081 291.6063509196835 249.4901050495372 0 90.41750403097927 192.2214630706977 128.3972651832081 108.8269525619157 31.47633693754551 76.20182196318446 128.7167666254731 0 10.06482988856147 69.76489937388155 39.15957025276026 21.77401477580155 14.39582974709067 22.02339817981423 11.13838046305401 0 3.091218255222916 -3.546260620197523 -10.56297974293075 -4.431132210701845 0 -18.26610910195821 -17.47433088763638 0 -7.132918660333501 -22.88635720649132 -20.46232638790287 -26.51799198974876 -11.52385523245448 -6.84517919639659 -30.40017139903374 0 -10.60761112904786 -46.8245247475174 -32.46470722028262 -9.059133142885802 -11.41498088366318 -38.91925173923255 -27.95601077635651 0 -1.602383035772913 -23.79887565062625 -25.98221466260842 -20.73413075530803 -17.46990084430937 -39.08608181389575 -37.39499801402005 0 -23.67828939493304 -12.8068431345317 -12.80918875160186 -30.55103496787127 0 -31.42927232223073 -54.24176025856482 0 0.3830103940388767 -38.25308631871842 -30.49795408635439 -8.814553999088069 -4.797521189632269 -28.88134999624071 -9.757141832319414 0 -12.98313212888164 -21.23737397232815 -40.96120527646777 -29.07645108620151 -10.56578733097425 -8.5688957970434 -21.1348731946989 0 -7.787808873015956 -20.26127730566907 -4.287544641418505 -9.169887544645951 -10.83091406318488 -16.1789620240856 -24.69851458407034 0 1.594803444245802 -35.08059211907712 -13.02209435157827 0 0 -10.36896246191109 -9.304847047907447 0 -0.8335798927176147 4.791646920850906 -12.30301909736348 -10.51118016730442 -7.928356005426405 -13.1480202232734 -10.78824655716262 0 -10.40695504257621 0.6252303659054106 0 -5.855657574135529 1.441904875786919 -4.978060685922272 6.207096248650136 0 0 -7.597837603166104 -13.80265616704025 0 -0.02690938000114507 -11.08650872728494 0 0 0 1.867627326040798 -6.551951749751407 0.6680403074792807 0 2.096361701981869 0 0 -1.869962074116753 -5.754981443369529 0 0 -2.876207656381086 0 -1.191807181495311 0 0.2644490147429792 -1.852396921809603 -0.633328606707216 0 0 0 0 0 -0.8484870444634895 0 0 -1.586152191297707 0 -2.758603880199945 0 0 0 -0.510855555784109 0 0 0 0 0 0 0 0 -3.261865339281312 0 -1.101425196975856 0 0 0 0 0 0 0 0 0 0 0 0 -2.090855382755142 0 0 0 0 0 0 0 0 0 0 0 0 0 0 -0.4282910364917681, 22.37684702227458 115.1651702842021 197.4948997502557 112.8515929861114 72.22215154753673 247.1944359452775 211.4456239331193 0 76.55990212145981 162.6143828491381 108.2223070254303 91.7408997327565 26.65090299506296 64.23268917100064 108.5520528975287 0 8.226283389609016 58.0063235002748 32.25935362164082 18.31450675500458 11.63324312044801 17.69550019070287 9.36244287736748 0 2.286106612572714 -3.577896476191335 -10.57391146664387 -4.791284204816325 0 -16.82349330043059 -16.27781003171895 0 -6.162060956102263 -20.40191714871664 -18.25598291065885 -23.60638002368291 -10.46828436149997 -6.740934835782728 -28.14647011548323 0 -9.82468511642336 -42.59958589645203 -28.6259827855249 -8.555415827246977 -10.77872410639046 -35.32470047702425 -25.55322108306225 0 -1.612011879943074 -22.79322950509787 -24.82929590730417 -18.99205706803147 -15.58305741694616 -35.77095287870526 -35.99682647634447 0 -22.46232227699434 -13.18053210916971 -11.85930970427147 -29.30304066217929 0 -30.1404901528786 -51.03608284481928 0 0.2755004810465056 -35.86208494634563 -29.55547036567581 -9.388561383165875 -5.714235760915119 -28.65455165713945 -10.55754247799463 0 -12.18773972181368 -19.46400189161434 -40.60098187061113 -27.14148881703421 -9.974796866850534 -11.15722351500567 -20.50622399976498 0 -7.195927213723389 -21.20822380893982 -4.690477958989747 -10.54690576293512 -10.91896194970001 -14.74365308773893 -23.94188346479863 0 0.3783830352118089 -34.47749833437811 -14.82698638399946 0 0 -10.19827257351395 -10.14864648418858 0 -1.595165169293236 3.173450122652095 -12.50283810750691 -11.14477554074845 -7.277464104039294 -14.41538565903192 -10.27995191705433 0 -10.00642664765822 -0.8772136164183706 0 -6.063389782315458 0.9229766817743265 -5.414222286366245 3.275101206528265 0 0 -7.041196725241545 -14.53059193379934 0 -1.155541639466964 -10.58050562435232 0 0 0 0.6327486662480173 -6.681743761967839 -0.4037180894433109 0 0.7251480212448815 0 0 -1.743206602489427 -6.234407827732266 0 0 -2.744479195339737 0 -1.911890795715738 0 -0.2620783516728584 -1.856351185053297 -1.50557763104485 0 0 0 0 0 -0.9775601345983791 0 0 -1.604390847381205 0 -3.208729485008659 0 0 0 -0.6679936093298906 0 0 0 0 0 0 0 0 -3.117935508216788 0 -1.136843161827787 0 0 0 0 0 0 0 0 0 0 0 0 -1.925083813994202 0 0 0 0 0 0 0 0 0 0 0 0 0 0 -0.3837619100280685, 13.45603264923447 69.09773292265632 118.2472806041136 67.44084392683303 42.95419191206874 146.8238060947144 125.468404144134 0 45.26080060436207 95.75854639952988 62.64541363106199 53.19751669018356 15.79916739967567 37.36460211425376 63.40987097479297 0 4.078852156588514 31.84455127423745 17.03951206436444 10.88475490781738 5.70694634452753 8.594466467140034 5.73214995547102 0 0.8525391001885441 -3.131864948929456 -9.548061976100245 -5.355399445037238 0 -12.44662100105326 -12.93527575299153 0 -3.63525162805353 -13.85073854372823 -12.44812467279768 -16.03558059684543 -7.79575559885284 -6.727683211734588 -22.46540782948072 0 -7.936429479968368 -31.92631927973212 -18.76488509680967 -7.26337699313142 -9.133026759619391 -26.12215563627269 -19.3227267878825 0 -1.670779373421809 -20.23561559307047 -22.42515464908788 -14.82291175496138 -10.63656386728853 -27.26905335610725 -32.64405074859919 0 -19.2492760169407 -14.24514570392297 -9.365286886069121 -26.0298407060119 0 -26.69448092952305 -42.26211041451963 0 -0.07910951131476929 -29.64950079178823 -27.04516642145787 -10.76005531899257 -8.247480167234253 -27.92274074687989 -12.67555362502529 0 -9.974657727352437 -14.61690465897904 -39.13389307750759 -21.63063039430661 -8.321727553078055 -17.69927898156071 -18.56255669240241 0 -5.544314056454929 -23.3194469348857 -5.65625395621535 -13.94184363555179 -10.958986900209 -10.63287094188867 -21.15264604329697 0 -2.627276582413131 -32.14601834007732 -18.95278894910946 0 0 -9.544005009194194 -11.94894479614327 0 -3.522824778577875 -0.678854653630059 -12.64102057885501 -12.06762122520677 -5.369947614889427 -16.7285331053789 -8.61641775088702 0 -8.677302754561207 -4.598076845497429 0 -6.271464758436935 -0.2397088064448042 -6.294182141243866 -3.343492046506922 0 0 -5.337787156322686 -15.31995628147801 0 -3.732361132455558 -8.871564431279987 0 0 0 -1.900819848412068 -6.626002659114608 -2.544384151129746 0 -2.286918704969117 0 0 -1.345363953373007 -6.831655857001388 0 0 -2.291182351731265 0 -3.039614454254273 0 -1.277211013191784 -1.752677204245269 -3.081452920822973 0 0 0 0 0 -1.166308960089915 0 0 -1.414455336888291 0 -3.629319386973297 0 0 0 -0.8927642911461174 0 0 0 0 0 0 0 0 -2.40846154541694 0 -1.043148519018348 0 0 0 0 0 0 0 0 0 0 0 0 -1.342111104122923 0 0 0 0 0 0 0 0 0 0 0 0 0 0 -0.2463126799025477, 5.06416882341291 25.71051231117462 43.53406675296533 24.59176107478453 15.3158479221169 52.00619907204226 44.23286822380953 0 15.71414643575126 32.67413234555671 19.68835286696596 16.95048459338223 5.612870406762442 12.32093403537169 21.50119696768316 0 0.2375152924769631 8.014698230134462 3.528439549727454 4.539349735181096 0.8302140543588887 1.465359945325831 2.89544004260527 0 0.2448733293881067 -1.579374984431474 -6.164606177494187 -5.114601475672043 0 -5.992870333896888 -7.983574634924008 0 -0.5961974531981764 -5.641214270046996 -5.324625703405416 -6.613172479169682 -4.658199060323417 -6.630311003637025 -15.21793402162015 0 -5.443666571445053 -18.78090083912366 -6.983993746704109 -5.72600580794489 -6.733419338085925 -14.88823744632241 -11.11421673304294 0 -1.870653897042751 -16.42548227432097 -20.06997462435071 -9.787979773609631 -4.390480367325639 -16.1957335874474 -27.61826283635307 0 -14.88286054357548 -15.22344959309846 -5.789699573133745 -21.01247691112174 0 -22.02042392524084 -29.69106386567865 0 -0.5598629383192312 -21.28517073273062 -22.95166049716553 -11.73261884060705 -11.17523618509955 -25.36852386329932 -15.10820579157952 0 -6.722649312638002 -8.037454380958053 -34.97953080994789 -13.81329048493541 -6.021135931062126 -24.51979442710434 -15.20969291944628 0 -3.144629884345389 -24.35479913109259 -6.400270339974282 -17.16651109652212 -10.21835967321932 -5.01816364001118 -16.15275643597739 0 -5.775544489716022 -27.1080495918556 -22.14287628461398 0 0 -8.090860522972648 -12.81664900188519 0 -5.560261911119611 -4.450691111259791 -11.82243684993669 -11.58114904751866 -2.689522035503225 -16.94894239112741 -5.807564004683807 0 -6.352930342693168 -8.378089882018648 0 -5.524213767094567 -1.192912586470821 -6.53397224296138 -8.681445938376148 0 0 -2.878079424951481 -13.56988481321728 0 -5.733772757049817 -5.890875670907771 0 0 0 -3.265553232847996 -5.39438783333857 -3.404975278435435 0 -4.421397995528717 0 0 -0.7595423283550398 -5.786590021215201 0 0 -1.487295696630451 0 -2.519739849931146 0 -1.597950742915317 -1.295312979639066 -3.112548590524861 0 0 0 0 0 -0.961400379030464 0 0 -0.58356369263542 0 -2.214741970745458 0 0 0 -0.6628843808263778 0 0 0 0 0 0 0 0 -0.6895113613097074 0 -0.4477585209746728 0 0 0 0 0 0 0 0 0 0 0 0 -0.2404979834942137 0 0 0 0 0 0 0 0 0 0 0 0 0 0 -0.02221563070351668, 0.1846283034448746 0.4338339320984821 -0.07865295992334076 -0.472479114693432 -0.8510568880851854 -3.570601108909456 -3.492508949266853 0 -1.673010310225185 -4.457649243678558 -5.329505582567727 -4.190776753336392 -0.446927832791387 -2.232128971796151 -2.938306454749354 0 -1.805547247466666 -5.174610065613215 -3.445583283198148 1.073989205280882 -1.245819854061607 -1.27534193311094 1.285104331582694 0 0.4536321984736884 0.5091399945359338 -1.362122857400663 -3.624387327358981 0 0.06940709864864658 -2.247713288151918 0 1.717871941515379 1.360995146593187 0.3583883720810803 1.652245263134902 -2.094918117215243 -5.176114523723261 -7.376727901017137 0 -2.181467305689383 -6.129255305017267 2.424571935029825 -4.367145328809373 -3.425200914124674 -4.844386159185619 -2.349079863259571 0 -2.228375506376866 -10.62028596224475 -16.97509331216893 -4.169562654260018 1.215755764855535 -4.274258981332094 -18.85697504875561 0 -9.827916574275541 -14.27289898640168 -1.254828512699089 -13.45083826759381 0 -16.67107195264217 -14.92066640830765 0 -0.7713173848817965 -11.60641505649982 -16.23365164115337 -10.58560593211037 -12.17720685104664 -18.18533376523759 -16.12798360673779 0 -2.847465613149924 -1.490429410385901 -25.78413684259012 -5.863996029224103 -3.649683772216011 -26.80404890053145 -10.43512072577591 0 -0.4282308790767799 -21.46027347378849 -5.853824043857078 -17.40624222409927 -7.738883703516742 -0.1455545658506732 -10.49857782049396 0 -7.384225274349918 -18.9690079372317 -21.14681726089557 0 0 -5.60869516761063 -10.97265344339503 0 -6.359247583026038 -6.292159704276091 -9.540169588974917 -9.303665690056791 -0.3015760816455286 -13.28883366244264 -2.541700355277811 0 -3.43331034933517 -9.808125249694463 0 -3.263742832654335 -1.42479965426262 -5.190659909235791 -9.293843168236251 0 0 -0.7790463949180451 -8.632710327918629 0 -5.424866128334074 -2.369736614076654 0 0 0 -2.365330277915846 -2.531785247461098 -1.811263111491265 0 -4.014145853143694 0 0 -0.2635623528153682 -2.420939593955315 0 0 -0.5372042702572206 0 -0.03411403103191502 0 -0.7775050043482294 -0.4113942725885298 -0.6620946656112539 0 0 0 0 0 -0.1377438747630739 0 0 0.6503454211384161 0 1.001838335943341 0 0 0 0.1775339750835259 0 0 0 0 0 0 0 0 1.449461860930257 0 0.5371987783900176 0 0 0 0 0 0 0 0 0 0 0 0 0.9565192795719466 0 0 0 0 0 0 0 0 0 0 0 0 0 0 0.1948124152070773, -1.507396736698092 -8.370707605082046 -15.36559869897623 -9.331006340070347 -6.533370166070666 -23.35133210616394 -20.74432221634805 0 -8.100092662080394 -18.27161803131483 -14.12701226967984 -11.8683737524471 -2.953637278448532 -7.846493423680604 -12.87124430336146 0 -2.214111429018677 -9.810848661163899 -5.474211789034428 -0.8461627059178172 -1.601357347092159 -1.755714862819604 -0.1673735777702956 0 0.4963808847039637 1.826999032403395 2.353464177363149 -1.408192683794871 0 3.478603598779332 2.95841940770946 0 2.58952984330525 5.371090146132274 3.167673826380359 6.861463308519384 -0.3833677936583748 -1.626802948711823 0.6513570503990262 0 1.820293823020414 4.747691744371092 7.364637887777642 -3.055596155817774 0.7405393379124425 2.726950482122088 5.881340447570906 0 -2.49790661450882 -2.313444313740153 -11.07420545602049 2.341762618191235 4.998161041754164 7.501433004746234 -4.687962331710446 0 -4.021617291736884 -9.820418267922795 3.912848397612635 -2.805674133578921 0 -10.25607205418948 0.976558081272362 0 -0.4020644500314071 -0.6496644131701785 -6.071109078583433 -6.380097528839156 -9.536635839621947 -4.929039800543198 -14.17812301132397 0 1.322042368849451 3.902993035938568 -10.56521130847546 0.7597491497063622 -1.455488345336246 -21.89721498002283 -4.296886542113618 0 2.176741989561571 -13.37500408590724 -3.473728417992016 -13.19169719570496 -3.150761857190108 2.530847755681713 -5.858307680868103 0 -6.972601782276582 -8.106616402128369 -15.12668191960909 0 0 -2.124403904823741 -6.307584560005395 0 -5.237876171760274 -6.336158896599247 -5.867959966043387 -6.344866655012813 1.059369551539941 -7.024539060498753 0.3196825368337253 0 -0.473127305307292 -8.101026012370518 0 -0.07765067991582297 -1.299584524531258 -2.363103137951398 -6.817925164898446 0 0 0.1534232371407791 -2.774397589668113 0 -3.064090884184907 0.6674837855971276 0 0 0 -1.125391662964488 1.113437782046215 0.4806895021083224 0 -2.154390280037643 0 0 -0.06561901522744817 1.666750922821495 0 0 0.2556103364419053 0 1.554043649572373 0 0.05934409220924319 0.611377635566171 2.143801184771871 0 0 0 0 0 0.903134251447739 0 0 1.036066395608285 0 2.794689252318864 0 0 0 0.9946106427762471 0 0 0 0 0 0 0 0 1.963710809008915 0 1.011243185813149 0 0 0 0 0 0 0 0 0 0 0 0 1.146079930352679 0 0 0 0 0 0 0 0 0 0 0 0 0 0 0.2086198703558339, -1.558913918792852 -8.672049131439135 -15.99658477696501 -9.790797409908537 -6.767988681018283 -24.5450579509842 -22.19114434407692 0 -8.889101878847452 -20.11345617475645 -14.65173724668799 -12.76655491230718 -3.676625604060002 -9.199529616770388 -16.00770955156059 0 -1.857843870982796 -10.79232754808802 -5.798393489765765 -2.533870199323324 -1.776582880880493 -2.39821344001652 -1.838422030032405 0 -0.06997378071423066 1.733607439107812 3.506293238026995 0.6085650490095551 0 4.087461968813863 6.38736509672371 0 2.203463181216385 6.489957007229721 3.686485660323047 8.867021733872219 0.8251988214865231 3.030457033863828 8.062827650110226 0 5.740429566770105 13.41240773730411 8.587587838171014 -1.459749440688484 5.008371060800246 8.18209228154465 12.57382974770148 0 -2.379932983335634 7.277860580204971 -1.926802626948771 9.328707367911493 6.98792027757621 18.13179623439475 12.95943971678326 0 2.337806881812854 -2.396727136704421 8.907559120717732 9.587894172325242 0 -2.498232709586593 16.8383234419944 0 0.4498014580600814 11.19702030816146 6.5136953863574 -0.06721168007695089 -3.870651551964886 12.09178926923052 -9.382129475819228 0 5.523764319159098 8.237137957887185 8.411793480661514 6.27376057016163 0.7197847629738807 -11.69720630744763 2.770756292543436 0 4.424652418414977 -1.923680785815058 0.1459036634635538 -5.818891061430859 2.723079260455764 3.674259114212977 -2.162963670552701 0 -5.489163120869198 4.33277347253733 -6.310915020276392 0 0 1.953074403261968 -0.5164449718078341 0 -2.782871751097828 -6.147057833954969 -1.32729177855319 -3.829570316674798 1.694952804569467 -0.9960537605209296 2.551530063763978 0 2.289638308991989 -4.687518014936552 0 2.813228707222507 -1.550023277590164 0.8741545650780327 -5.747701112872577 0 0 0.3074702114489076 1.338769739833375 0 -0.5515282521508262 2.89589889877031 0 0 0 -2.24637851979796 4.133261358782432 0.7030414764217547 0 -1.372352503265316 0 0 -0.06647023880873759 4.191275213975838 0 0 0.7892070348219853 0 -0.7054256246535546 0 -0.5333606323882407 1.378455125840531 2.332006194041145 0 0 0 0 0 1.505976517105742 0 0 -0.3802684051248298 0 0.1402634466737291 0 0 0 1.00297795069667 0 0 0 0 0 0 0 0 -0.5381696617563452 0 0.2135721460882241 0 0 0 0 0 0 0 0 0 0 0 0 -0.3310811049600692 0 0 0 0 0 0 0 0 0 0 0 0 0 0 -0.08160537188580085, -1.193773489265366 -6.791889285060398 -12.82083817914807 -8.035571587285485 -5.574358376417118 -20.76642850542862 -19.30051595877867 0 -8.080086037082625 -18.5173106455422 -13.03057796462525 -11.8221452746734 -3.778517129584755 -9.308553770478911 -16.93311423896744 0 -1.444051885257888 -10.92693148215806 -6.028299710646269 -3.964992555651454 -2.21221173546903 -3.533617511325534 -3.175875288970985 0 -0.8312436186001233 0.8367253123089715 2.843836202538399 1.835184837472126 0 3.397942927870597 7.830382656761785 0 1.38585229838075 6.126372073811257 3.351173596004294 8.948487127593975 1.737245367254077 6.858404521435131 13.4536251966753 0 8.519957986180195 19.27230835892287 8.210457840789889 0.1335273143681257 8.219635041915026 11.85804572348532 16.94397461042914 0 -1.971712294121613 15.22554593556712 7.25105240403544 15.11958266020721 7.881680029613305 26.02351985937127 28.26659969981823 0 7.800357673626801 4.855537590676416 12.65096591439501 20.12091502611963 0 4.769126779155579 29.70733699496229 0 1.322629613299865 21.43107548394777 17.7487160086037 5.715064115990307 1.899905528855844 26.99637470012408 -4.176327973414796 0 9.017921462394764 11.5947765218638 25.11427598332561 10.75834899467494 2.673961202310123 -1.682170721776314 9.034187869331891 0 6.089585877171572 8.404484189907752 3.459602288454873 1.17668993521886 7.883876870034388 4.490038903214609 0.9450166624079714 0 -4.207547621810769 15.23916689807528 1.418433164252404 0 0 5.525829856486149 4.113251123052407 0 -0.4123607762576917 -6.570595953624689 2.782227075763755 -2.179114732012953 2.172928106866642 2.875922678663299 4.187029757459719 0 4.530782823570719 -1.742015770022997 0 4.598898374403878 -2.236786192125623 3.311286644548352 -7.449170483503278 0 0 0.4271037702997351 3.086573440142982 0 0.7568411109696702 4.421027947892974 0 0 0 -5.366238894134529 5.807162580862197 -1.22561831040328 0 -2.310681060146638 0 0 -0.06754256774460821 4.673267509243904 0 0 1.120799772103545 0 -5.507669270687212 0 -2.270894163338962 1.747280032747835 0.04752353496436168 0 0 0 0 0 1.528125577210814 0 0 -2.734485847959834 0 -5.277921526145937 0 0 0 0.3152420838210502 0 0 0 0 0 0 0 0 -4.497369638882668 0 -1.32204813675928 0 0 0 0 0 0 0 0 0 0 0 0 -2.549069579392754 0 0 0 0 0 0 0 0 0 0 0 0 0 0 -0.4948465390539641


GFLOW: 2 0.008063637566648796 0.008187773150508839 0.008955378844696856 0.009072081704598983 2.998534783840969 2.998515060736832 2.994387830895298 2.994306953754036 0.004217745809119913 0.005355027773969886 -1.89617462548382e-05 0.0009145916769552508
q-corrs 22.2323287539116 115.3088465769885 199.2770640334076 114.7547922995254 74.09796266180581 255.6068904985591 220.3541762641017 0 81.17700824799822 174.0734962163884 117.6924885976699 100.6276980446593 29.21012639000149 71.96789684651552 122.6767510435021 0 10.1525705403548 70.11635084456306 40.87128314306352 22.74411445118354 16.42716243371615 26.08875686914205 12.35505644736261 0 5.053195775674002 -0.03460872044524121 -2.663017711025604 -1.124700116865731 0 -11.88782843190226 -12.26391502967649 0 -5.73955409438614 -18.4189980824556 -16.70848882172035 -21.90094275939509 -9.63272573019788 -5.264183993526959 -25.66348533777995 0 -8.850907238389379 -40.43322758254949 -28.39348045516209 -8.20509031857803 -9.987404124785215 -34.58144004709909 -24.55638709158629 0 -1.576139547312362 -21.55698143295791 -24.26457653894384 -18.77499439988819 -15.54830765255125 -35.12722943854594 -34.37918710390207 0 -21.94353329340093 -12.29827118097273 -11.41552837353518 -28.12012995525307 0 -29.77323007481423 -49.86510143252026 0 0.2610917796219581 -35.82925523457299 -28.88945940391948 -8.515557599628487 -5.395409340002612 -27.16595858567016 -10.59935514448497 0 -12.00358479106579 -19.66703002676829 -39.00809476482162 -27.45465105738106 -10.33207322586779 -10.44496818000013 -20.56378576291446 0 -7.01319777343138 -20.72336687684325 -4.183684046723768 -10.49640445800715 -10.30459534710414 -15.23975645924684 -25.21481208989054 0 0.1031617852691067 -34.71140891711476 -14.97629957053857 0 0 -10.17046733232046 -10.7791902945074 0 -1.412986749669557 2.852644931116014 -12.77684862516626 -11.99661427729518 -7.510374904367128 -15.38612306726227 -10.84096038263936 0 -10.42022130282965 -0.8897715862337434 0 -6.458760093542859 0.8359097599357128 -5.718507156850775 2.850504804404402 0 0 -7.39959708862833 -15.5313574657606 0 -1.370197263966216 -11.15331231974947 0 0 0 0.4914569942247504 -7.06609168797308 -0.5411476198740188 0 0.5775065963049004 0 0 -1.841831884382687 -6.634117143102565 0 0 -2.891873987587418 0 -1.990771820949457 0 -0.3047310453026817 -1.948654189342297 -1.59970592008278 0 0 0 0 0 -1.022835027186319 0 0 -1.636061574159982 0 -3.268028251918039 0 0 0 -0.6837817092117143 0 0 0 0 0 0 0 0 -3.178258247931613 0 -1.151815415567152 0 0 0 0 0 0 0 0 0 0 0 0 -1.96743250482218 0 0 0 0 0 0 0 0 0 0 0 0 0 0 -0.3938382739110278, 19.0468101688514 98.75731228879516 170.6261194652727 98.23264410736095 63.37961217934723 218.6015547947022 188.4360380341906 0 69.3801766978451 148.6806842460021 100.2293847845626 85.72099593604906 24.97646778549738 61.32777378416678 104.5959240802396 0 8.456415297601154 59.17062852571424 34.28862015874165 19.38376082307379 13.63864348317458 21.60589991361838 10.52658884552563 0 4.070020338373149 -0.4559043322503231 -3.535438201958511 -1.796967684556923 0 -11.25771403721017 -11.68587270235523 0 -4.993967106093261 -16.57789873093087 -15.06113605857735 -19.66390103131349 -8.852182690160289 -5.337886816784658 -24.00893147548582 0 -8.300067934411654 -37.11388176385597 -25.21476419813118 -7.790920814184839 -9.485091359298874 -31.60447055586146 -22.57829820824606 0 -1.591848007230398 -20.70792814041983 -23.38697486474526 -17.36906230600034 -13.94590278307732 -32.34724639866473 -33.22520606617968 0 -20.8530847892395 -12.62862921680749 -10.61969395602446 -27.0500674106186 0 -28.59183517429048 -46.97522369705783 0 0.1586631013242779 -33.75424527197491 -28.06852135151723 -8.92528985514252 -6.191097878377409 -26.87085619415853 -11.26376608830542 0 -11.2897171339282 -18.11260999195933 -38.48760879080078 -25.70995669399616 -9.800989573701447 -12.59673761745976 -19.9243536544155 0 -6.490441023303725 -21.41769034314856 -4.477616508098851 -11.58637452079808 -10.2999461185521 -13.94893709805984 -24.44574018140025 0 -0.9304586230601761 -33.99441879353746 -16.38229318225353 0 0 -9.959994101847542 -11.46024323423884 0 -2.022646800902566 1.51105175799237 -12.84793893640976 -12.42052913543364 -6.918193891628421 -16.34866115708278 -10.36807698388363 0 -10.0311529336072 -2.115902557268515 0 -6.624044331452467 0.4242399007450159 -6.062909714075535 0.4940734536504188 0 0 -6.881857361062405 -16.0211066872542 0 -2.296742574150532 -10.68039935268654 0 0 0 -0.4308644997356974 -7.165563133782616 -1.36688982880288 0 -0.5073864810745516 0 0 -1.722310435045319 -6.999722476935375 0 0 -2.769236537854715 0 -2.441481770055711 0 -0.6828099928415944 -1.950330356718386 -2.251794207216678 0 0 0 0 0 -1.128195078139061 0 0 -1.584553529305266 0 -3.48205463505229 0 0 0 -0.7950538998430983 0 0 0 0 0 0 0 0 -2.951908753626725 0 -1.138625175654905 0 0 0 0 0 0 0 0 0 0 0 0 -1.773017524873261 0 0 0 0 0 0 0 0 0 0 0 0 0 0 -0.3468320024196029, 11.76940829867135 60.92238305344372 105.1003581916418 60.43051282405038 38.84347395866644 133.8771963471636 115.3564447122862 0 42.37987899518872 90.56876955446013 60.24865637671564 51.63088646833143 15.31753321173185 37.08903494130418 63.49107920513755 0 4.577457443677425 34.39961281494784 19.48940802093065 11.97284099481532 7.490250683621717 11.84891401382208 6.620369774466951 0 2.109342445003692 -1.019761660924899 -4.709645150241879 -3.128266277175476 0 -8.938668077688458 -9.839580563550241 0 -3.026951924115969 -11.6155816155255 -10.63308461834202 -13.7442602399417 -6.814898265053972 -5.621453775187218 -19.67192118126678 0 -6.903061026152641 -28.52099059754897 -16.97671617739246 -6.694908416412165 -8.132650424442982 -23.85988376577783 -17.35680073160137 0 -1.646598642897493 -18.43046548011554 -21.35657680993685 -13.86148949707279 -9.719535754394114 -25.06319556583822 -30.20962995657568 0 -17.89969887590472 -13.44753263458565 -8.479211921259509 -24.09285855406159 0 -25.32546011930125 -38.98392804341222 0 -0.1481313036395976 -28.18431170983003 -25.69910740170879 -9.847043555159548 -8.261595852781525 -25.82577471777937 -12.88733321182208 0 -9.288752389013952 -13.84502686612467 -36.5402399900682 -20.73631634163462 -8.284163096879713 -17.83448766676669 -17.93309202887007 0 -5.029592598218793 -22.7650006090326 -5.15248046493317 -14.13191056547273 -10.09751421999084 -10.30506854975969 -21.7041273979173 0 -3.405893703429334 -31.38190811945198 -19.40118836909491 0 0 -9.205350775786865 -12.764707730356 0 -3.526734554281237 -1.614651630173728 -12.67150801970389 -12.86728727898226 -5.21630471743423 -17.89195099313896 -8.82943142747175 0 -8.752258982087668 -5.067675310097894 0 -6.711398826923544 -0.4756169916476306 -6.679495561334165 -4.677413793352622 0 0 -5.347234646680129 -16.29344796485201 0 -4.330485699888548 -9.102540697968575 0 0 0 -2.231718166229134 -7.032979227013804 -2.927295478373898 0 -2.810018981620732 0 0 -1.361598850109523 -7.3465467810965 0 0 -2.353773766451108 0 -2.97354611993307 0 -1.355793133491251 -1.844376049073688 -3.325013939446822 0 0 0 0 0 -1.262534169146776 0 0 -1.250274022562054 0 -3.396785925370874 0 0 0 -0.9205434686650487 0 0 0 0 0 0 0 0 -2.080485907063889 0 -0.9457948856204286 0 0 0 0 0 0 0 0 0 0 0 0 -1.139007621955931 0 0 0 0 0 0 0 0 0 0 0 0 0 0 -0.2061555253434258, 4.742061924396079 24.34624723425898 41.69182142495353 23.81852434438179 15.06223346234501 51.72231882049122 44.47160895651074 0 16.20326903160821 34.24309330003265 21.53630958105197 18.67593973865514 5.989055587279703 13.81669539356041 24.13762627211966 0 0.8765048809973069 11.03277774286101 5.795219811216709 5.283919247789626 2.083072079302115 3.516162472715771 3.27362656829322 0 0.7856555712477431 -0.668455105267783 -3.899255778112225 -3.757985444088936 0 -4.812588905722603 -6.556114710413189 0 -0.602490760625886 -5.157301518073347 -4.995215780993796 -6.145965446603341 -4.278943141320918 -5.669705543709675 -13.73996876206693 0 -4.875180430694557 -17.46822961417557 -6.959643067165211 -5.309895572320668 -6.052446384313914 -14.13203770870156 -10.29698128006451 0 -1.785506951141009 -14.84655733656289 -18.8555984815538 -9.315201664764725 -4.325198010434078 -15.27848825580291 -25.2536515736933 0 -13.76254705142053 -13.93775801451813 -5.327482438576722 -19.32778362895052 0 -20.68736521112416 -27.42232165839441 0 -0.5207738022995434 -20.35532376777454 -21.56426117281088 -10.30726127889688 -10.40670006263686 -22.85526291894165 -14.45921658568229 0 -6.323957285432018 -7.99685402610635 -31.87736395623748 -13.63498547333074 -6.10074434283066 -22.84655978458733 -14.52145396547112 0 -2.909497678081994 -22.78737460293831 -5.574857846717579 -16.20191547592712 -9.127220545082366 -5.370533363447207 -16.82875998767466 0 -5.828181997518501 -26.0940820504575 -21.20233375223124 0 0 -7.664627708452 -12.96580163318203 0 -5.028329197739846 -4.519751605327539 -11.51733160845221 -11.91898786208615 -2.855912096771249 -17.29701235873564 -6.229043729377706 0 -6.530372442426284 -7.878881171808022 0 -5.851665400828979 -1.158556705465188 -6.601446897984012 -8.494986810778226 0 0 -3.174650573264463 -14.16864880524526 0 -5.716331565004825 -6.363458846750239 0 0 0 -2.950015993571072 -5.775715304381397 -3.302441942141731 0 -4.24124421756593 0 0 -0.8429183398823161 -6.172278601787804 0 0 -1.622308669217728 0 -2.047185588023008 0 -1.39874349882326 -1.409456988005835 -3.001432895579377 0 0 0 0 0 -1.035675235012258 0 0 -0.3584696812038862 0 -1.703778345773634 0 0 0 -0.6426221920870234 0 0 0 0 0 0 0 0 -0.3340411237961529 0 -0.3170830940861535 0 0 0 0 0 0 0 0 0 0 0 0 -0.05597646963961617 0 0 0 0 0 0 0 0 0 0 0 0 0 0 0.009662158551022593, 0.4786229912543991 2.115435957825259 3.080316124231451 1.480643921435494 0.5522342255349135 1.496781291438126 1.041169339998437 0 0.1359751100476365 -0.3396542459530778 -2.017448129267133 -1.407715045793015 0.2062287716187641 -0.3395481251494652 0.1225624771927851 0 -1.216296780665909 -2.647541436990276 -1.837802047953023 1.369990492959152 -0.6072073336883772 -0.4448214827217551 1.259412527371124 0 0.4268590399134111 0.4989690853382376 -1.071288954279707 -2.977125810893807 0 -0.3816722139010844 -2.171301263151737 0 1.303264109325301 0.6038714373841167 -0.2724498711508403 0.76763463817593 -2.038985330038719 -4.335882313568662 -6.901152749194106 0 -2.025452239548287 -6.331994536033897 1.254862696912991 -4.007534154679435 -3.12037895423072 -5.151350166342884 -2.604757338429799 0 -2.02345004383155 -9.430975270524623 -15.28439773173691 -3.980770084224585 0.5960096781471256 -4.498202080097791 -16.76901651517854 0 -8.957567978996407 -12.61900671247766 -1.285507037475545 -12.1951247247966 0 -15.30322721875654 -13.8408500500038 0 -0.6291968313716476 -11.09318137248743 -14.89937684386858 -8.987456721852915 -10.74546186286582 -15.80892403831354 -14.63874689979438 0 -2.762116819565192 -2.055267051457408 -22.81896763645465 -6.270872833323153 -3.759115487872164 -23.77336010697572 -9.795606573018732 0 -0.5078565619111323 -19.30654426028526 -4.919010092723625 -15.60954680904914 -6.687691828790872 -0.986452968167594 -11.11887384416621 0 -6.839489589926838 -17.97519564897706 -19.27272519280148 0 0 -5.209755946509835 -10.67664215657248 0 -5.469570132925435 -5.735899971161444 -9.023979491199636 -9.304584584932201 -0.7054150616285522 -13.20636932496698 -3.132531005897657 0 -3.715383019180833 -8.651937978077058 0 -3.613758455144389 -1.243869052741096 -5.09745685653351 -8.345514770588345 0 0 -1.254521589969867 -9.193872775970938 0 -5.10259247594959 -3.056290994663944 0 0 0 -1.874526399206057 -3.045380197102698 -1.678710117806317 0 -3.568098888985061 0 0 -0.3857733248402628 -2.982686814723698 0 0 -0.7383746104426676 0 0.3401208663774173 0 -0.5534370155648451 -0.5907976719267907 -0.6799236314327306 0 0 0 0 0 -0.2823301523253747 0 0 0.7809884960034276 0 1.285156464516189 0 0 0 0.1214092847770862 0 0 0 0 0 0 0 0 1.616844235278997 0 0.5783568626714916 0 0 0 0 0 0 0 0 0 0 0 0 1.027676489027758 0 0 0 0 0 0 0 0 0 0 0 0 0 0 0.2055107629165764, -1.12891717563952 -6.300019973074413 -11.61517015678318 -7.080975475429692 -4.984991661293205 -17.87229440811229 -15.92194243106684 0 -6.257668347464124 -14.16862215253822 -11.0327167626451 -9.293523279655084 -2.306987616115497 -6.177720655334172 -10.17713756409553 0 -1.768005410654326 -7.899022385151698 -4.451831899984477 -0.7284788818221135 -1.36254268516766 -1.61781882839455 -0.2406863040558958 0 0.2466370812728553 1.389731987194301 1.649706430989733 -1.245124693956932 0 2.352389060908638 2.151678811661491 0 2.054382086481091 4.046897240971505 2.193552569514416 5.282947935082688 -0.4536172358503308 -1.103548935927697 0.2479028498331877 0 1.553217091991968 3.482029671555356 5.736070358568308 -2.793709267981843 0.552687576829773 1.733407832764988 4.693728093846961 0 -2.202748470121807 -1.971728656096708 -9.379207210167392 2.190710649214309 4.010067167113454 6.242711029146732 -3.750829722641191 0 -3.636652679390974 -8.401613902555455 3.343013417458327 -2.478944064761542 0 -9.165963670320812 0.6077223240538414 0 -0.2378172912664307 -0.7249821258747406 -5.308190532569919 -5.217653298279155 -8.051926744964783 -3.727823877829763 -12.41900421725522 0 1.088345267447853 3.006842485798872 -8.852709333288576 0.05091936409744413 -1.548176675934917 -18.79802450885973 -3.960860759177353 0 1.820120362313908 -11.59200479364855 -2.787232270591983 -11.40521944048406 -2.545554794276135 1.674304443145354 -6.106633834897261 0 -6.194981643931353 -7.57096279716678 -13.2554982293615 0 0 -1.930400396788682 -6.034562714130875 0 -4.368505128101956 -5.533341712167547 -5.34889226713504 -6.074354455087896 0.6511267015920126 -6.951401916870661 -0.2791073013669023 0 -0.8094026922871775 -6.903055970371664 0 -0.5728397328436126 -1.086921097442473 -2.355947203699815 -5.904684026397962 0 0 -0.2125505218624149 -3.405195654579715 0 -2.848867547229145 -0.04130799844263811 0 0 0 -0.7605839391700564 0.3785339211837933 0.3441998259197583 0 -1.852645084626338 0 0 -0.1502059395702132 0.7987176492742298 0 0 0.04726683362841794 0 1.658715449582253 0 0.1682465611408608 0.3574829214978529 1.739849086550436 0 0 0 0 0 0.6388704890224883 0 0 1.075517317025342 0 2.741514771151029 0 0 0 0.8142542298182007 0 0 0 0 0 0 0 0 1.992008111872526 0 0.9560065072430226 0 0 0 0 0 0 0 0 0 0 0 0 1.153462060766991 0 0 0 0 0 0 0 0 0 0 0 0 0 0 0.2109603478457849, -1.284288392839971 -7.141231586235463 -13.17126683136356 -8.062361231931936 -5.575984318487893 -20.23899996085724 -18.31339614334922 0 -7.362756825055101 -16.67347106281563 -12.1701502271277 -10.63753291514908 -3.068881948250323 -7.744535867808597 -13.52750912605325 0 -1.547708757897712 -9.188268945109934 -5.027017980008121 -2.302777947024419 -1.645071001062664 -2.374503135797759 -1.73773576341985 0 -0.2908763770108886 1.275081105843351 2.579663862379046 0.4689617458164559 0 2.855791457874018 5.147460879195595 0 1.746139170809959 5.043698765661236 2.663459552954306 7.099214489263128 0.6141896187831684 3.069536097590738 6.752375410157906 0 5.084450586683419 11.24851669224002 6.944993060047571 -1.47568313037548 4.279551512182576 6.594581949446241 10.65882914589406 0 -2.112822934566287 6.380306345121252 -1.169429485424084 8.619051781147515 5.885876352858956 15.89263212956696 11.87507267732859 0 1.919569595047292 -1.89384819223183 7.837482278253173 8.521757930969111 0 -2.265995201416978 14.71652235515434 0 0.5444045880109458 10.11693150656412 6.07776239236667 0.1824310534330893 -2.984889033656609 11.28440746831462 -8.081389069736991 0 4.919096165868155 7.128437480162193 7.922425110117056 5.311261550368787 0.5594524939563246 -9.727153051029667 2.473195142048302 0 3.851657303705974 -1.347739214941555 0.3147491639068276 -4.804557350123959 2.580840970841297 3.035482285188958 -2.073649401410524 0 -4.766707768050525 3.882755243180144 -5.207681468487523 0 0 1.765935767126587 -0.6096415954452907 0 -2.234690491306806 -5.274427889698692 -1.061996448614068 -3.359900147403861 1.399993991209953 -1.119000746230961 2.026472561395427 0 1.887712589570081 -3.870160449330362 0 2.179943325621883 -1.302657099592313 0.6576756877789833 -4.938162358931725 0 0 0.1920992498428639 0.7880087163806504 0 -0.5705799372990392 2.291728038850862 0 0 0 -1.821388812954181 3.253624407000279 0.4916142686140403 0 -1.191182361677372 0 0 -0.07548175065048024 3.218076874762867 0 0 0.6188932348915537 0 -0.4711808820669203 0 -0.4091240979715134 1.089993538193744 1.830419349212546 0 0 0 0 0 1.182297546974395 0 0 -0.2338128008131314 0 0.240391484620079 0 0 0 0.7978912651865777 0 0 0 0 0 0 0 0 -0.3096045816521846 0 0.2087301949967517 0 0 0 0 0 0 0 0 0 0 0 0 -0.1974664112094308 0 0 0 0 0 0 0 0 0 0 0 0 0 0 -0.05285171721098786, -1.019166444567388 -5.771990139109707 -10.85547984159247 -6.783183438895333 -4.699829839456438 -17.48098656811206 -16.22450336170898 0 -6.799593890760575 -15.57477812984576 -10.98669966189066 -9.983483158233451 -3.18740364347589 -7.926999835501188 -14.44859508640673 0 -1.215739005791137 -9.389906497740792 -5.262558257772604 -3.54480796393 -2.016853034582824 -3.342475410263664 -2.922273265044128 0 -0.9588298103471873 0.5315612968627423 2.053582722889743 1.539659012844367 0 2.214807500345334 6.493012082762974 0 1.057333543455393 4.727370650775319 2.313208621385805 7.236346652605537 1.334292413787117 6.471957299700103 11.38324613072448 0 7.604750711211167 16.3866506564 6.657609579969265 -0.2407829105168431 7.067355958952495 9.731946476446865 14.56491536846693 0 -1.815230135952945 13.17509383956379 6.644756107149338 13.7847247779672 6.759075865027791 22.95892701297488 25.1366613980983 0 6.536352776623487 4.277700589938028 11.20667612775376 17.6976694198341 0 3.893418728234983 25.88914739980309 0 1.315004170791974 19.1648089877214 15.94884174667228 5.047972705963657 1.998251523596347 24.19796288310769 -3.626011943745593 0 8.019549290659802 10.22265762372262 22.3597361415859 9.399159287100119 2.336243651964044 -1.108205811865585 7.975890534164224 0 5.348970248866964 7.642175484945743 3.112269098092091 1.256753990089105 7.00744586260126 3.934102318630592 1.014157549223554 0 -3.598175993884686 13.57510474868961 1.60577839232007 0 0 4.910649796437664 3.62419429419836 0 -0.2227310986307626 -5.603361408691096 2.644746000530022 -1.647305176675822 1.921053047050411 2.583582548505794 3.671834143700369 0 3.996672855558428 -1.317520727314458 0 3.907629575047488 -1.902369114997474 2.896290660363607 -6.387692182502422 0 0 0.4550247216607844 2.714133283922765 0 0.6381582597473214 3.873147035193822 0 0 0 -4.588123015751713 4.907138817864097 -1.180211650733292 0 -2.004526226152047 0 0 -0.03053960439428349 3.839868038974017 0 0 0.9799313808225809 0 -4.748307782697234 0 -1.955413093171897 1.466617828390489 -0.154332011976273 0 0 0 0 0 1.234368701181103 0 0 -2.336778657778838 0 -4.586306985632464 0 0 0 0.2006046474783283 0 0 0 0 0 0 0 0 -3.845287846486619 0 -1.158266159632107 0 0 0 0 0 0 0 0 0 0 0 0 -2.177349397837228 0 0 0 0 0 0 0 0 0 0 0 0 0 0 -0.4216000057686914

Number of steps = 20
Time to complete flow = 2.757868e+01 seconds


ask_starting_lattice(0): EOF on input.
RUNNING COMPLETED
Time = 2.770598e+01 seconds
exit: Wed Oct  1 15:47:14 2025

