hwloc/linux: Ignoring PCI device with non-16bit domain.
Pass --enable-32bits-pci-domain to configure to support such devices
(warning: it would break the library ABI, don't enable unless really needed).
com_qmp: set thread-safety level to 0
Wilson/Symanzik/Zeuthen Flow application
MIMD version 7
Machine = QMP (portable), with 8 nodes
Host(0) = Precision-5820-Tower
Username = luisneubauer
start: Wed Oct  1 15:52:30 2025

Options selected...
Generic double precision
C_GLOBAL_INLINE
type 0 for no prompts, 1 for prompts, or 2 for proofreading
nx 16
ny 16
nz 16
nt 16
LAYOUT = Hypercubes, options = hyper_prime,
QMP with automatic hyper_prime layout
ON EACH NODE (RANK) 8 x 8 x 8 x 16
Mallocing 10.5 MBytes per node for lattice
Made lattice
Made nn gathers
Integrator = INTEGRATOR_RKMK3
Finished setup


reload_serial gauge_configs/pg_00084.lat
zeuthen
set staple to zeuthen
exp_order 8
stepsize 0.1
stoptime 2
forget 
Restored binary gauge configuration serially from file gauge_configs/pg_00084.lat
Time stamp Wed Oct  1 14:54:30 2025
Checksums 72c937e5 dfdbabed OK
Time to reload gauge configuration = 7.028818e-02
CHECK PLAQ: 1.9679322255909086e+00 1.9672134218328698e+00
CHECK NERSC LINKTR: -5.6026882992705920e-04 CKSUM: 88aeb9a
Reunitarized for double precision. Max deviation 7.29e-08 changed to 5.55e-16
Time to check unitarity = 6.165981e-03
#LABEL time Clover_t Clover_s iClover_t iClover_s Plaq_t Plaq_s Rect_t Rect_s charge icharge

GFLOW: 0 0.8801763940722439 0.8797069456683049 1.969831216499571 1.969829641021275 1.967213421772364 1.967932225275009 1.401280378552562 1.402916796032468 0.1641598293405299 0.1351217955928196 0.4021177735729079 0.3458961212132497
q-corrs 450539.3109715554 85167.93092370339 -70946.69730407912 -21571.89855358495 -17628.83184555644 -10379.81963519845 7983.249051041056 0 -10135.90116278139 9423.774158268381 20095.88136391443 -8402.678853482686 -6896.50974803719 7670.47289270586 18840.41597876697 0 -3596.438485017929 9611.742789761554 -7332.963921560308 25693.71890049945 -9644.141378828797 2392.677783395096 -13067.89751866499 0 -9334.866272056985 -22131.90165114204 17325.45455488725 31188.9292902607 0 -24218.70108892635 24165.82589098051 0 8564.911421849913 -5654.844720009717 17912.08914468702 9683.05893690724 -7699.290585296412 -7854.528590107764 -9919.065077739966 0 25757.25091291941 -2884.103759873115 -19252.09566176349 -6783.074636912595 9270.151604014474 -11118.92770859603 -32569.93188692906 0 -4324.857868510542 28193.6728429475 -8351.816147224232 -17307.19519739115 4969.007396528269 1495.499633721616 15960.2225328588 0 -6803.913838076511 -10007.02580819671 -4886.299163909336 24251.14997311158 0 20381.62148585066 -13270.35910308705 0 536.8156318749805 19807.45926383287 38948.99689647371 -21278.33899119057 3375.278476140173 21314.48062602701 -15391.61343320482 0 12477.4591792738 1239.150439955246 -20008.2252473952 11370.5951497829 1644.468693276416 -23962.0338758991 13386.62006765325 0 793.03276212035 -16522.29432487141 -515.9592141465893 -32051.00469533205 -23731.0897624986 -4167.888192031354 7210.898513634861 0 6967.31160143481 21655.01894200645 12879.90660505272 0 0 -8019.158490360656 -9321.472192858746 0 -5337.37527337641 4527.452111641825 -11782.17923766876 -20986.11763172448 -9553.998278497402 6629.708123832383 8046.25581769255 0 3264.572057149296 -35984.43797850057 0 25180.64922352944 -6198.571926454519 -4699.678122344767 -1044.239891359308 0 0 -7259.161334141834 12326.03187622239 0 -16980.92829626856 3723.184460219914 0 0 0 11800.35858121039 -16318.08744364467 -7525.468189638661 0 1802.205402759015 0 0 -5067.180374873979 -13416.28921900727 0 0 5891.235287186808 0 478.137139028805 0 4057.508515584984 3044.123350141481 6445.720443043647 0 0 0 0 0 337.9371296369411 0 0 -13109.77699470344 0 24199.0765081458 0 0 0 -7308.624323761681 0 0 0 0 0 0 0 0 -7790.310303856437 0 -6894.135405500739 0 0 0 0 0 0 0 0 0 0 0 0 -6563.720614225685 0 0 0 0 0 0 0 0 0 0 0 0 0 0 -2675.166131071739, 11548.73944452299 -30421.05773786924 -19042.07718840921 -4762.294023499054 -5337.993889631396 -14958.27439754366 -4003.580890250374 0 -1619.915550989451 -5083.996614521819 -11998.7837000459 -2682.101551914037 -3187.12937655576 7245.761743083093 -613.4162777667002 0 -3175.006352048824 -6127.081964846217 11357.12783517849 4584.300480241705 1670.189434584395 -5044.818872800415 -6432.813258274773 0 -5291.648168401744 40.4991897089235 -9217.624180024428 27073.88733627153 0 -19127.24152730864 -7946.487463572772 0 6750.044276337044 -4932.74678307629 -11383.71355007799 -6930.153957757851 -14370.60454873162 -6716.84045831526 -4721.745604602555 0 13119.28866762039 7808.797940899736 3858.183532115655 -2963.021781514278 2167.718459841976 16349.18547158014 -11289.12885761129 0 -3703.441031963036 -7828.80636270047 -25795.54742480666 -3142.539177142611 2115.808355379604 15264.08327378711 7025.628693130926 0 -9603.217907834374 -9830.589122738067 12541.32320430009 10755.06458112025 0 19935.73328283262 6087.702207213952 0 728.9276288433095 -4197.934736110446 20204.58974968663 -12521.05089962194 2515.061676607036 11999.48950293339 -9308.510891775752 0 6351.366436399503 -5390.295254789161 -33633.65010305255 10043.56367193681 -221.6582018601584 18872.26382009754 -1334.923325129681 0 -7322.517653582452 5328.194666427099 -8351.23751821533 439.9673524668478 15619.48397949129 4561.144424227738 8958.34087381405 0 -7644.171113490597 1365.178058922646 50.43081939397268 0 0 -7090.854021120875 -16405.8883466866 0 4219.265561055309 4708.161692811776 27874.43319136323 7364.933703353209 -280.4357671621419 -9620.325910353837 11731.81205573168 0 -6189.957422342306 -5080.705332962212 0 -4989.93940948726 -421.9173126995802 -938.4160008428521 -5530.679398377153 0 0 -2485.949633217773 23835.71392033565 0 -11816.54743870469 -8522.331399031315 0 0 0 -8235.536925170985 -5589.544549912989 9402.727528712647 0 3276.578799813946 0 0 652.4208982451185 -844.8389831484415 0 0 -1284.836178473941 0 3737.990905637184 0 1499.762271769874 3865.029872413614 -3826.892229740618 0 0 0 0 0 -2073.767807497501 0 0 8676.944358836461 0 1663.238878894535 0 0 0 723.2571284365197 0 0 0 0 0 0 0 0 -1651.17802752484 0 -3800.724109878654 0 0 0 0 0 0 0 0 0 0 0 0 -1068.552112791278 0 0 0 0 0 0 0 0 0 0 0 0 0 0 -756.9392277808793, -3600.435873935214 -5710.064177171726 934.4881602399678 1584.627436133948 -3309.200236969195 -9003.008698632668 11184.38472679189 0 -5531.581057816032 5394.919866103656 -10128.4444056178 10507.21262895131 -1362.577053695846 -3215.617804191699 21585.35602380177 0 3705.945011131138 2249.804335048484 9017.828414351698 7302.956887173027 21457.93105811413 27378.71405164163 6128.898139232042 0 1899.189790613142 18481.17038118184 -12750.29514620694 1364.625557237642 0 2481.01025557256 6621.674910456102 0 -5013.226461501781 -3568.613003131236 3715.861927565777 -7320.512869706024 1000.836794466003 -9697.883757465645 23395.83742380203 0 -7334.661947018214 -8539.047751675907 -9956.81472236391 4809.827759164967 11236.29344144475 -13371.43391943713 15111.57630471971 0 -912.7159833505741 32362.02766137569 25011.45701013707 -3089.580964106863 -13903.54673181935 8002.955331541596 -24507.79087248752 0 1485.286625020515 12602.72953830874 -4391.653650473875 4919.856355142086 0 -1915.280887448119 -14838.1889860939 0 578.0829230929653 -18747.31805943748 -1846.959692259628 -5801.002285982709 -26675.2597886507 -31241.11618241364 -4085.975244087404 0 7567.034864738743 1971.922581977012 2352.709401522598 -11002.00649302553 -5176.782069268824 -14482.75524439816 8144.429796841006 0 -1766.409665981174 33631.13965296085 -13534.78311930498 6547.540779870527 -1340.434958021926 3838.875341300928 4180.873023143441 0 3674.440508878788 -5976.634048639367 -20537.40363527571 0 0 4127.03399496784 27359.44529157211 0 -247.387808990849 -4020.502059084659 6327.783573286502 21716.65632469353 -3901.685002028563 23579.88289103134 845.7643514777392 0 -18498.08173174301 13034.61921723692 0 3024.699507959443 -3311.324465980147 -293.3194763356487 14409.12485205778 0 0 -6233.755840507965 3038.275952724812 0 9813.232225127644 6968.742779348217 0 0 0 263.0910482498018 -10831.40115798248 7968.494997667558 0 6152.166725902865 0 0 -1072.566471251863 -7050.427809774811 0 0 171.3265231071584 0 -588.6561965439148 0 -1894.350128926612 -3840.389101400809 -341.205515310955 0 0 0 0 0 2211.933295899481 0 0 1985.743556398267 0 -7844.034668914308 0 0 0 347.0545746093685 0 0 0 0 0 0 0 0 -1526.19029175564 0 910.3786555587533 0 0 0 0 0 0 0 0 0 0 0 0 2109.827062806467 0 0 0 0 0 0 0 0 0 0 0 0 0 0 -671.7386584166491, 891.95208283087 -3402.830210997525 -13365.86697385438 -12227.54177183436 -4907.535537424254 -1456.734175347592 -2146.389348360113 0 14858.594998677 -18031.65478680751 -15430.07419748998 -200.2909046299037 -5162.889704256006 -905.1705990778482 18556.81210164551 0 1356.764676234647 3921.822618511439 -4341.372011301981 1857.959088987111 3730.037339117153 17054.24360457433 3796.84118337292 0 5778.47170665619 -1055.425463766327 -4641.40473347747 4855.60444393517 0 15902.48122541152 3926.468936137822 0 3435.839653446802 22362.27215143367 7791.32451061965 -671.3586991370503 7590.557316476074 -3491.926905131908 3822.084441991057 0 3132.304181623265 18725.17454238291 17849.5945254777 7698.725678248822 6657.622709005502 -1092.095924447047 1439.810893427739 0 6427.540460642372 -27213.36756235735 -888.3659636730704 3443.329875336233 -5567.88721117398 11182.79857053423 8421.913822934011 0 6970.133900975738 417.8191906362681 -11666.14442141094 3888.173462714103 0 -11484.90289516408 -3168.291520310525 0 -3929.065364422935 8361.1770592059 -20374.07262407636 3943.048451830409 -2187.452086857234 15315.65865277704 -425.6385608737291 0 5855.544026133561 -13631.83405851746 -381.1463496166716 -900.3075113774696 -3899.089378195853 -15645.14772921506 1113.617390067025 0 5297.860858344846 -13632.7034883081 -5119.117258565943 -10981.29182392237 -4503.801111287308 -5359.032881287446 -11095.89157742021 0 -4404.607192433148 -1620.346904309928 553.9981737599264 0 0 -9970.84127851859 4269.801718185288 0 -6384.650533671104 -15720.1608040504 8695.656391290759 -11944.28597666571 6672.897631158427 -2507.908134250138 13537.4040559075 0 -4084.065123304884 -2476.331610125078 0 -3149.418504376675 1677.801487022188 -484.1256470184953 6137.557212938629 0 0 8733.635800285781 -3502.976665419554 0 1689.838007028663 -6738.823628028266 0 0 0 -13967.05971735073 850.4471312180185 -6567.556257703834 0 6091.454645224965 0 0 -1047.334618423626 -4502.536289941198 0 0 -1610.065008677758 0 -6876.918361024038 0 672.2914183204703 1127.405568745108 -10633.38351599251 0 0 0 0 0 1096.202036268626 0 0 -2238.476864788412 0 560.4168235177065 0 0 0 -7888.494556184382 0 0 0 0 0 0 0 0 -3210.428879363526 0 -1322.593689662097 0 0 0 0 0 0 0 0 0 0 0 0 4333.972976468515 0 0 0 0 0 0 0 0 0 0 0 0 0 0 748.6616485940197, 111.054791081202 -3656.316665547259 -3610.998271109959 901.7046460584911 -229.854603389696 -5114.849415411807 -3053.950553557715 0 7072.585085439823 10207.43114695008 12018.78683152143 1053.436561616356 -8733.617138566635 4808.622291982552 -1880.502528742703 0 6419.544122479276 -4515.417316420466 -3322.914468157223 1649.926553062666 -197.7491427844307 14272.29739205814 7173.72573861772 0 11609.15072119968 -17827.2029287406 -401.6697263241585 16283.86505950952 0 18315.91818484812 -5399.025207062335 0 -1295.561834818086 -1227.750644008314 -10189.5607050182 5068.801317619785 -22432.24494959319 1897.621404954068 -3295.817319064999 0 16528.60345821678 1708.514923319384 -28004.47826589023 -4197.424652987595 5308.002098304657 1749.415407042632 11328.71865245384 0 -2665.977382674096 -18194.42619124497 4080.656378537089 17033.23006111485 -6879.076517426292 -460.8864291803548 27825.36436179015 0 20007.42279051662 -3093.74264985833 -1202.797564887598 -16884.92183842495 0 -4855.40110510547 -3163.759697152307 0 457.3728138357396 10336.4345244039 -36521.64109945214 5622.118125522402 5788.33348940561 14692.08213501366 -12176.04142808137 0 3528.410844663867 13618.46438656211 14823.23749551247 24782.55529029509 15411.11856000609 18551.34599005194 -13224.84702214976 0 4471.792008123719 5132.615692503394 10141.9025515508 -4249.626358188966 6709.473772528564 7829.720494974797 9587.296951076771 0 -5457.600193515983 -5675.799111925102 21380.92848888657 0 0 -4994.665042868514 -8526.865852642706 0 3321.254157829161 -3071.204476232485 -8323.946909213919 14503.5562408486 7774.70146985927 10956.62966358099 5448.981539004975 0 9390.373707288527 -15919.67626962181 0 246.5315248304205 325.3096643360277 6510.147386002889 -9916.72883580173 0 0 -4047.401618765937 11182.23794349218 0 -16075.51246706293 -11031.11500290373 0 0 0 4598.964063159763 9682.383722128001 -12075.93462106964 0 6779.516600854293 0 0 -2325.628326864382 689.9016912161137 0 0 1416.837967006101 0 -1514.504098616495 0 2395.700379325355 2989.847742385655 2640.511682016486 0 0 0 0 0 -774.0995283429637 0 0 3350.07356515737 0 8591.68546523684 0 0 0 -1288.212352353764 0 0 0 0 0 0 0 0 2669.067474363433 0 9089.706211592 0 0 0 0 0 0 0 0 0 0 0 0 -1834.907966090824 0 0 0 0 0 0 0 0 0 0 0 0 0 0 -2524.094265620643, 2232.273361685084 2273.691291749361 5606.124549029703 8334.950392004006 -1596.037482552299 -6497.781705263297 -818.7424629282445 0 -10855.47574279737 -316.683779166573 6530.11720953716 8939.824978548324 -695.399111976116 588.0722885887608 -22817.00684576396 0 -6781.386209879975 -7883.179510528918 10537.40601796109 -95.54174999956672 -11509.23613445671 -10303.46236505424 -4914.989466363317 0 -12146.7241464179 -10330.94464790805 -12968.52257185655 -3669.756668667864 0 5080.561003573624 3589.032347630415 0 -4546.035325821799 -22469.08512804397 -8729.113007857137 -4390.537426857837 13694.53926661078 13465.25072643548 -14426.01514735262 0 -1616.88834067179 -14250.66312649239 -13003.98194913605 1336.758314405121 10308.28411469886 9065.453308769867 4514.092394974026 0 -3530.931061664821 -9670.665209429633 18944.14832983036 7283.255040814664 29042.45085594052 -33393.74900457042 71.98673122057517 0 -10449.30337630118 12549.22568203403 -28501.91644447766 -39237.20336013434 0 7733.427062940737 1203.072962957352 0 -1020.125802231695 -7084.167886944895 376.1201924891047 -18389.84928064222 13070.83129315202 -22382.74421083819 31785.21282320679 0 10601.21251507634 -2599.328860369612 -5268.842785019199 -3798.893758687163 -2599.982948611203 -11379.89772706388 -31137.49186263512 0 -3435.600185874244 11143.07772751423 7097.220554664056 -2085.553285844918 4238.308538012749 9000.092945310349 -11913.5578975358 0 -5581.464307204951 -18519.97431891784 7029.540718557411 0 0 -21936.08708922075 2775.245117609204 0 -3579.537297568375 -1122.68289383413 -744.3703931913842 -8387.1153401474 3744.819538774608 40287.77132031647 3195.48304471246 0 1734.045629766969 2139.870460018114 0 -1337.689161633874 4774.40049516921 20833.57247266581 -17457.25819407143 0 0 1677.014236227824 13996.28404353866 0 -7190.464643656819 2194.772800218316 0 0 0 16375.53236609202 -6829.740364319031 11311.73699059285 0 -1414.127726961362 0 0 -553.4563662012454 -5797.274645185766 0 0 472.0626257941605 0 474.2408310926126 0 11233.79848521218 -3221.399579870954 -5027.143137589012 0 0 0 0 0 -3746.515055184765 0 0 -2033.19818337943 0 -6882.880610624286 0 0 0 -2403.073972132437 0 0 0 0 0 0 0 0 -1649.443212845976 0 -6852.135971334124 0 0 0 0 0 0 0 0 0 0 0 0 337.2138523904775 0 0 0 0 0 0 0 0 0 0 0 0 0 0 -3429.861916737898, -458.2083330263445 -2980.687598392801 551.8378104294939 -2969.379727085871 575.2977647037412 8200.220659706045 13590.56971977161 0 -5101.086690290237 4295.522237976063 37.70993526033681 16208.42248154927 4926.304405042933 4915.378382133651 -4967.973111771711 0 -1190.444408381352 8174.74408096333 3374.195168489717 16409.16237947045 -8592.203487329236 -8246.133703530393 -6199.982645311857 0 -9871.437225930043 33.26626247463128 1794.815338476073 -13487.11346392897 0 1108.244552591275 -4337.253962793654 0 -8831.794221213169 -16019.98546163893 8877.133815052126 -2374.115648845287 11392.72459339446 -4120.227153377238 13052.91705546153 0 4162.743163721503 -8305.016972365222 20489.31693911706 -7290.714363357169 1474.659159568626 -5.693967889579653 -3304.263954122992 0 1948.059920881027 11324.4775336534 -5718.32741388071 -13725.26175695033 6906.911915319875 12502.44405376854 -6032.566675656612 0 -12599.75300266312 -4914.573875309425 5095.31425315243 -8846.076971255185 0 18374.66827218231 -1710.447483965489 0 373.9981282320452 16373.65698433978 -5090.759976708089 6672.706502017765 13401.76654460349 -11323.50580595073 15861.62425234499 0 -8189.042050008509 -4026.164332442896 27256.69643688754 9510.36215546198 -10586.20885992083 -22519.42938958198 -11206.95927729121 0 2681.124559345222 26774.43511200186 -4485.660575055832 16026.49279561138 4373.611979646706 -1903.250484159764 -41558.82019641022 0 -7823.98242213875 2342.281858760107 13277.11374328935 0 0 3087.251666768138 4298.52921948092 0 1856.201488651339 -9152.177667469874 -6079.331112825531 -8302.210168445232 -12667.05381611835 31661.45141041138 -10091.09527116742 0 -6123.39081747706 -12998.52722467256 0 3979.391064761952 4479.314611685706 -10659.64149039768 8712.979330797918 0 0 -5719.925527257663 -584.1196635068945 0 -5629.958019266902 -8001.199137160969 0 0 0 -8249.645460148209 -3576.010186601372 -1266.552953916456 0 -4800.381817285737 0 0 273.1031666194693 -671.4343799038343 0 0 -2894.957518341083 0 10878.58929258647 0 -943.4649661103167 1280.230051677419 -7345.487090174111 0 0 0 0 0 3417.097038311886 0 0 -10220.77937624245 0 2909.402853550563 0 0 0 4998.581960861746 0 0 0 0 0 0 0 0 -4981.159636627485 0 4590.175523706759 0 0 0 0 0 0 0 0 0 0 0 0 -4805.777942843376 0 0 0 0 0 0 0 0 0 0 0 0 0 0 672.1256155845902, 56.34131127602541 3949.706753041629 8449.878993583261 -3665.60150338341 -3611.486245544944 8262.49667762456 -1803.607834819203 0 -8499.334073197901 -10261.24634945907 2074.013065165823 16624.33139652055 -4676.607310473953 8667.587961012112 -1861.921868879916 0 -2148.590317874958 19724.22572024215 -16319.51831076246 -6810.633055161165 737.4844937960224 -11544.80398866204 911.449024774935 0 -7065.433583376756 -5792.229461534001 -5140.367128752183 6532.865181427228 0 -20107.35798221578 -5358.684107648908 0 -4442.19886901696 14533.75708228829 8303.390803253271 2109.462435923371 5128.979072292094 -12733.25560361907 6910.562367977231 0 -22264.98813915251 -13165.4921406162 -9322.657315004904 16054.74414256338 9924.947870003432 -13352.17614016672 20214.81123546427 0 4648.486030752715 -850.147041748507 -11134.46446705952 -18304.09459889976 13578.86395938754 19174.53527805451 -693.3355996123237 0 -4778.22228666671 12081.36561257116 3982.75207975655 -4997.30540027834 0 -16097.64704188002 -15580.77468314268 0 4261.128956180388 16614.94805544709 -10211.91810199957 -8271.530560426039 -1071.66629503928 15338.11505934638 -6894.581442936254 0 -4112.791928329912 4823.400599306952 106.0605102237751 -15120.19622135424 6919.708929290143 -5069.259758177957 1686.210051153008 0 483.9168723549942 -5546.530077589505 5212.329840975282 -7240.388965074072 -9188.712302902175 2698.605308925666 -25185.35059319454 0 4154.11381398213 -7369.313063243122 -11776.91894039162 0 0 -10999.83902169762 -3154.549714809017 0 -5638.638974008294 -1935.820053113388 -3404.097320113113 7249.655726039191 2723.879244836503 3717.410214626689 10690.43871215088 0 -6807.896420490238 6847.595656928821 0 5848.679905727469 -3409.648633424038 -3122.225073180336 7485.20361878069 0 0 -9047.527170482104 1940.344997873217 0 -9656.282886865229 -10730.40332671171 0 0 0 -4573.186769810443 -2705.029007886353 -6088.720310277482 0 852.8709027495343 0 0 -2319.436507020037 -16149.6038063389 0 0 -1545.647161108974 0 5000.53512978833 0 -6519.86859874611 1574.661053951527 -14615.81111916968 0 0 0 0 0 -339.9478703575398 0 0 -6837.537707506606 0 36.32965913321732 0 0 0 730.0930521521524 0 0 0 0 0 0 0 0 -7112.017427831547 0 -5842.810708318398 0 0 0 0 0 0 0 0 0 0 0 0 543.9579796206376 0 0 0 0 0 0 0 0 0 0 0 0 0 0 -429.0779999924867


GFLOW: 0.1 0.5108903228490295 0.5090707146412641 0.9746325140752419 0.9719940264616761 2.681184197539324 2.681497287278356 2.33881764375829 2.340187633155924 0.3974610939729793 0.4924211719396614 0.7420195943640998 0.9060295443131277
q-corrs 116538.1595672605 98925.84884096266 -673.98754004853 -14697.0145851814 -9267.348596804728 -20371.2895512274 -8925.513523709804 0 -4687.811353694913 117.0432024673711 -1283.647585588495 -3497.340868578611 -427.1325693867734 -1377.176072648464 6113.954984110627 0 -397.6376573734524 5189.608747635145 1068.327605492689 6672.115412133177 -2833.351618615348 -1560.77560359423 3182.025766133023 0 -3347.2418531618 -6154.184248144361 2843.017072744351 1276.986870888702 0 1537.907891515937 -1625.155253268726 0 -1698.948040826381 -293.820869506998 7549.875540967006 2663.497753427543 -1495.807890482448 -346.3697883596144 1577.020273590297 0 4261.637959071898 1764.289466039446 -2868.692065007758 -1752.698783017672 4197.67650113663 -161.6905139276951 -10834.74611684485 0 -95.36501301572616 6114.926318160791 -4281.205762003397 -7676.3488722823 2802.294246987965 3628.574991347068 4078.957774045056 0 -3014.806867052973 -2563.292164724482 284.9290181280985 -2205.329335459696 0 7993.819820430044 -2264.870698812224 0 1043.2138297128 13359.54093829031 9395.890905549004 -7007.91846833688 894.0896178848245 1439.25716028759 2857.184349304353 0 4373.055593349469 -457.559622854832 -5822.023180887973 3621.673671843667 4369.28050212917 -7772.180375806722 -4099.604185213519 0 885.8314656167149 -4518.155773632159 -1424.273113230287 -3823.071380862557 -4430.598199288066 1646.343816294177 5162.237743652584 0 -3223.894864744161 -315.7438402060617 309.3622958301996 0 0 -3393.580723355827 -705.0724917467548 0 -1589.642309606365 1660.948932406559 -2557.510167267859 -2863.917848966061 -1904.07648848897 -6370.42926423967 -1751.961085271043 0 -2994.834354653127 -6087.697329596203 0 4151.570846195033 -1081.173869465948 237.827207889334 -4508.050400711672 0 0 -1535.477955001697 -2562.967832885571 0 -75.87887878665231 2217.594541767197 0 0 0 -1598.429680530439 193.6657404370071 -5085.561375956097 0 114.4442941276154 0 0 -1155.375849276438 -369.4661194778987 0 0 3123.193401933209 0 -1992.737400877244 0 969.6608407569998 705.159521912846 -1785.604727810882 0 0 0 0 0 2222.578483511234 0 0 -1719.77496808798 0 5064.223600185454 0 0 0 -276.0697674885291 0 0 0 0 0 0 0 0 445.651009511698 0 -1432.419321507047 0 0 0 0 0 0 0 0 0 0 0 0 523.5590919986663 0 0 0 0 0 0 0 0 0 0 0 0 0 0 -308.5893881203193, 15201.94495365434 688.8571145032168 -15370.9845967193 -8467.685588388367 -3896.256557935776 -8510.227620942667 -4585.272344869662 0 -546.9750757210167 649.9929783555057 -1425.887759939783 264.5400962915463 682.3754460132252 470.1315146440268 1494.582758584712 0 583.0447084298573 -459.6670401189517 2003.98208900858 1875.738795935213 -1932.151099594686 -5205.783705614636 -1084.060191945956 0 -4212.120926806509 -2487.503390363901 -4646.27675406434 5889.778962669243 0 -6541.726957263123 -911.5146553357895 0 622.0930123423539 -2375.638376917545 -2945.015097336231 -2380.177126771631 -7225.681634791747 -1158.441284253119 -1660.329873084751 0 1042.127792864 2434.007825024121 -454.4036319815843 -3745.56889535461 2181.009419327705 -5126.322664853844 -4523.596698877742 0 2565.732847407278 4122.051392396856 -7125.051189166929 -2165.208265551297 907.7212683120546 4988.284427014478 4649.84271746655 0 198.2641373804493 1030.846427765781 2546.47710240435 1871.918468358796 0 4016.04892605576 8828.713706910072 0 1319.754714661113 -1052.592418899435 4048.408210443485 -1872.256121462084 -4468.409874248093 3329.604847323157 -2440.970172293348 0 2433.448265466531 -2501.137588206618 -8211.304157670555 2942.092956780451 -591.9080919815106 -1652.215918511077 1371.211322484406 0 -982.8963416354136 -2072.596150614737 -856.3601797000799 -1299.270790402275 1399.298353036615 212.1456517852863 9904.519529861271 0 178.0937774002473 1569.573733907699 1029.782986663539 0 0 844.7922788208318 -4036.347906725063 0 1575.097193238419 3525.141926690639 4130.731414045725 3319.955238386903 -389.3823278420257 396.5583653601384 -1350.564013092704 0 -1820.601193937241 25.83802037162695 0 -2488.37678081851 -957.2107627866167 -844.0997569153061 -32.86224819840436 0 0 805.5591170803252 1603.44065374445 0 -620.2222507995475 -1716.580306292305 0 0 0 -2948.843964379583 -510.5640405141683 16.37300802623304 0 3704.666352133409 0 0 -10.11561456422311 -4321.391002888392 0 0 -925.7345018103036 0 -784.3618798336834 0 458.2612460165558 582.5718220512074 -1692.186971386041 0 0 0 0 0 142.5575518329449 0 0 1070.702764823364 0 -1468.708487693456 0 0 0 -134.2413311415966 0 0 0 0 0 0 0 0 -382.3621459068177 0 -2349.722819110264 0 0 0 0 0 0 0 0 0 0 0 0 -40.35945102597981 0 0 0 0 0 0 0 0 0 0 0 0 0 0 163.1552192870323, -3179.134385178381 -6014.572380561243 -2949.427949293293 1457.015930537556 -1207.920394543889 -2307.854245525653 1563.983982593896 0 1783.315494347915 2251.572548704948 -2547.636897698138 1833.49001857962 -203.3524352669079 2116.987001389331 8086.354065107172 0 934.5632269326338 1796.423504830135 1081.272394029317 1742.455395186651 1728.29635599865 6489.467639236219 3226.901074560959 0 1238.085251010598 -1263.763602470214 -2133.398149394403 1973.694737365033 0 -5752.165911227829 461.9142022545257 0 -2643.693337072738 1340.162284624303 -2478.993381746325 -455.447750867168 -1241.967457167618 -2366.281879684193 7500.926459320592 0 -1570.158936444374 -3237.164625950848 -6504.721864978095 1277.640858293583 4210.595342425997 -2472.125939468963 459.9327070886709 0 -139.4678381386499 7332.869567226927 4298.30351935161 -1713.502641752013 -3857.513981815823 -1109.607905814206 -4634.36086778955 0 3910.468981910717 4138.360829446507 80.76178541097647 -3674.026829566184 0 -1976.337431730483 -1327.069542690794 0 272.5633537665244 -4912.758278731349 -1156.101047135082 812.7971775413237 -11085.42579002807 -8760.699126388265 -3505.506776385697 0 351.2496483084776 -840.4645124972246 -2525.619284199062 -3518.14786032558 -2540.311933294458 -10858.69519830752 1046.379137144299 0 369.5622601717035 1631.469862131842 -3496.188913737717 2520.84275428439 -1666.959201001342 1617.932863120619 1063.496355529952 0 1402.278892616846 -174.3342793604813 -3395.534351153727 0 0 1426.830025160482 4397.250601261061 0 -1922.152038176731 -3700.557069937446 5281.29366770719 5853.330146777884 2515.44335315957 11474.61631782781 -2108.651951129645 0 28.52628066299485 2636.388636802557 0 -305.9598213980042 -1558.244976970156 414.7425680411558 253.3884483257832 0 0 232.6643999659236 4372.23196169626 0 3558.255777375933 -716.8230877299311 0 0 0 -1465.113646099876 -450.0450190138733 -704.0951505291146 0 4181.837286599315 0 0 116.8678618113545 -1405.973818787032 0 0 -608.2177519331499 0 -1729.240395043105 0 -121.8392431560662 -533.0354893519902 116.1062971654171 0 0 0 0 0 -125.9025461980792 0 0 1931.994358522612 0 -3484.376217723195 0 0 0 907.0298816072905 0 0 0 0 0 0 0 0 242.310796268722 0 -306.0710099384359 0 0 0 0 0 0 0 0 0 0 0 0 -526.5129261233433 0 0 0 0 0 0 0 0 0 0 0 0 0 0 -22.70680546198307, -539.0195420851935 -1871.73028951495 -4070.697605694705 -2572.073684250161 -533.8892215864206 -2519.044089021905 -2452.791582771603 0 1589.30702661387 -4768.82433204535 -3497.014875079431 282.9820583350911 -2216.716855673134 1487.553269561861 2974.07502040786 0 -353.1222831448824 -4047.532187930878 -836.517623857713 927.8513322114036 1660.103279913963 7680.567425022969 41.83200339264658 0 3581.024897136636 -204.721925088319 4434.701912886879 2540.645373733427 0 7756.845557616181 1437.724495471763 0 -172.9714281621502 4357.279885750209 3682.301020792316 -300.9391017885732 2746.598141998442 922.0813488291583 5592.673779434878 0 4447.367582283974 4902.911739629692 -1482.583341482108 2716.942854009545 -304.6396116055698 784.4631500349178 157.7618316523281 0 872.8699123768977 -6182.126178142218 5242.349008279809 3530.405181626297 -2856.367574776186 -958.3375366196442 2404.332562215974 0 -84.50696106178532 -1494.148898017365 -2309.0082156355 3311.44309151516 0 -2081.134919321285 2498.179989257947 0 -636.0374010076571 -46.85463846038124 -1540.200186215666 1682.076620581962 -3709.205106403319 6413.159567997948 1908.406661427009 0 1867.320230199892 -885.8040684840225 -1953.68427253055 -794.223831491146 -2439.342767453593 -7962.411566197507 -1900.813514731134 0 495.6278941254726 -5497.051509794806 -2170.020188922025 2593.695048290267 -1144.031164556507 -74.83358480918139 -3656.508520999495 0 -2442.998782554716 -26.31947594377243 1099.607068510263 0 0 -3735.189218055853 1722.696405882919 0 -384.1966479485454 -3492.861169691981 2348.527902982714 595.3828407552555 2318.998878776178 38.94763629915838 2870.447841897377 0 1776.960270672029 1238.620094142686 0 -1967.97914867586 -244.129937368858 333.8459906729097 -1650.14101682361 0 0 2682.429911726191 -2737.190627869451 0 952.2517341238438 2457.896313270967 0 0 0 -796.4044822777441 2353.597952909162 -4729.941443925664 0 -1213.874430760121 0 0 508.8320174206004 1130.755682881351 0 0 1265.724350930274 0 -660.5383843952785 0 1063.473603317724 1773.255381832998 -6237.965298355461 0 0 0 0 0 479.2274983431759 0 0 -497.2734108671664 0 263.895361818771 0 0 0 -2483.908396913974 0 0 0 0 0 0 0 0 -610.8244421956884 0 -223.5043841173746 0 0 0 0 0 0 0 0 0 0 0 0 -1485.737353844811 0 0 0 0 0 0 0 0 0 0 0 0 0 0 -398.0152488556255, -726.495377004052 -2034.166963149739 -739.7645279509018 326.8359960535763 -632.6472753295923 -335.034826633177 3253.134493475885 0 1494.398636291146 5675.929256204026 5911.785549030834 4395.503853314161 -2555.036383913184 678.0748061165027 -217.6277659066633 0 84.79987363529111 -1069.601383115144 1462.638908848558 -1771.839314084411 1541.508836504206 4529.315007142176 1647.239678492197 0 2475.100799582137 -5054.884052057932 -450.2500007684575 5324.787641675704 0 9494.886170013404 1025.87844154765 0 -2041.030605187581 -3373.567190003683 -1108.301756999256 -1922.552090673685 -1320.935584923088 917.9929587080765 692.79755865726 0 2203.791707499437 209.5106633785481 -3341.5592134628 -4564.085647555138 -56.01530796197903 2199.608729160249 2807.040922879826 0 -498.4531145114032 -4472.433295550778 -1355.487967275175 7896.91289096668 -926.9759771932981 566.4218403643713 4196.395124423043 0 -2.191620707107404 -3202.076099129634 871.9373696013315 2393.433649131901 0 -3097.706215250832 6822.956286245675 0 -94.21753743939723 -1451.495022948514 -3137.93613015195 1410.671001681213 649.308484203775 4855.473948358271 -3515.096904699529 0 849.4849520925166 3199.347753629057 5756.256276741746 4914.765846137338 2688.79574879666 1358.870915277911 -8625.474495992654 0 -703.3115271644253 1550.120164056923 1588.988059490972 -2470.410053731337 -329.2744933999088 1111.051055307351 -543.4486334067162 0 1104.608554285137 -62.48988797308266 2362.774699967921 0 0 -5391.08124071085 110.7369717559186 0 402.3477832956235 1326.003079381596 867.8935057951667 2914.214003687774 807.3055608058557 435.0306652687736 3946.420468369834 0 938.7813678102019 -2865.277890367545 0 1490.740135671079 -200.7231814027131 2091.807878247314 935.7078455592556 0 0 -365.0220794594399 3368.857945868127 0 -4137.271938689648 -685.6909435439004 0 0 0 2774.870791756425 3308.349906366019 -970.9812340117511 0 -1644.08024357692 0 0 -1030.29284013877 1365.728424168783 0 0 268.8445886580541 0 329.5016428846626 0 1319.532826760492 1105.195090313385 -987.0964078527743 0 0 0 0 0 -902.144698009994 0 0 -574.7936416146582 0 2915.225545368026 0 0 0 -1626.653837277734 0 0 0 0 0 0 0 0 148.3113279654659 0 1905.36251183169 0 0 0 0 0 0 0 0 0 0 0 0 -176.2507985405085 0 0 0 0 0 0 0 0 0 0 0 0 0 0 -408.5583046618967, 583.6955818440331 2682.600966586801 2748.544899233578 2203.319647235809 -584.7902478037348 -5724.990164022352 551.2643566736702 0 -1168.504944425355 4559.314318685096 1763.971242954559 1256.346692586878 675.2340697694688 -382.9201404321972 -2070.895508440571 0 -1987.656955746993 1156.781961485632 3298.091151957148 -413.6746542758721 -2472.197155184604 1123.743727697195 963.2623784312775 0 140.8123702321436 -6435.461067643337 -1135.893764518498 1938.23188054335 0 5278.955147980804 -146.8812559673979 0 -2913.639308143302 -5051.728766248794 -5721.845802876775 -2162.227971321715 3541.375775104598 -605.9685984266099 -2288.221871247532 0 -3087.429201895942 -8259.890680323097 -2387.885210186603 -2844.547421131754 1922.385372498514 -2814.889392491454 -3635.022569867871 0 -466.7679894257096 927.8209546486696 838.5662290748437 1349.033318799732 1264.787951707649 -8618.904404683264 -1122.94961914879 0 -5299.525950936111 2482.51119753174 -6706.759082244587 -3789.193125858203 0 457.2106297985881 -1683.397000194968 0 941.0718669817919 -3964.860065370402 1414.313722248568 199.871755708956 1848.877556956693 -3222.173400200249 2247.287373249961 0 1422.639839806106 789.4601218613062 3693.271263265202 -2223.245241246702 -2515.716978745718 -559.3416009120815 -10583.18320754586 0 -27.09028307827941 4661.133212462295 636.9665837137032 1822.245532709486 929.9228378043335 745.8541136128113 -7670.763055825681 0 379.4188099974588 -4538.923232660513 1925.787738704312 0 0 -3645.84277646759 2576.412902739062 0 -1734.130614540471 1806.122963091711 1649.037712156315 -2226.236337427078 -621.0706219430854 5171.283101412996 -823.4010151452076 0 -768.1654461180356 -466.0561238271275 0 -257.063772851454 2774.339004602971 1413.687332716747 -463.3659804940353 0 0 -1584.062099705285 9892.995932374328 0 -4861.909020916729 -1690.791049538574 0 0 0 5622.20415145382 -3123.457834815283 3330.290400238462 0 -2513.031057308465 0 0 -572.9149338580975 557.4348592133819 0 0 439.4446584723391 0 255.2763520013083 0 3519.351048254647 -1087.508837514227 -768.5623679694652 0 0 0 0 0 -1662.813271814084 0 0 -1786.336196565866 0 7.074692633825634 0 0 0 -1740.119347267067 0 0 0 0 0 0 0 0 -1385.525566358844 0 -939.3448150454037 0 0 0 0 0 0 0 0 0 0 0 0 -1033.414698864033 0 0 0 0 0 0 0 0 0 0 0 0 0 0 -467.3703023879433, 178.7640445266211 404.2314129451416 -1751.809212146076 -1148.405173570827 -664.0243298651882 -2093.833440784316 1425.87650864068 0 -1338.160891488722 1228.985910964003 2887.36694854579 3684.107473277278 1162.604851891616 284.5892136305909 2627.374145077618 0 -326.6675391372544 8011.91323895738 2950.389203265252 4510.292523652324 -2501.273971525772 -1754.620905955559 553.9404512786987 0 -4964.261239378373 -3858.952393734356 -7.004502125600766 -2317.344915462754 0 -3310.688843556117 -2284.438905183873 0 -3216.887495783129 -6331.504543419897 1394.666436497248 2343.03346877644 808.2240044369428 -1783.280121833973 593.1847120722107 0 1588.31392612838 -2079.65664321034 3385.840226137317 -1337.612959696506 -2297.137962050062 1961.258945753882 639.1815435802765 0 1400.221513235786 1573.390563523782 -2860.496263771512 -2748.643019049672 2214.799965593366 1481.723557556548 -1724.132107903347 0 -4633.499386298678 991.8916521970998 2428.494128499682 22.62169661639746 0 1725.646893910934 -2216.311463259606 0 645.7774373880586 2175.544613703833 4360.054234335031 1112.515764134032 4480.004932213098 4796.709781869796 858.0401018588045 0 -1595.039149090569 -868.0841428561192 1955.864968776634 385.7469843689487 -2443.130762302317 181.9544507388764 -943.708176472419 0 2485.450029928869 1925.820874067291 172.6031126538716 5048.097517560304 2327.956111398883 -3348.010955684369 -10778.86848748419 0 954.828139250086 789.564831403412 9230.104607347173 0 0 -2352.466063519139 1411.287345156639 0 -748.2687396317348 -583.9324814097462 -1188.744127660656 -311.4045231225359 -2254.330763655085 5749.131382401258 -2019.005156234057 0 -37.3781444070288 -360.0709263100438 0 -98.25928451614664 1036.598932834537 -3678.073561538895 2094.031897141017 0 0 -2348.624362601884 2724.723336495576 0 -2593.972673830882 -1234.726345570418 0 0 0 209.2423525834034 -4582.090924728633 -306.0281350288892 0 -49.28851603613373 0 0 126.8157602599264 -1592.803138746673 0 0 -489.332986548792 0 3196.157305800772 0 1517.371677467664 -1642.16260619071 -923.7905580411707 0 0 0 0 0 -559.6624616705558 0 0 -1827.433205265242 0 5098.9643243052 0 0 0 -110.7292111194491 0 0 0 0 0 0 0 0 -53.60800518251042 0 1099.194656035766 0 0 0 0 0 0 0 0 0 0 0 0 254.1156538946616 0 0 0 0 0 0 0 0 0 0 0 0 0 0 289.7701912018542, -261.7758388586381 -655.568425739599 -1355.165821569898 -1526.743627456978 -1012.139142393677 884.3568746187068 1097.883539094222 0 -243.2309311019238 975.2961520115459 2029.197452969177 3526.5076168643 -839.3381397565984 -367.8652608131304 2138.281184604152 0 387.7971027810296 6717.27099370115 -2531.133880055614 801.9946051835341 1141.374788005737 -4493.574830727607 1195.067295543526 0 -6466.903622310161 -2037.390460851409 -4886.864557732589 -1010.192646872876 0 -9446.840371182418 494.2198583459658 0 -1422.484630753434 5164.993279246884 2858.478496112828 3431.126436997887 3236.99773619916 -1368.994621911046 697.506277668896 0 -2981.854369025447 -492.470295435794 2160.452262399111 2006.784425523676 230.3334467985517 4659.711742353775 9726.044697813011 0 1085.475533834609 3199.375080462828 -5646.361760838601 -4858.03885471274 3012.041140253597 2691.847502746792 -12.56793253260594 0 -588.2814582407673 -432.5268419477304 -149.294854636194 1983.10527817571 0 -3643.675294167667 -2037.803864982458 0 1609.750996753073 8161.721984872485 881.5424889123219 23.21820609767224 345.7268248893765 5638.35287149897 1658.345550738617 0 -619.3084940428223 981.3927037529278 6845.533164275971 -701.994612123105 3444.556041713832 6032.65717571506 -182.360264973176 0 2042.636516189015 -3705.591329566932 1285.215470210438 -1821.348793412077 -2131.267266610306 301.6499644562201 -4682.931431548287 0 3600.983452727312 2243.486083641792 -4149.798157936333 0 0 -5331.786485679289 943.7848789564703 0 576.8431995951387 -2169.694573801534 -2983.221003174191 -1164.084779155714 1496.972297756185 2687.268724440185 1715.522355821656 0 -2504.480844765611 2073.607559241563 0 4033.864940134447 -1708.18272363062 -3610.098299829649 -1667.185227141262 0 0 -570.2809483607283 -2184.584942018683 0 -2982.442174591818 -1869.275601065057 0 0 0 -3723.114346722256 926.1858047462119 -2376.471577269431 0 -762.4465197029454 0 0 -123.5085829988567 -5835.812056274613 0 0 158.7192365655306 0 -51.16375407036026 0 -2049.866507099493 1101.976118851655 -2768.779983723745 0 0 0 0 0 -1241.956584735736 0 0 -1975.778420793864 0 569.7467890016176 0 0 0 -526.5008823319224 0 0 0 0 0 0 0 0 12.5075666015091 0 -355.1588275305165 0 0 0 0 0 0 0 0 0 0 0 0 752.1152746532332 0 0 0 0 0 0 0 0 0 0 0 0 0 0 -616.0569303493526


GFLOW: 0.2 0.2757711109966405 0.2743522740083759 0.469035013291376 0.4670872577213724 2.884507422434627 2.884747253820982 2.709193482209969 2.710178878165184 0.05565382555442129 0.05540206442792915 0.2539099566392101 0.2760890470400671
q-corrs 31646.67695611718 54736.30732173135 25382.88367264004 502.0797675840192 -2278.462763277942 -10062.6541260382 -7959.050710600459 0 -2637.761602716889 -2850.552036917643 -2274.156103279474 -1751.790727872069 -72.7625877833011 -1610.971336820325 73.72936725229266 0 66.61164062843483 578.0082718315289 -71.75766675983743 1582.805601283918 -913.6182835163709 -698.6120626342513 1153.482795122447 0 -953.586416516722 -1092.72117178201 756.2470932017034 -43.45276172574836 0 802.1757879807218 -1182.574258621079 0 -1009.078008728922 -1318.617322313572 1756.475751045911 903.3841394773344 98.43368146601824 436.5530067710957 -352.8446776138674 0 269.7321206518785 -111.6202415582749 -284.2650737490723 -767.8516199600019 178.6663985928716 -248.8931985053092 -1932.035806371637 0 827.3136484894287 183.401282873514 -511.0547110735388 -1487.846085793593 1717.177548975819 1098.186955429371 -1928.710024545573 0 56.69756374401427 -10.08175112946668 -1139.967920537744 -2204.59271761441 0 1230.93948885529 -1109.986679368183 0 164.0149259598763 3843.304694596583 2860.944316618214 -2596.580423252545 -746.7419659430162 -247.6512093056822 1829.788855775272 0 -161.9684855049774 -2244.524307176464 -3027.362375232298 1619.774762837858 503.9633904804022 -1339.338151733104 -439.7871534234659 0 282.7428979500424 -1043.017370482505 -1369.142399903652 254.0486432908675 -756.4049172303986 -22.16127343639536 367.3812516901697 0 -450.5480582584615 -2756.065488735062 -219.9383241031021 0 0 -933.4520205148801 -549.3300881046359 0 -575.1461527578372 1547.660052752799 104.335215035021 -141.0018474505794 -401.8627240547811 -3660.727237214978 -1714.04477843758 0 -1877.970298578678 -951.3541947264551 0 -111.1356930536768 313.6869782790961 -162.8525013420384 -149.47846295044 0 0 204.3996874857371 -2146.424591908575 0 -213.2105294966959 -577.319731518628 0 0 0 -41.7257561990732 243.6470689584634 -847.7281704384689 0 422.8681443542052 0 0 -78.88000473443161 66.34958076077558 0 0 211.4113008074826 0 -92.08242058145436 0 500.330469939219 353.0705871602918 515.6647259732788 0 0 0 0 0 816.1941057245829 0 0 -54.47728658098576 0 665.13080328724 0 0 0 251.9591737971564 0 0 0 0 0 0 0 0 134.7708441523217 0 -525.9359469449101 0 0 0 0 0 0 0 0 0 0 0 0 -52.71067738591947 0 0 0 0 0 0 0 0 0 0 0 0 0 0 18.00163990563319, 8596.423674966893 12013.37024395784 1465.703934190096 -2652.12868495779 -2159.888364704802 -6746.751145758292 -4806.550488755615 0 -994.6604240188809 -840.640735983714 -792.098101050942 -609.8286141105868 227.0904410145316 -274.7961240720872 -54.94746253063568 0 248.1223913206244 -136.418382280417 -417.2680543021033 161.4615507290948 -698.8200433254613 -2042.161358492729 -77.12929167029796 0 -1808.861233638307 -997.5651315371501 -1629.416688319501 808.9645193605188 0 -1864.294898200657 -14.07271590410559 0 -338.0391829832843 -1581.522289397499 -43.4121775261288 -988.8401199159658 -1505.056728053833 371.2377858616067 -874.251198323229 0 440.904851715328 1355.142911636746 -1319.538721601364 -1294.161060317653 736.8845899380689 -2114.878998573466 -927.4901850538783 0 1364.637465917123 654.8242676350613 -1917.117990899612 -891.2739410526226 393.7492186373536 808.958058191185 -1202.811191396122 0 519.8198679387884 1583.682597711062 -137.2790312604455 -1659.11390747481 0 -504.889080805276 1239.940701674265 0 120.3605669951051 -518.1885774434677 1491.415918896256 -588.806852564715 -1766.082160165929 382.1503717103964 -1343.591242769867 0 118.5413118688442 -1283.788487390701 -2707.43837875134 1094.906834572407 -456.5906842712232 -514.3437569926348 780.5414671321012 0 -165.4361149387748 -1726.743468523459 -408.7837753933771 -449.6239372814745 -40.1812035001325 139.7122691424411 2562.131102340972 0 327.5423316005681 -963.4983944306364 -62.11136173697469 0 0 444.2785916782368 -1167.201815794046 0 98.0040911352371 2166.566562132709 948.5902517682807 1447.036783568063 81.46151769086191 -329.341643204459 -1203.423173547307 0 -539.6876419053444 155.9445997962155 0 -542.0459269467293 554.1424099658926 -42.71569448081794 1477.837508423137 0 0 570.4879903292706 -320.6524041931121 0 343.8416697959318 -875.4458695795184 0 0 0 313.2077403746418 243.0323296532128 -534.9570873501477 0 1457.071351650772 0 0 18.67173100441055 -923.7378766515938 0 0 -335.2000181962528 0 -374.2419305287506 0 264.8781083535047 276.839913422338 -443.0788912765479 0 0 0 0 0 219.6791338897445 0 0 128.9993770434428 0 -1325.253611363702 0 0 0 -167.9138556355767 0 0 0 0 0 0 0 0 -301.9879532368367 0 -1005.257487847111 0 0 0 0 0 0 0 0 0 0 0 0 -243.8306786005052 0 0 0 0 0 0 0 0 0 0 0 0 0 0 39.2759776346111, -1169.914694311493 -3746.867396491793 -3883.031682938794 -1141.682335973292 -1073.259674580493 -2229.611890325735 -884.6825660221109 0 468.9883932412378 462.9997022235564 -217.3062587566512 394.3570718683362 241.0838730862517 1097.786544315466 2357.429046570037 0 115.5338001424112 1293.310717160719 -188.3627431644763 132.1107487092978 351.4503123590579 1582.021911581417 1018.048972467492 0 814.671826639116 -1423.387501926712 -1120.763412623525 739.8803829330327 0 -413.4613740507076 606.3397911959069 0 -1054.066299253267 -140.1485011894669 -1025.918777196603 -675.6990186434734 -259.8591494197827 800.4541146675733 3112.998926942645 0 320.6793771555302 -205.0095713688743 -2801.283318628337 423.3743161868534 1808.513897921441 -440.9155089182651 64.54472320433797 0 -2.559802216593681 2086.187863613796 363.9986309657218 -254.4192444246034 -1208.535853655529 -507.2367264546829 178.4418443253139 0 1246.01097559579 1815.957098562962 518.6896129733784 -1841.520429280013 0 -320.2996931846626 877.6011451101421 0 11.8133012032559 -1464.08775857095 -496.0472941918265 968.441443385297 -2536.612933345375 -1271.662314820058 -2228.521415895616 0 406.5279929337762 -151.9546076275591 -1076.042015015493 430.1670899143202 -1049.271347172472 -3120.33112196467 860.6002748413472 0 74.95885893319505 -3047.541119244338 -421.6880559497728 799.0897998485784 -789.1888714052016 1229.416809519981 1171.327649833907 0 -302.1420595243075 392.8328470278676 -275.6854020278945 0 0 805.6898538586285 163.5385202652143 0 -492.880842436956 -889.059822290774 2244.780124494917 948.4870288338253 1223.130646284559 3277.389350596663 -701.2407777430633 0 719.6971832241466 718.9196918815446 0 89.31459482623472 -213.6969375505897 1038.452907142443 -295.3483670325706 0 0 650.2406557152694 1618.656480723196 0 1638.8815023815 -138.8870735069175 0 0 0 -128.9122916946529 776.4452251453989 -1094.750845861234 0 1146.308341478946 0 0 192.5136316339647 320.3447083956627 0 0 -105.8080545484405 0 -334.1353845842318 0 85.08086165064667 283.0194813134466 -808.7972086667667 0 0 0 0 0 169.6051976894082 0 0 671.8421464228002 0 -1247.832352983886 0 0 0 -134.8771233585297 0 0 0 0 0 0 0 0 254.4295035624634 0 -547.9143871713679 0 0 0 0 0 0 0 0 0 0 0 0 -55.42868310787642 0 0 0 0 0 0 0 0 0 0 0 0 0 0 60.56644981446028, -482.7979265504144 -1444.177375091446 -1734.789285852391 -686.1082556962858 -412.5592193940238 -1358.176877540772 -886.4038226536478 0 -262.7318536727846 -1196.834322265024 -659.8955060023898 11.14800576850212 -600.7297144156928 -487.8145058086853 -360.6284451561046 0 -388.4034291909337 -1152.159020169612 -498.8212548456272 -647.4753614703777 -239.0998622850252 2010.319102642517 97.69170898986124 0 1256.183934932872 -1836.557575858682 439.1875861527631 829.6976966992584 0 2322.761891500741 379.6708300595089 0 -524.955933861271 599.0156485713841 -3.418385846299657 -853.6183767022553 1087.798636358743 1009.6770465076 2701.575649493957 0 1056.786237272948 760.3937779510615 -1639.664911827808 646.3651332740253 162.5882192736682 951.3733273129199 45.12418015232342 0 -65.15825690353336 -447.7597858257224 1029.516440954434 1030.112127151184 -937.232499370914 -95.21860803693039 1979.138195500653 0 60.15888516407176 81.93523854154896 202.3654240621018 932.3776190810723 0 -395.6548323979586 2171.237456427519 0 -319.7705591137814 -940.5032635147614 -317.7275220829902 729.2135098868341 -1315.813717690307 843.9753504008546 -347.8451074166402 0 616.0724983163651 915.3308638751084 -323.1221812993036 238.4362500265046 -595.5739715426903 -3058.073107068475 -819.7055473660375 0 -194.1300962341687 -2666.616829382122 -525.4066844907991 671.7403472486296 -907.2097762757726 914.6138490999479 -292.1025799089329 0 -736.5797775691437 -94.17622266922888 -139.0700351479702 0 0 -896.6809585906334 -588.4017317897533 0 -173.3508523848275 -875.1124413933098 1101.86546048138 160.8552629615442 370.1558468292891 750.4008105994419 486.9476263054732 0 1041.997797491455 531.4060156120104 0 -351.0599558568251 138.7794024729512 686.4210938673937 -447.9355860149509 0 0 484.5638163615116 14.03778131022113 0 595.4318697263727 1797.197258329156 0 0 0 962.7697946837397 1514.432336753448 -1125.014927904248 0 -767.4999441478459 0 0 223.8464553356836 865.051035439992 0 0 730.8323701245286 0 656.4000808919262 0 381.0837707606258 775.38428474458 -1771.086568884876 0 0 0 0 0 150.658763799506 0 0 88.2074935179009 0 281.8971940296684 0 0 0 -693.3476812468763 0 0 0 0 0 0 0 0 -159.2515275987565 0 -94.11692317569421 0 0 0 0 0 0 0 0 0 0 0 0 -418.2792091271153 0 0 0 0 0 0 0 0 0 0 0 0 0 0 -120.3720528503633, -239.7955653963227 -569.1371649590769 -214.8258325502402 219.9587435933433 163.8334323266481 509.670800775366 1085.577764852747 0 61.43838726886824 1177.87425059107 2396.294018481015 1984.436450377118 -787.5013091973251 -400.1265065830477 -519.5831465046572 0 42.17431246562374 -34.3243805726089 944.9374421734218 -1136.945149546083 -371.3924333614734 1025.658872401039 209.724903015197 0 262.9060894609697 -2629.607297712364 -436.5765804237805 1835.554575206766 0 2064.427773368125 -163.2071445285401 0 -639.0690214775585 -789.1078145066282 -968.4289957726658 -1756.297557653424 743.7577688933009 639.779999506057 323.6568460225631 0 690.2048546615019 143.2076290912571 -235.0242687125906 -1322.085270944794 -499.1315605733964 454.5478896522591 -15.13399980906684 0 -0.2696123022897154 -1204.930813584459 -773.6007522430543 2273.401824845412 -219.7904024759707 707.3955877596275 1149.106709358218 0 -343.2712369057483 -866.2285591103207 509.4053317556376 2183.40314954936 0 -852.9237080988846 3466.561172691522 0 -311.5299805218486 -1644.910689368537 333.254266544239 537.9756615721064 -654.1374782281125 1491.245044763829 -1323.781100043458 0 487.8187313740195 1753.433302345194 2610.029509512102 377.3532323450915 409.7162682229538 -1186.764957443305 -2745.878616191477 0 -342.8294212131439 113.3734065724982 -158.3136652200566 -914.4002051702191 -640.7203589944252 394.2133220317171 -104.9983640641084 0 373.3077170656522 560.5638324294862 -668.5606280032993 0 0 -2179.423299756015 246.5163188059602 0 146.2351660187803 1198.129721018661 -218.0204593165814 487.3764135976425 -392.9657996371035 -11.17191633051675 1084.954098879376 0 389.3388899526398 -558.2861882426303 0 459.1607690737801 751.3201488382722 834.784882042449 2353.343310896871 0 0 -231.2022736278368 373.5610746796656 0 -465.9838198206653 586.4637849256507 0 0 0 2027.045749400065 1077.158155944228 938.1011881464368 0 -421.8280398094731 0 0 -187.6932478001443 342.1312869283082 0 0 60.03717531671026 0 940.9911360118376 0 618.7497758551511 146.4753957708972 -310.7374809015827 0 0 0 0 0 -491.3541747470553 0 0 -369.0919887950265 0 974.8074657732691 0 0 0 -679.2340350373836 0 0 0 0 0 0 0 0 -429.3367852965231 0 214.0137050305315 0 0 0 0 0 0 0 0 0 0 0 0 -328.6517023322922 0 0 0 0 0 0 0 0 0 0 0 0 0 0 -109.0138173014344, 200.934631174636 836.2515577902711 713.5980622772831 321.6036489828688 -196.8478443445207 -1572.266770547946 -353.8572104225218 0 -333.0756626113288 1102.494250356799 1185.668902707713 1051.505259206819 383.5329230451932 337.8743957183306 1027.31814505655 0 -190.469820373559 1816.451212088017 1578.397763441443 228.2273161596638 -204.3986035197998 1356.69157634894 730.6226793099239 0 536.4504887406224 -2305.626258420828 -365.5491549748331 665.3757283646112 0 1282.408828734099 -299.7781243321169 0 -1008.647565956753 -1255.73138172479 -2111.249660037093 -1537.954691594097 388.4530308062583 -528.2633603075144 -1105.480262784431 0 -956.7559992596139 -3215.770677053791 -789.4120958950959 -891.1389334356058 -380.8486240933851 -2190.812765248613 -2251.015174249773 0 101.2215750262891 -119.133558778032 -592.1796721447156 270.7803041603321 -714.1343277005215 -2070.729048947841 -897.1615122901119 0 -864.8373048452156 83.17765259058035 -1348.308561263053 -251.1692154980246 0 -89.43719507189871 342.5105761909442 0 208.7838221512659 -1616.809693649083 1017.78757200334 851.6896402353661 -13.06308497405118 1081.697734637258 -769.8882380026488 0 192.8110995417356 -240.4527590333627 2516.432663280213 -793.8135076343384 -1228.859390010902 -510.8454632476798 -1794.619075723017 0 54.07504619763762 964.1276608745006 -49.52850621682265 884.3687759468548 363.3439489933952 5.750647057955632 -2073.339651167533 0 133.3863277381874 -1253.316805147695 801.326167423386 0 0 -600.9535421961591 506.3623949053665 0 -109.51362120766 704.9178348925317 929.1122656968851 -416.2415041397514 -275.1130715890216 577.0582081302988 -558.4023812682182 0 -305.5169606584251 -59.65137920510284 0 172.8831644842748 1014.742234795589 606.0542553260636 792.8584694791496 0 0 -87.49637859690552 1251.631881802348 0 -890.2784592412632 -1128.968249962614 0 0 0 1902.888030731416 -433.68167531537 860.8315855980045 0 -692.4915577080558 0 0 -43.98426832559483 -170.6076897238849 0 0 -349.3509200624999 0 434.5919893235225 0 784.5685637776517 -439.3156322280346 -318.6925266290134 0 0 0 0 0 -647.9133247614773 0 0 -643.6469418537893 0 283.4856769842161 0 0 0 -595.6676580528084 0 0 0 0 0 0 0 0 -845.9603941022381 0 -122.5391799695031 0 0 0 0 0 0 0 0 0 0 0 0 -501.8284506751476 0 0 0 0 0 0 0 0 0 0 0 0 0 0 -113.4404240985371, 115.465971477392 207.9734399968073 -395.8322437226528 -279.6377344984757 -461.4134462091359 -1195.506628600366 56.69069691015835 0 -119.784122308922 711.4068962979502 1220.445346849305 1379.815284527232 567.7428504102418 587.0629764398703 1870.14127973334 0 83.17602145416639 2593.209521123782 797.9694753510721 966.366743762556 -256.5611467405976 -90.42015274066182 425.7554106809708 0 -875.136011711307 -1382.43815934825 -645.7975004541734 -605.3038088411126 0 -1382.287800482218 -798.3216162473866 0 -1005.892265714419 -1864.427731449354 -677.3510533860641 67.64613487294378 -492.3600565616633 -424.7525770792482 -1104.186147445428 0 238.8911134057864 -1767.647873345442 -145.5718645502196 -215.7159257982929 -1269.292273313001 -572.7270042433805 -115.3413204182372 0 458.0412375426374 287.8164070751227 -476.0282869543776 -545.3518968208615 469.5034901462222 641.7779815432001 -734.0556811644658 0 -73.13442378723499 393.1490424318296 523.5380172324803 -432.7745802958873 0 91.69595853924216 -318.8676848918777 0 332.8942177394013 278.9532598810133 1553.286463467676 945.7223851754543 1088.107578048062 2776.151956479366 -364.07849248854 0 -363.2388775350142 -811.9087560681844 709.499582784714 -1155.394619686502 -1050.575701629207 1659.182022478812 452.7587177480493 0 553.1123444258438 121.3625882531967 539.9545302472521 1517.064460531639 873.6941516282118 -1378.411176976617 -2693.816152694966 0 595.7463668373971 -829.3727715522472 3003.973658917745 0 0 -315.5805281466003 -61.12332928107713 0 -232.0831077635085 28.88687069090292 -60.53871138561112 339.4597491434128 -435.2657240760701 1405.624606748876 -701.5892114787167 0 -520.361711969773 1020.70846915021 0 -378.9999616310192 142.6220770826289 -585.5301767198687 373.6630804616915 0 0 -740.870822331994 184.5354621979051 0 -227.8484434805997 -948.0611393744223 0 0 0 157.1348796734912 -1203.404513336321 -272.4938575103458 0 529.8280291737633 0 0 -261.4149456423369 -1352.543718170235 0 0 -207.0484356737371 0 292.1774485884064 0 680.5166324155422 -372.317048770832 -126.4988703985069 0 0 0 0 0 -357.4635699521485 0 0 -243.5289675086437 0 1361.472100481473 0 0 0 -45.98992165098586 0 0 0 0 0 0 0 0 315.6580356724327 0 420.3568827721873 0 0 0 0 0 0 0 0 0 0 0 0 227.9814785613182 0 0 0 0 0 0 0 0 0 0 0 0 0 0 8.544015047472541, -192.8614736675963 -576.0235747137438 -681.0322321930875 -231.9183466582284 -93.46807018318178 106.150084341963 663.5164979838678 0 106.8413999272171 769.477523756442 592.6075461443053 818.9697920480426 87.2435455687575 -94.65901908440239 304.7992406872524 0 261.5403563965865 607.1051556087509 -504.558315316128 -110.4807724395194 -478.1433267274031 -2308.980020941509 -457.1004158932715 0 -2152.128628794385 -760.6685819029533 -2388.680848745168 -919.995294650587 0 -3239.429302317876 -538.3724383701581 0 -479.3372227017816 23.79084521579176 286.8872372496233 1002.58755486614 90.9905029412372 -203.443543993224 -104.901370473868 0 256.7829190933544 231.1268021375291 817.1863164021985 -152.2552493592594 -349.9269668749589 2016.653272267782 3541.546460221582 0 381.8514599399811 1767.747118377516 -1359.058839993389 -577.6685390703731 1387.181102858512 849.5656373961031 -295.6321861027524 0 285.5094999947082 297.4479600919898 910.1741119363587 1586.273816419715 0 -447.3364025658441 568.3049263061318 0 473.0831671024468 1114.94900109386 431.4729176708126 562.1134051394465 -466.2959215562306 1448.673537629169 584.265611236001 0 325.825729944178 351.1677013020941 2135.599318945988 -756.8273352032749 145.3082527883453 2750.811539519081 616.7418375724741 0 198.5560144977197 -549.6251764737663 862.6029702440293 -107.9060998740423 -340.4562367216533 21.88645205217996 -857.8112462902968 0 1119.320613892073 870.8227723681546 175.8606579957806 0 0 -842.8656394049028 425.6595012999455 0 204.5791327572902 -911.9084463641051 -1261.284636323433 -841.6025951675191 668.377025568818 1953.358424916226 200.920397320686 0 198.9596964055746 1249.987460974427 0 1223.3382028774 -497.2246028120923 -784.2955855908258 -1020.398900817668 0 0 -496.2155692276523 -1245.608882668307 0 -228.3913677002734 -195.0788845482328 0 0 0 -1426.307113055532 738.0699263188432 -1154.708901772059 0 253.361552829995 0 0 -270.1225180346505 -2283.631691101259 0 0 -31.09094812300893 0 -1123.256084588091 0 -244.0073184298842 423.732894215536 -680.1198986004017 0 0 0 0 0 -444.0317727634347 0 0 -575.9990776711932 0 147.7908497573577 0 0 0 -259.2028620653869 0 0 0 0 0 0 0 0 87.88989120012604 0 159.8243269985826 0 0 0 0 0 0 0 0 0 0 0 0 182.5821614670211 0 0 0 0 0 0 0 0 0 0 0 0 0 0 -98.92069070005607


GFLOW: 0.3 0.1637550954609055 0.1627824718164027 0.2553922384434092 0.2541072326438614 2.947157781005293 2.9473450072218 2.848449491082998 2.849146204592742 -0.06817349158870119 -0.08674939619065308 0.04964406080744351 0.03929179303078876
q-corrs 11193.866655717 27560.42868440258 21047.60092933533 4441.479085381275 626.2171055198745 -2039.230519135166 -3274.008327060989 0 -1501.145518917966 -2487.022006521983 -1541.091999230632 -1247.416743783136 -244.6548115281078 -980.1426709831867 -863.3910816082548 0 44.37486116990897 -82.09906196610112 -221.6264101674413 187.6811170648174 -219.594195918531 -245.8022112273578 198.6347920942763 0 -327.76440389741 -296.2751052369892 121.6611542202137 61.28779491404387 0 -13.34940061335442 -356.9498105981335 0 -489.4790263240808 -917.1947185109547 538.649728495269 158.3877194365394 -40.84194478410262 26.28169332124077 -975.7934308167479 0 -70.23575617663968 -392.4271777235979 -250.6437804097257 -453.6988914957543 -472.4445476994221 -210.6316370924102 -268.4376403984429 0 502.8552547451425 -833.1131505517833 -450.3782279035884 -668.1354367004207 682.4288038131523 276.3540500276594 -2190.361011104049 0 111.8521781697199 -44.33978821364786 -813.2329383045803 -1471.539480956659 0 -287.846896467121 -1498.283087128811 0 -41.01530663898575 517.0258995945735 1199.440809226563 -1229.400894764951 -406.3959975737877 -695.4779229416552 455.4310307395745 0 -683.5357390332824 -1614.880820187124 -2109.689414177996 501.8427191886856 -492.6584797334467 -178.2315113954378 -208.0939252974864 0 -7.503612351799859 -619.3736946590842 -824.5011144845641 44.76615359271629 -387.2067495857549 -264.7921686404631 -131.7125741646559 0 381.3471878838399 -2375.884548694654 57.33257570721378 0 0 -365.3596651645072 -610.0078501597332 0 -284.5309078856974 1277.340483614405 45.30415282862705 79.18636781921053 -94.51236890330229 -927.9772341131593 -1094.381225739687 0 -892.4493118084122 -138.2725879764955 0 -435.6060054608145 430.057646865509 -176.5090559290658 1085.694935975421 0 0 144.1191267907334 -764.4271020422174 0 70.07973173462963 -744.1265913956372 0 0 0 696.3372198965177 -60.47816937568068 204.3521088086974 0 524.5308584704251 0 0 -21.25226391620241 -45.96466945831991 0 0 -112.3014837983283 0 368.0507889073072 0 332.3036757203993 131.7443824873327 406.9340355960657 0 0 0 0 0 214.5419339195283 0 0 23.2284965785116 0 100.8892367271327 0 0 0 49.44578133988411 0 0 0 0 0 0 0 0 -167.407430223002 0 -241.0073574510463 0 0 0 0 0 0 0 0 0 0 0 0 -234.3782030643649 0 0 0 0 0 0 0 0 0 0 0 0 0 0 -47.02246096037955, 4373.430169745437 10004.60501684382 6449.667591938907 685.8405801164811 -447.2241984928634 -2834.273065640006 -2747.100161858786 0 -901.7501161773815 -1508.993294968539 -894.458485559122 -725.6598497885054 -129.0191071740571 -411.5701432604898 -567.6675641343763 0 41.89156457156484 -210.3082457510972 -324.3507215637369 -189.0676827361482 -123.3587425672255 -573.5340955541317 -96.43931730866463 0 -557.103395456901 -508.0912677298998 -759.2040778252242 229.9286025326555 0 -549.5608300272802 -23.88971926805198 0 -434.6943112580739 -1041.630750997303 115.9314455707172 -497.1952062850359 -377.3161410706865 265.0908228836145 -609.7528045432389 0 259.7295773104136 469.987278237134 -763.5979026271683 -432.8860099922101 30.09179579498534 -724.4364948046964 -138.7062519274425 0 582.9712085908515 -350.1833282653029 -530.7098408700313 -404.1662199378968 139.654814960406 145.9102611641725 -1335.340835199291 0 140.0093681585774 615.6843538620628 -280.9357544446672 -1134.926147379268 0 -486.7365745207813 -462.5489059579334 0 -51.12554888896582 -454.309049518816 825.4094303111253 -390.4505843333859 -440.7909024282713 -180.7286231264708 -676.8283997821237 0 -281.4492264887264 -796.7084082753827 -1222.718145123865 492.3814834710842 -556.090487655713 3.80433084021314 250.0471161141288 0 -33.98202270522324 -891.7294228759729 -312.0293807808765 -76.54805816865064 -85.07005783661691 79.29977281065345 834.3633663435273 0 255.2083497804142 -1077.089854090389 101.2166537895531 0 0 108.1568481192419 -552.1687268617583 0 -54.07955967794473 1241.905153555449 444.1726467331473 598.5042840530788 95.5982776842778 -142.3803576085593 -734.9047236665073 0 -302.1082581114019 171.082541801332 0 -235.4319756619801 459.6319189187851 80.35266818904793 1131.304704383495 0 0 284.0111986390672 -71.90456358310783 0 266.59989744836 -530.0786983252646 0 0 0 642.5041475633768 199.6672630631157 -55.73552830004394 0 595.7684064217501 0 0 16.34174557785507 -45.01710648282545 0 0 -123.0724491553399 0 67.72517017236413 0 168.1147898882516 173.3719543574975 -111.3206392300621 0 0 0 0 0 142.4247820178464 0 0 -3.594494904338809 0 -543.7950859073097 0 0 0 -102.4650866759308 0 0 0 0 0 0 0 0 -313.2689699367181 0 -393.77501723471 0 0 0 0 0 0 0 0 0 0 0 0 -287.6868337386387 0 0 0 0 0 0 0 0 0 0 0 0 0 0 -47.362269593192, -228.4227606019905 -1312.864955490529 -2100.994149953828 -1005.088914032393 -734.8235383514761 -1939.580494808691 -1203.250546232425 0 -192.3286089409446 -394.7248835966262 -257.7710766870508 -7.606801350497449 3.170812221052245 148.3531723792012 441.0307644763533 0 -3.456984123270871 412.1579762419644 -109.0869555561153 -226.1867585767983 112.4305062346747 517.5003425505871 249.0422228769223 0 376.4557965111975 -866.5258431487185 -667.8092132969213 379.2750363191425 0 384.3350110143221 414.6396668408099 0 -609.7745768883269 -361.2756397389353 -296.7042402400657 -559.0135171813637 106.3417690288291 677.2617148725457 1286.120370923337 0 396.1398123142757 462.0608896904573 -1263.324742780011 227.8487849146006 723.8586264878297 -267.7357964228909 20.11820656615754 0 173.7306659319785 714.7050234110939 165.8955936582581 -13.72754242134885 -536.4399628346539 -222.6014868275964 348.9185512761411 0 255.5481745883237 912.4929099392996 169.7899318778578 -696.4852575578617 0 -124.7848851680571 518.1634435773774 0 -71.17180638825207 -830.5277645820285 -63.6290016115326 551.3006342063491 -522.2953617188675 -30.56601273218098 -1246.490242089067 0 257.1993742222454 93.21979449679654 112.7773534500004 573.6596099530306 -528.4342696995886 -830.8966896936469 489.2889711396176 0 52.68293637548403 -1375.924832204452 96.60577378033285 224.4002199813252 -84.57094112997476 749.6357251600352 916.1635299455634 0 -358.3009093244285 491.4610368271798 75.28106994908313 0 0 445.0569290550617 -193.5790434234304 0 -30.91362006985597 -82.53317952445221 1035.953692413952 377.5580832558244 492.1803725857812 760.241195237006 -179.307166742006 0 425.7036105912854 320.0297325483999 0 111.6839786117886 82.59845997828859 597.9375472742578 -166.1211798997813 0 0 409.5562261800706 559.9838442898283 0 567.8165074753933 109.6946694225111 0 0 0 124.1454155706664 619.160350174047 -562.3382776916626 0 172.1720516285875 0 0 87.51792431011201 315.0132993883752 0 0 48.04415181216618 0 -108.3130538974277 0 -30.57885835409031 246.4881225893027 -628.8276512943751 0 0 0 0 0 124.0244645737642 0 0 162.0204748378982 0 -612.3361257258833 0 0 0 -198.5846637571379 0 0 0 0 0 0 0 0 -4.21034471889697 0 -303.9921779172469 0 0 0 0 0 0 0 0 0 0 0 0 -73.20614472693316 0 0 0 0 0 0 0 0 0 0 0 0 0 0 1.550816414632393, -276.6662026663199 -1023.245245237901 -1311.745295521014 -540.5101692106844 -340.1904007023296 -971.0802511323895 -619.1993971195936 0 -293.7309550650565 -573.7640415080848 -109.8188647342621 69.10482639138701 -253.2099656961471 -496.0064681115393 -465.0849488661455 0 -76.16042251541073 -244.4356888726506 -285.6255366983996 -555.1760399062669 -363.4337352701926 355.8937103317156 -11.50328932768838 0 403.6908321265482 -1236.05822500648 -531.1611064261278 335.3912480620821 0 613.4687239496121 -10.80932593741056 0 -469.8325181831678 -110.833317660061 -440.4985150662664 -800.5065350139704 519.794556104275 520.5737894381746 1108.194804984405 0 380.5908924250432 276.6175132372537 -828.3592495983994 243.4562555987228 300.2121183843599 268.405366983802 -105.9468256851568 0 57.96271162399528 180.4994874672717 142.8908991676975 312.1869988089634 -483.3114241773976 -25.36399270533201 1051.585417344876 0 11.44274406348791 435.9288107178063 219.5273530198836 268.2797699099529 0 -148.5284202943002 1232.443001921157 0 -205.7259241749623 -590.9703354867471 -272.5686738528578 413.2685378514002 -493.4970068966695 62.92538967843063 -639.6585396524054 0 385.2788907574203 673.9467936645234 243.6649789300998 436.7197964213976 -141.2391079740831 -1146.859250962634 -148.5295408483929 0 -40.10660525020477 -1187.673137848722 -17.32060297745879 -40.75262251685047 -315.431045414271 658.7564136100059 466.9427244978426 0 -456.6215376476683 309.2609095429281 -225.3847619320487 0 0 -164.6779413783696 -422.5880030971594 0 -43.34686794627196 -194.2979210832869 473.0825471426922 149.5917808105119 175.0631014437069 253.9399831420465 263.5569116603365 0 474.8847042021915 135.2694169711554 0 10.85438020931795 188.3775711044316 402.0380502546632 21.88292956542978 0 0 193.3478404324677 304.7492648666837 0 268.2343073485542 787.1273020636351 0 0 0 607.1865568513975 708.1470959698106 -192.5968230159107 0 -186.7984003684207 0 0 74.61698606532377 382.5536481028218 0 0 311.9738956770289 0 451.9858972007219 0 135.0424815022703 305.9264776738754 -497.7240934117627 0 0 0 0 0 49.49617942678447 0 0 104.4744623393975 0 82.93700994472698 0 0 0 -216.5668369850069 0 0 0 0 0 0 0 0 -48.93761832433555 0 -78.10341272660816 0 0 0 0 0 0 0 0 0 0 0 0 -137.5801815812952 0 0 0 0 0 0 0 0 0 0 0 0 0 0 -37.47850401742792, -90.63933921984381 -246.7267119737212 -208.0515631708075 -10.70252159974874 127.0658553725107 223.5395470585798 220.0381601817955 0 -89.3905585289646 230.6159827803099 1073.538303195494 820.7920261419783 -267.2700678951206 -244.4227568267572 -255.148665997916 0 139.1119739994339 277.4543206461905 333.2790903994248 -508.6981983472217 -360.1144274087439 89.00511242362677 -45.49811596025012 0 -33.55250117296816 -1272.791355306904 -556.7508526068176 618.1516023964984 0 139.7299591361309 -263.0009774639267 0 -358.9954789342356 -412.4640292180829 -929.5052911539465 -1162.855077948406 353.1085771920775 264.9269584752594 23.02556472417393 0 312.8412504972623 -53.72637081636356 -152.242844432236 -454.0836974389628 -87.4652771703598 26.57863740259816 -172.8838766448519 0 16.26430460469983 -257.5865012637534 -626.8942800367156 666.9692181651615 -247.1324966597689 388.9406324476158 577.8040030469808 0 54.51413923602945 -188.3360043802448 313.6683668825893 764.3591567781157 0 -289.4725414887957 1701.547632221564 0 -200.2703307578521 -393.671766461301 79.81831695517195 211.7802789566724 -462.4704819876012 473.2400372758561 -707.7924586823378 0 214.1868357675407 923.3304046856174 960.3050269883524 291.5948866901268 197.5678944523215 -822.1439003617031 -494.3048700185011 0 -17.48215166777224 -201.4827510446838 -115.9433838716703 -308.964676058656 -248.0222331032418 262.3172790218372 431.1166606026603 0 -18.27281858784471 292.9525638782366 -365.621038484205 0 0 -589.2421062934433 -27.4702750624229 0 17.18374558188091 699.6818248363226 -76.82727005505538 251.2269352336067 -140.7747508401671 83.15409497588028 250.2016827229004 0 211.3334154107421 -124.5629966828063 0 71.45248713461245 508.6469044508407 351.6579834035604 1385.266089527663 0 0 -51.77297783891214 41.39190046864306 0 16.71115404346182 166.8071033220219 0 0 0 1184.97665447385 222.0219274075408 588.9539791545766 0 116.9798798886441 0 0 -12.32857866161059 -100.2701963167494 0 0 -14.81957174374006 0 697.474326293328 0 339.7875297862806 -32.36553520553758 0.6481365476941505 0 0 0 0 0 -226.4820010643676 0 0 -72.82700986551068 0 386.8328310083713 0 0 0 -201.6780802087491 0 0 0 0 0 0 0 0 -231.5534248895537 0 6.282911161317976 0 0 0 0 0 0 0 0 0 0 0 0 -195.7993279564466 0 0 0 0 0 0 0 0 0 0 0 0 0 0 -46.4399445651448, 60.88395691745234 270.8783202535926 274.1718887490457 97.94261539788636 85.25647453365619 -96.18572365572982 -44.46488627611097 0 -86.69616289385417 441.7241570698701 889.7169930997843 734.2956514043137 155.3325483791606 310.2001428455243 880.0070088728323 0 83.24138026194737 1105.653568862186 718.4863009296512 289.130349113569 36.43501724205278 600.8115250557439 412.0735819359749 0 179.439708415771 -782.5687143170234 -197.2414171695647 121.5005218336966 0 106.8677364686412 -354.1778867999665 0 -322.6025959436327 -424.2805182558621 -1074.201292718371 -905.5349001898248 16.91957939559504 -163.4896054023333 -464.1249203964458 0 -267.4642872766232 -1375.319953924202 -406.1939314812897 -323.8547263322902 -285.5107234902875 -1004.309878051839 -858.5127628089456 0 34.08604630500524 67.67277382578526 -487.5301202803866 120.6056720482517 -363.1231910282182 -345.3663610774278 -398.9753517348691 0 212.3301784032529 -249.1699707001848 -384.8157134627035 -385.7692660037707 0 -100.7659511035727 470.6812260942243 0 40.33223553869787 -384.5546684258183 377.6399111466205 425.6843916779389 -200.8946303414794 1008.391429812973 -668.7816922841442 0 -124.568731384137 -224.0548217408202 1203.806652774304 -23.72889050031529 -410.0949682013385 -503.525284806454 72.51035050645302 0 25.70890866286407 275.302209188553 8.268159794239992 528.4183206535452 273.1086477229078 -67.53246235294569 -454.9742055557938 0 -30.9585059980454 -86.43008653346942 514.3522749227518 0 0 66.10401353438274 126.3710509960189 0 133.8665507334963 486.5006392478107 459.7099947194611 -84.50433959351 -57.81856816886364 62.94752398111928 -411.4531765133312 0 -82.21023972887696 182.5327812378776 0 -2.482764002038039 400.8223253729925 351.8908589180955 610.2664085710778 0 0 24.80664762839405 -209.040605517913 0 -130.8497187928155 -756.5928156502035 0 0 0 694.623703091971 -216.8317273576111 182.1507378696968 0 -113.1235673536094 0 0 14.17602324917249 -451.4572761310505 0 0 -324.8358531213538 0 213.1047435283471 0 202.589324622017 -211.3783311910138 -236.3784919486897 0 0 0 0 0 -263.0043717152941 0 0 -181.9258441642976 0 84.99686348958195 0 0 0 -197.7675544168907 0 0 0 0 0 0 0 0 -283.8260878088023 0 -24.54634916717059 0 0 0 0 0 0 0 0 0 0 0 0 -168.6007658826845 0 0 0 0 0 0 0 0 0 0 0 0 0 0 -38.27526586375652, 51.33087225049997 152.1232022437401 96.62614042310742 36.75718377100625 -61.56401786594373 -127.5169132530104 137.5227933722893 0 37.82016236670506 469.2371337714086 478.3157496102241 549.3880368847294 296.7883834624955 340.395302907865 938.5326505717985 0 31.1086145172468 815.7690689548671 242.2642154337981 327.0200576472677 -26.76868924947721 -48.15237507258834 158.829332297157 0 -294.4693321390462 -481.0401671737394 -578.7952919028858 -429.7463157145859 0 -789.6938038901144 -504.8328544988304 0 -286.9941789990893 -749.9186190351408 -635.4300937809126 -272.5743335059544 -448.9963277460935 -214.3052421059112 -669.5936621688529 0 3.542549283210306 -951.1598126793929 -365.4338484819821 -145.1596397021484 -394.9731226535692 -789.0747665526278 -131.6905738866161 0 110.8816204233243 376.3274263707946 -175.8320540300006 -54.05019114274609 72.57377382977167 270.5246673920638 -199.893147019211 0 334.531729448135 145.1502624896884 -35.3111286705599 -460.0825556619241 0 138.1647497020385 231.502842854846 0 157.7489044699979 -298.0412549677071 363.8172627685572 662.8427068652538 282.0541451212998 1653.493827648399 -351.5437860925722 0 -62.63778699545384 -582.990182858608 904.540834220325 -527.3400747475314 -575.6547271853626 712.7246023130708 393.2503373403945 0 -25.19809147851575 153.9860318475373 326.8719727117079 848.9045917880948 535.0395208532648 -447.3362120644821 -878.091110239219 0 171.0339334811434 -344.872064460081 1243.912970125883 0 0 152.6826155351123 -21.2580757022283 0 132.1656370655259 87.62768469438868 215.35917132931 18.47571185829554 -68.52041173943761 329.6482512363629 -519.2421510457373 0 -316.8866409045095 761.0800315456663 0 -123.1488007761741 35.52848891512559 9.165726329353333 117.9849417624135 0 0 -325.7391387531896 -388.7539858002817 0 140.945032470194 -803.0595791409094 0 0 0 -33.79652704364916 -325.4710386236982 -209.1359190586242 0 255.0688418794365 0 0 -145.2608117662851 -668.8218234299611 0 0 -278.6086931184544 0 -78.93136144886265 0 168.7207113542785 -121.4324084889623 -107.6555880120881 0 0 0 0 0 -123.1405713223954 0 0 -51.27600456379059 0 299.3231083798833 0 0 0 -18.16683361743552 0 0 0 0 0 0 0 0 102.4503218111683 0 132.5070592667651 0 0 0 0 0 0 0 0 0 0 0 0 57.8473208741854 0 0 0 0 0 0 0 0 0 0 0 0 0 0 -12.31235223935643, -52.78289266113006 -86.53048246577259 38.5224538402025 112.0483017342145 67.9092865764672 315.225058222895 404.5623401555411 0 77.53949724019333 184.4139348225182 66.07199829065667 63.57724392831781 -8.439071916157019 -74.09856440219257 -427.5146015008667 0 -19.0520458111024 -620.9006312630603 -340.0282387500425 -332.7520756806775 -351.1592197883789 -1215.477808655885 -634.2359471560208 0 -941.9783115246848 -274.8350637180604 -1261.280618609969 -473.2720677940676 0 -1527.054082587245 -405.0023801142344 0 -106.8640270358788 -618.101587609747 -59.79403159763402 102.4503867848855 -387.075835176629 -64.1302318190003 -524.7969582684477 0 326.4262199216161 341.9273388384483 72.58828573389735 -211.3073777945024 -116.7523279684228 423.8043624487517 1240.500263214467 0 189.3994509731355 691.857770272436 -250.9954485452341 -83.21981689196923 563.7864914768647 441.1329486934251 -85.44908005529481 0 147.7770606114462 325.0720464758215 510.7679922584441 744.2782982052386 0 -22.45932570418222 595.8555037903227 0 165.4967248811969 -255.2363256643997 -95.61853365271577 367.9510331707761 -250.7306297996106 801.5431830935266 75.1024313011583 0 268.2520139850132 -38.26064708354319 720.2821752394804 -572.9996357612748 -208.6890454873481 1041.216772488662 285.4383609731349 0 -90.90942560440112 86.41413658497967 358.9091210407196 273.7375384944227 103.4229065627847 -199.3522480406543 -537.0559616099214 0 441.8845414060914 124.4353525480669 690.1130431891767 0 0 -27.91953127393818 386.7450018604745 0 107.7405245934852 -313.7106045989502 -477.180206892705 -387.4856284292676 158.2455276276811 991.7014066189279 -194.9535339736777 0 146.9760523855099 665.5027326894115 0 399.6631472292007 -211.171416360814 1.919165206557551 -220.7972204654369 0 0 -501.7623543659104 -597.0960698253645 0 190.6398728777646 -393.1234642410998 0 0 0 -585.8061994232625 274.5710084991052 -448.2137217822333 0 243.8480250219005 0 0 -210.6124019296338 -743.7155306481923 0 0 -189.3643153313436 0 -671.7423367124477 0 -41.86384938800443 94.29313063655597 -271.8001438056616 0 0 0 0 0 -92.64066750227953 0 0 -245.8465315766329 0 -197.5852000709701 0 0 0 -76.78291696801431 0 0 0 0 0 0 0 0 -132.0172918666004 0 7.754610762106154 0 0 0 0 0 0 0 0 0 0 0 0 -50.69449502484214 0 0 0 0 0 0 0 0 0 0 0 0 0 0 -38.3214972925704


GFLOW: 0.4 0.1074064668128871 0.1067484130302432 0.1567403411189222 0.1558852239275691 2.970766664863476 2.970901562069908 2.908656755676962 2.90913994665289 -0.08452535225807448 -0.09773283600117903 -0.009844573060390381 -0.01748478373707447
q-corrs 4800.378220202501 14449.27160884248 14009.982741034 4231.501543385819 1366.594155758953 1481.10037738524 -368.5588853083899 0 -672.3237617124101 -1451.469900190739 -865.0961462899124 -788.6170448419939 -247.1907123286547 -664.7415381991559 -916.7547258255939 0 10.01885774725891 -209.9151094402777 -199.819384506221 -173.2747818339382 -59.31127958496836 -89.97950931489279 -40.97292164802087 0 -128.9331534241602 -228.6870725383912 -198.7247572666311 39.15363739052654 0 -154.0805797225057 -131.4586886339241 0 -280.4908231417384 -599.6631282094579 162.7230130683641 -79.1707076413162 -154.9497228662557 -146.6302754913084 -800.5322767589108 0 -105.6586236777783 -389.8121444540377 -270.6292671764434 -277.2019259007767 -387.8616692984619 -277.4290479087386 -114.3086173825943 0 248.0376974454982 -745.4352085036941 -414.2994550402457 -491.3049407090264 254.2055280528956 -57.76164732962097 -1557.235444338002 0 -115.2765644084117 -95.5340894438621 -429.8768302434007 -894.0409579433 0 -393.980387541499 -1290.004607600882 0 -41.40478298911351 -311.1337608966066 500.0397246992235 -646.2580063458649 -119.0546476045182 -714.7828741012122 45.354969661117 0 -527.023807068262 -954.6267843388292 -1357.730252128184 68.69991545607022 -493.379048890512 137.3702054578857 -304.7147421759336 0 -82.5617542833362 -471.3010138073524 -435.3014593183119 -64.13001463323299 -298.7058276917762 -257.190297828898 -94.18006364388197 0 399.2978760679425 -1632.215927632432 126.522557708514 0 0 -232.1182219301836 -416.5370770592039 0 -145.3384016401036 905.0172325895501 -73.07336311878728 78.99046788148898 -81.49346793198148 -124.5523735167664 -663.9921247410125 0 -506.196792195106 37.87127136547525 0 -284.6986534828366 323.569129284603 -125.7969551620866 1052.527956876602 0 0 21.62684186425777 -168.5620815004651 0 166.1010072130645 -503.4726856513967 0 0 0 631.6309825095735 -91.27659854372916 340.0931396397159 0 420.4310221734075 0 0 -15.00659234618967 75.82796120187103 0 0 -90.17723601189586 0 363.4096401114521 0 233.9487145656699 44.86919059373497 286.9303810761263 0 0 0 0 0 90.91419100650211 0 0 6.341796530231875 0 92.64318263527288 0 0 0 25.18355647939975 0 0 0 0 0 0 0 0 -184.4723613199241 0 -97.56766658749216 0 0 0 0 0 0 0 0 0 0 0 0 -212.664505145658 0 0 0 0 0 0 0 0 0 0 0 0 0 0 -54.12609095978763, 2315.775382354464 6726.948958622154 6122.478093721631 1623.372620215162 357.0048508369705 -261.4337745995265 -954.3029029164196 0 -554.4156600665516 -1176.90159686731 -689.9784168982121 -592.0522387640697 -193.6509436002341 -442.1700455746071 -716.1654668826261 0 -5.217901282249176 -244.2399325102014 -223.1466000108236 -271.693376338844 -42.22662428483116 -183.8665518823943 -121.3941848152124 0 -179.0075807006086 -351.9471176522479 -468.1552645262836 117.5654172964463 0 -217.2662779012016 0.5394197723133232 0 -310.9641081745762 -612.907025823225 41.30917996704613 -295.7302903643597 -167.3457123170735 77.39239128975859 -404.6205414026013 0 101.5189235110081 81.21122160080503 -464.437700071619 -173.4753598457456 -107.3275178526669 -372.1066286554902 -69.26128347242599 0 270.7042717255143 -404.9192703690004 -211.0913102703822 -289.3979795604561 53.23026372696415 -42.23074965160498 -922.3977923600246 0 -78.37731296210308 245.1663566668552 -198.8513078458166 -643.2110890417428 0 -253.7616110503926 -626.611964271083 0 -46.97195002416701 -486.7252673910316 427.8623962869282 -233.2090578731435 -49.99301716840665 -309.3040425453568 -320.4506194185971 0 -262.2421709318089 -512.2026671782853 -640.6088303831357 210.2624400616866 -430.0163168503831 196.1438375452458 -42.04425239459924 0 -48.42559409243853 -458.9325724357451 -171.4776593005635 -19.53478549141516 -87.72310717612434 3.976934615924336 368.7425666119904 0 219.5520971713603 -798.1002347986599 179.3663432340123 0 0 -4.131619683165809 -332.8677281458539 0 -22.44246565147861 751.1776202062943 200.2002807820363 280.987015362971 40.44986690383176 49.32340232752409 -430.4085988712802 0 -219.3079066711809 137.1728528759675 0 -139.1481344500329 283.0008260771316 20.27748682884041 777.568675830044 0 0 133.5509032427533 88.15971105805171 0 184.7137710060309 -302.1835259327196 0 0 0 458.1757106502895 86.36524893595805 111.5010398602734 0 306.9695112387402 0 0 15.45252037880264 130.8109892675363 0 0 -52.78469215710268 0 121.2828886724833 0 112.9957202406295 85.71151398037398 18.31161893682777 0 0 0 0 0 89.0770073921128 0 0 -44.71610129284245 0 -211.1885512692094 0 0 0 -40.00071705485915 0 0 0 0 0 0 0 0 -261.3123193902149 0 -166.7468555076651 0 0 0 0 0 0 0 0 0 0 0 0 -232.7808906832113 0 0 0 0 0 0 0 0 0 0 0 0 0 0 -52.57345337083811, 77.08472495561217 -101.1307259396653 -621.2755473662762 -466.1150795493509 -390.944820426659 -1259.4311500985 -973.3858512531102 0 -306.4796501177227 -622.0326540748332 -338.4725911050622 -197.1395900309971 -97.46623851689426 -177.424402011016 -224.604794573706 0 -8.898426063270509 16.85932976544302 -118.6217843485254 -273.7277466476663 -10.66793904811652 113.0809814247812 6.809112746896744 0 124.2653123391874 -533.4180215488223 -450.1506476819843 244.2249128300103 0 212.2744488685976 209.1076168438166 0 -376.6023835428909 -301.2685130931572 -99.43847820601252 -395.2075045294254 97.08138488315302 369.5965744460573 543.5243580341937 0 249.6965129265762 372.6253457181905 -660.9547944769021 146.1844261473568 293.5306424347363 -204.598915379791 -44.65832342184937 0 167.5448232729786 215.6801615354537 169.6622260452748 -33.81383914831635 -256.4221210361362 -140.9017924870763 148.029065384866 0 5.778697934499235 527.5097837477709 20.95612261225992 -281.8650483446587 0 31.98032555018403 246.0497881733914 0 -67.34514703481611 -546.8837874736281 87.10203351393973 292.0999075661016 -55.10696222416203 96.9931949209855 -591.4857602641621 0 123.1909568969455 56.38953575563433 332.8889317497577 415.0427417618547 -280.3132356809029 -130.7202921845719 240.5890692182011 0 17.91588003578832 -491.8664439803198 124.8031045185208 95.41966072961628 92.69740921198998 426.7236881721495 630.5107211496182 0 -186.2517698563178 367.5512123562565 151.2616105274419 0 0 248.2494139128624 -173.6134315291062 0 65.70748757511228 112.7783296209308 535.8074247955276 257.5088473175316 243.9555463221134 209.2115588900997 -25.87448194426314 0 204.5168800527391 151.6972675139091 0 64.18794322379431 98.95524771022633 249.8622478893324 -48.53153850493455 0 0 249.7553091831015 284.3624724763185 0 164.4137044698139 133.0794657310323 0 0 0 97.59624780249068 339.2973788912911 -261.6693051485732 0 -26.10244344018003 0 0 54.10384841937613 189.3192245844154 0 0 59.21006503949399 0 -96.80091416282457 0 -49.13109351820657 141.1735923879723 -354.3332713818379 0 0 0 0 0 65.70388285768348 0 0 -6.418736995981389 0 -371.8287601744204 0 0 0 -121.507702632776 0 0 0 0 0 0 0 0 -130.395362220926 0 -168.6677848593894 0 0 0 0 0 0 0 0 0 0 0 0 -109.3982416728679 0 0 0 0 0 0 0 0 0 0 0 0 0 0 -18.98673119086045, -146.0934141882443 -636.6281094316813 -928.4703498999235 -443.0574115110119 -262.8970012288344 -786.3348256097288 -573.8845739434003 0 -236.7705509888786 -424.129658935523 -63.71898593042273 -10.07628418818072 -145.8300642773429 -317.9239902792035 -395.1218280006858 0 11.79734306289912 -89.7859301303244 -165.9992647251464 -384.3157430582212 -233.6430118999123 -53.41148304978246 -82.31956951340618 0 85.41159944024236 -719.6107729688272 -549.296824322228 189.2910527799926 0 87.64247794083929 -63.13845501054658 0 -339.189375515887 -254.5823616157874 -330.9070007154323 -611.9923171921195 215.6767441848796 279.4196104815607 450.0472597922251 0 188.8456583101382 154.6297100785308 -538.646191291635 135.5599581655962 201.2935489463295 -51.32189365757566 -146.0657421736478 0 92.35513482966522 118.3973915818047 44.03010018083441 63.79351442478992 -300.1889341429352 -97.65027973699834 502.6811653775114 0 -9.14893218720897 362.2953470630652 89.80422127946858 76.48150361812519 0 0.2918477438249028 649.9701421152524 0 -118.510018897815 -356.2967865214304 -124.0954135247331 259.1040806856356 -161.9116658775148 76.40955137358603 -430.6417595535547 0 224.3058929199165 389.2589129135166 379.7843120297204 383.2594415737361 -23.44821429016005 -417.8146180991076 99.44645541166983 0 3.266994972168845 -453.1589645517064 80.76581184855472 -45.96646203196139 -26.61569812555236 438.8273604545196 547.3713410481893 0 -263.122914206253 447.2716476164837 -71.70365267003331 0 0 55.85314201949613 -196.1562213909284 0 30.93774053066228 9.198155355907879 311.3248135163435 201.4253293997563 157.4021627796937 101.4421464374993 186.8765740951122 0 257.8612861282762 42.28154729817638 0 40.75351537782808 129.8087541355838 189.7373801015584 66.34597121675701 0 0 150.9788311714061 220.8477652669483 0 62.77122537901971 375.1671016738422 0 0 0 325.111140643249 308.0237647221896 -60.52102200650858 0 -59.76953294492449 0 0 40.679599335836 128.1332727649842 0 0 137.4370442355535 0 216.68378515873 0 53.29322177883764 123.2563602265394 -210.9431199977032 0 0 0 0 0 7.403516512668375 0 0 51.87233680314286 0 -10.8579874925971 0 0 0 -93.94525393965824 0 0 0 0 0 0 0 0 -27.73602086499361 0 -55.38817569795019 0 0 0 0 0 0 0 0 0 0 0 0 -57.13568022946329 0 0 0 0 0 0 0 0 0 0 0 0 0 0 -13.5107482732653, -49.68530231160162 -170.7807832619931 -211.7051460859387 -86.13776932386119 48.13712677743889 57.04263235881005 11.08971497757484 0 -55.82116328659175 77.49860077017513 532.3737873128844 388.6823102994381 -97.56283801960845 -92.05674838247589 -85.96596429399754 0 109.1419315342234 225.6494055896796 132.6178897039977 -254.8992732054137 -190.04859799185 -79.41181944351143 -88.98295922828291 0 -73.56001570928446 -635.3434851277625 -455.152364485501 213.4916648620479 0 -212.4788806983281 -203.1166445162758 0 -244.5040412139489 -321.4976171958508 -620.9770067835173 -727.4767202217289 98.25113466535389 129.0309130363053 -36.18973751064243 0 123.8012448565156 -156.7047259852439 -237.2240224656981 -158.8018045269298 23.56255622668317 -139.6700765158365 -171.851281668282 0 9.849350434956257 -37.48785102645157 -374.5591250073593 196.8018987393986 -195.0194100586254 145.2623294230307 292.9836147818926 0 108.3870624684935 -44.62002218796609 128.1462819338757 173.8228973972512 0 -134.5359952672932 816.3622700279868 0 -97.80821644254787 -47.88663713655478 -19.33124875524896 116.2755958581215 -236.0597605642376 238.5115571142898 -412.4171194625959 0 97.19098378893609 451.8945736136613 434.3746824336276 316.9253491285147 128.0024106529575 -451.6034141226972 89.96839019776672 0 27.50434566823468 -139.0724217886404 -26.93257005036882 -58.34947568933768 -37.3627789557593 201.1968523346143 452.6541593867048 0 -87.06255419904058 310.5121056701061 -63.96681811213455 0 0 -64.88730034388587 -44.33108841429983 0 22.09067184546161 363.6463547929657 93.94960887124783 210.0996257237884 17.66352027890072 85.99509624212817 63.714157974917 0 137.6768844504269 9.357300767957668 0 -44.99296780869279 262.3374047606189 146.2135719107906 683.7220425676129 0 0 31.06548727113572 -1.474669553454731 0 15.54278895862119 8.440795988933711 0 0 0 618.510873441092 -26.95036016146724 239.0744870651928 0 132.7457330807745 0 0 11.03765704771429 -173.9271890760127 0 0 -31.09841548721225 0 402.852217775708 0 180.0005323131467 -51.93018397362021 -17.76791430970906 0 0 0 0 0 -119.0010594856823 0 0 30.22857790826598 0 187.4493379392289 0 0 0 -79.89837866263053 0 0 0 0 0 0 0 0 -41.23574139424609 0 -3.653338391913369 0 0 0 0 0 0 0 0 0 0 0 0 -57.02484895940827 0 0 0 0 0 0 0 0 0 0 0 0 0 0 -13.28956525509003, 18.48170380947573 115.2708998301998 170.909139560053 81.02189862521098 129.12036695903 271.3487381622513 189.5068006508699 0 47.20732811240642 369.3330825842819 585.5480146117716 473.3010755230422 91.81616155199207 220.4837992967164 557.1521217452063 0 80.38253754275431 600.2061373954673 344.0385561997488 166.1936237971586 39.5897962692662 241.4970638323939 174.085838294201 0 46.07357899746742 -316.2146341370022 -169.4378105108429 -15.50397289317723 0 -145.4591203065349 -238.8037223343074 0 -137.922049641361 -216.3825628565341 -585.6344087637071 -489.6663988208375 -60.46903903107316 -59.48332325378717 -220.8090838541427 0 -94.89115461699285 -660.3480063523218 -226.8053301716943 -154.8349559694582 -91.82178045042227 -491.5823904605598 -333.0710766565708 0 -29.97656569652892 143.9438402249141 -326.6333354458549 105.5667448376833 -161.5238991704484 17.69625980992757 -93.17061134724857 0 246.5662810781717 -221.3413475216611 -148.1532234951595 -328.6801467779442 0 -62.36973426361226 402.1557167154818 0 23.7006359184445 -2.32699162292576 114.7191045926565 249.5487376543684 -133.6489171911776 649.4558797585661 -401.7932589379334 0 -79.6186695347244 -91.42801602189246 657.7573776077311 153.9809860016849 -117.4387909789592 -300.2814028891187 326.5694203187597 0 13.41082589112088 142.9359974678118 49.80215364165701 360.8381189689588 219.7144235414061 -38.70879103917127 -92.48402290316076 0 -65.19984514748312 215.6865819240061 383.4487826205819 0 0 177.1083814134012 69.633658416222 0 128.141597858253 244.5490129285802 274.7622565516076 -38.63234687326816 0.6728448023099247 -3.574209044037161 -280.3822101802795 0 -11.29455942883405 212.6529426495344 0 -87.86692466603698 161.5237970933759 179.8956938625653 314.3067779377523 0 0 -16.00279702850179 -319.1374901721997 0 2.526583842559702 -483.3123955433373 0 0 0 270.9086988081821 -201.2268611628292 -9.379586495845246 0 7.29768407271802 0 0 -1.512325649102678 -368.5650667331587 0 0 -206.9935729715442 0 88.70455392556534 0 61.47349843693869 -128.4987929560543 -183.9648078239789 0 0 0 0 0 -132.3947888811027 0 0 -26.96829692759373 0 6.977973046318716 0 0 0 -94.42691869693476 0 0 0 0 0 0 0 0 -50.62214538817139 0 -14.19755612661871 0 0 0 0 0 0 0 0 0 0 0 0 -30.55156336876023 0 0 0 0 0 0 0 0 0 0 0 0 0 0 -7.189885740907539, 28.51645252348804 140.038556767914 221.704602776605 127.1637589849965 70.57117206231466 238.4512341905218 262.1385837397522 0 84.53459321274076 333.9355551299731 237.1117329976076 241.8040341013376 139.5326096965323 161.7212143626629 402.7206272310613 0 -4.005623491016223 213.8859605341637 38.76372185014898 110.4920700535388 -33.50005126818697 -133.4777672737595 1.941073972012191 0 -194.5650043495772 -200.433291564683 -438.5905780487423 -296.0523054723827 0 -563.0529238782035 -361.7413234460801 0 -89.84789014909688 -400.5037014681217 -401.8740877906262 -254.6852512172595 -295.2292341950904 -106.1862793830639 -413.4426183272315 0 -26.16554249194907 -493.2076724429673 -254.1543740849538 -125.0778663103009 -101.9996241368204 -530.297336339242 -62.09952395168898 0 5.185138579238082 308.4088143777868 -117.2598217837908 68.84459381887439 -0.2394265197746819 144.7159698474198 29.67015977092575 0 207.0860691400796 63.56422022882009 -74.76225978000042 -259.3414133228631 0 95.01611300650211 361.5106603800473 0 89.04804734393892 -171.8987736870475 119.4356431841819 436.1744686245981 97.21186890734043 998.5117732813754 -226.017337891634 0 34.9516884190964 -318.880694080857 758.7199048736339 -190.8302391494773 -278.7997587696016 324.8906400267593 287.8523967774705 0 -58.12024581373854 224.9541817859831 217.1650183105931 555.0832872026689 359.0269778699511 -212.1717415152365 -489.5872935082362 0 33.10560947768545 7.492115229595939 690.8666064109411 0 0 182.3443967583661 94.92223773460898 0 178.0778189528364 14.00799881564831 179.9716430383995 -163.3279280484414 -35.82998439133024 93.03817539460238 -406.8028430197595 0 -152.8944944966961 480.5380777363742 0 -68.93094789969197 -8.628180660612088 117.3759072359303 41.00692380354064 0 0 -224.1712009609545 -418.2987127598536 0 157.4220791725039 -607.2487870455691 0 0 0 -93.95813916361298 -167.674837172006 -135.8573817682452 0 100.6477613611185 0 0 -86.2547581656238 -340.9973999912204 0 0 -229.1901862330127 0 -133.5480400826634 0 6.158158450527871 -85.09929841389219 -100.7980425877147 0 0 0 0 0 -46.12364540263577 0 0 -42.25053339565939 0 -12.10934501590873 0 0 0 -19.67951043417271 0 0 0 0 0 0 0 0 -16.96695366342857 0 20.61238370621432 0 0 0 0 0 0 0 0 0 0 0 0 -13.50049225828568 0 0 0 0 0 0 0 0 0 0 0 0 0 0 -11.6757840505611, -1.979201340699092 72.1717668198479 212.6510271705043 154.4615602440866 87.01307287323831 310.7943551728979 255.8736432719375 0 52.01134333685663 -13.63100142690037 -81.26064784344194 -129.2235759296397 -68.97385258704782 -108.0207621925298 -524.0404577953593 0 -71.73876531689424 -721.6324372290374 -334.1650979000181 -289.1742252222689 -227.2256670804388 -771.4360110040949 -504.9435552364694 0 -559.8145073985183 -136.3133232900813 -756.5452918422812 -305.2778976575357 0 -923.0105337025536 -294.563011078039 0 -15.87028048402705 -476.0717218852142 -94.09119439163408 -93.71496111625866 -303.1915861723019 -4.213828804656941 -440.5115595360235 0 186.7786611558982 253.2908107613964 -61.60373856221503 -142.0410548295671 -27.36816995209109 -12.19297952445167 478.1050103405475 0 95.68794285774459 277.7278604285356 -5.882118210024288 23.1936851560248 241.1526555022291 243.0119467278476 45.25082441328406 0 18.818310046115 247.9525882626272 236.263313894479 366.526019573302 0 18.56403412589603 433.2325658936592 0 68.46604773536315 -234.052931009255 -75.6170881243244 236.893404682161 -70.44596700412933 518.2414312441354 4.894689966479305 0 160.9151885590236 -102.6808562390779 401.388295259864 -368.6851410948507 -151.1877789624426 486.3573269962128 100.1419970744761 0 -75.61723879012757 189.3382183110149 174.3445364625909 308.2470588836623 142.9421164156635 -233.6211059979425 -525.9415788311911 0 208.2919995427306 -69.14672047298313 487.1995267480187 0 0 51.84520717994631 324.7680388957819 0 93.00951523732991 -109.2115126094569 -179.5159185173563 -319.6158546026935 -26.98202081936764 475.370205567601 -318.4886624328327 0 -19.34882347820572 389.9890923248088 0 121.7780280911762 -92.48171656436816 125.4343268845526 57.38922015676204 0 0 -368.5923111678175 -382.2732593219363 0 236.3939032363714 -490.9563603639308 0 0 0 -258.7705191106372 17.58543744608559 -124.5079962443277 0 162.5471145353225 0 0 -134.7800822563233 -245.6742627441195 0 0 -203.3531445274876 0 -370.1351308027769 0 -42.47050371865534 -24.1110531489496 -70.66539279032739 0 0 0 0 0 -1.447790297980948 0 0 -164.6398449201468 0 -233.3253344420843 0 0 0 -14.17025101874366 0 0 0 0 0 0 0 0 -202.6215620035338 0 -41.38155286800411 0 0 0 0 0 0 0 0 0 0 0 0 -112.6041005673945 0 0 0 0 0 0 0 0 0 0 0 0 0 0 -29.61220215678516


GFLOW: 0.5 0.07598818448332381 0.07554418962734259 0.1053674685841948 0.1047971627218526 2.981473792907963 2.98156698535639 2.938806169495695 2.939136670421659 -0.07179444968526605 -0.07683132565124008 -0.02419830903503414 -0.02462188446010126
q-corrs 2363.243791809799 8094.225658426772 9062.600225468439 3269.251378522827 1330.390010964078 2478.600247917745 881.8261578430443 0 -185.651436952676 -621.4613431001045 -391.7499758966153 -434.3418824752893 -181.6723271433958 -461.0715953358147 -752.7541709892675 0 -8.783638380984588 -257.1311169147792 -201.3397575552304 -242.5169032159895 -65.06075386504935 -97.49958108343019 -99.81604764033531 0 -69.84855424062746 -216.3793038098062 -295.1524543614868 -1.285512335290008 0 -162.5045386290716 -74.52428682234108 0 -171.9541611309996 -380.3028830319 21.23236094941216 -127.2199160184943 -159.4603310747882 -171.3117770375417 -538.2030877264033 0 -96.13735685554147 -318.7222546884044 -238.1448231590956 -157.0791189601861 -247.7629187395883 -272.3865378375867 -122.6043296246638 0 126.8343707344689 -521.0230870923785 -318.9185092068215 -371.9759680231238 74.55791404403772 -194.2835852196476 -1010.113477357032 0 -194.8000545586564 -64.8075587513882 -245.3587114087466 -552.9219686977714 0 -298.581191764748 -955.3373229098659 0 -29.15245153608825 -470.5635834942222 154.3156109653034 -355.3641348725185 -12.33203888433682 -593.0512376886979 -34.61303246785918 0 -354.7684434377238 -580.0126071691075 -875.5490460572612 -98.52835029950421 -354.0363489885537 198.5537104008756 -313.512326710215 0 -97.0757466686414 -332.638488470343 -228.4346483299735 -72.49131786035628 -225.9703371025062 -225.4100487614349 -80.66203547198688 0 297.4436462187414 -1067.032350612927 107.2460927479096 0 0 -179.7833290043502 -253.8749907779575 0 -59.46148064941082 606.3436957354537 -101.605805149104 61.02708203578685 -86.17535002567521 55.05537908531412 -400.4420568399615 0 -324.3628439850584 80.48308925897402 0 -147.1645041078537 215.4697109806539 -82.63446840619903 796.23841644146 0 0 -26.25275710559827 32.21558992755416 0 163.608492249614 -312.2971251587065 0 0 0 443.6775354376738 -48.34610474017217 303.7634257698528 0 312.1910053783672 0 0 -9.492454961282721 145.5909206461765 0 0 -54.67535629049804 0 259.7290676752457 0 159.2474257405639 21.88383737433054 245.6286774714702 0 0 0 0 0 68.59954422733757 0 0 -12.19167397381391 0 87.62244662805196 0 0 0 39.00905553880791 0 0 0 0 0 0 0 0 -152.1171896206972 0 -37.72038319257135 0 0 0 0 0 0 0 0 0 0 0 0 -158.4877805472026 0 0 0 0 0 0 0 0 0 0 0 0 0 0 -41.9883690563741, 1307.767100746563 4388.123201189106 4757.701959287091 1626.105459643295 596.3309127443933 882.8796939261098 65.54912148874907 0 -255.067275632146 -677.9861249112521 -416.1109032380721 -402.818304851102 -163.4283519063682 -384.5908720145755 -662.4527142144815 0 -15.43754976713319 -260.3283488090434 -200.6741260291253 -264.7228389539746 -63.95307904880608 -126.2194818265947 -120.1470519815681 0 -78.51850565352166 -265.7043524820474 -351.9828465200151 57.60994954011447 0 -131.2014313169975 -0.2577953128082981 0 -195.8557599539442 -356.2454880281592 -6.042223187160538 -197.5425786545935 -111.8679087521128 -21.22475395391696 -264.5500803648388 0 18.25477841221999 -47.96094780695348 -304.5800895098552 -71.38854615776583 -96.7012973366314 -251.9303555947223 -85.48335165724288 0 141.5307762549422 -305.1717314518268 -128.5890181433634 -237.4385708498667 2.244748229820111 -138.516723308243 -605.5609072730686 0 -136.3149092351499 128.5988010899979 -144.8948542586 -382.2649842811462 0 -134.5174659837215 -520.9563702141027 0 -33.825015481947 -449.5796969440053 179.5625105632359 -134.2069017113834 40.57591998489988 -307.8984692252483 -145.8552434828439 0 -190.6412609111024 -342.4160745545867 -393.5191353877392 52.79828195776339 -290.2925734799103 231.1446866648178 -138.9814285036127 0 -63.1248417107149 -251.58937000841 -88.43257886564344 -13.42628139107566 -83.36440714141094 -42.78858905979369 180.0648443699649 0 177.3299978883766 -550.6888889451955 159.5161932919164 0 0 -46.93987340198132 -206.2671371007095 0 8.065474687297716 476.3238032655551 76.87317626899014 160.1224590724323 2.824276486923459 99.00897975610863 -253.7258075141275 0 -165.0677092545022 107.1935894202585 0 -75.53109884006642 172.0067630973844 -12.51965740920804 538.8825128442575 0 0 60.41222617374199 133.6162323504334 0 131.3696554878422 -172.3632137188735 0 0 0 289.2952946541018 41.28462740067748 140.709544855331 0 192.6898946232039 0 0 12.89748190703246 154.2194903667321 0 0 -23.83563665961563 0 82.61764628661156 0 72.31752610582541 44.49077872075836 75.95143019022839 0 0 0 0 0 63.10489633927654 0 0 -55.93754709784078 0 -99.37000913078472 0 0 0 -2.043202928801001 0 0 0 0 0 0 0 0 -204.9790178522903 0 -80.57734317954269 0 0 0 0 0 0 0 0 0 0 0 0 -171.1000966806172 0 0 0 0 0 0 0 0 0 0 0 0 0 0 -40.60322028411601, 147.4980564033009 348.753009147689 133.5039363282262 -95.16476503373987 -148.895343735579 -639.1691684008666 -613.6365508745638 0 -259.7551608805571 -564.6249577119397 -313.4783555414191 -246.16969881305 -114.1714389594771 -254.1729908320201 -418.1106307081681 0 -7.190609724974216 -132.1965146248997 -141.2706200097088 -252.9643854913373 -65.27775411549645 -53.9773981692653 -70.67696414891587 0 13.66519985180827 -344.6729652411192 -336.1052180980873 149.2630793267316 0 48.81425935864938 91.99358652461328 0 -232.2343233166405 -227.755845756318 -58.16984292593632 -279.9516006549359 37.42733580792746 175.3938028137964 224.1252957991007 0 125.889635747395 202.4981902972714 -400.1484622661094 99.29132991045174 123.556789009056 -160.4041707437625 -70.77468020594485 0 122.0798775411664 46.90149949377092 125.9841931170303 -72.42892767733778 -138.8938937987199 -129.8027309366183 40.1655289966248 0 -37.1123308008938 332.6359898968399 -31.45340917240063 -127.3613304441507 0 96.98464388206389 102.5076835912088 0 -48.53987728500447 -366.4965417332036 93.32764723010449 167.4423033602291 53.00982457748373 59.06435891847613 -246.3665967665504 0 59.04371464925051 11.06546795850604 280.4817673092006 264.094682590565 -151.994301462709 96.44173843618792 112.3729715856485 0 -7.839095022198585 -155.767528817829 90.84603267167417 68.70691784167005 90.07564931366841 246.0237560139204 438.2666696512578 0 -64.56507439473154 241.6252091074264 159.1553403660094 0 0 135.0495165084038 -118.7719467268604 0 72.82027395493563 134.6497539065144 305.2308194558713 202.0370963516388 141.1604454657641 107.4733401292856 15.12775779792749 0 97.29939626865422 84.59006218933058 0 29.8496384062804 71.33791947393773 94.82810224049385 6.448524676958932 0 0 164.4713690275181 196.5441942477367 0 41.99762241311443 105.636068250769 0 0 0 48.48246828602079 169.9901514357089 -122.5480744771139 0 -47.97830932965373 0 0 39.77383157484887 114.1546571862683 0 0 45.30266456230513 0 -95.90529941937864 0 -45.04967929689712 74.74625610473588 -188.5916614865282 0 0 0 0 0 33.69955566072709 0 0 -53.56943303081138 0 -249.9729108488856 0 0 0 -64.99517796408595 0 0 0 0 0 0 0 0 -151.3476367038023 0 -101.5531494552599 0 0 0 0 0 0 0 0 0 0 0 0 -105.7322298200946 0 0 0 0 0 0 0 0 0 0 0 0 0 0 -20.74890561011259, -72.84138041142566 -359.8331158043217 -583.5257365569106 -310.4392285443274 -183.8484941018598 -592.2885326095832 -477.7529519734616 0 -186.8434334276322 -352.706714224119 -90.45305167745812 -74.31023056750084 -100.2351882756722 -219.6853432675013 -344.961198488357 0 21.94921831327128 -86.11423772861571 -118.8803703896601 -273.4343059839921 -146.4610898925968 -140.4190006533728 -105.5677380179919 0 -25.10488815760874 -425.5741202374996 -422.1591592066592 115.3367349385436 0 -86.35676635354898 -61.2291380660551 0 -230.218740386105 -253.4589235953339 -229.3990705185133 -438.5777765040065 66.73382059861463 155.2393507209726 170.270623340044 0 92.25766412696733 49.99251469485223 -400.5159973451479 83.63472069249457 109.0453145441295 -144.8497042604376 -139.744701570231 0 77.83851076669885 48.82545634887188 33.60060165686311 -32.21804327018321 -191.4368236078361 -124.5782488906992 231.9786184184586 0 -6.058399535605759 251.4147837711645 13.43714717835037 12.10460112563651 0 75.89882436558992 343.3539560138988 0 -66.08621945029105 -217.2719571770737 -33.32040659228576 173.3854845788882 -28.85127920414766 97.45500323232071 -216.6052207666344 0 131.0396427447733 212.5557177606628 349.4985953298443 294.7429315946284 7.154761874210422 -105.7691420654797 148.490155182454 0 3.326031369550307 -137.950809410725 81.05227166567244 21.23805941537538 60.3364268070925 298.8015515892916 476.0284659254334 0 -135.5333579215715 419.3559497843203 46.3559948735795 0 0 105.4332032631123 -92.40578736527141 0 51.07266948206617 50.49512327186842 245.5446299050133 200.7790148146736 134.543828093763 72.16139457547661 135.9045201525352 0 167.4896288335431 26.00367197919061 0 17.47350987785666 77.04263596877625 84.78481315550371 18.02411455652127 0 0 132.655807607865 145.9996255454563 0 -17.14227462763139 206.5839063976173 0 0 0 153.890628296054 123.9689912610812 -60.87544405216103 0 -53.44854751888694 0 0 32.05636282237204 19.01097335155205 0 0 67.35174759697583 0 81.44661730253175 0 11.32780111715594 49.29988518378529 -143.5191818453619 0 0 0 0 0 -11.05796728610669 0 0 20.45470508704917 0 -44.6316280044795 0 0 0 -56.36533057068259 0 0 0 0 0 0 0 0 -18.79776453235435 0 -38.07053870127915 0 0 0 0 0 0 0 0 0 0 0 0 -25.91986784931495 0 0 0 0 0 0 0 0 0 0 0 0 0 0 -5.107945251257743, -31.98738124614783 -126.21765579239 -176.8097584221799 -85.47349839110946 8.396308863059954 -13.19045848893558 -33.59519870208016 0 -27.67989249059751 37.88931288842958 276.4121341670178 197.7828820038596 -40.67269568973452 -30.06882396278775 -38.25111499074686 0 70.24142726892956 134.1500863129548 60.38446058169905 -155.529268784942 -93.45425934654048 -88.43232012791685 -90.96311742484096 0 -72.70424641162117 -344.3380647767506 -335.7303205704083 81.78818632323041 0 -239.8298638019966 -138.101538873873 0 -169.8080176298022 -258.1640172992223 -388.2544466195179 -460.8404328168475 -1.319703084202445 76.04931537341739 -54.11790164380443 0 40.80951827100242 -175.1105218785342 -249.8977204021519 -59.8549501638987 28.79086548201914 -181.8215285321039 -148.8141885370164 0 7.784047440555391 6.854631392542046 -192.8401344622764 47.95400319877234 -139.1397639402395 13.80260613506947 140.0179366123497 0 73.62565957763704 -3.558105860548466 25.91165067562121 -8.876710333285722 0 -37.41836414991542 404.8817764688691 0 -42.43594443419421 8.719061972453332 -16.91697442056972 90.71801998166271 -99.94596055704523 171.4831833876497 -223.1910675868895 0 60.30569116516818 225.5620784919089 288.3965728320474 263.8493857109345 80.43094763239714 -207.3190704304936 189.9405649966602 0 16.88891997992739 -44.64482368523019 16.87851920390472 41.46808869404354 44.83950413233816 165.7408517446819 374.2418356678268 0 -73.61514775958088 326.9824209799519 74.22808291347239 0 0 76.73518916150027 -28.82861078084336 0 38.01699543402866 176.4259719973076 148.1213841050456 169.3250470760401 64.04309244342498 67.70041423738752 32.42836974020478 0 110.1911500521346 45.88604056464885 0 -62.98245067813853 126.69417556139 65.13556050828765 289.4980832713497 0 0 53.03092128389357 -14.62771466701528 0 -13.0266763961848 -11.49640213398653 0 0 0 296.6492625200511 -76.00663760202448 55.88863219397497 0 57.99372989647798 0 0 12.14099092994819 -159.7522117131662 0 0 -24.56562787031549 0 209.5338884022973 0 85.08172687834553 -43.18144959185603 -64.0608464235475 0 0 0 0 0 -73.18621322105649 0 0 51.14819725325285 0 99.18513942943005 0 0 0 -49.06006952602931 0 0 0 0 0 0 0 0 41.65062850802844 0 1.529022569309016 0 0 0 0 0 0 0 0 0 0 0 0 11.12107082783245 0 0 0 0 0 0 0 0 0 0 0 0 0 0 1.985535193076636, 7.392006577070674 65.30239829547041 127.7785589155573 76.19554563155707 104.4892038575333 296.4004260351411 236.0124090148394 0 84.34906494753034 305.1238798053882 376.1862681385799 306.000572253274 60.98618563960309 155.5685942054071 340.9258697662507 0 52.41772460287167 316.1616261263733 176.4621930700387 71.29260168002604 23.664462664843 89.28397640848101 49.12084349752919 0 -6.257587943548657 -157.7635221962918 -157.6565326426807 -39.66280576294037 0 -184.5377490255614 -153.2633161833499 0 -77.66357232954972 -152.2690101429836 -339.4417124776564 -284.9846465955125 -70.93820666125657 -18.63911773905749 -134.8911285263263 0 -44.27691737626543 -356.4123958209038 -149.9066253430981 -91.93167741301288 -16.59075855205054 -282.5444735209678 -148.9662522913229 0 -39.67091768305276 125.6620058606985 -186.0190944823784 97.46182173034573 -78.70242400896549 61.3927089684061 29.97917053733967 0 151.5443601094608 -130.0517842043233 -68.19768198433796 -199.2692172465427 0 -20.97706201311864 319.2924500073457 0 23.8518141718189 90.76767881466549 58.46819846394827 171.5593970825903 -63.58346022307305 432.3421058379433 -221.7794014187226 0 -10.44190993233045 -20.93593310509685 438.5862554741856 153.6100485090967 -26.77263899094604 -137.8087096398609 277.9892327009431 0 9.962517959853642 119.5161686828226 65.3058608022079 252.4872982404428 172.806336755835 -8.10308247391562 -14.96241304996323 0 -59.49986977051653 261.8899975680175 291.0314477482928 0 0 162.8362694902378 48.42277505521821 0 103.6473038266327 89.3333385326569 181.8463024561285 -37.85600249053984 12.44227008083388 -3.744647689832448 -175.519570497552 0 15.67662214267402 175.8757134914393 0 -89.70166864290464 59.03381520146058 96.71600976323009 111.4252973664465 0 0 -36.5373774113578 -251.8542170340007 0 21.06239246596176 -296.1121529802297 0 0 0 90.00843993112245 -160.13944109062 -64.523801911108 0 5.849354657601275 0 0 -12.28572070565778 -257.5720593613922 0 0 -124.4697950123206 0 21.75065482353077 0 11.88586491457163 -82.25671699940956 -145.0699509768425 0 0 0 0 0 -75.76912750358338 0 0 10.8207044710218 0 -18.47458024197207 0 0 0 -58.41380373890814 0 0 0 0 0 0 0 0 18.99637108698463 0 -10.81655236130286 0 0 0 0 0 0 0 0 0 0 0 0 14.50346287962186 0 0 0 0 0 0 0 0 0 0 0 0 0 0 3.50210292554444, 19.92017798054047 118.625427449823 217.8039635730574 131.4671828792126 89.06547774831363 296.3030174028851 268.6860777521024 0 88.1661797294782 239.0585889182471 144.9876850188392 127.038795579235 63.40146425155447 79.94628128607815 158.0541344523699 0 -13.121709868976 -0.5419324945424648 -33.66861303172472 17.77717791759142 -46.94849969990776 -157.6023425595973 -60.07983329187455 0 -148.1654050474766 -106.5313662491917 -322.4270235338243 -199.6497516548089 0 -410.1682593535803 -253.6903152452332 0 -32.05098354346825 -243.4215150220586 -250.5367252813602 -186.4680664324728 -181.6029083156089 -40.84331593343691 -262.6233984573886 0 -17.91774224745944 -257.0256892892224 -146.1615709234091 -100.6392152418641 -16.44968243311349 -320.1876459318416 -20.42192048588053 0 -22.99543400778463 204.55988548438 -70.26873191114809 109.2744403520319 1.015211045221296 117.2795123606126 118.9425290845763 0 104.4532253773594 40.42397342985898 -29.83786979604488 -95.70159350326499 0 44.6816587892838 353.2801131057955 0 56.21681394008527 -14.04168473393513 91.76864375974232 286.8986349606578 44.21343200128462 640.0698251132139 -129.4569065344313 0 62.35539260125132 -155.4274384763088 563.7204524584812 -63.04725671054859 -127.893422363943 182.116569926705 201.820981241182 0 -22.27644816619974 221.2924289757272 158.0173317225278 363.0826369590862 249.6895502924304 -142.1805206738142 -359.8127061529688 0 -2.627017926330979 107.70297219705 422.8208642761333 0 0 144.0163360692079 110.7986820370255 0 143.2761425632813 -34.7142491818737 108.1622445160549 -210.7342864002623 -43.46044036065554 31.6246982517747 -300.5208456155531 0 -83.8308997357237 302.8491992992186 0 -57.55786704169434 -25.70133427359652 103.6907065489061 -4.016852332732356 0 0 -181.7598049518388 -346.9012980196844 0 126.7418526739746 -435.3068049613531 0 0 0 -102.6016996598017 -127.7455591494765 -88.72739377476475 0 40.13994311090656 0 0 -62.65286875796293 -198.7368347566243 0 0 -163.5467245279408 0 -136.8831868725748 0 -34.39301479929885 -66.38557671516909 -79.77298712892841 0 0 0 0 0 -21.51264375238875 0 0 -47.59592766536305 0 -100.0813982493718 0 0 0 -19.13916839737092 0 0 0 0 0 0 0 0 -59.82558587344336 0 -16.93336949651421 0 0 0 0 0 0 0 0 0 0 0 0 -33.68899955723396 0 0 0 0 0 0 0 0 0 0 0 0 0 0 -9.224296379462004, 10.98340498823586 95.93196147963664 205.4766131360233 127.6003003947127 72.12232261177951 234.3028401110126 160.0614325874295 0 27.72985052618806 -67.08470534801546 -106.5752755301576 -153.5147573179958 -75.56563440159981 -117.8012544373665 -458.9025582171155 0 -65.68066761527686 -602.0942054740839 -295.7579483906746 -223.8738314767011 -171.2636578809513 -544.5670567587329 -361.7846778091151 0 -369.4033805310145 -89.34613959276354 -492.4988478857987 -214.7785430592363 0 -604.4033651484012 -223.7428870528564 0 4.870021556138379 -305.6842124955166 -82.83443399261913 -102.1821570701714 -184.6707995784035 30.07175266475521 -281.7814967583232 0 106.9029926807273 170.4212147433268 -47.65018228774091 -93.0552153010819 4.305380028547301 -81.14177552908086 215.1945829235131 0 44.76180429420761 132.2586639031564 47.20949725912078 76.75059417288233 117.8301146571978 169.8060467254292 118.9473416519797 0 -18.08381164209764 179.9899740748817 122.3009226925412 217.3058752505315 0 -0.6814622855980588 316.8826745696775 0 34.75762139564517 -99.50378637191909 -4.271445871739417 161.8978137901773 -5.813353492750679 368.2442672882359 0.804706517802245 0 100.884632008385 -91.99278236441991 280.0985992841696 -234.368366928951 -90.9973519350612 274.0104674500431 35.51357366144308 0 -38.73526655240608 178.1580615965269 112.8591995499119 243.9513472302529 119.7295176043825 -213.7903567570288 -477.2202714864063 0 111.0494960087524 -101.2190018347126 299.7215747211361 0 0 38.18884826221152 229.3390444718967 0 79.8231925209801 -42.91617767133044 -86.40551032558473 -292.3314450128432 -81.20005091838576 220.9557530774727 -310.4338016345217 0 -87.27899166146356 254.9301673812931 0 17.8800429587243 -42.30044945135454 105.1779348025368 123.1164620973583 0 0 -268.8967440447775 -293.7187821377792 0 203.2139728679429 -446.875546285851 0 0 0 -119.077823477804 -73.13918571979684 -1.653010514051973 0 124.0986889639462 0 0 -89.51321518613345 -98.8698716656575 0 0 -169.0493203390875 0 -214.3005850139373 0 -31.47804411749336 -51.79305737604332 14.06851014527467 0 0 0 0 0 13.9006007559266 0 0 -121.9873379296682 0 -187.9654814904708 0 0 0 4.640983328068856 0 0 0 0 0 0 0 0 -190.1351319405461 0 -45.90443000778342 0 0 0 0 0 0 0 0 0 0 0 0 -110.8706243375412 0 0 0 0 0 0 0 0 0 0 0 0 0 0 -24.17209604015748


GFLOW: 0.6 0.0567997315016963 0.05650048164890974 0.0756978753019234 0.07531805206741768 2.987118766463474 2.987181932403235 2.955869335035813 2.956093569841648 -0.05493570867350153 -0.0540239551190264 -0.02527635709482273 -0.02059380149964916
q-corrs 1292.728198129021 4841.785549476142 5968.938035935609 2403.447230362328 1101.55725546949 2475.921584981861 1270.313469387873 0 62.21837695233437 -110.6631527966234 -102.3852615667716 -196.8456095002992 -112.6592614813849 -304.2744017205391 -549.0841096193033 0 -16.43053583588183 -256.8505826137911 -196.9021172785601 -223.3918029709669 -86.0289783422642 -129.6473973450067 -105.9807981085821 0 -55.19874991825446 -190.8158597696436 -296.1565516952323 -29.68457548903399 0 -147.9549016704543 -62.40358198100572 0 -109.4444664415841 -239.0277814318526 -26.07667331323127 -118.537518678803 -126.2716152137732 -152.4012642592127 -344.6748799725673 0 -83.21283976380458 -242.3386649171148 -186.9511328651124 -79.70376908463425 -150.0781816408394 -221.7674008948657 -123.591506938966 0 71.98512270452963 -343.9109024758351 -231.3872644157306 -286.110517836966 -4.166720755764809 -237.0877851485527 -656.9710898486391 0 -183.5770656788542 -33.18456654589762 -166.3406030880716 -366.3872847167673 0 -206.1574442983288 -686.9194994053828 0 -23.28439900754066 -451.6650537092021 -19.84775730298779 -201.614771946357 12.4471286709664 -465.6392897026419 -32.18331471394667 0 -239.8490662791942 -380.5308340040322 -591.4377258877951 -160.235782892784 -239.03596185694 175.3373580719214 -272.5016997352042 0 -93.22529823371157 -228.3042361279899 -124.3891936340914 -54.41829507812305 -168.1014200536501 -188.3202279478652 -84.83925487126406 0 209.6590247011628 -701.7604573423822 73.34984644742624 0 0 -143.5682341066713 -142.8801749855276 0 -14.58661584634631 400.5687244627619 -91.85217479918467 44.55959608171035 -80.70318840484471 83.26995919425249 -244.139608718122 0 -216.5120053207363 85.25866934899014 0 -63.00356432408503 138.6876002593709 -46.94156833601969 567.998561895409 0 0 -38.71917319051821 90.44326452597348 0 140.7968898700938 -190.9591972701799 0 0 0 289.4289828321569 -6.592603936320934 241.7989545128301 0 228.8168222414571 0 0 -6.888197135343223 160.4291830716267 0 0 -31.78429829671901 0 162.545298590697 0 104.1864887572003 17.85478826453426 210.2135924423355 0 0 0 0 0 60.10086215107597 0 0 -23.98529421817914 0 59.63482754088031 0 0 0 44.47310423387391 0 0 0 0 0 0 0 0 -122.7358416130559 0 -16.63663598113459 0 0 0 0 0 0 0 0 0 0 0 0 -114.859811703546 0 0 0 0 0 0 0 0 0 0 0 0 0 0 -29.92338960625393, 787.1500923292073 2908.953501940874 3516.751995283566 1374.43433087385 600.458323376339 1244.76945995148 531.307390558303 0 -61.40931804205535 -290.1195552911286 -199.1514963337032 -238.4685624776749 -114.7540328668672 -292.4726644838518 -530.290621231121 0 -17.86237126981169 -252.4296115501981 -189.604898042355 -226.3676732161899 -84.41501115248298 -135.3867264255749 -109.3869268317344 0 -54.47896189704868 -204.628518682652 -288.3308937044813 15.16232500151602 0 -108.4839052742882 -14.88776064100632 0 -122.0435758567988 -213.9970751593255 -25.02297814108292 -140.5586756999587 -82.41516273401884 -58.90931079454482 -175.8985174636768 0 -19.81237655087052 -81.7364673560368 -207.7329354030787 -23.52200736927365 -67.11873510756422 -181.728054787182 -92.29618556993411 0 82.45032568293271 -210.2520824702397 -95.3879829466635 -199.4513420529217 -27.98018985582097 -179.0393914894152 -406.4558955863376 0 -126.2014637149457 80.98302474575536 -116.5423924080546 -250.6234313814961 0 -77.74727946516091 -402.987460061715 0 -25.62229708908425 -382.6405687300465 33.69232171069086 -77.11571217674425 47.03748655856876 -271.208453358744 -59.47178285361252 0 -135.7585024330838 -241.2821021370698 -277.816318447363 -34.24673380757068 -189.3391733012277 199.6960527354672 -150.8854004114741 0 -65.97837476631193 -149.316729231197 -47.11043203421909 -7.76695658680832 -74.71561817055949 -60.28245586761344 84.10529094141413 0 137.1337950966102 -377.6903186070095 116.6895569081677 0 0 -59.53291730918103 -119.0004409163151 0 21.47658332763205 309.8697749792181 24.26906322434825 105.1987525780212 -15.59483609402675 97.43931353388848 -151.0503079858678 0 -120.22822263611 86.76000723159082 0 -32.51852987238497 106.0225315954144 -14.82349161177443 377.7563524109635 0 0 25.56329475595499 133.2113914583165 0 100.4582911948057 -98.74824800644595 0 0 0 177.6280424884495 32.11807173241415 127.3730507626577 0 135.0732518550974 0 0 9.084490541998829 142.4486564168012 0 0 -10.43102045857625 0 41.42719229417078 0 44.2299496757019 27.79606306871545 91.69553222891298 0 0 0 0 0 49.12018331359249 0 0 -54.83165188065054 0 -62.90234154903225 0 0 0 14.52684049770168 0 0 0 0 0 0 0 0 -158.7251767628085 0 -45.26090918799193 0 0 0 0 0 0 0 0 0 0 0 0 -123.8377366075123 0 0 0 0 0 0 0 0 0 0 0 0 0 0 -29.16635494910841, 144.5747530316485 462.9955307992878 436.5112758447173 97.52259734507739 -9.941440780524378 -216.0101472298847 -306.78448370785 0 -179.2249378695484 -419.041394563422 -242.1154290471603 -221.0254908090934 -100.2843785515546 -241.464729455101 -426.6576831436042 0 -7.694462841477314 -179.9395694467746 -148.2438482534232 -214.8311457858175 -83.70237771676497 -117.6147547408679 -91.37488549036563 0 -29.94814890275175 -234.8757354717679 -267.4305457433871 80.10704430910155 0 -37.45301089040144 28.57741296172959 0 -146.1789370479968 -170.1370369040445 -51.87547082614255 -201.1204750172418 -0.08330208233273595 72.68322927444268 81.12556163187145 0 50.47226035276592 80.99962773794152 -264.9726997948975 68.28188521692434 53.25807543951812 -127.648976033234 -76.55865229572578 0 82.86663567695923 -4.59684629618291 77.46805188931471 -90.67600891731966 -90.3927906749762 -133.1185582627611 -13.00469950215911 0 -34.78557834063595 216.1842646749181 -50.81932096156535 -74.70775537674542 0 100.630154541096 24.71588903631511 0 -32.79994798370299 -254.9175559039558 55.42742867928047 103.5044201895261 66.59379309244501 12.22595926371804 -83.95616308343318 0 27.73474327044953 -13.39598562397151 187.2271181299058 153.773074384477 -83.47200521613181 150.6681850477392 50.03285761033475 0 -21.05167405158841 -37.11775186498167 60.49361495686894 59.81239873002647 57.93014321207868 147.8434344912826 308.9680175973509 0 -5.436112234665201 156.7683063380722 139.4668865123413 0 0 71.52351845116078 -70.25665591019856 0 60.9289560684676 111.7936465373894 189.4388213282468 163.860574341168 87.83438624532685 86.85532189647316 24.59322809752907 0 50.22047679896566 58.21964030084443 0 13.96798310845884 45.30318092173674 36.36683236181864 24.06131228678157 0 0 114.4245531212522 153.5698961983358 0 10.84371792276525 77.84261469412634 0 0 0 15.49614375276355 85.93434488229447 -60.66484507628171 0 -36.30009947814956 0 0 30.10220497872689 74.34837802553409 0 0 31.9852168240862 0 -87.51317548890292 0 -37.29802227906855 39.69232681472666 -101.9033064941702 0 0 0 0 0 18.08993305082171 0 0 -58.78687630652682 0 -176.6752198985808 0 0 0 -34.28399380339525 0 0 0 0 0 0 0 0 -132.5482864930664 0 -65.33879630481462 0 0 0 0 0 0 0 0 0 0 0 0 -86.58043966373612 0 0 0 0 0 0 0 0 0 0 0 0 0 0 -17.29564115941849, -32.55355128155628 -183.5489339500936 -330.7704448451839 -193.5782650726707 -117.9442351185434 -410.3942870696012 -357.9134869610722 0 -143.9295643562475 -288.1236709018532 -101.436478633886 -98.86800311274253 -76.04191875214721 -169.489460709981 -302.202841200338 0 16.54969372504199 -98.76795631517805 -99.84446867770352 -203.4016743504638 -101.8124614286548 -147.3148302758724 -105.8626828658081 0 -57.89019854633869 -266.2675631581511 -314.0418958615008 65.69533400853445 0 -138.9776155925316 -56.13358151961732 0 -155.6680428615238 -215.1419563874775 -167.7294365212789 -310.2073233327358 1.946317275461602 86.87027247327467 47.54350951346083 0 37.6175181671791 -21.78269939335038 -303.0666126458489 51.7189579940834 53.72686192976316 -154.1364630644962 -121.52786393004 0 56.33440534860149 15.90665388060516 28.19911862836005 -62.68405205555266 -128.4543755862802 -128.5254074022349 99.24438602967439 0 -2.603982976297459 170.0418867145514 -23.7323211175225 -14.62558145563884 0 97.18135234363135 182.5214340650187 0 -36.46757101068897 -136.5371588620021 2.095036423161503 122.4129703744252 20.59869259104899 82.66801068997754 -84.37778447431975 0 80.13002693413725 115.2014907056069 278.1711208421869 213.1697914967274 15.49275902625604 25.23841055431596 132.5966529348993 0 -3.679883433552698 -11.26328053932336 65.26329947768835 58.0576466938525 70.44854479937358 210.8765807255285 381.228654391496 0 -63.57064120213806 343.7107801229109 98.48506188681392 0 0 97.85502840431496 -43.55034132194945 0 51.68964002052707 44.91867708831666 197.4741385684878 178.7380758716008 107.4676057703116 67.11667814144835 100.51472708455 0 117.86454374746 26.34947169228648 0 0.3261199254903104 41.45346271115135 39.42638957534909 -20.90568635108787 0 0 113.4961527032573 105.7399404286631 0 -37.09661590510598 130.0206674120048 0 0 0 58.33179047501139 43.90347853136898 -66.98192204679147 0 -56.1487107963513 0 0 27.50032561392533 -19.39794409411572 0 0 38.08091340749843 0 12.90851756408928 0 -10.04212174533707 18.34018357841821 -115.8527961855092 0 0 0 0 0 -17.56252414836957 0 0 4.915463224883919 0 -54.30290857841145 0 0 0 -39.91534943165961 0 0 0 0 0 0 0 0 -13.98248302078183 0 -26.80016723582477 0 0 0 0 0 0 0 0 0 0 0 0 -12.20338145848272 0 0 0 0 0 0 0 0 0 0 0 0 0 0 -1.753947141280093, -20.66695290009125 -87.76079386163912 -129.2506437906912 -65.28023609776442 -6.239341498448509 -35.48079697338241 -39.86889062182582 0 -16.51894204095575 13.71233386546105 146.146304978081 101.6597268198677 -22.20306087341771 -14.15827675052945 -36.91500110652565 0 44.06419472994816 66.41458622099304 25.13960510738508 -110.1069116008499 -51.30342634935197 -78.68251193420276 -83.24247464592749 0 -65.50759584834819 -204.1734255319946 -246.5393673890347 33.5698014513554 0 -211.1598917821442 -96.77338526712069 0 -118.4375442815724 -205.574461099577 -252.0832960795785 -305.0602767276799 -33.91872149764382 51.47836163657303 -60.1495610914708 0 7.497981170624385 -159.5618219097478 -220.5139981288281 -27.64507157145923 16.63508420790454 -173.456615470855 -121.5865590169698 0 6.896769412469116 11.97222979661953 -88.79855451159268 2.604124965973931 -99.19967057926205 -41.85522897243663 66.32093834406382 0 39.75204230420863 15.10443694475606 -15.86658569469191 -48.37681921951519 0 16.72984886329519 217.840085579085 0 -15.9227047097911 13.61163436429468 1.562398517095815 79.87496126592558 -28.76458231775273 135.1861244100304 -105.8288339998162 0 47.53779242395031 120.3959724660929 233.8017635085233 198.4115141984244 52.38229422658647 -67.88994905382152 172.6853232304274 0 5.908066979634665 18.96198665282581 33.631771520694 77.28919898101577 66.20555065153312 136.1197295229016 291.2031369454563 0 -49.53312553370189 300.4959594911432 120.4450197920431 0 0 98.29474856428007 -12.2478664142929 0 45.15943901101828 77.59206873714598 147.8267037854887 132.63771082999 67.45575676034957 53.71812658290692 30.62891080067829 0 90.75619195941508 51.63953102485274 0 -52.75384458984785 57.07645297427543 34.27645632242017 89.93813429222698 0 0 53.82616555887087 -13.1509953457352 0 -25.33489152144625 0.3169117222094862 0 0 0 125.8802750358041 -69.55534248783583 -23.38401618116897 0 2.712653094534049 0 0 10.91180448319209 -128.5654155872936 0 0 -14.20104586269525 0 96.97123156712095 0 31.72995980254746 -31.54401471571672 -84.24757396237123 0 0 0 0 0 -50.3334053419691 0 0 44.04050392865577 0 47.72792372498108 0 0 0 -37.27053661428534 0 0 0 0 0 0 0 0 59.59826397570023 0 2.903831408756213 0 0 0 0 0 0 0 0 0 0 0 0 32.44741124849633 0 0 0 0 0 0 0 0 0 0 0 0 0 0 7.044750631273569, 4.601798074009949 44.68093225568339 98.03260773291551 64.4405996745573 74.35339680881808 239.3124328513775 203.775131963895 0 79.25117120230706 228.6881825347414 242.8914160501756 198.4819441118319 39.35782917302032 107.7503752788193 205.0882303206897 0 32.75583184589777 164.1213392712924 92.79059988476587 20.93786297638269 10.09600022830794 20.60409367275628 -5.533244433587278 0 -27.21768595510537 -93.28427871178755 -136.9878871437309 -37.43512268218731 0 -172.3115944640166 -105.2302883229676 0 -50.81028500829568 -121.3872166840331 -212.9578873664397 -183.5730165087264 -62.04864790365001 3.007359774481323 -95.81405207807254 0 -23.47234578265175 -209.9396880714019 -111.0833937834578 -61.89551128897644 4.17684386413886 -184.3554291217682 -78.66231480866459 0 -31.33646284485219 90.80405457655289 -91.39676132253473 84.54098882965971 -43.03907477624919 50.66311138317933 69.73467581489265 0 82.45206694429952 -59.05559252744314 -31.95813801286156 -99.77604546709169 0 4.51014378901246 247.2543900255849 0 22.08155115673699 100.9282181984158 54.78293779646664 127.8514470452678 -19.78990648568777 308.8911382243217 -116.951337968909 0 25.92791565718484 9.061049403360819 329.5848856002601 121.1242429402539 0.3589039916207053 -43.10530008765933 202.7130315024167 0 9.587930013948316 112.3947429928245 65.4922178319876 180.6948090187321 134.7295233409509 8.421106868039359 2.284527131971544 0 -45.89668207025592 237.8906307693679 217.9906594547395 0 0 128.1076331584497 36.71826615986417 0 81.6904992586465 12.03373006848622 126.8925469503596 -37.02932182641928 12.731630133696 -0.4042366698232343 -104.5050999857953 0 24.30367189103941 130.4228178891321 0 -67.59859785129353 13.54238855240819 57.44861401544765 1.819852702002834 0 0 -37.95450024416833 -182.4088642103347 0 15.99157665002821 -177.4019882213461 0 0 0 5.434867864902259 -113.1551005123402 -76.1599730303958 0 -13.63981892854434 0 0 -14.68253356855499 -176.6635045479056 0 0 -74.40155724172192 0 -17.17398698302646 0 -10.99129995386706 -52.70378651998121 -115.731424283449 0 0 0 0 0 -47.34791339662555 0 0 11.86225676516154 0 -32.20248707380888 0 0 0 -40.42492228387442 0 0 0 0 0 0 0 0 27.56874356700076 0 -9.412100390043861 0 0 0 0 0 0 0 0 0 0 0 0 22.27589992607305 0 0 0 0 0 0 0 0 0 0 0 0 0 0 5.674869201908649, 15.06033346712137 93.1087857405746 176.714712654514 108.024254992352 75.04139055472152 253.1171127189205 219.7734768800296 0 73.39016750370736 165.7248735319599 95.67919664312058 73.62064080561456 28.21439196214885 41.56723328025395 51.75265317336655 0 -13.03034314675845 -67.70953302920186 -53.93179487636868 -18.00827452118035 -48.69172676493702 -145.6718091305958 -72.94803716973826 0 -113.2539951440387 -67.95018159886888 -232.8057651366311 -134.6186681810105 0 -296.064018799416 -175.0568556990431 0 -13.37179959635305 -156.8851835727171 -162.8798833323249 -127.7089379120531 -110.4314275933411 -3.977602633738805 -164.7796353125732 0 -4.715088277584208 -130.1126438875124 -78.37967630578723 -77.32467181852854 8.423975165480662 -189.4171076447407 2.092354792371616 0 -25.63311797793637 132.3099025815274 -30.92988213433648 117.4729947880869 8.996145217498736 110.3566587238344 147.3810709263175 0 53.37984747916768 37.06796240019707 5.532179728614695 -3.610319383133195 0 16.38721012280973 300.9566829413822 0 37.83684646577523 61.26570673632136 92.54379619557891 192.1269742284205 27.83939240785654 442.3294078904496 -75.26080039316557 0 65.60525018133207 -68.67816984224481 411.041144727845 -17.01585319083407 -59.6078392699571 118.8222477195551 140.5517890771676 0 1.221491329159226 183.8286467130013 117.5517717032743 235.6006054016803 177.9304761825892 -105.6784929632394 -274.4366270847216 0 -11.33549398108929 110.4907602832625 265.2663391811787 0 0 104.7010243141921 86.16334509400735 0 103.3235794803912 -50.7301858996678 56.58178998815022 -195.845647306894 -44.89911267293917 3.981198944533958 -213.236785412593 0 -54.06120648970007 193.7621452415782 0 -47.96781482191987 -28.86954805883531 71.3563118577938 -28.06847280705111 0 0 -147.7850208801111 -271.2941536734446 0 91.0525070759266 -303.9520214896467 0 0 0 -93.7263238813824 -99.77888918135214 -61.71855987322902 0 14.47928177836538 0 0 -48.82772316205735 -130.812245107268 0 0 -112.1371421133391 0 -122.2002697755957 0 -39.5444801197807 -49.33622148838836 -60.42329365659491 0 0 0 0 0 -12.83712788384068 0 0 -46.17434431302525 0 -111.7164223108761 0 0 0 -16.33738487303311 0 0 0 0 0 0 0 0 -66.55685014957781 0 -25.61015176780888 0 0 0 0 0 0 0 0 0 0 0 0 -35.0155874331348 0 0 0 0 0 0 0 0 0 0 0 0 0 0 -7.119449221884649, 12.0700578204561 81.41344211226053 157.4141740059427 91.33086661647422 51.55777086952193 156.6853916259008 94.16972281823178 0 9.466534891609541 -77.52310244315599 -100.0653950218378 -136.454623988705 -63.81943539512913 -110.943006530282 -368.169582361836 0 -51.59283670730869 -462.2608756952822 -243.816190109905 -169.0974060168441 -136.6966758904138 -396.7298911668686 -252.8477925054563 0 -250.6002551841225 -66.67656421481459 -332.6768420844531 -152.6924665825003 0 -407.0619829363281 -166.0216873590112 0 8.431534589132907 -190.7426530547074 -68.78746631130413 -76.33258877915051 -105.0539875997221 48.18865201616826 -162.0946654632453 0 70.75585786057881 122.146640061693 -19.12068220643289 -65.87031222826838 17.14330011844216 -65.41653526266823 117.9995517925792 0 17.51737368586333 81.68265320337008 56.21557133271096 103.1142822720726 66.2142351097456 141.9810655495339 153.3125706407238 0 -18.44010209518805 129.2149093388515 78.24558188119404 152.4016225760401 0 -19.49787113587939 239.9310443180591 0 22.38911242436052 -16.94193111352367 35.53707339046469 116.5703343822411 12.71281137883217 285.4502679436231 -5.236252780510007 0 69.88209337457999 -68.48120005417049 209.7638760622569 -154.4547763156972 -58.09660069180178 172.2172060778857 13.41109837734244 0 -15.29441336341633 140.3450393208645 84.71067626153385 169.540792975497 95.27032433831531 -180.4850738721808 -397.7714373519246 0 62.36716092288621 -96.53463898007261 181.596852089107 0 0 22.5489227733182 141.7892116665982 0 64.12095983358256 -19.72129490945784 -62.24353560503421 -252.0043453683281 -88.25332742009699 91.9165398900852 -259.2699588337937 0 -100.1966488959668 174.5811754376461 0 -21.28123630388244 -21.0028039061257 66.29257226614934 119.8951896260883 0 0 -205.2244555178812 -241.1007071560649 0 153.782733272124 -360.1774838501165 0 0 0 -55.48439171226809 -91.95908689160903 35.412949666495 0 99.40513056803971 0 0 -64.6307012022645 -57.98418152128766 0 0 -128.8855952204221 0 -127.8362144028432 0 -16.93089302471681 -49.81173714275324 40.32122423363809 0 0 0 0 0 11.92617276601326 0 0 -87.76473493337949 0 -132.404159021563 0 0 0 9.052832697170182 0 0 0 0 0 0 0 0 -149.6626905659566 0 -37.06885711024137 0 0 0 0 0 0 0 0 0 0 0 0 -89.35867521840957 0 0 0 0 0 0 0 0 0 0 0 0 0 0 -18.60294410359416


GFLOW: 0.7 0.04420932072364954 0.04400823049760793 0.0571052743432041 0.05685313105007207 2.990457210684747 2.990499554332663 2.966481893130399 2.96663300404111 -0.0403025272949917 -0.03602550363893889 -0.02257313869849892 -0.01531487297493421
q-corrs 767.3790241235317 3066.458599134917 4047.778253667905 1756.913735809691 867.1836111994351 2161.559574157746 1286.698694383121 0 173.7635831055371 164.1680846207124 59.47405965023992 -48.59249418765982 -59.18571486861799 -183.9027945281977 -365.2842258690276 0 -17.49531766811771 -224.7111426178728 -175.9187679710594 -180.8108518231156 -91.46240671461746 -142.6145620651159 -94.42601239386235 0 -50.34328993936018 -158.6283227899708 -264.3309562777816 -45.10921462496097 0 -128.8955192940841 -61.56392550763665 0 -72.07202773041286 -153.2779322687556 -36.50387165588106 -98.05918728029636 -91.0732528343071 -127.0418875819849 -222.4652527976973 0 -72.65445564100563 -182.9587498067973 -140.2699880449583 -33.96992358251569 -92.023531961099 -166.4970845714004 -113.516439548864 0 45.43830138949237 -226.4137513021174 -167.5459159579947 -226.2234911676433 -37.13146779332023 -236.4094558013836 -444.3082535090272 0 -145.12659728035 -17.15556038514876 -129.3757233218334 -262.3091967067353 0 -140.1165355973093 -500.0729140086363 0 -20.33829099127455 -389.0339098952412 -102.63923177282 -118.2762398341858 10.53707250605347 -364.4240192919713 -16.30709997340106 0 -169.0502883760797 -268.197254226563 -422.2128726902047 -173.7211212276548 -160.3238983237344 132.7723848325778 -219.4684300677671 0 -83.6853193823045 -158.9973440424106 -71.77592761069943 -33.80409170148639 -126.2882487119658 -152.4261995482644 -86.56513779776878 0 148.0063262596904 -471.5739904074967 46.15719343723904 0 0 -113.5087015769908 -71.53391912050265 0 5.143952131711726 265.3466159851254 -72.5572921995755 32.08254161838238 -69.82992929987425 78.88772978861806 -150.5640518882535 0 -146.0707867280023 77.95430119098634 0 -16.17333769423367 88.57185645132571 -20.61278646950812 400.514141550489 0 0 -38.34890507040845 99.28630675597026 0 117.2270723077977 -116.3702044283023 0 0 0 183.5620683013481 19.98787716649067 183.7280551841965 0 167.8711430458485 0 0 -5.837639350198007 148.4360109981023 0 0 -18.1851936700823 0 92.77764419622235 0 66.33887562943228 17.46846092815644 170.4329901982777 0 0 0 0 0 51.6329126430519 0 0 -29.22808562846367 0 30.133137707522 0 0 0 40.90272357468629 0 0 0 0 0 0 0 0 -100.2501309213783 0 -10.35609850264527 0 0 0 0 0 0 0 0 0 0 0 0 -84.79948185506738 0 0 0 0 0 0 0 0 0 0 0 0 0 0 -21.28503196218979, 500.9491370262522 1982.648790945596 2582.134844710989 1099.152370386529 527.8006920002713 1259.560808579003 693.4319805874929 0 48.08432208315992 -41.476793164566 -54.41656561631197 -116.7924663741251 -71.51351223578578 -201.3523694056694 -386.8052419856431 0 -17.23189794651026 -223.3058747589212 -169.6791060602596 -181.3543505242366 -88.82616299250077 -141.2336693668323 -94.80121402050385 0 -48.51894811033851 -158.9137169565173 -242.0259740734072 -12.3404126359224 0 -99.53940324877223 -29.92639196793696 0 -78.4329029791524 -136.2287694121814 -30.39855313776452 -104.5197699174821 -60.91797476806444 -67.95020604723794 -121.7727859649031 0 -35.53689508488171 -86.44085867044566 -146.0542717976969 -0.59235111851741 -45.11020403575966 -132.6398977543233 -88.81904408058003 0 52.16597727938008 -143.1225572723969 -76.39950799025704 -168.5957374565959 -42.42792760547038 -186.1252758840754 -287.09162300217 0 -98.96758324503728 52.07538413598856 -100.0258233884226 -182.5936270804549 0 -49.06714062738098 -312.0027174908788 0 -20.58765084223104 -315.891584745743 -46.26275620149453 -45.22724031513586 33.7656355148341 -231.0278651671653 -17.34712097841744 0 -100.6805640495535 -179.0080032373797 -215.8071596936331 -75.87244201441014 -123.4633093921202 151.7730724732494 -133.2999990993598 0 -62.50095867227724 -96.96876573995976 -27.187550949209 -0.7748994135408793 -64.88847396464151 -61.33959450524431 32.21132297459248 0 103.7610240936165 -262.038878544281 79.30843370895198 0 0 -57.87674455660706 -60.67710470612041 0 24.26447667118484 204.6120142604125 4.796123313951156 74.58295762974524 -22.31474016544646 84.56244086985528 -90.13259041261779 0 -84.57740463034824 71.50311747589178 0 -5.839819977643229 65.98580295745558 -6.694759753699923 266.9569344501397 0 0 9.172799375148344 118.5251827314443 0 81.01717128095007 -55.82972126476349 0 0 0 107.3631175384891 33.00341949916773 103.2284032344054 0 99.51620959584187 0 0 5.765614398566147 122.2999801673979 0 0 -3.892142096519356 0 12.83828027436999 0 26.00703538740202 20.54994160330745 85.64228533533489 0 0 0 0 0 39.40701047239065 0 0 -49.03787787532465 0 -49.86784062620642 0 0 0 18.7499372313732 0 0 0 0 0 0 0 0 -123.0086495019283 0 -29.28430777652858 0 0 0 0 0 0 0 0 0 0 0 0 -90.49192795851457 0 0 0 0 0 0 0 0 0 0 0 0 0 0 -20.82789724684316, 123.1708922207034 450.0669759528812 519.2602263353203 180.155521672093 59.94170795539494 34.59028139200855 -94.21556132993696 0 -106.468630571118 -273.5687508307806 -165.5087842043251 -170.1652555353054 -78.45767681956544 -199.3013823475595 -367.9281595534652 0 -8.50563987811768 -182.7810084655259 -140.71014716581 -175.3891124043449 -84.34228404380963 -134.7810468168408 -90.80256289432623 0 -45.09410055947077 -168.046528041629 -219.7084990225371 34.31849363388723 0 -75.08055428190055 -5.974169350065347 0 -95.54254461974919 -128.6361117848472 -50.60559872976789 -147.547724290218 -16.70841153225824 22.32523907958796 16.39940921221864 0 10.23343086406149 9.605328994835897 -185.0747518815598 47.14106519946142 21.76816256981677 -102.7806423003319 -74.0453920990486 0 55.33830790627528 -18.50241336667419 40.80775213909696 -92.5984148076803 -68.22871208630261 -132.5122169170097 -40.74093928703078 0 -26.79255135844387 139.9929659131168 -57.27110724542311 -60.41225958750068 0 82.14660012680726 -17.97860565073556 0 -22.18770011989524 -187.4266690640733 14.98961447803464 66.97212412284985 54.9091492863253 -20.66385128050568 -13.58065576560043 0 10.08271799495362 -24.88046921811258 109.4725737633015 81.34054308306872 -46.35728622162138 140.7501288239085 20.16001901493342 0 -26.56630664400435 0.5630138214550229 39.43980304258865 52.68656804353729 31.30461391089266 92.6987442053358 218.1838421644642 0 17.30427768599095 103.7072359626279 112.1543536269867 0 0 37.01690546128694 -35.4385475480437 0 47.65544124533157 82.50782991503044 126.3844508248054 132.3885574548193 56.74297897232521 76.67882342818277 25.39961186504379 0 29.61757842663473 46.14501178010246 0 8.80626458531335 26.97316967651163 16.69559313226326 25.38347119851588 0 0 82.24873869216307 124.5674745939323 0 5.998766579974262 57.95066616324354 0 0 0 -2.785573850862429 46.98286799462186 -32.85975129555806 0 -22.73859465029821 0 0 22.76346107531372 52.72242174035404 0 0 22.65515037168412 0 -75.62405693631015 0 -29.84515148890128 22.09989794624719 -57.67969022615485 0 0 0 0 0 10.55020648265123 0 0 -51.48040105524887 0 -128.6526953714614 0 0 0 -18.73109858574478 0 0 0 0 0 0 0 0 -105.5108122062803 0 -44.18762113043098 0 0 0 0 0 0 0 0 0 0 0 0 -66.29586968037096 0 0 0 0 0 0 0 0 0 0 0 0 0 0 -13.20963607235076, -10.65035828163627 -77.65071342013545 -164.0896765221862 -108.1070972124049 -69.21271875499434 -263.2410829036875 -247.8780188910562 0 -107.1751068364832 -225.6671863041431 -94.2476124856727 -98.093939724151 -59.94887834451967 -137.2401328336402 -260.1953883414685 0 10.16534721705495 -104.6571438065801 -89.44639484419851 -156.6996815946841 -78.21427366064815 -135.5122387466686 -97.10083967285823 0 -63.12313642115741 -177.6437684604655 -238.5545727371712 32.33125102314188 0 -145.8468999664496 -52.35154052746698 0 -107.1165661289337 -172.8980224713618 -129.4189297831657 -221.9138608074273 -22.581874426242 48.87995158928452 -5.729923139451852 0 8.512845157398026 -59.79287833154085 -228.2814636226367 31.23573083921907 23.79047239108421 -137.578692511054 -102.6036445171766 0 38.65650570868424 1.906327949513333 21.17142284348571 -65.89377711544864 -91.53941389968816 -121.5229733990937 33.19325962608159 0 -1.939203813616984 114.8033533861925 -38.91641906226965 -27.32287308413132 0 91.09877013528336 95.72654914506401 0 -20.03961394170783 -90.27144897047643 8.46165067554162 88.97220708003331 34.24389801589174 57.25154076837942 -16.51500136300959 0 50.87022974759731 62.65778485005036 207.8698666151509 148.5455800850435 17.23418235052162 70.36801937764122 103.6469986383987 0 -8.944571782670611 34.35534233172199 49.88694561736826 69.0417789740027 58.4892647673371 152.7929191918615 294.0992890036346 0 -26.60555356940672 267.9479850606408 108.8691679765135 0 0 76.9594298663082 -17.14611960020142 0 46.21220952197172 30.2248953802513 157.5097040057267 150.924469910931 82.92993996017103 63.05352195275951 76.12075665143719 0 85.70175139877441 28.20894275651591 0 -5.918610860190412 19.80372880503394 21.10959437385295 -38.90488856680107 0 0 93.90720786150229 84.32895687464647 0 -34.85433917705078 90.52342108213696 0 0 0 9.268488969259129 11.84965776316925 -64.35173797408906 0 -51.86060925187766 0 0 23.30618056648776 -27.40858495630263 0 0 24.73035883790816 0 -18.81718557487759 0 -18.78444070070653 5.679175669106109 -94.47475417541047 0 0 0 0 0 -17.88507224532948 0 0 -2.640689056075147 0 -54.01103524873746 0 0 0 -29.86314571969193 0 0 0 0 0 0 0 0 -11.79962726635102 0 -19.70239628930731 0 0 0 0 0 0 0 0 0 0 0 0 -6.256853078209716 0 0 0 0 0 0 0 0 0 0 0 0 0 0 -0.4102496592150295, -12.67145053176449 -56.38859180876401 -85.90690375429489 -44.64016694425118 -9.042569661310011 -36.41706667082448 -36.4357791071762 0 -13.14029064093296 -3.55982612711809 76.80466494814388 49.53812599938508 -16.46404519589881 -14.57341274244607 -46.32379497540541 0 27.96379202791049 22.64804125694262 3.9007714427593 -85.1777282464609 -34.74279230477944 -71.11977341864268 -73.81627150908768 0 -57.85326660494169 -131.5679932849263 -185.1788155746855 12.19252032531653 0 -178.0445733667494 -72.75490071784255 0 -83.63725662713861 -162.6648831227849 -174.8479171447805 -211.733500630531 -41.04913005655612 38.10139534989305 -59.0010535039996 0 -4.653584268754344 -135.9029196197008 -180.0900076862715 -17.17294949358605 6.710165896950341 -149.018878502722 -96.95165499896927 0 5.616995020375946 9.381832677545152 -35.88522165465579 -9.04728927146823 -72.13465464383282 -57.96222506171496 33.14887278995004 0 19.28147614237998 23.33001545750967 -27.95313737295545 -45.91663469987655 0 38.92074041584848 129.0702829827803 0 -3.940287992552438 13.41544328236007 13.69036105720627 69.82858439705203 4.650793097772265 107.449968229061 -39.56369584530708 0 40.11845525755015 70.13269606153939 196.5400699625982 144.0153702594031 36.86407829384459 1.894759464165652 136.3033856480262 0 0.4076693500812034 50.43811879049734 36.99442502032095 84.47772020220499 63.77542758540829 109.3704526822015 221.4808266411978 0 -30.87359524848987 255.4259334181802 123.6927684717813 0 0 86.63220204863873 0.6335336413381487 0 44.62809840275529 27.09365677628696 129.6748104594508 103.4119022321373 58.39654869618036 44.12170055066137 31.4429214762154 0 73.21641349238772 47.69188019817629 0 -37.81055782692793 21.9151572285554 22.17188078008203 -2.42248551771214 0 0 48.47831374473866 -5.79314685605377 0 -26.38276067570774 12.24906684180902 0 0 0 39.03982282785293 -52.0871340197323 -51.36480150600071 0 -24.41811257727614 0 0 9.719972829974402 -97.46064115007906 0 0 -6.163025978080531 0 33.8198917657442 0 3.862180562099017 -21.94399538059507 -84.51765874644153 0 0 0 0 0 -36.42511920958344 0 0 30.37338344217922 0 14.68619994579795 0 0 0 -29.73440949821999 0 0 0 0 0 0 0 0 51.02850108499931 0 1.294898992441588 0 0 0 0 0 0 0 0 0 0 0 0 32.47685849429586 0 0 0 0 0 0 0 0 0 0 0 0 0 0 7.4020639732441, 3.676515764015797 33.06168472992777 74.1807626692664 50.24778268568084 51.18035560651946 175.717843013865 154.1562950303673 0 61.88587477672525 160.223854464787 157.4222002535151 127.7612034865264 23.93147541654741 71.42699312480518 118.7777887592206 0 20.84624844555517 82.13728406102783 47.27743717757906 -3.148059726591089 0.6671658186619887 -11.49484311713913 -26.69563644332413 0 -34.13775371041305 -61.98325799463338 -113.1201815169593 -30.55543615451778 0 -148.3940478317684 -76.58613146316097 0 -35.81508140165415 -98.98492315177566 -144.3445698168156 -127.3153790449466 -49.69635355625303 15.01969308111248 -70.89609309281236 0 -11.51651945226011 -130.9246306426957 -85.62311376420693 -44.67246898980444 8.196174173375301 -128.4487339163998 -46.25009846562861 0 -21.88380695750041 63.59873530408913 -36.539500025448 71.12997469294857 -25.4036775077602 39.41587038325787 78.69766241300616 0 44.64299541930826 -17.12954444035735 -12.21360236637894 -38.73551917000821 0 16.91147789055536 191.1974748261694 0 18.77218496775036 91.35357727180775 57.40554799766419 98.36294410754635 3.685221336102039 232.4451379638039 -58.68697647445067 0 38.814054298117 20.82411708043539 260.172854968531 91.22151708892409 8.35166808474637 4.143453461427185 145.1994434525147 0 9.922067630478857 102.9344686291388 58.39511110441468 132.2685755414979 104.6477024798098 15.12364766815328 6.626056974725039 0 -34.02532252325636 199.0670454715561 161.1320056557209 0 0 96.56841581161224 29.25393652602811 0 63.27493147208807 -21.05647039323026 91.72098134834189 -32.46733663676903 11.05251080906595 -0.3713313875094286 -60.12130922093058 0 25.06055686999902 92.64448171851646 0 -45.87672684826762 -6.021256072386819 37.17306097281381 -48.55733043887278 0 0 -31.38624033858957 -130.3731735169187 0 7.89467710530711 -105.1571265428586 0 0 0 -32.67920880718572 -75.73431286451722 -72.85267804718576 0 -26.8633604925104 0 0 -12.97084077200539 -122.6442999890295 0 0 -44.74942071899991 0 -38.02677849008676 0 -21.4187840504503 -33.81757946785739 -93.20992361711038 0 0 0 0 0 -31.54059924460915 0 0 4.826212565607797 0 -40.74483218118868 0 0 0 -29.61534450563181 0 0 0 0 0 0 0 0 18.62251079542389 0 -9.33596502178443 0 0 0 0 0 0 0 0 0 0 0 0 17.86687342188945 0 0 0 0 0 0 0 0 0 0 0 0 0 0 4.90980912017754, 11.31902170583164 69.3005674809192 131.82088687043 80.49387128162012 55.79275156237614 189.7500278203602 161.2767390197178 0 54.20470087058846 109.652311755771 62.17292980686359 42.41843652118624 11.48366828484846 20.12509388093253 4.016599487944216 0 -10.71540537554371 -80.61025135956778 -54.86724623749961 -29.35529090171947 -44.04061833099017 -122.6382918669127 -67.57119582313578 0 -86.22647727482692 -47.74877005882899 -166.6487390010765 -90.93661912021545 0 -213.542305132632 -119.4348623625239 0 -6.782716908265652 -104.6297942805468 -110.7814893394995 -85.49910408652947 -67.53335012182966 16.41807796381432 -99.69823001724686 0 6.506226058515905 -59.3041371666976 -40.42081679446287 -58.22396654362445 16.02772977383403 -110.9642163904712 15.15965092301518 0 -21.78498398333999 91.27275366681246 -2.799286035535737 111.9465016952367 13.51084195861275 105.0510570586757 149.8642074820128 0 30.74686635362455 36.79004809507566 24.52917940313087 40.25389420118321 0 4.657138332334199 243.7472848656514 0 26.99529316207847 85.40238778946227 90.75106612608988 132.3466922324491 23.0398669880304 324.2658709213983 -46.92069279460559 0 60.24576357245431 -24.66817995143185 303.6633674006703 -0.2114387230603576 -29.63673602414476 83.69316049272778 98.53810006327822 0 11.6475593789051 142.1771734649982 87.60969175533566 152.7963547210162 129.3225917213621 -79.10824073303627 -206.891970553854 0 -13.70938444632164 89.22596768844232 167.8875441743785 0 0 74.55773009474811 56.61083663027847 0 72.26160012111117 -50.55866633988637 25.85226272020041 -162.7407465266075 -40.02642762700028 -13.00848949092125 -149.2485769400602 0 -38.27497797798703 124.9846822803858 0 -38.5646905768653 -26.38442403186516 44.67261667862479 -38.34274592954263 0 0 -117.0312350350405 -209.5846564486436 0 60.64110045656053 -210.6168550219116 0 0 0 -79.51292052588019 -75.52369786540325 -45.86538040521314 0 1.884651853596075 0 0 -38.129492854391 -93.40972076688601 0 0 -76.37058077263741 0 -101.390438315697 0 -35.21130575330544 -35.43920534173851 -46.0735645185032 0 0 0 0 0 -9.106797598382126 0 0 -39.87219836506537 0 -98.4074162320359 0 0 0 -13.12282424874752 0 0 0 0 0 0 0 0 -59.19322904276568 0 -24.14311380631868 0 0 0 0 0 0 0 0 0 0 0 0 -30.22395783583806 0 0 0 0 0 0 0 0 0 0 0 0 0 0 -5.455585654354288, 9.921764226453519 60.18060733534318 109.6680178047016 60.7175274501282 33.59475675630986 95.33999415735505 48.94304503875184 0 -2.571949134837007 -75.82851276636231 -87.82333220717891 -113.5402826645823 -50.0058950345272 -97.83743513023059 -287.6741168915591 0 -39.26874226102434 -346.1929656722604 -194.09536385865 -127.5508796089008 -109.347686145517 -291.6514269043786 -177.2091655146935 0 -172.6144208444362 -52.18324156816195 -229.4763156159894 -107.6361272762146 0 -279.2852055071851 -118.4447644179977 0 7.533978351228528 -119.6249378557943 -56.73513300790745 -50.99244775423821 -58.59915507039094 56.18039343123861 -85.00598022481542 0 55.03974717827546 96.03693787164433 -0.2993338638222838 -49.77907633891379 22.86240999587767 -39.63252697302623 79.55172324090574 0 3.243088924209329 64.1856841259563 56.01384020847037 111.659465032727 42.4610026926309 128.0488397598999 162.8158973931961 0 -10.89426172974558 93.18393457086408 60.76159914731682 119.3241050119291 0 -28.25993821938638 187.2218450681373 0 17.66665756643609 23.94280048875435 52.84890786298642 86.78069612381506 17.64043564874448 233.0154285869778 -13.67596794586339 0 52.62057196323457 -46.7119338808789 162.8298700328195 -105.4548012010766 -41.78296333929828 113.6856639792323 4.361903804016983 0 -2.478047887874691 102.119426153618 65.91416146046643 109.4599181342203 75.77731866197507 -146.5273477370592 -317.6740834857922 0 33.86949817162947 -85.76393267648936 108.9086289708778 0 0 12.90718588629813 76.14437525077648 0 48.62405192027786 -11.07849357487343 -56.8165338699549 -208.7427795282418 -79.37423206266061 23.28078047940315 -204.702985660678 0 -91.94595968100643 119.6197915431709 0 -34.92116139256602 -11.24227159544912 35.01128687369881 97.54930564844527 0 0 -161.3128801966849 -202.6868405835195 0 108.2618304365568 -277.1672390520238 0 0 0 -24.94346034234091 -85.96661940295569 40.4914006501192 0 77.64705855495558 0 0 -49.49503049710321 -46.51638317975696 0 0 -95.51382375918948 0 -75.84111340943454 0 -6.512554882335167 -40.74479203301249 42.85754222159827 0 0 0 0 0 7.81522815795335 0 0 -60.17602392785531 0 -85.82747135292601 0 0 0 9.105081031112036 0 0 0 0 0 0 0 0 -107.1607333047327 0 -26.04969422372653 0 0 0 0 0 0 0 0 0 0 0 0 -65.15483232965578 0 0 0 0 0 0 0 0 0 0 0 0 0 0 -13.45284098586514


GFLOW: 0.7999999999999999 0.03547793827978258 0.03534394484193878 0.04469203781262193 0.04452577309118259 2.992607258125937 2.992635343925954 2.973567859600831 2.973668733249804 -0.02888962495328042 -0.02314435817113794 -0.01902530596974642 -0.0109731187329373
q-corrs 485.3983997286079 2036.067896766156 2827.101209150471 1295.586435560593 673.1414311876663 1795.522113785154 1164.876852841935 0 213.7961214826791 294.7030898944196 143.0582635459847 39.7097009223903 -22.44846582868222 -95.65109756427347 -218.3494314866319 0 -15.02177716857857 -177.5733092392651 -144.1477758596768 -136.7555687791017 -83.65518653697367 -135.041759180979 -77.35473921334813 0 -45.37270473139399 -127.3208484409627 -223.7880970203506 -50.7926218122157 0 -109.6287103485566 -61.60168172836948 0 -49.1357051049373 -102.3778687099868 -34.81261822664555 -78.99152062140726 -63.88344604108807 -104.7033865494751 -149.4012133712862 0 -64.12340723338995 -142.601548305023 -104.4249192208125 -9.236301122750143 -59.53645968597296 -122.3439133483752 -100.2647896962308 0 30.98294544553084 -152.9553751925664 -125.1977531427023 -183.4288988407248 -48.49539226736009 -217.8437517722066 -316.8934634845715 0 -107.3134399351114 -12.43326805790323 -108.2215109777784 -200.8831042218334 0 -96.39923462970022 -373.2014483690349 0 -18.17598410302299 -322.6707177878326 -136.3688165520967 -72.31409386141436 2.542220745810504 -289.2343903674458 -3.412873845991705 0 -124.9701549556018 -199.1792889082774 -316.3415785514723 -164.4906207446929 -108.2301884762267 92.82715585816808 -170.4963291676049 0 -72.81545754172238 -114.4447538978867 -44.3756343292403 -17.58947246010609 -96.72167350204454 -121.119097123133 -82.0351035475133 0 105.9277086069258 -324.1865804919769 27.82878979940546 0 0 -88.62223736423506 -28.01603406683931 0 12.09639967242463 177.3338649278186 -54.09216239512435 23.33568951521436 -57.83465247704321 68.4591442701164 -93.44118916131085 0 -98.90795449659561 67.09408198021663 0 8.162206087377589 56.59603858821697 -3.504519600709044 282.9365182824554 0 0 -33.67997867869229 91.39180446259513 0 96.24832069040229 -70.41881618097128 0 0 0 114.8426003487581 33.26450441776643 136.0940977735563 0 123.5065213401125 0 0 -5.162035567906399 126.8904395275933 0 0 -10.08453850128698 0 47.73095218120243 0 41.44580038063415 16.84136522863613 131.9556467316933 0 0 0 0 0 42.69892452793018 0 0 -29.97916395818778 0 8.052801008182328 0 0 0 33.59724287127713 0 0 0 0 0 0 0 0 -82.55270795823101 0 -8.889243955096108 0 0 0 0 0 0 0 0 0 0 0 0 -64.2668372681153 0 0 0 0 0 0 0 0 0 0 0 0 0 0 -15.48500366851564, 333.9304413843668 1390.38079294545 1911.139884361442 863.557113179844 440.73899148231 1142.76719761767 708.6406764650222 0 103.3504298808506 102.085136146814 34.33884528438298 -33.4308248974725 -38.85987415702532 -125.5005921720104 -260.2575485598256 0 -14.726558261322 -182.3450730139973 -141.8405372450449 -139.2916173720803 -81.64075834866597 -133.3422774697453 -78.83968147552773 0 -44.65978825764739 -123.9078252573609 -202.8159562346319 -27.5139027635238 0 -91.54671819675792 -40.1105184773033 0 -52.66679395716815 -92.85435171891724 -30.51555984305785 -80.8030732002229 -45.18288889938149 -65.64949063062065 -89.41107075215027 0 -40.77234018005365 -83.94027938103376 -105.8840193643645 9.31625080704962 -32.07252419057168 -98.6444484641528 -81.40734186018261 0 34.84291907284261 -100.0830209022905 -64.80808529803758 -143.1858076564198 -46.89555987683246 -176.7766114583679 -215.4779848860796 0 -73.41672647060864 30.61997671514604 -88.29814790340149 -145.0645902357648 0 -33.89000562890175 -246.0066901699828 0 -17.16585721558557 -258.6710489263829 -86.07887694006337 -27.8021693465451 18.80658707830727 -196.0361547242033 2.144905293152334 0 -78.49910242068751 -138.3167060884437 -177.2358245364908 -90.20613876109545 -81.39491382281871 107.2252141214217 -108.9506950148079 0 -56.45548605165912 -68.80820066679064 -17.45508456678803 4.883767461467102 -55.50891056674449 -55.39225207136478 4.604443085031882 0 77.75362404100416 -184.5863256535548 52.32090292945067 0 0 -50.58621445651364 -24.22523798014725 0 22.3567226353519 136.5398289694017 -1.092084371828662 54.89496301531157 -23.0126487005483 70.87561917497462 -53.33139202109567 0 -58.11347798491924 58.96009853435543 0 9.144878941206201 41.24702941904339 1.704930537416064 189.704653741139 0 0 1.77701159129216 100.690649133965 0 66.71367069504089 -30.2534663775438 0 0 0 63.69945412975112 34.23679056174194 79.22579820723362 0 74.63554600396168 0 0 3.482012986766224 101.3025899345635 0 0 -0.5457885305757149 0 -4.230141222214225 0 14.54883283706279 16.62793739396773 71.19433048984925 0 0 0 0 0 31.54254109857484 0 0 -41.9732645189502 0 -43.58011888715448 0 0 0 17.40325978390945 0 0 0 0 0 0 0 0 -95.81186376148068 0 -21.14068822003606 0 0 0 0 0 0 0 0 0 0 0 0 -67.21152540637769 0 0 0 0 0 0 0 0 0 0 0 0 0 0 -15.08142234953965, 100.2683708824747 396.5458353339919 506.4497159258335 204.6278569974546 90.04824575411104 168.0475883905421 37.16879343722125 0 -51.64972781440396 -156.7757799344171 -100.3720460277329 -117.9008447299999 -57.27061495242152 -152.0726689725079 -291.8413969240988 0 -8.530432004492575 -165.1240162349652 -124.5471570439014 -139.889964943637 -76.82918315316348 -130.574239808431 -82.10205586119181 0 -47.90540027238413 -125.0189862309443 -182.9445349040003 6.404313142077127 0 -87.32132808657775 -24.33173415565534 0 -65.127833930408 -99.3713932714551 -48.61840145448122 -111.1714044749638 -22.17582540633371 -1.37053907003525 -12.97716887088914 0 -9.558932744198604 -28.77529563583676 -134.06856652579 32.46059566194698 6.331336579814629 -83.89472530927222 -68.42788548100754 0 36.88186385735406 -21.65683746158868 15.63734334674683 -86.46175715337418 -55.65610899870118 -125.9202952493057 -55.20152375444267 0 -20.66613584328875 88.40168737376813 -57.52193818027788 -58.29856347228633 0 60.22714700989197 -40.47177760632492 0 -15.51903420460734 -145.311597358608 -15.72915615438564 44.19989433295251 38.68553177084539 -40.30211504125626 13.6565887834613 0 -0.6988689638481489 -29.64110723020556 54.67765198903179 36.68338289527296 -26.03505725316981 111.6816281567673 5.909666974631534 0 -27.8611117069291 8.894176944843238 25.44197451777796 45.3031983153699 13.84136728868348 59.97505014044513 153.384478046633 0 22.98497351175891 70.23887020266481 86.04791899297734 0 0 18.56717187154013 -12.99294418786524 0 36.58159369931568 57.52009408183136 89.05152983393438 105.476516361466 37.54353204455223 66.51239367452878 23.80568494473345 0 20.07763096267382 38.61983661947411 0 8.212246535670605 15.17906632932935 11.06801736474022 21.01417165565279 0 0 60.39590573479399 101.9706853284437 0 7.305913592043655 44.59008225256822 0 0 0 -11.7304757414408 29.39686830695328 -19.83594391686284 0 -13.09595433084353 0 0 17.23086199216796 40.08757179539727 0 0 16.54900371764665 0 -63.49210527083272 0 -23.63881955997071 13.36222453020013 -34.75482532129942 0 0 0 0 0 6.807386125520011 0 0 -41.92088451149247 0 -95.83270460293056 0 0 0 -10.8957293984761 0 0 0 0 0 0 0 0 -81.15691863604349 0 -31.10871868104329 0 0 0 0 0 0 0 0 0 0 0 0 -49.58612922468646 0 0 0 0 0 0 0 0 0 0 0 0 0 0 -9.793763935244144, 0.9812154555844543 -16.54540413874168 -60.47719133172451 -50.88901816605444 -35.5655669151604 -154.2641734501545 -159.8689384199973 0 -76.83240327207166 -169.6253784706719 -78.33100484799228 -85.67307858862952 -47.49929411638612 -111.63212377644 -218.9892884249284 0 5.322016531705055 -102.8308681085702 -80.82540746604737 -123.4159648893207 -63.82562244923181 -120.1263509121502 -85.51671115912495 0 -59.20817840508523 -125.5555938343588 -186.5247298834028 10.93287983655846 0 -135.9906360913705 -48.97808093795719 0 -75.44527010718279 -136.5280611838729 -103.4999445977415 -162.091583878424 -29.58713690150536 27.50163819011846 -27.659399894274 0 -5.673889961628349 -74.92471576931221 -171.6476541587492 17.96934313390263 8.070969740781138 -115.658618376618 -85.54331875420934 0 25.83901957486628 -4.449575037323196 13.18544181225931 -59.41265159032903 -68.3149543298597 -108.9643337114175 0.1829721002972988 0 -2.70020503217296 76.81910223318363 -42.49454369784839 -33.07619395937888 0 74.98733276146434 47.51125948479017 0 -11.08229461921109 -63.56533061531685 3.577649815802232 65.22767686922057 33.18024170308901 34.34772912267147 13.39868925665792 0 32.78075506964331 33.86022253598017 149.7880751504496 100.9640918367528 16.47166500773258 76.2579872512085 77.34234349651902 0 -11.53049649388836 45.48431543853767 37.37480319933294 66.52571799161899 43.42550733341726 112.2143146210694 221.9357811998512 0 -8.997412272938467 204.8230201589764 99.44203310887966 0 0 57.08598792778003 -1.965301808822966 0 38.9721059821713 17.17188468710918 124.4725642480111 123.2681380492696 62.91398249941477 56.80301282901431 58.99823911971959 0 63.58941223753388 28.02185154313107 0 -5.913895632063463 7.471922874389413 14.074659493726 -43.35252432119566 0 0 75.85949744686498 70.7083095758004 0 -26.67086969338256 67.35984618717654 0 0 0 -13.68134996666034 0.9935847885889757 -56.42909833939907 0 -43.68758238107988 0 0 19.28056355540156 -24.06682655242254 0 0 17.80385835340966 0 -31.52063336160212 0 -20.81094935196115 0.9850778269569345 -75.48808665144838 0 0 0 0 0 -15.51196146578312 0 0 -6.309320035173125 0 -49.78325409347944 0 0 0 -22.65785727643359 0 0 0 0 0 0 0 0 -11.18135907575213 0 -15.18948593064681 0 0 0 0 0 0 0 0 0 0 0 0 -4.081512401482954 0 0 0 0 0 0 0 0 0 0 0 0 0 0 0.01010021286124108, -7.119382173748178 -32.97904164228885 -52.15421324811503 -28.19730721473374 -7.353542196228867 -29.47385776564658 -30.41010402713431 0 -12.08193759152244 -14.47334635675186 38.66992406919464 20.26618644664829 -14.59878691168985 -18.52134956049371 -54.59806963750155 0 17.86783036821332 -4.569897153032651 -9.588632650698262 -69.31464445896164 -28.28899671129216 -65.709205428583 -64.86991392638069 0 -50.76503972940957 -91.03810569241702 -143.1951503683915 1.092729407674451 0 -149.0880497242793 -57.77274857202376 0 -60.13439025095352 -128.45684884067 -128.7507128273897 -152.6828732133206 -39.10464078915477 29.60677031944048 -53.8209011105634 0 -8.042880413300217 -112.6279670214771 -141.9381172132002 -13.61366405516325 1.052335518969638 -122.0314848929486 -76.05733511101812 0 3.966894459795125 6.349168738064842 -11.5510170621205 -10.02542852032574 -53.25294707242055 -56.09944465635223 18.76174289880958 0 8.705838582098202 24.81955109686898 -27.72302414084594 -34.6089476230197 0 43.20267111813226 83.58702158114646 0 1.103355789102709 13.5885193705618 18.49857826505614 58.93201056056773 17.85283367839809 85.30989931620562 -5.791923887870389 0 33.69028945039815 44.6414563987008 162.7608534444784 103.6638514913516 27.82575816394576 31.14902695385953 103.850183855779 0 -1.55799720133397 60.35154392810575 34.29658238174843 78.81182859030116 54.11164281951914 86.18193138279644 166.6689043641804 0 -18.91554318842433 208.5627584102274 109.5110710788652 0 0 69.06467259232903 8.886274959322913 0 39.75287125762442 2.26611906604986 107.7614441637719 80.51909551008158 47.26202408864286 36.72266955425818 30.55649726522738 0 58.15657085413731 40.64400083673061 0 -24.91121444550803 4.577900581119486 16.86341685067884 -40.37400131224906 0 0 41.66999735969485 1.53718691677098 0 -22.79210707670407 18.91201263643833 0 0 0 -3.067382860808017 -35.85674707418055 -56.53865616244903 0 -33.77309601956363 0 0 8.615450050817557 -71.31447322058322 0 0 -1.141442011733387 0 -0.3846957555346329 0 -9.459212101531721 -14.85921763514264 -75.65001742746887 0 0 0 0 0 -26.76444477312561 0 0 17.78637269893174 0 -5.984410489341909 0 0 0 -23.78814123259927 0 0 0 0 0 0 0 0 35.58861549558 0 -1.15087339847627 0 0 0 0 0 0 0 0 0 0 0 0 25.28195105522002 0 0 0 0 0 0 0 0 0 0 0 0 0 0 6.047105079909166, 3.09326672405285 24.97478705836288 55.11473774789415 37.27338494392748 34.93396110534016 123.5278690212979 109.0794223344316 0 44.03079974849165 106.6751391779413 101.517324925229 80.66954539609083 13.2801243053448 44.35733604075126 63.15618071003464 0 13.53999865137591 36.52761077522126 21.18488842897461 -14.32802618846893 -5.255841508992766 -26.03021221570138 -33.54849595621629 0 -34.65595685566271 -44.54865205946534 -91.4102858940519 -24.01928092967929 0 -124.0325337425808 -57.06239850316299 0 -26.36957384218583 -80.27787129691323 -104.0735934644646 -92.00227783019538 -38.72123444918966 21.14558868566572 -51.9677731529474 0 -3.471620308434165 -84.28508176022601 -66.29142378013611 -33.61006980726317 8.34569228172089 -91.71821040594695 -27.64431022908276 0 -15.14072408859654 46.27840868104566 -7.477645763588493 59.7564821561953 -15.27525727852618 33.84243890792972 77.18277382589466 0 25.88237169995489 4.172810971076235 -0.5989622199087705 -4.542781369021196 0 21.50471521547676 149.4871881046065 0 15.35740469701384 79.41665480523554 57.45490312653233 76.48123858398199 14.68882917896235 180.8593747203936 -27.38683954288761 0 40.14481757478212 24.64157449777444 208.6632127124665 68.96551272258985 10.32764431845009 24.01574538892991 105.6234398941457 0 10.12999813608058 90.0903589073969 48.92573596678888 98.295516982132 81.22133455933265 16.70071513409897 7.686199254922748 0 -25.42843746287706 161.2792468568498 118.0719952560196 0 0 72.14122287221562 23.51302898349338 0 48.20376739149648 -32.46521078319178 67.88734924455926 -26.57928991691842 9.403442787085584 -1.930838465465115 -33.53154826817337 0 22.76670564580219 64.52005250922019 0 -30.05015103066014 -13.43758133728435 25.38499040097506 -66.71094337812465 0 0 -23.2378031099932 -93.5227867477456 0 1.576912533804069 -62.01284616305434 0 0 0 -46.93253235929636 -49.8382299846116 -64.61240112923495 0 -32.18445533872185 0 0 -10.07353211721356 -86.69463902937923 0 0 -27.16178136316439 0 -46.70564947924921 0 -24.86801456014058 -21.8856813126582 -75.52715364377632 0 0 0 0 0 -21.99230119705728 0 0 -1.673699526983954 0 -44.47048355868318 0 0 0 -22.49938193027693 0 0 0 0 0 0 0 0 7.7996791022492 0 -9.547492618947429 0 0 0 0 0 0 0 0 0 0 0 0 11.17795429861887 0 0 0 0 0 0 0 0 0 0 0 0 0 0 3.47405626270717, 8.26309486673442 49.5986664560965 93.62384290443961 56.7491781555108 38.99451751884725 132.6351173474412 110.593562670469 0 36.72129432643329 68.11346633409335 37.76493591019273 21.97044906463262 3.020500207067957 6.407496229301875 -18.84003404968595 0 -8.382996918789953 -75.8308977142066 -49.62651880567281 -31.30070883441036 -37.54368681643896 -99.48016353317233 -57.80708700663815 0 -65.87310585858208 -35.23950596406789 -119.430210455078 -61.44399742975398 0 -155.2455789794125 -80.25465374181982 0 -4.27430469406668 -71.48721968336605 -78.38113454301237 -56.57779016996732 -41.91900370827874 27.29197283119752 -56.5025850269835 0 14.50083047333458 -19.11624472732404 -19.93164936979306 -43.60869112267802 18.50859261892192 -63.78319118813242 23.09140909860599 0 -17.47051543683522 69.23341344755006 14.99749081947212 101.6569872086059 15.26060581389148 98.75013393833774 141.8905254797863 0 21.08232221072887 35.18246283355236 33.02502192401649 58.07189671510077 0 1.327697230899759 194.7577462922483 0 20.38702993405504 87.78751405500013 85.24408762709547 93.94630177175165 21.55781435018664 247.6527870286461 -31.85679160689572 0 52.30588224076661 -2.729249724670421 229.1423572292926 6.117887785876995 -16.26354476098182 60.70461015085303 69.92964123972907 0 15.28074879611232 106.8187509006745 65.32017614025921 99.34607576250765 95.61946477664785 -58.76315313393602 -154.9718623323648 0 -14.4394465328544 66.70639235778191 106.5626294341623 0 0 53.06971789333264 32.79664278914914 0 50.04578460682892 -44.77856113322156 8.770000589155961 -129.6973135674174 -32.92919429519283 -23.34130962263978 -104.9495725333863 0 -28.39136770682006 80.56712812139446 0 -30.89898928178938 -22.22352809378512 26.17765212997629 -40.95644563258138 0 0 -90.7430624119373 -162.4794579828451 0 37.80203304081479 -146.7853514641945 0 0 0 -64.76630203656615 -56.53944374101061 -35.7617400083078 0 -4.76484004536168 0 0 -29.42371514123655 -70.15108831437003 0 0 -52.41604708540839 0 -80.49765120608835 0 -28.93222039734518 -25.2238197096902 -35.82863798272817 0 0 0 0 0 -7.08026208567612 0 0 -32.06650807566034 0 -79.29420594991002 0 0 0 -10.30927107111808 0 0 0 0 0 0 0 0 -47.82719986425207 0 -19.84154559030766 0 0 0 0 0 0 0 0 0 0 0 0 -24.031323370401 0 0 0 0 0 0 0 0 0 0 0 0 0 0 -4.111502403076142, 7.259934860924034 41.22599526178776 71.69211463071657 37.92292500934644 19.96461094584547 51.1756311827817 18.52275377714447 0 -9.92191089600923 -70.97390757669915 -76.09703600493617 -93.31446882589847 -38.65748548996196 -83.82170477419437 -224.2885059729342 0 -29.8165234947199 -258.6700729774719 -152.1869988349611 -97.11113362536908 -86.65326388458601 -215.7237387191175 -126.1783437782119 0 -120.8755569419147 -41.49010602897155 -161.0166152040906 -75.12068757570592 0 -194.8727068830565 -81.25107716170862 0 5.670365190715808 -75.99951934927697 -46.38360113701368 -31.8671971119506 -32.55179305994022 58.09452228488347 -37.48249556940489 0 47.74642762766525 81.27454496742011 9.226518981927768 -38.77772270020236 25.36806678456268 -19.20099439077106 63.28907294771657 0 -3.951015664997509 57.87360091210146 54.22460901395451 110.1226420225213 30.79948967922436 118.4301524011717 159.1419026757177 0 -3.855490839109997 68.34154423829244 53.13624974324014 99.839161557442 0 -29.30390854730547 150.1036354320463 0 15.5869744747994 42.86912924306439 59.30330676531726 65.9325249047949 18.82794186101182 195.1305384593996 -20.51314343503647 0 41.94085856823963 -29.52946019584166 130.0696167671669 -73.56060549038085 -33.09773454843273 76.04938810419891 -0.164127931926398 0 4.473529437825171 71.30002242126918 51.29839711088572 66.47137186108355 60.5216778431742 -116.4918411296304 -249.8629376826377 0 15.86871277760817 -75.03323269495931 63.17817671319037 0 0 7.348302797806543 31.97608769813851 0 35.26219853180285 -8.081599335579213 -54.37731213929587 -170.3878998927132 -66.3913706657964 -13.88590099774158 -158.8141870917156 0 -78.01393831239974 80.36807121792368 0 -38.13304159687243 -6.358284539422616 13.99774254878987 72.99251568651275 0 0 -128.2074440998922 -171.758880298257 0 72.36636799291392 -210.4056183971209 0 0 0 -9.580835962142498 -73.63413144534937 35.38204186853859 0 58.3576997116153 0 0 -38.95195633686453 -42.09675748468324 0 0 -70.51257638435671 0 -43.14140688119418 0 -0.4127257453360258 -31.67796529727688 37.48305410457181 0 0 0 0 0 4.576001827417675 0 0 -39.25089465587017 0 -51.43548210411348 0 0 0 7.991102700386901 0 0 0 0 0 0 0 0 -71.77971004375661 0 -16.59661632202033 0 0 0 0 0 0 0 0 0 0 0 0 -44.37726538091219 0 0 0 0 0 0 0 0 0 0 0 0 0 0 -9.207512444123013


GFLOW: 0.8999999999999999 0.02915582950455936 0.029068217339794 0.03598359712164346 0.03587550014495282 2.994082289015173 2.994100620943124 2.978559414092098 2.978625608934543 -0.02031842506220942 -0.01429065509090035 -0.01556360648779537 -0.007769546578749243
q-corrs 322.6469744059482 1404.947690740207 2027.814520205191 968.2186031540273 522.587745879684 1463.469561047116 1006.081612814164 0 218.3215672171279 344.1427645283541 181.2085135733098 89.68778006108226 1.168503973246111 -33.80669728859711 -108.507734904706 0 -11.02734776757853 -127.8316184584885 -109.2903760486056 -98.32579194137635 -69.28354824905074 -115.3426369745263 -59.81493767306139 0 -38.8338571324233 -99.89932411806308 -183.5164403822044 -50.12263387593742 0 -91.63896270170588 -59.65593139911699 0 -34.60639541740171 -71.84696105963661 -30.37477252804053 -63.92639744533968 -45.12010571017177 -86.76064976372155 -106.4619083933539 0 -56.95662946925681 -116.5087172020221 -78.59313759545482 2.661333781662854 -41.77591817814121 -91.12128744263069 -87.67783569766266 0 22.04773838084679 -108.1343679949163 -98.35947658688799 -151.5956979583968 -49.79158724756881 -193.7269914180683 -238.8858027678554 0 -77.97849857438925 -13.32505653753795 -93.29471904601411 -161.9605595127484 0 -68.32735539956512 -285.932849305575 0 -16.20347173160544 -264.1923920614167 -144.5249761364176 -46.56817802606289 -5.159382555438448 -233.7345089262701 4.217712225881488 0 -96.22775759001766 -153.1462637839663 -246.0460719041774 -145.8424943983127 -73.77094353642926 60.96301281026246 -130.3647686863611 0 -62.28434812927814 -85.55726381845163 -29.49706033998986 -6.782555431539643 -75.52719706580049 -95.24494221491376 -73.29584642959539 0 76.84840063128286 -227.4274571794649 16.05572138511785 0 0 -68.65904436336626 -3.093006478021596 0 13.2816466428617 119.7372881741302 -39.17579934379715 17.41132161726779 -46.68402845241165 57.62140499006973 -57.9527197142307 0 -67.16400793965735 55.87078013810572 0 19.44755309894385 36.26777805297753 6.303727671388394 200.8768302233443 0 0 -27.8514569908928 78.72324403183046 0 78.13786019242053 -41.87059570150392 0 0 0 71.13513175718911 37.6698596924701 99.27431697895292 0 91.03118451766905 0 0 -4.435713678113746 104.0688829615134 0 0 -5.185947720550254 0 20.35914542074552 0 25.43251293831514 15.47073129014377 98.99749314217419 0 0 0 0 0 34.27401703284059 0 0 -28.18955835813762 0 -5.912879992295188 0 0 0 25.91665982575354 0 0 0 0 0 0 0 0 -68.09416935587079 0 -8.601451401871717 0 0 0 0 0 0 0 0 0 0 0 0 -49.76254195902181 0 0 0 0 0 0 0 0 0 0 0 0 0 0 -11.55498598855132, 231.1871835350383 1000.675299061834 1432.756517312776 676.6690009351412 360.6955698967996 989.691629168489 660.1201696251762 0 126.6635697247879 177.2969220380083 85.28357997723251 20.79365652344324 -15.97604865827266 -67.64730052966956 -158.9164980094141 0 -11.26605208202037 -138.4397336357856 -111.2513407352643 -103.346328175793 -68.79888861030668 -115.8449014218692 -63.13945314751697 0 -39.58340194429417 -96.57398237447165 -167.9737053959291 -33.93574874039483 0 -82.23578663624005 -44.89481896281768 0 -36.90450446161925 -67.51614430644962 -28.89407360191887 -64.60955577274744 -34.1584026421008 -59.67965987105525 -70.21274683286188 0 -41.1923658056878 -80.21884789036046 -79.1339801164364 12.29737187739861 -25.03199241665577 -75.78913438582767 -73.36046987389122 0 23.9804366807791 -73.71931432752535 -57.99029140963549 -122.2057206819236 -45.91774839909063 -160.8476374819674 -171.268543718712 0 -54.12345659808999 14.16866424549117 -78.51098348409545 -122.138598980902 0 -25.76163864755176 -197.9539266788098 0 -14.61652062962874 -212.0159122687771 -102.5569920643749 -18.49159081064147 6.609596355502042 -167.2261045723945 10.06788863673997 0 -63.67122597739507 -109.9027551655173 -149.892279686213 -89.88095695061239 -54.4211363416371 71.55641812680892 -86.14811948054054 0 -49.6564441936143 -52.64040076943037 -12.53481669148618 8.252304357464396 -47.17704179795592 -47.28445596298997 -9.213083084775834 0 58.04451036513269 -132.045881015765 33.90688822363051 0 0 -42.01991879704971 -3.014006286424587 0 18.91333698304574 91.87727466271565 -1.985090029611776 41.24051801483542 -21.00951265205653 58.48079311048469 -30.83304909097584 0 -39.35830144277621 48.24836512339822 0 16.46309539706092 25.79631897099662 7.422084263396023 135.2967547145805 0 0 -1.188266811101013 83.5786254302385 0 54.96065465824539 -14.84237942038875 0 0 0 36.74961479969353 33.58341747974077 58.90873954152431 0 56.14995658047559 0 0 2.108431579061441 82.13075297123642 0 0 1.227466920057361 0 -13.27660441452995 0 7.461916840720638 13.89604439728256 55.49899300495554 0 0 0 0 0 24.96595910987801 0 0 -35.106448132339 0 -38.98711507714454 0 0 0 14.20117990561165 0 0 0 0 0 0 0 0 -75.10065198971506 0 -16.39310997065517 0 0 0 0 0 0 0 0 0 0 0 0 -50.7582778348485 0 0 0 0 0 0 0 0 0 0 0 0 0 0 -11.12689312178244, 80.43686752837799 335.7905800875693 457.3413212403846 200.99149782607 98.90737023721672 229.9028480243783 111.2175220404914 0 -13.91197856685427 -71.82500482420134 -50.53574372213784 -73.45896111968288 -39.48045592636247 -109.3860955074774 -218.8704213394557 0 -7.710744514002865 -139.1999943332896 -104.7064320128921 -109.6438055661048 -66.09986751471922 -116.8249232448695 -70.67143408040947 0 -45.22155724201548 -95.60139103828681 -152.8364841071234 -9.344603481747111 0 -87.15086576027764 -33.22865257527749 0 -46.13730778948185 -78.55051317376352 -45.5529823514614 -86.15066532031382 -22.78233969340545 -12.18907597097289 -26.31331698482877 0 -18.50330592066998 -47.9085425549568 -99.92211201589893 22.01341385050036 -1.85276592842814 -69.63239728918309 -61.91962984928028 0 24.54854860880614 -22.30930445018065 -1.433957533953645 -77.54085707827043 -46.76156132728227 -115.5365220590321 -62.08563388587778 0 -16.88499599250193 53.15749085645662 -54.52025892638747 -58.52875117667475 0 41.10428400218077 -51.10851640031918 0 -11.40427402432508 -117.2993368080399 -35.60244354597894 29.11459273863307 24.16080610088973 -50.52233531750768 21.60449829750786 0 -7.253903098882548 -30.77500026781077 18.7271309405994 10.3704188386827 -14.7776496201633 81.23115637153849 -0.8710279633226143 0 -26.87693530592777 7.343941622986215 16.1356110658029 37.9167269564613 3.272400543479505 39.53130110223711 107.1277547395983 0 21.74342308638644 48.40509543296081 64.02784454969863 0 0 8.703986438525854 0.3461751245249154 0 27.89638542319703 38.72359751130885 65.08341580613396 82.88052657253346 25.24912759279153 56.07887914704874 21.54361229526667 0 15.11955491060959 32.49492440986805 0 8.947400684020364 7.912776601438629 9.881416762620564 15.46150173419591 0 0 45.02732289252881 83.43195551521362 0 8.970580170529042 35.44922997554314 0 0 0 -15.3512716429417 21.36376546446758 -13.32908647998324 0 -7.231439949914177 0 0 13.10912950987621 31.94753751971747 0 0 12.54640587393505 0 -52.57503186085511 0 -18.76124008012469 8.949021052527941 -22.43569114285411 0 0 0 0 0 4.842552637767108 0 0 -33.31373491491803 0 -72.84182648439831 0 0 0 -6.843043983978966 0 0 0 0 0 0 0 0 -61.99270578537025 0 -22.67039499861022 0 0 0 0 0 0 0 0 0 0 0 0 -37.05522964374715 0 0 0 0 0 0 0 0 0 0 0 0 0 0 -7.241661328567448, 6.85306140049283 17.17833684424711 1.055623404424544 -14.58342382473746 -13.39860553543253 -77.92242082699758 -94.43045535792012 0 -52.78028390261926 -122.5754348718236 -60.37050515801225 -69.53695806470766 -37.28373387819926 -89.60560226781919 -180.2447868270076 0 2.090104122666468 -95.67390139391026 -72.04636315677607 -98.34758507758956 -53.47990969475071 -104.7462486014239 -73.70882114622228 0 -52.67062412421483 -92.92592084361505 -149.5173362147964 -2.161671098424277 0 -121.0594151468266 -45.4369199364649 0 -54.38799859452564 -107.7056677730711 -84.63076875760477 -121.1272454474114 -29.64185728010927 15.08495335247961 -35.52718348035409 0 -11.77704147217195 -77.27815324620219 -129.4901624058396 9.302240734972131 -0.05339011275549144 -95.09320282640331 -70.78711290647962 0 16.88434891514847 -7.771904285010081 5.314203092084284 -50.6302438350333 -52.43543350001316 -94.33072446880976 -16.06483794267792 0 -3.81770569248647 50.21105748300815 -40.40632276147579 -34.83266001889321 0 57.29398067224651 20.18906831806228 0 -6.291321922278506 -47.65167925552104 -3.800062615123721 47.65685514608055 26.93021405557015 17.29632147663047 23.49959959307442 0 20.99536305418869 17.71831277726865 105.0312008193116 67.32792786100649 14.6592455803494 66.33117017068625 56.77782593206447 0 -12.15392134292455 42.67741261757263 27.61719806060925 58.25375196697404 30.63196745664632 82.85184680862639 165.066245004156 0 -1.356331766184287 155.3016015796991 82.88581168338584 0 0 41.49221136755629 6.499204562112158 0 31.62778493840189 7.813832488736468 97.5680616872431 98.29310651451328 47.31109847294672 49.12005423281016 46.5602156389933 0 47.97183996841491 25.73154197503275 0 -3.552827305750937 0.8352408886759952 11.36275856158968 -41.29451087722908 0 0 60.32093092821226 60.03142621414793 0 -18.55913536267219 52.20109982270575 0 0 0 -22.90526165758849 -1.162840325204025 -47.03155669765727 0 -35.1005194136606 0 0 15.65081956431281 -17.7135868146856 0 0 13.666150565658 0 -34.87746485148073 0 -19.78993327755213 -0.3368351185581777 -59.33440751639564 0 0 0 0 0 -12.37905555336294 0 0 -8.010566590146617 0 -44.35398149363961 0 0 0 -17.26168035344358 0 0 0 0 0 0 0 0 -11.28261994520741 0 -12.21874833701176 0 0 0 0 0 0 0 0 0 0 0 0 -3.673769358468934 0 0 0 0 0 0 0 0 0 0 0 0 0 0 0.006256572557124196, -3.410916951293657 -16.64936710492305 -27.96759701465002 -16.23729307652907 -4.557537141175403 -20.83357424984825 -24.00020730336308 0 -11.29662171239959 -20.16480241091346 17.31348061957589 3.793767977706552 -13.64325852342405 -21.6523789759832 -58.83888512833909 0 11.30275432810484 -20.84431809507258 -17.79252613795681 -58.00668997883291 -25.31302898895143 -60.86815501782685 -56.82275812115084 0 -44.37771765149067 -66.71537757790823 -113.8243229287598 -5.101221007048443 0 -124.9206382705986 -47.25914543562154 0 -44.08391790525284 -101.584074823787 -98.99729001374904 -113.161782538839 -34.43945813709189 23.51965265522279 -47.01108609988821 0 -7.919134058280108 -92.00604521002349 -110.0473972105546 -12.16898368073321 -1.56657171544696 -97.46401687969839 -58.74257667764477 0 2.291735391370862 4.201805384964453 -1.787727164850516 -7.933666639341634 -39.56009507830591 -47.36849297076883 12.62398809740833 0 3.665536947260236 22.48579998137572 -23.21141562760712 -23.87795519763993 0 39.25211619245643 58.15857093099477 0 2.937393287813531 13.79794891349254 18.84429820939644 48.10815976582193 20.98133525409331 67.8395856777088 9.162101733075652 0 27.77547101798987 30.71738734213967 131.8455949537558 74.87072034569562 21.91972340912278 39.051824019168 78.72488437980263 0 -1.838989962998782 58.4425921508123 29.31806099901098 67.990914581195 43.59884973094102 67.02319089028117 124.6838118547831 0 -11.8988762328079 166.59292242916 90.13336336260839 0 0 53.24569571652586 13.0976735335307 0 33.1642584067025 -9.197659338653047 87.01908039267479 62.41393389070302 37.19227359731808 30.34112109840104 28.13254845561702 0 45.90321572773013 32.95783035864855 0 -15.3466032426646 -3.536851213636905 13.9430014907195 -52.32712649772429 0 0 34.91892805848305 6.579030325269716 0 -18.18771570955851 21.25245192568281 0 0 0 -21.8205009999935 -23.3980976920087 -52.56324206650916 0 -34.3292687206287 0 0 7.526724281938757 -51.04677898200997 0 0 1.616097615482533 0 -17.74258827325228 0 -14.92107917545159 -9.844307050312354 -64.10393384074067 0 0 0 0 0 -19.69539143794838 0 0 8.330156369740678 0 -17.85650691008586 0 0 0 -18.95842020058202 0 0 0 0 0 0 0 0 21.19039295306186 0 -3.256225246989053 0 0 0 0 0 0 0 0 0 0 0 0 17.1088388352767 0 0 0 0 0 0 0 0 0 0 0 0 0 0 4.354041369525845, 2.570629729110834 18.85131989070543 40.27131412928244 26.74480161992996 23.72216931074938 84.37606330810068 73.72716979147107 0 29.28505539914836 67.42212237245593 64.33519784478497 49.14211351808366 6.114567486938802 24.83294363237903 27.13788914058546 0 8.835735129020531 10.2856699558856 5.767759543088065 -19.3148272756324 -8.66875777237356 -31.76524494539578 -34.49537399425814 0 -32.43190151166341 -33.83580339021472 -73.63459236974938 -18.74207605222162 0 -102.4909332517902 -42.54764886787586 0 -20.01031606614219 -64.54754125930475 -78.4138455661367 -67.81083307650971 -30.07657559054075 23.62432205556175 -37.07648250036021 0 2.082752781118451 -54.82350722162463 -51.05762132819998 -26.00827760118585 8.044070055045786 -65.81784614863591 -15.23910398454313 0 -10.91882407474484 35.90194612615637 6.761867592924247 50.78938843981314 -8.795156909976065 31.87196314975015 72.24536136050217 0 16.89577472104089 13.41170131639642 6.336659430790762 13.45149512378336 0 21.83185243134107 118.7001983220728 0 12.4374385235534 68.85919759124154 54.72496605762165 59.63399892181795 18.6775683628081 143.8669612533686 -11.35411481014041 0 36.7924128351294 24.90891821478393 167.9334107949928 53.03526389965471 10.18878559799497 29.52924550598085 78.46729429704041 0 10.01484456336023 75.91433677227522 39.58320892119212 73.47643758707545 63.14476924646695 15.91757787472448 7.427028434451351 0 -19.55829754203231 128.517101519434 85.94435004920032 0 0 54.05503354537193 18.52944191995785 0 36.16679299994674 -34.08794147411667 50.92282710250223 -21.14425708275606 8.009716870400318 -3.697542096530213 -18.05049366402724 0 19.50698313313576 44.35853999786133 0 -19.66154576308108 -15.23061909672168 17.78945984105819 -68.90711400241193 0 0 -16.12438155802473 -67.78609656870564 0 -2.448508209056598 -36.46616769606044 0 0 0 -49.17675414184652 -32.92418518216238 -55.22572383113696 0 -32.36099163138356 0 0 -7.310121709094089 -62.3955782916079 0 0 -16.64909576300862 0 -47.80132430484027 0 -24.51662434658952 -14.36360039871413 -61.31953806835701 0 0 0 0 0 -15.83742440961613 0 0 -5.829056751558394 0 -44.16702725376007 0 0 0 -17.49233928835517 0 0 0 0 0 0 0 0 -0.3936236029857754 0 -9.461749141964189 0 0 0 0 0 0 0 0 0 0 0 0 5.504329746362842 0 0 0 0 0 0 0 0 0 0 0 0 0 0 2.16342145799909, 5.837392642754892 34.32687003392045 64.02818142303059 38.35391180240299 26.05164995929652 87.83725528901384 71.44903222298825 0 22.78377200631684 38.2054747035642 20.06707175230281 8.108171678320344 -1.544877669593865 -2.787350908661588 -30.38372342848134 0 -6.554490976339412 -66.81631750232188 -43.19598310948935 -29.99459727417411 -31.28655635156938 -79.78846398982822 -48.46227689971759 0 -50.8132568920802 -26.8176978813162 -86.36011494855063 -41.46898110167941 0 -114.3554792373383 -52.71961816552872 0 -3.249565931156245 -49.79485541353272 -57.31154819725973 -36.97209285123816 -26.60600285153773 32.4413138945928 -28.17356073293311 0 19.53957298482075 3.725418314459468 -8.997710663796859 -32.78036336913662 19.23233624325734 -35.16630379396625 27.79688687971382 0 -14.0341080965905 57.03565104267596 24.98473828669497 90.48799517852379 15.58654691609228 91.78549616889697 130.2245128383587 0 16.85725269064578 32.21630785695541 35.88225373114884 63.04764574637201 0 1.264326682846569 156.1777441534291 0 16.16189104904865 82.46631247253927 78.06259187509225 68.54172227038401 20.62648368725128 194.7551918034675 -23.53026001756758 0 44.33844995264488 8.004116363015747 176.6477013348775 8.506325456612331 -10.02789450221683 44.265515605274 50.35222639060247 0 15.91757002238214 79.46666106444943 48.86388001349262 64.60764889113986 71.82850280959778 -43.44791023871947 -116.5468608828035 0 -14.52482817934518 48.26049085035064 67.36066325971967 0 0 38.06080263566159 15.93549546405296 0 34.49521022001842 -37.97995172193051 -0.346268135547799 -102.1431098720327 -25.97122401809496 -28.81837340209718 -74.95818470972621 0 -21.71215554114518 51.4672197359294 0 -25.1947352923837 -18.03385827144678 14.04265675086959 -39.69096063113066 0 0 -69.51957782838655 -127.1507513102142 0 21.80664027968837 -103.7986496131584 0 0 0 -51.46198729197902 -42.75826576283712 -28.67337312836784 0 -8.169534806758325 0 0 -22.49321235602341 -54.43234120282663 0 0 -36.53589738389758 0 -62.11259501076952 0 -22.93782573404871 -18.11039573468501 -28.33907460660918 0 0 0 0 0 -5.767964516443644 0 0 -24.63904876242705 0 -61.11910503885416 0 0 0 -8.053041499188723 0 0 0 0 0 0 0 0 -36.61330437423158 0 -15.33614651435058 0 0 0 0 0 0 0 0 0 0 0 0 -18.18598983947007 0 0 0 0 0 0 0 0 0 0 0 0 0 0 -3.024448548462611, 4.909022379987476 26.42795340692149 43.77222665777241 21.78459492397113 10.28902437753196 20.88286560318759 -1.466348592312105 0 -14.11283453477228 -65.54611441738822 -65.98729709025258 -77.07723194961133 -30.22501555699296 -71.05584713878577 -176.5155029106585 0 -22.7755511207076 -194.8818032225369 -118.87096168621 -75.04206509757424 -68.18811576209849 -160.8237895025829 -91.89815978810962 0 -86.24188781813797 -33.13588482354403 -114.7636953461136 -51.96934107702113 0 -138.1908730362781 -53.46472272967729 0 3.885219020239172 -48.91461925961465 -37.45355842143612 -18.39522853898898 -18.0720665806025 56.52784237116609 -8.701532337371495 0 43.62214701326213 72.07674505621026 13.09107145208411 -30.46918016006987 26.16988716458239 -5.24653186014805 55.70078499068504 0 -7.25031666562719 54.90993839880751 52.04610820720663 103.5671435663424 24.7822116910896 110.2402311466782 149.4979437479111 0 1.216589178353495 51.50831497547841 49.05900483073063 86.97992314894574 0 -26.29791649652482 123.4671833599832 0 14.29249225557539 51.05235225083541 60.81128126382146 50.85911306868094 18.8303648107246 165.6534829584109 -24.52901104253642 0 34.75897601349784 -16.73284851020182 106.5942079489665 -51.72678534671957 -27.5728027910241 50.62451798073243 -2.554325503978434 0 8.300547823606008 48.79601207011454 39.78038990830441 37.46903191895114 48.58078199047335 -91.55910903248875 -196.2423992403399 0 4.354679473768769 -65.1276787318485 33.98910880555407 0 0 4.094139327387774 4.443453706064421 0 24.68406576942837 -7.393865281549722 -51.02265962220652 -138.7764758747227 -53.67626549753162 -33.33488572549157 -123.0580869145923 0 -64.21306228984784 52.45484533313673 0 -37.00338177100748 -3.763831520455106 1.038440437216099 51.68588515929984 0 0 -102.0477022496905 -145.6717260149918 0 46.160344169155 -159.894170190605 0 0 0 -1.673006330072003 -61.30452399936982 28.1221497434556 0 42.40872787640567 0 0 -30.91928440967908 -38.7909605758059 0 0 -52.4143222468227 0 -22.31073272142847 0 2.782505879855947 -24.34948693345608 30.42651697032568 0 0 0 0 0 2.373241799128664 0 0 -24.179337512019 0 -27.65644077268632 0 0 0 6.685488847490603 0 0 0 0 0 0 0 0 -45.20475676741809 0 -9.530695224413183 0 0 0 0 0 0 0 0 0 0 0 0 -28.46803106724604 0 0 0 0 0 0 0 0 0 0 0 0 0 0 -5.977953290671191


GFLOW: 0.9999999999999999 0.02441882445445472 0.02436371471925203 0.02962933125498685 0.02956107242858023 2.995143605422333 2.995155221626308 2.982223306095631 2.982265332375966 -0.01397778014517658 -0.008331890816737878 -0.01247357271124295 -0.005480315969290682
q-corrs 223.036926680264 1000.384909385462 1488.695512540701 734.002112425216 408.1573782060291 1186.227887422932 850.8650961494935 0 206.3884451773446 350.4528921466908 193.7581348497592 115.6874813092859 15.5778602043306 7.810883427184764 -30.08324859011165 0 -6.753326979391334 -82.47836373879545 -76.51052474452202 -67.15042056979316 -53.18545115889608 -91.06876791007949 -43.94581620927269 0 -31.45113533819286 -76.97392068027723 -146.9010348273475 -45.84595645724566 0 -75.48354233263041 -55.60327242549683 0 -25.0345077736982 -52.86508743863104 -26.08517726986676 -52.44237887610365 -32.75541368396865 -72.62627648601267 -81.06942821540798 0 -50.74461901697252 -99.46684755504381 -60.29065176611769 7.240740912023481 -32.03450278389992 -70.16877618307095 -76.79986631875801 0 15.9443641694649 -80.91874754268638 -81.57192740804568 -127.0583708184447 -46.65264023055373 -169.4880234450484 -189.3181941058029 0 -57.28504405299937 -16.22574411726944 -81.22859959828426 -135.3534232363087 0 -50.54171440353959 -224.3819955277325 0 -14.34264384300494 -215.9027158207433 -140.0242961665144 -31.92668430280969 -11.04015321748645 -192.1287171812389 7.645089652854677 0 -76.38132037324515 -120.4279828478798 -196.7359527446857 -124.7479311138866 -50.82655431103079 37.13158237930857 -99.24857212073171 0 -52.73722764205106 -66.36595058555467 -21.02212381249066 -0.4636280000603712 -59.98418276440914 -74.43489331029427 -62.91345743659893 0 56.31585191428995 -162.4420844693539 8.45077656164392 0 0 -53.06404021714989 9.957649165766291 0 12.13647583718155 81.61613795193841 -27.91852046114099 13.414254730126 -37.07131892795083 47.60351166222669 -35.62051724430256 0 -45.74674500981823 45.52922603033053 0 23.40676244310448 23.30026697705966 11.08097596294302 143.2971821265555 0 0 -22.11194966490946 65.77123318991555 0 62.75397731143133 -24.01061145697549 0 0 0 43.52880483662306 36.95569768433937 71.7126578504801 0 67.12139886894533 0 0 -3.620160155825124 83.39598299454059 0 0 -2.196994514613481 0 4.518915294040844 0 15.23402732887289 13.63591514097623 72.74523226480878 0 0 0 0 0 26.95584555479357 0 0 -25.21364897407272 0 -13.62450810907594 0 0 0 19.26209530844202 0 0 0 0 0 0 0 0 -56.06809503489938 0 -8.351274362142931 0 0 0 0 0 0 0 0 0 0 0 0 -39.10456685628494 0 0 0 0 0 0 0 0 0 0 0 0 0 0 -8.805504776141982, 165.0879463662031 736.7646511739825 1089.163921087431 532.3047676997852 293.2926718513132 839.2078447176511 588.8926547033234 0 132.1709281788704 210.9511608391127 112.0395840899452 54.34226685912167 -0.6613466122144267 -25.83293014128122 -82.22616404328851 0 -7.600090921091667 -97.38517911363633 -81.99795064472971 -74.03676693611519 -54.37121526298521 -94.25438369436299 -48.76583789089077 0 -33.43501030346864 -74.90752296733373 -137.0130348466696 -34.85467272836629 0 -72.01291474603052 -45.46349786655109 0 -26.76900671445905 -51.70822226505783 -26.78146629113573 -53.04253662038771 -26.63434361924066 -53.07223318036598 -58.67467731817931 0 -39.44578471176911 -76.42187718657067 -60.8418566308453 11.76597038431225 -21.34770559455058 -60.62214103082071 -65.81797092733984 0 16.69888105329317 -57.85173736344892 -54.05605523090851 -104.821737415635 -42.34453610571028 -143.250054303121 -142.6018954144542 0 -40.7817066316571 1.854988229408864 -69.68268035155927 -106.3302127936996 0 -21.47866600487707 -162.1966211753411 0 -12.59488092970782 -174.6093144762934 -106.0247974513312 -13.65174520105552 -2.286101611254566 -143.640593023665 12.15581400935475 0 -52.98177262901437 -88.89630483201168 -128.693320956498 -82.68261935249996 -36.93255426885909 44.81055817955419 -67.30406195364304 0 -42.96242408876086 -42.66045675747275 -9.919809554485656 9.533758210227059 -40.02800981866253 -39.16138351828498 -15.31724714233572 0 43.25897161248974 -95.95184018718267 21.41265393455155 0 0 -34.0703205487933 8.265043948049351 0 15.30869529164952 62.22170644745772 -1.363760870536611 31.40206805680173 -18.04859160789518 47.6562526653849 -17.00349996404814 0 -26.41599584859319 39.06500647864014 0 19.10185312173666 16.07779319202416 10.3964866821174 96.67232232176374 0 0 -2.000116418216098 68.48450656256965 0 44.90109209169501 -5.563863004148621 0 0 0 20.20971014871842 31.2565049832391 42.91176129868167 0 42.10905702782036 0 0 1.362354440992661 65.70462223261782 0 0 2.161811191396413 0 -17.30230563175409 0 3.13472368189061 11.67595572315198 41.58925638951143 0 0 0 0 0 19.54568055564033 0 0 -29.00064461743277 0 -34.7526000482802 0 0 0 10.83372769382529 0 0 0 0 0 0 0 0 -59.24853078777515 0 -13.24493324326752 0 0 0 0 0 0 0 0 0 0 0 0 -38.90811255620699 0 0 0 0 0 0 0 0 0 0 0 0 0 0 -8.360282591824351, 64.36669731304845 279.6060977466577 398.5227122530415 185.1239804168349 97.07467079789977 250.5342595169495 148.2686829515979 0 10.517604784369 -13.5410099642768 -14.66850220722891 -38.87365718850479 -25.52135867638308 -74.2176573396321 -156.3186920436815 0 -6.349531479426009 -111.5161450594745 -84.44489715262361 -84.57817618261839 -54.67953828664249 -99.52828980456513 -58.91779922160634 0 -40.20092820820134 -74.35170092480868 -127.3981028699392 -17.34297226417602 0 -81.25096689269675 -36.52083277285504 0 -33.73572527128994 -63.37100425869097 -41.86871357907828 -68.50115771222769 -21.57946984938086 -16.89159611223197 -32.24309575443705 0 -21.92679560983497 -56.30308086328861 -76.28055821695061 14.40536351834598 -6.417921446295593 -58.85492510025031 -55.46265521065085 0 16.23440631526718 -22.61491721877593 -13.05057127398808 -68.36340980320044 -39.59838067008375 -103.6397791456035 -64.48115284170562 0 -14.75811659434241 29.11286299239165 -49.91198730336517 -58.0174408075391 0 26.02730770358657 -54.86963482531544 0 -8.829167059265316 -97.32129569784041 -46.7931571935941 18.71479471664092 12.78800769074797 -54.62989307924386 21.39688724172098 0 -10.98415978552161 -29.87995384815249 -3.843145301911051 -4.455132026087131 -8.480399583905111 55.33988553462915 -4.086453248751274 0 -24.7349160890867 3.170873453305184 9.884217622069613 30.923030613183 -2.838154512646751 26.27653419109567 74.2565093695511 0 18.22179668067285 33.5851010183347 46.43997494020496 0 0 3.377020108227132 7.549975913691268 0 21.15984541061395 25.35282758171037 48.60549352280034 64.40635727464311 17.16758048501013 46.14676592846938 19.13255333004246 0 12.09526932330703 26.95736307896333 0 9.636846917563298 3.559804334890134 9.672937462677641 10.37590734661991 0 0 33.9593625215708 67.99526714078364 0 9.685442319703776 28.88175038345552 0 0 0 -16.14498809947175 17.38123764972772 -9.820999856819803 0 -3.996146305029233 0 0 10.04527434571027 26.14143502522479 0 0 9.834457960011139 0 -43.33440215393529 0 -15.02339381551613 6.605383148213654 -15.51283130582028 0 0 0 0 0 3.714722205649044 0 0 -26.37122252571346 0 -56.43785093446253 0 0 0 -4.651245306461731 0 0 0 0 0 0 0 0 -47.67410541386315 0 -17.03410912686164 0 0 0 0 0 0 0 0 0 0 0 0 -28.00729577749571 0 0 0 0 0 0 0 0 0 0 0 0 0 0 -5.417410034521225, 9.4984295952354 34.50635209977554 35.71390004173976 7.421154765104946 0.6181897430771244 -26.57442455038874 -47.91639256853833 0 -34.35048713473194 -84.85908818685135 -43.65817425722473 -53.54800774729584 -28.82151342910385 -70.57226289004643 -145.313497356531 0 0.1235920730001339 -85.4730348216077 -62.93314174963033 -78.74229336275516 -45.09836000792546 -90.23213546498968 -62.68474818992489 0 -45.76384400107401 -71.1625851882788 -122.0601974630023 -9.730369553584566 0 -105.5895158373078 -41.64498030323458 0 -40.04803888393154 -85.53606032583545 -70.19250295092925 -92.49046528982169 -27.29953898255745 7.561124071370715 -37.19969123098374 0 -13.76615700345284 -73.42239752116294 -98.37381261710672 3.593484803344253 -4.152708213527252 -77.73365347982727 -58.3254573443174 0 10.70063694047859 -9.746768482814655 -1.669082024274111 -42.29086135949345 -40.87424501358893 -79.86185334158017 -23.67621711796888 0 -4.858228631782218 31.41538634754093 -35.94230182982426 -34.26988024707903 0 41.42962796409003 4.562406525125269 0 -3.772755548614986 -37.67145045712766 -10.23679516316084 34.45719126383499 19.67267498054247 5.665296078502749 24.18043804387397 0 13.11497152665245 8.519744683001827 71.71976583586373 44.08944684124546 12.48528827073802 51.7692627016152 41.42722183103929 0 -11.62178480350421 35.07744647215495 20.13201716470486 48.27027026363615 20.94480654104704 61.28114220243391 121.5319403526631 0 1.416672419562739 117.2635652309285 65.40548147452692 0 0 29.98753108704137 10.66558226147874 0 24.92685830558029 1.722105837568698 75.92192318276471 76.98247194192547 35.42297029179416 41.06659547665491 37.19276105796563 0 36.67834268157913 22.18038237046975 0 -0.8981381793508785 -2.500772550401034 10.07065496929526 -36.8346127776524 0 0 47.49269271315637 50.66269234076223 0 -12.24837522599309 41.427328570478 0 0 0 -25.30633093073255 -0.2648018496347966 -38.19880125379103 0 -27.68147825009446 0 0 12.54546511221283 -11.64188954798097 0 0 10.87539371391155 0 -33.9104496676481 0 -17.65022538575463 -0.3579171466564193 -46.2809660175187 0 0 0 0 0 -9.404000991437959 0 0 -8.654778357905268 0 -38.90743519974772 0 0 0 -13.20326050567365 0 0 0 0 0 0 0 0 -11.54108384257721 0 -10.15712385541713 0 0 0 0 0 0 0 0 0 0 0 0 -3.960729601063102 0 0 0 0 0 0 0 0 0 0 0 0 0 0 -0.1609622709141397, -1.035405885887378 -5.846247534006763 -11.56687148606759 -7.956782283044256 -1.974387409802985 -12.97474041862605 -18.06121098620268 0 -10.26481110073465 -22.12866991300511 5.371772979987171 -5.169464699852565 -12.69898546867768 -23.0179238148023 -59.18816933975783 0 6.932940625613413 -29.80535749286178 -22.22539541691516 -49.23561777696905 -23.30556624985453 -55.89548555170916 -49.63283902037691 0 -38.66079007318962 -51.08252575412858 -92.54749349874572 -8.521465830829332 0 -104.8942293447026 -39.17545033082997 0 -32.91803429657411 -80.63401114516465 -78.3251076843448 -85.50544344522918 -29.44579180516517 18.84740667686338 -40.04900069824665 0 -6.540522592983614 -74.50857763699958 -84.75802139887568 -11.31883040555184 -2.45242946393833 -76.85967748499898 -44.69582863761639 0 0.8272681416267211 2.857770435641282 1.073121579395384 -5.298820538332228 -29.38724691968354 -37.08853489148397 9.937087124605007 0 1.339458855122349 18.4904350127743 -17.83174671091583 -15.71275013614906 0 32.34714780574937 42.65266451236085 0 3.350774718548239 13.60894014240981 17.03548392670394 38.25444900006259 19.54442920335799 54.12967294184865 14.02006581545745 0 22.56363165170276 22.48561053253498 104.8190238833162 54.48508794275688 17.58074905846874 36.82840675701657 59.85741305451651 0 -1.459679393877896 51.16557820484031 23.92629369335345 55.88965559186568 34.30345329631277 51.73669297651451 92.88352577110601 0 -8.018436350687972 131.2884040844724 70.97277383452014 0 0 40.61942142786043 14.37523451727 0 26.46400405553112 -13.8446017160689 69.01123606976942 48.00904116659086 28.9092933596138 24.57825536990781 24.90139608922953 0 36.16668611070055 25.72176630056824 0 -8.782363594557562 -6.917589223686361 11.82141551059667 -52.62666128192824 0 0 28.78241140698636 9.1571206948202 0 -14.05969840333092 20.95092438144645 0 0 0 -28.62211685484522 -14.55538350328933 -45.59385967863656 0 -31.2540167761652 0 0 6.461728429123391 -36.06248094425916 0 0 2.929664511659844 0 -25.3965345054967 0 -16.32607636398449 -6.375249746764603 -52.838775085907 0 0 0 0 0 -14.46797932340145 0 0 1.975905358147136 0 -23.6901221897509 0 0 0 -15.0711077932482 0 0 0 0 0 0 0 0 10.17434160978499 0 -4.642973733906192 0 0 0 0 0 0 0 0 0 0 0 0 10.22592039375051 0 0 0 0 0 0 0 0 0 0 0 0 0 0 2.857501492844516, 2.086627757083772 14.10349825592644 28.94128176688547 18.66807684685424 15.94731361381139 56.01465182716882 47.65514559501442 0 18.14960843834276 39.64478113053933 39.33099452876939 28.00475681022684 1.408020912621352 11.19640738237856 3.984403317508654 0 5.667960066638525 -5.123107006193871 -3.450006810337378 -21.20332442709378 -10.42812044265798 -33.07251654712398 -33.02092471579466 0 -29.22346013539969 -26.75606870430033 -59.69857444225008 -14.68945487830105 0 -84.44064687861153 -31.45764783636565 0 -15.5334736508218 -51.60930686117627 -60.88067658060719 -50.43074765629714 -23.54286261231399 23.93031428132119 -25.55632620698693 0 5.802312941189751 -35.33897017071352 -39.10850709090126 -20.57541254505307 7.88841909960867 -47.12132961230997 -6.477530899344289 0 -8.365093345290518 29.57347411391935 12.96285847204384 43.79461986509293 -4.42389301774999 31.32234655054432 66.28197193152332 0 12.47516149989402 16.27211823258298 10.38101355820301 22.15207294499464 0 19.95091301120117 95.69424360969649 0 10.1144552046669 59.91596317975545 50.31502180498004 46.52112404766611 18.98285252225329 116.2476362803315 -3.81100770913778 0 32.04336718526579 23.58477412073786 135.1362531881139 41.46737168014256 9.210825060322209 28.14625501623911 59.314139108424 0 9.614491666339726 62.15745281111536 31.39959559186257 54.8142610080275 49.24843355397477 14.19078609931555 6.408250455446815 0 -15.60784422062559 101.3059896888686 62.08401111794252 0 0 40.76276714577309 14.0811042919276 0 26.76743161308993 -31.70157291262583 38.39015954883304 -16.81419861241917 6.813445200163692 -5.1684805929318 -9.270987253542195 0 16.1489309629654 30.0895678660517 0 -13.13078152180449 -14.5514437457656 12.5320178509714 -63.96613014197416 0 0 -10.71740376433713 -49.86249417217807 0 -4.705811887804749 -21.41827096575416 0 0 0 -45.80686438578655 -22.11090708659648 -46.1921028688728 0 -29.89831030296073 0 0 -5.102123633653191 -45.66633587769952 0 0 -10.31468461579229 0 -44.67691198643605 0 -22.31539953145388 -9.59592082951966 -49.72085311477183 0 0 0 0 0 -11.6706664150143 0 0 -7.859125915535311 0 -41.12619374673386 0 0 0 -13.77551348172475 0 0 0 0 0 0 0 0 -5.422812420801517 0 -8.954094113532943 0 0 0 0 0 0 0 0 0 0 0 0 1.549369207860603 0 0 0 0 0 0 0 0 0 0 0 0 0 0 1.182571213761235, 3.978451142119667 22.92112818997024 42.08484694455198 24.77386588381435 16.57446467442142 54.72960448883084 42.78099748219547 0 12.40251054663827 17.16304465404527 7.514927973201676 -1.277086864050877 -4.116694337672476 -8.893033340129676 -36.23790486557279 0 -5.23398887920853 -57.98205175174841 -37.26900858055188 -27.73968456802483 -25.95622969833073 -64.12801759673047 -40.70759670054952 0 -39.7346174731728 -20.91364562965111 -63.34892184034436 -27.92918964029137 0 -85.58559430086493 -33.49814253031871 0 -2.786684500326218 -35.27357623890994 -43.05382175942076 -23.68906811673845 -17.3786480946764 34.09846562690164 -9.934039645714044 0 22.26761878562751 16.49300826855816 -3.195073351213011 -24.87977528840423 19.16500121036465 -17.70429451169967 30.27567439218181 0 -11.48581883869831 49.54796104250929 29.65982230748789 79.8989516363044 15.23379273101389 84.62517341632287 117.7492360945509 0 14.73657207826882 28.6744213683325 35.88858966430436 62.04495017864839 0 1.990374339575466 126.6230183581624 0 13.28451391069833 74.94661245065484 70.53489298367714 51.21236496949258 19.47703422814037 156.6319028427199 -18.73630082337709 0 37.31870093197517 13.02233480720646 138.8491205367982 9.267434973594176 -6.9356968846076 32.09215703821081 36.78728537565139 0 15.33197117148366 59.06401972952557 36.79939342008993 41.75297356383135 54.78787887059329 -32.10558889482638 -88.61233584283849 0 -14.21704430485388 34.28413061678123 41.96760788553083 0 0 27.58426066104216 4.740372319961544 0 23.66926815728556 -31.75788346801026 -4.980903188956319 -80.56485992313395 -20.0432021012381 -30.92205524537977 -54.6750646302989 0 -17.04163135035972 32.27476113204576 0 -21.02179966498054 -14.38521019444164 6.272437388075168 -36.61303896716706 0 0 -52.99263898030246 -100.5989449784873 0 11.10520346832422 -74.83917698704632 0 0 0 -40.25735219700196 -33.04362224099931 -23.29358116472364 0 -9.635970271856557 0 0 -17.11850715966951 -43.19754894965229 0 0 -25.96826014022107 0 -46.97597821999662 0 -17.83350894201785 -13.25943122101511 -22.63808989151743 0 0 0 0 0 -4.822331170056837 0 0 -18.32563380411487 0 -45.85453362082624 0 0 0 -6.284975385196469 0 0 0 0 0 0 0 0 -27.01011009610301 0 -11.44508367721424 0 0 0 0 0 0 0 0 0 0 0 0 -13.26423727954849 0 0 0 0 0 0 0 0 0 0 0 0 0 0 -2.162655866666011, 3.057410175943133 15.53727965833308 24.00358314859319 10.65250187027156 3.686634690016515 0.7730859204639771 -14.2458510604055 0 -16.27043086444603 -60.28310584284245 -57.46215235319072 -64.36592448780225 -24.13820634704837 -60.18081964385319 -141.0052760767073 0 -17.54922016986443 -148.8377641760367 -93.13124030679515 -59.00783286541126 -53.54364644963178 -121.1141944737568 -68.68443492166644 0 -62.77500769322626 -26.48729058779821 -82.96676845358043 -35.63711585739045 0 -99.54385674789836 -33.35384388086804 0 2.460562386266675 -31.79657623702301 -29.89043729541346 -9.132278561934401 -10.00627387040492 53.12007636401442 8.395600385081345 0 40.54854771861837 65.58293964290965 14.01082795700253 -23.96379209605342 25.96161292167209 3.74404850288796 51.44754474220297 0 -8.423849178406872 52.56198236032255 49.48807361160984 94.88399851699612 21.45008351618143 102.5180663610753 137.657695625265 0 4.566121923051647 40.17940325131689 46.11702426255815 77.65301093640421 0 -21.7942962963725 103.9620531206025 0 13.1535199253481 53.83509445026869 59.94264091290169 39.81167507363531 18.30757289545578 141.9595222677339 -26.04213458151902 0 29.65199420598355 -7.480860079187217 89.36928981212201 -36.2709707585869 -23.37071841809473 33.28967911928284 -3.652621731653597 0 10.36393972418073 33.23668994448175 30.88340835789743 18.62765092613521 39.28030287175107 -71.49816696205855 -154.7683346524721 0 -2.827158276671252 -55.99479571433745 15.42307773718291 0 0 2.169501549762323 -11.5132813788669 0 16.76303332298645 -7.541702409443072 -46.43519505167657 -113.2611052186079 -42.64264580548377 -42.336714572446 -95.84266977906337 0 -52.26928287725856 32.96840357524404 0 -34.1127235031519 -2.348364727316039 -6.406050082088647 34.89504930273301 0 0 -81.0658564119971 -123.2516237201832 0 27.8892630388495 -122.3858106936061 0 0 0 2.327385828053529 -50.71991098432226 21.38473484601138 0 29.98444022496848 0 0 -24.55855444975026 -35.35447869935502 0 0 -39.39377886510392 0 -9.16513727227076 0 4.253617840935037 -18.81926850741849 23.86463647330678 0 0 0 0 0 0.9225945491736265 0 0 -13.75228312300523 0 -11.9540962176603 0 0 0 5.475522699093789 0 0 0 0 0 0 0 0 -26.39797532278177 0 -4.633020287732814 0 0 0 0 0 0 0 0 0 0 0 0 -17.05309781266999 0 0 0 0 0 0 0 0 0 0 0 0 0 0 -3.654403414803568


GFLOW: 1.1 0.02076993287637436 0.02073794431118149 0.02484342418980154 0.02480285444160665 2.995935864596465 2.995942802981678 2.985001096517693 2.985026060464158 -0.009320307601805137 -0.004381927889519906 -0.009822344598199565 -0.00385602157284414
q-corrs 159.1142146631121 731.0417005913996 1115.177259795159 564.275440417219 321.4867293682081 962.334109385816 713.385486379954 0 187.8057915628944 335.1613781056716 192.2557880872179 126.8870534069842 23.84123908566272 34.66892308014683 23.79164699722452 0 -2.866757246546513 -44.50460282403533 -48.32331925950817 -42.85310819762162 -38.00968047063029 -66.9574504507265 -30.50995565954691 0 -24.11891044236229 -58.25481087126299 -115.0999596066447 -39.89966346041423 0 -61.31431496428609 -50.1425092205271 0 -18.45762567453068 -40.42511222570578 -22.51531176183099 -43.59920276093666 -24.70600554571536 -61.42848137599432 -65.60938453136006 0 -45.24609104759253 -87.65824747309217 -47.24829592392446 7.954491133390285 -26.50448435984208 -56.31230731918782 -67.59359925339461 0 11.51509395566279 -64.18125623246283 -70.8578065449495 -107.6149459036673 -41.82560949830921 -147.2270211389915 -156.2517241306604 0 -43.30605526966164 -19.30179865217562 -70.84585936078219 -115.8172992140771 0 -39.30637182583308 -179.7689577807145 0 -12.62052729147214 -177.0613601752528 -129.806674206547 -23.46618399424795 -15.052511501187 -160.2372239683416 8.328616319231061 0 -61.92765656114996 -96.11997466918574 -160.5828488884284 -104.5808047522132 -35.43783080681838 19.84376042297057 -75.78693987378932 0 -44.37913069371842 -53.25471677439611 -15.94705009878007 2.651665517678929 -48.34266603992785 -57.9382242914978 -52.62187523990116 0 41.51329122383229 -118.0002606780971 3.374289153176768 0 0 -41.09575673357214 15.75918265048197 0 10.21647380662584 56.04368321672 -19.7183298249298 10.65104663689729 -29.11200429281384 38.70660073381519 -21.45541024691492 0 -31.25502750713594 36.49922900231347 0 23.4569793601868 14.97306585306379 12.71246821198207 102.5529657234181 0 0 -16.9844442753916 54.11197129737462 0 49.88990824380239 -12.81099501542179 0 0 0 26.11317948047868 33.67806374895356 51.44719764888521 0 49.43997588723775 0 0 -2.79283583993101 65.94778930096648 0 0 -0.3807874321511675 0 -4.153704718048457 0 8.767779353216859 11.66480028590857 52.70091484959589 0 0 0 0 0 20.91814422461388 0 0 -21.86876542834156 0 -17.1473798187313 0 0 0 13.98214018326858 0 0 0 0 0 0 0 0 -46.0327076593906 0 -7.887179078185035 0 0 0 0 0 0 0 0 0 0 0 0 -31.02029645288907 0 0 0 0 0 0 0 0 0 0 0 0 0 0 -6.815084557226593, 120.9407722209735 553.2812935863535 839.3134940018285 421.6027743658423 238.522982049679 705.2223253643067 514.1091156101439 0 128.2908017580819 220.3894780389625 123.7476748731674 73.74043783916466 9.192075506145649 3.199453052949785 -26.44257569425483 0 -4.21011048309258 -62.03926731270447 -56.30528926725361 -50.83162564528223 -40.60877462590703 -72.45187113459508 -36.26429880306424 0 -26.97928386833239 -57.58700434068393 -109.9443734513132 -32.67910850694108 0 -61.66532828073161 -43.27082734343693 0 -19.90197388463493 -41.08282909843161 -24.55261211045075 -44.36371165004329 -21.5069961253332 -46.86853830144483 -51.41175685553345 0 -36.76461583923933 -72.53120087563734 -47.96686816555561 9.665145074969866 -19.3449565336244 -50.47163074834385 -59.02251267072717 0 11.60522887524754 -48.22092345495604 -51.61397565693395 -90.33531327759368 -37.7848631027684 -126.1988789050377 -122.7889296733176 0 -31.91640292146191 -7.016079073130975 -61.55422802210274 -94.16728370693322 0 -19.30164165025917 -134.9259980721102 0 -10.92749032629806 -144.7398193139956 -102.591874247226 -11.22422382565852 -8.369749731839633 -124.1524965659625 11.40198964406378 0 -44.74845737300394 -72.71555040536259 -111.4213992810303 -72.95377768699441 -25.46322920464734 25.41475992118553 -52.57261541322782 0 -36.77624925437119 -36.06320878280376 -8.435357392102866 9.299479671087193 -34.00964489147394 -31.85983772491394 -17.25325898696459 0 32.17763346260425 -70.90865311209284 12.79335960658021 0 0 -27.3697500167955 13.39564181613667 0 12.04614541374314 42.30185234941308 -0.5375595342169266 24.1431966568346 -14.97381509275819 38.3505311588648 -8.515601174032245 0 -17.61703958182603 31.25595470664902 0 19.07779103490638 9.92604057633697 11.35439723534945 69.05504101023658 0 0 -1.825983372593877 55.68841315481674 0 36.27566971888631 -0.06280341723966076 0 0 0 10.1143405729947 27.96658502774133 30.7847661773811 0 31.38435634816596 0 0 0.9959844980502406 52.13264988975885 0 0 2.613661182271411 0 -18.40292995571274 0 0.5325965783308462 9.77110188660768 30.33511964483819 0 0 0 0 0 15.17538173468734 0 0 -23.80594587846225 0 -30.66591258304243 0 0 0 7.928764885991353 0 0 0 0 0 0 0 0 -47.03525583792473 0 -10.93640777667207 0 0 0 0 0 0 0 0 0 0 0 0 -30.20643135981779 0 0 0 0 0 0 0 0 0 0 0 0 0 0 -6.383029080655253, 51.64673356945541 231.3543559164699 341.2622319396805 165.0282676984257 90.29706689227149 248.60970053632 162.6930127269144 0 25.43953356295971 24.68069468465205 10.02546648085678 -13.33335071725775 -14.98744190123589 -46.68076884518653 -105.6987779371075 0 -4.765687679847522 -85.42526713983837 -65.60581493446124 -64.16345917566484 -43.83164650615139 -81.81572506458964 -47.94004483411686 0 -34.41430952197457 -58.31740019809487 -105.6298592525333 -20.60923818655494 0 -72.99228029711969 -36.52347630087954 0 -25.27736184637147 -51.96236434358745 -37.95581365991269 -55.64229878886807 -19.84739038678683 -18.65077015176482 -34.58764656752967 0 -22.5966125175004 -58.78826358393621 -59.46949565808367 8.786536095777301 -8.99339118631843 -50.62718682985368 -49.4371412582525 0 10.57118956435005 -22.90995875715096 -20.8720322575408 -59.91298279484193 -33.54865165767141 -91.72039561487514 -64.1843502738751 0 -13.62931026707772 12.8194761566463 -44.69395940052694 -56.21366617616992 0 14.64904562693624 -54.75855823848152 0 -7.151624503039007 -82.2228427798746 -51.88115960772308 11.37111202120779 4.450707627002352 -54.98553010341055 18.10197111561798 0 -12.82191706230907 -27.89038811500066 -17.45323810402 -12.30539081797995 -4.948356832130878 35.15237236337775 -5.601860769225969 0 -22.10774117897738 -1.062208322588301 5.638333415518444 24.57016359606434 -6.209859334060769 17.48975405397218 51.00167040719442 0 14.35129864421208 23.14248132446892 32.75795362420354 0 0 0.4543390218218732 10.82735249473389 0 15.92914854073999 16.09783843318344 36.69348627754641 49.62807783015375 11.75747034181595 37.20785678860894 16.7624335946036 0 9.938085036976432 21.91279116783687 0 9.847393841141809 1.013048072296586 9.353433671764048 6.203374496522502 0 0 25.85994694516701 55.1338323816702 0 9.458971843284628 23.90304213357706 0 0 0 -15.55626854578122 15.00606381545235 -7.782914070903907 0 -2.387813973918323 0 0 7.759717732316986 21.63856219695177 0 0 7.909185696713087 0 -35.76125883353732 0 -12.18369982683166 5.241581476429318 -11.43905831983254 0 0 0 0 0 2.985784494878594 0 0 -20.99517365118259 0 -44.53502303331032 0 0 0 -3.399484715494841 0 0 0 0 0 0 0 0 -37.15495026541979 0 -13.15076675944976 0 0 0 0 0 0 0 0 0 0 0 0 -21.53908769525159 0 0 0 0 0 0 0 0 0 0 0 0 0 0 -4.129537384965319, 10.35518966871673 42.17890090286586 53.64704815248705 20.02980580247034 9.078550399617107 6.715702793637433 -15.93599221727433 0 -20.60206058510814 -55.5743571694664 -29.43531524743632 -39.32914118642917 -21.86929746969404 -54.416017946447 -114.8645338036648 0 -0.9367217832328238 -73.94074593256377 -53.82122877612859 -63.05948549141691 -37.88823712652631 -76.84406395453016 -52.78631754081371 0 -39.2413895272017 -55.80500353252351 -100.8359846450476 -13.702833157703 0 -91.19708594444941 -37.71345814273819 0 -30.04290538403535 -68.5904931669979 -58.781968127471 -71.99752112091763 -24.38165242833031 2.827714499281283 -36.2188175604182 0 -13.78663109063615 -67.04262367275813 -75.44533857443962 -0.1773894671300091 -6.113842748430202 -63.7199239330491 -48.00617218116933 0 6.450525432318418 -10.98710996186908 -7.364823481416529 -35.19393765027234 -32.14913726028846 -66.76499628760305 -26.80330244705211 0 -5.709802589360216 18.14774741961913 -30.83779857372415 -32.46622326360713 0 28.40080835307124 -4.366604177670823 0 -2.461374800172965 -31.02899163896794 -14.82131205831767 24.51843633701445 13.085024752225 -1.885350163889118 20.91196233753386 0 7.804513533305023 3.243970813706495 47.40304234624352 28.22994740123793 10.30382710471432 37.4526367275657 30.08310312175922 0 -10.52376993820286 26.6387267881173 14.44812796159725 38.51469144227925 13.920766675771 45.37076231882013 88.7980920168087 0 1.942883576104412 88.23555856382541 49.632709373417 0 0 21.63938954873039 12.10116327588187 0 19.17834588781603 -2.000065386922651 58.68444678574389 59.47199055809389 26.48200169248208 33.37856450785591 29.92504517053693 0 28.31721921607933 18.18825516509983 0 1.216908526220227 -3.995166435219963 9.092658725588963 -31.94667596847234 0 0 37.18296688872443 42.22560487912243 0 -7.859532533954868 33.32290940802383 0 0 0 -24.53270726406303 1.28371373089251 -30.69408978251603 0 -21.80568618450798 0 0 9.980555421364038 -6.884504094887129 0 0 8.822359219265586 0 -31.13693912316875 0 -15.28984081361058 0.01230691145217766 -36.08933668505857 0 0 0 0 0 -6.928220527260768 0 0 -8.697033080416283 0 -33.89094592874129 0 0 0 -10.16194425723389 0 0 0 0 0 0 0 0 -11.65313466043198 0 -8.634398787485953 0 0 0 0 0 0 0 0 0 0 0 0 -4.391628020259382 0 0 0 0 0 0 0 0 0 0 0 0 0 0 -0.3573236569679281, 0.4159365873765992 0.9524837924896932 -0.9517385292881548 -2.432914999614094 0.0130300419188456 -6.654157147319737 -12.92790822791448 0 -8.99354486220162 -21.70639311326973 -1.114087399166213 -9.634165005078739 -11.58095761552191 -22.82156511791074 -56.64659858315768 0 4.008850196726881 -33.87139177855376 -24.01941756529286 -42.03693669854329 -21.43603643137059 -50.69777567875383 -43.20005481527216 0 -33.56407306981664 -40.38205139953 -76.52840443071962 -10.22938392352368 0 -88.29140958161686 -32.65401176315068 0 -24.98958030944043 -64.34965368929423 -63.1470808348174 -65.54335371507887 -24.93708202266773 15.16116703719136 -33.68340466351972 0 -4.886406708518443 -60.06254130357982 -65.22405464839288 -10.61273304070025 -2.482307145024217 -60.34071937300753 -33.5631907055015 0 -0.3354997783284315 2.014582281870309 0.9430757871995397 -2.940588582450953 -21.76598082698504 -27.59303001816426 8.582366405418451 0 0.208970770758917 14.15235337827123 -12.91436277504681 -10.01904089497555 0 25.01915996663399 32.39613761035974 0 3.185428961135795 12.92926203191474 14.40548455655456 29.81011611839196 16.38396523756607 43.33404584657533 13.88923128506051 0 18.17417891704295 17.22514207348233 82.13711777419712 39.94840485727818 14.13009383810635 30.56118542552635 45.6519452984477 0 -0.9078611962887511 42.1886687771951 18.961360131768 44.38827677217752 26.66024130311528 39.80839479312535 68.9128156786193 0 -5.982247214655978 102.496540142173 54.13580185406842 0 0 30.90225428724968 13.79469477547542 0 20.44885229980252 -15.10561732913379 54.03347254987607 36.57159796676467 22.36115041141409 19.38598574585381 21.43150781163856 0 28.47446412812686 19.4138143808651 0 -4.524624843961874 -7.919597956050273 9.972037030604524 -48.21390212468688 0 0 23.45944217382629 9.859588529856754 0 -10.81957721096735 19.2682095077872 0 0 0 -29.50377807978377 -8.572777714410019 -38.25245212451961 0 -27.08133037163005 0 0 5.46003680342422 -25.30927934885121 0 0 3.393270113197995 0 -27.59455046006516 0 -15.75073192708709 -4.020674866611278 -42.94595951797758 0 0 0 0 0 -10.61680664258656 0 0 -1.925334222202518 0 -25.61017602712217 0 0 0 -11.97200096153444 0 0 0 0 0 0 0 0 2.624068550550494 0 -5.332387242526836 0 0 0 0 0 0 0 0 0 0 0 0 5.142167328403085 0 0 0 0 0 0 0 0 0 0 0 0 0 0 1.705263535065517, 1.653645461494353 10.40492723554372 20.39128016019611 12.6439002926667 10.50978301939839 35.7971060602024 29.01675485047871 0 10.13347514422513 20.44464961169179 22.43122228177786 13.87412274481688 -1.592959399963782 1.967334285347413 -10.58026814476142 0 3.472499728023291 -14.13576912597584 -8.906622800552103 -21.44985014585415 -11.14445958074148 -32.19932215811654 -30.58743231088051 0 -25.84918745811048 -21.7949080840772 -48.91509887898729 -11.63543579580987 0 -69.68304893023939 -23.0172096087032 0 -12.27280415541024 -41.19577348998853 -48.26727328859558 -37.67571568500101 -18.66056151882463 23.02124696396035 -16.90098815440317 0 8.143036553704199 -22.1203910424212 -29.86666546962372 -16.60276292376834 7.820587826319329 -33.61105661058027 -0.2991889974072128 0 -6.796073275532759 25.40246383588177 14.95503096100705 38.23315915341129 -1.444281928436746 30.96366087729095 60.13855057117784 0 10.03034723249279 16.03518102492529 12.57706251056554 25.62744360572625 0 17.05454708427384 78.13134935586073 0 8.31213714580972 52.21520309526219 45.1585772475492 36.30111501234507 17.52768259327134 95.04929746582312 -0.8553448683213034 0 27.29775781343658 21.59324286412268 108.6942366623686 32.80425001593182 7.901257437017478 23.90612281451994 45.35089449065664 0 9.023210420992314 49.79869016198448 24.64671027884754 40.56707724305991 38.56231440651993 12.20832084196051 4.973268928616474 0 -12.92284037913629 79.19043904637076 44.37309098444163 0 0 30.92802528104628 10.1836294113569 0 19.56585400199999 -27.97655403098056 28.91688772961098 -13.59889865354912 5.765987581037024 -6.246860905332021 -4.445058164726388 0 13.04728693693361 20.03670399796516 0 -9.093820295319937 -12.91697260823959 8.73413507550034 -56.38708143038271 0 0 -6.896029095830117 -37.33942938324253 0 -5.794818722861869 -12.60077755457367 0 0 0 -40.2106617395399 -15.22515502727708 -38.0939498491958 0 -26.37229936445753 0 0 -3.479001569844981 -33.94503232931613 0 0 -6.47100596017737 0 -39.56648106599548 0 -19.39914793027054 -6.544862566030739 -40.18858846715047 0 0 0 0 0 -8.747111494779972 0 0 -8.409429553486534 0 -36.58804630492531 0 0 0 -10.91051816096575 0 0 0 0 0 0 0 0 -7.929546404528542 0 -8.120252980280323 0 0 0 0 0 0 0 0 0 0 0 0 -0.8709976823333143 0 0 0 0 0 0 0 0 0 0 0 0 0 0 0.5230956149438102, 2.590096933604016 14.58615221776 26.19036333188028 14.99535072575394 9.806864843026391 31.00503739782425 22.39140643835294 0 4.983776067470561 2.66500476686393 -1.168654535905421 -7.518653785123855 -5.574603457207431 -12.78525652315912 -38.9211799240239 0 -4.304086568753556 -50.45804986864952 -32.26587406569338 -25.33709500974084 -21.63849882127892 -52.01900506059728 -34.52301086665844 0 -31.56483264356308 -16.66661498614863 -47.2992596280619 -18.75552885597937 0 -65.16846987275346 -20.22403679954281 0 -2.531848532295927 -25.38100097369837 -33.07782948474708 -14.68933589015978 -11.74349067027289 33.66984512196764 1.500542046742384 0 23.33083684224052 23.28362594013973 -0.1494702586598775 -19.14842715927286 18.63221185197422 -7.05993509505943 31.1580696213158 0 -9.589990490896312 44.22343094082896 30.97056182532215 70.34057304271505 14.54442756992968 77.53879218900508 105.6538120873759 0 13.33446308291922 25.14391418652311 34.48857215877764 58.43224388668222 0 2.564799727435182 104.0294031612395 0 11.19055955777757 67.18206649431042 63.27473942166034 39.0627112364634 18.034747374875 128.2730520523106 -15.84437855468869 0 31.47790531176993 15.08471232525566 111.0283774955833 9.274918223719926 -5.28358902581456 23.02527200309002 27.23330558557994 0 14.28740245064844 44.05278945515549 27.9796253305153 26.53885426676942 42.4206837801749 -23.76177223712336 -68.32243382646365 0 -13.62711150492223 24.03688415841258 25.37142459578185 0 0 20.21703006646052 -2.345659172013043 0 16.14551907449722 -26.495025017399 -7.115657532893582 -63.98426206060124 -15.30139019053654 -30.82445510845366 -40.7884502300719 0 -13.68580377087835 19.60379356364652 0 -17.88647498438416 -11.39501503112372 1.401262590483213 -32.81398627637002 0 0 -40.37187775423615 -80.4155952232766 0 4.207114821818308 -55.11064298595281 0 0 0 -31.18068619093034 -26.1738544756538 -19.00295996510705 0 -9.928418937324041 0 0 -13.02128992881802 -34.8313988709975 0 0 -18.8476030898508 0 -34.98151070732004 0 -13.69325962461763 -9.947625555415851 -18.14706139317809 0 0 0 0 0 -4.092184769590304 0 0 -13.2724495242501 0 -33.72217027026225 0 0 0 -4.899807538739647 0 0 0 0 0 0 0 0 -19.32481576681615 0 -8.326667277926303 0 0 0 0 0 0 0 0 0 0 0 0 -9.358742355479677 0 0 0 0 0 0 0 0 0 0 0 0 0 0 -1.496853892078163, 1.679760181913124 7.785796904865698 10.32876574068673 3.114460130422124 -0.6869303525269146 -12.18142773498758 -22.10955010477236 0 -17.14798378262334 -55.38097638936697 -50.29763854377767 -54.43035134247725 -19.74346476564679 -51.19100820401783 -114.5817724175702 0 -13.65558708498209 -115.5390147973109 -73.50139774509555 -47.2489453792674 -42.14117508317536 -92.30978131301799 -52.72625461718658 0 -46.64678462165495 -21.18081123558441 -60.74242857290152 -24.17451562927052 0 -72.81822151091298 -19.13481392662702 0 1.420619162305819 -20.77762030453078 -23.65355634942518 -2.859751299205634 -5.48905593187337 48.8814505416286 18.19027591066818 0 37.74832875474969 60.38175804875111 13.55898063917257 -18.85853657972534 25.12147516809022 9.289817367958719 48.34204933679005 0 -8.477876496255234 49.98973491311158 46.53084521564403 85.62631668289151 19.36400012224639 94.94259669658807 125.4184353341257 0 6.656971352979754 32.50958423071133 43.40657460611099 70.29667529382468 0 -17.1662282784606 89.30212690352786 0 12.00790182457902 53.72308204334841 57.80835198164374 31.66194982342745 17.48490189089397 122.6122854180574 -25.7756598746081 0 25.86542610294849 -0.9422355954432504 76.41913478887962 -25.10716327584097 -19.83170227255683 21.61008869223051 -3.912912872021809 0 11.35364756958368 22.84456770744782 24.1416271066649 6.792102477119496 32.07734896116584 -55.60339910047337 -122.7235862114456 0 -7.064136333033353 -47.58446936818277 3.882608100403939 0 0 1.061909605846131 -19.89768954714151 0 11.05779243247124 -7.84449287472351 -41.13336303603838 -92.66777850685779 -33.54790739748333 -45.10136927606764 -75.16999181950558 0 -42.40731626410307 19.65487198241975 0 -30.60773725206323 -1.571960312180664 -10.28534724528052 22.36159257596255 0 0 -64.22855310372255 -103.9001007776195 0 15.55846728293399 -94.53304855120035 0 0 0 4.18798527540944 -42.04493931439718 15.86990369450442 0 20.70178531943803 0 0 -19.46983634216139 -31.73417639584173 0 0 -29.96445446302896 0 -1.090060942169483 0 4.751009481490826 -14.72503424465543 18.39895660335332 0 0 0 0 0 -0.02170284634284814 0 0 -6.785322894424292 0 -2.023228254745844 0 0 0 4.43504231531794 0 0 0 0 0 0 0 0 -13.64323181758361 0 -1.419819039743433 0 0 0 0 0 0 0 0 0 0 0 0 -9.223143766178838 0 0 0 0 0 0 0 0 0 0 0 0 0 0 -2.051257294084783


GFLOW: 1.2 0.01789451575543838 0.01787921936412167 0.02114381030033713 0.02112281389278885 2.99654476246732 2.996548394360755 2.987162599306836 2.987175343190902 -0.005915400564186611 -0.001804226559791791 -0.007599096373348766 -0.00270214062725793
q-corrs 116.4850524112564 545.9940793684705 850.234754179051 439.560165455507 255.59185423063 783.8804028538606 596.7677585851968 0 167.4838342120097 310.1095949683956 183.3547579394704 129.0961520777697 28.11182858941862 51.09663531854387 59.3350924871939 0 0.3470782642032018 -14.50781583432309 -25.4749867359957 -24.41493202837116 -24.91918685744225 -45.4150213257864 -19.59976604040703 0 -17.42796773804217 -43.19211933910317 -88.27958911007704 -33.50658259100739 0 -49.09107976461443 -44.03436276247957 0 -13.76023586090025 -31.77613403986815 -19.57445066815208 -36.60907736850564 -19.406333734646 -52.41943967552929 -55.66427085219028 0 -40.31418926145086 -78.71638245810816 -37.79603370849085 6.841097633739408 -23.12349523543022 -47.03061679080558 -59.75228255069864 0 8.206645515423281 -53.54927639987698 -63.61685866619325 -91.87737325115262 -36.62877632347207 -127.5575350791269 -132.9182758983888 0 -34.01891245800046 -21.77351707026095 -61.72079339874018 -100.5940469750315 0 -32.16094755939314 -146.5921835367778 0 -11.06155790967089 -146.1119556435501 -117.5097501007725 -18.48104970588348 -17.52808491200114 -135.2403153928097 7.431878710683218 0 -50.94813843197464 -77.52470407677603 -133.1834137986024 -86.73500995650627 -25.04728688651703 7.516488459322504 -58.33927075770602 0 -37.21399368755259 -44.05116512487059 -12.7510922428021 3.681191604498243 -39.47464485317209 -44.97271453204577 -43.32540690153815 0 30.65389629303868 -87.17985523227307 -0.1652866839149958 0 0 -32.00726588393145 17.34344621741769 0 8.184923007773399 38.64866271249649 -13.8862991094498 8.643194392364698 -22.6811858476159 30.98827408238356 -12.44361497393208 0 -21.4177031528456 28.84694627125594 0 21.59331047650096 9.580114392388744 12.53730565396392 73.46197966929236 0 0 -12.659685716986 44.14714780128875 0 39.2900781048686 -5.819811817127704 0 0 0 15.11190940424725 29.38986605062325 36.68672254673419 0 36.3181732779424 0 0 -2.031083691667169 51.75233240972108 0 0 0.6977849121675277 0 -8.518305985329455 0 4.678797382640234 9.775199309236307 37.7676116682683 0 0 0 0 0 16.09302626956066 0 0 -18.601974155945 0 -18.09901436698156 0 0 0 9.982591318777573 0 0 0 0 0 0 0 0 -37.69206774963558 0 -7.236522904946763 0 0 0 0 0 0 0 0 0 0 0 0 -24.75542673728192 0 0 0 0 0 0 0 0 0 0 0 0 0 0 -5.332960976464266, 90.52106459273284 422.7222434128585 655.1344115481951 336.6183996477052 194.6591368511882 591.0409232025958 444.05561018166 0 119.8599514924417 216.2843785754347 126.3034598730389 83.68235091220075 15.24130867708879 22.61011265966051 12.80116129482277 0 -1.333836671961935 -33.26419358509264 -34.98270061476445 -32.84476477051759 -28.54436439733408 -52.57792397652084 -25.79190896805521 0 -20.83088937752939 -43.70546630390684 -86.72920663450503 -28.99928460451259 0 -51.79449844136192 -39.51762464774204 0 -15.0290931726951 -33.41502224412499 -22.30691056544654 -37.54788148515807 -17.93511691237819 -41.32997272019034 -46.42101261505157 0 -33.73011789964742 -68.41348350521459 -38.63940219202847 7.070589462162181 -18.09289426410265 -43.47189760293902 -52.93561256734922 0 7.955225334784084 -42.13917215375302 -49.75994087910735 -78.17777572292883 -33.0857952191947 -110.5809748959179 -108.1045883720252 0 -26.10500599103607 -13.12437553593582 -54.10294646058802 -84.06027063945028 0 -18.2408251004273 -113.6585128235924 0 -9.518411523610462 -120.8521514190882 -95.78461960552382 -10.0582127038017 -12.29737572838111 -107.864842188563 9.379765266848061 0 -38.11162000716645 -59.92144385537249 -97.01000363728896 -62.91860929973706 -17.86816966876187 11.61740356593223 -41.36351581838591 0 -31.26592003228157 -31.4425213842427 -7.519970165272379 8.118686994490723 -28.999093939343 -25.62699937906291 -17.05984265426445 0 23.84264486323926 -53.39936275493202 6.70076872521161 0 0 -21.98296004473878 14.89635810659173 0 9.259472508645906 28.76349069493528 0.06911981137955703 18.68111527689061 -12.15488575732754 30.44690880249123 -3.359259496373082 0 -11.68847528673178 24.68647435694502 0 17.66739961967499 6.005720559095824 11.04409929837058 49.16563372464366 0 0 -1.267232893221419 45.05669843632558 0 28.96688789266322 3.0806504314522 0 0 0 3.991133575322182 24.32272925662321 21.77775085197235 0 23.1916690276954 0 0 0.8368134136490277 41.15411029850312 0 0 2.77372681302565 0 -17.91943818360577 0 -0.9981591861478956 8.125939687050151 21.65354604579793 0 0 0 0 0 11.71380120543596 0 0 -19.49258612431404 0 -26.80135462435248 0 0 0 5.630136828892146 0 0 0 0 0 0 0 0 -37.56276165167218 0 -9.13059530039037 0 0 0 0 0 0 0 0 0 0 0 0 -23.70455200504008 0 0 0 0 0 0 0 0 0 0 0 0 0 0 -4.94006221505553, 41.64833790006131 191.2242144269637 289.8277686826095 144.566144086494 81.61742565053976 235.1430195980583 163.8722048558739 0 33.88150820291395 48.58562972594044 26.33202836706995 4.81686070761214 -7.24843486682222 -25.81260933195592 -66.15172025217373 0 -3.188603445691303 -62.45304847984828 -49.05752731820012 -47.74745708841925 -34.13539322164521 -65.27204128871699 -38.20042937565911 0 -28.66240669732591 -45.84168679795229 -86.95599358386264 -21.0922597728497 0 -64.06797191872394 -34.65778713609314 0 -19.28476397011161 -43.12253751134298 -34.05483635771806 -45.94882732768249 -18.05898826139371 -18.93516565700942 -35.04649862957349 0 -21.9145570474352 -58.03439217477903 -47.24036120409029 4.625672119670497 -10.37989733659323 -44.22598711211666 -43.97142059058163 0 6.682108921947364 -23.10059396036492 -25.93995789523646 -52.45945685059336 -28.39768495263796 -80.56970770834886 -62.27473866393301 0 -13.04526838215022 1.909446590381279 -39.45736193122858 -53.37250533068926 0 6.260140015534407 -52.57356244968732 0 -5.992196823735386 -70.33503539853625 -53.00173228841614 6.122897886497163 -1.400781604553003 -53.16640594199254 13.96672574050223 0 -13.42926538383887 -25.3905223100554 -25.2360407284491 -16.01646578159198 -2.988516755110076 20.10253517444204 -6.307068543285292 0 -19.39277315693447 -4.583937045838347 2.731689263373238 18.97232864319726 -7.936914625312437 11.6009755920371 34.60254744959842 0 10.84191743131547 15.55305880764565 22.26006984517043 0 0 -1.176604383378908 11.69930647340301 0 11.85804426065146 9.774461250294127 27.79497011736855 37.98564376401112 8.093204755360169 29.44993691567317 14.52316644564515 0 8.223585851843476 17.42055993987555 0 9.555085540071431 -0.4382069559854314 8.702626075700987 2.938870510562325 0 0 19.86843042382933 44.46401003317169 0 8.597624402898129 19.95699430115413 0 0 0 -14.37708981203372 13.21752152742238 -6.519682943470982 0 -1.719775333663398 0 0 6.044880771270702 17.94817945962639 0 0 6.475310839445133 0 -29.65290240648009 0 -10.02398884500998 4.343069810141659 -8.93494423622575 0 0 0 0 0 2.453104779437766 0 0 -16.88205023206878 0 -35.74774901364452 0 0 0 -2.641805518176935 0 0 0 0 0 0 0 0 -29.41551657079058 0 -10.39494414797518 0 0 0 0 0 0 0 0 0 0 0 0 -16.88540665529879 0 0 0 0 0 0 0 0 0 0 0 0 0 0 -3.214814184524259, 10.24669786571895 44.2880679928592 61.39741061161249 26.62293085359112 13.85449055810939 27.40982864983619 5.390123157069507 0 -10.56907125085043 -33.36169667422383 -17.9259795993776 -27.38506242153451 -16.22983714336369 -40.97842333103799 -89.00295015362067 0 -1.386142444902332 -62.24806802268861 -45.09333448111174 -50.36163620153953 -31.55940666812772 -64.70141002797837 -44.08518522388734 0 -33.33688808646939 -44.44533422508201 -83.85838279611012 -15.37186835051451 0 -78.34421796065277 -33.78592616689639 0 -22.90189586811915 -55.57062895442338 -49.56873283334265 -56.99302695797066 -21.54725850706233 -0.2076695844802375 -34.15624059061234 0 -12.94199872294946 -60.02102079493329 -58.50761887980715 -2.650685675078057 -6.934307315491735 -52.63410319512898 -39.5950554138389 0 3.542339665544413 -11.73931741361027 -11.6775728571175 -29.4021361369648 -25.45421278200996 -55.51894791511344 -27.60205992164361 0 -6.372686924961467 8.846736123206888 -25.93955832239257 -30.10836342389215 0 18.19106659963824 -9.406406152702488 0 -1.773536777660815 -26.35243448979697 -17.6438464051503 17.05654323593731 7.697946756758764 -6.61451273062838 16.39927875698202 0 4.233806081699192 0.2302620072161261 29.85701102427075 17.46811959168001 8.286806790908711 25.18801120834688 21.66806522106114 0 -9.22949789254038 18.93387969738479 10.16657769751221 29.81569767794393 8.908654910174601 33.63779274644963 64.45418286548194 0 1.521836530315484 66.10472370525243 36.42006495036675 0 0 15.57315022625632 11.88049487125732 0 14.44429762254741 -4.140376583856321 45.0789516160029 45.45216627866617 19.80832364576536 26.45735638701169 24.16677245452393 0 21.99622245824041 14.30847127158276 0 2.594711462747497 -4.497320650541851 8.085710196856759 -27.43839563794058 0 0 29.04051709151807 34.71455669135221 0 -5.020241639654051 27.00002950011497 0 0 0 -22.43988987776761 2.580176965645641 -24.62877322550371 0 -17.33418822569643 0 0 7.909544643841357 -3.539346185998151 0 0 7.227140612033036 0 -27.77652119161755 0 -13.07723601961378 0.404032909053115 -28.28289909785475 0 0 0 0 0 -5.009210226496823 0 0 -8.384257671990863 0 -29.42564778219385 0 0 0 -7.887585724011384 0 0 0 0 0 0 0 0 -11.50215114600807 0 -7.439620528559947 0 0 0 0 0 0 0 0 0 0 0 0 -4.718275711688197 0 0 0 0 0 0 0 0 0 0 0 0 0 0 -0.521688676799098, 1.248070000017201 4.985556145951533 5.58222483411738 1.11822897389428 1.394652702588542 -1.902384279112969 -8.681195126882796 0 -7.613342610435209 -19.91414710527995 -4.378465318836581 -11.40423677583799 -10.32876493292624 -21.53884154178663 -52.27875295846628 0 2.072199256156333 -34.72403711617467 -24.04044751003025 -35.93326930736669 -19.50224068897819 -45.4155376912728 -37.4528941433044 0 -29.04271252157865 -32.64512020601417 -64.02942688050013 -10.84910997793725 0 -74.50490949057044 -27.29119811271213 0 -19.24975372277875 -51.69230212598777 -51.58921810776328 -50.83967734726855 -21.11109417875297 12.23668812337682 -28.20339192323209 0 -3.36287290019557 -48.38167456252752 -50.34950556066926 -9.939232597862834 -2.161622628214755 -47.46082917332684 -24.94093148548555 0 -1.195435601387611 1.433099318230736 -0.2846533371056132 -1.081085636881338 -16.06654315501928 -19.72258753664043 7.657919716635234 0 -0.4560781538180869 10.1441027010341 -8.881183435804546 -6.255401680114979 0 18.34120784184842 25.10821274181568 0 2.825642311114716 11.84525098255649 11.63093414821571 22.85713689378337 12.8802711255853 34.76860638852251 11.58964641377671 0 14.58808018147741 13.61186401792433 63.63904816966841 29.43983284123237 11.27838010131484 23.32648087058667 34.83348743938669 0 -0.3925045451821676 33.36844925502794 14.72895328013959 34.29176516563746 20.56128081830243 30.6201907202126 50.88097658684621 0 -4.969225979377256 79.42091196115422 40.19683471635846 0 0 23.48665108713635 12.19507746478558 0 15.40985578055727 -14.75490888795089 41.89089523901296 27.55581779472352 17.27931441077967 14.81427915337195 18.07077055906639 0 22.39116939365816 14.18348778873973 0 -1.911779103462957 -7.777272458780685 8.261922749908383 -42.31961532060024 0 0 18.97927272867874 9.376595766970848 0 -8.432189457459547 16.99367990791176 0 0 0 -27.63457650368643 -4.684096476907001 -31.55691463052949 0 -22.92024283914771 0 0 4.555637119639167 -17.74028772663221 0 0 3.387236741789481 0 -26.86145111379275 0 -14.30138783815761 -2.453386639821503 -34.66937663503747 0 0 0 0 0 -7.798031342192148 0 0 -4.081074363069094 0 -25.15987809356486 0 0 0 -9.514795231690528 0 0 0 0 0 0 0 0 -2.112658398600982 0 -5.486838664070958 0 0 0 0 0 0 0 0 0 0 0 0 1.69186589537444 0 0 0 0 0 0 0 0 0 0 0 0 0 0 0.8871274212006668, 1.278908826290973 7.525474936963565 13.98115078362478 8.218833377676308 6.68246668238827 21.52335827304932 15.95054347356713 0 4.545504718264457 7.444991242795115 11.02584366573076 4.511503773853804 -3.424318255464611 -4.06058287865547 -19.36768209155185 0 1.932774526801312 -19.19707852780147 -12.000052667298 -20.79386879541053 -11.21796934330732 -30.30743157542198 -27.84116249043133 0 -22.66611293193274 -18.14327294438478 -40.55305076219079 -9.34724809573653 0 -57.75966044131508 -16.68440743150457 0 -9.834380589339961 -32.94814873492853 -38.87452193548542 -28.2457914406087 -15.00711241408511 21.49635100918239 -10.5951480716342 0 9.466159054445338 -13.07939281361027 -22.81728952639603 -13.65480597262809 7.71948571541245 -23.92708243821636 3.912456328721671 0 -5.783057369894076 22.33303185498799 14.82274516975128 33.67674058047717 0.5497819494061265 30.27610072405386 54.14483799430189 0 8.382372380236022 14.4614846934168 13.57012409319516 26.20787957102461 0 13.84194256692395 64.41290785064791 0 6.917959919387319 45.45098559825593 39.86457537984267 28.34633226452313 15.37556915779369 78.44932089369058 -0.2536882525102762 0 23.06504303023694 19.38864437524609 87.44817683792257 26.12248893216825 6.511265990940073 18.89379953959428 34.88287170023321 0 8.327114503889733 39.22500112139755 19.25414052988716 29.64030403948964 30.32398978010214 10.28982027468389 3.403456802428359 0 -11.04206574660385 61.46921661358193 31.23741359171356 0 0 23.5752984529686 6.879179218221129 0 14.13183734504193 -24.08255342450675 21.67927137398174 -11.2678911600487 4.84892633278684 -6.957862549136124 -1.904319001213384 0 10.33726764118891 12.97624225503314 0 -6.603910107165536 -11.04101873865573 5.932135125390111 -48.34135394332768 0 0 -4.308870862144051 -28.51015791995373 0 -6.166281340029919 -7.466199350212195 0 0 0 -34.11332339048167 -10.81538916870019 -31.11148099067717 0 -22.63911097499919 0 0 -2.337859593222177 -25.59811892928919 0 0 -4.123333501273479 0 -33.83301869761 0 -16.38327784505149 -4.568429591710668 -32.35839685199358 0 0 0 0 0 -6.642315157936036 0 0 -8.068999849366389 0 -31.49027864907789 0 0 0 -8.653112243774025 0 0 0 0 0 0 0 0 -8.727144351545533 0 -7.110241289637017 0 0 0 0 0 0 0 0 0 0 0 0 -2.157201556753644 0 0 0 0 0 0 0 0 0 0 0 0 0 0 0.1155788174979622, 1.571172117879271 8.578850517539989 14.84116053283625 8.062027710253286 5.047488838390128 14.33752027782142 8.183056470856453 0 -0.1545373635221057 -7.093474281591322 -7.008313747867382 -11.53570857689384 -6.361065926151415 -15.09041944350222 -39.69184157268995 0 -3.646491583998079 -44.29351616656741 -28.15855374389174 -23.04276641786551 -18.20828168430807 -42.7399047942213 -29.60632843100206 0 -25.49327606567098 -13.5436016757585 -36.01494172556475 -12.54814875002671 0 -50.51669671093174 -11.18651070430436 0 -2.345292294344353 -18.54503472189072 -25.91009412774698 -8.611927386444659 -8.240139078433284 32.06152869908939 8.382209237275056 0 23.26202430852035 26.46240377614982 1.402412326878487 -14.98849553947335 17.78943880667278 -0.6530853788444513 30.8973534282182 0 -8.141047680416388 39.893616483002 30.28319660394993 61.88109038597796 13.67617312988051 70.66971292593044 94.39459975467233 0 12.12719264857805 21.91267269605515 32.41256821302348 53.81447548685766 0 2.767683800857401 86.57941779638143 0 9.576652554029497 59.81975545197076 56.52202299338229 30.34196381986211 16.41784292789935 106.6250328759855 -13.97998438247115 0 26.73261778094016 15.59573861418318 90.13515521724496 8.906341038161255 -4.31946862778899 16.32325111298806 20.39281776544506 0 13.10247557076248 33.05295819656833 21.5231458883278 16.33305067408498 33.32903694482685 -17.61783112911492 -53.43092092415384 0 -12.83726863973902 16.66980997040951 14.49973906744109 0 0 14.98560295841714 -6.591036253962614 0 10.92493755953208 -22.15497212951339 -7.85395522026651 -51.23232556304845 -11.61758754698328 -29.37430201635173 -31.08433452966473 0 -11.19654832077603 11.27111831332146 0 -15.41975975924019 -9.011866660053816 -1.558342830327383 -28.86673147916454 0 0 -30.81540199993456 -64.83705176008773 0 -0.06822481848554318 -41.42280429984239 0 0 0 -23.99571487333813 -21.19925374765774 -15.49568283324314 0 -9.534454815005407 0 0 -9.923925972233052 -28.39771618415426 0 0 -13.96202107853415 0 -25.70366617949188 0 -10.41892148055845 -7.650018459794637 -14.53502755115069 0 0 0 0 0 -3.499754314524883 0 0 -9.373999972748399 0 -24.36409290367709 0 0 0 -3.809776122470432 0 0 0 0 0 0 0 0 -13.41321673384346 0 -5.919582897901442 0 0 0 0 0 0 0 0 0 0 0 0 -6.372346657478841 0 0 0 0 0 0 0 0 0 0 0 0 0 0 -0.994960117398908, 0.6903011474260197 2.398807559149027 1.051183115972908 -1.894799771016672 -3.498948929584074 -20.22040955899887 -26.65292446799515 0 -17.23281524919816 -50.87339920022283 -44.26763704788493 -46.60180242180996 -16.52367261735775 -43.84781126975972 -94.7368824588217 0 -10.73871519094681 -91.26868478291976 -58.59320616333369 -38.50978919688718 -33.35932642748433 -71.30851410977698 -41.54421477700481 0 -35.39468479985248 -16.95841915417789 -44.98164102497645 -16.15724976981135 0 -54.10111382763135 -9.287990242474187 0 0.7061247897363216 -13.56961555894576 -18.64053405096479 1.302278425596148 -2.945485164880569 44.40834863292229 23.39686526330383 0 34.98633346127949 55.7859146958202 12.55315705594516 -14.88524630043775 23.88414663995133 12.50491376753965 45.50544149311757 0 -7.98519275088943 47.04492226878025 43.26549927959684 76.59331585091334 17.82347762568601 87.455370899337 113.5799184197811 0 7.865215835268655 27.20635440760823 40.63255552983549 64.07090805458908 0 -13.01869528577074 77.93425207532906 0 10.85254607767054 51.97525845310707 54.93729779352905 25.61113748217775 16.48513462246803 106.630768996765 -24.40138423124722 0 22.94665123661487 3.564841966756457 66.42712523137932 -16.94871177473415 -16.74459816881151 13.91370877223682 -3.647541641000104 0 11.65440143574074 16.07481073394499 19.09074051250377 -0.3456425494976925 26.51074136532215 -43.09995496556449 -97.77607378125049 0 -9.317592091048418 -39.91063707616804 -2.963699084965441 0 0 0.479472607415973 -23.53659120713446 0 7.069419972120166 -8.014476617560483 -35.65517103973093 -75.94091300143494 -26.23181289610673 -44.20530787717797 -59.36060113996319 0 -34.38906111158818 10.76423758074809 0 -27.01456558289709 -1.146022150792308 -11.93771853683853 13.35545000725674 0 0 -50.76859167059845 -87.23202634067643 0 7.46872623621929 -73.6760313003918 0 0 0 4.861202395374386 -34.99898314874231 11.59703198424222 0 13.965884973909 0 0 -15.40175149902946 -28.09540360760355 0 0 -23.05139885463047 0 3.641886357476833 0 4.719000280408695 -11.68193118693364 14.0611048940819 0 0 0 0 0 -0.6212870359820795 0 0 -2.291601197769992 0 3.936324599636723 0 0 0 3.569736824561175 0 0 0 0 0 0 0 0 -5.312430708217287 0 0.5783204280297018 0 0 0 0 0 0 0 0 0 0 0 0 -4.051342342679956 0 0 0 0 0 0 0 0 0 0 0 0 0 0 -0.9839481273301001


GFLOW: 1.3 0.01558514300090399 0.01558204824441321 0.0182213915529819 0.01821446766549144 2.99702391724694 2.997025176007572 2.98888084040891 2.988884712767007 -0.003438448191020047 -0.0001560440334663382 -0.005764524561794775 -0.001879920391019115
q-corrs 87.1458531728702 415.4737474931321 658.4174603617191 346.6566342240777 205.1402562571047 642.1573455041299 499.8282466054707 0 147.7680457098024 281.6560428387946 170.8788304395961 125.9845415680213 29.8383894287398 60.31905315017863 81.58117080346338 0 2.828368826948813 8.129621517474011 -7.746569024227139 -10.71710810246563 -14.23225766681956 -27.35629861154703 -11.00203193988813 0 -11.65999465557887 -31.20561279187656 -66.13385599116486 -27.36001028802109 0 -38.68019154939578 -37.85889253732189 0 -10.29901844981775 -25.41916698053765 -17.07350031474846 -30.92909834411035 -15.80848513321217 -45.0373013985988 -48.74076914219518 0 -35.85852979557743 -71.31701978197245 -30.79515718135338 5.039989089605815 -20.81084396242128 -40.58684987012542 -52.98004479148517 0 5.711866641461274 -46.42478835798562 -58.26754318277019 -78.92694935323203 -31.66866949459753 -110.4796220249851 -115.4717596407873 0 -27.83968978217026 -23.409009601374 -53.6761708035542 -88.19462392879367 0 -27.53313239993023 -121.3515545186089 0 -9.672282564867153 -121.4736566873604 -104.9821357413099 -15.46121227065841 -18.83991909084382 -115.2574335695508 5.749904165369918 0 -42.35225566544074 -63.02805923638593 -111.9062661370599 -71.58620279449417 -17.98878388004909 -1.160923288273469 -45.43724724828287 0 -31.15458550722376 -37.42280756991939 -10.63508830183477 3.458448378950173 -32.62816440155469 -34.84165627339889 -35.37536714433613 0 22.57643255319045 -65.56777611113293 -2.738516811245283 0 0 -25.14249331227283 16.62146112179069 0 6.304446456698243 26.65369528707769 -9.823121912303044 7.085895753015174 -17.56908958890336 24.40494540319136 -6.725794196466085 0 -14.72179161436015 22.4806581726709 0 18.94277800736478 6.053849780447798 11.42436212134866 52.50845482347601 0 0 -9.156865777049312 35.82276850721625 0 30.66353970826817 -1.518474327264765 0 0 0 8.147044828805765 24.95202528319819 25.98017957803531 0 26.5486385478252 0 0 -1.380356577517811 40.42968534479323 0 0 1.305269902713844 0 -10.37389851988057 0 2.100569896345469 8.077704992437235 26.79506020811598 0 0 0 0 0 12.31134337501109 0 0 -15.63109833564928 0 -17.59487010762697 0 0 0 7.030250629062646 0 0 0 0 0 0 0 0 -30.80633854619065 0 -6.487515306903951 0 0 0 0 0 0 0 0 0 0 0 0 -19.83767171754472 0 0 0 0 0 0 0 0 0 0 0 0 0 0 -4.206479553173541, 69.00603683636163 327.9227846087074 517.5253515524377 271.04822921472 159.6885648565168 495.7452134732559 381.7709963575252 0 109.5841596276274 205.0384123301536 123.4518659435867 87.43524366668277 18.6948707746748 35.01486603948636 39.47171846947884 0 0.9591115124852752 -10.80127463685136 -17.9982410520499 -19.14129686232617 -18.50385924126757 -35.54874808076387 -17.265534990905 0 -15.33825305147916 -32.59824679681626 -67.16769142731212 -24.78316938202452 0 -42.75200607378845 -35.0509232665156 0 -11.44350817323277 -27.54757385753913 -20.07973499405403 -31.99423723055555 -15.3407747320277 -36.44710676678297 -42.56843246238078 0 -30.62548128798105 -64.03508465130895 -31.69462117824775 4.541533557320119 -17.11817235842631 -38.40392499616445 -47.46492287468978 0 5.309489020449197 -38.00178227123224 -47.98386756105813 -67.89895104761928 -28.66052836810903 -96.66381392237318 -96.48447449728259 0 -22.26941762404499 -17.09293489050843 -47.35444223593471 -75.28485288715754 0 -17.72661091654046 -96.75788558223421 0 -8.309678908703138 -101.6651040418103 -87.59838118772541 -9.517038667619193 -14.64974281000056 -94.11985898349684 6.917730623379578 0 -32.61775966316566 -49.64755246473264 -84.85655857351308 -53.60715323953447 -12.80003060264637 1.934804077289115 -32.94181407337065 0 -26.47228984223931 -28.0505043301271 -6.897879509484005 6.440260498393457 -24.85277577575485 -20.45753176739104 -15.88474903644257 0 17.53895676483758 -41.07910599947449 2.290473637098108 0 0 -17.7573590368769 14.37242303489973 0 6.942801725516354 19.4522673579383 0.3764973842233976 14.49237898425913 -9.724137045208872 23.8031620633368 -0.2979279052545516 0 -7.721703935837939 19.2165620050986 0 15.63823210997372 3.489138440014636 10.03328868476601 34.73597194247171 0 0 -0.6254869844147719 36.30886824269282 0 22.85990236636863 4.744163462900556 0 0 0 0.3093213537895778 20.72188217072152 15.15794195399365 0 16.93877134303955 0 0 0.7782164037001715 32.3777421252535 0 0 2.75419842387075 0 -16.6642642889742 0 -1.867887123688449 6.716811041637492 15.13060178019954 0 0 0 0 0 9.004370193747391 0 0 -15.96106475515028 0 -23.25928309958565 0 0 0 3.891002891469521 0 0 0 0 0 0 0 0 -30.17094255630899 0 -7.66745190997259 0 0 0 0 0 0 0 0 0 0 0 0 -18.77420295023644 0 0 0 0 0 0 0 0 0 0 0 0 0 0 -3.867325097371855, 33.78781271105505 158.3282543287591 245.3603477099753 125.4740282398164 72.59813528770758 216.4606357961874 157.6866731922416 0 38.04176106207515 62.58106448221984 36.56284942967694 17.26343970374485 -1.688241085422625 -10.38138992949525 -36.0161753277777 0 -1.752596294033565 -43.08679371836598 -35.06610261425461 -34.68356751498391 -25.79309857490964 -50.60874822958853 -29.83318004402297 0 -23.33850720032169 -35.94410381357159 -70.97906527585053 -20.01453275698958 0 -55.32186521504465 -31.80286376648363 0 -14.90458479930924 -36.08462217910409 -30.3034098255826 -38.40505883743103 -16.35987546970696 -18.43744990966361 -34.4083839037495 0 -20.58953423734614 -55.52288623534461 -38.16178154486769 1.568370019912791 -11.0107998721083 -39.12012640086914 -39.08173202093435 0 3.999205572514679 -23.06914796077232 -28.96190318950446 -45.98812944979237 -24.03435732815363 -70.52607928712723 -59.41717910833493 0 -12.72328825533244 -5.258567076533065 -34.52707308233595 -49.90309677503313 0 0.1770763956347494 -49.3767204129758 0 -5.135518171577575 -60.72257577929025 -51.70817601691404 2.361998479595387 -5.353219655873705 -50.18474621251241 9.942144135430695 0 -13.27219054176339 -22.7443499980923 -29.29554429730671 -17.33101026641221 -1.936578156967633 9.181237160081075 -6.624510589105151 0 -16.81018368116723 -7.275836542973803 0.7363418300585391 14.15411068662907 -8.69051962779789 7.639947061924438 23.05823983488311 0 7.889750250702884 9.909355117999237 14.26931102689026 0 0 -2.098934482527429 11.17476824272558 0 8.686636904946427 5.476967246281042 21.01495237555877 28.9022042333428 5.594033385413656 22.8753260572991 12.46289854962525 0 6.783361832332659 13.52518497890561 0 8.879889205795775 -1.234629922169986 7.78123558871992 0.442198229837838 0 0 15.40071331454803 35.65855478131846 0 7.39915860875841 16.73083510366246 0 0 0 -13.01808994333285 11.63121443325771 -5.693329483126873 0 -1.562456333861263 0 0 4.749717651304197 14.8327782942924 0 0 5.362411260136623 0 -24.75336695258819 0 -8.369043177480346 3.672836126947656 -7.331487940851071 0 0 0 0 0 2.024711790335947 0 0 -13.72778466410619 0 -29.14149899898474 0 0 0 -2.15600070872765 0 0 0 0 0 0 0 0 -23.65297307144968 0 -8.382442629673804 0 0 0 0 0 0 0 0 0 0 0 0 -13.48203252025566 0 0 0 0 0 0 0 0 0 0 0 0 0 0 -2.55367601277441, 9.646209603311611 43.30460476514932 63.10958020403608 29.45151219075462 16.24282036195836 39.5283623291179 19.12169729074482 0 -3.39225551271002 -16.82955967396446 -8.91513682085818 -17.70030880315934 -11.71382016216249 -29.99977856044082 -67.47488863362989 0 -1.4476875999326 -51.13364314932717 -37.03350975727071 -40.02406095939175 -26.00134788095713 -53.85953618040627 -36.5434023827785 0 -28.10214134213436 -35.72850384331969 -69.92846210441888 -15.59552292362059 0 -67.06403008876811 -29.98153032689227 0 -17.69973050842456 -45.46105467328015 -42.01862643589544 -45.77270705297983 -18.99205586058931 -2.139186243806488 -31.70103630876903 0 -11.77688674390769 -53.23483676205673 -45.93212505719271 -4.237818512931145 -7.144778213159554 -43.93251214510344 -32.81600424757022 0 1.566222198560679 -12.12803620752187 -14.70574223261596 -24.74307605342244 -20.28548185451005 -46.16978257934979 -27.20402899661911 0 -6.872751573528028 2.402124767831179 -21.60474915491945 -27.60699073512151 0 10.41547388514883 -12.16882862270865 0 -1.398645914321782 -22.90387995384693 -19.09223271142908 11.48120243525885 3.545425540504581 -9.46839514494477 11.88810080697689 0 1.851045953543053 -1.465393308053912 17.29339666409778 10.18035901285717 6.504667749299766 15.38044017012542 15.37587703693371 0 -7.946198254381319 12.46316874073919 6.963973909970598 22.43730500150161 5.349351475557664 24.99203576248853 46.46560679410863 0 0.7769177200056294 49.21681851055911 25.80607570336021 0 0 11.13072999010682 10.73454207903974 0 10.65524663305652 -5.270327314844092 34.41900306857571 34.42541158013645 14.84659232285847 20.46633035219136 19.54345475396653 0 17.1383387803411 10.83731965381491 0 3.310642631241706 -4.487416282225535 7.002967445749261 -23.55864399871082 0 0 22.68011013797759 28.16688558339544 0 -3.291086112725934 21.95658702969913 0 0 0 -19.93719495315893 3.385743589970968 -19.84675700246319 0 -13.98177374741497 0 0 6.2610643884822 -1.375352383565309 0 0 5.94778264469625 0 -24.3956280598804 0 -11.13339873176478 0.6925525215922361 -22.35276139179461 0 0 0 0 0 -3.585611454159077 0 0 -7.863662726567769 0 -25.50436014008194 0 0 0 -6.184500186194484 0 0 0 0 0 0 0 0 -11.08388766825414 0 -6.455140528872445 0 0 0 0 0 0 0 0 0 0 0 0 -4.859172732182423 0 0 0 0 0 0 0 0 0 0 0 0 0 0 -0.6336192267160349, 1.677632386301489 7.176085284183943 9.339481273367918 3.299222332186163 2.280782273684688 1.51055801435718 -5.27346477300383 0 -6.244356961147559 -17.45006019744432 -5.733253160844788 -11.59161605985664 -9.03013492488158 -19.61565246222813 -46.95380478181758 0 0.8203436508224095 -33.55172769144271 -22.93424621592028 -30.67704341538256 -17.51301579013064 -40.23095608807468 -32.34485594173415 0 -25.05584543429985 -26.79465588568518 -53.98750620376748 -10.78155057629571 0 -63.03835908775901 -22.85516429316072 0 -15.02287548470522 -41.83511809667871 -42.58430975043728 -39.86318716584871 -17.94216202497007 9.923511495427899 -23.64625506356656 0 -2.110819505758843 -39.08710558216258 -39.11259962884746 -9.284344909129668 -1.752830977747351 -37.5955185518384 -18.40190212869107 0 -1.792170933114889 0.9713724118159437 -1.745138930265774 0.2726214152448421 -11.83363971446575 -13.60675086083485 6.809834543204115 0 -0.9675429009280236 6.736021234379223 -5.771214691135091 -3.887721906674159 0 12.67492343168653 19.62114194910707 0 2.437062764814862 10.496501259044 9.025625587679027 17.28168539012316 9.643402005752762 27.91667269071627 8.598404806027041 0 11.70777056965522 10.96970088247431 48.8343501348665 21.72802195532379 8.893810082456309 16.54579792849383 26.50305836767698 0 0.01244639483390841 25.51962783299293 11.27386539711306 25.83519468745259 15.7591296996812 23.588582572126 37.33193941727561 0 -4.488748109428052 61.12719199082645 29.06147394930929 0 0 17.82203142999823 10.15555658509334 0 11.36564851561572 -13.69713738988557 32.21289846386514 20.51546875866113 13.36888009802415 10.90222737626235 15.00354870707608 0 17.5707550835812 10.00072253327095 0 -0.4146501369785414 -7.131822043553738 6.688623814626119 -36.37088812270671 0 0 15.28509477196329 8.26379356798402 0 -6.723512488470835 14.58241999727233 0 0 0 -24.65948380693814 -2.259673220188828 -25.81864824897846 0 -19.18991003096585 0 0 3.765973218488575 -12.47959772713933 0 0 3.142281710647461 0 -24.68280332316635 0 -12.55429577591485 -1.432430149406662 -27.91299897156232 0 0 0 0 0 -5.746183160552926 0 0 -5.076661705723324 0 -23.39812297285424 0 0 0 -7.571786174213612 0 0 0 0 0 0 0 0 -4.7997693542031 0 -5.285308010002082 0 0 0 0 0 0 0 0 0 0 0 0 -0.4834509418453999 0 0 0 0 0 0 0 0 0 0 0 0 0 0 0.340855275309717, 0.9627128552623869 5.290675813350524 9.199409029007089 5.001665984567474 3.982539419056308 11.5352563329714 6.941018575855357 0 0.7578698043176195 -1.149702968223344 3.397670152782856 -1.583298331824603 -4.462544190916471 -7.813702730053869 -24.27113087936332 0 0.8557344857343123 -21.74299419951733 -13.57198621128112 -19.64626843520806 -10.90283828859707 -27.99690660013336 -25.08508224943709 0 -19.80837353414087 -15.34416556146116 -34.00692041876469 -7.629289535091186 0 -48.17609176662856 -12.00728800858831 0 -7.974196075072149 -26.48613578042214 -31.72361161451831 -21.26867873031728 -12.25404648127938 19.71485149711632 -6.141817612636471 0 10.05841457101874 -6.93381420155743 -17.50258038459204 -11.44101546285982 7.518910827111077 -17.06550529685117 6.618450989966896 0 -5.08071319593928 19.82817237387429 13.68349975312589 29.83108065849291 1.828878920374822 29.12957816391586 48.44858957425792 0 7.04541608607998 12.44585128256568 13.7756305912218 25.22442886425313 0 10.71429188336407 53.47802935830046 0 5.830745536090158 39.45134175698477 34.78897031083523 22.16342946429497 13.08558787138377 65.24770387003932 -0.7456034267926093 0 19.46542974389871 17.19843891874011 70.43708312860515 20.86055786960136 5.180453606791568 14.11291892074124 26.88245183991875 0 7.589418347261661 30.46980479834647 15.02629858520929 21.27948401597697 23.95081675128433 8.571145919829787 1.907838823005733 0 -9.660220586681145 47.42392840926905 21.52584846125835 0 0 18.02632131369367 4.175653411404191 0 10.08118517563329 -20.48633831676295 16.13817019516145 -9.559113170408184 4.056465984497228 -7.350147869607291 -0.6520294607162249 0 8.053474496214708 8.040858400787087 0 -5.052605406215065 -9.241752734314629 3.852775304431319 -40.79796086867304 0 0 -2.603139502426809 -22.19233997025174 0 -6.116691213788268 -4.496356368180171 0 0 0 -28.33619484337589 -7.954724544075585 -25.23759985206124 0 -19.11551449882128 0 0 -1.554786623159438 -19.56233397258086 0 0 -2.678728746396447 0 -28.24011580913953 0 -13.57294771457736 -3.26938937395206 -25.95574962145691 0 0 0 0 0 -5.098215477387595 0 0 -7.265446169819117 0 -26.44364146388302 0 0 0 -6.856563095621063 0 0 0 0 0 0 0 0 -8.491353756436425 0 -6.054449866706527 0 0 0 0 0 0 0 0 0 0 0 0 -2.6886621961997 0 0 0 0 0 0 0 0 0 0 0 0 0 0 -0.1139215620656762, 0.8330737905280117 4.2957037432768 6.829657340891718 3.208498491287029 1.743459309259595 2.826257417101124 -1.527489136997095 0 -3.605805366079014 -13.45851871766573 -10.79003011370652 -13.97876500245121 -6.720899276201111 -16.27346534193685 -39.25688458395665 0 -3.170441745855063 -39.2529695812588 -24.79482092268555 -20.9266503820547 -15.49351010122385 -35.61780214193212 -25.65637167759878 0 -20.93127071659537 -11.19962640211736 -27.99246082795598 -8.358291081489449 0 -39.87615405333338 -5.145783646347029 0 -2.175415031097608 -13.76699374112575 -20.65529013278581 -4.54496010111934 -6.016052358831568 29.84994961855995 12.24515701577687 0 22.46377718538148 27.43164573628145 2.135385102887272 -11.95382004535368 16.74106369208053 3.084112714087458 29.84062939153444 0 -6.999842861494219 36.06161714626229 28.49864331611445 54.45476976347997 12.71239615413491 64.10465754926446 84.11276280692873 0 10.95406149277169 19.07159580913602 30.03653218894854 48.94413269326076 0 2.653430108160771 72.88997521083225 0 8.278290802925072 53.05867187174395 50.35162312187015 23.95430504583504 14.759028081292 89.72318711080501 -12.65920672491944 0 22.89843282649426 15.28862698103828 74.15714643433688 8.355669935528386 -3.694805657078414 11.4334620674105 15.42819249251678 0 11.90942579394377 24.99283898483285 16.77347164568572 9.476737669533644 26.55795271197179 -13.06701808292814 -42.31267177693402 0 -11.91755025356464 11.46367052380943 7.422757344285277 0 0 11.23685067446384 -8.919054874187964 0 7.311646134480409 -18.5909019013209 -7.812798050911118 -41.32642942677106 -8.789605676423381 -27.15399289212811 -24.1310036437374 0 -9.281447133048236 5.84198417359347 0 -13.38615239549374 -7.135765220191601 -3.259349433764244 -25.06799066934754 0 0 -23.58953771765078 -52.61872539378664 0 -2.581738822498659 -31.70999745148026 0 0 0 -18.38743883584741 -17.47103281215577 -12.60342739875076 0 -8.770650127774518 0 0 -7.586919702663603 -23.32199764855627 0 0 -10.5371628490477 0 -18.6453322921448 0 -7.86809857980866 -6.014551170252156 -11.60436393843421 0 0 0 0 0 -3.001864536473511 0 0 -6.441482929111269 0 -17.28370807567519 0 0 0 -2.949789486523644 0 0 0 0 0 0 0 0 -8.986950159708915 0 -4.104083665973252 0 0 0 0 0 0 0 0 0 0 0 0 -4.148872601395226 0 0 0 0 0 0 0 0 0 0 0 0 0 0 -0.624938768587437, -0.001256880586169018 -1.262976338132571 -5.108258623668579 -5.141681709893287 -5.236998713883063 -24.92573789679587 -28.97088394907843 0 -16.83674110188598 -46.74478872841274 -39.1746828038302 -40.35774486289125 -14.11155183021372 -37.86180196003912 -79.62526314917801 0 -8.540636912444221 -73.3835115546358 -47.25914176878478 -31.91489948894892 -26.63172544107993 -55.89413589957969 -33.53970140098383 0 -27.42514410132822 -13.61629945880181 -33.67540022108748 -10.57234066336063 0 -40.84786209738416 -2.624246371411635 0 0.2394091546128674 -8.798714304140594 -14.69766551808874 3.96990838851794 -1.509828099675589 40.03131931118286 25.71511534378178 0 32.23030096636879 51.47906740780497 11.38625439712852 -11.81999508862737 22.4072216652222 14.15243218642384 42.62681310103661 0 -7.264638955406928 43.80954815321658 39.83646629759556 68.16790467901583 16.50265409899649 80.11072748776837 102.4703175552918 0 8.459966078882239 23.40273019075267 37.74690459208287 58.52392645926941 0 -9.543617148522975 68.82140269607567 0 9.723899445340448 49.2967436159214 51.62974259387008 21.07583465974838 15.39302383370836 93.27852772663138 -22.42319594952376 0 20.60625623248261 6.570175014377231 58.50429824735535 -10.94768324072724 -14.04262658815684 8.983056385973368 -3.080106004313908 0 11.50542332122416 11.75439263456561 15.31896193260389 -4.392779653263608 22.19564738947875 -33.29309341426073 -78.15784072531025 0 -10.26349366411303 -33.00301875239134 -6.689810921126366 0 0 0.23776874073496 -24.31161559670072 0 4.352086334831711 -7.963765067112519 -30.37608706590514 -62.26122529406038 -20.41581984277224 -41.26416886310424 -47.15005021472348 0 -27.88761701320167 4.978364630017854 0 -23.57555315886687 -0.9090177777492228 -12.24122695155044 7.090601498922922 0 0 -40.05137165904498 -72.93637061853005 0 2.322265502128434 -57.87354685362637 0 0 0 4.888987193015776 -29.2434267229213 8.38233182541366 0 9.184065892955488 0 0 -12.1609541037682 -24.58639016411426 0 0 -17.90953924717244 0 6.197049404975548 0 4.416350460283871 -9.38502628841789 10.70259517514776 0 0 0 0 0 -0.9803978556756774 0 0 0.48713467069357 0 7.241533690487093 0 0 0 2.863572313562257 0 0 0 0 0 0 0 0 -0.08970072198084045 0 1.738664771377616 0 0 0 0 0 0 0 0 0 0 0 0 -0.7652269781076879 0 0 0 0 0 0 0 0 0 0 0 0 0 0 -0.2983858701122044


GFLOW: 1.4 0.01370031548172865 0.01370620909668503 0.01587044082993455 0.01587377960255226 2.997408403005771 2.997407936285931 2.990271280355941 2.990268646756951 -0.001648196479105295 0.0008666002778431169 -0.004270068912371493 -0.001292648806801566
q-corrs 66.41737856186502 321.3424964133056 517.0300154494839 276.5446413558121 166.1875355143495 529.4625812695392 419.9653661127261 0 129.6766247397557 253.1097037560954 157.0164361328095 119.8682110489533 29.9768290778606 64.65705549805598 94.38339032488645 0 4.633513997997355 24.51719284411465 5.513930996022944 -0.7438495651892691 -5.842441592676342 -12.86649021805274 -4.388583736180471 0 -6.884584336785696 -21.75932276375782 -48.14296923708543 -21.80211460307573 0 -29.90426324727811 -31.98599028730685 0 -7.690836168192427 -20.5282260314848 -14.8714413046618 -26.20819054679828 -13.25067951969144 -38.88048003325429 -43.46508066290524 0 -31.82267790722642 -64.77835658919952 -25.48920764877905 3.147739844944908 -19.01766783035969 -35.86824032873587 -47.05503484602895 0 3.832366450862865 -41.29997771822701 -53.90514035587664 -68.13116469978675 -27.19631193886076 -95.76813062525771 -101.7155303091679 0 -23.65718517143422 -24.23284911660869 -46.60918135424285 -77.78543395888281 0 -24.43681922332516 -101.7647374824991 0 -8.446427500478507 -101.7895048059382 -93.11496166868777 -13.55333377613212 -19.30954985911921 -99.01765245366136 3.783278218797351 0 -35.48371725157935 -51.58677448174645 -95.07757488801894 -59.03119051657549 -13.16704745932686 -7.184794736338654 -35.90224062049781 0 -26.07684744536944 -32.52758867631871 -9.16222642734591 2.55709454709073 -27.28238794160408 -26.96060975264579 -28.81218175482569 0 16.5039562512117 -50.27226247379811 -4.669428575216839 0 0 -19.9661201367527 14.7561884311366 0 4.663726931438248 18.27488756180875 -7.051300051374025 5.797953257333919 -13.55184504564726 18.85989122657565 -3.134942720518819 0 -10.15829519066605 17.24958530587037 0 16.11364164432442 3.724738142030305 9.902597487158873 37.29067568159859 0 0 -6.407671842356757 28.93352440193442 0 23.71086071483514 1.049592679566151 0 0 0 3.72836553409736 20.79491584684327 18.21957349665009 0 19.25159459179105 0 0 -0.8558402635313298 31.49090004765851 0 0 1.61013247860948 0 -10.82346200717602 0 0.4822181555187183 6.611036622179808 18.79036528314597 0 0 0 0 0 9.381306247559625 0 0 -13.04065266868658 0 -16.35223938532102 0 0 0 4.882126804707325 0 0 0 0 0 0 0 0 -25.16202157330433 0 -5.719462250355078 0 0 0 0 0 0 0 0 0 0 0 0 -15.95028213230442 0 0 0 0 0 0 0 0 0 0 0 0 0 0 -3.338356219293638, 53.44961104378007 257.859800978279 413.3906010250253 220.1098197996463 131.7928369079453 416.9704647309264 327.846136819242 0 98.93171750421644 190.4265944343867 117.5543113495861 87.23263239551716 20.40475683630586 42.42952243389567 56.82721950414904 0 2.695459057549667 6.126995530071547 -4.904613976786496 -8.865677757509205 -10.44388471298194 -21.55344433984424 -10.47910569745868 0 -10.64061133817705 -23.74758430622681 -50.9296525302349 -20.57805461276296 0 -34.6964040129851 -30.4139145374652 0 -8.735693190552402 -22.86002456387028 -17.90064720377753 -27.34704835892305 -13.35213192631141 -32.13813142418598 -39.24761083340257 0 -27.59477180698558 -59.45312285097967 -26.39219087881515 2.335857763059764 -16.20284594834854 -34.50674615602656 -42.52911942166191 0 3.385407744067662 -34.89187497598446 -46.04781522254324 -59.14835956339745 -24.68465725005935 -84.43866822995753 -86.7869553063266 0 -19.66884547372397 -19.45274564870073 -41.32001528685339 -67.50377026006302 0 -17.43641961033146 -83.11687489836068 0 -7.263424642525198 -86.16298694464885 -79.13459310206642 -9.254238068750485 -15.88370074765976 -82.43447829448661 4.446377871055928 0 -28.0072916121109 -41.32492160165728 -74.55430757540074 -45.41593014697261 -9.398071500407124 -4.772105018598705 -26.64179083506892 0 -22.36804881881766 -25.45958140762221 -6.429664318818852 4.579542878158926 -21.42937259151895 -16.24713986641657 -14.35600822349072 0 12.74389284395271 -32.35806280185659 -0.9621304698531556 0 0 -14.48313836589598 12.81433364123047 0 5.045432356220244 12.97305293521219 0.4258413860312658 11.22037335542493 -7.701053916161758 18.26526455062788 1.440182321932213 0 -5.088265032988286 14.70437881091431 0 13.42963953525503 1.861591025880668 8.700842827024356 24.19096270612398 0 0 -0.0414620104291834 29.13897676066921 0 17.82003642451372 5.480429472600161 0 0 0 -1.874208660484733 17.3824546653651 10.31491724262146 0 12.16903071506431 0 0 0.7598710354753286 25.40257659739404 0 0 2.625757870196988 0 -15.10740154974737 0 -2.33300092560015 5.522322498346047 10.30049207854543 0 0 0 0 0 6.898162218976788 0 0 -13.09328977255827 0 -20.10086057330295 0 0 0 2.607557991521919 0 0 0 0 0 0 0 0 -24.37144941792117 0 -6.462388237522656 0 0 0 0 0 0 0 0 0 0 0 0 -14.98989006187869 0 0 0 0 0 0 0 0 0 0 0 0 0 0 -3.057254825699343, 27.58696196033307 131.5228028963021 207.6645828839638 108.4170794872017 64.00083676659924 196.1021317475621 147.7287997264466 0 39.44479146035972 69.86106979149081 42.49313997076781 25.44926919650807 2.217042929337858 0.7815611001231648 -13.51953740272427 0 -0.5204465348757259 -27.25740955791358 -23.56022195255824 -24.38198881992894 -18.80374441954545 -38.04580726619456 -22.80350015898235 0 -18.61166477160962 -28.00370869223486 -57.37663847656177 -18.12980687758882 0 -47.16091508780628 -28.50182577564097 0 -11.62347775577112 -30.35475845204797 -26.77820420803567 -32.37180488435752 -14.77895907645959 -17.50405379729535 -33.07848586271908 0 -18.98496014814813 -52.09239978494126 -31.29487025733849 -0.6401396613673214 -11.1435948242822 -34.93389909720651 -34.73644632568562 0 2.1475639158047 -22.761174761239 -30.45970677392256 -40.3919330820831 -20.36594374911954 -61.67201177075734 -56.03149247099756 0 -12.49770230405253 -9.827976408691388 -30.057733438432 -46.15603254396016 0 -4.162611313976427 -45.78275297572502 0 -4.462360856574078 -52.81587762398892 -49.05648466202575 -0.3193863313662106 -7.907838333345294 -46.66870965411832 6.390367436471458 0 -12.66946551913237 -20.16786408916782 -31.00919586971057 -17.30557883301941 -1.412488900344785 1.407697386607889 -6.752552409739327 0 -14.46774694579539 -9.230324775395029 -0.6280989056989876 10.08551518437767 -8.876149368041657 4.976425098328219 14.93431400334163 0 5.491930402867912 5.648262110286332 8.220679905825707 0 0 -2.622187703568354 9.906133920207013 0 6.21842063450417 2.560626098643882 15.79013717702109 21.85343698880477 3.882072075888594 17.39275359062518 10.60459811656181 0 5.547609454073798 10.22543197339636 0 7.966999890915419 -1.64400129016405 6.710789812593742 -1.442642254110362 0 0 12.04577300620229 28.42515059748389 0 6.081208375918477 14.04216926787382 0 0 0 -11.67756390152931 10.13161675175122 -5.126172564986473 0 -1.659567295692513 0 0 3.76446416006504 12.1704380546708 0 0 4.470994106378335 0 -20.81901668310763 0 -7.085767952413374 3.124906316224433 -6.262891893182315 0 0 0 0 0 1.660157404879003 0 0 -11.28502258369774 0 -24.08158508512684 0 0 0 -1.826962392891829 0 0 0 0 0 0 0 0 -19.2871216375419 0 -6.872164657435222 0 0 0 0 0 0 0 0 0 0 0 0 -10.93857061093083 0 0 0 0 0 0 0 0 0 0 0 0 0 0 -2.064342640239586, 8.824619236519784 40.71045813101275 61.37913678117207 29.98627209157861 17.11981221876777 45.92313552615299 27.54320751715477 0 1.635925774720889 -4.738798565708336 -2.035851913338667 -10.04171324699898 -8.140678796608823 -21.16302403223784 -49.83835143731137 0 -1.280861100772054 -41.01453491380752 -29.80522520712607 -31.59536296478333 -21.15661035753663 -44.31902640739477 -30.07699962906705 0 -23.52210441776393 -28.85704521466756 -58.30423930425985 -14.94311254293813 0 -57.24531131027118 -26.3835665146763 0 -13.84097171245774 -37.51228581407637 -35.76526746012631 -37.22102224851417 -16.74244893304664 -3.316977410331008 -29.15438664060742 0 -10.54814902156978 -47.03906585233082 -36.53263168996209 -5.211193356416651 -7.030058521980072 -37.10322811202548 -27.38769016032267 0 0.2385821943986581 -12.2356893674504 -16.64302539833199 -21.00122725409979 -16.2883072735796 -38.54693782340094 -26.20690897348238 0 -7.234708036256617 -1.989138379364817 -17.93381752940206 -25.18547870841028 0 4.609155733033351 -13.58956947371733 0 -1.176528587247554 -20.26802863017409 -19.56986441024353 7.339187988670515 0.4719629229107341 -11.09777608866537 7.887913196725659 0 0.2790398003367991 -2.391175226163921 8.354030902051335 5.247699893401588 4.973802442290452 7.857240208927649 10.63450491776874 0 -6.775508600431418 7.268255657689064 4.584218141226011 16.37070005604949 2.824686928233901 18.61969482241507 33.2177454787181 0 -0.006020000999926722 36.31314630455276 17.50145268258956 0 0 7.849214881874433 9.145157523420362 0 7.684070179428195 -5.773127147183391 26.11519900358138 25.85692648470799 11.1620792533593 15.42202766187842 15.80276739658122 0 13.36056214323596 7.890521810663091 0 3.526220384337071 -4.23092073617731 5.891555437541189 -20.31718858530926 0 0 17.743228733762 22.57363799201678 0 -2.30356775752596 17.88189637825073 0 0 0 -17.44859844708006 3.727597821560483 -16.11632996956796 0 -11.46886267492148 0 0 4.960091661250496 -0.09256556249381909 0 0 4.903947886827424 0 -21.23977577344333 0 -9.473565972988034 0.8578372647877506 -17.85210865669005 0 0 0 0 0 -2.560223149557847 0 0 -7.230309705866295 0 -22.07886390054199 0 0 0 -4.903415729169022 0 0 0 0 0 0 0 0 -10.44927469289259 0 -5.616370615823332 0 0 0 0 0 0 0 0 0 0 0 0 -4.816018759416173 0 0 0 0 0 0 0 0 0 0 0 0 0 0 -0.6932748670096692, 1.853430637376375 8.178312322949834 11.26406062771095 4.551350614149443 2.799908885589763 3.87174117942215 -2.599710656973647 0 -4.965877817503634 -14.76039054197201 -5.970761786740465 -10.88941824290318 -7.762159959796094 -17.39030672321462 -41.29771644849428 0 0.04357633938152605 -31.18804882338478 -21.16709818427103 -26.12702263314426 -15.53132894392022 -35.29479674368201 -27.83770017711777 0 -21.56242581753774 -22.21555748663962 -45.74113588674757 -10.29377276799116 0 -53.48511194042925 -19.18035271276613 0 -11.86426024569571 -34.13240116404204 -35.46446252610906 -31.59048036245203 -15.33735185795425 8.102219677814302 -19.92984373694406 0 -1.150111061848825 -31.77674553303075 -30.65803217923258 -8.655108338039819 -1.376533250966539 -30.12100538776432 -13.53393500648394 0 -2.177231785147278 0.5598584915427267 -3.078040531127204 1.187601216051884 -8.717945688873883 -9.068426897079119 5.927050687205153 0 -1.435227803717725 3.981046421741826 -3.475619360860525 -2.488862204886271 0 8.058641172742394 15.31191763400392 0 2.083178506921681 9.017655570791174 6.71707503922195 12.889627770606 6.894218482088739 22.39648610043616 5.639849290427048 0 9.411446611692931 8.938519203383988 37.1279282807893 15.99184959357899 6.903748422935321 10.7721593530882 20.0392494859838 0 0.2952766063043075 18.90490039903971 8.526739550878354 18.96882772888559 12.0024272305891 18.2194914423202 27.1623984402774 0 -4.260984107641983 46.73297886386995 20.37773305702701 0 0 13.48154412138914 8.040456844443728 0 8.210630819286706 -12.38539841750092 24.59129332513237 15.07115144046483 10.36954962797291 7.647350232463626 12.30905145082587 0 13.74791764895762 6.747743523312595 0 0.357834674403847 -6.309994738630245 5.278315144164106 -30.93971487800928 0 0 12.28155007116874 6.90100963428308 0 -5.509334285346577 12.27872874156837 0 0 0 -21.41164128047364 -0.8231399077655137 -21.05171979176341 0 -16.00032104645672 0 0 3.093694179676557 -8.852290697117171 0 0 2.793599247893641 0 -21.9154419092207 0 -10.79946089811681 -0.783775403696426 -22.46873788797035 0 0 0 0 0 -4.257617763041555 0 0 -5.344433267593289 0 -21.01545282216611 0 0 0 -6.037203583650254 0 0 0 0 0 0 0 0 -6.094076279692336 0 -4.876393707135287 0 0 0 0 0 0 0 0 0 0 0 0 -1.742068222372954 0 0 0 0 0 0 0 0 0 0 0 0 0 0 -0.002932055001628742, 0.70139001042266 3.565968483620578 5.653849999335524 2.685493960757884 2.083530708990821 4.626012098297378 0.8443976370481185 0 -1.72968521867488 -6.648344644479092 -1.61010438683204 -5.429463332641364 -4.970140446841189 -9.97871496958791 -26.58319920557294 0 0.1136264658083317 -22.66636372432531 -14.15309490114748 -18.25184290690255 -10.36020443447553 -25.5768777412573 -22.46504296928143 0 -17.30552210267699 -13.12844002316661 -28.81823283089935 -6.329421195092975 0 -40.48177649173439 -8.602959372350774 0 -6.534310414319696 -21.45625039891774 -26.2003961647532 -16.11706439879219 -10.1598895598059 17.88195999580622 -3.100856163127593 0 10.14161865748377 -2.836068414969734 -13.53286154807808 -9.757820423806058 7.204673778395602 -12.26618471075876 8.194378350722154 0 -4.554131319137119 17.63548464540378 12.13069319421798 26.50593178658267 2.590409609734118 27.57336650340192 43.123901093037 0 5.848100543198922 10.41652375634971 13.47012321693932 23.4426147625875 0 7.884936811919907 44.62124225212655 0 4.971170952775205 34.12742266092654 30.118371619667 17.36082778879872 10.92956197536557 54.61744865832159 -1.639527439989727 0 16.46522569662233 15.13496017109455 56.84849995752914 16.66902436005175 3.984703951902909 9.983552620452453 20.70006483925692 0 6.852456358551022 23.38650250038993 11.74430921195938 14.92407461138242 19.00228483214728 7.096579614589165 0.6153065787292036 0 -8.584006637402323 36.39487147379161 14.39004730121762 0 0 13.81028509637327 2.042371295771336 0 7.091663502847606 -17.33650431715425 11.90991671863659 -8.25872493058203 3.383574832411557 -7.473357362130862 -0.1010552393235775 0 6.181102748456494 4.618083814228818 0 -4.061568996800867 -7.644063178819543 2.317681727535952 -34.12511565527928 0 0 -1.496470312617419 -17.58079030495271 0 -5.830443385578782 -2.787664149822031 0 0 0 -23.22056208076885 -6.061076355670371 -20.37875696884891 0 -15.97524574739323 0 0 -1.023779605346125 -15.13232041546991 0 0 -1.780906257771769 0 -23.16872161954535 0 -11.09709873608422 -2.400564196235545 -20.75281141188895 0 0 0 0 0 -3.949060577183339 0 0 -6.276249748555686 0 -21.79531159446283 0 0 0 -5.423113753242465 0 0 0 0 0 0 0 0 -7.704651768166546 0 -5.042845810561157 0 0 0 0 0 0 0 0 0 0 0 0 -2.758725671548068 0 0 0 0 0 0 0 0 0 0 0 0 0 0 -0.2261485866149789, 0.3049365383287288 1.276393880791275 1.244708062624002 -0.1402714266110809 -0.5154794881524873 -4.968006047266709 -8.005853867156331 0 -5.83646447257571 -17.41311049597312 -13.09890662553268 -15.31253694279737 -6.80194402574075 -16.67799610378125 -38.05488021531855 0 -2.813069466362711 -35.07856086837273 -22.01523095441514 -18.99915451418411 -13.33512967376845 -30.10879053279098 -22.43661378030981 0 -17.45938420841831 -9.407755458668449 -22.21864926586752 -5.54277385865601 0 -32.05703449201881 -1.20873988178371 0 -2.007955455924567 -10.39890297404252 -16.74478271480795 -1.870322040375413 -4.572281085833291 27.39085853312479 14.12799507872932 0 21.22506765078697 27.04678709547463 2.413417796664254 -9.721011680516872 15.56809189807685 5.125868738911874 28.25743112467596 0 -6.077516763290751 32.5365151577186 26.1851621510525 47.95527349810219 11.70603089691725 57.9030875968097 74.81558255203231 0 9.794203916827591 16.61431386589626 27.56313144704614 44.17061950796575 0 2.344166148200455 61.96633661612898 0 7.203086867840734 46.94699097426351 44.77016544314291 19.19090435807653 13.15520503893996 76.26074506554812 -11.61425386427762 0 19.78477747549176 14.55872349564708 61.7363556732472 7.735759518707523 -3.240174863095488 7.919513434732753 11.79128232356611 0 10.76383750741434 19.07870696837045 13.25221528996343 4.898841950171541 21.44837352810563 -9.66690931492777 -33.84141794926788 0 -10.92658865809834 7.856086670760905 2.894784774542682 0 0 8.531226267526385 -9.97366727066559 0 4.820788590890146 -15.65168830770637 -7.343635233621192 -33.52768555126983 -6.624179562918728 -24.55069811035108 -19.01354500657406 0 -7.752792582537192 2.361515463668646 0 -11.64628973778231 -5.664985404608688 -4.134167643519005 -21.56321551294562 0 0 -18.11015799658753 -42.89204175198441 0 -3.935472096527121 -24.64780136010479 0 0 0 -14.04722373383997 -14.57194709090873 -10.21685354340704 0 -7.839134990568775 0 0 -5.81954433899601 -19.23700853744361 0 0 -8.08021751596622 0 -13.34174335661792 0 -5.900524116750853 -4.814106390845344 -9.223704397346491 0 0 0 0 0 -2.573836120446294 0 0 -4.278162674140402 0 -12.0033516594412 0 0 0 -2.27153187283772 0 0 0 0 0 0 0 0 -5.742228626739706 0 -2.758193337338997 0 0 0 0 0 0 0 0 0 0 0 0 -2.529555635439951 0 0 0 0 0 0 0 0 0 0 0 0 0 0 -0.3578339411574867, -0.471756077329573 -3.687328127063218 -9.077060872717103 -7.166617773325353 -6.244309595054402 -27.39016058596128 -29.80983475946792 0 -16.15872815814388 -42.96575805327979 -34.85199882842814 -35.30774411063651 -12.25675808637681 -32.96448055278762 -67.92967148976098 0 -6.874298989162611 -60.03484562799913 -38.60626265439362 -26.85801424529021 -21.48558949195739 -44.49380815657845 -27.67968882357963 0 -21.69582702808094 -10.98725830545713 -25.49942816048406 -6.707071414695996 0 -31.37588978708628 1.749316122761795 0 -0.0512968464481256 -5.623556155587465 -11.65066480636287 5.576457444851575 -0.7041806327999662 35.91671000967073 26.22278499489532 0 29.5124403377355 47.3345235451747 10.23043298878826 -9.469353069129845 20.80107944841547 14.7505190719586 39.64136197877031 0 -6.486215667928581 40.41943258380364 36.38485204568059 60.5042019423636 15.2641753854734 72.99973956520139 92.20243745028834 0 8.631391931553718 20.53912946176592 34.79444958796596 53.42450090362998 0 -6.739459013957307 61.28237236988006 0 8.656605115298838 46.12228370645035 48.08820348256727 17.63024939119197 14.26842391281152 81.99402976010842 -20.18241602504821 0 18.65639321960165 8.477590333443477 52.04749696838068 -6.520002600721867 -11.69382788680852 5.929254952668419 -2.365496991964232 0 11.06771621808229 9.048565152908443 12.49151743650049 -6.442777968732288 18.82339706664136 -25.60698022303747 -62.58052208238929 0 -10.37349275683692 -26.8742323542185 -8.377508414729773 0 0 0.2118147383342501 -23.43312565182651 0 2.546621335810833 -7.699655138013328 -25.51242289232707 -51.01301018658448 -15.81809033407928 -37.29431954719372 -37.61975241133681 0 -22.6042209105895 1.333269784001426 0 -20.39712274972474 -0.769968274862979 -11.75950778547965 2.875305017835217 0 0 -31.54247123044425 -60.73094319313498 0 -0.8209071640412793 -45.75024646150052 0 0 0 4.587673385135511 -24.49210612850251 6.008972757419764 0 5.852254436737251 0 0 -9.58742037450282 -21.30171610066159 0 0 -14.02868388720064 0 7.365104787914309 0 3.992918587476636 -7.61599105866604 8.139826392196273 0 0 0 0 0 -1.169664506854557 0 0 2.106566871674035 0 8.82213450929483 0 0 0 2.294652792414932 0 0 0 0 0 0 0 0 3.012409569146479 0 2.341088328662699 0 0 0 0 0 0 0 0 0 0 0 0 1.224313723179606 0 0 0 0 0 0 0 0 0 0 0 0 0 0 0.1234812180367928


GFLOW: 1.5 0.01214065898185337 0.0121531754729548 0.01394960375272552 0.01396049092013511 2.997722021767772 2.99772029102834 2.991413568989642 2.991406146446228 -0.0003659700525238063 0.001471281639818541 -0.003066220721357976 -0.0008729133850837718
q-corrs 51.44484021180476 252.1453456341751 411.148634355962 222.9827249851524 135.8445350627354 439.5018166646541 354.360094949459 0 113.55372957781 226.0998479493223 143.0032976330072 112.2036611804428 29.15205275039355 65.74752671555309 100.6000829496643 0 5.867158262161008 35.86220790704762 15.08738589985845 6.357572299460004 0.538369478924235 -1.627670478367656 0.587599494197931 0 -3.050605095828933 -14.38303524771749 -33.71664043516068 -16.96151111560645 0 -22.57022992939235 -26.61661018049487 0 -5.696523690311061 -16.63508546059815 -12.88749393019044 -22.22080890776185 -11.32934002739654 -33.66718165335644 -39.10049433364045 0 -28.16925710401939 -58.77910748166448 -21.37697161820589 1.447000407993168 -17.47598927087381 -32.19344056351368 -41.82301593150362 0 2.425419960796112 -37.31763728304955 -50.04472243592242 -59.04011335239726 -23.28641720936549 -83.13616773159873 -90.38534322592434 0 -20.73372887353446 -24.37212866744367 -40.43396178979984 -68.87543458331947 0 -22.26205463393098 -86.30217405596869 0 -7.371226539490378 -85.97004572667367 -82.29163212222676 -12.27141157620522 -19.19055966178565 -85.64060147229799 1.826281410454368 0 -29.92033109872186 -42.4822140832956 -81.57200721029884 -48.77253168378904 -9.856308390309271 -11.28651992105917 -28.83570734213279 0 -21.84771190372531 -28.81808497328359 -8.084612688368951 1.35068335331558 -23.06502184053678 -20.85298151821406 -23.52388571024863 0 11.90212313633989 -39.35825312758361 -6.144474852276272 0 0 -16.05921502905456 12.43076921408941 0 3.277964928340865 12.35212751041875 -5.205280408364478 4.6787317500742 -10.42222015140957 14.23216678849312 -0.9276632861511915 0 -7.051194100330521 12.99064143057356 0 13.41260069974419 2.170796922432859 8.276374639446093 26.15430079703567 0 0 -4.306077237085074 23.24760246164796 0 18.14819371908872 2.496372592526163 0 0 0 0.922214135130965 17.10003267568547 12.58602744190767 0 13.78402096933311 0 0 -0.4527989169740674 24.46639101138008 0 0 1.721387408158911 0 -10.52882206469623 0 -0.5259500573392246 5.373582191738517 12.96789632842952 0 0 0 0 0 7.125198236396263 0 0 -10.84189219264483 0 -14.8082511028294 0 0 0 3.330923834663871 0 0 0 0 0 0 0 0 -20.56513649900109 0 -4.986578552841426 0 0 0 0 0 0 0 0 0 0 0 0 -12.86680806609863 0 0 0 0 0 0 0 0 0 0 0 0 0 0 -2.663267924536735, 41.98695517562714 205.2647973912027 333.6416485306178 180.2344176411373 109.4675584278741 352.07941432716 281.8006788600225 0 88.6630610783176 174.6348327407021 110.0899364978564 84.58372970988573 20.96173430515576 46.35072316189886 67.40996193130877 0 3.947179220095941 18.46103457881746 4.899114669610933 -1.285974203305635 -4.152439299676861 -10.40245408198455 -5.180786313971982 0 -6.746615730057679 -16.73387798679535 -37.61617441583689 -16.66658909516881 0 -27.6608037360978 -25.92838382467446 0 -6.654919975729404 -19.00459900774088 -15.80115213743489 -23.38956136364206 -11.74097741788343 -28.31793822162874 -36.16081888264061 0 -24.71396340637236 -54.76932423629247 -22.2507284185122 0.542447663969436 -15.26273654685373 -31.32198690130245 -38.06728977565133 0 1.989371536604028 -32.30825107986357 -43.88023058737814 -51.65432087709775 -21.20791595220192 -73.78194600084466 -78.38070742385543 0 -17.82069657579997 -20.63378993961933 -35.9835055922144 -60.54703847688812 0 -17.19532232956486 -71.96271776974541 0 -6.353110389764561 -73.55419940263788 -70.9763992038344 -9.086851249483548 -16.34114726321139 -72.44356384704734 2.178962855576493 0 -24.1134918363584 -34.54972610800794 -65.79117354919046 -38.42344879846292 -7.104086709677635 -9.340528825710589 -21.92409108406182 0 -18.89212326567005 -23.40789365452581 -6.043082815342357 2.73996285134961 -18.60056160644666 -12.86146709846953 -12.80231550755344 0 9.077609464905855 -26.14609437527394 -3.38815027790729 0 0 -11.95876388510628 10.81504015358687 0 3.507622564130136 8.414530441170243 0.2892343343833863 8.620406122795035 -6.055502365067307 13.6795406299132 2.342527803650945 0 -3.359452409943577 11.01350817279117 0 11.27860884738875 0.8017727379320023 7.279860963687565 16.43267359942003 0 0 0.4295352059857505 23.26614831389624 0 13.70258481117565 5.642061672452614 0 0 0 -3.138834802472092 14.40243815977581 6.77597510477796 0 8.531253249678134 0 0 0.7506038806418354 19.87030494132942 0 0 2.434634616186314 0 -13.50702993347427 0 -2.552962255476359 4.518507267762113 6.751700839717502 0 0 0 0 0 5.266087085655716 0 0 -10.77522546213736 0 -17.3440069590771 0 0 0 1.67372457346586 0 0 0 0 0 0 0 0 -19.79959888988004 0 -5.46381989002363 0 0 0 0 0 0 0 0 0 0 0 0 -12.05640583782623 0 0 0 0 0 0 0 0 0 0 0 0 0 0 -2.437592737935337, 22.67143245331096 109.7126955213294 176.0323644798273 93.53456762997806 56.15865042934303 175.9762903716539 136.1457837293166 0 39.12120113121216 72.67412914277664 45.43408415341739 30.51975572799617 4.886010975876553 8.669410856587266 2.944880215480998 0 0.491064833847964 -14.62773616095549 -14.30184012542222 -16.32816690172297 -13.06381723967034 -27.53775498106346 -16.9949234069197 0 -14.52748621884598 -21.59791825837261 -45.8618585085006 -15.89581605221774 0 -39.76246612930608 -25.08700850494697 0 -9.118971626700512 -25.6085806110862 -23.51959231554753 -27.43963613951764 -13.31173511695323 -16.32574488633941 -31.29890845011744 0 -17.29142613079298 -48.23119861946576 -26.00887737271391 -2.193787647201049 -10.94401912776229 -31.40856133059872 -30.88599369396639 0 0.8748283562474235 -22.18032968597316 -30.83727849145636 -35.54818209594573 -17.30093661175277 -53.95980403005179 -52.38897297947491 0 -12.27773129337241 -12.5979499959819 -26.10066257046133 -42.37828491937362 0 -7.196528406765323 -42.13669503786434 0 -3.907542836805866 -46.23629814841519 -45.73228405297616 -2.206688011440635 -9.457467576157695 -42.99489907967948 3.410786700765431 0 -11.83236858895243 -17.77824979486407 -31.26734687057352 -16.57337294897795 -1.193393613229531 -4.028866538966177 -6.782736155614963 0 -12.40502391417941 -10.58636102483056 -1.549471686387324 6.706079701425741 -8.736946852901641 3.188538167766614 9.211659003594026 0 3.579817543091109 2.403104822762478 3.665528007655062 0 0 -2.91374729904419 8.304553036936557 0 4.302408333918802 0.5823645943584292 11.73793648648434 16.39565711527263 2.705032214047289 12.87280528408956 8.95367751648471 0 4.482480255260468 7.483635650655285 0 6.941109041598936 -1.827103624056754 5.599431566629913 -2.850066282305854 0 0 9.507938290315987 22.50415788774611 0 4.782652291253411 11.77695596006303 0 0 0 -10.440920697721 8.705553431678617 -4.717689032498063 0 -1.863469978802348 0 0 3.009047687690771 9.890205988997785 0 0 3.741029293608876 0 -17.64343226980781 0 -6.076152295382139 2.653453955541251 -5.520600853781067 0 0 0 0 0 1.342262469511653 0 0 -9.368339481676186 0 -20.13503540295579 0 0 0 -1.592424036970273 0 0 0 0 0 0 0 0 -15.91511488112643 0 -5.710179408476284 0 0 0 0 0 0 0 0 0 0 0 0 -8.993131880361798 0 0 0 0 0 0 0 0 0 0 0 0 0 0 -1.69272715087002, 7.934576781068997 37.38413490314639 57.81328941235719 29.17544830577318 17.0675587636732 48.57219322825336 32.30960554786755 0 5.072308764048268 3.941075353083593 3.099024786774692 -4.106380770598641 -5.345148265512051 -14.14043627812594 -35.57931666316688 0 -0.9946715662185728 -32.08248924789119 -23.47165349825828 -24.72864881786776 -16.97574086373682 -36.03297235962846 -24.58244928580826 0 -19.55473958244938 -23.33808002193577 -48.50613814406578 -13.79204663304622 0 -48.73829787111919 -23.04330854320727 0 -10.93323953322747 -31.182675033167 -30.54465713315488 -30.59128869829579 -14.77191844924815 -3.967217158269768 -26.64966987703441 0 -9.369260336999492 -41.53315904971205 -29.45075758928466 -5.756378992054879 -6.744636788719164 -31.71519889017332 -23.04955903960383 0 -0.637559430592777 -12.12653090837747 -17.71004053238534 -17.98213905693172 -13.1953160261207 -32.39664705069602 -24.9271885166851 0 -7.477403462167317 -4.910344919664814 -14.90257788582584 -22.94832113665667 0 0.3422344651788798 -14.21479078896697 0 -1.027453808931115 -18.19539552990306 -19.40532866483215 4.282204862576378 -1.727628454464091 -11.93241474231487 4.553253688525214 0 -0.7417417434417164 -2.868658245023338 2.037776995961433 1.911524145846494 3.683769485179747 2.253754583671942 7.041732809880306 0 -5.75616932138067 3.215273980390029 2.827790574237751 11.4877923415498 1.036833841587072 13.91482769667007 23.47400542488101 0 -0.7065854757593826 26.44336267242033 11.1213245266793 0 0 5.407866723582233 7.416455510146832 0 5.389419170915658 -5.8960352144846 19.67477012022496 19.2516242473788 8.423324761922281 11.26059527832048 12.76374094332586 0 10.39911658494603 5.476811735160116 0 3.40491501914 -3.87146382233384 4.811722838512422 -17.63734012248723 0 0 13.92235894217772 17.87555371628928 0 -1.78599845206179 14.56653004452003 0 0 0 -15.1550951978143 3.717290404766443 -13.21238953596325 0 -9.568516991618955 0 0 3.937990315087632 0.5786498149343924 0 0 4.04477543694412 0 -18.40037205597818 0 -8.073261369642646 0.9189073149292881 -14.42279443225521 0 0 0 0 0 -1.837057699318754 0 0 -6.548485531315265 0 -19.09402493890077 0 0 0 -3.933040392658305 0 0 0 0 0 0 0 0 -9.667654088630671 0 -4.887921031424986 0 0 0 0 0 0 0 0 0 0 0 0 -4.625326179493958 0 0 0 0 0 0 0 0 0 0 0 0 0 0 -0.7096029180257148, 1.875121560079688 8.440770345108435 12.01563476579217 5.188343154305836 3.063126386774022 5.445081793421817 -0.5381074031009738 0 -3.819629156116493 -12.11141996505114 -5.577687425869349 -9.729122577890502 -6.577072666890937 -15.09356041912996 -35.72260247579585 0 -0.4067052901925713 -28.2052608485314 -19.06490511317764 -22.18947869346669 -13.61967697499638 -30.70863593677707 -23.89102652051332 0 -18.51937546243278 -18.5400611939459 -38.86494699673536 -9.56538414579525 0 -45.51023504051783 -16.13344033327314 0 -9.473977372001057 -28.0850436871135 -29.77612788873835 -25.30690297691532 -13.1952468178057 6.672463846570443 -16.9279170437841 0 -0.4499100586921787 -26.06927222933937 -24.30447180235767 -8.058366770698154 -1.07673266123993 -24.48849947888553 -9.96832760954706 0 -2.400191728023958 0.1723284196575321 -4.161021133111731 1.750020827827555 -6.446125112791498 -5.827063483283261 5.000629053539189 0 -1.88123972796922 1.829813233128757 -1.842633767905641 -1.740516871245934 0 4.398003019824944 11.83371021941107 0 1.781751366414964 7.517245014778808 4.740553192340627 9.471838216919727 4.668029931645085 17.92522557057237 3.03142722170168 0 7.582789491433832 7.318866180574119 27.94311963513132 11.67985404498118 5.256186191618075 6.126988132040648 15.00399954234683 0 0.4703886786230398 13.51698838775279 6.378979439729967 13.51685960966459 9.074254199060762 14.11785563008441 19.54047228921421 0 -4.134072377978246 35.47052462570848 13.72728047158762 0 0 10.14715549890587 6.057753544597475 0 5.797696571963904 -11.04048809700341 18.64170628344153 10.9001587057771 8.069616367548521 5.008733396677695 10.00352959376392 0 10.71814918040657 4.275071706142949 0 0.6807364052544234 -5.472375078269613 4.050649189152425 -26.2045569752678 0 0 9.862525395883912 5.520121320882609 0 -4.63835737379662 10.2001204063311 0 0 0 -18.29276386791014 -0.03105520444541288 -17.15683404223372 0 -13.33432088585836 0 0 2.531780738623318 -6.361970132913104 0 0 2.417561662128485 0 -19.03735169985124 0 -9.17331899828466 -0.3840338414076268 -18.11161904262579 0 0 0 0 0 -3.178862383308052 0 0 -5.183846868907836 0 -18.43989008262702 0 0 0 -4.825597326335259 0 0 0 0 0 0 0 0 -6.495163006118426 0 -4.368077438434851 0 0 0 0 0 0 0 0 0 0 0 0 -2.378460690130137 0 0 0 0 0 0 0 0 0 0 0 0 0 0 -0.2042701748793236, 0.4894534221260907 2.246433883255773 3.048043588398587 1.038499162700222 0.7599051022769734 -0.07290502812624045 -3.175944688709521 0 -3.293935734081606 -9.98956758374085 -4.792472850463719 -7.728318366069358 -5.128944971589798 -11.05394975727798 -27.19200480039894 0 -0.3836234799474479 -22.54688435944753 -14.09124980629466 -16.7616504806911 -9.693409887934644 -23.2052579128114 -20.04788084339489 0 -15.14066215073728 -11.3312579871657 -24.65170791065223 -5.33416412819061 0 -34.29354092176346 -6.157453783684614 0 -5.407860743434221 -17.55347158623784 -21.89017384073995 -12.32517730605448 -8.550058998228476 16.10793941273527 -1.106818359960879 0 9.882864988750791 -0.1955964737179965 -10.58904147987349 -8.45916103914338 6.792318265142068 -8.95491418464383 8.946281108061665 0 -4.130302974001 15.64646449729028 10.47476313771531 23.58087511422763 2.983262801414534 25.72105933676094 38.20798284609979 0 4.748021547413614 8.559670019500649 12.84263700978128 21.3059613033697 0 5.448430455083134 37.36270620092863 0 4.28034555798938 29.42585348829506 25.93264824783471 13.62929099593305 9.021087148549764 45.96936687421213 -2.574950675963382 0 13.98135376974491 13.24963185733369 46.00438482789703 13.31580668732169 2.958515298469383 6.622259907483436 15.89986388734581 0 6.143058552180088 17.75436265175454 9.208271949974893 10.13810821928339 15.14575900311992 5.865445563346967 -0.4147923298523466 0 -7.695945505287758 27.80535822445126 9.195477828817772 0 0 10.59412978062248 0.4216249951198279 0 4.904262843753581 -14.64523217746167 8.704435698865247 -7.216879132490462 2.821984822155362 -7.375846633649029 0.08857251253094933 0 4.680968460714924 2.273261080723085 0 -3.399847948812466 -6.280751143108874 1.200165280927342 -28.40247005821395 0 0 -0.7845565898241764 -14.13442822113954 0 -5.419603754487609 -1.804327462386379 0 0 0 -18.8610563892357 -4.771238062929987 -16.40678701165104 0 -13.26574626844106 0 0 -0.6649834809446108 -11.83261223781089 0 0 -1.21477528853665 0 -18.76965468178776 0 -8.989213382521905 -1.807116766577705 -16.55126011165515 0 0 0 0 0 -3.083699426785362 0 0 -5.266664303751277 0 -17.70777555470839 0 0 0 -4.280860693640599 0 0 0 0 0 0 0 0 -6.68192361156932 0 -4.127196362930134 0 0 0 0 0 0 0 0 0 0 0 0 -2.572578554636729 0 0 0 0 0 0 0 0 0 0 0 0 0 0 -0.2657530647355958, -0.06742390438506263 -0.8201828351902307 -2.582875631554785 -2.40498989218808 -2.026503913633029 -10.10077021899943 -12.17758138093076 0 -7.196605144758852 -19.66801382248893 -14.36376260272674 -15.87078167701957 -6.699690741681568 -16.55480358155855 -36.3765201707687 0 -2.533070692169773 -31.56050606775104 -19.68765658734868 -17.25291453227101 -11.60363991524489 -25.79958385268045 -19.77359198530424 0 -14.78063412038856 -8.016634457201551 -18.0127173471815 -3.665131027564637 0 -26.24566703426575 1.263066989845474 0 -1.843357113608665 -8.011949536814724 -13.80159511819538 -0.1635111643949241 -3.614331359738684 24.89501452005484 14.73051284060985 0 19.74612755020605 25.84423428171721 2.43563729547842 -8.059261898016576 14.33437044845007 6.089985053605654 26.3545966625123 0 -5.316700789021365 29.256785199774 23.68727627170495 42.27015812122222 10.69485677473878 52.10559799863796 66.45544817806297 0 8.670439418902788 14.49777218284977 25.10791627242507 39.65380056137651 0 1.950103472811954 53.10684027896544 0 6.295912396839922 41.47809359451384 39.75598771259084 15.58024173346894 11.66354516442276 65.34826243950602 -10.70157535980115 0 17.22923530747022 13.62605637157267 51.93669836499166 7.114272183354692 -2.870697741480257 5.435198577290489 9.113758713120248 0 9.689472515596819 14.73231990504591 10.61553255854787 1.889377466422378 17.54152036423009 -7.101457000470461 -27.25183396972234 0 -9.911223068817868 5.418959617984108 0.09086789434601172 0 0 6.568690909136912 -10.19682261505773 0 3.113845204329745 -13.21103743348026 -6.651705990149596 -27.30364115067915 -4.962119937030256 -21.81587403728131 -15.1469845122889 0 -6.49221298223451 0.1885972627212631 0 -10.12055467709538 -4.511642519049383 -4.471156200764415 -18.41292159645582 0 0 -13.9330382583337 -35.04854328144118 0 -4.540662504581228 -19.3863077444949 0 0 0 -10.7055339949136 -12.24063074383694 -8.252837583417996 0 -6.86440512897815 0 0 -4.476473691473233 -15.89927779123752 0 0 -6.276291507164793 0 -9.396362862027349 0 -4.39347648438652 -3.904613483203124 -7.294607410984492 0 0 0 0 0 -2.20110607830001 0 0 -2.709021542171577 0 -8.113359479825933 0 0 0 -1.737821048248768 0 0 0 0 0 0 0 0 -3.408542397982504 0 -1.775349391562294 0 0 0 0 0 0 0 0 0 0 0 0 -1.374677735598622 0 0 0 0 0 0 0 0 0 0 0 0 0 0 -0.1692144490160368, -0.7812908050622056 -5.232897861700859 -11.51564810491588 -8.347588822656617 -6.758231262456614 -28.36097426429064 -29.67747905489233 0 -15.32566033118641 -39.50492635300782 -31.16109845790625 -31.16455830963163 -10.79126245064221 -28.93042856790991 -58.72043682150218 0 -5.603331679640869 -49.93450664248378 -31.95968415903414 -22.91823894809876 -17.544897022717 -35.99260680762654 -23.2909307118478 0 -17.51614423044134 -8.932998347200853 -19.56064574548708 -4.060506084380004 0 -24.55405793826032 4.489764830563812 0 -0.2240336516445796 -3.51662557562375 -9.329385088397339 6.430826734608019 -0.2628533689829275 32.13427632447008 25.6109979501723 0 26.87622881178177 43.31885710267484 9.150073793989216 -7.671243216672377 19.14441234911537 14.65389701739914 36.58320117844144 0 -5.7344409911758 37.00084733611673 33.02165270805727 53.63287134489252 14.06147099798229 66.21091920946601 82.79279529622598 0 8.515393864754063 18.26665656900724 31.84539095871953 48.66544147094965 0 -4.528142544291682 54.87435573048398 0 7.672900661221824 42.73433403382358 44.46258436242375 14.96722612973007 13.15223973058625 72.352495660743 -17.89475135055885 0 16.97632582498174 9.591816072777185 46.6478535003523 -3.252003107204795 -9.66880753996314 4.116089236764646 -1.605948466103797 0 10.45395473305504 7.384963679856582 10.35127097366654 -7.229915536283693 16.15550944651127 -19.58113931887517 -50.10957432224076 0 -9.971772672989479 -21.50993902081628 -8.77146152660139 0 0 0.3147116658432088 -21.66250359398312 0 1.379848874186398 -7.267559020819367 -21.16475786510854 -41.72966857548497 -12.19209350704947 -32.92763163868959 -30.10720730056304 0 -18.29421723179933 -0.8599390032350871 0 -17.51848614991989 -0.6786713363706478 -10.84954161200709 0.1512357169309126 0 0 -24.79762675825621 -50.3526725571045 0 -2.622366998894231 -36.33750480545505 0 0 0 4.141826901575598 -20.52736957437414 4.282455349674819 0 3.573380204720337 0 0 -7.547914211480539 -18.29120370361159 0 0 -11.05872972335663 0 7.676799801883909 0 3.534310631093417 -6.22488315676417 6.203697474726653 0 0 0 0 0 -1.239587357639814 0 0 2.961400906557526 0 9.318717315022154 0 0 0 1.840930937133607 0 0 0 0 0 0 0 0 4.704244440357892 0 2.584331092751758 0 0 0 0 0 0 0 0 0 0 0 0 2.34510179827977 0 0 0 0 0 0 0 0 0 0 0 0 0 0 0.3677166503029157


GFLOW: 1.6 0.01083461096370817 0.01085195400622839 0.0123590562135552 0.01237549221157929 2.997981431311055 2.997978776080643 2.992364220628483 2.992353294852489 0.0005406220509150797 0.001799354621275711 -0.002106385701910805 -0.000573340983952668
q-corrs 40.42241272288017 200.4221625795317 330.7237420451505 181.5932791242838 111.9954845603305 367.3061416608405 300.4351275835352 0 99.41322779474736 201.3398117244089 129.5154009107338 103.8989117386466 27.77023824929155 64.73062532685948 102.3110369221797 0 6.64416964165912 43.28039283811233 21.7290314745706 11.27476995014491 5.250082978504777 6.834042624404362 4.247705842049792 0 -0.04976924894538781 -8.675642234647963 -22.27412467227691 -12.84731355647423 0 -16.48642691736226 -21.83552307968785 0 -4.158443604637052 -13.46252491116303 -11.08198305609 -18.81791088580479 -9.804286859604135 -29.19983890422662 -35.26576855632093 0 -24.87039856512652 -53.18519147002382 -18.12327364142121 0.0466762209442062 -16.06273983261718 -29.15898992537974 -37.17699438829143 0 1.382378608220462 -34.00086690286692 -46.44773969586909 -51.32426125494321 -19.92878862847608 -72.2997560628971 -80.74463364100274 0 -18.59550920725662 -23.98023322358842 -35.06560363325303 -61.15570671104368 0 -20.63622506799573 -73.91102379177535 0 -6.431553062858692 -73.16634595015368 -72.63003535692972 -11.33815714235759 -18.67470748137341 -74.49884992054636 0.03756846690755911 0 -25.37230285053592 -35.19484456594586 -70.59916578296331 -40.45986405066115 -7.572152985535156 -13.99588864205314 -23.57064694132355 0 -18.33923605846952 -25.93040734569301 -7.256873585928568 0.07037843756744089 -19.7040147641741 -16.13614393222677 -19.33772145522951 0 8.394559870934966 -31.51000264306569 -7.275267014670905 0 0 -13.10172037017578 10.02987206044973 0 2.132497736536706 8.121076022192879 -4.011800018741411 3.676301965167903 -8.00098741710322 10.39591995636485 0.3759191114630864 0 -4.944317044955145 9.549207424978214 0 10.97657015370372 1.124250813914388 6.709738561070623 17.94997122988552 0 0 -2.737494383332092 18.55290200331719 0 13.72190300779757 3.218734773254169 0 0 0 -0.857529729206842 13.91437737620628 8.485495592486362 0 9.675221585242191 0 0 -0.1562622171964713 18.95224086208956 0 0 1.710710467469762 0 -9.87787754257781 0 -1.14589025439823 4.344485643690286 8.734051556046023 0 0 0 0 0 5.392738083001813 0 0 -9.008816997026464 0 -13.21463141129733 0 0 0 2.214479623141582 0 0 0 0 0 0 0 0 -16.84141417444959 0 -4.319552498538441 0 0 0 0 0 0 0 0 0 0 0 0 -10.41730846560953 0 0 0 0 0 0 0 0 0 0 0 0 0 0 -2.135207695163899, 33.40084208990564 165.2300917373844 271.8848694287666 148.7704364348388 91.51478635572593 298.6242739357866 242.750182177275 0 79.13924027477644 158.895901800841 101.9758632898646 80.49868461935505 20.77180740156568 47.86655414009286 73.14639301700097 0 4.800374117781765 27.118020460044 12.02527339090598 4.200627864547035 0.6401325021642226 -1.741209079136158 -1.117593406603568 0 -3.595242597771961 -11.21091829893879 -26.81248472072546 -13.173715823967 0 -21.60512367944938 -21.76802632162909 0 -5.038299451173027 -15.77480246251492 -13.81061109611437 -19.98333714401628 -10.37258131100173 -24.91678244865873 -33.18292586225993 0 -22.02307200079754 -50.09386571303703 -18.94990679767364 -0.8388903994294568 -14.27925912096873 -28.5822924533509 -34.03388389181903 0 0.9832178639103137 -29.99162450545014 -41.49954350625534 -45.20502212415468 -18.21650865312382 -64.52994787566183 -70.91484248130337 0 -16.42172006503005 -20.97228032784158 -31.30542220477317 -54.3140296073495 0 -16.91615019030898 -62.74013081928382 0 -5.558916844960301 -63.22618245920384 -63.40832673575069 -8.923602144801091 -16.27151730154543 -63.8621522606164 0.2084817448691858 0 -20.81619250730655 -29.01819293926714 -58.3122572802087 -32.55996008316509 -5.551575668593526 -12.37401563577265 -18.37393504846292 0 -15.96993188912676 -21.72650639655653 -5.700211834396837 1.041409016358221 -16.25534167461165 -10.16610951134557 -11.38220252217602 0 6.263328129254333 -21.6899114363319 -5.203137573496901 0 0 -10.01297619711436 8.716988053128569 0 2.272717792052711 5.175653138334398 0.03553242415544777 6.523429884285258 -4.738940843288063 9.901956169230781 2.720015913574325 0 -2.244061263226358 8.018148418335267 0 9.301748404362812 0.1080368292745985 5.903520561049228 10.69187290835929 0 0 0.7758661814029132 18.45085447394302 0 10.36574391723791 5.455907576703434 0 0 0 -3.840075684518259 11.80759373906782 4.18871469680847 0 5.7572495360949 0 0 0.7362383383616111 15.48139850103869 0 0 2.211446277610948 0 -11.99477534230497 0 -2.626404719776539 3.680214188410573 4.154772807611066 0 0 0 0 0 4.00231427701935 0 0 -8.905773759710574 0 -14.9751751796798 0 0 0 0.9997727676719808 0 0 0 0 0 0 0 0 -16.18033702523271 0 -4.635397980843404 0 0 0 0 0 0 0 0 0 0 0 0 -9.764114084572309 0 0 0 0 0 0 0 0 0 0 0 0 0 0 -1.958561044154112, 18.75314985831153 91.94877136903062 149.6162722993436 80.72072868332036 49.17939510255997 157.0489233605588 124.1884786684459 0 37.75657625158534 72.57759033228743 46.33354572188921 33.34987328970446 6.64241263648001 14.08228943418988 14.73091248845675 0 1.291403956506254 -4.758193871442209 -6.988394461784687 -10.08565674105906 -8.425737231344254 -18.90788660380399 -12.25822885522057 0 -11.06585788558407 -16.42006562805652 -36.17114823357099 -13.58492663786116 0 -33.18092030056547 -21.75737574948725 0 -7.179731262447454 -21.62710963251597 -20.54514102242341 -23.33945169226227 -11.94899153011687 -15.01962056440776 -29.23663327745025 0 -15.61130549512577 -44.23128955886167 -21.87164473207357 -3.244839872525946 -10.52521283755233 -28.36906340402509 -27.47679073938266 0 0.008241113960334445 -21.36516356340553 -30.41178887209529 -31.34483160454619 -14.75021815364134 -47.28400547470062 -48.66780604003822 0 -12.01871830701551 -14.12823343595086 -22.64862882270119 -38.72434904271867 0 -9.257381543316846 -38.62276405660394 0 -3.435347380701661 -40.71304406570266 -42.1633135972268 -3.505719430224007 -10.29713062963812 -39.37981735225621 0.9900079829900861 0 -10.89632827438348 -15.62902958300798 -30.64167386332439 -15.50828405384141 -1.146207325473753 -7.754038842837966 -6.756466290040708 0 -10.62270523335132 -11.47426581874211 -2.156334946441121 3.94081932062931 -8.418074825300137 1.989791839793917 5.171429988015158 0 2.071949059714569 -0.07665344117246065 0.2558041682886074 0 0 -3.066246784516297 6.620644533322858 0 2.821031911072779 -0.7572423292579358 8.583766597373307 12.16948642004656 1.891899840073853 9.17819721868622 7.503675552524789 0 3.566347294823119 5.241564193257259 0 5.894230237030245 -1.879785984053441 4.523804177437504 -3.886569801667026 0 0 7.572171608827464 17.66954984752607 0 3.582595601934428 9.857401069762908 0 0 0 -9.336527195258071 7.370331634795313 -4.407784494706355 0 -2.092401389329364 0 0 2.424829544819832 7.942829570048377 0 0 3.134435795992411 0 -15.06182114627756 0 -5.26930001190719 2.23911790665292 -4.981558751349682 0 0 0 0 0 1.063718529913764 0 0 -7.843693255065491 0 -17.00476743460747 0 0 0 -1.41722786241934 0 0 0 0 0 0 0 0 -13.26186450253346 0 -4.796523802463175 0 0 0 0 0 0 0 0 0 0 0 0 -7.472116026805925 0 0 0 0 0 0 0 0 0 0 0 0 0 0 -1.403540549425224, 7.059262462318053 33.83572955074389 53.39262437660102 27.62286253056323 16.46744740036437 48.82689484049892 34.59813919779469 0 7.343106436310382 10.03475120858678 6.842311641014202 0.4090304752746141 -3.181677178191464 -8.623489955622768 -24.18206867080653 0 -0.6603953776033474 -24.38087648335746 -18.02505609410017 -19.14635805513955 -13.40468347505767 -28.91900604017659 -19.94950527656272 0 -16.14628436993904 -18.85045097485381 -40.20517623581022 -12.39093164874973 0 -41.39139842883073 -19.9872693895578 0 -8.711833468694463 -26.0819343916731 -26.15917428372656 -25.3725148504343 -13.04338089894251 -4.247419459723767 -24.24791340619033 0 -8.284554938220932 -36.70053477883765 -24.06605994446159 -6.002642022232987 -6.373383395889734 -27.42463286700215 -19.57555862879114 0 -1.199576731250039 -11.85341717966618 -18.11519471035528 -15.52763177015488 -10.79904883945779 -27.4545358187254 -23.53219954909058 0 -7.615266809977628 -6.784402123997193 -12.43452918089891 -20.93024158010657 0 -2.743901230320354 -14.3642098443878 0 -0.9133843878168962 -16.52538933663493 -18.83948542621131 2.043898394535112 -3.249378713799493 -12.25131639185535 1.877982527402329 0 -1.389421791867614 -3.086884578725819 -2.382047679271718 -0.3389772899525543 2.612190772344039 -1.817823309588832 4.311845995578402 0 -4.892568186297868 0.120798510690026 1.541153550229981 7.619949204669006 -0.2232614857763253 10.42972213383023 16.30740114393951 0 -1.283771114971858 18.88995337129327 6.288352917051046 0 0 3.582889713929514 5.729569457639228 0 3.638171822663914 -5.795427837478685 14.69510779769936 14.18539390334305 6.381950743730652 7.881026725764341 10.28966254983433 0 8.06529061367204 3.550580725022054 0 3.081062705329318 -3.484663006480825 3.809764364790292 -15.42291314480493 0 0 10.96600860244668 13.98135165791613 0 -1.551509391703648 11.85875473442629 0 0 0 -13.11928068346943 3.473848442809447 -10.94475572266429 0 -8.110857018316556 0 0 3.13624547777741 0.8494874580347176 0 0 3.334664132211124 0 -15.89672816653131 0 -6.896988300831204 0.9046209580952222 -11.79115541716156 0 0 0 0 0 -1.335012586092718 0 0 -5.862038986783257 0 -16.49869714663754 0 0 0 -3.191659846104404 0 0 0 0 0 0 0 0 -8.8063908655504 0 -4.249835386362259 0 0 0 0 0 0 0 0 0 0 0 0 -4.332533059186692 0 0 0 0 0 0 0 0 0 0 0 0 0 0 -0.6939461224740587, 1.808000697868149 8.263186956338361 12.04345476838161 5.428438332509877 3.155915111304629 6.446354506609156 1.02856069443855 0 -2.820773580810441 -9.648923355018134 -4.854912538095512 -8.37614786721295 -5.503764085990111 -12.87055444840813 -30.47652215950373 0 -0.63644622037554 -24.98450000160976 -16.84773462559195 -18.79145115326993 -11.82440430357574 -26.52855946862773 -20.45912994643504 0 -15.88195883558568 -15.5370419886478 -33.07284704834373 -8.716592471533103 0 -38.83724492029592 -13.60314444700267 0 -7.644870583189103 -23.30952702155135 -25.19274103356295 -20.49916717753661 -11.42554539678497 5.5501009902355 -14.50903368833224 0 0.03706629842851017 -21.62808160065328 -19.52377133560615 -7.496955644124194 -0.8594013495527211 -20.24651822091104 -7.39353817018791 0 -2.503333859482309 -0.1952645937590187 -4.977603475281796 2.043258349793894 -4.804693152972006 -3.594919153622351 4.058690441076092 0 -2.296036999992289 0.1945070290187232 -0.7228858535100544 -1.413253922840401 0 1.55557901720746 8.98286066391957 0 1.531719232664828 6.073563578154374 3.087294655711531 6.835417703492796 2.920051349678232 14.29033133966901 0.8789206181987481 0 6.122742906522043 5.995533782571192 20.77413486192298 8.414538437736455 3.90624612184287 2.534753973902752 11.07823629419905 0 0.5606349734206049 9.231250148615667 4.718385839421043 9.262598704630751 6.797733949399824 10.9776172594184 13.83914362830148 0 -4.031068112139423 26.69825471215898 8.709966611654716 0 0 7.582390629260678 4.310429017283159 0 3.979367797686227 -9.764773219410802 14.02812844084452 7.732323602610672 6.303336874082897 2.920511789549945 8.068098885833146 0 8.321119485125493 2.432961432837504 0 0.740131251206817 -4.692506899731431 3.010691878972473 -22.17123506108569 0 0 7.926152529216711 4.247215789419807 0 -3.999221458893834 8.3903159946945 0 0 0 -15.47718030000251 0.3554995792945066 -14.00238888585107 0 -11.12998077837896 0 0 2.068213786116272 -4.654015594043283 0 0 2.055016488407549 0 -16.30041075561716 0 -7.730703286656045 -0.1473439995953703 -14.63598455155301 0 0 0 0 0 -2.396206967890048 0 0 -4.793094992840035 0 -15.92117286962148 0 0 0 -3.868712514635644 0 0 0 0 0 0 0 0 -6.357795515644797 0 -3.832041807142529 0 0 0 0 0 0 0 0 0 0 0 0 -2.613246338533326 0 0 0 0 0 0 0 0 0 0 0 0 0 0 -0.3097673284243392, 0.3207538824197353 1.249172512893761 1.157952829180678 -0.1121348591210385 -0.1473623667787312 -3.185970508104403 -5.724221111598076 0 -4.21094300051088 -11.84127449488171 -6.704273105863219 -8.967462871770548 -5.064087169700702 -11.39609489957183 -26.70844536805004 0 -0.7021098941164294 -21.77171363744687 -13.62098491943339 -15.2691160052255 -8.969557210837271 -20.96049065793196 -17.8578887777038 0 -13.27870034544319 -9.847306140524926 -21.26441537776876 -4.561002404041714 0 -29.29700995081227 -4.422313751386539 0 -4.519486535757467 -14.52615579683974 -18.49746524412645 -9.543165336481465 -7.298421696690407 14.44671339566603 0.1302723039900728 0 9.405170020047303 1.412148016775265 -8.417322500103133 -7.439421228818391 6.309409748873732 -6.702880318490725 9.117456992528123 0 -3.769859021288759 13.8199529850665 8.873073079099843 20.97925606639687 3.120033663885024 23.69437109250418 33.7153593332994 0 3.746938971256295 6.940346375953082 12.02449504090402 19.071584478681 0 3.426592469776347 31.36461268686415 0 3.715583679733357 25.30244126254424 22.24750699506044 10.72661757699311 7.390389634560425 38.87287333108693 -3.381235848939971 0 11.92458241668075 11.56058378970983 37.34870051075062 10.63384768569252 2.109406923524326 3.9978874304356 12.17105048000746 0 5.477241424777526 13.33697524100647 7.250859376156808 6.575300535052319 12.12932332890509 4.856245402086428 -1.173454858015479 0 -6.927585342471763 21.16587260912596 5.461495319469595 0 0 8.13626670832552 -0.7583099691583612 0 3.316694171980572 -12.37211459896145 6.294883227973337 -6.338445838803539 2.360251253415152 -7.104645091630676 0.1089322436859899 0 3.503390218902692 0.6959120035440911 0 -2.928748895265918 -5.143114072588329 0.4047101298413622 -23.57986409418658 0 0 -0.3276443709773447 -11.49293977811648 0 -4.951771868269958 -1.231001244875721 0 0 0 -15.23251471652043 -3.859478631065004 -13.18655520257732 0 -10.97297283510501 0 0 -0.4219456538930148 -9.338477487202249 0 0 -0.8502406064803272 0 -15.06366917149861 0 -7.234232285139468 -1.391490627335795 -13.17696799175557 0 0 0 0 0 -2.425206678472616 0 0 -4.326008762624724 0 -14.22609892467808 0 0 0 -3.373218008899349 0 0 0 0 0 0 0 0 -5.613691492673814 0 -3.330498607664069 0 0 0 0 0 0 0 0 0 0 0 0 -2.264209386244293 0 0 0 0 0 0 0 0 0 0 0 0 0 0 -0.2634294130846816, -0.3245988828444588 -2.243929549121312 -5.139618952991215 -3.89042055018183 -3.003184367326976 -13.33619006525774 -14.71197749160252 0 -7.943071206868494 -20.7350784958213 -14.89668248286078 -15.89404859253291 -6.478613681234434 -16.08472784378294 -34.42133010874311 0 -2.304189114883937 -28.5440577296287 -17.71151160711815 -15.67566476625103 -10.19918123689553 -22.38492165311287 -17.54178813876214 0 -12.68440951001223 -6.923262739113854 -14.9144366454744 -2.428453388310875 0 -21.87883341055561 2.723070217348226 0 -1.686402339343526 -6.31660804194206 -11.56614263085742 0.8706388943482755 -2.965835055110871 22.48075689505775 14.52276051672819 0 18.16188262155356 24.16845911469016 2.313204872954076 -6.805056793702058 13.08883623980834 6.374834578912131 24.28715244191321 0 -4.678908501674318 26.20945841392481 21.20487391468735 37.29362278448636 9.706531647379343 46.73600552660957 58.9643087807705 0 7.610913078963188 12.67177275892642 22.73958892817506 35.46317793751309 0 1.548083639873208 45.8165941640986 0 5.521246692458416 36.62114616124855 35.27494631583308 12.80144280371315 10.31083268614391 56.36837704489269 -9.849499603706093 0 15.10445710592197 12.61588018873899 44.10040281945203 6.529503120402653 -2.544034684292577 3.709928155879723 7.140028858461726 0 8.696169009537726 11.5337563018943 8.618169381651779 -0.03369280751588732 14.51522541595815 -5.146748406623576 -22.02672631715541 0 -8.907016042302434 3.829555855053122 -1.546823386957783 0 0 5.140684647655401 -9.890449102280567 0 1.953972528935652 -11.17024179501068 -5.859764420656382 -22.27522653268316 -3.680426371101715 -19.10881026997279 -12.15419757198489 0 -5.425931336249748 -1.109898075632104 0 -8.763750537469591 -3.604721636024025 -4.464032629045136 -15.62965324897447 0 0 -10.72808963286941 -28.65645286891549 0 -4.674172490161902 -15.37575648083311 0 0 0 -8.139901142620538 -10.31425515695656 -6.641994593355152 0 -5.919064865949672 0 0 -3.449556855592681 -13.14141304297986 0 0 -4.922263897675599 0 -6.48664541661501 0 -3.245168932844681 -3.194942632399533 -5.736956741364811 0 0 0 0 0 -1.874539870327305 0 0 -1.58933195400176 0 -5.280317672567509 0 0 0 -1.319089085232723 0 0 0 0 0 0 0 0 -1.762367656638549 0 -1.068145293524704 0 0 0 0 0 0 0 0 0 0 0 0 -0.5693762794744293 0 0 0 0 0 0 0 0 0 0 0 0 0 0 -0.03936461360772581, -0.9750040186838369 -6.15868934827115 -12.89059064351823 -8.948378587103926 -6.941703203695331 -28.34748245038721 -28.91931202586223 0 -14.4183507864305 -36.33292988356261 -27.98859166476837 -27.71754454690417 -9.602657901214727 -25.57897523563138 -51.34233105223818 0 -4.62772328718383 -42.18229936580656 -26.8161898187444 -19.80106317262957 -14.51850614533137 -29.5981292383403 -19.92941633893609 0 -14.42234740182775 -7.339276933101917 -15.2424682480398 -2.279140703634752 0 -19.60969950385408 6.076027464454183 0 -0.3221584102049153 -2.138309352781705 -7.581688436754647 6.75615578409121 -0.03647568410743851 28.70021823125272 24.3271669067072 0 24.35834356586675 39.44052957959488 8.160862841234644 -6.29472209475689 17.49333665825308 14.10794391552982 33.5172798935598 0 -5.046368717731216 33.65212221510028 29.82228683818648 47.52126499861344 12.88817213708003 59.8129947695589 74.21568904729514 0 8.209961184856372 16.37444299156821 28.96662002489085 44.2053434391871 0 -2.81116611901819 49.31035857152997 0 6.78290481677238 39.31803640490416 40.86558492997568 12.8680863003306 12.0713760579208 64.0350067141225 -15.6878287793325 0 15.48987824142099 10.14086184096957 42.02908141422017 -0.8454977628499254 -7.935100387913031 3.099927175438445 -0.8653223399721144 0 9.743662610715607 6.380599986511195 8.707910117819139 -7.242466533325793 14.0130198158096 -14.85359668300792 -40.05973662809853 0 -9.277255953739262 -16.87172529112931 -8.379911224618207 0 0 0.4864075054355705 -19.47020530653209 0 0.6514580421996407 -6.721617156579009 -17.35940808908367 -34.05006395364559 -9.334740784992391 -28.54693257012966 -24.13229280895574 0 -14.76447203605394 -2.084968023622648 0 -14.94512313201892 -0.6085497721416022 -9.73472023945178 -1.511481940647469 0 0 -19.4540264035958 -41.55866333055988 0 -3.539941758275697 -28.94953563889218 0 0 0 3.656644534451153 -17.18910826036086 3.043961458795743 0 2.04753324426428 0 0 -5.933038552227144 -15.57418841272265 0 0 -8.757165969911606 0 7.484157699333827 0 3.087771641603757 -5.110107373116469 4.752941384864899 0 0 0 0 0 -1.227474622068098 0 0 3.325584894812911 0 9.163678701552552 0 0 0 1.482252551966757 0 0 0 0 0 0 0 0 5.482755414616031 0 2.605433393453779 0 0 0 0 0 0 0 0 0 0 0 0 2.898336816018582 0 0 0 0 0 0 0 0 0 0 0 0 0 0 0.4950999602334459


GFLOW: 1.7 0.009729500202237848 0.009750261762648763 0.0110266023904849 0.01104705956622685 2.998198598909685 2.998195277995256 2.993164314037859 2.993150880086079 0.001169833237759186 0.001946854559690951 -0.001348651361474097 -0.000360309967157872
q-corrs 32.17216845516651 161.1847384941316 268.8450504963812 149.2647007091859 93.08436358708377 309.0138239760855 255.9940201847889 0 87.11838945242623 179.0518919838815 116.8983456273819 95.5105727466528 26.09379577139624 62.39351933721758 101.0101602232157 0 7.070870497179181 47.72216401156099 26.10152361863676 14.54935807462784 8.620721724321331 13.01700312069362 6.869673411681879 0 2.244872262454089 -4.301667980135807 -13.28560010668657 -9.408407945886207 0 -11.47284292037097 -17.65537613141046 0 -2.967096419487081 -10.8371403592132 -9.437316186645008 -15.89601402057413 -8.535304577357817 -25.33824546097695 -31.77342728047551 0 -21.90219263070874 -47.9515490374687 -15.50055332938503 -1.035309493126757 -14.72738559340487 -26.53271005828078 -33.03966193870099 0 0.6186947614686236 -31.09106312752703 -43.0124425935104 -44.73553705761465 -17.07539536182157 -63.00081057631889 -72.3556366833806 0 -16.94513402940711 -23.20217574451448 -30.41835690591218 -54.41689387097156 0 -19.33476069326617 -63.84868189200165 0 -5.612122573510451 -62.72514099372996 -64.11323725593742 -10.5962937586998 -17.90335744588194 -65.13272642240165 -1.50948404072793 0 -21.62957000482675 -29.33592621381072 -61.58587367873978 -33.75493671720523 -5.989020645984525 -15.69561947176398 -19.6187775059628 0 -15.43529151144809 -23.61893552545912 -6.591488045442848 -1.14931537066979 -16.99775141664023 -12.50585234217531 -16.06877815714141 0 5.71081040266584 -25.8216768562488 -8.133178844191388 0 0 -10.85247843614176 7.757228150511689 0 1.201628051191906 5.071444874566502 -3.270157717989124 2.766056998669339 -6.138987650991274 7.231893966272213 1.089272673998574 0 -3.527233119199771 6.787200249373442 0 8.850520522905018 0.4137774607707307 5.282631805701142 11.8721153201529 0 0 -1.59432461878392 14.6699722447919 0 10.214425773577 3.476927735109101 0 0 0 -1.979998618694148 11.21793351082614 5.491392861934264 0 6.580045888191512 0 0 0.05232847953153152 14.61924940473702 0 0 1.625647444228736 0 -9.091092825724441 0 -1.518509350687587 3.49591464568759 5.651877777321611 0 0 0 0 0 4.06296601999877 0 0 -7.499067498132622 0 -11.70550395871888 0 0 0 1.411567615438756 0 0 0 0 0 0 0 0 -13.83746987536451 0 -3.731651630972546 0 0 0 0 0 0 0 0 0 0 0 0 -8.470180759007766 0 0 0 0 0 0 0 0 0 0 0 0 0 0 -1.720525310536718, 26.87546789186035 134.3718193704481 223.5614455880626 123.7447851506962 76.99709792775268 254.4968145605087 209.7204319136287 0 70.49994675846973 143.8741667765281 93.77090669470003 75.64687007213936 20.11237600341407 47.75802140706574 75.47005329443174 0 5.338622289948884 32.90862781869891 17.02986861707659 8.078932401899777 4.204113127587556 4.830177576999946 1.942020375519483 0 -1.095150114774879 -6.892011350559168 -18.12300083445253 -10.13506456149927 0 -16.45121587222587 -18.01290257821547 0 -3.773982791619091 -13.0394383094172 -11.95219511224518 -17.03431714065061 -9.170146493162267 -21.88127953726316 -30.27935639913904 0 -19.54134515548486 -45.52501167687542 -16.27177649305511 -1.850602180475073 -13.2628615402371 -26.13671265148458 -30.39247758053316 0 0.2659635667701474 -27.81846902496275 -38.96485858684607 -39.63324569177166 -15.66742061959279 -56.51300614688493 -64.19101249985312 0 -15.28701979090492 -20.72460677290554 -27.23131659006778 -48.73176010716465 0 -16.56271084687746 -55.04000986703237 0 -4.865204124322526 -54.70570271088599 -56.54485318304712 -8.724017194635309 -15.85401307315026 -56.46213228020497 -1.438603828177568 0 -18.0209983597197 -24.49302429423201 -51.90508729876802 -27.69579503647574 -4.497499680157256 -14.30476411970118 -15.68091018879012 0 -13.52498639943718 -20.30299203714859 -5.381283443006652 -0.4544202681436538 -14.30079439500502 -8.038738356571573 -10.1592416830137 0 4.097867822402663 -18.46602375022525 -6.553177191066681 0 0 -8.508348744724092 6.707908071516234 0 1.290511470079887 2.855721141114401 -0.2802257888767046 4.811396005949094 -3.699291929727758 6.803403141559546 2.772521339393534 0 -1.544075942846687 5.605753149263273 0 7.546470746093844 -0.3470488662816257 4.640900168330928 6.425855170476028 0 0 1.006603433793296 14.49591180474095 0 7.679257674545382 5.068503472775744 0 0 0 -4.19612758437825 9.584337719754471 2.295622251435765 0 3.643289535844485 0 0 0.7118440336843354 11.99423181059526 0 0 1.976364046788698 0 -10.62907307193083 0 -2.613965783942048 2.983101338130457 2.258639268659149 0 0 0 0 0 3.022933304374 0 0 -7.399143409958233 0 -12.96217742176778 0 0 0 0.5157848033643739 0 0 0 0 0 0 0 0 -13.30424168269315 0 -3.948647493873974 0 0 0 0 0 0 0 0 0 0 0 0 -7.960966521691066 0 0 0 0 0 0 0 0 0 0 0 0 0 0 -1.58503878899574, 15.61156984804862 77.44394678744678 127.5920629827994 69.76833230977115 43.0564625805697 139.7482135566185 112.558350587063 0 35.80143495248345 70.63915922976835 45.86790880224762 34.59355836093421 7.73203763235227 17.64624094724632 22.93555913402844 0 1.903009417153521 2.803242163558707 -1.309835385569241 -5.291383533154384 -4.730749321948556 -11.92614163259915 -8.438396817411014 0 -8.174345294127232 -12.23634555334124 -28.06208222185447 -11.35381112753262 0 -27.40447037019364 -18.62697234148108 0 -5.661772128951881 -18.25746209896882 -17.85737269362153 -19.88865091165626 -10.68422449844957 -13.66391470967297 -27.01708467558985 0 -14.00031818230768 -40.27028339817592 -18.58210498521873 -3.914067109700515 -9.967257300588209 -25.69813274843735 -24.45747955882101 0 -0.5720606328856559 -20.36909799453208 -29.43076771335117 -27.68666825361001 -12.63104594013876 -41.52051945237361 -44.98558727724045 0 -11.70344573778058 -14.81128622520762 -19.66436928332524 -35.28055463145127 0 -10.59562366809028 -35.3307465772905 0 -3.025725920795433 -36.04236627735529 -38.60499956066568 -4.367819019161178 -10.64312748577949 -35.94055371452549 -0.9294744296271436 0 -9.944828226604233 -13.73464158960689 -29.49776548621964 -14.32609331853567 -1.190692888127268 -10.23461238593431 -6.692302716307989 0 -9.101275242189976 -12.00164790633226 -2.538366020341976 1.710452054108406 -8.005888443037456 1.184902435142218 2.309502288393776 0 0.8929902012941713 -1.969526278248459 -2.27565170928565 0 0 -3.13236423012544 4.999798704567539 0 1.681962074240682 -1.659340963402719 6.123594132662041 8.891759765726471 1.325968509761662 6.178884630954768 6.24091515564839 0 2.781605306801282 3.433145031737123 0 4.887377675891559 -1.858927321379443 3.530653050200759 -4.634290788403773 0 0 6.081431119674451 13.72850658934219 0 2.519499553567159 8.225906210031383 0 0 0 -8.365749010904015 6.145378474463609 -4.159370051793802 0 -2.303762828737065 0 0 1.968746739570967 6.288244654433663 0 0 2.62556567862209 0 -12.94658889713093 0 -4.614376711387816 1.873413455498437 -4.571314166384081 0 0 0 0 0 0.8209202625829797 0 0 -6.615417563737072 0 -14.48499997683783 0 0 0 -1.280729178541547 0 0 0 0 0 0 0 0 -11.13976190196675 0 -4.06500603028232 0 0 0 0 0 0 0 0 0 0 0 0 -6.260221615156517 0 0 0 0 0 0 0 0 0 0 0 0 0 0 -1.173732983274902, 6.24110048414178 30.3509400365368 48.70243742304886 25.70739405853497 15.56602123622853 47.59962539041449 35.23611090797404 0 8.768816616993732 14.18698704887501 9.494483688999834 3.778647190601617 -1.525895161418948 -4.33760032547139 -15.16740704166149 0 -0.3223752343438766 -17.86224632683076 -13.41320001416198 -14.62125721683088 -10.38408008371715 -22.87264367599332 -16.06868757048592 0 -13.23842327882134 -15.17331962480357 -33.16010438741224 -10.90112599199068 0 -35.06277204882178 -17.2240245399753 0 -6.994185052985791 -21.92695382499687 -22.45651303189669 -21.20770742697478 -11.5225000688783 -4.272300987269571 -21.97815517713999 0 -7.306313826043915 -32.47841526343696 -19.92945767688932 -6.041405822126657 -5.963606390768852 -23.96570231800489 -16.7783416191858 0 -1.543549851393786 -11.45987645544227 -18.03684189220015 -13.51413459127118 -8.937538944871052 -23.48001065631521 -22.10991761499752 0 -7.660444140359997 -7.91674678262285 -10.43851648072812 -19.12877609667619 0 -4.933689131741847 -14.22563205084567 0 -0.8171354689618564 -15.14861109883686 -18.03873372491203 0.4216981224718053 -4.259440382044254 -12.23503730548005 -0.2087923461092682 0 -1.785624348537275 -3.156654623986222 -5.429387223498249 -1.847459862463211 1.732574654914477 -4.702962610589507 2.238225226013739 0 -4.172374204567474 -2.195693904636524 0.6072425219364255 4.596481440430157 -1.102502461930931 7.836091735654504 11.03208263992646 0 -1.73325713776655 13.10981835519474 2.672473102651963 0 0 2.215656388551404 4.183409624162477 0 2.31494146126201 -5.569077074694974 10.85331179406785 10.31126533168912 4.853956387895686 5.171128130418719 8.273463375214499 0 6.219642593750059 2.044413564111136 0 2.653618093266655 -3.108640883636248 2.913061739739564 -13.58436791792789 0 0 8.674556695254154 10.78628744966148 0 -1.477427878021709 9.642692542913258 0 0 0 -11.34824495735281 3.096079739289754 -9.162778524110275 0 -6.973600440414173 0 0 2.506970265212914 0.8733183315266011 0 0 2.74671582424519 0 -13.71569911065649 0 -5.909589886899896 0.8418999258285068 -9.75335841388519 0 0 0 0 0 -0.9906812423101412 0 0 -5.200124221205492 0 -14.24769554476376 0 0 0 -2.619771452047576 0 0 0 0 0 0 0 0 -7.921507089530063 0 -3.689906179065552 0 0 0 0 0 0 0 0 0 0 0 0 -3.979642051218433 0 0 0 0 0 0 0 0 0 0 0 0 0 0 -0.6569541035369922, 1.693919720369388 7.841258690767685 11.64677294791487 5.420651316905802 3.140014148345383 7.041426347892112 2.203193158929051 0 -1.968126529242175 -7.441951266988501 -3.987685501460842 -6.98992074587596 -4.553638688794435 -10.80469926727396 -25.69129321610598 0 -0.7209395327058512 -21.76979842469449 -14.65821802845358 -15.86959221660389 -10.1741199671031 -22.77526834487674 -17.49207230580549 0 -13.60523763777123 -13.05341013652233 -28.1623143024998 -7.82664510556836 0 -33.23806304836836 -11.49667797188038 0 -6.23084388588814 -19.51225718642496 -21.47047359746753 -16.79241974830541 -9.953601695862595 4.666105072777913 -12.55423225744974 0 0.3586835349497826 -18.17038065625653 -15.91344099160958 -6.970533905471953 -0.7139286082253973 -17.03875543704094 -5.557292439722568 0 -2.520501483224559 -0.5377139185954007 -5.553508127858017 2.13978111794589 -3.628687805713195 -2.117664322891819 3.137054718915866 0 -2.663611165070563 -1.019007495952657 0.0130777552617638 -1.345441607136854 0 -0.6092139143181861 6.631111628320244 0 1.325597229752706 4.73758181718577 1.729012337026219 4.81542678965458 1.577891757406897 11.32907245625646 -0.8161874935105615 0 4.951684992968449 4.898397372281735 15.19985559945025 5.931113831581632 2.812418971255744 -0.1553808418778999 8.022072365396323 0 0.589055613256444 5.884096710714084 3.444207705777336 5.991432685408496 5.031879724984119 8.565698884474092 9.585346805993412 0 -3.917300532204271 19.89225003118754 4.976685991364239 0 0 5.609654786782201 2.835460514799543 0 2.62530966145764 -8.600830749167057 10.46915182732987 5.345880562942105 4.943395048417712 1.305395154134851 6.46633831937339 0 6.429248661915167 1.086810800968377 0 0.6574209021655397 -3.999075514594442 2.150730240591185 -18.77677273262431 0 0 6.38175531601107 3.139599204478104 0 -3.514790419174695 6.851844594560923 0 0 0 -13.02158836007178 0.4976922138694473 -11.45861133707368 0 -9.315851186425512 0 0 1.689219147751308 -3.480010755895092 0 0 1.725740708837627 0 -13.8236436301824 0 -6.483988592053597 -0.01506490698160823 -11.86649489456387 0 0 0 0 0 -1.826547132817708 0 0 -4.298207764461258 0 -13.59268819555822 0 0 0 -3.112351668516753 0 0 0 0 0 0 0 0 -5.922047012455382 0 -3.312086957586141 0 0 0 0 0 0 0 0 0 0 0 0 -2.602575743802721 0 0 0 0 0 0 0 0 0 0 0 0 0 0 -0.3534241399980736, 0.1890897188204486 0.5078189496014436 -0.1868530551614256 -0.89503312010645 -0.752377223609243 -5.163621737834018 -7.234922698674231 0 -4.680062475946068 -12.67684139156201 -7.736893205495153 -9.488271241871661 -4.861055389351488 -11.25782359007073 -25.55149684891571 0 -0.8913020588748086 -20.60326462265932 -12.90295691939487 -13.83047110789408 -8.232389573287275 -18.87851698977121 -15.89593080287322 0 -11.67980648940825 -8.606106598732651 -18.47957524573277 -3.950806847314675 0 -25.23967712304553 -3.206412512098916 0 -3.814168335073206 -12.17258657488271 -15.80443882307139 -7.507756085190778 -6.313356189942246 12.92007746149782 0.8331670068285666 0 8.797303893356 2.296903415639242 -6.820157359251967 -6.622286629796164 5.785106339219419 -5.194139507509487 8.895895719875302 0 -3.451496566622025 12.14312745893558 7.400050665245121 18.65083096563727 3.084941396143245 21.59918903738002 29.64483555459563 0 2.855352369644914 5.565854825473993 11.10728863660993 16.88645708748823 0 1.799512544337899 26.37984187602651 0 3.246252592307326 21.71167386397429 19.04233199989991 8.464516669794438 6.026686670570639 33.00672318999653 -3.993678115207343 0 10.21523291428273 10.06746520769229 30.43196963106903 8.494365692885156 1.428400025413929 2.016480072724423 9.280816007383951 0 4.863596550152071 9.911606990140156 5.738222829125591 3.959107564432633 9.761387126810851 4.039364444903618 -1.682743243393853 0 -6.24080971409364 16.06942432088147 2.821378487256823 0 0 6.257394866760349 -1.572899995563519 0 2.174024335600481 -10.4613998404 4.501432839668973 -5.567637305411592 1.985141896151797 -6.704342726668102 0.06452584072658762 0 2.596397960351621 -0.3368776847713457 0 -2.566680551377464 -4.205949325205527 -0.1432816796951615 -19.55633843280421 0 0 -0.03345080614240237 -9.417469768106788 0 -4.467621713026949 -0.8843566936289564 0 0 0 -12.25779553448903 -3.186178115786575 -10.59032336043933 0 -9.056054725755024 0 0 -0.2561571082794917 -7.42569671277713 0 0 -0.608644613716157 0 -12.0040306877538 0 -5.795090157514037 -1.091949251022335 -10.47874827439404 0 0 0 0 0 -1.919169904379162 0 0 -3.495494665548813 0 -11.32738976181112 0 0 0 -2.654162949853061 0 0 0 0 0 0 0 0 -4.605543730340238 0 -2.6567833785955 0 0 0 0 0 0 0 0 0 0 0 0 -1.915853146416621 0 0 0 0 0 0 0 0 0 0 0 0 0 0 -0.2392187665182029, -0.4967830687851817 -3.177555220107971 -6.778669649742513 -4.816935094639055 -3.598963922326295 -15.22532337156064 -16.09131711812331 0 -8.262119035535893 -20.98233980250364 -14.92410391619206 -15.55597201631839 -6.183347865807008 -15.39672854002627 -32.32789272712674 0 -2.110108305220623 -25.91912654681522 -16.01262271009751 -14.25394225428113 -9.046532433454653 -19.64184022971017 -15.64958381229018 0 -11.02044437293976 -6.055612537111601 -12.60892116079096 -1.630013189488954 0 -18.56141387415655 3.49181113671011 0 -1.541746797100973 -5.11342888389278 -9.854136372529645 1.439574443692894 -2.519002386605795 20.20941466186119 13.81978510264279 0 16.5609011710154 22.2446282506395 2.109954914106427 -5.842886996205619 11.86750846100096 6.240414905853443 22.16791132303144 0 -4.137201273133099 23.39533995445611 18.84709789985699 32.93097274795058 8.760638600271394 41.80297598867337 52.26861729299485 0 6.636264362967227 11.09065451549971 20.4992361908756 31.62358355637615 0 1.182967517201633 39.74271337912673 0 4.854366893321947 32.33241231691268 31.28699680679866 10.63207798070903 9.104005038815618 48.88421523286578 -9.027084582802859 0 13.31449661398635 11.59992357021189 37.75708054589128 5.999941609454846 -2.240264352111373 2.536195409074864 5.687185290458801 0 7.78698292629019 9.177289285780521 7.085744660105574 -1.204015098508782 12.14112826488395 -3.64420084023452 -17.81502179954666 0 -7.939533964175338 2.845689964033899 -2.401136956660329 0 0 4.099664250618131 -9.260747996939312 0 1.17518424226878 -9.453529679172618 -5.042388221761932 -18.17139606137192 -2.686797477464591 -16.52683073157969 -9.788738473620782 0 -4.508063638180753 -1.827787507490436 0 -7.549583527308969 -2.888601846867659 -4.243654800866119 -13.1995249465769 0 0 -8.252508737434212 -23.40373284329322 0 -4.520478051876309 -12.25590387435937 0 0 0 -6.172387994767655 -8.690360410802104 -5.324473320400724 0 -5.041945066792753 0 0 -2.659192295709357 -10.84413642949259 0 0 -3.885343961641213 0 -4.357655085544488 0 -2.373609695502287 -2.627032282441204 -4.483211745324772 0 0 0 0 0 -1.587861348667138 0 0 -0.8041966484153875 0 -3.240740888756684 0 0 0 -0.9914331736014855 0 0 0 0 0 0 0 0 -0.6264015749534813 0 -0.5672411857401121 0 0 0 0 0 0 0 0 0 0 0 0 -0.0227684917983127 0 0 0 0 0 0 0 0 0 0 0 0 0 0 0.04717071634606995, -1.086139036245603 -6.650253615469643 -13.53077028847817 -9.153258138563167 -6.906423915268793 -27.69684440462855 -27.77083310855883 0 -13.48806464372353 -33.42357560444768 -25.2426990479929 -24.81181474038884 -8.615481899629138 -22.76856636146218 -45.33158210001918 0 -3.873736041245508 -36.145268853915 -22.80247943979857 -17.29815996176297 -12.18426656672754 -24.74441842302418 -17.29832013474312 0 -12.09883998105162 -6.112082122225035 -12.10962757495385 -1.111986472601604 0 -16.00709835343501 6.855692471785675 0 -0.3761261812106871 -1.263735155987346 -6.278824997383436 6.715254506070218 0.0604041387029377 25.60329862611888 22.66307153248926 0 21.98440849255375 35.72312726366162 7.259202660500273 -5.237032474738398 15.8872810192747 13.28364903211602 30.50909251009111 0 -4.43390096338179 30.44239962887316 26.8312158962688 42.1077589679786 11.75294128524605 53.85036944588818 66.42746426307436 0 7.785814688848406 14.73848854140238 26.21113953741756 40.03388557915117 0 -1.493800735371023 44.4032711345478 0 5.987872812850444 35.9918653011708 37.37938082535233 11.17882912884487 11.04275813207008 56.80212041787299 -13.6309451974372 0 14.14987251719132 10.29385669581824 38.00479882683038 0.9170301977726993 -6.458768040782824 2.57951252609128 -0.1807727772378409 0 8.992357038686906 5.783854061337787 7.423963340527015 -6.801950226637322 12.26432941569549 -11.14205873770389 -31.92014109396099 0 -8.434884577081821 -12.90447580071649 -7.544560350339067 0 0 0.6864380522231233 -17.14138339937098 0 0.2182870377538376 -6.111162813998092 -14.07909782336836 -27.68866575707554 -7.083364994264937 -24.37399730535333 -19.34357907115079 0 -11.86396719850471 -2.676742790520621 0 -12.66569501011535 -0.5464495802625311 -8.552671428096721 -2.434164907358253 0 0 -15.21974633958262 -34.12878519008824 0 -3.886966130580008 -23.09556864601591 0 0 0 3.189145144739244 -14.35964136171925 2.169167769226339 0 1.053722907441344 0 0 -4.654362847245713 -13.1507512153667 0 0 -6.953798532630635 0 7.016507565638891 0 2.677523424858607 -4.202603779470976 3.674409551619105 0 0 0 0 0 -1.161169763707585 0 0 3.385622228653848 0 8.642933295505511 0 0 0 1.200988197908946 0 0 0 0 0 0 0 0 5.688347105145731 0 2.496637888376607 0 0 0 0 0 0 0 0 0 0 0 0 3.091395249118553 0 0 0 0 0 0 0 0 0 0 0 0 0 0 0.5476011403502694


GFLOW: 1.8 0.008785810855447343 0.008808853405458884 0.009898926665266202 0.009922194627560223 2.998382318192489 2.99837853603645 2.993844340123273 2.993829193434075 0.001594692622911452 0.001978820960914066 -0.0007564377655100171 -0.0002097448943730133
q-corrs 25.90534647653085 131.0212226746918 220.6728088541817 123.7570497595516 77.9594970416475 261.64242554107 219.2279517441506 0 76.4744640886627 159.2035148515903 105.3031619109106 87.36976459997226 24.29070506922951 59.27538100414969 97.75994572607392 0 7.237540516467753 49.95893560425763 28.7551378928872 16.6015558682396 10.93926700558094 17.3810861961057 8.684635069400848 0 3.957988646550569 -0.9848878218911001 -6.289615501006121 -6.568395375109432 0 -7.366614814173397 -14.04808773739284 0 -2.043040413515179 -8.643699951363391 -7.945488229788221 -13.37901377138372 -7.441798119884091 -21.98059872828553 -28.53817657546269 0 -19.24189381360022 -43.06997162772414 -13.3515373530409 -1.82470586815405 -13.45397415031026 -24.18453329019363 -29.35159598640212 0 0.06828094946761087 -28.45245776527764 -39.70793363975703 -39.08240706852929 -14.66458455080052 -55.01317536294395 -64.94986725862316 0 -15.59944523589712 -22.16125109022806 -26.40792096544187 -48.50647326345813 0 -18.22455847816163 -55.58000571772153 0 -4.898518303070418 -54.14544091274627 -56.66016475098338 -9.958039171553665 -16.97874887172235 -57.19716657843806 -2.792823379593912 0 -18.53352773986815 -24.60770952359594 -54.10703821795198 -28.35777852743916 -4.886633057407563 -16.66297140364536 -16.6250998492802 0 -13.03411286369781 -21.71631122903969 -6.034741672831547 -2.237232513808841 -14.79553029266373 -9.72171736951724 -13.54358010127204 0 3.653271955613401 -21.66345775330813 -8.767870334346691 0 0 -9.131207856983311 5.70958141782916 0 0.4567912979769371 2.857996225890614 -2.835137464358064 1.937428917168686 -4.714993384734852 4.633093319577218 1.419275039890581 0 -2.586850328107991 4.585160379511962 0 7.032256052257994 -0.07126649627070969 4.026452761800448 7.350955274805045 0 0 -0.7828888886212853 11.45192487967059 0 7.444269093565 3.443025634605582 0 0 0 -2.678618172566447 8.961438592472639 3.29878798322089 0 4.244714310765829 0 0 0.1913085157032152 11.20674445338277 0 0 1.497814564820344 0 -8.288201201507054 0 -1.733291728415999 2.799475341522563 3.404415982265931 0 0 0 0 0 3.041257886431319 0 0 -6.265605680182393 0 -10.34322259425263 0 0 0 0.8338448759530868 0 0 0 0 0 0 0 0 -11.42110188664028 0 -3.224797181074354 0 0 0 0 0 0 0 0 0 0 0 0 -6.921698313175038 0 0 0 0 0 0 0 0 0 0 0 0 0 0 -1.393935548730131, 21.85146101924624 110.3133121250124 185.3789942568092 103.6828204868006 65.18631207098058 217.9463982972495 181.7870431502872 0 62.76560731712343 129.8974352426132 85.80544171270753 70.46621345966639 19.17195358614131 46.58080784170875 75.43473818555643 0 5.635425707595225 36.51065562531419 20.38722281135873 10.73265130097955 6.784153609310552 9.695753901957662 4.198977708051458 0 0.8524794112022549 -3.540626873290542 -11.19037329433137 -7.538674841278436 0 -12.10477100651545 -14.68653734284229 0 -2.781576825404554 -10.7089588659745 -10.24117908672788 -14.47409063000566 -8.091270624692736 -19.170557556197 -27.45828359464776 0 -17.27506691077906 -41.14050192310499 -14.06488270826666 -2.551018474205179 -12.23420884145327 -23.90292943499345 -27.11147937247507 0 -0.2371617576812577 -25.73818063170542 -36.34694149552388 -34.80487168045683 -13.50695992234205 -49.5705473771343 -58.09258326868012 0 -14.30725934125829 -20.08257327300077 -23.69957350014986 -43.73830944870231 0 -16.12721041765161 -48.55473814934287 0 -4.259077430640263 -47.62652425544177 -50.40586674918937 -8.475088862708702 -15.21594537798687 -50.05775111853237 -2.771709441361258 0 -15.64995553524468 -20.78473742853539 -46.39232656015133 -23.68573356124387 -3.779382760666769 -15.44239762696095 -13.61613036542714 0 -11.48512745989101 -19.06153805757972 -5.076400348208184 -1.72419333360357 -12.66092188339984 -6.373040402766851 -9.14568557381069 0 2.430595758559646 -16.10898163047846 -7.541700343054782 0 0 -7.33791711121846 4.881802352627208 0 0.5176317514728894 1.184418887561355 -0.6180366793279521 3.400571558469122 -2.887605110680247 4.271621742845718 2.629278916435013 0 -1.124353847095091 3.67781845036064 0 6.021993512181162 -0.6447016853496567 3.521879197169196 3.248375761397171 0 0 1.13918937520376 11.24164657992009 0 5.528518411342735 4.574474295695364 0 0 0 -4.341061549897831 7.700115461397268 0.9102820852129481 0 2.034923827178681 0 0 0.6771252827027533 9.217579951964112 0 0 1.742419476751083 0 -9.427629659904108 0 -2.552661947893779 2.404936627476057 0.8769062686530564 0 0 0 0 0 2.26270085514431 0 0 -6.184309188133596 0 -11.26407186227125 0 0 0 0.1695342347057087 0 0 0 0 0 0 0 0 -11.01050619375516 0 -3.379949817356938 0 0 0 0 0 0 0 0 0 0 0 0 -6.534629247651992 0 0 0 0 0 0 0 0 0 0 0 0 0 0 -1.291702259650167, 13.07778812905164 65.55955327826946 109.2222988550974 60.44075248119395 37.72909247121648 124.2023976538627 101.6237275303043 0 33.54829801705863 67.58510129474135 44.51551748029916 34.73294694743231 8.339375359528461 19.84273449358759 28.4273175588996 0 2.353139672662756 8.476195548114056 3.022335459064112 -1.647524556691701 -1.826413835276532 -6.352527981409992 -5.388714171892595 0 -5.787342505963641 -8.862423895398281 -21.31412329103927 -9.287155992816697 0 -22.38638576417947 -15.75561470930003 0 -4.463633222446555 -15.38881779301848 -15.44871734102195 -16.95878627265023 -9.513885289274958 -12.31311895939422 -24.73691783654258 0 -12.48832148856627 -36.45605211933764 -15.92743005313363 -4.29705591374728 -9.327794586500101 -23.31730395755031 -21.78140707539433 0 -0.9500860900420789 -19.24745981759274 -28.08435366860063 -24.49450372864659 -10.86981354912284 -36.54634385111507 -41.41911485263905 0 -11.33029296707043 -14.92230072115947 -17.09785284207766 -32.08768587080456 0 -11.39902085132067 -32.29621109384595 0 -2.666790833066709 -32.06612406514817 -35.20109401105528 -4.90566944682078 -10.65169505678967 -32.73390979036679 -2.418175005246832 0 -9.026692240132098 -12.08699644132857 -28.06858662775293 -13.14671317047553 -1.278503942091166 -11.81327490679998 -6.598902287407779 0 -7.812328963689752 -12.25342347417284 -2.759137814072941 -0.06232743699985743 -7.551536764531962 0.6411804296963028 0.2739506328782824 0 -0.02102520899322524 -3.406945448191377 -4.133137201991877 0 0 -3.142996897148567 3.519641172072123 0 0.8123498214916736 -2.25919624111313 4.202753764712869 6.343207754918284 0.9275324759605832 3.758603128827716 5.148056743348708 0 2.112306840902313 1.992622003767747 0 3.956812845847493 -1.798150901635434 2.643838336039552 -5.156454897053376 0 0 4.920945566737023 10.51921919466114 0 1.606066748247053 6.837145608789275 0 0 0 -7.518435768869812 5.043090536463608 -3.949309777052105 0 -2.477827599646548 0 0 1.609108241841049 4.890737499551533 0 0 2.196078632021337 0 -11.20020566655658 0 -4.074978041564967 1.551816108395383 -4.244081740069764 0 0 0 0 0 0.6113031220094645 0 0 -5.615082053561984 0 -12.43116295388469 0 0 0 -1.170384892530541 0 0 0 0 0 0 0 0 -9.419512994908574 0 -3.470759285730556 0 0 0 0 0 0 0 0 0 0 0 0 -5.279826650263768 0 0 0 0 0 0 0 0 0 0 0 0 0 0 -0.9880425871297982, 5.498843207261777 27.07971159432748 44.08017677328181 23.66203652182065 14.52017372741018 45.49968010457232 34.79954956601753 0 9.587633429061698 16.8943227996821 11.30209494225551 6.237350983954729 -0.2739519328858901 -1.046985118852623 -8.11025545186625 0 -0.006433330987367258 -12.42896423221679 -9.559524639107487 -10.96528162435033 -7.852086515300944 -17.77901687335656 -12.8360549714309 0 -10.77245286306688 -12.14696926296409 -27.18274282923851 -9.424615199001131 0 -29.62335456838347 -14.7496872791957 0 -5.651796225473039 -18.50995571511758 -19.31672563357281 -17.84274757766543 -10.18051822932265 -4.126831802501901 -19.85421110112933 0 -6.432779510643292 -28.7911516313048 -16.71513287269963 -5.93792298320413 -5.542089027544345 -21.13682586817243 -14.50759810301116 0 -1.736786588511865 -10.98124248704286 -17.61850426887329 -11.8465470860717 -7.484827956124128 -20.26899837475699 -20.70613245053893 0 -7.624217983920651 -8.527091767926198 -8.826850067034693 -17.52433308520061 0 -6.446826184704035 -13.91017019551145 0 -0.7314923792264781 -13.98776220474087 -17.11360071885484 -0.7377865286364447 -4.890418855338414 -12.00110873175986 -1.79712106209614 0 -2.012983559627093 -3.142519349115455 -7.48155771357159 -2.845791406687131 1.018262706222877 -6.686269951830607 0.6685328960395402 0 -3.576697565233697 -3.892833127410569 -0.06260365218596076 2.261787034371807 -1.704976488643654 5.894614000762817 7.144576804778239 0 -2.066403607814763 8.69058976652814 0.0009219491370373589 0 0 1.191743783490715 2.823914667137441 0 1.324413164065557 -5.27757552778409 7.894053515859562 7.353504334881552 3.704026324689285 3.021870799705721 6.629478909483969 0 4.756642670242072 0.8871137214128937 0 2.190009441408623 -2.761095644936232 2.132974842683824 -12.04674139252949 0 0 6.892574692579725 8.185298641839337 0 -1.486253213206806 7.826834931933233 0 0 0 -9.824775310557516 2.656613130033334 -7.750954657472541 0 -6.070290321362363 0 0 2.011952262254694 0.7559048596179383 0 0 2.259580123788457 0 -11.83059312554029 0 -5.080020964966495 0.7519769518767756 -8.159476443791338 0 0 0 0 0 -0.7567205821710565 0 0 -4.580980866187943 0 -12.30104276628983 0 0 0 -2.174164336077215 0 0 0 0 0 0 0 0 -7.054883993539071 0 -3.199569891163768 0 0 0 0 0 0 0 0 0 0 0 0 -3.600451676832865 0 0 0 0 0 0 0 0 0 0 0 0 0 0 -0.6073655693525424, 1.559031233131094 7.299662027984271 11.02057396855081 5.264917428471452 3.058180804743894 7.353038613890129 3.071379026668747 0 -1.251604383917299 -5.512976071480464 -3.08823149727293 -5.662317014149682 -3.726550761148454 -8.937489622354091 -21.42112914078405 0 -0.7132329873600053 -18.70910904534604 -12.58376929093176 -13.36617299587815 -8.682630191423058 -19.44456908693415 -14.93828876111215 0 -11.64568996359574 -10.98235549019619 -23.98257410581965 -6.946431811261182 0 -28.52496991355029 -9.73749927556398 0 -5.127065095933479 -16.46904713891119 -18.42356861681851 -13.91036051397142 -8.719657502518089 3.965248618070937 -10.96327732708835 0 0.5569036696850178 -15.46687618052242 -13.17033665751639 -6.477071427058109 -0.6243499639324641 -14.59189020321463 -4.26181564321838 0 -2.477756543646223 -0.8476057144497773 -5.927249058654686 2.098996437486018 -2.792341088439044 -1.187080275766826 2.26699801591181 0 -2.971293496123248 -1.896889507755978 0.4701782422665595 -1.425709527960821 0 -2.223990509048132 4.690644942488742 0 1.154840776759406 3.538227213264911 0.6303269102541567 3.276707306147761 0.5661589134131919 8.914566810663645 -2.099060473394687 0 4.007467472473391 3.981866111451572 10.87964715721491 4.039203581112036 1.936153612942009 -2.109556386657914 5.650690923146035 0 0.575456306510147 3.310893312961563 2.471934318485166 3.510238793727524 3.665409492364245 6.706107651053132 6.421867935539634 0 -3.780856152900784 14.63085905114453 2.237651790696914 0 0 4.09402140202167 1.631134266804912 0 1.627580679213758 -7.561453405837174 7.735425878474946 3.562149085095013 3.892896443283409 0.08480182559365268 5.15503625352688 0 4.94012228586954 0.1229330282342813 0 0.5088158968860785 -3.398308681214348 1.454654756513585 -15.93694284119782 0 0 5.152126952460662 2.213138655242304 0 -3.13362200505738 5.565815883202612 0 0 0 -10.92407744491788 0.5010749104528704 -9.410413668062263 0 -7.824820118207199 0 0 1.381203098515997 -2.668363206534239 0 0 1.437323493342275 0 -11.64990017243965 0 -5.424438760592911 0.05211158877602351 -9.658815526091608 0 0 0 0 0 -1.409768404756397 0 0 -3.775928058007317 0 -11.51473058447036 0 0 0 -2.513653167572341 0 0 0 0 0 0 0 0 -5.343795627913586 0 -2.832356330211652 0 0 0 0 0 0 0 0 0 0 0 0 -2.452404087858868 0 0 0 0 0 0 0 0 0 0 0 0 0 0 -0.3590039511080917, 0.08854689830182139 -0.03127263944550096 -1.117075741940583 -1.40624327429907 -1.138144310103948 -6.332168156246419 -8.020283405309982 0 -4.844059566613736 -12.83086298453929 -8.168141788028718 -9.530571542775217 -4.577766412530639 -10.81645033648857 -24.00661976438985 0 -0.9884366196138807 -19.22002402739678 -12.04769233765689 -12.47752340182584 -7.510114065155919 -16.97211190142071 -14.15034375189524 0 -10.30555372911801 -7.558172723326285 -16.16702950757443 -3.461466778541039 0 -21.92147761487337 -2.365750102459956 0 -3.250677394344978 -10.33418196117205 -13.64743256245895 -6.021320660152652 -5.527855889489343 11.53233948187846 1.168850888689768 0 8.1221149983174 2.68544678420194 -5.646300228489184 -5.952878639304316 5.245093512539018 -4.199003096826688 8.422950773947655 0 -3.163589443358076 10.61281697476928 6.085342930951082 16.56092673095927 2.939933580509503 19.51801678902345 25.98396530404973 0 2.079936234718635 4.41812905761384 10.15435942374483 14.83123083289114 0 0.5259517065694954 22.22100697254102 0 2.850411996076518 18.60460597889592 16.2778524745325 6.697419695702804 4.901446824283695 28.12700656856923 -4.403921729996034 0 8.787171677393788 8.759826433735675 24.8945336464514 6.793691626381436 0.8975766084674266 0.5658639123978126 7.048968589935713 0 4.3056483594411 7.281919410929957 4.565998770287345 2.069323391222401 7.895631848659456 3.383733988876652 -1.980402145319841 0 -5.615402651217992 12.18304969660822 0.994791299972313 0 0 4.822119621610651 -2.094450739449234 0 1.359176105124863 -8.857490496096059 3.181307527966339 -4.874087744451398 1.683074510122903 -6.21545428494313 0.008784914931615262 0 1.91052446022665 -0.9856085924389806 0 -2.267016024937702 -3.439575742702236 -0.5030103913615456 -16.21825086065698 0 0 0.1575064312269941 -7.749615658222663 0 -3.991466400939231 -0.6597750864028971 0 0 0 -9.843078771195774 -2.665550295008332 -8.50443895816051 0 -7.465259283531559 0 0 -0.1418935362302056 -5.937968039912235 0 0 -0.4425317102808308 0 -9.514021794039209 0 -4.627279600612633 -0.8692969410061131 -8.327678217232815 0 0 0 0 0 -1.526534656099769 0 0 -2.787612854331784 0 -8.954115514040407 0 0 0 -2.085923309652135 0 0 0 0 0 0 0 0 -3.708431915076382 0 -2.098967367253581 0 0 0 0 0 0 0 0 0 0 0 0 -1.574482040929069 0 0 0 0 0 0 0 0 0 0 0 0 0 0 -0.2055824492950776, -0.6064331528340396 -3.754979129796983 -7.756987081056999 -5.344189871402859 -3.924414390498869 -16.16560005893722 -16.66300952642901 0 -8.287976614163458 -20.67416571954087 -14.60998698281325 -14.98177109721367 -5.845128161751011 -14.58175268140641 -30.19207793812988 0 -1.940835874570045 -23.60789336125501 -14.53657035697181 -12.97415648576186 -8.089439891446661 -17.40772161386646 -14.02898075045705 0 -9.680636292984557 -5.361722788813683 -10.87735848152523 -1.130753960233743 0 -16.01259538137403 3.795167917187289 0 -1.412362167035352 -4.26239261497183 -8.531784303177309 1.690323867198364 -2.206298813188359 18.10831097498902 12.83220591061541 0 14.99959913354886 20.2213321066365 1.86392839141515 -5.091190051327124 10.69563949690554 5.85760021764344 20.07615195819441 0 -3.672054773715509 20.81544959764263 16.66763697776203 29.09965822034459 7.870096905531868 37.3024364150193 46.29570878726878 0 5.757373655939234 9.716383758624399 18.41018514234932 28.13653550950375 0 0.8757443232925377 34.62927663379091 0 4.276930176023888 28.561258972869 27.74949157365159 8.915558328819587 8.038396602739416 42.58033553344359 -8.225371785621938 0 11.78827961376154 10.61851823550285 32.56484849705882 5.531201913317721 -1.951429587900986 1.757656352771626 4.621080958228641 0 6.961186423922076 7.439325316979011 5.89424179557377 -1.855738336565025 10.25574684136052 -2.480909532205556 -14.37542736412981 0 -7.025985263828808 2.286397788739647 -2.737157880131297 0 0 3.339720466021662 -8.448464290695128 0 0.6610195815167907 -8.002510934615557 -4.24490562094391 -14.79561841936794 -1.912758409048418 -14.12582047957411 -7.886682555681881 0 -3.709729171639382 -2.164809173091561 0 -6.461739753002935 -2.32035251072619 -3.898615680409685 -11.09511432575682 0 0 -6.32807626625886 -19.06013897185025 0 -4.201365560622596 -9.78670462519994 0 0 0 -4.663358061740942 -7.302936722787202 -4.248668312080525 0 -4.250623645272691 0 0 -2.046972092291004 -8.919570964678464 0 0 -3.077280814680889 0 -2.811727170850653 0 -1.713963020857407 -2.163314725076126 -3.476206810260599 0 0 0 0 0 -1.336310624842208 0 0 -0.2647176348830464 0 -1.790402049091777 0 0 0 -0.7354937794147661 0 0 0 0 0 0 0 0 0.1364486229930987 0 -0.2187936502111278 0 0 0 0 0 0 0 0 0 0 0 0 0.3353298967471995 0 0 0 0 0 0 0 0 0 0 0 0 0 0 0.1022687684197134, -1.138944944828355 -6.840171265600084 -13.6681807135858 -9.091269408202335 -6.729082342735421 -26.64608679574202 -26.39279061807157 0 -12.56702058143949 -30.75386482876144 -22.84972596761553 -22.33278940813566 -7.77865149935285 -20.38943359555339 -40.35739887484196 0 -3.286752282084245 -31.37485652451031 -19.64174326931093 -15.2603208203535 -10.37393525624791 -21.02475784043521 -15.19633766216012 0 -10.32808166835046 -5.174392430078355 -9.848747700744154 -0.3796981142706626 0 -13.36979501628839 7.080506097891999 0 -0.4061252230206228 -0.7398255098684117 -5.315704725394403 6.427631117739265 0.07793643968083686 22.81991096579269 20.80983329338078 0 19.76968077415723 32.19207308208136 6.435917059131161 -4.419204937235886 14.35309616113961 12.3004628711593 27.61275145725545 0 -3.896482590542476 27.41610529908266 24.06958534814786 37.3208859710007 10.667730716864 48.3449260158315 59.37736930663432 0 7.293671706488452 13.28744939565739 23.61587820990709 36.15217419402018 0 -0.4938220627362258 40.02909308666057 0 5.28353567960794 32.82771142065856 34.06045747839469 9.791770071281764 10.07630237733131 50.4725256660268 -11.7563884416896 0 12.92744462874136 10.17512837099319 34.44884797034756 2.195663496976882 -5.206802467853636 2.355423101465469 0.4284438412444955 0 8.237868506356733 5.431981685074126 6.401650177252793 -6.117583190855743 10.81385996448128 -8.22704414054405 -25.30326425847812 0 -7.538396335830683 -9.543930889414927 -6.490532603995989 0 0 0.8885920628109638 -14.8442844912631 0 -0.02000144585861796 -5.475783262949768 -11.28345232826843 -22.41587426803316 -5.309421793707063 -20.52738042408015 -15.48073562164612 0 -9.474393115923043 -2.864420556222138 0 -10.66081574981715 -0.4865844332032312 -7.386122263789691 -2.852058579432196 0 0 -11.8623799336548 -27.86705605942018 0 -3.876029201606766 -18.41970935307513 0 0 0 2.767359402037761 -11.95102820039895 1.562830783072361 0 0.4316066136442385 0 0 -3.641280865795586 -11.00937433918601 0 0 -5.527397965169236 0 6.419795717017831 0 2.314064797016419 -3.454738125254413 2.879297728880029 0 0 0 0 0 -1.061335807581705 0 0 3.266201126116269 0 7.941154667270489 0 0 0 0.9821003071144117 0 0 0 0 0 0 0 0 5.549945947967823 0 2.318579230993764 0 0 0 0 0 0 0 0 0 0 0 0 3.064460843322887 0 0 0 0 0 0 0 0 0 0 0 0 0 0 0.5536897100268824


GFLOW: 1.900000000000001 0.007973391466131846 0.007997770930554239 0.008935924718304856 0.008961011675216367 2.998539178839381 2.998535102383503 2.994427349581525 2.994411145043929 0.001869532514971568 0.001939087807188413 -0.0002985162970017091 -0.0001042867809178283
q-corrs 21.08174673728443 107.5516632297039 182.7619558582994 103.4386135110857 65.76220115687877 222.8914163255334 188.673265623397 0 67.27501176800908 141.6380745228389 94.76771345423121 79.66317950695334 22.46687732530781 55.74218843553462 93.3092535835973 0 7.216940469741172 50.597303449366 30.13114380603156 17.75393560201162 12.44761286814009 20.3228796812791 9.879909304763764 0 5.201986214617072 1.499235585481721 -0.8964095672149313 -4.244847845119258 0 -4.024209136971555 -10.96527882521502 0 -1.326781946138053 -6.800959017751374 -6.60130921904004 -11.20784922864543 -6.477898600146634 -19.05063793906349 -25.52584990461363 0 -16.86681695550426 -38.5431837786902 -11.56547083074667 -2.364820906222078 -12.24159764386199 -22.04341985746833 -26.06419356160186 0 -0.3203682909045916 -26.01665139507179 -36.536201790176 -34.21362283410608 -12.63326456023009 -48.14209021087791 -58.35489604194068 0 -14.44764339418107 -20.95607669299043 -22.95416919027858 -43.30638518380974 0 -17.22846874649593 -48.71214285475308 0 -4.277594285716502 -47.04239122397151 -50.16370390304532 -9.375888833686805 -15.97355566878984 -50.42780413870844 -3.819594305543162 0 -15.96102844342009 -20.77861168637884 -47.84236440693845 -24.01394930015109 -4.114973969717415 -17.09991849942309 -14.33225370854846 0 -11.04856863526071 -20.10790777265439 -5.553244074058017 -3.162345406420914 -12.9841008007658 -7.594628846474185 -11.60990133076 0 2.075547770750259 -18.59394773200403 -9.216939203326547 0 0 -7.803727131852364 3.922205220672171 0 -0.1298783704839372 1.244026497275234 -2.603113387139248 1.186199693873487 -3.631976685532718 2.506678486063835 1.503581856117501 0 -1.975719075699413 2.841668757692525 0 5.497478216541401 -0.4030830609285765 2.945768779760851 3.97966727350298 0 0 -0.225337607103952 8.780057223658503 0 5.262848412240617 3.231364493603677 0 0 0 -3.101725399922993 7.086453448769024 1.689843960235862 0 2.481905043330589 0 0 0.2769624594980007 8.511501919777169 0 0 1.348155765571766 0 -7.529497205620832 0 -1.847105143653918 2.229171097827748 1.763448234985381 0 0 0 0 0 2.254809115894623 0 0 -5.26288759482081 0 -9.148234898045599 0 0 0 0.4178415852150406 0 0 0 0 0 0 0 0 -9.480474163589635 0 -2.794306924978335 0 0 0 0 0 0 0 0 0 0 0 0 -5.689421297764467 0 0 0 0 0 0 0 0 0 0 0 0 0 0 -1.136096783548653, 17.93762712407229 91.35789186969828 154.931257207021 87.47602492312956 55.51790619255033 187.5467548956007 158.1295014874243 0 55.89551757385324 117.0966157778876 78.26454970662904 65.23806566641751 18.07779131470921 44.72739638890823 73.80799420657654 0 5.751827974489571 38.47129569537606 22.48675830216386 12.4620394632422 8.589738417771375 13.19656214243966 5.821860915182954 0 2.341932657250899 -0.9628978248693425 -5.703143776604132 -5.349495223881149 0 -8.46820514369527 -11.7799482053249 0 -2.001294306403412 -8.717957207907835 -8.685117425175743 -12.24962774878489 -7.113071393648044 -16.7521206602239 -24.74396198928035 0 -15.22204764360068 -36.99593811324218 -12.22183733599512 -3.000316293104558 -11.21503773448258 -21.83764089238026 -24.16179568858398 0 -0.5818757844140161 -23.73691071706293 -33.7128103538201 -30.61055950906907 -11.68043847915554 -43.5571180903889 -52.54579246910045 0 -13.42008432044273 -19.18739509928105 -20.64722995556944 -39.27697509044356 0 -15.61658305205117 -43.04919052719205 0 -3.729566753427205 -41.7041108094231 -44.96097433162274 -8.177970422475491 -14.44686011440084 -44.49613565218328 -3.818299797400643 0 -13.63718893862194 -17.74027877155655 -41.62668836292971 -20.39010680025542 -3.287883487269056 -16.00970256623503 -12.01217999447 0 -9.785484174426461 -17.95099370984065 -4.781102096345052 -2.768489193146905 -11.27457821612357 -5.079007120425631 -8.327684232958331 0 1.148627450891952 -14.36270109491684 -8.245053271661137 0 0 -6.419864599428584 3.277181196411254 0 -0.08295611114107215 -0.02295286841828137 -0.9508243193717041 2.230367366666858 -2.26066126854452 2.210947397555101 2.374096248084304 0 -0.8922567669526877 2.149533034278019 0 4.717664942986606 -0.8371984852150832 2.553428858175246 0.8817684375698167 0 0 1.193069322257695 8.559580762386172 0 3.815533108501706 4.034574446432949 0 0 0 -4.357406419034765 6.115215274896096 -0.101895612693655 0 0.8149694299537424 0 0 0.6338291838898593 7.001537596214138 0 0 1.517739920973216 0 -8.386715618171435 0 -2.464898747590366 1.92617792803863 -0.1269779376099331 0 0 0 0 0 1.671425032501204 0 0 -5.203331565918001 0 -9.837738945877849 0 0 0 -0.07711336236409227 0 0 0 0 0 0 0 0 -9.174754804550968 0 -2.90928102528479 0 0 0 0 0 0 0 0 0 0 0 0 -5.400804179388595 0 0 0 0 0 0 0 0 0 0 0 0 0 0 -1.059940665610861, 11.02207218411697 55.78300126444729 93.8742294692716 52.50670795721467 33.11478070027955 110.3784826804762 91.55361126608526 0 31.18431872394021 63.90551273228576 42.61209744804085 34.12016615593393 8.601856581510543 21.03806310045331 31.88368427679237 0 2.669258748567891 12.62895376495468 6.262503323946478 1.087663878107147 0.425035125953468 -1.959793726634162 -2.97736920429861 0 -3.836769131317468 -6.149938337440259 -15.72941328138825 -7.425143991011403 0 -18.06284621738681 -13.16858447687382 0 -3.511785336896471 -12.93770574792015 -13.30498701207581 -14.45604098910001 -8.435931325873613 -11.00519775037807 -22.46968544757606 0 -11.09007844284854 -32.85215904366481 -13.75515686493815 -4.468858829313625 -8.648394218629598 -21.17361622150442 -19.40728408252427 0 -1.185159210230995 -18.05047595898079 -26.51573276923506 -21.70254278560978 -9.403129517595856 -32.24858043859854 -38.01700166854391 0 -10.90586930451207 -14.65409148266312 -14.89614588588925 -29.15811494426967 0 -11.80817803690343 -29.52464190436524 0 -2.350845052370243 -28.65938012736154 -32.02491565345161 -5.203833144607222 -10.43455811038993 -29.7810689649442 -3.545928450170361 0 -8.168188021291304 -10.66620785934652 -26.50187254405351 -12.03247134285166 -1.380873132602221 -12.73990007790765 -6.480967965623071 0 -6.725071836313989 -12.29567523789374 -2.864319099134401 -1.44926901834897 -7.08510976955791 0.2691508274675074 -1.18006188678442 0 -0.72256006201766 -4.488008734260314 -5.472891577527133 0 0 -3.116901008943873 2.215165333995249 0 0.1545867590035452 -2.648297615677553 2.702705256004326 4.355811519567102 0.64232989751584 1.816820107564508 4.20655936361138 0 1.543747513061127 0.8590480771468796 0 3.120824218883862 -1.717231673595847 1.871529059485331 -5.50214001457247 0 0 4.006872937768516 7.907556666184403 0 0.8397011156709886 5.654082928918619 0 0 0 -6.780529756034142 4.067577166725696 -3.763259690121102 0 -2.607896240673202 0 0 1.322545531462178 3.717422554923005 0 0 1.832166003829511 0 -9.748203731935565 0 -3.624891509654057 1.270910976612993 -3.971444402000416 0 0 0 0 0 0.4323399283605994 0 0 -4.79311902763258 0 -10.7397789231398 0 0 0 -1.078348329734193 0 0 0 0 0 0 0 0 -8.010251075499625 0 -2.982528107036842 0 0 0 0 0 0 0 0 0 0 0 0 -4.477453913193288 0 0 0 0 0 0 0 0 0 0 0 0 0 0 -0.8361143945699583, 4.83779027452429 24.0909325327038 39.70926453137539 21.62583737222958 13.42769393202617 42.92908930819846 33.68624687896899 0 9.975150041931556 18.5352474099161 12.46293659124581 7.980141363520929 0.659358718084458 1.446035105733947 -2.644907191616959 0 0.2739209173080663 -7.960399567446424 -6.377170644137297 -8.022240886868957 -5.747510508386759 -13.52180285708171 -10.15614184989265 0 -8.691953241968609 -9.650790023863443 -22.11912245088345 -8.023030722310089 0 -24.95719448982159 -12.55206867964757 0 -4.592576440983138 -15.67631443362814 -16.64386698299894 -15.0936724268636 -8.993835866539651 -3.873813251393042 -17.88169422327596 0 -5.656635876202202 -25.56505459174236 -14.18607643678034 -5.738992717071772 -5.124214909439306 -18.78709307319994 -12.64548199172338 0 -1.826473158969319 -10.44574746112289 -16.97094275924394 -10.4519377260281 -6.343681175329229 -17.65550566723456 -19.3443100161536 0 -7.517643151036141 -8.772968987018167 -7.522802836943725 -16.09162209637793 0 -7.450727662637737 -13.4845128649424 0 -0.6537156782860589 -12.98725307207586 -16.13530263808625 -1.55038783404485 -5.244570313887776 -11.62695693621594 -2.975788667762867 0 -2.127435158659642 -3.081791789612148 -8.810908815097545 -3.49122893665461 0.4443122503690633 -7.992744583472984 -0.511543652211877 0 -3.085511105904788 -5.102939912955897 -0.5352331900067409 0.4814803340988476 -2.105251599893236 4.431457741539789 4.276897013515541 0 -2.300064716176849 5.318194695042138 -1.944612045798298 0 0 0.4272808069436382 1.664340943057848 0 0.5901665095502699 -4.958068256074045 5.617511625110184 5.097073114777905 2.833075509868441 1.33444929723748 5.288421714438059 0 3.595125575681137 0.01257098933375644 0 1.733005417145352 -2.448770616307707 1.469562571614321 -10.75013093755363 0 0 5.500529175535206 6.080707987434489 0 -1.530883201082452 6.337553159922084 0 0 0 -8.522521884616726 2.20449265849726 -6.622136650402949 0 -5.340118939034452 0 0 1.621182635689856 0.5671341122405584 0 0 1.855842139844529 0 -10.21011227407096 0 -4.382042252103211 0.6500699315672941 -6.899711913393966 0 0 0 0 0 -0.598835124097521 0 0 -4.014762834832664 0 -10.62284736957881 0 0 0 -1.823412523495373 0 0 0 0 0 0 0 0 -6.234927333745896 0 -2.771851010144832 0 0 0 0 0 0 0 0 0 0 0 0 -3.219714752818933 0 0 0 0 0 0 0 0 0 0 0 0 0 0 -0.5517634254476586, 1.419145625467598 6.715500822863019 10.28875757131163 5.026976759683112 2.939061340224973 7.469682765164122 3.701901852748778 0 -0.6570631452586216 -3.857712904805534 -2.222326447540929 -4.442478868841323 -3.015512522169532 -7.283291938692848 -17.67125392012587 0 -0.6502294605617792 -15.88471897290529 -10.67338393618352 -11.22807320633006 -7.352778977873907 -16.51618731846027 -12.74719664658709 0 -9.962514988904379 -9.24573441680308 -20.41636116256845 -6.107260430940363 0 -24.54388859194287 -8.263101935040952 0 -4.257259435028774 -14.00899067385714 -15.90906240858171 -11.6483385044294 -7.676554117581757 3.404327420408976 -9.655224856309957 0 0.6659074962193214 -13.33647886842575 -11.06813180473669 -6.013966319418262 -0.5747682071557811 -12.70058003633035 -3.355946406995672 0 -2.394656675585865 -1.118690021632998 -6.13750781911882 1.967695692815894 -2.201062448828527 -0.6406723795684517 1.471186033411978 0 -3.212405333111265 -2.51232572049231 0.7299202791879034 -1.579298630021459 0 -3.39831991756374 3.096031438248133 0 1.011882949934416 2.487921010640727 -0.2450197643600482 2.111279882905766 -0.1831965046899082 6.946284703020639 -3.031447687975362 0 3.242204426262588 3.213998006344335 7.542415034413654 2.598901061427124 1.242303328908628 -3.482045677334852 3.819391185321587 0 0.5354266385906152 1.362516934586278 1.733332354575884 1.654153461538026 2.61089054839836 5.266394853231704 4.07890563807398 0 -3.621231283300063 10.57807272063866 0.2595616716985578 0 0 2.932019512226803 0.6751248034963151 0 0.9001163666826024 -6.644947266823709 5.643406274242251 2.239447308812461 3.078393257864472 -0.8147733917443087 4.090456244875098 0 3.771270468808591 -0.5509412108789968 0 0.3399791038007844 -2.885785650864935 0.9021086710620096 -13.56703812852336 0 0 4.173349496470342 1.460725087448123 0 -2.822259150780138 4.50369347602558 0 0 0 -9.155700540228921 0.4326453416337852 -7.760775758141826 0 -6.598624099078754 0 0 1.131754171141362 -2.101789810948168 0 0 1.190580963811 0 -9.780047995958398 0 -4.533821686535415 0.08003386041747906 -7.896439409608414 0 0 0 0 0 -1.10270640465748 0 0 -3.270400561490078 0 -9.703617373671253 0 0 0 -2.03883299764631 0 0 0 0 0 0 0 0 -4.719987522990046 0 -2.403976203578604 0 0 0 0 0 0 0 0 0 0 0 0 -2.231997228713108 0 0 0 0 0 0 0 0 0 0 0 0 0 0 -0.3425544574087017, 0.01369473499643048 -0.4116777040609685 -1.733631090941265 -1.717809087145907 -1.365639949180465 -6.928900137868575 -8.30477521070641 0 -4.804590499850393 -12.53914926894619 -8.195650190884345 -9.262859882041438 -4.253045323020088 -10.19515484693499 -22.26626710204529 0 -1.021450422419911 -17.74264288225183 -11.13075975617711 -11.22609670330913 -6.820346729539366 -15.24127113006224 -12.60340512078081 0 -9.121442864134259 -6.667139033643267 -14.22947264821083 -3.062964218134815 0 -19.18534057268819 -1.793448568281623 0 -2.797567776923283 -8.887976033946012 -11.90236911729602 -4.936153921649095 -4.892616093587629 10.27887331999451 1.260046674985764 0 7.423196203146612 2.743185081953879 -4.781469982762659 -5.39198250287817 4.709732645824761 -3.552639216646595 7.802180677897942 0 -2.899695359135277 9.227275699779995 4.934739700595298 14.68391530395655 2.729684654931007 17.51009088243425 22.71244300108638 0 1.420772915486686 3.469832474889461 9.208595768291229 12.94611707066536 0 -0.443774900344426 18.74173746556775 0 2.512284447389103 15.93021684056833 13.90700247018622 5.313192231839266 3.980656521325217 24.04568220198348 -4.631115784140221 0 7.587249269106593 7.622081070468095 20.45052480196614 5.446694886630192 0.4952486356023438 -0.462446174860851 5.333516684319242 0 3.803517255156067 5.281671733594996 3.654004314667995 0.7317958366924842 6.419905499644157 2.860183862311036 -2.10923425055922 0 -5.041132901707751 9.237936703859319 -0.232114967787826 0 0 3.72704309546461 -2.388093898965671 0 0.7845138842519139 -7.510586862546001 2.221673686684867 -4.242490850280083 1.441170980825862 -5.673075622399988 -0.03394240087622391 0 1.401360049441569 -1.365902931969195 0 -2.004206256335759 -2.815294203030966 -0.7215973788174024 -13.45665324843736 0 0 0.2828974131562629 -6.383708406627081 0 -3.537541375576712 -0.4991566911616041 0 0 0 -7.895383822841683 -2.245322611488501 -6.831585464888957 0 -6.150915324946188 0 0 -0.06217676020693175 -4.765352324257831 0 0 -0.3233695943938674 0 -7.508369420388721 0 -3.686478875999445 -0.6985783844701734 -6.615845606404386 0 0 0 0 0 -1.218990977941002 0 0 -2.198883613754773 0 -7.035047960881421 0 0 0 -1.637604620393502 0 0 0 0 0 0 0 0 -2.940075997925469 0 -1.644387853849598 0 0 0 0 0 0 0 0 0 0 0 0 -1.264225347604149 0 0 0 0 0 0 0 0 0 0 0 0 0 0 -0.1698459659194262, -0.6702957817133193 -4.074770882351494 -8.262263315095169 -5.58822443260741 -4.059514937719262 -16.4440762910805 -16.67748499316959 0 -8.116993762637291 -20.00014657138923 -14.07271942331838 -14.261418181895 -5.485821364617053 -13.70313862881151 -28.07914371330453 0 -1.790280515624648 -21.5546888104204 -13.24299718403953 -11.82299844415774 -7.285751018511377 -15.56345661409324 -12.62859625435262 0 -8.586507568838115 -4.802946625759352 -9.565115658687183 -0.8348238111021293 0 -14.0304905471523 3.791909461087921 0 -1.299343201487707 -3.663587400217008 -7.500494199050806 1.727676402856802 -1.984238743247126 16.18520880927166 11.70018465325923 0 13.51243552092313 18.19655806092446 1.598785751165697 -4.492329870389863 9.589842770522406 5.338849901448317 18.06520960633413 0 -3.268961139312698 18.46677630598286 14.68721518389041 25.72877762135268 7.042482729076958 33.22047775861198 40.97643254990165 0 4.976918600336198 8.518189915933547 16.48366346797858 24.99070396207793 0 0.631904711739649 30.28700676408357 0 3.774691725912395 25.2544074129345 24.61927458609799 7.540143680128124 7.103326413187649 37.22417619632104 -7.446226810651133 0 10.47329436546008 9.693106772543393 28.27146313031779 5.121178611582087 -1.67574472877058 1.258277127327693 3.841693846731991 0 6.215715463766243 6.155601331085437 4.955211266748494 -2.154578975789023 8.740834412686983 -1.575727203224292 -11.5388920459574 0 -6.176906684457609 2.017275902795475 -2.739035307484649 0 0 2.784016972070006 -7.549272023413406 0 0.3297262201101658 -6.771572544996742 -3.494232115658247 -12.00260623787348 -1.307572766252057 -11.93410883303825 -6.336639468422756 0 -3.012153670721024 -2.256753826471189 0 -5.488948716423634 -1.867038648756686 -3.488749008931839 -9.283210954106186 0 0 -4.823592454479391 -15.45211008938071 0 -3.796391978721252 -7.80499809084877 0 0 0 -3.504572807002888 -6.107882971204377 -3.37067214835993 0 -3.549855729782486 0 0 -1.569952150900382 -7.301034444758006 0 0 -2.438307353403123 0 -1.697739234700749 0 -1.215630475721041 -1.778925737838423 -2.668061940317159 0 0 0 0 0 -1.115976765598956 0 0 0.09666044458381107 0 -0.7732771373006617 0 0 0 -0.5356965053017784 0 0 0 0 0 0 0 0 0.6303031499131735 0 0.01834798237554092 0 0 0 0 0 0 0 0 0 0 0 0 0.5581912190682246 0 0 0 0 0 0 0 0 0 0 0 0 0 0 0.1349229442407902, -1.151036172342234 -6.823172050346609 -13.46677965037099 -8.85301591890379 -6.462455350713749 -25.35727437826714 -24.89487132425271 0 -11.67508480396497 -28.3035887674727 -20.7507377211541 -20.19499965140286 -7.057153634883916 -18.35671825562807 -36.18147859200299 0 -2.826148195011052 -27.55038784645497 -17.12826407418499 -13.57926730485288 -8.960513002143557 -18.14491335076786 -13.48490451469599 0 -8.958297726876337 -4.463414904265552 -8.230510703611708 0.04660373561930209 0 -11.43011333765439 6.932488258843115 0 -0.4247080663777936 -0.4597445681671002 -4.608641797918059 5.981167157514648 0.04657384896118755 20.3222809247675 18.89262322827073 0 17.72112452591455 28.86860000266145 5.681947313851428 -3.781418866131402 12.90809003045165 11.24156592311984 24.86780938258266 0 -3.428054171559126 24.59856935374717 21.54253375157736 33.089439163653 9.642886921408616 43.30032096311523 53.01245691970465 0 6.76945981726699 11.98072539138846 21.20314584441059 32.56252124091782 0 0.2567046746344295 36.10327584744626 0 4.662679853942259 29.8652116128384 30.94427590609888 8.631798475187995 9.177012691309198 44.9067560894764 -10.0738834740481 0 11.80490031720253 9.875236583962744 31.27483054508432 3.109086681463855 -4.148722390906498 2.298917766351066 0.9546627135667052 0 7.505038461137685 5.221317051703322 5.572020564113154 -5.323361454070272 9.592561319975886 -5.937956489971461 -19.91044464354471 0 -6.646594406925146 -6.722750560492626 -5.362267569609385 0 0 1.076831084816268 -12.6738552760722 0 -0.1326065948872993 -4.844672063640385 -8.921889595677735 -18.04486135083914 -3.911948216933566 -17.06049873123652 -12.3484620574337 0 -7.50243688700289 -2.803034669295654 0 -8.907685626412965 -0.427010235321891 -6.282733485149692 -2.934652818876944 0 0 -9.19816368879952 -22.60149299365195 0 -3.650146779465868 -14.66016621935253 0 0 0 2.402265254013918 -9.895854071204543 1.15286934758421 0 0.06604297056082098 0 0 -2.837890867124688 -9.131944700818877 0 0 -4.390259759225684 0 5.784021900917268 0 1.999899029825338 -2.83290365319885 2.298650403878105 0 0 0 0 0 -0.9430713305382707 0 0 3.049095350384286 0 7.174157102044131 0 0 0 0.8129823046102451 0 0 0 0 0 0 0 0 5.21870060685618 0 2.110055788668333 0 0 0 0 0 0 0 0 0 0 0 0 2.91065834573688 0 0 0 0 0 0 0 0 0 0 0 0 0 0 0.5323663355176879


GFLOW: 2 0.007268887695889334 0.007293802750817485 0.008106933171075952 0.008133002780221003 2.998674204782329 2.998669974287367 2.994931052548343 2.994914342998082 0.002034785081430963 0.001856980980536372 5.132482401411467e-05 -3.136053188768889e-05
q-corrs 17.32410432923236 89.08713399308152 152.6245014638249 87.1075008403912 55.84727269624538 190.983266214841 163.1558731377453 0 59.32380075598008 126.1467528718738 85.26586814975555 72.48556656671359 20.68741497159054 52.03936686487148 88.18075921868561 0 7.065692286542349 50.1036981889502 30.57502577060272 18.25208016113744 13.34182857840658 22.17078862024884 10.60463501021714 0 6.073351662264074 3.331319230110227 3.216394392051113 -2.359049564545627 0 -1.32144728551777 -8.350706846883519 0 -0.7728254748694061 -5.248561835065008 -5.399315490451954 -9.334680592099604 -5.617441935446941 -16.48914678198325 -22.72558309875335 0 -14.75415115663017 -34.37314690707376 -10.06287159348356 -2.702762755753839 -11.09463155622984 -20.07131177768015 -23.13572515903065 0 -0.5871728380586884 -23.75085492014451 -33.51133389695306 -30.00743697659602 -10.92268136796005 -42.22132798232857 -52.45305974805213 0 -13.42394490965047 -19.66228114121276 -19.98315963239968 -38.72106369516821 0 -16.30315523491716 -42.95204789348136 0 -3.737576274623428 -41.1190211433989 -44.51090570379498 -8.825519987435769 -14.93850006709665 -44.61868016613396 -4.61213273334354 0 -13.8147109663543 -17.6667332404458 -42.54768486772101 -20.51315201825513 -3.571253640652909 -17.15454669359656 -12.55376243310145 0 -9.405244067863604 -18.71500554734221 -5.126076508277802 -3.918079585094738 -11.47802557788596 -5.97628326979375 -10.1393812100392 0 0.8678932298723798 -16.30182036428985 -9.510816724676777 0 0 -6.770398806004894 2.396423452993524 0 -0.5840162138445449 0.06507283427353316 -2.501143020471656 0.5103733203840419 -2.813069606367656 0.7737311799547264 1.434303260732843 0 -1.591129106296312 1.471677412876981 0 4.213374514412751 -0.6293273923361623 2.031222151136553 1.464948331452963 0 0 0.1410573823272062 6.558712455810211 0 3.550033214764424 2.917994175905631 0 0 0 -3.344145058912442 5.535341503558319 0.5085814678220304 0 1.152674069258736 0 0 0.3228900886871445 6.376306035066051 0 0 1.190398882471136 0 -6.84111405086046 0 -1.896140973535024 1.762480730207562 0.565057689552385 0 0 0 0 0 1.64811717290573 0 0 -4.449808291051329 0 -8.117955132816526 0 0 0 0.1182800798125074 0 0 0 0 0 0 0 0 -7.922464057655128 0 -2.432193192995584 0 0 0 0 0 0 0 0 0 0 0 0 -4.707650579173055 0 0 0 0 0 0 0 0 0 0 0 0 0 0 -0.932049145979173, 14.8556293394671 76.27667885270448 130.4400830429114 74.28569027368019 47.55376961097182 162.1472518884378 138.0443785091724 0 49.82059089905991 105.489841424852 71.24147752807983 60.13826138511536 16.91496003636136 42.47290842743152 71.14441872085143 0 5.736683786677606 39.22193925633877 23.64015916173764 13.50003383641714 9.794216604558526 15.62204796646844 6.948971401478903 0 3.457485791700601 0.9989593836747462 -1.396354072102447 -3.523247306642469 0 -5.447772991723766 -9.266687837810345 0 -1.387614492127819 -7.015838612182713 -7.285025330770625 -10.31766165800727 -6.223149685978116 -14.59871346388935 -22.1627739705421 0 -13.37451054600906 -33.1267287397046 -10.66500394087627 -3.253691444822451 -10.22415176009128 -19.91872338321837 -21.51580572605128 0 -0.8098113093071877 -21.81739010576732 -31.11875761016928 -26.95984268008847 -10.13689552061212 -38.34409957254731 -47.49880286866865 0 -12.59161208581131 -18.14153171236311 -18.01377793615238 -35.2946888974792 0 -15.0444140180328 -38.34124984719137 0 -3.267151795119618 -36.71624548740672 -40.15537694253354 -7.840449138656539 -13.60907201115674 -39.65064850955977 -4.613489645137221 0 -11.92662005687582 -15.23537297894229 -37.48652044627865 -17.68379422105775 -2.949022266529117 -16.16800394489313 -10.74711272615024 0 -8.369496668635326 -16.93709862061845 -4.493896272403343 -3.601739347874026 -10.09311428426489 -4.081692595820662 -7.67971354675951 0 0.1664611005710979 -13.04718509174911 -8.721616332619675 0 0 -5.692256427759165 1.900747410508941 0 -0.5426432772682082 -0.894303025818814 -1.261540496676114 1.255921808110686 -1.78161952446224 0.5409067234688276 2.061274081150331 0 -0.7840452508595988 0.9488016453249315 0 3.61354618477691 -0.9585655996359418 1.729872861771065 -0.8757396446836712 0 0 1.186629540621995 6.346426411873948 0 2.458113593763875 3.487303264615459 0 0 0 -4.296075745653541 4.789207531149583 -0.8382563969016483 0 -0.1057282976813614 0 0 0.5843705550867482 5.229025194931618 0 0 1.307099440399227 0 -7.492364266471554 0 -2.36409164887283 1.530070504219613 -0.8525075591436215 0 0 0 0 0 1.210680290615893 0 0 -4.409377881379347 0 -8.641804954222277 0 0 0 -0.2516808400240058 0 0 0 0 0 0 0 0 -7.700214723938349 0 -2.519617087278047 0 0 0 0 0 0 0 0 0 0 0 0 -4.495417216162279 0 0 0 0 0 0 0 0 0 0 0 0 0 0 -0.8758531198047894, 9.344369686462979 47.70505129258379 81.01732976532476 45.75556796249705 29.12628569728488 98.16260026057215 82.40009500258489 0 28.82674653080716 59.92783061620471 40.39140125931763 33.01044123017802 8.621280564390666 21.50885029114812 33.82786682411111 0 2.876680551610409 15.57372202860059 8.627577144588809 3.10882980182886 2.143584907579214 1.456091487183421 -1.089745172890886 0 -2.257754926613724 -3.978080618414411 -11.13278822153899 -5.780808859319867 0 -14.36334848940625 -10.86943052094987 0 -2.751723254070316 -10.83896702401278 -11.40794226202001 -12.3093526861684 -7.448508317855431 -9.765700069344145 -20.26945150764299 0 -9.811133790565501 -29.49313312211046 -11.95469308529511 -4.487807206171547 -7.958748677013095 -19.23058288912137 -17.29900918701078 0 -1.319407913753883 -16.82026668424398 -24.83042685332871 -19.2557425544888 -8.177665035601638 -28.52773178039488 -34.80809301470553 0 -10.44052997590765 -14.14153033103881 -13.00863853052173 -26.48757720903155 0 -11.92842972383606 -27.00573670525436 0 -2.072343122319823 -25.72242911479282 -29.10662801065452 -5.326077523171218 -10.07101561465388 -27.08286549100346 -4.376292737740491 0 -7.381298594532304 -9.44727898488973 -24.8905635759667 -11.01165805083442 -1.481167977188901 -13.19644977328297 -6.341835245718782 0 -5.809797030721559 -12.17979735496203 -2.887066893446374 -2.514786615399712 -6.624096465706576 0.009118795551350534 -2.22250190226923 0 -1.254049842710796 -5.288695750502029 -6.414661843418319 0 0 -3.065895478429968 1.095402038292591 0 -0.3369237200188178 -2.889086053019587 1.532025783625755 2.801547706159321 0.4336323664396685 0.2683803957472284 3.398225121569138 0 1.06254611357903 -0.02166715785815176 0 2.385529327541631 -1.627698649816217 1.211997430546869 -5.709856329643185 0 0 3.277982225653472 5.783297337092941 0 0.2094558089594267 4.645839989078029 0 0 0 -6.137576325826556 3.216192597205018 -3.592497953279145 0 -2.694380817218939 0 0 1.091786215480696 2.738002286477944 0 0 1.523014530722724 0 -8.533350841841168 0 -3.245030949059268 1.027378921944128 -3.735690471415732 0 0 0 0 0 0.2812818784412612 0 0 -4.112929712038659 0 -9.335143150285125 0 0 0 -0.9995834236769359 0 0 0 0 0 0 0 0 -6.846450379279085 0 -2.577876360539122 0 0 0 0 0 0 0 0 0 0 0 0 -3.815140219316013 0 0 0 0 0 0 0 0 0 0 0 0 0 0 -0.7106903616621385, 4.255898779979127 21.40616676784845 35.67868484822311 19.67787268872218 12.3477197041442 40.14917896981056 32.16857535365354 0 10.06003304423776 19.39614807524484 13.13336438957529 9.16564852922971 1.343010828945015 3.304469478618177 1.536644214019374 0 0.5130862979454577 -4.330132197840829 -3.778054344785789 -5.662496098038069 -4.012241609589562 -9.989302668951982 -7.943492263086041 0 -6.944463400453584 -7.590565516733085 -17.83924210291244 -6.730778297460981 0 -20.96099145718178 -10.61377156016146 0 -3.749473474183101 -13.30928604187892 -14.36034739837048 -12.82526188999643 -7.942920312419476 -3.559023872562468 -16.06115246651455 0 -4.968845462556544 -22.73416527441855 -12.16942751066681 -5.478245848854121 -4.718902781656267 -16.804484540354 -11.10107556001574 0 -1.845697582690033 -9.875647051794539 -16.17710349062484 -9.274293646927708 -5.439624308615032 -15.50806765524351 -18.03619235007879 0 -7.351657881215663 -8.767075619543464 -6.462629774011813 -14.80557395502552 0 -8.072244459250335 -12.98969484873818 0 -0.5828813023952336 -12.10694510566548 -15.14846539588382 -2.103470191968967 -5.399122100968272 -11.16440013394797 -3.824169260964052 0 -2.166762778462274 -2.995850852455753 -9.614897077862494 -3.891131613188708 -0.01170451465027433 -8.796136138169217 -1.38904628654762 0 -2.680250635441648 -5.933465670944042 -0.8609137830464886 -0.856903063191619 -2.357360768100887 3.320567548336437 2.160591962611466 0 -2.451805252292362 2.752718673866152 -3.335551122280142 0 0 -0.1400372849853269 0.6988983893117791 0 0.05208427962207418 -4.632928625638585 3.868422129758292 3.37630389321329 2.168695646754466 0.02301429170773162 4.194000014479141 0 2.672016896854647 -0.6366529879575014 0 1.307518595652283 -2.172679959943014 0.9158851578023746 -9.647598634859722 0 0 4.407194240579811 4.385914007835154 0 -1.584019006341566 5.115064196471361 0 0 0 -7.41315680255099 1.770303614996733 -5.71098017129388 0 -4.740181603454373 0 0 1.311331967884314 0.3512834604686224 0 0 1.52111736453245 0 -8.8225558882363 0 -3.793820063141756 0.5463117096434728 -5.893569191815772 0 0 0 0 0 -0.492709991034573 0 0 -3.505781170900425 0 -9.180503435702215 0 0 0 -1.54455670657987 0 0 0 0 0 0 0 0 -5.478753659615515 0 -2.400434169070461 0 0 0 0 0 0 0 0 0 0 0 0 -2.854094251125707 0 0 0 0 0 0 0 0 0 0 0 0 0 0 -0.4947780336235154, 1.283370685775048 6.134562662188513 9.527582163108747 4.749108796064861 2.801266799931469 7.453946954309229 4.148811088788639 0 -0.1691951523394646 -2.457676396990936 -1.426187336255481 -3.352882751558161 -2.410015839519931 -5.839768290788052 -14.41794114871512 0 -0.5571730254051258 -13.33524462848003 -8.950018134930794 -9.406791808651278 -6.17993327344622 -13.96047669905172 -10.87116973929888 0 -8.518470573647328 -7.784044816540064 -17.36932401227467 -5.327022967844684 0 -21.16866980619156 -7.022780204115704 0 -3.565316611041577 -12.0019122095551 -13.81640206308385 -9.854396766014194 -6.787301512365189 2.950161988801103 -8.566483360734978 0 0.7123154163907655 -11.63900271486027 -9.439016459122987 -5.578686052512977 -0.5516198049807923 -11.21302651120923 -2.726516867976196 0 -2.285604938054506 -1.347145795892104 -6.218460218268259 1.781547081953869 -1.784624462174146 -0.3558956933175956 0.7633694985082151 0 -3.385905058671993 -2.925002672511507 0.8537210568109712 -1.75770405884912 0 -4.223523737258633 1.794977360244573 0 0.8906776136660453 1.587486515144221 -0.9311899572468096 1.234198968043397 -0.7275424747619015 5.343529201510086 -3.676706716141638 0 2.619100346291369 2.570738057147395 4.974326207402605 1.505551957379174 0.6995514893364332 -4.405033336880773 2.413834690072318 0 0.4805084327266016 -0.08893553395487075 1.174551396302174 0.2869376724728596 1.799792392513003 4.146902397310795 2.352745530160805 0 -3.442952151201236 7.468006517457809 -1.141629095936134 0 0 2.04379607967592 -0.06411795753711047 0 0.3759037582570195 -5.842926192794253 4.048047184602119 1.266908215108805 2.444269806408428 -1.458434786444778 3.231732974215501 0 2.85633233110614 -1.0076906219637 0 0.1765594476564942 -2.452585440004128 0.4715709980290566 -11.59010584064342 0 0 3.393480188718288 0.8639924100922514 0 -2.559297490549242 3.634094977122806 0 0 0 -7.677135720755835 0.3333977566597817 -6.430116007729247 0 -5.588484716357123 0 0 0.9300575958856093 -1.700780820107163 0 0 0.9828171803628362 0 -8.193364269361762 0 -3.790651017734449 0.08535281729272626 -6.48640546468971 0 0 0 0 0 -0.874520979947967 0 0 -2.804830620156705 0 -8.150697291713742 0 0 0 -1.661337700963929 0 0 0 0 0 0 0 0 -4.107761644470408 0 -2.029934185369972 0 0 0 0 0 0 0 0 0 0 0 0 -1.984908339762237 0 0 0 0 0 0 0 0 0 0 0 0 0 0 -0.3145732578747394, -0.04030938487769387 -0.6688009451101931 -2.114765596262783 -1.883970091680328 -1.479933578631887 -7.126792335101614 -8.249785056428827 0 -4.633669605983283 -11.96720866465196 -7.959832187003359 -8.803127840404862 -3.912551563115014 -9.478471782264384 -20.458180002083 0 -1.011118948753153 -16.25140030005807 -10.20298250762972 -10.08174105051708 -6.173388947552492 -13.67898438368937 -11.23517046626587 0 -8.09765910185304 -5.905217047444467 -12.59297170768789 -2.733756128401434 0 -16.90870831318542 -1.411052111524157 0 -2.430594660217178 -7.739587187592001 -10.47487961277544 -4.142439949066591 -4.37118782247419 9.15094015984182 1.195360099101545 0 6.730035601758197 2.589696933218844 -4.140268296383397 -4.911757000478788 4.193906788386505 -3.138275395466118 7.107481135899057 0 -2.656143244493242 7.983095502937423 3.941721559321598 12.99939374360872 2.48569619324362 15.61462048025269 19.80482964967834 0 0.8722581084120939 2.692039696561665 8.298003975714677 11.2466138941419 0 -1.160117866715428 15.82512167417477 0 2.220418367879347 13.63765392971449 11.88133146257585 4.225618869035018 3.230902305774892 20.61582463801383 -4.705570586780087 0 6.573296146754254 6.636521730949232 16.87366718606735 4.383163187730665 0.1992515044792138 -1.16379619028895 4.021742992961185 0 3.35511732169627 3.7738347168949 2.941138657960794 -0.1900553058783121 5.247978399180637 2.442946852924704 -2.110620851505187 0 -4.512937394477174 7.019500936122027 -1.02169466585322 0 0 2.892706764906432 -2.509922144700559 0 0.3848923209074706 -6.3780739023919 1.534027539164942 -3.665686107994535 1.247878975606841 -5.106191992427258 -0.05526072350695754 0 1.030636356858308 -1.560924168266164 0 -1.765106721545596 -2.307580561565105 -0.8363637735490883 -11.17430873554353 0 0 0.3662638801633685 -5.248396966129481 0 -3.113767106303746 -0.3715046709118495 0 0 0 -6.33048025775398 -1.893924256433121 -5.4905747974507 0 -5.067502599387252 0 0 -0.005867469483354315 -3.829808522598249 0 0 -0.2340730592009941 0 -5.904696436686628 0 -2.932215722636229 -0.5638490358395274 -5.254413669751165 0 0 0 0 0 -0.9758681030172163 0 0 -1.717871696416648 0 -5.497534425711949 0 0 0 -1.284152228008741 0 0 0 0 0 0 0 0 -2.299284187042902 0 -1.27836823403227 0 0 0 0 0 0 0 0 0 0 0 0 -0.9951189303807743 0 0 0 0 0 0 0 0 0 0 0 0 0 0 -0.1359947385272347, -0.7008987812154119 -4.209774783528271 -8.432097483511484 -5.633628590605896 -4.062297596031001 -16.26835604829621 -16.31531919203825 0 -7.81808497915418 -19.09582039263798 -13.39738492248299 -13.45912000227262 -5.120615343300702 -12.80430789618434 -26.03225694013467 0 -1.654689065215788 -19.71870898294633 -12.10137137860016 -10.78769985652567 -6.603651094461419 -14.02114879797813 -11.40895714667067 0 -7.680568918004037 -4.349784050332654 -8.561120911558463 -0.67584244532782 0 -12.46855604319852 3.593315202326849 0 -1.202268918662991 -3.244818235894462 -6.686960854481827 1.626480803262493 -1.824050640350665 14.43710568157194 10.51618519721712 0 12.11904172738844 16.2340349439715 1.329857575973636 -4.005520142352215 8.560023910749024 4.757809649940458 16.16884376352203 0 -2.916947417752151 16.34182632448324 12.90762687160663 22.75789801152948 6.281274678323989 29.53623825922048 36.24616110485839 0 4.291835669026252 7.471188853089355 14.72247462876003 22.16748654864477 0 0.4480256015483128 26.57307298656258 0 3.336254828019488 22.35910327585854 21.85419651807831 6.425097313604339 6.285581093017802 32.64065168549351 -6.695888692512407 0 9.330469091482893 8.833657635101382 24.68821833106907 4.763716538002727 -1.414284879183886 0.9530303425888249 3.273784520402814 0 5.546027371697834 5.205020325896277 4.205256740561923 -2.218235932013212 7.509966060440213 -0.869590200847612 -9.184031680166617 0 -5.397716276457162 1.939375084586482 -2.534463634549189 0 0 2.376434272196494 -6.627522482459102 0 0.123931981477164 -5.724480045637865 -2.805361859922203 -9.682600519017114 -0.8334585683236062 -9.961876614838463 -5.061021541787206 0 -2.402415869677132 -2.195728572115455 0 -4.622341163567866 -1.503428954600404 -3.054112335511044 -7.729384841531523 0 0 -3.641876377536131 -12.44609475501072 0 -3.356789548192554 -6.197364163218984 0 0 0 -2.61283477836462 -5.074302495868706 -2.653723226714633 0 -2.93708985570888 0 0 -1.196390306410244 -5.936637987192524 0 0 -1.927095865029512 0 -0.9014206748512748 0 -0.8395260753418796 -1.456922742076213 -2.019269417742461 0 0 0 0 0 -0.9234777122385851 0 0 0.3305676911885915 0 -0.07157096261775386 0 0 0 -0.3796415930893944 0 0 0 0 0 0 0 0 0.9331385763410911 0 0.175222544148412 0 0 0 0 0 0 0 0 0 0 0 0 0.6856966589496224 0 0 0 0 0 0 0 0 0 0 0 0 0 0 0.1518589050084058, -1.13518414644622 -6.666990001906231 -13.04263985920868 -8.502222575989176 -6.142917451370803 -23.94117747764435 -23.35163816992833 0 -10.82405872440546 -26.05481522836628 -18.89860723725538 -18.33403730870453 -6.426589792176719 -16.60471884733003 -32.63014140321248 0 -2.461588802681551 -24.44047783307259 -15.10859491047398 -12.17537861381099 -7.848213303986279 -15.89059258374213 -12.06717943011184 0 -7.882390774758026 -3.928243101086233 -7.085006186098961 0.2599342511537051 0 -9.995830150914882 6.542898928259485 0 -0.4390592733685339 -0.3474125199140605 -4.092160227395556 5.440315645185398 -0.01443288629063399 18.08260361388582 16.9928318578117 0 15.83955494982084 25.76753863510596 4.990176427697616 -3.278791408314025 11.56235229396199 10.16430894974267 22.29998402413262 0 -3.020681305147983 22.00113342249141 19.24500461788344 29.34729678850718 8.685571653521507 38.7067077905071 47.27987678926883 0 6.238174682046349 10.79495732279602 18.98338340794804 29.26387449179247 0 0.8124558698872504 32.56575998882633 0 4.116889161609076 27.12219598116249 28.04981762604897 7.646378329387616 8.346455738318037 39.99530437225287 -8.580013393809526 0 10.77109052719858 9.459531013465032 28.4222311166531 3.745884279044154 -3.257291875195905 2.329042650838659 1.397459010270858 0 6.809295936815245 5.086936437562819 4.886594033510172 -4.503181016800274 8.550493383976828 -4.142013284296638 -15.50834308897477 0 -5.794774100569992 -4.374752950280147 -4.249133376984136 0 0 1.242191179404148 -10.67935784176584 0 -0.1665686089209829 -4.23785252477817 -6.941325191884234 -14.42241271125347 -2.811809046005808 -13.98662114212008 -9.798366819897501 0 -5.873861884018525 -2.596230728926488 0 -7.382569370969749 -0.3676318281098379 -5.267854964247671 -2.802393952498584 0 0 -7.082357022095383 -18.18281876737219 0 -3.304568020814131 -11.62156522071013 0 0 0 2.095189968179402 -8.140943106020011 0.885152770537224 0 -0.1250219283710448 0 0 -2.200157991323585 -7.496987591848171 0 0 -3.477936369979963 0 5.162209010118932 0 1.733077967011917 -2.312723158980855 1.879265088297875 0 0 0 0 0 -0.817163613696779 0 0 2.786728148553272 0 6.411669469230837 0 0 0 0.6832088955741968 0 0 0 0 0 0 0 0 4.792339507727632 0 1.895051502198717 0 0 0 0 0 0 0 0 0 0 0 0 2.690684537516204 0 0 0 0 0 0 0 0 0 0 0 0 0 0 0.4960970785109948

Number of steps = 20
Time to complete flow = 2.897131e+01 seconds


ask_starting_lattice(0): EOF on input.
RUNNING COMPLETED
Time = 2.911733e+01 seconds
exit: Wed Oct  1 15:52:59 2025

