hwloc/linux: Ignoring PCI device with non-16bit domain.
Pass --enable-32bits-pci-domain to configure to support such devices
(warning: it would break the library ABI, don't enable unless really needed).
com_qmp: set thread-safety level to 0
Wilson/Symanzik/Zeuthen Flow application
MIMD version 7
Machine = QMP (portable), with 8 nodes
Host(0) = Precision-5820-Tower
Username = luisneubauer
start: Wed Oct  1 15:16:21 2025

Options selected...
Generic double precision
C_GLOBAL_INLINE
type 0 for no prompts, 1 for prompts, or 2 for proofreading
nx 16
ny 16
nz 16
nt 16
LAYOUT = Hypercubes, options = hyper_prime,
QMP with automatic hyper_prime layout
ON EACH NODE (RANK) 8 x 8 x 8 x 16
Mallocing 10.5 MBytes per node for lattice
Made lattice
Made nn gathers
Integrator = INTEGRATOR_RKMK3
Finished setup


reload_serial gauge_configs/pg_00008.lat
zeuthen
set staple to zeuthen
exp_order 8
stepsize 0.1
stoptime 2
forget 
Restored binary gauge configuration serially from file gauge_configs/pg_00008.lat
Time stamp Wed Oct  1 14:46:56 2025
Checksums a163af9a 286f2cb7 OK
Time to reload gauge configuration = 6.244588e-02
CHECK PLAQ: 1.9656513243871545e+00 1.9679595546912800e+00
CHECK NERSC LINKTR: 3.6725800296497996e-04 CKSUM: 65d221e9
Reunitarized for double precision. Max deviation 7.71e-08 changed to 5.55e-16
Time to check unitarity = 6.151915e-03
#LABEL time Clover_t Clover_s iClover_t iClover_s Plaq_t Plaq_s Rect_t Rect_s charge icharge

GFLOW: 0 0.8790176502300424 0.8792719297007852 1.96794859876633 1.969414086512765 1.967959554519237 1.965651324401703 1.4016883152848 1.398984670597334 0.7983769685988051 1.043190095079289 1.385607487200327 1.914741026136742
q-corrs 446677.764136991 70476.66790867134 -68924.67666345133 -13868.2004277324 1012.024926484378 3799.048023292388 1503.206545679193 0 -7286.218796584489 -13504.95916027186 2493.193258651038 20628.93147095748 2009.743159457264 -9013.379705667132 -18688.59871145755 0 -13379.85221805862 19162.95101274842 -2397.702487888368 -6096.824370180253 -23368.99444319237 3608.404975333259 18892.78675353834 0 18494.01082853117 -11385.8345739026 -6637.734464094421 -31441.356075234 0 10393.66077699765 28926.83396432082 0 8734.426495653472 -32067.46631111586 -2418.300914292053 -10475.36215313201 6505.389804053254 -1578.339111635531 21999.82612258998 0 2303.728385899853 28277.40451203303 -22597.09058304757 12486.95869832952 -2919.056028171995 9629.316554144543 -14255.19784777605 0 1526.28843948783 8684.348767192996 -2776.557599634237 -26791.23789804078 17624.87346568871 -22895.13227307824 -47934.6463567428 0 16398.05262158249 33449.15305251972 -24561.53935208661 -13176.20501594765 0 9823.47040699551 -20789.07470580667 0 8549.010939167676 -43908.93000759897 -586.1267579231426 -12283.47398803409 1378.617650877616 -4210.063835335539 11865.54108443587 0 -10147.58519365647 19727.99128252642 19661.63768816543 39110.94100522742 7634.873798207524 9931.539841168586 23912.32894219911 0 -35.89624226775504 24209.52055980596 -16848.75189710674 -13731.55733275443 26351.36423158493 -244.0246164957284 2678.651008274451 0 -3596.583009122678 17537.02482029475 -7458.053986270755 0 0 -520.3884458169896 38854.41681436753 0 -11947.17776367667 -3113.288309712894 9981.68783441119 -16789.97596886853 3125.576266893557 39993.38757149169 -6574.508511464798 0 -11027.13152711408 28420.55071017229 0 -10051.10140127176 10815.62478771877 -3111.690168663165 -17445.94537134235 0 0 -18390.19483833616 -17704.906792109 0 5352.366718035144 -928.3850993698984 0 0 0 14772.34213166871 13551.23359961644 -1833.874066254057 0 -6693.982840260973 0 0 -1686.267696953467 13929.54621737209 0 0 -5132.729774372764 0 23355.38041654221 0 2014.422424998538 -8272.4812723168 12379.77004337386 0 0 0 0 0 11033.1239796681 0 0 10373.34365079308 0 9378.193502252519 0 0 0 3075.677182523434 0 0 0 0 0 0 0 0 -7177.518737405135 0 -727.4706555160803 0 0 0 0 0 0 0 0 0 0 0 0 1269.080021876212 0 0 0 0 0 0 0 0 0 0 0 0 0 0 -156.1948147094085, 12941.33868098383 -32802.11762053637 -18526.26768971713 -9697.069298172404 -3855.001824365907 522.3969461830166 1586.723557193212 0 -4324.872109110258 -3131.081568635258 -5694.50190959915 4338.456451936247 -2321.836818003245 9014.062600438676 -26218.7708615586 0 4172.875404072431 3595.323849379114 34574.56161300925 -16203.90032061435 3381.750663688153 -1049.194815904258 -5628.511427586886 0 9199.698232588638 2918.922285965123 17977.37249961733 11591.18959759059 0 7337.379981486469 -6978.502377498488 0 32.78878648894306 940.6409815219904 -5617.735795323519 -475.8303030032384 -98.28242965145546 9370.158566976741 -12947.3348134796 0 3778.003268643634 2581.158255520486 15848.533125095 5269.417425318852 -9098.262775794252 2297.236159347816 -12204.49313980309 0 -2097.528309434741 -14358.20139207442 12854.76180190388 5458.02095408782 -5092.586092049993 -2469.407985923964 -32818.43246440208 0 23782.86734837091 17093.34290772551 11735.35725642564 -22653.03605505064 0 83.08035416738494 15573.06027150847 0 -1101.633288072069 5259.969044401223 20289.5167807762 10338.64867647561 3558.870163525177 -27530.47506506858 1117.644396135265 0 -19811.18285412553 22666.5746588527 -20932.60851306918 5810.950955364688 -2348.653967190182 2530.271196391095 32040.21541702325 0 -5331.202679768787 -12088.48753311565 6486.558001455897 -3265.756010124868 -6432.488220965937 12616.41872654222 -8532.594718525679 0 -13265.86841176127 2859.255533408784 -9123.943106259707 0 0 -13526.51480737892 2650.870141966091 0 -18568.94332284745 6379.859083377498 -771.3211358850117 -494.8810259971397 4161.662507282902 4793.194238546372 3273.539490278936 0 -3413.993181225973 -8786.816144644585 0 1141.311964890553 -2145.482338095234 5385.662148668282 -2013.916548405408 0 0 425.0586057004552 217.2371615793645 0 -16291.21239290852 4041.69037563951 0 0 0 -2101.418218972275 6957.705596115284 -8738.207366502704 0 -7044.074480320407 0 0 2798.625801413177 -6044.758006841754 0 0 2760.059287773182 0 -9447.880564642825 0 -4726.245904727879 -5344.958277037518 -2490.762659493215 0 0 0 0 0 -2414.249510260469 0 0 -1423.926083541605 0 5789.106159246547 0 0 0 -8194.537651388233 0 0 0 0 0 0 0 0 -3861.243551309748 0 895.394839523645 0 0 0 0 0 0 0 0 0 0 0 0 9672.177438733521 0 0 0 0 0 0 0 0 0 0 0 0 0 0 711.0285855758368, -785.1862776308653 -1621.095776280175 -12334.9133391693 1504.088107529334 3748.110235153408 2060.179927564544 12336.95612830433 0 -14369.50469101105 -3168.418249853937 765.8866610398716 12199.75890435067 1222.032343828615 3485.670316744332 -18968.78788790484 0 -3175.351377479411 4297.376365426941 17306.29300786486 4060.992906902864 -7419.878089092299 -49.9001387368985 244.6018855759094 0 -14074.56607265856 7358.248725793688 -15418.25132130655 1150.88882997215 0 7431.498858181846 7652.504915418142 0 -2781.676320738395 -36918.90556092231 -10266.23423831442 2362.370424577706 38320.28470548888 7616.871041328584 2231.018761931203 0 5224.811200597479 -2344.89479259256 -22687.65192882714 5029.643819151557 -18985.26440661323 8658.020522524534 10177.0832808647 0 -1594.960111420661 -7665.55609275189 -30663.94914357583 -7182.486434383872 11910.97552076541 -25116.74986736743 -12674.70481259859 0 12451.66792173469 -16666.9986786849 -8166.271191025566 9044.379831724167 0 6157.907957125954 17122.443867076 0 7487.891094746355 -27852.32125637496 -8145.781604604993 -8568.921700797246 -151.815851383024 -35626.9041712199 1131.67630788082 0 7717.213968943987 -1712.483341440949 -13300.4761519889 5686.220184901142 -13969.84658515257 4238.661893267134 -6921.294106312118 0 -4128.667047666553 -5346.897655145852 -2940.909589953417 -21231.28662617592 -846.1673180512112 7918.988604738955 -6307.429596441374 0 -3014.788078791928 8411.104695761049 -15603.52104876065 0 0 -11192.17865670351 -381.8412941903116 0 1306.231923693379 -2142.513533167167 108.9641670224678 -18991.54212340251 -2412.832411973964 -4084.884161443573 -4581.683164065191 0 5908.202117079277 563.571418043955 0 5160.518336587973 -5439.018896072329 -10514.44149786225 10204.51669738892 0 0 -10849.73654313887 -21311.57189492804 0 -4846.555999456792 7479.599271438166 0 0 0 -2891.312749880193 -9441.551943637218 7017.016184375539 0 7271.529858793862 0 0 -2346.268594326502 -4561.583630446631 0 0 -2191.367730670854 0 5379.558485736306 0 1702.160986973745 -7078.205343697506 -923.0082366480024 0 0 0 0 0 3812.07814981337 0 0 -6909.204874749425 0 -4941.734145873215 0 0 0 -1938.976296857798 0 0 0 0 0 0 0 0 -1098.955427525669 0 352.6337758303048 0 0 0 0 0 0 0 0 0 0 0 0 2820.870839609923 0 0 0 0 0 0 0 0 0 0 0 0 0 0 894.956900366342, -1637.606715503139 -3067.980895426607 5623.885105850195 1479.605933227566 3743.612235527464 -7805.409330521464 6807.856811557049 0 627.4015408396563 10057.35619446134 2193.025140741981 4337.632039297783 9688.547696383157 -5159.91628735972 -12084.58122608316 0 -830.2979071186994 -2680.968304446029 -19598.25781670726 -6603.403339795163 -12457.30192922978 -24825.01254457899 -10351.61991012959 0 8630.020325339421 -4597.830344554271 -7905.121311936349 -11752.22715467812 0 24972.17062628444 -4436.199181337249 0 -4488.093723165592 -9426.043291310165 5978.220028354061 16912.77097074625 -823.8231766002446 843.3815938580638 -1470.995991994332 0 5053.73971557586 7131.855861631948 -9915.414262164431 10834.44412137511 2668.546285117688 -975.7821424849772 -433.3668225542024 0 5164.239277157645 -9861.282834261507 15898.46056446141 7289.744657448208 8280.894392877861 5307.620706376707 20561.24574789738 0 181.1398742831825 -3537.798707188386 7848.111970203766 4874.650527448931 0 13688.67362988331 -17130.05363107844 0 2514.440999361777 3630.679949572745 33833.27748869159 4711.197801443008 -12301.69126782685 5632.161645332924 13611.51698777917 0 2349.328430777752 -17128.26414662433 -1550.881087262416 -7803.770121260648 7187.558437492419 -25615.4221194143 6515.891133757365 0 12257.71314021346 32624.26716247904 8337.832174037572 -1270.431012588679 -12177.28702225133 8581.72757592332 -9028.821408598893 0 -8693.826791666426 -14937.04705018917 -4098.932081599138 0 0 -19111.61582847611 -260.3673251630307 0 -2206.342933970144 -1900.910649638001 1680.115897281854 -3764.379915339498 -1973.599336556524 4162.765765088586 7826.615958252708 0 695.9835063741421 12314.79053471758 0 -4423.975921294886 -9162.154790860306 -11163.1873195452 16139.6979522638 0 0 6190.739003609051 21448.11784574598 0 -8994.855292099959 6002.960416358697 0 0 0 -2553.525501805749 -3873.16658485771 8029.073093821573 0 -3077.396153325963 0 0 4848.853109388689 -4396.659155165939 0 0 1252.991403165742 0 -1314.235550329376 0 6898.820371539127 -877.1296831722289 -806.9478836386668 0 0 0 0 0 -4667.536590849073 0 0 -2206.343071877901 0 -126.1683529924003 0 0 0 -10746.34959140901 0 0 0 0 0 0 0 0 -833.6979591516833 0 4312.946561614919 0 0 0 0 0 0 0 0 0 0 0 0 -1154.13076965706 0 0 0 0 0 0 0 0 0 0 0 0 0 0 12.46640579625773, -524.3029445161665 1087.941118128463 -238.5835273821026 -5707.992718129582 1484.247943160926 3174.184837692555 8308.382837169085 0 10648.72354044956 17287.66172966526 -12343.17983991565 4055.148957286351 1069.176599098887 4151.146210217954 5236.688087959601 0 5777.552953343658 -21851.56733346511 -16129.61243570652 -13023.63554140987 682.1981590288669 2350.214581663483 -5679.424599123342 0 -4372.759071504712 -246.9440202104852 -12591.45580371199 -9748.267210267326 0 -4069.999067477947 -1731.793513627452 0 -2666.92000860089 2443.657500767211 937.3480860306572 18813.12779776309 7090.664282073204 4609.600980723377 23763.68162302333 0 3599.164876965688 14209.73125960295 464.0113150209691 2271.551760336862 -20155.54483793047 12205.91797890893 -2935.539632308145 0 10879.78672395711 20453.27056467963 -14055.23886300658 -6120.192116485428 10568.52590161364 25352.9907375095 1652.299568025895 0 -6795.861294624221 25886.33805600455 10318.90676704995 -24532.22671060523 0 17842.64328651907 12979.03910988102 0 -366.2221794097738 4449.654905370297 -20730.20853754912 7217.437950127931 -2691.087629518514 -834.4068551742257 -16127.03954790027 0 9152.651837331983 5614.739335152702 -15138.87806842338 30559.18824412783 11215.89920634103 22619.13780810749 15456.27506462562 0 -2459.107517547667 -4298.813858591455 2873.153269782872 13328.89273260653 10627.56245605448 7200.624036372024 12105.81435265165 0 3349.182073487727 -10382.60746987108 -8632.807410188119 0 0 -933.2472252403104 8666.585893422904 0 5623.892990602245 -1490.748759160915 2243.047807854839 13915.48662356502 14129.30912608438 21111.62571635578 20310.73843021055 0 -1795.415547451514 713.919045150278 0 1902.180979158902 -8804.876605482083 -5967.829518155229 -9462.993790671215 0 0 -13038.66672963139 5178.823228688958 0 -2721.882073941679 6191.232424667235 0 0 0 -8660.203179643702 -10741.27539397663 1083.326335439009 0 -7687.55947654597 0 0 337.8014122941258 -9907.945615269016 0 0 -1946.723436711211 0 -2606.49649407444 0 -7124.581155604326 -4767.038393900549 -4643.49653878562 0 0 0 0 0 1495.028812682162 0 0 865.1484377214267 0 -11433.21780497342 0 0 0 48.85522094804082 0 0 0 0 0 0 0 0 4983.447053615389 0 571.4888246146354 0 0 0 0 0 0 0 0 0 0 0 0 3440.675970603329 0 0 0 0 0 0 0 0 0 0 0 0 0 0 -624.0600440378131, 1118.322349016695 -223.585247738813 -1629.008378263584 -2253.577174265524 -2430.445848516223 -1554.723888481067 -8437.249937618923 0 190.7163651727778 3722.830826157892 464.9889900195558 3653.250628240511 11338.59092083191 2414.680326684304 18039.21932268855 0 -5924.895393653142 15054.99876543527 6357.604579850144 977.3971862781173 7712.631859602683 9756.996753874382 5166.288425615117 0 -8949.726834658028 300.71280673305 -7224.803153722015 7862.704000234417 0 8669.583066928575 19950.82716698338 0 -2283.931417290638 -3052.002106762831 -21656.7422147339 -22435.92833375684 3519.799951254299 -8286.485074333039 -4988.575225210313 0 -11361.796577259 -9817.327452512458 9118.862866494099 2710.303508620609 13134.38154600273 -18581.8332685225 -13836.03841053901 0 665.3013459666072 9620.235575899753 12534.96652315182 -7811.353741116558 762.0753933443234 -25037.08458450063 -19341.47820046692 0 4779.645835914285 8580.735986593761 -5980.013867577454 -3713.141617665782 0 -6255.489792888811 14660.96336746389 0 -5292.731432677569 5905.52139291437 16382.66974212901 7935.713879973326 -476.1815928459814 3330.337557390737 -4455.205613904159 0 5485.507302232942 -6691.434884515718 12184.52397512542 8695.697386043566 -6613.818764374515 -2806.303183550778 16035.00266071339 0 4863.277332709667 6444.990469076338 -1385.625469395603 16906.23206972951 -2064.89474446228 -12803.02523858947 -8557.350783558873 0 -4649.636341493534 -22036.60467742047 2247.424284208111 0 0 -3504.935682027851 -18429.28717734265 0 -8907.311679650284 14550.88630236693 22697.89575350617 10354.27845730585 5290.278975402766 21912.32220292954 5140.111006442369 0 -12737.13749622752 -11729.91314071319 0 -1809.34562208086 -1265.358795983525 -427.8295741680408 18163.71605168995 0 0 977.1862708646327 -8817.31368871116 0 7857.273680909422 5535.719818639231 0 0 0 -13970.2964545521 -2286.525755428948 -4257.763979354088 0 6361.413718707306 0 0 -3157.42440572489 -15332.36239728429 0 0 -3721.6244334696 0 -101.9643396943729 0 1269.433443565633 3955.838915604109 10153.95909866473 0 0 0 0 0 193.675626587443 0 0 -125.2517594365956 0 -3824.809133484344 0 0 0 4506.898417797475 0 0 0 0 0 0 0 0 7759.840457554007 0 -7421.528818835815 0 0 0 0 0 0 0 0 0 0 0 0 8994.668902827125 0 0 0 0 0 0 0 0 0 0 0 0 0 0 2060.717611891666, 2022.043457716102 1825.419954786909 2193.942423988598 -934.7663947507394 -1318.764438198898 10040.57657829299 994.7242093531188 0 -7090.868523326399 13182.206182708 8556.187962615864 -7527.486009150777 2649.841225126296 3659.170009976022 -13861.88469572543 0 -6024.12043765037 1673.696992507343 -9422.038255996806 -7437.884465973174 20464.5346489458 195.2115904508155 8200.346308026032 0 -5974.928746397649 -3950.635708695107 -25440.69290380893 -2958.095671575858 0 -25581.52327274945 -3280.015606369087 0 -6692.959688397988 -25923.22421706942 -12202.38319131154 -2487.240929667974 -2024.279069607407 -1845.023695186475 345.0876195687451 0 -6072.527200818828 29957.71917565787 -1781.917164932362 -2612.598383045281 -12525.29084879348 -3996.112882324548 -6944.692139083167 0 -1382.993913608776 -9330.242947363451 5466.297569139788 205.8636837041349 4554.94336188875 -10283.36504651662 17935.7295541969 0 16331.48554487615 847.722811468393 -9884.460442297051 -13008.86681910399 0 -22133.1195532316 -1149.430043814369 0 3687.623740864926 -16991.28006918771 -15105.09095423034 1353.647735526053 6720.411445192091 -589.1830398815946 6161.922298619918 0 -1646.281569832121 12989.49917965586 -18204.90162491187 14089.96843064159 -531.3585937354601 -359.3216366999195 -15267.79446123683 0 10713.94495127561 18439.858708838 6529.805270256405 -22422.03802184323 1905.178138612823 10985.38646327094 -5293.816559090918 0 1864.887488069251 -7371.265869846746 -7320.850344832113 0 0 -12912.94646195377 23650.91665473667 0 -4436.225763334752 2422.898440999973 -18765.94413609459 3261.994196675891 1020.786369842453 -5068.960088821193 -7403.942429094483 0 209.3800476405459 12496.07086728532 0 7414.567135868558 -2738.89766440499 4805.922474106019 -16629.97001789338 0 0 8269.344592984025 6685.636970008021 0 10518.28006223707 -10856.08154348129 0 0 0 -5428.315957656827 10602.30685838338 -7458.779486491945 0 -9913.616887593749 0 0 2792.198635756536 1376.593349994715 0 0 -6160.581039822261 0 -10691.06384032569 0 -4106.088142123835 9966.577786429985 -21481.30787190745 0 0 0 0 0 11795.1015316056 0 0 -9688.009602453001 0 -4565.899004724628 0 0 0 -5605.703025304429 0 0 0 0 0 0 0 0 4185.699934027623 0 3224.546944917142 0 0 0 0 0 0 0 0 0 0 0 0 3136.785414465829 0 0 0 0 0 0 0 0 0 0 0 0 0 0 302.2110272751564, 1003.071936260555 197.6229876420166 11196.29417022622 2101.602993959269 -1063.150405929058 6697.795917401298 2248.455185756111 0 -2390.010139007082 12852.51845585568 5903.83164386032 -5564.759208536921 -10826.86103264112 5046.830925813239 -4549.750263660935 0 38.58414829206049 -11104.02415378782 8792.370835632499 15407.32404419132 2842.258396573849 18425.83836718027 -8641.291547565037 0 9035.972948888037 -2740.114884202872 1864.637438450885 -807.9419831958062 0 -9161.724161015369 -1562.613011568658 0 -4619.729581930277 9488.487150463417 4555.083963842309 -984.9142989752786 -11465.54983081024 -9439.243821229964 -682.0806382162536 0 -1116.642706712188 27492.93312898879 8561.897044719177 -250.8739144194933 -10502.11290059258 7058.823834873991 2895.94683203298 0 -3659.534966885282 -4607.658233219958 15191.37905225496 -5459.834453258509 -7189.001450783715 5972.862639608896 15080.47881506513 0 2093.840151805352 -2126.619866671651 -3014.902043913136 27760.53414899833 0 -3045.468996884188 -7220.634394150669 0 -1004.634528519399 -394.278385671907 16978.23240256185 -5296.0341526385 -2297.933399964713 -1836.444826523216 -2000.839728017112 0 -15762.20483823875 5836.511548769988 18353.53618950466 -13457.25611948443 4740.880525683968 8344.884579076606 2818.418945535413 0 -11349.22269124039 -7851.592694016783 7393.951912970893 -15123.25489689707 9231.268629819981 -1427.505529312256 -28600.9663183338 0 -6486.344207472966 9982.796087534429 -15353.53317454246 0 0 -388.3572578313797 1943.027110631425 0 -10607.30576439123 759.0650857630726 2428.801300693357 8524.305940929671 -5410.6465281353 2743.80590085903 5043.23317063793 0 999.8482482543752 -6934.198031118152 0 16886.97687899454 2275.30159808007 -1614.099446905422 -18658.16908731694 0 0 -948.8164844736148 4056.248238210973 0 205.0786270338372 -4811.158644646798 0 0 0 -1683.807173165947 3225.652314936744 4708.80633167425 0 12714.82301449096 0 0 -3001.365336968424 -20902.84204583598 0 0 -1828.880388177448 0 2055.793096775957 0 -1892.861546961877 -77.40622009546655 -4078.651823323972 0 0 0 0 0 4074.644567387898 0 0 1937.558324625996 0 -2715.220755845944 0 0 0 -4585.039442046185 0 0 0 0 0 0 0 0 1539.082689762624 0 5456.604848287045 0 0 0 0 0 0 0 0 0 0 0 0 -3837.446662953734 0 0 0 0 0 0 0 0 0 0 0 0 0 0 -126.3316959062326


GFLOW: 0.1 0.5092866425820797 0.5096713087149209 0.9726663117569549 0.9738557936177894 2.680847812346033 2.680481870568256 2.339041557206887 2.338344867689246 0.01328255618981657 -0.02387052562092978 0.1750567103202381 0.2027079515195675
q-corrs 115795.9015564754 94198.31682465484 1320.129311459471 -9230.29415622673 -7675.950810210343 -11956.26153378055 -5735.500901079131 0 1.271425363049389 -6922.888293095265 1481.811839757825 953.1730489716357 -444.3905407288833 3365.21188454819 -7491.572666158814 0 416.4689891037116 361.1542158934028 3361.340695205733 1314.909341902696 -2968.31529055474 1675.991772149851 1114.070465461665 0 2561.282305530393 -1989.110425958671 -2165.588118599263 -3533.732155177881 0 -509.8094697859528 4356.953467949738 0 694.8188796363493 -3766.254882577142 -4118.202423508454 -1972.987194514762 -4172.216441129272 -1378.436491171438 5728.39914861053 0 1398.966418106415 8387.160986366271 -8979.030293480108 1761.296308478663 -2887.737072733153 -2009.867366853256 -8713.346703434228 0 2440.233558322928 1595.247684057372 4629.98919261931 -279.4593227388496 3746.670573021701 -16900.19771619203 -2596.687597728884 0 8.826973454687504 6245.556495185605 -6500.022912872488 -12235.69706433135 0 5487.581754901177 -9614.791336575377 0 2177.054630908457 -15954.37073455065 1723.990551196086 838.2260196389848 1751.603450809657 981.4616740176907 -892.3354997101876 0 2511.506313910634 -966.368447598844 2996.371570899839 5159.380363594261 -2424.967041920565 -4649.279428529924 -1400.512466026083 0 -2552.086439400519 7910.731708851165 -3766.690346956598 -7552.793351092892 746.1896824070842 2784.46998473806 -2573.296674181805 0 4161.315287610054 -3596.490104105269 4634.238293987657 0 0 2206.00160161438 4684.02813258145 0 -2348.795620334723 73.9914856372252 742.1258687186396 -8401.585447216665 3064.013938878049 19959.79767625957 -3185.665289760903 0 2376.001430176198 1560.575294205628 0 -2521.618329489097 -1539.381276333417 1352.402812826827 -1592.430609354872 0 0 -2432.74773116406 -5062.643091126396 0 3032.995771112352 -1626.104226636525 0 0 0 1702.543073919338 1671.352374513417 1516.176452794763 0 1272.333405145607 0 0 -828.0532219454076 161.3609068849537 0 0 -841.766746632969 0 3630.508176526411 0 -718.9425190578718 -937.6849855019925 7636.568514402892 0 0 0 0 0 -260.6428730484515 0 0 1705.420571479928 0 1572.334451922268 0 0 0 1834.899183504589 0 0 0 0 0 0 0 0 -1542.121528767716 0 2309.537324451573 0 0 0 0 0 0 0 0 0 0 0 0 -316.8469942257278 0 0 0 0 0 0 0 0 0 0 0 0 0 0 218.430688922353, 16210.96868726346 -1411.124301743466 -18064.59992530339 -8128.3517387885 -4370.641264364575 -9477.699711292873 -3123.688250225828 0 -1978.233474630663 -838.674723838542 -922.1708163353419 223.3999444212115 174.1328818954237 476.7054297258899 -5867.772052752623 0 1928.612206509166 3984.152154697244 7089.506613590145 -1979.176522145707 -1671.338025330668 -185.9883337399161 2129.927080216097 0 2629.639137295677 -2069.772782358294 732.6111052603712 2917.686221562185 0 1102.73334003423 1203.507995064549 0 -763.574079364718 -3240.568718033993 -827.4753125127024 -2136.108007068701 -2740.109002856093 1793.8530562708 -989.7302346152801 0 1652.088999858951 859.6528696492169 -3520.382279429695 3303.388500597284 -4902.655859949688 -3762.68258422171 -4147.490769085583 0 664.9830214567071 -1214.417341848231 2866.92445944578 3270.815117573942 3159.498477584641 -2861.486387579299 -3572.250075128417 0 3274.292416716482 176.722806431746 2532.765279518171 -4343.322150114303 0 -903.1619438274979 5789.129263379225 0 143.7996881012318 2554.573242529964 8469.557871752892 524.4590343346258 358.8153377424569 -2192.544905705385 -2051.898848775205 0 -1207.088093415225 5838.992065814595 -5357.79379987578 2502.803251077004 858.8792480597792 76.89902561973395 3376.781079465951 0 536.8300248868039 4464.479859207166 632.374484958725 -3031.637810944563 164.7515034274365 2496.472168744569 -1909.777292953134 0 -2828.566134425797 1463.540817367961 4195.895962054359 0 0 -2431.110795317861 -446.2674764660958 0 -937.491106763109 1289.990192645676 -1240.740435103723 1255.718963463816 850.2323485986216 4350.053474210141 4820.130048009571 0 761.3350759805322 1527.778256670705 0 -1193.85245478831 -1214.367842267159 -4264.649594822772 3126.894930331142 0 0 -518.5707225588103 674.833012504697 0 -2840.069659630684 2648.278243925562 0 0 0 291.1523318965095 -351.7883753928977 355.0198040230204 0 231.3286776001598 0 0 436.5781755713684 -4722.279264337263 0 0 1018.338837467096 0 5.192040530040458 0 -393.4580281722224 412.1988823856453 -2198.515333403851 0 0 0 0 0 -1347.325082388964 0 0 -176.1197570476676 0 407.2225174544351 0 0 0 -1340.568669988397 0 0 0 0 0 0 0 0 -482.0275334241219 0 1621.020020463529 0 0 0 0 0 0 0 0 0 0 0 0 1550.084275873973 0 0 0 0 0 0 0 0 0 0 0 0 0 0 252.9062280123165, -1215.66690487013 -4698.374481316971 -4163.830495017513 -121.4589337664289 -425.0556542760612 -4114.08088821053 2380.515682522849 0 -4061.541205039864 329.5527238215252 218.0199341796982 3823.663378896853 859.3454628171058 -1922.343862853487 312.4676621718702 0 603.080529045816 1919.168660220682 3507.769219049725 828.0755142411027 -895.0928601893264 2175.932161127422 441.0586896345781 0 1390.859418583692 1214.340777588101 -2345.078053572635 -398.4297589755315 0 6002.420856264186 5132.655819585745 0 -819.2354042463292 -3028.081094512364 -477.8743901599455 -981.6137567473667 5883.494764066547 3694.505346434541 3618.957048539013 0 5283.810499979395 4117.23940728941 -5924.447947645775 3003.71213424502 -3565.398897346789 3573.287623431821 2435.713421302661 0 -747.7895978040463 2852.243909462418 -3549.722275650658 -5291.242188203029 2485.608402346048 -4807.709520290212 -1516.66904337083 0 888.6775012284963 -3230.288945712956 -1992.827999082795 -4280.222707810525 0 3812.596218381732 3185.756245688416 0 1048.77636549581 -7451.521477818065 1230.88365475009 -1985.264530946589 -5088.461098949916 -10855.88786054112 -4217.977947738038 0 1703.964093196591 -516.6981377408802 -7291.944208126975 575.2543232286476 -762.5583483757769 -1902.175566919523 -134.9737258659039 0 -428.0355144323316 -2347.370980056145 1146.12806795284 -1933.863667757796 -2552.018846738246 4247.052551306611 -4583.72453469272 0 -171.3103376050017 5864.854438250477 -7081.856749862347 0 0 -3229.549523023833 1273.365665304822 0 1012.094784151394 -639.619073291698 134.0440496006551 -3458.2250610249 -236.4347653497759 -3952.309440823114 1621.293944578209 0 -470.4859636686683 3632.409267271416 0 616.4544215160959 -1577.345004739226 -5112.199247545881 1132.110038598418 0 0 27.44334041757736 -271.3261720101048 0 -3901.382003120299 -698.384237037496 0 0 0 376.553145904111 -3460.641698912194 483.2486589060163 0 803.7142669514045 0 0 342.3004601454848 -2500.746978773629 0 0 -1422.945507965057 0 423.2090946678392 0 -455.0920003101189 131.4099633266338 -1330.537008706173 0 0 0 0 0 1482.077647140718 0 0 -257.7550444302275 0 117.0607315239261 0 0 0 -1228.773264711351 0 0 0 0 0 0 0 0 2199.39752904696 0 1184.205138378165 0 0 0 0 0 0 0 0 0 0 0 0 2004.623351647253 0 0 0 0 0 0 0 0 0 0 0 0 0 0 107.2782572638108, -238.8640273906701 -2337.420837715923 -1197.029132750471 -462.3397148275633 -1212.195410272682 -2783.839276739586 1662.07544197413 0 -189.1463888030431 7174.366720212395 1439.278747876186 161.0950594327619 2777.031832829819 -4487.627723469571 -5442.258222117312 0 1317.318865286844 -619.6517329210121 -7499.030050268833 -2443.780507266857 -4929.577450030001 -9755.641633673535 -1900.160230020781 0 1890.129900320997 -2275.827916536968 -6402.566128140304 -2631.712472361804 0 2302.519685084769 1640.770361925594 0 -2743.013588305128 -4312.768238517394 1233.741976036535 5407.116905198103 81.27053931339947 -539.6963453582143 -483.1053275270475 0 2268.127991006448 2068.448064383955 1982.222149810946 -18.92907553159398 -2985.375999342681 -287.6559834872025 -1780.801047952462 0 2576.632869050736 -2485.828565587299 6497.626401191341 4429.342734410073 1623.82838472835 3408.484796527489 4521.637548799233 0 -240.0180524204761 2416.760076488644 3116.964620856566 888.5655374807184 0 581.5247788447222 -6034.340155829475 0 398.2496439281289 5330.734190894635 9698.704351944265 1642.148806667434 -3473.030273282345 1175.010795567226 2841.783158889373 0 -2387.415260868416 -6187.050553147512 -5669.657278443281 -2186.249057164532 356.7819845025645 -2677.175565750221 3613.872346319404 0 2774.270665427519 1411.991552665458 1845.204617112832 486.8870400333528 -3537.78102484083 1198.127372534599 -4940.452954474519 0 1876.970817795849 2080.85752191458 -4404.300191167342 0 0 -809.9943286336928 3256.403483429568 0 -759.6344299821408 2442.506875471702 -1981.392797189595 1029.171211819318 1434.606214788805 1563.454426319405 3766.279312687918 0 383.2861586625594 2366.516373403261 0 688.3689474347107 -1058.251052274638 -307.789509797864 4320.172411750716 0 0 -7.242348736555471 4402.911852546982 0 -1350.098204136044 1525.583689673516 0 0 0 130.8751439323116 -2651.478854310472 1997.052678354746 0 888.036367284576 0 0 497.3870698669854 -4183.857375779222 0 0 -167.4361476833275 0 -304.5510289843147 0 1554.98481005399 -1332.736329851048 -927.4550288305522 0 0 0 0 0 -2685.439869999811 0 0 -583.1883159542823 0 -213.877042628036 0 0 0 -4323.653381840441 0 0 0 0 0 0 0 0 -1908.845896197582 0 -429.5410796262646 0 0 0 0 0 0 0 0 0 0 0 0 -1288.59193938541 0 0 0 0 0 0 0 0 0 0 0 0 0 0 -279.9855471317314, 1.240410022081051 919.7550556900325 1196.323804013577 -839.4499125140046 -110.212859104589 -772.5651677149049 -530.4267461500121 0 3293.212029981609 4417.945316678724 -2325.573978841424 -2462.492715461763 -2098.314175054259 -3882.50526573457 -8444.333671258843 0 1613.949069128069 -6612.475553013175 -3718.690494870551 -5115.967328059573 646.433583862732 -3633.119023378042 -2470.61159209918 0 -2800.236313838559 1811.008853101123 -245.6951424345516 1688.183473915009 0 -3407.268801787183 -1053.130090494924 0 653.8111627692903 2218.653635859173 2161.325505564645 232.8173285972608 1255.647684583163 1445.310651026083 170.7432832971449 0 -599.2111257195822 -386.3524855123139 1169.456979511541 -1944.123007804932 -5255.267617874577 -2140.66145000733 -221.3693634147457 0 2973.705618149428 -855.932368801419 -2298.424148318199 -3166.516727929714 3296.857536105663 100.9635608708249 -3696.768841752162 0 -2039.381697159514 830.1163792645657 3076.677036620627 410.1910038559536 0 -513.6601577060464 -2895.653479099165 0 838.4545059166489 -938.3593499056501 493.1058374740683 3670.54302047777 -1624.167786988692 2731.557251719541 1857.568388685097 0 -621.7323542993881 -186.0797602872562 -3435.224050960646 3145.192552903468 2809.312400130622 3288.852515270298 4009.544181386226 0 58.74208578161188 1686.969602754471 2632.226375228483 3290.378626361194 3172.262069435238 -205.1984811169904 6844.160079229046 0 1169.737993616877 4572.578182583698 -486.8654112486529 0 0 -1210.667132386724 2478.580486356343 0 566.6216484149936 -1869.931973461156 -47.84238425912156 4549.056463593435 1543.355430538202 4803.490170660863 3862.296035342961 0 1455.699530155439 1849.491751283334 0 -2089.935455310579 -3841.87023308559 955.5786941695513 -1744.032914796375 0 0 -1512.615985337327 -651.5443927271722 0 -510.5585267587351 605.7755869406116 0 0 0 -3341.415309779347 -5896.372048310871 2183.125838082575 0 -439.9146771618132 0 0 -392.4737532059185 -3815.290039703977 0 0 -95.89216990006628 0 -2541.005479673798 0 913.6106735281555 -2760.323421233898 830.8797154241844 0 0 0 0 0 -599.7126883701344 0 0 565.8631848813418 0 -1327.420141682768 0 0 0 -101.7377302831164 0 0 0 0 0 0 0 0 827.9028704239814 0 -723.8001238337147 0 0 0 0 0 0 0 0 0 0 0 0 -1153.067865045583 0 0 0 0 0 0 0 0 0 0 0 0 0 0 -837.2359759567184, 200.7883143559625 1723.239109537114 1940.817783334109 685.9267273543817 -851.7335854923103 -1320.943130025611 -1254.598056583476 0 2089.620909301205 4551.905753086581 1025.513048671136 -1514.390445483748 611.0926199083195 2056.945187977397 804.4133413230117 0 -879.4347672964358 2226.592649977869 237.7674092478063 51.37975643012442 3764.57706631555 3105.558724427522 3046.603975763384 0 -1718.739412897981 -1262.770827458034 -2554.452279545477 3472.991886602379 0 2398.477166443474 2388.390174364753 0 -173.6104343352253 3533.241101448788 -1572.32695934472 -6181.514910712971 -296.0264471230146 -1393.738980449389 1649.539376539251 0 -2021.747151112177 -3195.227500252166 1208.416694027335 -44.7913151796572 2943.858513920982 -1154.025909668369 -2765.324466131903 0 100.5276498659871 -172.7221263842058 18.89626588464102 -6051.646537342394 2080.121676132823 -860.8482868840622 -2076.286935605483 0 17.8739472246989 5931.987105814356 -1926.834979978924 3167.976947681707 0 1658.87085888752 -184.2274969015186 0 -15.72608963870118 569.1239398556735 1238.982150285939 358.416247581139 138.0520411638407 3521.986131639365 2894.656931346848 0 3333.912572674913 -3179.014033479414 918.7355546765284 -4385.503514077432 661.8979096951693 2082.023747756093 937.4821274399851 0 74.48359980707255 -605.3131626805751 -767.1946551133379 5413.900497354846 2308.962771116217 -1483.868705361813 -2268.06244760513 0 1011.732497530944 -6082.259932284745 -1355.963013081493 0 0 -1325.68495341397 -2787.817907040435 0 -2721.536789374715 1617.908829251205 4197.123151480079 -444.4755565148802 494.6139970109151 4104.180631926336 1710.283509781759 0 -1663.232173426441 -400.7100632877414 0 -1250.904524856401 359.544701470649 2661.493208528918 1357.8924608615 0 0 -527.878272592491 1059.0939438363 0 943.4058824856916 1570.529008279527 0 0 0 -676.734620229724 1410.2698537666 3432.28499567906 0 2073.435590773087 0 0 -538.4119607267303 -789.5048158314935 0 0 -1815.625055827835 0 -552.4212084098057 0 881.1612332402976 882.3317445987541 4805.674981379913 0 0 0 0 0 881.0044814212915 0 0 969.9159030906599 0 -2865.372293739855 0 0 0 1942.451564243907 0 0 0 0 0 0 0 0 1593.184838644048 0 -1933.953395813412 0 0 0 0 0 0 0 0 0 0 0 0 625.7645788167348 0 0 0 0 0 0 0 0 0 0 0 0 0 0 450.8271655502954, 77.86309486073515 -308.4441325863992 231.4542641167225 311.5039425453095 -13.638824402903 728.8295598942657 -945.0485290867591 0 -1508.464565529211 3317.245346680161 2875.800655457495 -1268.630876875252 1454.576817724303 -731.4724196569811 -3742.102433228695 0 -1137.095122075431 3999.317394038654 -1705.509426543001 -3898.72249722206 4569.744516906949 7135.453460467928 1362.579329433136 0 1922.291789884873 534.5063072726833 -4216.100280852717 -1508.873063050579 0 -5200.638417995649 1392.424358324309 0 -776.9235482467245 -4998.474171373637 -2525.405757237004 -411.3841062664536 -5648.941935388435 -5246.313684495838 -3476.398228833694 0 -1110.303660792215 1208.66205349258 -365.7241634669576 -125.6654603461836 -3225.119066747924 -917.4359382387208 868.8705224192195 0 193.255304606604 -797.4543612505768 1022.455868156826 2405.83011871366 517.0070784588133 2776.197495669071 7087.249018511897 0 1728.401719511214 -708.6738071208156 -2597.245151833526 -714.7443411658567 0 -396.2401745638963 -2344.26463362763 0 1399.565432096396 -666.8347526537896 -812.2870926578546 -1683.370973488243 4281.101512624021 -3257.411594736181 4467.597074694942 0 -869.1615647104181 2569.533164002478 -2484.050133919195 -1637.429679599098 2370.423889967538 3589.055595252979 -4488.655688585775 0 11.06236261719289 6883.689523676415 330.2529347226123 -2787.637741962409 -778.2150161995073 3562.58929081926 523.1101602328735 0 2137.426916686023 -772.0909383903431 -1332.033691397728 0 0 -4074.990081534714 5377.178938296724 0 -198.7568268908574 2338.492963751538 -3230.477025387155 361.0534970108783 1373.622590517646 3472.360669587331 1859.816739384662 0 1397.73860908815 3222.985846317873 0 4389.788395580525 -585.9952338910255 2312.671483606378 -4374.318538213368 0 0 2703.90260137052 2754.97462270815 0 4059.881521633231 1781.233657179094 0 0 0 -4563.298676993775 5006.202782659244 -1906.76471660343 0 -4526.347687560119 0 0 1569.562575396084 2984.245272790527 0 0 -406.3113548119843 0 -5227.84930994609 0 -2687.127260652918 2721.945689446005 -4699.846014193163 0 0 0 0 0 2045.129577226143 0 0 -1500.709456823827 0 -4223.086900965804 0 0 0 -1329.934726028594 0 0 0 0 0 0 0 0 -251.4056701794258 0 -806.6313298169628 0 0 0 0 0 0 0 0 0 0 0 0 44.42670995352432 0 0 0 0 0 0 0 0 0 0 0 0 0 0 19.2563881988205, 105.6556569235481 3.1612820546286 1860.417899133105 -62.51649109762161 -67.88534254081424 1778.50390958665 -1026.524418812251 0 -684.1201991083349 2210.459060007388 1505.26946723019 -179.5267183462737 -1012.828042119989 983.8085069710751 2165.5004993006 0 400.0782368940314 -3163.204345572537 5022.29903320886 4621.692208420515 2545.325687466483 7888.281917249388 -1653.559695874807 0 1461.106624224945 901.4991395948814 3072.85263816561 829.1898431048636 0 -1712.289880519298 2652.962645645145 0 -199.1164049944 -758.4578640269874 -714.4568806010666 -397.7768977014266 -6188.981909284011 -4574.648171152156 -1299.512219987466 0 503.2604059241348 9128.93753505448 -2416.250529755965 -608.0625737052262 1000.438278404303 1480.790243187809 6559.229877024774 0 1400.337356343095 -639.7388963187502 -2136.386687782435 -364.1445001181462 -6214.980829274544 -7445.947413361166 2849.017115398353 0 -3859.167320360324 -151.837507682191 -1254.813563090293 5039.709562208908 0 -3984.221481001518 -9082.575052211361 0 821.4798903486264 -2387.630279283242 6949.857073132411 -2394.105515939361 -2612.661195456154 -4626.575904910776 -2674.609340727703 0 -3020.691578678058 -1508.048518034865 3004.431320737003 -331.1857205287651 -508.5541204535176 -922.029948536102 -1292.671857684606 0 -2447.026920722033 -6255.80272902003 866.8008558651691 -1845.526672159794 6.637086301426507 -1983.363225887461 -4113.341524525713 0 -699.2876920531241 -5411.316831960481 -4534.057429511535 0 0 -241.0990275580491 -2112.914317976335 0 -3405.206344657068 996.4221434142542 -1004.58954627107 418.7982306812655 -190.6627099959367 5990.988270168155 -1875.770570392242 0 -251.9272026921267 -1715.857162939688 0 668.4145682992006 19.88511554367039 -590.9780764049865 -1325.896579459207 0 0 -1584.846588685728 306.5516755484904 0 1792.286983735391 -2178.776577727966 0 0 0 -1250.764131519402 -1213.926869279153 1873.153214409991 0 -405.7735670124025 0 0 -814.412678655014 -4617.967963035662 0 0 -1695.214695341664 0 -1003.677354391361 0 -1948.74837850722 -496.9992554266631 -227.1753469114511 0 0 0 0 0 462.3177334045713 0 0 482.2068021231113 0 -2487.814050730041 0 0 0 -261.6754400555534 0 0 0 0 0 0 0 0 365.7613353060004 0 1334.535976999068 0 0 0 0 0 0 0 0 0 0 0 0 239.5789341555445 0 0 0 0 0 0 0 0 0 0 0 0 0 0 -133.1057599063225


GFLOW: 0.2 0.2740671449673528 0.2741347844441727 0.4667566575158201 0.4673492028300179 2.88460997738216 2.88449947143857 2.710116414232739 2.709883455033735 -0.1090054176639535 -0.1807898543425668 -0.04599279772193866 -0.1008161896301449
q-corrs 31015.42964692357 51748.95654639717 23239.47545633394 741.1865469299948 -3122.499289657591 -9042.082270156448 -6926.720108775538 0 -1301.383385112096 -4107.484342857635 -411.1874744282011 -1076.057647533464 -611.8829238475278 711.949082221436 -2650.34559875783 0 709.188057742533 924.1587578840176 1668.324511079869 -105.5260948462613 740.4426173260415 341.1802380637225 -721.714041827256 0 -216.4300481860541 95.16753220699121 -318.6987438805172 -513.6278574339406 0 -1118.547531591557 954.2661235025963 0 432.6673399279497 683.4468191491521 -1697.970162399702 -118.5181371428542 -851.4536126002056 -211.5130833180663 1548.373381124627 0 -82.6907323488756 174.7314390547745 -767.1665571159814 623.3289731441419 -653.5364993401226 390.4574934625568 -1893.078439357127 0 545.8997087366645 325.2914479267596 2225.344279090945 1244.273787006273 796.8499715610191 -2762.28548642835 2221.703828136927 0 -695.6722729927844 616.2694571536138 -348.0759716543544 -1062.660002104377 0 1660.565866402573 -3250.895676059562 0 387.1767950737324 -2765.42705803332 647.5031370141814 372.0235464013768 1015.278064254054 1492.674844564959 -1586.803691001477 0 874.7581841088258 176.7356447795969 1337.797488986317 -290.901643699191 -788.867549600987 -2238.493290508441 -2016.032068734457 0 -208.9211360832734 2776.718428870467 -781.9463854012544 -2595.896195003576 -260.4603950622103 915.4120896902313 13.47849956162599 0 1185.325863000264 -505.4819874889271 3761.61139191468 0 0 68.6677907145164 -766.9382406220703 0 35.37312195428399 -780.2579108998229 -789.8156167952374 -171.7511051383797 847.3004734027656 5592.674085897908 258.0139523466931 0 1887.486801812352 680.2206674065785 0 -585.9388181391882 -719.2285866452305 -133.1333744169085 323.4869959374681 0 0 52.32481726159131 -637.9444975859871 0 357.055629605984 -224.8791406728559 0 0 0 123.7622594060264 -370.0679732017898 1322.240053077301 0 408.8219497091275 0 0 32.861603165041 -1567.262970220518 0 0 -484.6221778434998 0 1390.685058244956 0 23.91847697340205 -106.3112528140577 2044.470305264441 0 0 0 0 0 -644.7188505054304 0 0 458.9265866964024 0 1346.631101511352 0 0 0 691.8633514330355 0 0 0 0 0 0 0 0 222.8717848170296 0 877.0138557714204 0 0 0 0 0 0 0 0 0 0 0 0 182.6424359536786 0 0 0 0 0 0 0 0 0 0 0 0 0 0 33.79828502796805, 8729.187613305494 11008.20955356988 -8.142776078603532 -3006.940184236468 -2941.094653366761 -7959.915875339869 -5455.034854950864 0 -1580.915539611809 -2859.485223788503 -759.0659460057039 -767.9910170238793 -278.071235484453 -558.9621376286428 -2397.538576472986 0 729.4443097297747 1767.787624055408 1244.059595366865 -868.2812803078548 514.1748727114807 598.5366568522412 431.9141183341486 0 359.2587084162263 -570.3555120714786 -542.0305428072301 286.1925927154261 0 189.8526042155917 557.8026785147856 0 -304.3776053861029 -1163.356032321077 -737.9482445312588 -812.7651467024434 -889.3490536876984 243.7363960270636 -1215.49984055179 0 285.4070274854071 -1476.31164652632 -1754.806995156294 291.7590507317364 -1621.508466828389 -1309.214309132858 -1083.045448173107 0 229.0978628903079 -571.9971955016058 498.2741875274828 233.0355455561683 701.3289846478534 -652.694589983533 -917.6700507007949 0 -55.53660944205956 -831.2184370596293 640.595433324243 -416.415928416278 0 592.5479808606051 679.5580607620371 0 -5.634711446931249 523.7469516683345 1503.565356806326 -1.052036356660579 -251.0354233329542 -39.89500707415448 -242.5136328766609 0 369.2689022220607 1767.21943912242 414.5994330531071 81.08471190476666 635.7571770115183 -871.2754634578264 -978.2440327786792 0 441.6825184780513 3022.170298801843 177.2966766816154 -878.5178581732189 459.2948497538644 698.3201013425099 -270.7224895011149 0 48.68567764014801 1557.826851140409 2973.841579102513 0 0 -731.7767057081585 -1154.930176547134 0 806.3912848364675 -515.9879481735436 -268.5181015931281 1472.731425612846 294.8903115008948 1696.352068308164 1328.404688616837 0 817.876916382814 1514.395108052868 0 -666.882314789043 -533.3849398649667 -1365.466612368839 998.1308909680581 0 0 315.5645554368763 361.5493144727062 0 -735.6834425866691 622.9814360610342 0 0 0 -49.77257045237729 -492.9011935360257 112.7259933579537 0 184.6648486145606 0 0 288.0726448753331 -1789.759121061252 0 0 -161.1491076228382 0 432.6222381700579 0 7.659486219130258 247.4851002567701 -686.3073186311067 0 0 0 0 0 -389.472509296041 0 0 197.7785104631328 0 538.0256697393793 0 0 0 -267.2322965061346 0 0 0 0 0 0 0 0 414.5517359318712 0 464.2272146815594 0 0 0 0 0 0 0 0 0 0 0 0 390.6354819615328 0 0 0 0 0 0 0 0 0 0 0 0 0 0 43.86054402573853, -448.7087425459343 -2814.03452085277 -3794.758651561209 -1494.52742417748 -1268.392989061037 -2973.265332226617 -1250.066219331636 0 -832.539418980453 -328.2267019594447 383.0060478452766 780.4558636393173 35.61281702753179 -439.1980905770058 555.1310271528212 0 398.0303547056277 1472.65533273416 495.3261108638185 157.2614683531988 -139.7668371324393 709.9122664764714 694.9263300884809 0 1238.312606872239 -305.8448211040503 -76.20214763407444 26.87028022095876 0 2465.094510857366 1287.958147942979 0 -508.7017815390948 -691.368281469325 431.9295910300053 -429.61620171073 626.8649963083421 1247.257248285748 480.4883576982457 0 1993.067222867484 1495.921385012734 -1989.46608439829 769.1688057285443 -1170.623641900027 172.319080540279 493.8901677739251 0 366.904427631647 -899.7790027652813 238.5743447549921 -1573.164841007303 168.8769950954119 -746.5431804610668 -2838.486935676684 0 -578.5323731167784 -1324.532247599488 -465.5079842280513 -2080.853857362019 0 361.9834760449588 -941.2249569909671 0 -182.8015338385109 -1873.99134108923 -356.9002129938852 -697.2172208967812 -1608.789078588434 -3341.797586891507 -748.3471174528197 0 -388.5138674741358 82.5842788581943 -2226.311751197687 -202.4168356146229 318.8863731316159 -1812.026491236304 -506.4477263623136 0 82.00111937758382 -210.6462904941377 586.2225059921769 383.9593982439959 -292.0103028110154 1132.966076098187 -1481.481051606494 0 122.8008027478702 1685.414283937211 -1368.264722497277 0 0 -747.920286828328 197.996487919972 0 793.7595818957958 -228.7501342758731 1090.640890186081 -53.06782675160775 235.0080352268698 -1251.463080927865 436.7991900869931 0 -373.7865256425667 1329.282309927488 0 -377.9800381147421 -232.9971473195108 -1043.112726562918 177.2177451234816 0 0 669.652111276291 -57.8068287573231 0 -1199.898427962888 -561.9255068645177 0 0 0 -54.87903980549575 -836.2925878359883 -325.0492682963388 0 -587.7058867908147 0 0 313.821800817414 -1249.180058817888 0 0 -503.5437983185755 0 19.8264315700323 0 -383.9512456842381 217.3971982646436 -1371.47514437897 0 0 0 0 0 164.3379354871883 0 0 298.6296470575369 0 -297.6164020542327 0 0 0 -567.5203737763072 0 0 0 0 0 0 0 0 842.7551239958748 0 50.02188108819976 0 0 0 0 0 0 0 0 0 0 0 0 678.8369497413192 0 0 0 0 0 0 0 0 0 0 0 0 0 0 100.5146146670118, -85.70344977514083 -886.5770804722506 -1098.940233950785 -310.9427413814913 -680.428961995178 -922.2423291296551 344.0982278452548 0 97.72636445102512 1773.340522411355 805.0778273757383 -135.1592112866668 300.8265718166884 -1065.333835983599 -1206.023167727544 0 523.4680114718244 -343.3980627540554 -1756.597398721678 -427.4615862857329 -1530.511677219444 -2712.152114178191 -546.4808518251021 0 218.6737650337751 -704.462052311186 -1199.238582631211 -738.0874138025359 0 969.556769755691 443.1581860857807 0 -332.742257890224 -727.9058898800415 859.8699045571042 884.7371510779174 -17.74764964540475 322.2536254243629 -247.9491086620762 0 1110.236535969864 2356.353779919563 1268.493842193882 247.3527003418945 -1621.061867883236 352.0437200635455 -10.77217486987269 0 1055.573970919621 -2356.276965668775 2608.296023545311 1696.396948307604 151.4150574756687 1076.550416216835 -1277.345825904143 0 -79.35684917068045 -456.0465938737911 578.3774527680076 -625.951398996895 0 -794.3757865591098 -2923.889711205974 0 211.7266859037825 1824.788637155421 2384.113146451532 -427.9699926489853 -914.2085070276112 -714.4268282671603 457.1862638536461 0 -1681.901775616214 -1113.806780458752 -1778.648166264389 -145.5776314884661 -43.9296467465893 -1502.377705842996 1458.947305381229 0 570.310729363347 -642.8347881450346 261.5543225632393 335.8869790010056 -636.849697169201 335.2881369694348 -427.3826611219871 0 1083.942016584768 1776.579285995731 -2007.979926126593 0 0 485.5285145636598 1227.195992953488 0 -71.28877034107222 913.5124022668389 655.551954242274 553.7286164057132 781.7476723728703 462.5653389324735 817.3390801295537 0 648.929598411579 332.3255200932466 0 -190.1950476884354 26.34541004428585 493.4532622230245 948.323493005297 0 0 414.5421538210265 360.0818179922995 0 -248.8918840972251 -44.26964941255392 0 0 0 362.4159194321673 -1525.378015435113 392.1472437822561 0 443.173899051175 0 0 89.31096357854999 -2084.122282833227 0 0 -236.7659116401715 0 -82.1883333229141 0 416.7329379360736 -562.3985492593628 -414.5959410042828 0 0 0 0 0 -929.165278576472 0 0 -254.253113682257 0 -391.8915751219224 0 0 0 -922.7245053736177 0 0 0 0 0 0 0 0 -765.4914233044572 0 -420.3796874422985 0 0 0 0 0 0 0 0 0 0 0 0 -598.3670522233627 0 0 0 0 0 0 0 0 0 0 0 0 0 0 -164.4130130095506, 2.863249955157698 175.379248407157 295.4485137005539 73.50864151907268 -71.10332652892237 -235.6360578002363 -103.4243255467094 0 118.4611231520252 123.1683864273532 -803.9629736756143 -1735.995553904484 -723.0219657623747 -2081.248091547129 -4793.31187045598 0 316.7856081032427 -2722.876434527545 -1512.901527378287 -1762.854577449677 -588.1857545308561 -2437.661049338015 -1438.907018486679 0 -1050.042901530725 854.3188033680899 19.34111031056568 398.1379682088879 0 -584.0233757368359 145.7641790204382 0 952.4160610182801 1086.636065847875 1992.779541703861 814.5050556879291 -240.5591823351608 174.8444816823967 -890.6751844234482 0 -229.1668791785178 1358.556599909095 1571.506058114117 -554.2177810523525 -1925.099985967106 -697.1408368989601 -327.9079333033565 0 973.4607875758979 -2168.517468022722 446.4558170879915 -292.7355872607795 1215.646798935297 -733.1992662886591 -3172.280879572918 0 -89.69175521233717 -288.9099279466303 287.4851636232939 560.2014631752238 0 258.958146955932 -2390.008401686095 0 358.3177152034044 521.2992113535688 2056.962800667865 113.1645122917718 -914.1896318904378 762.1773329362861 1915.199524994595 0 -849.0013639070139 -641.2794502336594 161.9712636717633 249.3358006231342 146.1089964041728 883.3514361001874 1715.668349941454 0 89.98377013322278 792.1507034213729 161.5311059459905 1377.543446332549 123.7920036366173 -601.7041174730891 1623.546519672638 0 512.0767770946404 1718.037652029226 -370.9843019744053 0 0 341.56021543024 336.1344606529977 0 193.3691077044476 -512.3391342129536 506.9556353259025 1401.949608440942 141.8283314389547 692.3141928761606 786.734393872799 0 1138.952357230819 603.4099581944748 0 -1369.496329740194 -1141.762529436486 725.9699281106901 209.9602164021961 0 0 62.18534643576152 47.0063666978337 0 -121.1602571836926 -31.32246214833228 0 0 0 -841.2691196680573 -2122.782488397951 843.0511036412701 0 585.7725215908205 0 0 -87.45944919920871 -1684.002317433043 0 0 -323.4908326268994 0 -658.481040702588 0 611.7895607900529 -879.39515071238 668.591164040198 0 0 0 0 0 -601.7903896334103 0 0 -32.78950987948377 0 -400.5708092929367 0 0 0 -30.75146913564962 0 0 0 0 0 0 0 0 -300.4830581757718 0 -351.9244733456476 0 0 0 0 0 0 0 0 0 0 0 0 -524.7343036027045 0 0 0 0 0 0 0 0 0 0 0 0 0 0 -221.7818545602549, 97.46483032638662 740.681251216447 1194.757182219265 678.4781306516527 84.59817527294891 198.1151287134476 257.5447740479338 0 668.19356365255 641.2729792826187 -546.1309205465889 -1468.003371596182 -403.2766183317542 -98.60195802942056 -1786.106428671226 0 -366.6932896658766 -1483.516061037725 -409.7094497093972 -503.9378589804689 901.8894891738017 1137.388522978625 406.9022994380946 0 399.0428887534857 -76.29515260291282 -390.566190947517 840.5351511098543 0 1403.015500223416 915.1144172052271 0 153.5431848912783 1340.281160596973 1504.121300300183 -67.39184088935735 -385.8066084481675 -285.1400766362044 1214.995572875612 0 -531.874313847013 24.71111275446822 -172.4297946510735 646.6386238666158 153.6341053349671 -758.3206124878348 -608.6126946812444 0 499.5485011507743 -430.9864388339728 -106.8532722931332 -1644.678990089185 683.452727682471 -276.6720184296237 -745.7556079211279 0 36.68584416338604 1778.370935625042 -543.1601778517727 1389.068449451055 0 761.8995211669524 -806.1777362755745 0 48.95859936108404 -1597.235231050066 959.1136946457236 -769.4151026485199 -443.8982830649296 603.0142833389853 1475.856570119962 0 632.2246412293076 -717.644056576004 448.7875956853144 -1176.33501576766 -691.5214593329237 1764.411062927047 -902.9953727762213 0 -338.1884980717967 -73.0662320484729 -714.5670572717104 1751.924839823049 -6.303022200363898 61.51630245240102 431.6467113390401 0 675.602504590296 -1841.527690860103 373.5370660110163 0 0 -690.2811067946105 -744.4288483675605 0 -122.3931654568905 454.6192105522159 816.886189813242 337.6482639514334 130.3299073830074 1440.917976721709 439.4161375921821 0 153.3056065852252 447.4366558398081 0 -703.2763966110784 -182.8787262627378 741.2242443889288 757.8779812067017 0 0 -26.53685518917115 1147.573755879478 0 25.33519292898956 116.9316625346535 0 0 0 -84.36759660021283 -59.76052983099123 1216.230805341414 0 273.4098518634842 0 0 9.383474532006566 328.0063671223227 0 0 -598.3976723023109 0 -735.49359753742 0 360.0903305945526 -16.97953774747923 978.7877969411275 0 0 0 0 0 218.2173509082376 0 0 -159.5109646071369 0 -1012.274402555886 0 0 0 412.9631330536262 0 0 0 0 0 0 0 0 -147.2420570926539 0 -420.1801880070297 0 0 0 0 0 0 0 0 0 0 0 0 35.33706411049438 0 0 0 0 0 0 0 0 0 0 0 0 0 0 89.66608796823925, -35.60318761110983 -71.95999281296537 145.0581417308926 202.3172550972843 162.0212257940054 -33.56958045566284 -55.19591547136642 0 -269.8704346386432 553.1483005017774 663.4471000080121 -361.2240404349897 18.949443950133 -41.49379685623325 -520.9656612357817 0 -47.64198468476364 978.1575579146893 753.2907813028651 -325.5538107874553 1804.678719133964 3699.382996470994 664.3197061350652 0 1378.321184194093 335.5385794996295 565.0716934797741 312.508674278662 0 1409.07952260656 1499.724136535281 0 -361.7969138716913 -126.557491636282 791.116230118717 1008.111833005891 -1343.213322070749 -1991.575325819153 991.7134308553184 0 -486.240300963823 -263.2008162925365 -339.1130217755614 1143.530228255119 -800.4838921810865 659.9245381822252 337.9537915107235 0 436.2798265664766 -177.8542762584659 988.7382019297627 258.6688599620981 -131.4596849274982 254.1580800129267 785.8725445346607 0 614.3723069167738 91.57756920514521 -740.3472367996352 262.1530144518343 0 1835.062179695463 -557.2380570972592 0 188.7285898307736 -602.0765730035409 269.1999656917262 -769.0251880753447 392.0228853106662 -2295.43743879576 1838.639727301936 0 189.8389344105478 570.2025135723223 -139.0393219454864 -285.4611705273966 252.7966294476459 1850.610124616449 -1928.005457644388 0 -302.9019125979686 1364.675627910032 -259.9588684432176 561.1253701210276 -1083.78538293527 911.4897710124995 1212.850610127595 0 1251.210976451816 -1339.958308870441 1098.355325940392 0 0 -1727.047853554808 747.3654212047688 0 -35.16689332587161 591.4261262986463 -568.4629960121995 478.3147171598977 238.1535591064076 2084.442560833514 851.4955351377689 0 -143.8062840742998 762.4164065766744 0 1212.050763337364 -310.078178701962 398.7182136555425 -816.5942308429209 0 0 362.4133139063741 2071.237144929411 0 728.8952439750225 1096.177459172409 0 0 0 -1452.424721574669 1829.835940212628 -209.5638090322188 0 -1371.484183188742 0 0 428.3678908971459 1713.639579469221 0 0 166.7376947633289 0 -1785.977840825327 0 -816.6102985330384 837.2402901316264 -573.5905969264871 0 0 0 0 0 399.0933342118284 0 0 -425.0009595374503 0 -1634.557350586941 0 0 0 -13.83886940568476 0 0 0 0 0 0 0 0 -456.7599494355767 0 -350.991958302253 0 0 0 0 0 0 0 0 0 0 0 0 -163.1820722508722 0 0 0 0 0 0 0 0 0 0 0 0 0 0 23.41877709818106, -14.35144716411651 -10.38336295402166 121.4057041541723 -262.4234788695485 199.1893349856835 -7.631889347963011 -1092.190345598532 0 -272.5807358842651 -125.9857819204146 623.2677556789034 -85.00669382689239 -184.223186045443 241.2452586930862 405.5991433664764 0 428.9179128709903 1247.302281100186 1962.482235520378 1070.921588325395 1235.570944968001 2558.769562909163 222.3577532722096 0 820.6452578163733 387.8328458365459 1140.503230116694 786.2083333246466 0 128.9951736137403 1786.26004143399 0 -63.30285984180233 -133.9356578030316 -303.7533825768411 -390.8433604638717 -1665.606793626901 -1645.767292718717 -956.6422819798385 0 152.0283872457694 2341.553920619955 -2123.772093973079 -780.7437847665627 465.1776385988398 -471.8220982552572 1067.271155966399 0 493.3801218941418 -1015.99115835941 -1031.024714952681 -209.0325416558981 -1297.325105016034 -2642.235627683957 78.82023102199673 0 -1465.636917372982 15.98770664595918 116.5785210570467 727.1782927090396 0 -1651.111925016046 -3365.337973829144 0 288.6577026207952 -1277.575227822576 912.908859226317 -884.5686221083253 -1200.866103328869 -1478.636884761415 -888.2535700034852 0 -96.84550405102721 -602.9276830595741 951.5009138050805 554.4205950869592 -1254.123931315753 139.2644355370414 -1138.873573325706 0 256.1949105574347 -1429.432364896035 157.6848591184485 -15.77350930862508 129.1893949347084 352.7798140747846 943.5750344436565 0 261.321886209766 -1757.524432728723 304.6924199961679 0 0 93.93018047635985 -1526.439509432357 0 -989.8594637508174 181.1163549516004 -48.5051347725182 156.2029946109808 292.4636792916523 2353.86157450901 -994.4597174344138 0 -69.473222923069 -469.8295754273481 0 -529.1882002374033 -445.8188524272536 -288.6614426307969 -235.3158452903742 0 0 -620.4435050951844 -183.8361829644684 0 166.0349990480724 -762.0652699928297 0 0 0 -1114.315313570226 -83.12915145452905 515.8386741637762 0 -1198.322189287572 0 0 -252.489074969181 -571.7927380364872 0 0 -474.924264706008 0 -721.2617684353163 0 -967.8680226319942 303.1020165598528 343.8370297412886 0 0 0 0 0 336.7760416269613 0 0 -167.5501860215507 0 -696.4952659097836 0 0 0 411.9504062961553 0 0 0 0 0 0 0 0 -281.4210793953593 0 223.0707384388689 0 0 0 0 0 0 0 0 0 0 0 0 -122.9020403877481 0 0 0 0 0 0 0 0 0 0 0 0 0 0 -79.78101482495362


GFLOW: 0.3 0.1621713914277079 0.1620565061533545 0.2531933768331336 0.2534250377006969 2.947442009376734 2.947392930311448 2.849557165399595 2.849512084618039 -0.06637312201716088 -0.1225845657528443 -0.01964427309022908 -0.06933066858853734
q-corrs 10715.80448203331 25529.35404513749 18760.25169078187 3754.095524054737 -10.88696125740433 -2657.482695506086 -3423.600198588347 0 -1277.943023969245 -2867.464058193954 -746.6352212712927 -956.8923639560703 -551.4402688706858 -448.5350949917358 -1870.542866675391 0 367.263983159022 313.6138911289158 643.8843912657765 -425.7625677379343 529.4669973974439 95.41789120258323 -651.0812738880506 0 -373.7450835366005 255.694038634482 -11.7604949839095 -289.4551121508621 0 -881.174792670501 -2.013134817883355 0 375.360384278103 280.3081420158522 -771.0498649209346 45.8433509491589 -285.9183389541724 -248.1849642480422 -201.9326831016384 0 -231.4805361870973 -479.4158441263702 527.4839078465047 -10.00455579949669 -331.9869253411424 461.215949611502 -287.951010973926 0 -6.037335250018202 19.69122897695576 528.8653282077639 594.125877310342 426.8112687987901 110.1939519803259 1228.566374460331 0 -207.3469128451064 -256.8422211788705 533.1125622068373 568.0669153752351 0 529.0482399474616 -602.1934963068276 0 84.92509462915717 -34.57264267260234 343.5498935672844 -24.29932662163029 414.6579545206991 893.4737963772164 -653.4144038676018 0 393.580368275821 637.4675160757521 1061.953701022967 -172.3359897407129 -102.913778715633 -1172.751657019936 -675.8475336093092 0 187.6665799737289 1183.814565302745 -271.2674360959861 -748.787909362045 1.151017410986896 486.5303398628782 208.2467384697726 0 -30.39485933607103 600.4288418862229 1738.937039650875 0 0 39.06463274050523 -463.8511087873006 0 310.5048131590253 -718.1922589646238 -4.845609251035086 796.93025887383 311.0297683661291 1348.140075614674 379.6335824956242 0 840.0004434596641 660.2363658478002 0 -334.7191325384118 -251.1057430530093 -46.82554496609386 69.06158092738477 0 0 324.1094704607322 84.57249761226774 0 -84.28574827123674 -45.47450371268079 0 0 0 255.6212992630038 -406.1241852205745 379.3673192478665 0 69.43034270080415 0 0 109.2169693899956 -928.9347817499289 0 0 -271.6785127447922 0 913.6917670632301 0 194.0197859848372 -138.1433038557989 442.0843587476685 0 0 0 0 0 -297.5142294467347 0 0 270.8924524856482 0 1014.028088647659 0 0 0 186.9706157837375 0 0 0 0 0 0 0 0 274.9151942209724 0 368.5657080385361 0 0 0 0 0 0 0 0 0 0 0 0 78.33022349264202 0 0 0 0 0 0 0 0 0 0 0 0 0 0 -8.561544935238203, 4279.537029413886 9251.486379683058 5352.472939426534 233.8183084448106 -881.8253698963401 -3700.508487568718 -3431.974258054167 0 -1190.876664850852 -2412.126097229777 -705.7717249547329 -755.9470513286195 -412.8011256732178 -602.6537602316432 -1500.583417850234 0 287.9540840425793 558.7752716194163 407.8001735588656 -469.0466761603528 438.0469414932213 282.7970775898972 -124.6958229702229 0 -102.5680106426603 -31.81284446846766 -119.7626217107066 17.64359766182596 0 -295.7052855904246 -3.71774292032012 0 10.77637810407172 -565.6100854033946 -440.4563858314348 -380.2473426350745 -355.2417074032737 -23.41969863779124 -1116.243861207011 0 -13.85221519618409 -931.0611258082961 -373.8759404007047 -269.1826404410651 -717.3326597494615 -324.9427672131004 -309.8279244945282 0 48.34587309649803 -678.5915860068462 -180.6233317321253 -209.0331759491497 279.9872069177074 -72.301819005894 -627.2595059293568 0 -171.167163953983 -715.0091863219442 359.3258592548298 214.7425948025985 0 375.1898360003862 -68.99089881542056 0 -64.93292606434238 245.0806435435575 155.1746232036546 -69.50849287114416 -116.7763726546451 13.90298125620333 7.214313243107725 0 113.9495702495187 753.7168577746161 817.6933361949257 -25.49234569093485 231.3895009063446 -827.5059035949579 -385.8759369509305 0 266.3275590061503 1398.868921620973 15.5789985955863 -132.1089522229233 250.3676155643039 424.7883578957068 -0.345179985196296 0 -102.7938475483227 997.8339249234249 1475.32394516936 0 0 -124.6436930679951 -484.4002278329457 0 562.1835297203551 -602.7863592742408 259.8492882423037 887.5454991232987 150.7558895609479 430.3782173246457 341.498927073957 0 389.9037976814703 915.9514330933727 0 -392.5324968811943 -247.9541961132728 -325.2097114776739 58.90003828274124 0 0 324.2703632701727 146.2930499101744 0 -265.8338964331626 33.53452589212847 0 0 0 -40.06863564311067 -367.58281072755 -102.735173830204 0 -0.29101077356313 0 0 142.7464571681078 -880.2347188543008 0 0 -157.8676136641954 0 345.1023665770055 0 25.62777742372928 -10.00895966693484 -322.69392011139 0 0 0 0 0 -209.6230061632595 0 0 204.4747464152116 0 444.0575739652036 0 0 0 -86.72515867947376 0 0 0 0 0 0 0 0 331.125350013419 0 193.1301787327063 0 0 0 0 0 0 0 0 0 0 0 0 172.4817881989171 0 0 0 0 0 0 0 0 0 0 0 0 0 0 17.04106471982709, 29.16907479784205 -784.7014166184175 -1792.149075425726 -1032.485845658837 -794.7055257767945 -2141.718031083834 -1534.355294348404 0 -441.2404328385643 -722.3899029735111 16.88311792096799 43.80955147299019 -124.2488082657286 -166.7203767430408 -51.07438670158388 0 166.9822977289263 668.3325996894853 189.376437934929 -36.5273904850647 66.45998691897455 276.2241869881329 266.0739715806207 0 362.9006064470249 -117.6863610901366 98.05279936511187 160.1210452317052 0 704.51104320713 145.7217692464324 0 -116.6839995759494 -543.1844657616391 243.8769429908896 -390.081323272777 67.08645406828299 470.2342228678181 -437.3836552560906 0 550.1479851228995 268.8973680294079 -676.1598272566451 93.49540188441621 -767.3359035848013 -275.4640314025222 -200.0417853367253 0 280.762002845103 -1211.603431975592 319.1903971368218 -631.0039680810087 -19.14458304665209 -423.3509762081534 -2090.842420547631 0 -410.7559237389457 -886.4892255719046 -230.442763600196 -930.4492507347785 0 139.4111122525647 -1131.069899735857 0 -124.3967972019945 -560.1617250894725 -398.6435867799304 -382.2082453801828 -461.1781181706847 -1473.704493865843 41.40886503576202 0 -493.494645537044 114.3827434491034 -532.3668048623613 -39.49258343374339 87.76768305525371 -888.1100003103091 -78.66782745423939 0 63.74975857819035 367.2590574769232 101.0724844548866 349.7104222815085 71.72778688017232 371.7950041658943 -204.5100093259268 0 95.52407433897166 707.5502696836836 201.1185823119451 0 0 -62.84585728006885 -114.300384880329 0 475.6776190776167 -118.354761123602 692.2441760574424 276.794663788968 107.7814006598944 -297.708772902299 -62.77768287720181 0 -66.54844944061185 681.0453058450307 0 -404.9632326281239 -81.85013900377695 -201.0326979132752 37.16506179402154 0 0 378.2830760292708 -137.9944535232652 0 -321.7408099474918 -288.4878931315096 0 0 0 -87.91367448380362 -482.9069311144131 -263.6225845626537 0 -221.2881716215436 0 0 155.7360620074077 -738.1071605110035 0 0 -148.71322082944 0 -22.83950333164719 0 -162.300651551042 -26.30214862846022 -678.9840198579232 0 0 0 0 0 -143.850717978809 0 0 154.8015422801083 0 -158.557457957512 0 0 0 -254.3619352846981 0 0 0 0 0 0 0 0 322.2458827391933 0 -35.0772042567359 0 0 0 0 0 0 0 0 0 0 0 0 236.1343643023693 0 0 0 0 0 0 0 0 0 0 0 0 0 0 49.958382724541, -66.34903837538695 -470.7255919310657 -718.9037428338984 -285.9594027038288 -334.1259671016257 -662.2341020021133 -219.2388185588808 0 -2.862714556906482 271.9355844237244 189.0738008682261 -94.55215895000624 -15.48270514694551 -203.4578859090548 -414.1236117250084 0 163.4714025768844 -149.0280187834437 -376.4701173609752 -159.818929590042 -398.7425185900265 -758.7115585848562 -251.9414389775846 0 2.23885156602752 -56.34892943543797 -144.0695859837656 -129.617670164154 0 294.2542310604762 -39.8976435752852 0 168.6170566988636 -139.0568413077304 675.4934603333185 156.3174448272941 87.5658603600215 398.1542962848008 -159.1011898823538 0 424.2725100487474 1323.237860046008 691.0751222875535 194.6622655372051 -934.2957375118731 156.6562410522421 -201.5676127754008 0 515.6107539432763 -1520.035310109907 1683.856252768489 733.5444744257651 148.0369823445036 238.9441526301164 -1499.221916826191 0 -233.0492612015573 -512.978562480188 -71.79842402666486 -726.0062201368469 0 -77.98435259398779 -1715.056824903045 0 123.0805552223479 669.4414172327989 659.5254285271478 -576.9918551199395 -202.7603303559996 -960.6048892721367 223.608232881716 0 -815.990682829295 -217.8003407673928 -752.7218440528854 201.0639786661856 -26.27971271683649 -785.5190151904396 577.9723963324949 0 102.677666288381 -224.6420102945879 -92.08807421938951 322.5327998030452 -218.3989198777539 165.3736348265782 271.6236467088964 0 348.3644647086995 773.1407282770995 -376.9625272987549 0 0 333.7702696579086 197.7756826666085 0 112.0280669936873 242.8467403993981 620.4078325810098 227.5406974757725 307.3084955112058 215.0550459564622 49.01248067335064 0 346.889665253838 180.9897045412093 0 -455.4563841751137 -19.10061172305644 194.9394160223783 318.4300967932335 0 0 310.7953609728388 -88.30158469889473 0 -108.4246707668044 -161.3722570183815 0 0 0 53.17662088395421 -841.5847583036657 96.3536025768293 0 176.0878384464287 0 0 73.69925925001473 -956.3359386316082 0 0 -119.7959116682583 0 -93.81028781185006 0 93.42380304160588 -303.4082115141316 -169.2067960175353 0 0 0 0 0 -401.1849635995174 0 0 -132.6597775094274 0 -219.5018933775206 0 0 0 -224.1120976086642 0 0 0 0 0 0 0 0 -321.8658947865923 0 -159.4511120839143 0 0 0 0 0 0 0 0 0 0 0 0 -254.8557320696708 0 0 0 0 0 0 0 0 0 0 0 0 0 0 -66.6231206839405, -8.262618186915915 -27.65012088895013 -25.35176868937018 19.94012905585615 -94.66039039335358 -330.9464586348751 -250.4463523850522 0 -177.1315687823559 -462.7118531350794 -574.2245549226558 -926.4257489817535 -320.5211627331677 -875.9995965005879 -2135.662584230835 0 -19.13686181082921 -1516.159705554494 -803.7210341390761 -728.0370803893541 -321.707669302052 -973.1495343685995 -741.9364329326604 0 -356.321400673918 358.0253308229105 -123.6102781685963 -58.96857273118364 0 -75.14439682726186 248.7099916556688 0 546.2910046883297 440.4008105672384 1228.930974927576 679.3904429879019 -170.1854837474132 114.8960176820917 -295.4793643678198 0 0.02151217062842647 1229.773903516414 1035.153311818654 -55.97499218579833 -871.4193375320895 -100.209170267089 -203.0385520530916 0 516.6519083250187 -1269.555265591824 844.8099168851637 239.2836829215462 559.3151232929291 -152.4251921601958 -1778.606954087995 0 28.18453943358089 -125.6982539664497 -163.1568435819467 -198.991174745928 0 416.5341241627059 -1092.67150597778 0 97.42931047117284 391.6972400103456 904.2195037069162 -412.4572034782511 -382.8969680959408 -328.4235019752847 705.8171153108231 0 -372.8175715092551 -269.1633576583458 -35.45214041822823 295.2976804445669 -144.8836724109249 -22.761724327753 661.266846994263 0 36.31069242303596 80.25461087860106 -206.6024806442061 609.0585384517932 -248.1358073239707 -18.52646894523016 609.4522536181439 0 211.6029780301277 417.2264725789472 48.40883590153652 0 0 206.3328583242322 -124.5905632932707 0 120.2209613612746 -119.1171982018535 398.5957854511298 550.6376268007793 140.4793035425376 373.3638019119059 126.8098201732788 0 514.0511504883368 246.4129133235356 0 -751.4647776709505 -338.3070537391307 187.0784510648294 193.228802870568 0 0 110.8609378947768 146.3366464085922 0 -50.18940187749248 -74.64147388528446 0 0 0 -359.8081197331231 -1005.947053934731 282.9926529038512 0 336.7795420238246 0 0 -13.6117985143723 -701.4980532960724 0 0 -154.6420806650629 0 -338.6804067461201 0 156.2658497704688 -394.5665435566073 287.1985310053944 0 0 0 0 0 -287.021259303398 0 0 -140.8114306671318 0 -170.4781835236041 0 0 0 12.57461237568648 0 0 0 0 0 0 0 0 -214.5655936427788 0 -97.97948518777228 0 0 0 0 0 0 0 0 0 0 0 0 -157.7164664619863 0 0 0 0 0 0 0 0 0 0 0 0 0 0 -43.9539905150596, 22.91078142592016 220.8631466125194 451.796003593869 297.1917107269632 51.58848233597685 151.4516787215264 119.418460283475 0 96.6673877156622 -218.538968869698 -608.0827765201533 -821.331520801931 -237.2176127932181 -319.9050832897562 -1210.804668609621 0 -243.6278304453519 -1231.071777260009 -473.8597322602366 -332.8394989301482 205.5316682573724 350.2816162534374 -88.7810766656543 0 356.9921415240099 107.1245926996822 -64.52414931281146 83.16894050500406 0 979.3534438765462 652.9103119168656 0 115.0157627004653 553.3456948453199 1181.008843189918 595.8125020607046 -202.6949802550585 -287.2520012557133 591.6616315246367 0 -244.7445916075592 309.3888450049155 81.61258181620812 461.4331104712552 -295.5906810127344 -252.9329332589271 -301.6138673937179 0 402.8379117247793 -515.6635308231505 33.46139895096212 -573.2435601286895 257.600508895123 -373.3848413117803 -1164.397963265406 0 82.97840103939546 356.0724899778451 -342.2692260309858 -29.3481526620802 0 571.0861158074231 -471.7269977037028 0 -91.12605980564842 -872.2445299988376 372.994356162381 -478.4457870340724 -269.4266200008706 -560.8924000476432 486.4808849095221 0 132.4078630742067 -94.97536362984425 32.88387505622336 59.03140715619384 -472.7400936312178 652.0213403741043 -374.103998254732 0 -123.2543165155007 -89.80571220876868 -373.7528799445076 559.0053429357936 -420.7279572324036 318.1404379150406 836.4762205062734 0 398.4227171836355 -809.6226391365518 542.0255390292504 0 0 -382.4007732272303 -466.8761827540729 0 146.1595811876422 283.0221926927989 262.5270202924039 591.2997727310229 129.7003739932329 743.268719734767 13.41817763795925 0 64.84200257530395 355.7367962680524 0 -510.9597555009861 -124.5895329963604 19.29652195235575 369.3339118517731 0 0 76.39212995673691 655.0152668739929 0 -15.03958434808595 -45.71904381512081 0 0 0 -293.2667969528831 -432.0858923045125 343.9878030158491 0 52.52856062279169 0 0 19.40678785745617 100.9542935730312 0 0 -156.4108975960553 0 -561.9223090922807 0 -8.871532147872912 -140.3861457146872 268.0956656956789 0 0 0 0 0 28.29430797995163 0 0 -240.0598122901745 0 -497.73527470214 0 0 0 105.0992365147976 0 0 0 0 0 0 0 0 -228.8072231970398 0 -135.1141244492591 0 0 0 0 0 0 0 0 0 0 0 0 -2.941069234093057 0 0 0 0 0 0 0 0 0 0 0 0 0 0 39.73502192546045, -20.17228585885023 -3.138768829423441 109.7885017798143 109.1366375720436 58.64533199035566 56.90100006672486 30.76753284137608 0 -35.3267802144937 41.44011028660475 59.39451901025251 -146.2711775534746 -57.86945380195377 53.71399774090312 -18.58784172858748 0 -0.09729948586699066 414.6128867450495 490.895105615932 166.4223447399227 805.8054568913556 1695.132180586943 487.382863715351 0 918.4300563746573 212.1186696468001 763.1261307191179 390.5778898763109 0 1864.856984141347 1107.239956458845 0 -179.9151309744042 451.6931609798564 1053.969393472973 708.3772501269139 -123.9401035997442 -799.0695533682729 958.4453490473694 0 -231.2047700532596 179.7720769911741 -188.752836915884 805.2115937421091 -299.6232030287103 442.2395727025836 -202.5086033618049 0 375.8389272569162 -284.5711347440289 644.2675811575349 -206.5594369301078 -102.5011461107154 -459.1286754200112 -375.7471908042115 0 284.5451031307682 196.1018366503624 -402.6756812856208 -74.45903179120853 0 991.952679373381 -201.530652021265 0 -38.73648874887985 -384.2364427605561 187.8197268780637 -292.4661296101016 -15.10436137515567 -1133.917938843926 715.4290959066857 0 118.1366476219885 195.9690946287331 123.9488817224977 307.1197573815371 -161.904687842857 1013.530455489142 -659.3717766799061 0 -65.37946163392449 295.2880979312755 -124.0467201521056 356.1388130741313 -477.0944574291503 451.2736438461934 976.2066285907623 0 590.9362181334905 -614.6766535086978 979.6530280427127 0 0 -599.0958064535232 -101.090784222412 0 116.5524507031721 221.2094295438727 -56.69493755359224 560.4756581800862 111.9251592609492 1039.631484692371 143.0692004267177 0 -150.8132564465163 418.8021349309829 0 161.2253881013956 -189.0345886015238 -43.97214220116072 -67.02105115437752 0 0 92.68884767267285 1037.407694245445 0 195.2839552581515 287.5130617305171 0 0 0 -642.3807903294727 431.0645789052706 95.19249923367587 0 -323.4989437562003 0 0 104.3553272740209 752.4583715372034 0 0 70.42454023796535 0 -755.2972497900842 0 -290.1966680449403 232.4402947042643 81.59654652110382 0 0 0 0 0 212.2011115814603 0 0 -283.7994401210111 0 -646.5426618232462 0 0 0 95.26479869354614 0 0 0 0 0 0 0 0 -354.7053279424986 0 -136.9907757791349 0 0 0 0 0 0 0 0 0 0 0 0 -129.4493371318829 0 0 0 0 0 0 0 0 0 0 0 0 0 0 0.5493453462425855, 1.502165757915463 37.97102433860232 37.24541650569716 -88.89152449082158 90.31015118174616 -62.89941541445177 -450.7923505374738 0 -169.9206839679961 -272.1523716049322 339.5536959193455 27.58302856050241 -132.2543485888864 16.90108981204827 -40.03445082801218 0 270.1556225880003 936.8562940944855 837.4856271947518 246.4177103137843 615.4794848216885 1221.692837014962 242.0169026312234 0 501.3287452322732 90.24574233172424 565.7494481326015 562.6434550789161 0 531.6566888991329 990.3466041172883 0 -142.8661368765599 -123.6342911287965 -32.86925646024835 -296.9583577147539 -538.8801589364382 -610.6801564883135 -544.9975357267579 0 21.46878833902301 673.908782729751 -1007.982386138761 -408.8441252755339 29.2896567696331 -532.901983169464 -161.8288649675075 0 198.6436126438373 -981.2808435711227 -382.9758560486535 -53.82884195701843 -329.6871341117849 -983.1279242986072 -197.3007533789527 0 -576.0375536640331 113.9221223406152 16.88364710156695 111.5834864850153 0 -513.3263788141983 -952.0071023607027 0 79.9731359209697 -228.7623909545112 358.3108815267266 -358.0376705056094 -429.3777582433029 -281.6050257427603 -286.9592149849935 0 181.6487857374876 -76.10898254268477 565.344982315243 666.2902611799948 -585.6294218811612 297.0286608091305 -259.1280891675351 0 358.8375479512376 -270.9176406630549 74.61558193584025 30.62426229373716 145.5089349211094 442.7272687671965 855.768666302884 0 134.2372013570522 -293.409788518509 693.9414581815979 0 0 134.5280270192678 -653.7287783843005 0 -269.6561041542317 53.88461130573279 52.4370271661669 183.5455543621676 218.8250109098226 849.3025761088307 -281.4500261030826 0 62.51330746720818 -147.3961818973571 0 -180.6791554166872 -219.3184190464982 -101.5871592810037 -174.2209103977839 0 0 -208.4294077064595 -28.10688647941211 0 -75.19118273569327 -120.9935024878348 0 0 0 -599.9812299074474 250.0095787788738 189.4843518344242 0 -459.1455290565974 0 0 -92.14798003128709 168.3820406242114 0 0 -78.26554298252913 0 -468.9731086654222 0 -334.2724377563995 253.4253723043299 331.3583286119485 0 0 0 0 0 289.8323132960664 0 0 -246.8581371278983 0 -304.3664832460974 0 0 0 280.3592662513342 0 0 0 0 0 0 0 0 -411.4087236603031 0 27.48996978498073 0 0 0 0 0 0 0 0 0 0 0 0 -267.0522157033605 0 0 0 0 0 0 0 0 0 0 0 0 0 0 -72.40500438111894


GFLOW: 0.4 0.106068411384682 0.1058505535021707 0.1548580229853058 0.1548525499773541 2.971055585458776 2.97104646621254 2.909665295769568 2.909731501806318 -0.03173804208636108 -0.075204309879932 0.008071155043591651 -0.03227028858105865
q-corrs 4481.228390368908 13117.44228361889 12316.15235146874 3561.678715200159 949.9089550816038 675.0717955369471 -825.6552669016107 0 -714.9324793320341 -1698.08036985443 -551.1851085860903 -674.5579857270089 -414.561623459586 -535.8728621870766 -1367.700120012799 0 158.4800564898572 -130.0113690648963 173.6881811368771 -365.0856760510783 210.4790215720665 -83.76624713579356 -473.1935202652901 0 -311.8905363628405 126.7584119303469 -104.246636219454 -258.6621952752629 0 -672.4527765438424 -227.6745449287747 0 212.7578236891659 -9.241862228729786 -423.2577592164801 16.45745978245972 -225.4232166870465 -304.9609228920506 -582.7417346823299 0 -171.8156421611222 -443.9779474676432 451.0049902042016 -204.1343451004948 -228.526310946704 230.2216642641896 51.54427564485559 0 -100.1796188641392 -170.398178567063 -187.3587561678568 202.4082133509754 307.4216944717461 436.514563814579 414.4345822803859 0 -39.49092204788764 -336.44326320907 448.2353593755815 500.8193441491919 0 188.8924628801833 79.14089447360504 0 -8.177736305599399 298.8572642138721 196.6084932825064 -65.18987981123148 131.602898546703 508.5699181484325 -292.2663544939487 0 220.5085232335778 522.4459336766639 801.1389215698118 88.7751842484906 47.21048653425115 -684.9126104429622 -52.21355758971947 0 200.9512955431562 638.5424398363705 -92.79439185389396 -109.4646855182962 87.73670341450921 338.8892379373513 143.355232833207 0 -253.9360807947845 669.3300576330458 885.4591244899228 0 0 131.4531687322402 -164.1160681433578 0 254.8137026234946 -532.2210777731066 268.7149022006538 555.1944356473355 177.7428096213652 344.9175359119137 212.0915951391472 0 403.3124462248171 485.4563869619728 0 -216.4335437872394 -136.337281382348 20.79264666739618 -110.2834034570951 0 0 248.4094633613545 139.5302239247632 0 -49.87114311808869 -4.230466607086548 0 0 0 150.1278520878934 -300.6726449643575 40.85724782724928 0 66.15438847319282 0 0 76.57820643199314 -501.7345978742029 0 0 -119.4185629161173 0 510.1169461508802 0 155.0728950160514 -120.5799148186571 69.39116124628076 0 0 0 0 0 -170.8044949350749 0 0 174.6302935222831 0 604.4438637670673 0 0 0 37.1209728198486 0 0 0 0 0 0 0 0 200.3643329526087 0 183.032626324821 0 0 0 0 0 0 0 0 0 0 0 0 45.67552817488937 0 0 0 0 0 0 0 0 0 0 0 0 0 0 -8.81602419370234, 2195.809170078444 6139.581017989365 5290.04719324812 1245.502408063529 117.362329373787 -842.0371525991427 -1422.579770539546 0 -704.1508394896404 -1551.564058776192 -528.7140860334878 -572.4959859866141 -335.5279619048739 -495.3309753526191 -1093.73365950191 0 123.1241258140744 10.30146481679111 117.977938621321 -319.4164322929475 183.1960726485023 10.61076285640573 -241.0290857037424 0 -194.2665059677261 38.50432096224613 -79.78555561873775 -62.44464325399883 0 -400.7599753212801 -164.1996883403167 0 67.16953458333572 -327.1104718535577 -261.0671957301216 -181.5508130479998 -218.219801544286 -132.1076294799839 -829.9922632498266 0 -70.36947720526983 -552.1018535291335 22.57032448952363 -272.079410130634 -415.1125115651068 -96.5762958986252 -106.2257358937536 0 -26.29738961985756 -562.9750998615323 -369.8182274142621 -195.2433517612918 198.2608042259807 89.27716943201634 -497.3359090805891 0 -99.16715303771312 -531.4988614592805 234.6936756916178 150.6450311657854 0 178.4763651129931 -84.30030698590382 0 -63.61332943117876 163.3345184835103 -22.28606773216649 -78.30776069766912 -64.50954250865817 1.616165523799083 -15.80478858533446 0 15.03017399117883 398.1254252917353 628.0180269156194 105.6781810564615 96.16360295727137 -559.1305013405051 19.77043894420385 0 171.0253613933151 705.2540861896002 -8.708993577186234 109.7288623163584 153.866942319151 286.4091770099668 49.68639375360192 0 -179.9772674098887 673.9096731018403 833.9762656351236 0 0 83.47467899805878 -184.3947241100208 0 339.6329853145938 -431.4964355368152 332.3404015864495 491.9415055475712 114.2445602224982 121.6002877555582 115.6704277395498 0 210.0330356589436 553.8030865992991 0 -239.9761180129451 -134.8019671028435 -66.825739792392 -106.8875088954985 0 0 213.8896207189904 91.83806925778501 0 -78.22752168232475 -23.73782190982108 0 0 0 -3.13510944084387 -272.3415757788362 -108.3456412540675 0 33.23806118957123 0 0 75.33438905804176 -468.0845045055805 0 0 -77.45124538367033 0 243.1845766206155 0 55.04779854491928 -71.40452497804232 -153.4111799914919 0 0 0 0 0 -140.5739616120518 0 0 140.8756667853907 0 325.9448750985541 0 0 0 -40.40900636276198 0 0 0 0 0 0 0 0 216.0934376005919 0 111.3228228995005 0 0 0 0 0 0 0 0 0 0 0 0 97.86134035797062 0 0 0 0 0 0 0 0 0 0 0 0 0 0 9.654579475872662, 171.8006052602404 164.8364188905593 -373.0515257006223 -414.3742366712954 -359.4045374575138 -1214.141766425728 -1063.091363508917 0 -337.3544760723352 -690.4646004645406 -159.8806194082296 -160.9034753356119 -141.628967733632 -168.1413117136213 -311.4760719760902 0 86.41275291429271 191.7501703405069 92.60491706440052 -104.0994111438869 59.63413696254155 46.2225163836079 5.787938748567768 0 7.695166092536255 14.00424390211606 75.67778748046732 111.6307389464771 0 67.99864649708468 -92.41427548100592 0 14.57006406126936 -348.9913416572419 115.0903683321065 -251.070720157109 -2.936886691754083 193.1778724642924 -518.4832507909869 0 123.7906623713373 -42.53409890591362 -157.1097228324597 -64.84934643751947 -537.1315378060265 -197.3528601134284 -289.6875309411124 0 145.2409293043293 -888.7573644037625 176.7585431387927 -285.4048805880975 38.27987707886976 -264.7000522197206 -1307.392359028885 0 -233.6103672183554 -585.5811024898942 -144.8888340455861 -524.0531181672088 0 155.9009966585487 -774.6423247154573 0 -54.81491697965633 -141.4027179426155 -225.6597388052747 -242.2248632701527 -150.4483412695128 -779.3784657498622 144.7178321244622 0 -340.6811945574256 51.75476537548938 -81.9549402755509 101.0977828774006 32.40480498672095 -465.9191124166433 107.0467922693039 0 32.99374742872358 332.1710778727737 -23.19066318232322 290.4256024591972 53.53959020034475 187.1759630250031 62.7804311012633 0 25.62411644946538 413.7600063974266 464.6513515259803 0 0 91.70171704869131 -122.6259859138327 0 287.962616145144 -99.31212916020942 410.1319593607658 247.2464295953052 75.45100364280273 -17.03752871559885 -95.41662025292202 0 14.87068986005503 416.2157392939846 0 -293.3507909319022 -55.35508250950713 -66.7662027135236 18.50658754861652 0 0 193.6596128444987 -57.21869322712288 0 -81.42473857911961 -160.4905272017149 0 0 0 -54.35933042157876 -345.3859070978914 -138.8299001481327 0 -18.93468213135256 0 0 74.11292256585546 -433.9965164192174 0 0 -65.55603987002664 0 2.309341228045952 0 -37.76647427559434 -84.01914607147728 -283.8107407601094 0 0 0 0 0 -138.9338685790877 0 0 70.37068292767962 0 -10.7152398137776 0 0 0 -108.2966742229923 0 0 0 0 0 0 0 0 141.555611422108 0 0.3404702551960384 0 0 0 0 0 0 0 0 0 0 0 0 95.57846360942273 0 0 0 0 0 0 0 0 0 0 0 0 0 0 20.3070112359928, -42.32352756566672 -272.5968461204264 -461.9641293582119 -233.3486819097 -194.824346089238 -511.5169963527503 -342.5045044423706 0 -68.38573958267861 -124.8246052197543 -42.06126374523481 -115.578433070144 -60.96034557214086 -69.31638095640119 -251.676409335177 0 54.06485316804147 -131.877971582378 -90.19543777176119 -83.56040031517142 -87.24708364540632 -250.2887693220007 -146.1555345815989 0 -69.75810703954059 110.7420217021175 85.67112845519759 3.178412630419757 0 68.68709463931179 -102.9170327022262 0 183.6216687715628 -45.37277804150409 449.5343228003611 42.98147777765895 115.4399686925275 266.4025004251818 -191.3000272508331 0 136.9318621687231 675.312271759673 436.4452671824959 84.31294708955225 -557.6403866441888 73.86872374879948 -254.5681143953106 0 280.2847094523348 -889.8308369565138 1042.911097065421 349.4663334490546 152.8025785280342 21.63463325777087 -1037.324591299819 0 -174.8154704791076 -314.2122361726624 -179.103604839014 -548.0742487484504 0 166.439949670686 -959.9655469364202 0 60.64724128252811 293.9310659988443 193.1497931802209 -400.1404589030291 -40.68915617041083 -740.7685365422964 189.3073683473726 0 -411.1977951848197 -76.27738784427551 -410.9981407993563 206.0636148318212 -0.5675908412193493 -445.2193706292585 272.0250315427581 0 3.656881566239475 -57.21086753542926 -135.697276235911 240.8485028231066 -136.7661538352648 106.4620305100906 213.5172617749377 0 102.0749756798377 286.5007691219286 105.6087405358927 0 0 176.1060364052316 -69.40500992243724 0 104.9032015024036 32.32216369307798 335.9623412621019 127.8845249380774 128.9798314468006 109.7299637074448 -87.98256459913938 0 135.2404699316994 151.8298575223977 0 -355.4182801805388 -41.96966846105771 15.33193007562964 95.43357342796187 0 0 155.8026571443106 -82.46160382237341 0 -51.53637791326474 -147.4525752193459 0 0 0 -62.51889128319156 -507.1060159656281 9.008787277065224 0 78.29171137893002 0 0 43.40322662179 -466.3798413573251 0 0 -71.94524300918762 0 -102.0265056256049 0 7.431024644717652 -183.0072047152612 -80.28085957828986 0 0 0 0 0 -194.5353711281771 0 0 -79.45153750140541 0 -111.4431378199506 0 0 0 -71.3191669451445 0 0 0 0 0 0 0 0 -148.2187546287268 0 -52.56156068382168 0 0 0 0 0 0 0 0 0 0 0 0 -104.1518151828184 0 0 0 0 0 0 0 0 0 0 0 0 0 0 -25.5111488137582, -18.06820535877569 -93.47006945578812 -147.4340949825866 -69.38986475535495 -101.198458141654 -340.2226661407939 -297.0799904463404 0 -148.429809119123 -425.9410814050677 -421.4915267493301 -511.4227507699502 -170.5003523332664 -387.3180989225404 -972.2384220698298 0 -74.21544721710512 -852.5122953145964 -426.3319134700387 -306.6770088101057 -135.1574418282035 -390.8910481382503 -357.1125805904434 0 -143.4804756571716 185.0592656449258 -32.35984440773046 -78.33543917627276 0 30.39640838562444 123.6102938108369 0 286.2824607927234 218.27311193792 691.2747767361101 395.5002228388038 -20.45717545431225 51.65486403134121 -124.6891149572206 0 -10.80557352093501 767.7563906777186 648.5070696748504 43.49814366083734 -436.7016485639202 71.38067614741118 -133.4378167631658 0 289.8731391419126 -703.8357059299121 609.3989919967846 169.1352288614559 318.5949246166587 -16.08150870363755 -1044.286958118903 0 -5.608471230579298 -109.8336351392364 -194.8008752366535 -346.6777129522861 0 319.6525597681056 -529.5150243632821 0 11.53712791960864 162.0591532262644 254.1540010288901 -346.0961712156648 -182.1278265862043 -549.2336402356867 246.0615064235924 0 -186.5030979312453 -66.15171677894736 -204.9369905506182 264.0047933529689 -72.60635362899788 -236.494960995053 248.3185777857865 0 -2.977923786569413 -91.4681921893071 -183.231125688793 240.5798535889283 -219.0503302566342 135.5675088287506 347.70632969823 0 56.99878796369644 65.94294965378637 146.474101671298 0 0 80.82610439903617 -210.0938702985031 0 64.90314607923733 -68.39028711150422 223.4168849090988 259.2773199670992 114.0377082885789 195.756404241473 -25.66620568822042 0 186.1804464611533 140.2718484167345 0 -437.967729118157 -134.3894024173022 -23.10664268519788 21.32213468559385 0 0 85.00143087668923 76.9817040264288 0 -33.20451468332292 -69.16240964859998 0 0 0 -243.7244651396794 -558.8843848549193 74.356820230681 0 120.7104269031347 0 0 4.622255171573123 -328.6689665572165 0 0 -67.64284418962026 0 -247.2564976503663 0 -2.975862517705249 -205.4856994849259 103.0814451537897 0 0 0 0 0 -137.1767064039726 0 0 -118.7766342864062 0 -135.8276100676873 0 0 0 14.230062436016 0 0 0 0 0 0 0 0 -144.5202801062233 0 -34.3077514271868 0 0 0 0 0 0 0 0 0 0 0 0 -67.83032654798618 0 0 0 0 0 0 0 0 0 0 0 0 0 0 -11.60020696508025, -3.585176488940306 20.82082311864477 81.79657498896179 68.66245169436012 -24.83616516164276 -72.92442442364798 -72.19709086581149 0 -44.76658866499363 -298.4600220944197 -449.8517486485337 -472.6556155199097 -118.877548620683 -233.789017615688 -643.8086293472885 0 -155.7936615857754 -714.3026593133869 -328.8171947315582 -138.6183760697468 37.37136783696155 109.5839559584123 -44.56087464769391 0 210.0371902075777 82.17405112563105 24.98085698598121 -13.72179648402516 0 610.2481368581773 352.6398965804943 0 75.42291429126536 316.8040345112452 727.080022974841 423.9406348069419 -37.31790339674923 -252.705783464278 236.7370726595392 0 -175.0850940253359 246.7360093576506 201.9462481165404 270.9152827447627 -247.8150131616817 -1.571890004066745 -197.6515512384974 0 253.5521140634503 -429.1957990790485 17.0571957943307 -339.5822810233644 154.7227453463112 -284.4575591070705 -991.4418837072873 0 48.19243756392123 -16.81426969739539 -250.6191861777876 -345.1046558654065 0 380.8400781609263 -313.6448207068527 0 -96.05408785842823 -414.2827369340862 9.706615010455835 -304.5123086780761 -180.1602540805453 -703.5266971270362 141.5012671817864 0 -15.84792053484915 36.48537779397293 -124.3155834220054 255.7089587004569 -203.4418940334728 110.0651029871329 -132.1756094907063 0 -44.18633557493092 -125.2832249693158 -208.7741109564599 152.3114441469118 -308.9045554993048 294.4536894209376 628.0376368513962 0 176.3094350693295 -367.145466596205 382.1487096965576 0 0 -173.6613101250587 -374.3784521347322 0 98.50008243578424 136.4194938969109 139.854784212318 424.0549097197318 122.8256473265528 372.9206909362205 -66.51228831999791 0 -1.363945283068787 213.7158199096678 0 -371.4435735938601 -73.31252133163807 -135.5652252258835 130.8892691807491 0 0 92.49490772189715 335.2152720012558 0 -17.07667697052251 -52.6028271581898 0 0 0 -259.9362085122793 -384.482815915121 94.58981298505498 0 24.84603051973912 0 0 15.69809031576913 -18.91774926152571 0 0 -47.52131773669956 0 -375.9659394113341 0 -76.64315717408292 -114.8289007284429 94.40054918095313 0 0 0 0 0 -16.6626426162193 0 0 -169.3425671901189 0 -301.9914045877772 0 0 0 38.54631798154186 0 0 0 0 0 0 0 0 -177.3273295834445 0 -66.27101859639801 0 0 0 0 0 0 0 0 0 0 0 0 -32.24019602504077 0 0 0 0 0 0 0 0 0 0 0 0 0 0 12.09737271982013, -7.573327625391329 -2.152435305293672 38.17531074144172 38.34894097827107 5.844193566233677 -2.301094917473677 -9.722347488697345 0 -21.14399686483065 -51.89743822167372 -61.61705358814257 -90.93698086721486 -17.7894533348727 18.2759386741395 40.93982675450798 0 -3.80882784528405 249.09050379667 238.5759371921806 163.3200902820053 353.8543021548104 809.8032945163387 354.4467858999282 0 543.2209969734117 142.8925295712687 549.1035034372787 294.9563482830163 0 1245.872768429956 627.4663954586707 0 -73.0564059451751 364.2726419575025 724.1936567669804 367.6211621156746 105.3676693048251 -376.4915857254832 496.4591303988137 0 -152.2393660157943 184.0720232371697 -67.73726801020004 436.5017773956259 -167.0766178104877 219.7064816623754 -256.5866952007004 0 248.6643095113085 -281.8632193901529 307.9855572116039 -263.2052736838718 -49.14462887373229 -408.6799729815209 -507.2791477909211 0 117.5029924494137 102.2841902161795 -253.9926800864421 -213.693454419963 0 522.0030372788885 -157.8064329838822 0 -61.92342214098144 -188.1962076262672 69.88585481005296 -152.422567007279 -13.60582221431504 -636.1691328969923 284.166369313441 0 22.03027033769388 106.8761021867529 108.5306246615225 335.6501392787038 -103.5518656544275 447.5199567491074 -187.6758479379642 0 -1.504117579613064 99.55492104173831 -71.85668538806061 158.849610494151 -213.0440587798859 286.8753036416526 664.5647875379404 0 263.2917459735826 -187.4648876398653 625.0757661233561 0 0 -197.9827730967221 -208.6858920870127 0 109.7318561876151 145.8105998091751 71.17998724369254 423.6564642185361 106.0227746975442 527.2302765488204 -8.815806453609952 0 -68.80448748241491 246.6741534072723 0 -80.41002504266416 -85.48333247997985 -101.7729247320111 103.7913453281133 0 0 80.85645475234747 524.5201200442401 0 78.46631560407603 66.62079185983018 0 0 0 -308.980480229907 24.87935160602568 100.4433935658631 0 -33.44472208340739 0 0 37.09324837504963 314.7025681356325 0 0 25.76687689511546 0 -392.7581402379802 0 -126.904798605045 52.59590830049933 128.2113650187688 0 0 0 0 0 100.0165940902668 0 0 -192.2636467706914 0 -332.1043531447742 0 0 0 66.12860353991904 0 0 0 0 0 0 0 0 -259.6307120128586 0 -73.45458904261756 0 0 0 0 0 0 0 0 0 0 0 0 -111.5803657793809 0 0 0 0 0 0 0 0 0 0 0 0 0 0 -10.90808842921922, 14.04194041665892 65.92291308549068 73.15543736177872 -4.308854532995156 43.18820690414181 -11.54616176890923 -166.6243716437754 0 -98.54763933161877 -172.9959740191194 146.1661334542622 24.3062119270352 -72.26405670992114 -38.52986714430659 -67.34117837878664 0 132.7995188549496 497.7967720660896 398.8427794351881 65.89445983747794 300.0355812390892 640.1240438815663 158.2234746836501 0 293.7836770145855 33.31904627733024 332.4152682221794 368.3981222163644 0 436.5206500442251 540.5171128321953 0 -101.7286135501557 -66.39439221069983 63.1046083392234 -162.9813719588321 -192.3672406954072 -253.722126450262 -276.4883753105134 0 -15.79464483264722 191.9172194351241 -460.576244652756 -165.6859478143258 -66.49325106992208 -332.2158834614272 -278.7343707388582 0 114.5150315190858 -621.3494114185773 -133.7088795156068 -43.19572957097651 -108.9748705183041 -431.2272947308021 -225.7818638903508 0 -248.6805451598849 89.69565416531458 -42.5958464284716 -29.24346355602134 0 -83.10675248367565 -243.7583446167793 0 13.07732467255709 85.35584779390143 263.5354839532539 -171.4693077001759 -121.9536920849952 -73.9649980044569 -58.35751965648488 0 137.5480090442468 74.75231152225246 372.3744071616472 529.8791673216118 -198.1393650929832 193.4069916262996 17.8292248456886 0 211.2134030834972 5.767336256050243 8.530854152457096 25.5152077860742 64.18088599650304 308.7538716058752 572.3975661032212 0 68.15112777190109 88.9252563090501 496.4855815945876 0 0 99.237571122348 -250.1870112461244 0 -77.05536237580991 58.58415712617645 53.22180660360578 159.3090849716548 167.0857421717469 410.6887279729427 -38.0744754479682 0 83.03713045664486 -53.69302337715371 0 -8.767571998748117 -87.08010033021945 -16.61451225473215 -47.17079970428226 0 0 -42.80260343506845 109.0629774474305 0 -34.47049665142733 51.9825764549889 0 0 0 -307.7000214882829 220.4023089383313 92.22271386984896 0 -148.5630549352516 0 0 -29.93610339961081 236.1975189934079 0 0 10.11376960412979 0 -338.3812751970946 0 -150.2779501628418 143.2810583425172 201.5681356962136 0 0 0 0 0 171.6724662558636 0 0 -220.8723583155406 0 -264.8603249182166 0 0 0 137.7807370039788 0 0 0 0 0 0 0 0 -374.6781741842504 0 -36.42368649892992 0 0 0 0 0 0 0 0 0 0 0 0 -234.9084953399418 0 0 0 0 0 0 0 0 0 0 0 0 0 0 -54.086069357176


GFLOW: 0.5 0.07492732890442452 0.07465649247941858 0.1038593240059249 0.1037050844624351 2.981716692318416 2.981733793676966 2.939631162463453 2.939762978886314 -0.01437832389471099 -0.04890376011867895 0.01925952708175804 -0.01394777747084508
q-corrs 2155.449713027774 7223.291713962026 7894.759028654791 2762.318081196925 1056.857807217709 1830.983892351207 464.2161385516666 0 -254.8416117672237 -784.0979112441327 -259.2824586521439 -391.0632395570062 -271.089035299181 -400.0905916315985 -950.5667111622338 0 54.83638264064446 -309.8589939326972 -51.63956971032862 -286.8949295735067 28.03888967212648 -190.3108264380947 -345.2014337343626 0 -241.6208574329929 7.759719514541189 -219.4308377458749 -241.9469170461106 0 -519.5211182825128 -247.3277003475771 0 103.8463876222284 -98.81319539234525 -268.7761361255161 -11.36821963562162 -194.1503504909338 -286.8159720552645 -544.4721111797451 0 -123.7995256651537 -356.580447066702 278.9993597929087 -202.1233973920529 -163.2566072360098 90.48928367036805 86.64851038522144 0 -92.45681897166671 -214.5205497152852 -391.5549454016748 13.44814360084011 218.6764601263924 330.582787525748 32.62659309968141 0 -1.663189387924533 -287.8457261753381 287.4311283595638 278.2656262715694 0 71.07421230677204 190.6609016325577 0 -34.49537771254211 229.6868808802732 93.1504885380247 -40.22309970583601 4.843885268644243 279.8474997720588 -160.9956389589976 0 120.8957712458759 349.1796187832152 574.0740519076558 173.5130648694998 63.53891791567634 -410.9553936974908 137.6208825473561 0 150.6036533763931 389.6302571575969 -21.09904041108888 79.51481633876055 98.84098050536073 231.9638963808646 110.4164420689138 0 -214.3921759811685 555.6346036113416 530.5006381924015 0 0 149.3003008278986 -38.69355374916899 0 177.0699533541166 -352.3981461232703 280.1789279793682 344.3995810640852 118.5358920820016 128.169758066713 132.8064359479616 0 231.2424848129741 326.360485485855 0 -130.650037851129 -86.14777595004776 42.48687625624487 -121.5612531344745 0 0 166.7963556230939 129.1512651103731 0 -7.544810057777383 35.8401831812181 0 0 0 68.91067134641111 -193.5087109078806 -36.57924175882521 0 67.12033024981253 0 0 50.42349922166834 -276.75211595211 0 0 -41.98084407962587 0 268.1812508486286 0 102.0263650188791 -82.2744301882002 -11.02299189943069 0 0 0 0 0 -107.4882738175775 0 0 107.463809479806 0 336.3410624388669 0 0 0 -1.607967011867338 0 0 0 0 0 0 0 0 135.0318106502212 0 94.9025707009779 0 0 0 0 0 0 0 0 0 0 0 0 36.10991912264353 0 0 0 0 0 0 0 0 0 0 0 0 0 0 -3.451583407229975, 1208.921561842573 3954.700150035588 4153.545856508795 1348.448850872632 454.2512100638431 515.3525994023195 -217.1376845272741 0 -322.079331580229 -820.753316087804 -299.23020085294 -368.907396877232 -231.5956561325615 -363.4473458051378 -800.1790523679799 0 47.97494265940487 -209.4546068653113 -42.25411462463379 -248.3849681592307 29.4008250686278 -133.4483307220932 -240.0126837999827 0 -187.6700625538268 -0.6429952186663783 -145.8384742890622 -111.7414862322719 0 -376.8243047869083 -189.5331213587297 0 50.90637399973323 -211.9542550663043 -178.806549260728 -98.2590376228147 -159.1760373983004 -158.1725280481832 -583.0548596155992 0 -77.3318476501484 -367.3228445471842 96.14947821228625 -201.5047429153124 -257.9486407977902 -45.64852083218196 -42.79936763557951 0 -43.96361710808253 -401.3587410529481 -374.7316906052441 -151.976199545659 151.494579981982 100.6058507591663 -387.7646990707625 0 -48.77527733546752 -374.2943827018278 147.5306252100902 53.52234656714813 0 89.8797093438922 -20.36826423190962 0 -50.20754709886063 112.7386409241157 -37.76870380695529 -52.85587818929844 -59.0808780694265 -1.935034747578982 -31.81774224919435 0 -6.206003647943312 235.7372972856256 446.6879334504821 155.9472535874687 57.04643163607717 -352.099275979121 140.734971805512 0 113.883683043101 397.3784914068173 -1.070701763581255 157.6870923230116 105.0792819199853 192.0545565761967 69.87928939643265 0 -147.5175528222351 492.1099443398468 522.4860887800181 0 0 124.482459010769 -60.24357195055641 0 205.5004063327825 -274.2331724405501 279.3825991427229 296.2195228080859 89.17637671030334 75.56287029221345 66.76997118823225 0 139.6628316602585 338.5247565182879 0 -142.9320029909017 -76.18320086363745 3.430612661620025 -84.12113027406869 0 0 138.5933181614757 93.38231383628818 0 -9.922699606100537 4.16038220588278 0 0 0 18.78680025810007 -182.4642106128462 -66.08147273852241 0 57.58582841378728 0 0 44.89980587705101 -252.8353278719692 0 0 -30.7584579332867 0 167.0450582823103 0 61.55718617695528 -63.40363045514709 -66.0605276946452 0 0 0 0 0 -92.35861451464731 0 0 92.55388065916321 0 227.5163815161171 0 0 0 -21.16449640703456 0 0 0 0 0 0 0 0 141.7265345749558 0 68.90787182267854 0 0 0 0 0 0 0 0 0 0 0 0 61.99875784477077 0 0 0 0 0 0 0 0 0 0 0 0 0 0 6.251344557219117, 182.0632256593832 473.6417039848224 289.8517039570247 -36.16273019217343 -99.52311806868325 -509.5839076075605 -564.6183400927234 0 -227.3047701824531 -509.1523694094574 -175.8872305507373 -189.7330060445432 -122.4415574417091 -171.8628481978296 -372.2780049871998 0 44.14320236296478 -38.02086279061007 5.89809978545793 -122.28518207762 14.30027325108467 -69.29357696216402 -94.57761607105006 0 -91.17264761498515 33.03370753081965 18.10166099251494 39.83455935965233 0 -115.7552435087854 -125.1577406827311 0 37.22237339585931 -214.9978975768173 39.38875239325044 -141.4739658861275 -14.94299338592927 71.30945426113649 -400.2528518610163 0 2.7519456417063 -107.947137139554 15.65538156185495 -81.45794050724146 -351.1866546174465 -104.4750312638167 -220.0987940939963 0 65.57641654282486 -569.3079988013195 62.79480940539661 -144.0468899293378 64.24513221867414 -141.6141398965482 -791.1491327528925 0 -121.8746075680793 -379.7257770709141 -87.1263552807531 -320.4909278018821 0 134.2650837855362 -452.8054888987451 0 -27.27309523929026 -6.080839707420246 -122.5830686566945 -149.0126955380529 -63.88846391184474 -435.128690807967 113.3689824370442 0 -204.3933992552689 30.8618745299144 39.02992288369417 134.3242104790359 25.71705475644437 -273.272968856265 137.2299691518881 0 23.45074150678921 228.5205854975145 -35.66554308819509 217.172984400351 27.14086859804325 116.2017081055382 87.49378213156268 0 -8.33387285177551 281.0589612790692 389.3967571409534 0 0 100.7736983890682 -76.84133948689156 0 172.8006757371648 -80.31043864714755 250.6853338545449 175.4019572720019 57.46858499457146 45.87349523030255 -59.74347159738709 0 30.1805900937596 257.8282522895415 0 -189.1392416631012 -35.63688863035234 -32.07953942106919 18.23858020550548 0 0 102.2304127095546 -4.124351417748514 0 -15.77883034630958 -90.61868155591475 0 0 0 -14.39893951546354 -233.8770675172274 -58.56975440407601 0 38.52175181131059 0 0 36.53158781001361 -244.0909633209932 0 0 -36.55973206669236 0 30.03326646418127 0 10.90945605994425 -72.51720885800111 -105.4857139608433 0 0 0 0 0 -90.51350471495459 0 0 39.36379361161167 0 49.70133798386388 0 0 0 -43.89400185588494 0 0 0 0 0 0 0 0 76.64091764505582 0 15.9598268023523 0 0 0 0 0 0 0 0 0 0 0 0 46.34497707193826 0 0 0 0 0 0 0 0 0 0 0 0 0 0 8.706985337901653, -20.8673374260583 -146.8931619525216 -278.8603652987097 -162.8853418843199 -122.4856074440223 -379.3454438789125 -309.5271560509271 0 -86.90725062819484 -209.7844237226612 -113.5899644576072 -128.3651263013251 -61.55007099497358 -67.41353300787215 -216.8623083361669 0 16.33051500292913 -134.3244313758238 -43.84547792987553 -59.79199700139223 -21.50714234023573 -126.9136089313938 -101.3582008628874 0 -80.79900884878317 109.2377284453924 99.07488342034891 20.47388882086483 0 -3.039723644251286 -90.45718769222327 0 125.4704187248562 -28.902690001991 266.7366482640656 20.18163013567438 93.54910428390222 147.1694211118887 -167.3548712666793 0 27.15379814587278 323.6367214561525 290.5629330317917 30.25508547582363 -339.5943809807162 55.01035605074557 -205.3327611140108 0 152.230463586236 -524.9053984144922 585.0963114921409 158.7409004630103 117.2750182334114 -30.61036775434072 -668.3341539143358 0 -96.87044477931366 -205.2158448189617 -151.2844259228051 -372.3625613709993 0 178.5133799713171 -538.7328331300832 0 25.10525002563242 146.3123866291224 34.63301790268525 -250.7761470704832 -16.24805749324208 -508.5924526060307 140.7880086092114 0 -227.1386559156433 -36.60040515693994 -246.1259386348371 154.013139777067 13.8557247875253 -280.8765046623404 144.8437855598119 0 -15.71465059905782 -16.90779781675749 -107.9856533533255 148.6226818924621 -94.63097207276194 73.78105104175719 123.6767293391378 0 20.70101442472368 102.9770413774542 160.4594470259286 0 0 88.45456096311598 -107.5543355678681 0 69.51143963517379 -29.99778463293735 168.6874946447171 76.42589437545011 62.17133086216695 37.63538980565642 -86.82948194518453 0 41.66484953929628 107.5187299017216 0 -240.4595692122494 -38.53734568590211 -41.78819873971744 2.799081676043389 0 0 74.91652256221475 -63.35027193630665 0 -34.45385382058404 -115.2717052690274 0 0 0 -76.33637371026585 -318.4001046200073 -21.29352705796461 0 31.39104775011717 0 0 22.40106432061049 -252.8799661108716 0 0 -46.6306032772526 0 -88.02366868290508 0 -12.74884503163812 -111.2920602353008 -48.93729600136493 0 0 0 0 0 -101.6965406846432 0 0 -51.34590417073153 0 -69.85384595067514 0 0 0 -29.45523366056301 0 0 0 0 0 0 0 0 -79.76351143097186 0 -20.52438036762839 0 0 0 0 0 0 0 0 0 0 0 0 -48.3047807425024 0 0 0 0 0 0 0 0 0 0 0 0 0 0 -10.87381539089311, -21.94525837436981 -113.7990219064897 -189.1546210323784 -102.9324065383054 -95.62342730996735 -315.2143500685229 -274.1227734118786 0 -111.510938408488 -320.532038912683 -306.0221534871264 -308.2143166049959 -94.27321700692335 -197.9250658070378 -481.9894950746706 0 -63.91067169829952 -478.8235476361792 -234.8127719792035 -128.5119813675367 -67.45893698451016 -188.20563746297 -158.6914815622685 0 -71.06982831961032 106.5647115989577 14.90080845489598 -45.9717735510246 0 50.79599104988006 31.37217868985246 0 155.5108103684416 121.586294910725 393.9820043148857 211.780266122651 40.08325524717702 -1.004108764555568 -85.09681602050462 0 -39.51394462521704 413.6586650802487 405.1927645565348 50.84119316152983 -249.1241701761771 101.8396263101835 -109.3558546346746 0 163.1263802222409 -419.4596323707259 349.7461642560929 54.12922491150777 185.4329108177017 -33.891494639361 -675.1023375952507 0 -14.43729419960513 -113.7354801704489 -161.9691746820209 -313.9477985699867 0 218.177861634173 -309.245335145036 0 -13.9176380406308 39.24791389114556 0.1048582793440431 -244.0845293440112 -116.1581758251404 -499.8448668609396 91.57938704596577 0 -121.2554154925167 -6.638502068445902 -237.1617098237011 188.3684839339506 -19.3528596656301 -257.8506462125289 95.51538575431815 0 -19.46569159466925 -124.6512294822533 -134.4815533549004 71.16973282064561 -157.511144072385 133.0219737695587 212.967711279177 0 -11.89642414113857 -31.70182491819122 98.23050544924695 0 0 24.96250481746959 -203.4027055684512 0 28.6024799443745 -70.381875114105 111.1242016614313 131.6990914377273 79.89899132983918 55.41255506393093 -52.1628698903807 0 52.58235098993423 69.04761903964541 0 -277.4154504244651 -74.43909279394538 -81.07496915321079 -72.42900207042153 0 0 65.96612648686363 12.32648480694911 0 -45.51002719371178 -64.12183879385205 0 0 0 -183.8848838119701 -340.8529412558269 -15.54006582909562 0 16.59623767497698 0 0 10.3706828773246 -189.4549415959657 0 0 -34.88318519957102 0 -193.8871622851212 0 -44.86565466630309 -116.0010992907827 7.226704804289069 0 0 0 0 0 -75.76204149696143 0 0 -88.05262909140799 0 -130.1396505286613 0 0 0 1.435009962606193 0 0 0 0 0 0 0 0 -106.9587115246139 0 -24.38363311224208 0 0 0 0 0 0 0 0 0 0 0 0 -44.70877798670356 0 0 0 0 0 0 0 0 0 0 0 0 0 0 -6.179463958101561, -12.86175202673525 -52.78662573923742 -70.62484176061636 -30.23609215862687 -57.01754151079738 -179.5478783487225 -150.7702840016828 0 -70.24855924345484 -244.4684126271632 -319.6960598265703 -290.2944150717786 -56.90929879337445 -153.1186361566592 -330.4678047670348 0 -96.3367537267617 -381.5835000352552 -201.6459613231979 -39.5200732544683 -8.384727611589 32.61520675077168 22.83853791289603 0 119.4461502100251 51.91099793333966 46.90162387421668 -8.447183043908069 0 375.678009730449 158.928081713433 0 54.81593532932025 197.1792183635207 438.8757555668138 240.084277808714 31.90826976961943 -195.8526428517965 68.41351657556518 0 -136.443946276396 157.548285557629 189.7953319736665 158.2976723948778 -167.6038709884595 64.80987191349996 -142.8149513313342 0 152.0100933743349 -319.6421992938077 -9.706132744149812 -246.073833902064 100.2283501142606 -216.4166877215728 -727.7086247993773 0 12.90573257817748 -95.91845215108714 -185.8381807372883 -336.6002331652094 0 233.3329729458508 -230.1402596702834 0 -72.52250379612924 -235.1079089434366 -119.9152856805832 -209.7836603892488 -139.0094214866966 -589.6540738289193 27.30522376677984 0 -56.22748469040985 43.59318613738547 -177.3543562282771 218.3442086798443 -76.93528688039461 -96.425291408101 -55.24645719279358 0 -24.43183626428949 -135.552473223246 -133.7407476765206 7.704601076769883 -196.2635821704995 222.2212985265135 406.5510678886463 0 49.77677067998464 -181.6418524092261 213.8777671514759 0 0 -79.07251552408789 -289.992200066445 0 47.98604524316775 44.6320114724715 85.12018107700675 262.8986344262631 100.8941299706111 158.1645767675007 -60.44350191200834 0 -19.94710681405576 108.3946782954153 0 -258.2774946317192 -46.06434746064302 -136.2367628677758 18.04015709638695 0 0 87.99666594505844 162.6543840076511 0 -31.19905705678541 -43.67722094842752 0 0 0 -181.4633895498273 -276.6062172372032 7.560107131468811 0 3.923195133700045 0 0 17.36952037029459 -55.27298630463023 0 0 -18.70012455439603 0 -243.5790088014926 0 -68.43681603960454 -78.92126178285011 19.33670478962452 0 0 0 0 0 -26.55724845721799 0 0 -110.1037853557458 0 -200.0931431121611 0 0 0 11.9703092703669 0 0 0 0 0 0 0 0 -128.6668127818165 0 -41.95315459265625 0 0 0 0 0 0 0 0 0 0 0 0 -39.75186942922645 0 0 0 0 0 0 0 0 0 0 0 0 0 0 0.2676151426797748, -4.488342801530536 -13.37368560731271 -10.6526652325478 -0.4071898818980024 -16.53585194547713 -57.42770615141514 -45.97561789028085 0 -27.60646641118892 -62.17680020718079 -85.8324279339538 -70.14862779813326 2.764677250447541 -6.847910167480961 44.6103025753515 0 -8.277944957878919 155.4189331552627 113.3638610367442 120.4224212762923 157.0272704832757 405.8473936987902 249.5365166957209 0 308.8448911426539 91.24291938353591 343.4744079002151 190.5350364460548 0 734.9383541080647 321.1986729280957 0 -22.0541229171009 233.5935466492601 445.8314099711202 184.4218559347692 110.9851297143449 -211.2714093960361 219.230398277373 0 -113.9151707413306 119.0258840023722 -6.01454880790665 231.7860329410441 -104.7935496619006 110.5651046252495 -189.7250530434665 0 151.4494070879208 -223.9638948645694 122.0724275317951 -223.8387569956047 -13.59941466768954 -282.6427625067504 -429.6803828148854 0 42.28155162340671 31.11316141638426 -166.3362964947517 -208.0518603221963 0 293.34853178084 -128.6223596168862 0 -51.9683066528643 -111.196731902739 -3.042790477289145 -103.0000942048428 -17.76102668632377 -419.3204996919234 120.8732577522256 0 -12.83711071145366 69.08079527991794 36.82002879713991 258.8438739509565 -39.02375081027003 161.9168723253333 -45.03809325765667 0 6.37822959535805 33.25941210994829 -55.50135586975248 63.46321693137673 -115.6362585412201 203.5635017399022 451.6168467296345 0 116.0488521390157 -34.43179707116798 375.6115537939451 0 0 -64.90621568826954 -166.5157059580026 0 69.81459927039207 102.0724057362444 85.86487392299648 299.0229649224575 92.46886324367222 285.1610530520902 -15.87369627172913 0 -23.64643374665458 143.4979885944279 0 -98.81219412066618 -31.48540489548673 -79.60528123764885 113.2860975370079 0 0 80.76552237627861 297.9920831977636 0 38.6414637906146 24.3375464804151 0 0 0 -149.5239364377899 -56.65107481031302 60.35062603541841 0 30.05230447707071 0 0 23.94632714382928 134.2347609279028 0 0 13.69055845432304 0 -230.9853012283355 0 -64.61263519550765 3.909356890390164 77.78177988293959 0 0 0 0 0 39.66860873157131 0 0 -131.3304672800149 0 -211.9879406216843 0 0 0 33.07891350448357 0 0 0 0 0 0 0 0 -192.9029116248517 0 -51.23719527920856 0 0 0 0 0 0 0 0 0 0 0 0 -94.11285670138501 0 0 0 0 0 0 0 0 0 0 0 0 0 0 -13.91273513217784, 13.92585382439972 58.63202840299448 70.36174165939784 17.24022958208219 21.50243324017868 0.1087804028259356 -65.66556077973232 0 -54.60472058302861 -93.9785393729132 47.54921357537155 6.627272800748109 -31.3948495654641 -33.6053528872445 -26.53853491731935 0 60.19161917390089 263.6281184772592 202.4059517672675 36.79354573186819 151.6508707901667 350.8387699875992 111.8966723575278 0 178.2434863112207 27.86591999505089 215.7929916881899 222.6463804375927 0 311.5076068477514 294.6953146169857 0 -52.58200210505839 -3.976969137146625 89.89757583422009 -67.35243464330303 -61.93844542985487 -133.1024567963828 -125.4132648332968 0 -29.5685309257523 66.32593782334128 -202.0941666561553 -48.68559931160646 -57.14458294343746 -160.3229493871371 -190.5403313846058 0 74.84440425809085 -347.0818078086772 -50.05558345575713 -58.93818413941924 -32.28983234265856 -206.0416563100221 -181.99643077477 0 -100.1407200911223 63.02812548625046 -42.79321122095595 -38.99241192182004 0 65.85237748335661 -38.78681908993694 0 -10.94237113782334 120.7707152615473 186.2466690845605 -94.77903114793075 -19.665758023075 -59.92713328488244 30.49356894640817 0 82.77415702692667 104.6103455973518 228.9008515482768 384.8559833139316 -34.05577384617733 126.6289844157094 84.14197278245456 0 115.1621049646811 75.15523049837483 -17.0992135158976 33.47700677656125 17.91860534058262 215.4563365289807 426.2974341240421 0 52.06367722151231 177.6737464814283 329.6319962818033 0 0 71.71371173238828 -63.71013365246961 0 -22.86688300623906 65.6185589916455 61.29192325738158 157.9321764636384 120.5077551239308 272.010489596036 45.54486180666967 0 84.14479392965981 -11.87611703856268 0 44.44655220471983 -30.48886396813877 18.72135822362557 16.07833204654132 0 0 23.59652439636016 165.8240592835324 0 4.794623459074433 95.98153293574285 0 0 0 -170.4907319491401 156.4975416511245 41.41254931289139 0 -45.69918247530184 0 0 -2.212008168780137 183.7562909296784 0 0 29.18433284639862 0 -263.9978280087728 0 -91.88582906723015 79.17932790588256 89.90123126254048 0 0 0 0 0 90.68932597972299 0 0 -180.485946862385 0 -257.6620646425871 0 0 0 56.74891122384495 0 0 0 0 0 0 0 0 -310.0769114430964 0 -59.90771033786563 0 0 0 0 0 0 0 0 0 0 0 0 -186.7039297471686 0 0 0 0 0 0 0 0 0 0 0 0 0 0 -39.39423182328293


GFLOW: 0.6 0.05600286847240879 0.05571104664126635 0.07454504460974472 0.07430717873099268 2.987307372331905 2.987340089387137 2.956502215090419 2.956668924625649 -0.006974690227642735 -0.03418986316428178 0.02123611160788669 -0.005591582296771582
q-corrs 1157.728229206277 4271.764745449825 5185.336472369932 2050.413345282725 923.7213381439718 2026.673753983924 972.2421811123208 0 16.55261714936653 -198.4944554901068 -30.80706258622733 -169.8394557102959 -158.2003869456884 -252.1388703608197 -621.4857885194532 0 9.891795002669957 -332.4499036550415 -138.0063049125393 -223.2208404709644 -54.63769794489394 -226.9181900917426 -256.9966243568377 0 -185.7119962162671 -58.08010776167561 -274.3742824024907 -217.4220134978682 0 -408.269559879312 -219.9069425939197 0 45.7496430308321 -113.1425422635186 -188.1787391795324 -28.82602477438363 -160.1691260760636 -241.8463252915453 -428.5861471601034 0 -96.28613784091002 -283.0382727069939 161.0335884595498 -154.5289217550338 -115.5019080589667 23.67998018739723 63.01776494892381 0 -69.76422779046004 -187.3007289480489 -394.0955153148947 -63.19234997303796 151.0222517380384 200.4568300356872 -107.064822089345 0 6.938731261021331 -227.9057339369696 171.7645160076327 130.3397278175956 0 30.41409816119544 174.8009158676159 0 -36.98804143120341 143.1688178317205 28.20044431836154 -15.73495739002649 -45.19389730618217 151.2262637138222 -97.83850039290067 0 64.46491999118309 224.6958929816273 403.9208805232491 171.1495302510846 57.1309352247724 -252.0044329733636 168.8305304953896 0 103.2551085577049 257.5732604522298 5.484474218877631 119.0653667223175 88.47511425526201 159.3997363196375 101.1884674079191 0 -142.2722292350567 436.7081766947542 350.8776833068617 0 0 133.1128382376988 16.47879442154902 0 119.6902360061734 -216.9338646793099 231.184835064564 230.0402525588911 83.85390900949467 91.99532632953314 100.0346176044592 0 155.6699858491185 216.0467705818193 0 -70.21111168172079 -52.02470728830041 48.87105570534791 -77.68324132713255 0 0 114.2816881449889 122.8917680383141 0 12.62961498609202 58.95728501700013 0 0 0 38.13748483242033 -111.1053126325076 -36.22312640974113 0 58.2538001061688 0 0 34.30919206330199 -149.6699171956909 0 0 -7.491670391861227 0 147.8823552582203 0 66.7011956618509 -49.8603860331279 -19.49821245519371 0 0 0 0 0 -67.55330203412016 0 0 65.98296936210485 0 190.5176212682151 0 0 0 -8.848515494616743 0 0 0 0 0 0 0 0 88.60175839090135 0 51.05743050040548 0 0 0 0 0 0 0 0 0 0 0 0 28.02765795253368 0 0 0 0 0 0 0 0 0 0 0 0 0 0 -0.3076298806876672, 714.7197017382061 2602.71894530499 3095.988298488603 1183.585262921292 513.9885035665441 1026.309648150679 377.3417060344188 0 -80.61140347466906 -323.1646237475571 -108.2975362715473 -196.3410898667503 -144.8406664581946 -242.2778383029626 -558.2899415672475 0 12.59826987247319 -264.4807642123759 -113.4814128294373 -198.187280026554 -42.73911691622379 -186.8996487246775 -206.3882502110342 0 -158.3087325012707 -40.9111345117817 -195.1819339201859 -130.3920074174891 0 -323.3117115854513 -175.3587640014014 0 27.8696948644004 -150.1290623809544 -136.1682153699601 -65.64996001254971 -123.5959552369177 -149.2655156428777 -407.8371268372217 0 -71.49627589603951 -266.6026635891853 84.83433725440491 -139.3724727683001 -163.1461522329775 -32.4587347054312 -20.15611661574634 0 -41.09826740949831 -269.2435971696262 -323.9272579431565 -120.5374587349319 111.6292777212198 72.45145700573376 -294.5701402524186 0 -19.87111083485633 -263.0712209621419 89.13454520162746 1.950230309825301 0 51.03890391009179 25.22828075311648 0 -37.94680108560805 79.11730138493357 -38.06104323229252 -27.21769918434239 -60.62081405669182 -2.194556978112963 -31.31182373353222 0 -7.290587280485367 150.3140433273536 314.5474346386416 149.4255228234541 44.78442791564154 -222.5137842262846 153.0937477390434 0 76.66182755963615 246.0142241242325 6.317450921797963 143.5586152927407 77.60069907722699 131.7524423225099 78.68374708778943 0 -99.88413142151387 371.7497446483651 343.3224070719917 0 0 114.2806622320784 -3.391524846685506 0 127.402099594168 -164.7939738215702 212.9024209013167 197.2291954312529 67.65900058858921 75.91596444040739 56.16823749835831 0 105.4288210014245 211.5078648795071 0 -79.57339468861265 -41.43188352738022 25.22832440012855 -38.40956107050397 0 0 93.7212197673647 97.38902292703975 0 12.81848548901132 28.20903550672293 0 0 0 30.40679722618181 -110.4388167761175 -29.82777624592336 0 58.8607350218897 0 0 29.13777246102117 -133.5473554824208 0 0 -7.832471672639441 0 117.7459779859128 0 53.86267826892245 -42.96682292056803 -22.56941175293856 0 0 0 0 0 -57.86744582764192 0 0 61.49779672773668 0 156.2877980060436 0 0 0 -10.65991762370006 0 0 0 0 0 0 0 0 94.15296828647155 0 43.62353822520781 0 0 0 0 0 0 0 0 0 0 0 0 41.0531949638556 0 0 0 0 0 0 0 0 0 0 0 0 0 0 4.398102050178277, 155.7577482094534 517.5433981246371 527.5438519278539 145.7700634957326 33.5221170808462 -76.10938519638856 -207.7792006115789 0 -127.3751882588817 -318.4842424273597 -130.2560116432677 -155.267779891673 -93.62002147792442 -150.6996469127772 -339.6769332552731 0 18.60597191901615 -130.7653021186299 -50.60380962405103 -118.5374619972294 -21.22632084888357 -117.4209406488714 -117.2637175242884 0 -103.6600922440256 12.2824806724205 -36.62597282145329 -8.514020200227719 0 -154.3675532833072 -114.3362589265352 0 29.51437986208928 -137.0542253883375 -4.607271547690978 -82.74455822266275 -20.36315601883777 15.1673981229274 -278.9565797516103 0 -28.35488706233113 -111.415645703871 55.38333454629738 -66.61315202410159 -219.8330744048511 -52.94224950728126 -142.9204418875458 0 25.48333222215737 -348.3225824118751 -6.510747866918621 -83.10267446993551 60.38132682477929 -72.49487831874906 -482.9956975221438 0 -58.58636903184743 -249.7766513564202 -51.93822188191338 -202.9792232147672 0 97.56419285521244 -241.7354389253534 0 -16.85416590680769 28.57067936434906 -77.21471718832301 -86.9027789145633 -42.47228768637663 -249.363267748994 68.14547554258297 0 -117.1958596334708 25.96512411290484 61.88752513037498 116.5922520045929 24.58991070707906 -175.947745623325 117.8143545038053 0 18.23376069055685 146.1053521745692 -25.1482826210211 149.5110556719715 16.70704288088124 77.85433051333405 71.28206375340525 0 -19.6874847805795 200.5825009228357 267.6035852570734 0 0 79.79712219081006 -41.27024650459468 0 103.596290065807 -58.63478732597447 158.5405452297714 117.8225302674843 41.93553612849282 47.308869660694 -29.51374049669556 0 30.28243775118447 157.9682250917161 0 -116.656700224962 -20.33447426304737 -15.42625668922778 19.17721220554635 0 0 58.72763063873688 17.75640281527289 0 0.9234803223613284 -47.81575483775717 0 0 0 9.739314391966104 -149.5539237389184 -18.28247693395882 0 44.87278022845544 0 0 19.6965888227816 -134.4409764369907 0 0 -20.38316686117574 0 42.14283038201158 0 24.31160037147714 -50.00265939255286 -31.54174352079212 0 0 0 0 0 -53.62248279931453 0 0 27.17903375145853 0 61.90660734710237 0 0 0 -16.38309455667785 0 0 0 0 0 0 0 0 48.97338152927793 0 17.70994721401652 0 0 0 0 0 0 0 0 0 0 0 0 26.39233018010895 0 0 0 0 0 0 0 0 0 0 0 0 0 0 4.277734835725491, -6.778532428692486 -67.42106876332511 -151.4894067922419 -100.7440502203599 -76.56554137314846 -265.2548182950597 -238.3836665217607 0 -81.54012788969096 -202.1499636839308 -124.3182003907795 -124.0360337084832 -52.77874913012022 -76.76723458496424 -200.08128399779 0 1.415907628305372 -131.0970897121038 -47.90611451342907 -54.30169657337866 -18.06506875403948 -98.243658703492 -77.28860359830561 0 -71.73425319376177 69.44088123032702 57.23352216056119 11.25593660279276 0 -31.52008422035778 -73.19527250798406 0 75.51436803343033 -25.9711275648727 144.3189126741864 6.120949790382852 62.34959891012059 73.36855476433534 -128.8101009385986 0 -11.17558929740535 138.8334081516069 189.542529182062 8.130167548595246 -210.6341654628492 40.78887961174774 -147.2105961111623 0 81.27909453876254 -319.4659095691997 303.7623837809413 62.14158856716797 78.33448046362869 -44.05901287094382 -437.5989203124967 0 -49.69295992997642 -148.3569917075727 -110.3546851840024 -253.7111641674955 0 131.7635643291795 -310.5810839620873 0 7.363898016869266 69.70147353408868 -30.09866251955596 -155.2739798515969 -22.91400542643166 -345.8752930397548 86.59636154552155 0 -134.1523560081474 -18.99693731724319 -160.4723252167306 102.0092532175673 15.88004054469177 -196.2299771893387 79.70239995531392 0 -17.09989494297287 -18.77015489827441 -74.67523440931312 78.86257352610528 -65.52260726799551 52.98866649853652 68.08743060559104 0 -10.04580799904288 33.62970330537696 110.4882442714237 0 0 43.4278506234364 -97.98163422567251 0 41.00861835269042 -43.48544147512598 85.16583847545863 42.4699134533965 34.727889947433 -8.853978382095363 -64.64921693831901 0 6.577619270875779 64.02638187268116 0 -160.8241133335145 -29.40659109136757 -50.82746734218699 -34.07406881449288 0 0 39.86867578966837 -54.52096957222048 0 -32.2932343196876 -82.93643387501319 0 0 0 -62.51956602711061 -205.4510238009052 -30.68744490493996 0 6.118749091574733 0 0 12.09563588815204 -152.8517195064894 0 0 -30.20356047495611 0 -67.0824514084847 0 -15.16417457521889 -68.80828606214232 -37.90948670070281 0 0 0 0 0 -57.76227430264802 0 0 -34.12016767412771 0 -50.44786198290043 0 0 0 -15.96017138970494 0 0 0 0 0 0 0 0 -49.34238958642965 0 -11.57008568261415 0 0 0 0 0 0 0 0 0 0 0 0 -27.1372782198209 0 0 0 0 0 0 0 0 0 0 0 0 0 0 -5.627582041159789, -21.28493020962736 -110.6219506987884 -187.4040165300169 -105.0611331671265 -84.77276694024167 -278.8730605957873 -237.8137428450115 0 -89.36014438720584 -241.3354180267382 -227.6137581912064 -205.9306004380984 -54.97170287598759 -123.7187047448682 -273.5278978946885 0 -45.91852229297282 -278.5691371249121 -143.2693542952345 -58.57629284286342 -45.07183141005156 -113.3013537644595 -65.68728116485042 0 -41.06673141949474 58.32580358170614 15.83575994126014 -26.4348695814615 0 42.16327610060883 -14.99972556225576 0 86.58431006183108 65.71960895942357 226.8807004586528 105.2466769052815 48.12297938983755 -27.55645571185515 -74.8840639819572 0 -51.404138158394 197.3834822046744 248.8614782986127 38.9919868639023 -159.5136172526231 80.97570489425948 -98.08596205531586 0 93.25796440142959 -274.1062566765247 175.1913041633869 -14.12288821259252 104.4481010246996 -65.94060812300532 -473.3734395302976 0 -17.4418348790197 -110.9025394233489 -128.4807146479399 -256.9616282952665 0 136.141794893273 -214.4686417962069 0 -19.37105634653238 -21.87589156393968 -89.77771059481933 -170.8080533908928 -94.01004890698377 -405.1056500657988 28.17037370094939 0 -88.68959156795569 1.843961479244911 -222.4633789790678 120.7647507338992 -1.085691795228925 -233.9186381286741 31.02931418404438 0 -23.62138515108224 -128.2524772718912 -97.28113158414278 -6.777534387522067 -113.396316639652 104.4968517895962 128.8854786978326 0 -39.20775288716776 -61.28780940413149 31.46968871822838 0 0 -0.1235768771705921 -176.8416389348355 0 6.836784516720858 -69.81550840909966 50.03562958105 66.05806555807331 55.68539796352366 -27.23916465648616 -48.9368179801959 0 3.322914522725004 20.60644435997977 0 -188.7991367889237 -49.31852930542591 -87.53060501942151 -107.7977583025611 0 0 52.57943114909472 -28.11849209632596 0 -57.4355023171433 -55.66758312448941 0 0 0 -138.340265849933 -224.3300667185183 -51.63259572461924 0 -26.74872471965731 0 0 11.2576872288261 -133.2617997715823 0 0 -21.45871357982069 0 -149.6353346978108 0 -48.44791864750582 -71.15743171676155 -38.33617930619223 0 0 0 0 0 -49.27344388855316 0 0 -63.8834648436878 0 -116.2256910096504 0 0 0 -8.622010059613142 0 0 0 0 0 0 0 0 -81.51341024798302 0 -22.85908838230885 0 0 0 0 0 0 0 0 0 0 0 0 -34.89116671737127 0 0 0 0 0 0 0 0 0 0 0 0 0 0 -4.936063940595069, -15.55476443641092 -75.93616448192145 -122.156398693036 -64.73259789432488 -64.06275744413263 -205.4853402238241 -166.2037505673818 0 -68.09053271212142 -187.9465379348246 -230.5534577018619 -190.9157828948499 -27.09178623947052 -103.1656139976308 -177.4136412193 0 -60.6299442378715 -204.0373898201717 -125.2970659977952 -1.033452415641172 -20.69968998877258 3.272576405288731 50.93424112180865 0 69.96830278543186 29.78074146126488 37.65536075661868 -3.557820168191327 0 233.1687538232938 55.18149201712478 0 39.31839436979651 120.2705981867154 267.3875689864456 125.0834653757571 45.62354281560869 -146.7843519975045 -4.640293820077886 0 -106.7764282238102 80.92166956809895 141.4268636683256 94.54358738265853 -116.1768717084215 60.12864714923559 -112.8108114652282 0 91.54763854834046 -235.0940845444782 -28.83102141556313 -185.4597229491356 60.55313716913025 -175.5912570201931 -525.1995322411233 0 -8.974768030294747 -103.1120992977763 -141.2565608433652 -275.1448990379172 0 134.8096940598627 -181.0366569131561 0 -51.21541898803724 -162.9833366072535 -150.2525890540688 -151.8932141178873 -115.7494611027431 -457.4306674656564 -13.85135275702492 0 -58.09044124816894 28.35510419182899 -187.3803256778662 152.4072220441467 -27.81040580319 -158.8610023102443 -34.12593526346975 0 -20.06830991318269 -134.9933140960852 -94.10512249470111 -46.26291236610241 -130.7971814211858 162.9711632237906 258.5218620100226 0 -8.108557243176257 -107.4401223406315 94.904467192293 0 0 -42.88176486501241 -219.4373755485427 0 16.38739190272051 -0.9259103479018265 50.5690729287667 160.0959474951626 78.27342302505764 44.48024303729507 -42.20166684230718 0 -20.61779910459492 42.46082219427491 0 -178.7932207654386 -30.78237747954636 -110.0481842944134 -34.36909683906063 0 0 77.17717277856167 73.31254563319942 0 -43.26068466341097 -32.53984246901047 0 0 0 -121.7740389238863 -192.0293693528638 -27.77426644301355 0 -13.31802881798117 0 0 17.54702445804252 -63.6225920601948 0 0 -9.38972444427824 0 -161.4689549481138 0 -51.36949861661976 -53.35371894591164 -19.80482708273287 0 0 0 0 0 -26.87137573935259 0 0 -73.06246267143948 0 -141.0548419302576 0 0 0 -1.920597107954704 0 0 0 0 0 0 0 0 -94.15337405011471 0 -30.85865138808509 0 0 0 0 0 0 0 0 0 0 0 0 -37.06740741874931 0 0 0 0 0 0 0 0 0 0 0 0 0 0 -3.561416591585167, -4.742784727116685 -23.24116124953637 -37.50096573175699 -19.28189947613627 -25.14251343871543 -82.45720379400925 -61.70777756731253 0 -28.60878448758957 -56.47458741130025 -83.56628160126172 -56.46297934322912 9.396323664457505 -14.06212023425733 39.44027308129912 0 -11.25308946319527 95.29365513491925 52.32237726917073 86.07019408702894 71.38410689898092 213.5484233437343 174.5124295257179 0 178.8466464721526 56.27234463877795 204.8590069482112 112.5907557870898 0 431.0086639333761 157.2383696765083 0 -0.2068166497920707 146.9098406896789 274.3129652878155 97.68965592358541 81.9562992538586 -138.0794277788293 88.6916110298493 0 -86.69628757107225 70.49640682342714 22.11505342596825 129.5443099633692 -69.27091530902487 62.60925120938971 -126.6911084380871 0 91.59551247249044 -164.8511200494008 36.52693923353485 -170.4515209520325 2.040852079886518 -191.9441614796709 -329.6423786201202 0 11.18791540102884 -2.702611344462667 -114.1266194712277 -167.5696589913014 0 174.1297782026012 -97.35843476871742 0 -39.49577629755397 -80.49422878034237 -35.77934116541884 -78.91317557372363 -26.96236004434244 -303.1302612149619 55.55180770231405 0 -18.8867382337024 48.98902430680874 -16.29669147336612 187.667394363106 -5.570012537365514 38.68739797512211 -4.213594556415615 0 2.572320945361557 -0.1904973900998286 -46.49644008820681 18.94057284024209 -74.89949419370885 154.2728243489664 321.8754106770204 0 51.28500950147745 14.85917225892835 221.8379431256506 0 0 -20.83633284157559 -111.2819013778174 0 37.28043237012731 67.74256185418119 74.56509651484916 214.9266285922761 76.12383880828293 167.6199211396652 0.5186155017408609 0 -0.1598268604496553 80.12733857664514 0 -73.70409828682412 -9.445222987703776 -52.51081830361947 81.41391147404562 0 0 75.84616174811006 189.84574497582 0 17.32751415094602 22.44719591865407 0 0 0 -77.29420580890763 -56.30609448671171 25.41333284481015 0 30.46926003344583 0 0 20.40017289004308 58.28860233466763 0 0 10.79486335696788 0 -150.1391426635492 0 -38.58390519819555 -6.929350884544732 30.11416447310548 0 0 0 0 0 12.12140021435499 0 0 -92.96551150716795 0 -153.9826883928719 0 0 0 11.76922891417362 0 0 0 0 0 0 0 0 -146.8319801029965 0 -40.78466121202039 0 0 0 0 0 0 0 0 0 0 0 0 -77.55300524538151 0 0 0 0 0 0 0 0 0 0 0 0 0 0 -13.26326214561779, 9.874677315402096 40.21079621288845 49.17341729909367 15.79829062151565 9.468012241269275 -2.830181339701987 -29.87045741349549 0 -29.44740146727938 -48.29164360486749 7.604742744386005 -0.5607704244084886 -9.904213616711427 -17.0218103418942 8.338929172843692 0 25.73973877466312 150.5149956706619 110.5260623123665 36.35074496382309 83.17032136276852 207.158440208805 88.63512797794658 0 116.9686450236157 27.94121093116669 149.1426783507609 130.1225536974573 0 227.1025109062284 165.5231608884739 0 -20.04931686416433 34.78027439232135 93.92337837369213 -10.53279649922941 -8.827278914548131 -89.77327741927245 -46.06357314376663 0 -31.37185375326695 45.89870426616336 -71.83717794130152 3.934516782200994 -34.19505883988943 -51.60300905710631 -104.5886264607641 0 51.9062075852741 -185.82842450037 -16.02216532961563 -60.45183799364808 0.0745051206110503 -101.7972555639969 -127.4997623429519 0 -27.89057114449869 48.90553139129021 -31.25712442789664 -19.82938772957574 0 108.3253899426755 27.94548956773804 0 -17.96730119678218 100.0525361063788 129.9206628442044 -56.89818666774523 8.749405100072943 -60.1246366808916 63.29439351974366 0 50.66275878695919 100.1349985785775 141.4167431587106 280.8279947812657 28.48659432860112 97.6868169342148 94.10060863451349 0 63.39061920801207 87.91037971925945 -21.81578878022952 42.70566490788149 1.579581138108807 161.3142491596308 348.1954980119688 0 48.83384773360149 189.04515599483 231.2717140177925 0 0 55.96561633087168 21.37103239456329 0 -6.000462620178817 64.0661295439543 71.21749824274818 160.2939906129439 88.80190309037067 216.4646529990653 75.85439082906817 0 81.57714002384155 8.148619790077849 0 56.65746806099058 -8.021444158835758 33.59143259778291 36.11086233123765 0 0 50.14495031316397 178.2847326052635 0 21.03431066000491 105.429725342153 0 0 0 -104.8857094538002 111.2572926943603 10.56402847526246 0 -13.32481270044849 0 0 9.861611782948239 129.2186685126848 0 0 31.9511916083228 0 -210.2922665702059 0 -65.92699560146474 46.57912821732361 22.08225769390653 0 0 0 0 0 46.29740356922986 0 0 -143.0360363319955 0 -234.490085178187 0 0 0 16.79819168709207 0 0 0 0 0 0 0 0 -249.3801353383054 0 -63.79110004766198 0 0 0 0 0 0 0 0 0 0 0 0 -147.4492622292002 0 0 0 0 0 0 0 0 0 0 0 0 0 0 -29.67770046054452


GFLOW: 0.7 0.04364681939473138 0.04335285743880112 0.05626343107781286 0.05598619922569258 2.990595557863153 2.99063644731505 2.966939724922705 2.967121409242379 -0.004508227423098769 -0.02550772442273062 0.01910230693617994 -0.001922787052684441
q-corrs 679.8920011837304 2695.568321159705 3533.351141795457 1522.643444173939 754.6005936146973 1875.559974972544 1100.36396016605 0 153.5881663970113 132.8476672944311 113.6742865764249 -19.10799408147926 -80.01718749779322 -133.1884330206776 -373.1283116338788 0 -6.202527910559787 -284.0884976364317 -149.6454631877294 -169.6151793168813 -80.23889293267047 -217.7237474110944 -192.5839394776933 0 -143.0136797561631 -83.68779849138005 -278.1824725487205 -186.9600709759565 0 -324.019607688099 -185.2972407553355 0 16.51236609350973 -104.476744800533 -140.7729956465537 -37.94249597713801 -128.9919406343557 -195.8913612033678 -323.3686013287331 0 -78.69904453652256 -226.8167715948318 89.8648804358271 -109.3422650635543 -81.23766217300874 -6.141969902668237 37.43478213215661 0 -50.40227934461092 -143.5615738377664 -336.3363269681652 -86.1688208605409 102.398695150147 109.832546306062 -140.1763901721545 0 10.13790230431957 -175.9292117464872 99.62670773046329 51.91104947740018 0 17.30463875614632 140.4163959221518 0 -32.2607408050673 87.15585035968419 -5.982000169272354 -0.6206978387163815 -59.15516273101612 82.65511922198702 -60.04802601782337 0 34.87455131595466 146.4451749500194 285.1389121240229 143.3846331522936 49.45911440909547 -158.2034221046766 153.281297930813 0 69.30874847842999 181.1537305697951 13.84353115119907 113.9662877863512 73.58525711213727 112.9755905667875 96.41265061315292 0 -86.84219760241089 340.9935781773532 245.7511356474394 0 0 109.1564937750923 42.26016051052379 0 81.70700928024368 -127.040008504359 180.3048808578562 167.539987300729 61.38873086082373 90.51395692616508 82.90971983831072 0 115.2927681918874 145.5934082386565 0 -29.88195823476278 -28.5792366679321 49.1428638670364 -32.23993782845207 0 0 81.55897604371152 118.3342239233404 0 21.59878340503237 66.5160259205596 0 0 0 30.83615426999785 -54.86268238478536 -18.98545134113801 0 49.34869378126605 0 0 24.24774837136501 -73.74602505176949 0 0 6.658145179988253 0 91.27003107441362 0 46.04551079993661 -27.44951186637688 -9.974179794711089 0 0 0 0 0 -40.8029792705065 0 0 42.11428756989608 0 115.5741287737834 0 0 0 -7.006689638407577 0 0 0 0 0 0 0 0 58.74172917462131 0 29.45626442756016 0 0 0 0 0 0 0 0 0 0 0 0 20.89492062233483 0 0 0 0 0 0 0 0 0 0 0 0 0 0 0.9034590120390362, 450.6140719834124 1773.712503884788 2300.027543414849 974.55274961009 476.4495017459328 1141.368872267111 622.7046922817887 0 54.56171125115448 -20.52830213499979 22.6754596665731 -69.2353276583503 -81.52602624166039 -143.5114571849607 -362.8108986929732 0 -2.267663851089186 -243.659681472728 -128.2661172767922 -154.9689318025693 -67.51515980535777 -189.1889851656539 -166.7349385808758 0 -127.6586784197541 -62.26380820977374 -210.1104122363457 -128.0181292240907 0 -269.0245860307188 -151.5760556865139 0 11.34436206829348 -113.5129570874116 -109.7283522291148 -52.49177496137689 -98.75159198104822 -129.5317252735491 -290.4100664663991 0 -62.34437437201622 -204.1461145438696 58.4174692204999 -95.324885082158 -104.6972914370415 -28.56302686963132 -11.79653230501304 0 -33.66393814487166 -177.4088122833288 -264.9452595116286 -97.97152576816885 79.23077528928945 42.73616591675165 -221.0298615422803 0 -4.484702618150612 -187.716568161846 51.96681710513897 -19.19135615216564 0 32.0001448033842 46.30827447912206 0 -28.68720734207265 55.30008067419978 -37.76397428988469 -10.0899389243034 -58.65619860020471 -1.468870053581838 -25.05767738852456 0 -4.570932375016341 100.6628106362687 222.3019707975979 123.6755309039065 38.85407446195777 -144.0923223043308 133.8232111191938 0 51.72127256609244 163.5968702263693 9.772066465078066 116.5333711403914 59.83183033549606 93.45126926681779 78.33119326194829 0 -63.16545898356995 285.0079394919183 232.943194003474 0 0 93.21715021224335 23.60215993095053 0 81.70290718207301 -95.49996877620023 158.9330172283982 142.2640118883731 50.65835901368632 78.0414981520412 52.06880506587128 0 83.50055009378235 136.7336689183861 0 -38.70291421624049 -20.66802424735439 31.86749739574746 -3.989604186321372 0 0 66.25628983086771 96.26383601148991 0 20.29117040002301 39.88344274245604 0 0 0 35.27640620300495 -59.3435671216879 -6.30954786049093 0 52.09204134163912 0 0 20.04528285902991 -64.88834624586408 0 0 2.740677144753407 0 86.51943266539377 0 43.34850350844068 -25.48056149945283 -0.2698964980465277 0 0 0 0 0 -34.45048061281247 0 0 41.95450637041492 0 109.0369655357804 0 0 0 -4.18097773992396 0 0 0 0 0 0 0 0 63.66421045755035 0 28.64752834534927 0 0 0 0 0 0 0 0 0 0 0 0 27.86844690574002 0 0 0 0 0 0 0 0 0 0 0 0 0 0 3.195736953232762, 125.2622514473752 471.464562614958 571.4424061312585 216.2368469106449 93.55127828160566 158.1482623137202 10.86376615153652 0 -52.95632430735461 -165.9782996311283 -74.28634008041064 -105.5118282623242 -65.81735870014988 -117.3771698633945 -273.176068064977 0 4.390056442595929 -153.4068132188767 -75.85627716100916 -104.9994560451125 -39.99720272879883 -129.0769077968845 -110.0677283259285 0 -92.53508004581357 -10.98538410598874 -73.74024342654349 -33.85011997278339 0 -150.9228603098063 -97.4437175223122 0 17.21410444772186 -94.33142465446439 -27.94959637778325 -55.38689849051151 -24.22470598435025 -10.34504112249235 -193.248301421629 0 -33.01608813985889 -101.2090986757546 50.35903080331084 -50.12380050044324 -136.0511914173413 -31.10918464573799 -89.39960923438018 0 6.479247872142477 -212.2517438195206 -43.35124397925886 -55.8342298490698 46.65660589576708 -40.70125381360276 -304.9339112343845 0 -26.82550274052462 -170.0983888846401 -32.97219962772974 -134.5407473437276 0 63.26125000171767 -121.8110692887652 0 -12.29986253469816 27.79760668849221 -59.51711863947092 -49.21659503368874 -38.61023577297628 -148.3369303011788 33.48048412604751 0 -67.00869433744109 22.26670102683774 53.92069034699367 87.04950546714235 21.77863371616322 -123.0058366268959 89.71909953267233 0 13.21748534610998 89.57688245079297 -14.59823593982705 98.11882095668699 12.84338812369237 54.29471134237329 53.04500707484108 0 -21.72257808801603 144.8997649213802 170.9658764788549 0 0 58.10486806901908 -20.89201292440441 0 62.86431643102059 -40.54242209176586 103.8028177823032 80.03250106128006 29.99745028085197 36.80243387760152 -10.6459081851769 0 26.82200042899625 96.8803473490355 0 -70.33714419004711 -10.4312266199612 -6.06894383120153 18.68881321739118 0 0 37.44600720793073 25.32139445683995 0 4.314367360345269 -21.63325299482544 0 0 0 19.82404771530558 -92.02048587202306 -0.5502428238034209 0 37.97959959201049 0 0 11.924576238533 -73.18237141323102 0 0 -10.4137511794677 0 42.54804728776398 0 24.63028261290626 -31.71205032974882 -2.762388696305578 0 0 0 0 0 -31.04179366261799 0 0 20.50095020738799 0 56.1644475402869 0 0 0 -4.958403625458937 0 0 0 0 0 0 0 0 34.05910323048465 0 15.07171534524965 0 0 0 0 0 0 0 0 0 0 0 0 16.75606986581022 0 0 0 0 0 0 0 0 0 0 0 0 0 0 2.411703270000858, 1.328077908822195 -19.38928461215558 -67.69436428710353 -54.74120349455389 -45.3458848549423 -174.1012925219321 -168.9475138939059 0 -67.41898662139683 -168.9728162149822 -112.2741978617402 -109.7488107351677 -43.04619706990859 -78.53690271477896 -180.8653062690856 0 -5.057919108116 -123.3640388704644 -57.21580765097525 -52.6480767111842 -25.67955686685787 -90.52685608389811 -62.10064751650889 0 -59.71661106359795 31.93380103317268 12.45544899964361 -1.583279359235775 0 -45.95965202653535 -61.65682923042827 0 42.03706506934787 -26.95176791146753 69.27177515596647 -6.683366318342131 35.98621314202934 32.07649783027969 -98.34757256937894 0 -22.9880155324676 42.51357636261102 117.5418023300086 -1.511681733938538 -133.8896135722653 22.4392695767501 -104.8155735435765 0 42.53350378230907 -202.6288974215706 142.6404777545322 13.69773270018286 47.76497666627079 -49.07209674071995 -299.9876654521784 0 -28.4670919559147 -114.8560395953706 -80.25419838545011 -181.7015368217025 0 81.3576502854967 -189.0969949892831 0 -0.6246666769159912 22.7100038375983 -58.7740298573671 -98.42381798226864 -32.85634010929292 -241.9562171398036 41.56681031379951 0 -83.66247240984322 -12.09174250033961 -116.949788523273 61.615294415681 11.52924959453733 -151.0106093144916 41.23639123310536 0 -15.14927606495365 -30.89197273430371 -50.10153072706291 32.3136266401325 -46.4278731850486 38.96239173318178 35.0880980250036 0 -23.07112424257111 3.153224045588502 54.22611681759165 0 0 19.74311836112704 -83.96899933948738 0 21.98567459336137 -42.38555347301011 43.01716996658057 20.6577909492719 21.93654285681751 -34.56849165495289 -45.20578356337312 0 -5.26724010979612 31.70510358997415 0 -110.3090368730726 -21.25215088109155 -46.46355819920122 -46.89971074191159 0 0 25.06264021365194 -48.89069512264825 0 -32.77393804373872 -57.39154896123743 0 0 0 -46.34470994505598 -136.8130292412047 -32.02571360675621 0 -7.261200873407303 0 0 7.508580743412525 -101.6563296759659 0 0 -19.53438090618825 0 -48.4834105391436 0 -13.28925285087665 -43.97546272427154 -33.22335919028558 0 0 0 0 0 -35.96333369442016 0 0 -22.81695267629521 0 -37.99935831125165 0 0 0 -11.06719068300337 0 0 0 0 0 0 0 0 -32.87328080258184 0 -8.468445044522403 0 0 0 0 0 0 0 0 0 0 0 0 -17.51079581308154 0 0 0 0 0 0 0 0 0 0 0 0 0 0 -3.449200801400519, -18.4860738378581 -96.86904104413934 -166.4604943213446 -94.69584011753628 -72.16270204087658 -239.7324141987064 -202.9450233612949 0 -75.50125381815869 -190.0133480715827 -175.1907296471405 -150.6019340050924 -35.6361228414078 -92.4767741607168 -182.2067249691273 0 -32.38403193420566 -175.7937317292943 -100.1164332396492 -33.81851648713561 -37.80480682130917 -82.95686075090691 -26.49071391309954 0 -27.25471047695859 25.95425469525082 -0.6767277819275819 -19.69245569435084 0 23.8920700291615 -36.02409844314315 0 47.82622226137182 29.93265256692964 128.3676749670175 43.90228682592707 37.59383107121349 -37.01620408460341 -70.63742493815667 0 -52.42596434911074 73.6701345331187 147.6699539260318 25.2370604520254 -110.8773736303282 47.05359597974613 -89.39414565687797 0 53.99209953832151 -193.2536307510545 71.04494954646322 -44.99337617469795 55.40194266488692 -84.51749086024648 -352.2537369196682 0 -21.82118414250772 -102.9708317663118 -102.3955683586613 -209.3205934159465 0 74.62186011557392 -166.1068330191895 0 -18.20268424438132 -52.59628465349711 -117.318705522384 -122.2344109083886 -83.88418668037355 -319.5520126233633 -5.273509425306184 0 -67.09629747791243 -2.513766453002702 -197.1177104577148 70.99592605868003 0.736521472520792 -203.5744602612268 -0.811557209743281 0 -22.75707799068953 -124.5783586829337 -71.03095227527729 -42.50451614523313 -84.67117304110333 78.50600215609778 74.99051834392053 0 -48.19550595793724 -70.52604315736505 -17.9833761246387 0 0 -11.86938599916634 -150.2533574799886 0 -5.361194396318442 -64.21302731427238 17.92327878266681 29.2480880480745 39.88123015819287 -67.49295301357729 -40.45085973432603 0 -13.36804578938237 -8.430885353363363 0 -136.037863140381 -35.09208786775757 -79.45322199909212 -114.5377640539323 0 0 42.42314586675332 -48.93360122755563 0 -62.27860191194067 -45.85956806645255 0 0 0 -103.4114519988662 -157.2728969727247 -62.37328616574091 0 -42.81718137967341 0 0 10.30505313641661 -105.6436098910992 0 0 -14.87094640852836 0 -113.3866211233555 0 -41.9368519276652 -47.29363488937805 -56.04569302288716 0 0 0 0 0 -36.2416153049126 0 0 -46.16197499362915 0 -97.08091008705298 0 0 0 -13.60380598334456 0 0 0 0 0 0 0 0 -62.04584051529084 0 -20.88181714767327 0 0 0 0 0 0 0 0 0 0 0 0 -27.89427580906165 0 0 0 0 0 0 0 0 0 0 0 0 0 0 -4.182631303281934, -15.31607822401715 -77.98544502994005 -130.5392934705152 -71.75807774631153 -60.48983383802691 -196.0812258651657 -156.9065147063006 0 -60.44764077799274 -147.4105089432288 -170.8516898671017 -134.250900456481 -14.1743673710204 -74.519761349671 -106.5729362695325 0 -39.96168494799976 -116.4772194720649 -83.98766029857237 9.308237465755788 -23.23259047927592 -9.913318480885764 53.33670890656259 0 42.45788187765481 13.75081853806936 19.19971342795412 -5.324641186959134 0 144.4799375421584 3.687674109395886 0 26.65148079217411 70.06664452234099 163.5515953109528 59.48246964335966 38.79012439756769 -110.7991347644186 -34.98010673176515 0 -84.57990444942379 24.86511707661572 94.60075928240991 57.25812482620284 -85.72223137020335 36.88941199105057 -94.81266175764965 0 55.93571748874291 -176.5675360814825 -40.95141705750684 -142.1957180578182 33.1252199852726 -147.7575347847554 -387.5100369636044 0 -20.98004647290158 -94.69162995727754 -109.8170432569921 -219.6380481936982 0 71.995539273264 -148.5200369148759 0 -35.95496718608042 -128.0478010374132 -146.2319787977506 -113.4297437741716 -98.56584504954934 -350.8938458111007 -30.24136776723202 0 -49.24046346964955 14.64892936575644 -177.3561092412481 99.28574885020669 -10.59266946194681 -164.8977646314509 -29.45942111348409 0 -18.30453395105184 -127.7613814859277 -69.53239188676574 -64.9754092439199 -93.50178157742795 120.7971376330738 167.5460355596832 0 -30.41685157869761 -76.70861746507646 22.33361565154082 0 0 -29.17242591462188 -167.2728459461368 0 -1.206401143984563 -20.53588154748878 28.43462322852211 98.22916445416024 59.9422484016275 -11.15020008318291 -27.58933234901843 0 -16.90620194577695 4.632582244848519 0 -126.7644442485915 -21.91831655399812 -86.0193761003778 -58.26200121790392 0 0 65.26244595493165 26.29773395460732 0 -49.37042842658192 -23.17541002429357 0 0 0 -84.68185422779291 -136.0183420033781 -42.09674871913352 0 -24.99521592810257 0 0 16.06930533637449 -63.02933082667756 0 0 -5.702200250839947 0 -112.458302695302 0 -38.55493029270021 -37.26620583264835 -39.14296358054348 0 0 0 0 0 -24.73196870425114 0 0 -50.73812018453992 0 -105.1315228542264 0 0 0 -8.993600330895825 0 0 0 0 0 0 0 0 -70.81910048406141 0 -24.63639196627869 0 0 0 0 0 0 0 0 0 0 0 0 -31.90285309519134 0 0 0 0 0 0 0 0 0 0 0 0 0 0 -4.404931119950033, -5.358747756162501 -28.62699722185759 -49.45012456900233 -27.15087694553315 -27.02429645878755 -87.44285558566888 -64.46487991108992 0 -26.11154489700914 -48.854391631769 -72.68029420528055 -45.45115611216484 9.926582675053982 -13.7561846379617 32.07762461961352 0 -12.08071810504244 57.8483875962727 22.56406349416625 62.21767531711691 33.23123138383782 118.6462574723203 123.7116787635524 0 108.8192339573972 34.47124343852801 121.404809052039 62.85157850510232 0 262.5461930343727 74.05036735715979 0 7.840256313181831 95.76978546588549 174.8086861277982 56.16113658624187 56.92247475531445 -99.85684749511499 31.50333290882467 0 -66.55803766987717 39.81087698822378 32.03881930174864 78.09057229779042 -48.60757546972741 40.73075264489927 -85.22160048076086 0 56.91754792647465 -119.4963016931318 1.779254513364577 -125.5943317006127 6.822817973322119 -134.1606011420211 -247.1119643240595 0 0.02446663560677109 -16.11177306308679 -81.91221126202119 -128.7242000570408 0 109.199832732588 -70.60168851897429 0 -29.37059974827486 -61.89530626992548 -45.26038000559985 -62.27907668002823 -31.47870498310476 -227.2699497141595 27.97904206339435 0 -15.91889947010951 37.70120619597208 -41.14538502408004 136.831145800086 9.52164457199671 -9.212382197618936 7.998497299621135 0 -1.163931798995389 -15.67835962788792 -38.45517169867718 -0.4386500741539567 -53.28567702269488 121.7405539213143 241.4997358959477 0 22.62637283334449 31.15140537239313 130.7775097240314 0 0 -5.371816884247952 -69.98245441285073 0 16.905570947772 42.86860000338419 61.3746793921271 159.6346220955397 62.08496091644036 106.8542392502904 14.18504303601362 0 12.10701741470265 41.74349136699924 0 -48.90133954225308 -2.145513606271592 -33.27510173443955 46.65290683749316 0 0 68.68863908009378 131.3902947953351 0 3.82821861738784 26.42465553449776 0 0 0 -46.65204256653872 -41.98844112132822 1.90574634695168 0 17.10840616448142 0 0 18.3053522180577 24.29927289361594 0 0 9.911274173613103 0 -107.3383990013756 0 -27.41228320447776 -7.766403012258458 -1.035231248609238 0 0 0 0 0 0.1904118467973541 0 0 -68.67297581512105 0 -120.616398424361 0 0 0 -0.1173799283445143 0 0 0 0 0 0 0 0 -114.3512263648818 0 -34.16674913940665 0 0 0 0 0 0 0 0 0 0 0 0 -63.37418221125997 0 0 0 0 0 0 0 0 0 0 0 0 0 0 -11.55098471612912, 5.961873029012764 23.48620648940005 28.10757441333665 9.398749697924409 2.629557892666693 -7.293320957157913 -16.47531962271459 0 -15.44477852236547 -23.25032165527566 -5.389409620156826 -1.065450757229804 0.4557383617549391 -3.273716075015287 29.31347500724401 0 9.876503062880456 95.91053055435225 66.83125315682406 38.62189321546606 50.98982603201627 134.7512393741803 75.29427715080574 0 83.85188050998704 27.59404803218366 110.3668031639348 77.00421972486726 0 175.751859436639 98.7724965841535 0 -1.964425565579623 53.27450140663971 90.7584936226298 19.75204727422357 13.67850732656548 -69.61734821965857 -5.570048798177453 0 -28.1133213412052 49.04834616598161 -5.801412294008752 26.01733232777188 -17.83433259770715 8.689245430050583 -50.27704388292352 0 38.03855479927748 -97.41265179773947 3.938394570758632 -51.22853398384956 13.66390353450532 -49.64641314695791 -83.38570142907277 0 7.767300596115733 41.29627971947198 -21.87177927837287 -2.139498640279172 0 114.4165262594082 52.96434702592498 0 -18.06308379472542 79.8972223728845 94.81957011060736 -34.7915835345901 14.86614531106602 -52.14510399320497 73.07898807341823 0 34.56137150927573 88.10374378498082 96.02767375351694 212.3504814919262 49.54902845958583 84.62369032775386 90.75030677929553 0 36.15221033229392 85.71750360058785 -18.81526360019655 49.25144011553049 -1.088616769027777 129.1803513116816 296.8064181870429 0 46.241812632939 181.7062592695429 175.1768135711335 0 0 47.32013846893933 57.51049990833343 0 0.3650109005497413 56.91344893919574 77.41346268245358 156.4299181406859 69.49804471184778 185.0026506349501 84.36944997728551 0 77.33895687466438 17.03995636805399 0 55.74269335026732 0.03715502854824582 38.89553835788013 36.38171321433188 0 0 59.5505967575574 171.1327356025202 0 24.693420229155 102.6624808519819 0 0 0 -71.55926710755003 82.65915044628572 -6.894271418487751 0 -4.355004685011399 0 0 14.64587614605005 90.74880349260845 0 0 30.13587693411492 0 -168.3532296472569 0 -50.68084026287843 29.74542858765757 -12.60933121964371 0 0 0 0 0 23.31994279058524 0 0 -112.4652352478724 0 -201.9267623077787 0 0 0 -1.373474370411691 0 0 0 0 0 0 0 0 -198.7920941671311 0 -58.78930975618004 0 0 0 0 0 0 0 0 0 0 0 0 -117.0458769046482 0 0 0 0 0 0 0 0 0 0 0 0 0 0 -23.06092020989416


GFLOW: 0.7999999999999999 0.03511702323970987 0.03483020020357113 0.04411299477574027 0.04382317094218172 2.992702340338185 2.992746706145257 2.973874358654373 2.974059423942442 -0.004233825187589421 -0.02006478216202414 0.0155474059361373 -0.0004522017434850913
q-corrs 429.2206491816047 1798.351547201017 2498.402934727244 1146.937421094838 605.1461206580082 1629.062228452542 1063.570311563116 0 212.3649767181306 301.746099719194 193.7462547558029 75.06929653935258 -29.27395198333053 -46.70373969906291 -192.720536252246 0 -9.27650117011529 -213.5195659878243 -127.5489184447356 -124.0971805773649 -77.90954837628088 -186.0644107291928 -143.4426240686288 0 -109.9034467245315 -86.27327190879291 -253.2486779289199 -155.5978613556759 0 -258.0985447730396 -153.0651366082339 0 2.29484775629858 -90.38182337814742 -110.0484993139487 -41.19458505525985 -102.9976433454903 -156.3552092792672 -243.4338668523542 0 -65.47697476034014 -183.8106704925665 47.99050056010451 -76.15736923490954 -57.46412004051079 -18.87960700514795 19.15822306635407 0 -36.4889478771921 -104.7802924767016 -270.7483394446909 -85.9375175146552 68.74659460782081 54.88331695988575 -132.7538813419411 0 11.46806848232209 -134.1642868653575 56.59843786927071 14.04670020746527 0 13.20996224902955 109.8073291595068 0 -26.21761077363862 54.27639803045073 -20.80207920103308 7.172951412884812 -57.44446879505136 47.08880452831431 -35.80550026865535 0 20.01466181348706 98.20209705128747 204.2282940751126 113.6840678143379 42.67782954342023 -100.8173226607063 127.9278500516371 0 46.60853864728212 133.5715033301508 15.26679582431278 98.05758869630125 59.44054426291687 82.90892642885436 89.93096599770567 0 -50.54356259919897 267.7452500754738 179.4273903489588 0 0 86.78969560485872 53.62676576634955 0 57.07200246203831 -71.14461510141651 139.3093530171472 129.7225902599013 46.01191876422394 91.51961598127957 70.97254648896254 0 89.59335085531256 101.4596097706823 0 -4.273853067562721 -13.63704353569207 46.75796729185402 0.8652383908413803 0 0 60.28772431377325 112.6571951985382 0 25.83048985661951 65.30276852016154 0 0 0 30.55268542649541 -18.81435198829454 -2.362790699309857 0 43.05575584539525 0 0 17.7083914991193 -27.46697847298485 0 0 11.79123962723035 0 64.16852806181208 0 34.23628205709073 -13.04870175066353 2.180260036566242 0 0 0 0 0 -22.94691157704067 0 0 28.56827062200626 0 77.22492707876593 0 0 0 -3.129586713636603 0 0 0 0 0 0 0 0 40.41906942277515 0 18.82599596049937 0 0 0 0 0 0 0 0 0 0 0 0 15.49675513777866 0 0 0 0 0 0 0 0 0 0 0 0 0 0 1.199501462835128, 300.2182337911145 1252.816381762514 1730.032196719853 786.9052668870891 412.6490736302541 1090.705249467585 690.1071575984982 0 122.7060829509095 149.1936647318518 102.9168097704561 16.37637032955497 -38.24031555962421 -68.90890972946546 -212.388403208954 0 -6.687565501634944 -194.4166500536514 -114.3760240024216 -117.0040454096711 -68.32437457158176 -167.2264147952316 -129.9684851751386 0 -100.8692824874501 -67.83638863409818 -200.4933959595704 -115.2501451983268 0 -221.097977458156 -127.649938105314 0 1.474366505382494 -89.80404577462815 -90.96364755049017 -46.10060453606859 -80.09696137596036 -108.5192044229434 -212.6417345463044 0 -53.09827583018463 -162.0461367690979 35.0178677458851 -66.20801510470604 -68.72327444312596 -27.53154440211488 -9.239786366651167 0 -26.62392222587982 -117.8394291151601 -212.742090388045 -80.6883986082087 54.69263473443768 20.33099866347408 -166.0859696435476 0 2.578779207782647 -136.4170473268105 28.97428009978636 -25.95230209501944 0 21.01969289497922 51.02316584988104 0 -21.88757717399437 37.5618284979921 -36.63740335037915 -0.5152099390330243 -53.11007139686932 -0.7480454415221942 -18.50152108542633 0 -2.007930153481112 69.55215926195599 158.4553392035722 96.41525341436076 33.83961019373396 -95.70903856645356 108.9885440443983 0 34.92972295732018 114.4934536054885 10.54608346056627 91.36959639708721 46.89765763298155 68.40394906843792 72.51140948732277 0 -38.64215500047695 220.6172799640557 163.1077761390503 0 0 73.13337148746677 35.73673774835054 0 54.33711539365147 -53.50300597802948 119.2517103961967 108.562472964422 38.00745503285694 76.6159998531425 48.11863794029468 0 67.23094347229932 92.10276150021855 0 -13.05740028309005 -8.677039860978351 32.85723146497291 17.12119658293318 0 0 48.67580792390075 91.75243820503188 0 22.76872657564527 43.31624051952751 0 0 0 36.01190362844633 -25.66104527627858 7.691057320131661 0 44.71526435925907 0 0 14.43262464839966 -24.52306116213277 0 0 7.282992102540461 0 66.35743550166271 0 34.37724810508601 -13.21886680712104 11.82772557138917 0 0 0 0 0 -19.12542462869958 0 0 29.62497525793324 0 78.90365413048963 0 0 0 -0.006068471263584563 0 0 0 0 0 0 0 0 44.26850065990543 0 19.84949869520251 0 0 0 0 0 0 0 0 0 0 0 0 19.43650277651867 0 0 0 0 0 0 0 0 0 0 0 0 0 0 2.356514158033716, 99.183073966617 403.6337685255766 537.6053934856882 231.3587986615563 115.2641734976691 269.567778407083 131.6748372281939 0 -3.536039851677556 -57.90500146687202 -26.64188142779999 -59.67671034978867 -42.88039406246656 -83.03672998632625 -202.4397803416356 0 -2.439016309067487 -143.447035452749 -80.15043387156796 -88.04308472752939 -46.1195667816269 -122.6408407343914 -93.87894566153594 0 -77.26811248474101 -26.36577708606238 -92.79213560151494 -44.55768464679524 0 -136.7149310364021 -82.81831492025844 0 7.256607296218833 -71.11929578040139 -38.94710782880644 -43.38089296000659 -26.63118397652599 -21.5219045702077 -139.1550545616876 0 -30.83978898326878 -90.69977899076292 33.97365661758718 -38.00002823277056 -85.44458863345582 -24.86933416609952 -57.68309875841604 0 -2.219323533403186 -132.7660996136197 -60.91799301662922 -43.29141375806087 32.4673640192574 -28.63657555256084 -202.8607429398976 0 -13.22625040921423 -121.1598107644613 -23.32376722063553 -95.16113628409451 0 36.12257635506763 -60.32671030437687 0 -9.750864664785434 16.55098076345323 -52.82242545930842 -28.01947916783751 -37.86963499357114 -93.55810391922196 10.70686464059867 0 -39.26678517252556 17.42710619580555 38.18788452934896 60.3715127748815 17.57383547547535 -92.40240001029832 64.78619688320454 0 8.707351914729337 52.22739083373761 -7.848568086126075 62.3381970552486 10.41820588446221 39.05990560046611 38.47594085305703 0 -20.43957743409045 104.7467513597814 105.7050660638716 0 0 41.19518544214883 -10.34055015154301 0 38.74429996438449 -27.71514571690848 70.1487243174842 56.26142398661148 21.62160243556582 27.06346368161172 -0.007606805632452307 0 22.70893638140383 59.98699207917696 0 -41.60735177485399 -4.734594537357703 -1.015421153077511 17.01949131919798 0 0 26.30786713898642 27.20493713576069 0 4.420842550138886 -6.218200449479184 0 0 0 21.96778047571476 -54.91560590117003 6.391140103279907 0 29.56431296580979 0 0 8.077928818405056 -38.88941868141332 0 0 -4.418947514058848 0 37.72227723698667 0 21.09478228308618 -19.25388479118587 7.506814169245075 0 0 0 0 0 -17.90362223360104 0 0 15.83047284931299 0 46.10029452181367 0 0 0 -0.3501662540927928 0 0 0 0 0 0 0 0 24.69531429754532 0 11.8569278752703 0 0 0 0 0 0 0 0 0 0 0 0 11.42382942315333 0 0 0 0 0 0 0 0 0 0 0 0 0 0 1.523672323059864, 5.634456069787362 8.451776603964152 -15.07616983199297 -23.45366765436523 -24.07581384897448 -105.7478671719384 -112.2079436016651 0 -51.84953274490727 -132.3324321122435 -93.26054560898655 -91.95247229631379 -34.38943890253624 -73.45259170539084 -158.4363272495407 0 -7.900299484682547 -113.2944713542527 -62.21633028768497 -50.35660726428081 -31.78720829917819 -85.91679221822356 -51.69116629578212 0 -49.60239327052783 5.353986018599237 -21.42829615317524 -12.20510767367018 0 -54.33720240772006 -55.0769586544881 0 21.14988391631904 -29.35226866994557 24.9011429984963 -17.08915776442985 16.62983846936692 9.29574754971236 -79.08009368145891 0 -25.73655601401407 -8.76552166316241 67.28870715786032 -6.628718300469705 -88.22274670210149 3.536227986969203 -77.99376362363768 0 21.27220631521529 -135.5702287234431 52.22024695768355 -10.60718741139948 26.27900496408783 -51.77895181032491 -217.8421836881885 0 -21.70877180192037 -93.3026008683303 -60.52335697714753 -138.746854304602 0 40.71744613271185 -125.6187651101242 0 -3.718119435280258 -7.354584074561412 -71.16230426462317 -65.4053719894689 -39.46437863465159 -176.5147066810185 9.325460234067002 0 -55.12796084927555 -10.57506768494408 -94.87834113077112 32.91199638433847 5.517181559507645 -125.3413786027185 17.01744488745111 0 -13.08394693365696 -42.22341546213607 -34.26420152725204 2.977010429037442 -34.50448966185135 28.98260267113425 14.35649946653376 0 -28.52853233834171 -12.97387726831234 12.88005680819985 0 0 6.738442061298594 -72.58913714569225 0 9.9007042990389 -38.03168033790686 20.46082954972668 7.027323147014215 15.12042217252698 -46.73184396136002 -31.54166768663632 0 -8.79025502384394 10.53911950367605 0 -78.50249817286827 -15.40372162752946 -39.93253984281421 -49.74320010721996 0 0 18.24594760171178 -44.00145649303914 0 -32.47510147712392 -39.35967332795498 0 0 0 -33.9703907643897 -94.46360870446205 -30.3929452490636 0 -13.9523369831665 0 0 5.384670394301914 -72.91239791028404 0 0 -12.74807789530831 0 -34.71806570325683 0 -10.97589029669104 -29.2636835129544 -30.19864972386775 0 0 0 0 0 -24.40809070207384 0 0 -15.30640013063456 0 -28.95441250267394 0 0 0 -8.941887645893782 0 0 0 0 0 0 0 0 -22.53702748634689 0 -6.752887122301006 0 0 0 0 0 0 0 0 0 0 0 0 -12.02458699340687 0 0 0 0 0 0 0 0 0 0 0 0 0 0 -2.313672610033997, -15.10366410566236 -80.1135666706645 -139.7297353446525 -80.6177354672852 -59.80503292724825 -201.8799973474605 -171.6978206454792 0 -65.06389850285885 -155.6178849820204 -139.0049214309268 -117.589918313813 -26.22567360723291 -76.88946336091992 -139.349560243063 0 -23.77342426550641 -124.0325159133271 -79.02062704615265 -26.32277871851186 -35.27627828850558 -69.48667437151452 -12.39131767137245 0 -21.00783751007121 4.619320114975597 -19.25230255614869 -19.35461643163811 0 4.812310864756427 -44.97010765061749 0 25.18583121758573 6.652975032256597 68.41562299725774 8.589493862350956 23.60355004781727 -38.36991661218854 -67.72764411866689 0 -49.0029883124062 4.2675282767859 82.41355932359529 13.62195718832882 -81.51841659339233 15.80259099570571 -81.19626950184919 0 31.12411866065838 -144.2170508455839 11.09895485281269 -55.71625329978123 26.00163135285247 -90.8096355890019 -273.586981789316 0 -26.78188244568716 -93.29759888952563 -82.53484289055662 -173.3443828870915 0 30.83771206651585 -137.2737242221574 0 -15.17180788112492 -67.24284132733531 -121.0407475042357 -90.12225621674314 -76.31512439226239 -251.7367361042803 -25.20154861001325 0 -51.59365621670059 -8.161426398199843 -171.936438376697 36.91744969198946 -2.640804560896324 -176.1874762980638 -17.7861272581589 0 -20.28772501739801 -118.0820903710701 -52.74559780286162 -57.90892365811116 -65.46804686565108 58.4137225987314 39.86751771497667 0 -49.40235779624537 -72.30859013884655 -47.9338346088082 0 0 -17.15558379528715 -127.7991261135551 0 -11.72406141341982 -57.0162625767058 0.9116167175848773 7.726873059860303 29.28274025161894 -83.51712121746067 -32.64739533336704 0 -18.1035114809227 -24.11464518845239 0 -102.5228620174117 -26.01112344546913 -68.74922935075476 -109.5516581624005 0 0 34.33802122675659 -57.44226736428432 0 -61.62644653563453 -36.93109394267424 0 0 0 -78.20721462030988 -115.9695180573712 -62.05547667356174 0 -47.15764777016739 0 0 8.848194065045307 -88.24849614109439 0 0 -11.01053282640575 0 -85.85784154099363 0 -34.39144947756074 -33.60504524565432 -59.90829412371126 0 0 0 0 0 -28.66204415665457 0 0 -33.53529483178638 0 -78.54521836553033 0 0 0 -15.15293390293434 0 0 0 0 0 0 0 0 -47.05479662023522 0 -18.11782542794978 0 0 0 0 0 0 0 0 0 0 0 0 -22.08220761358886 0 0 0 0 0 0 0 0 0 0 0 0 0 0 -3.463338872398659, -13.8192409192752 -71.53319360734443 -121.7366103520626 -67.99434073163957 -53.29955869272979 -174.5471932643042 -140.0390053942762 0 -52.60763253933541 -119.8600181665494 -130.5399182248486 -100.3326240432192 -9.288355326076417 -57.99391325104639 -74.6983081644065 0 -27.88199515550006 -75.07418510043139 -62.00600327094885 8.69527330006021 -23.0632191629205 -16.94952004388895 45.09711998759847 0 26.02856477866309 2.529456546623763 1.588276549013912 -9.429344873846162 0 87.57069330006505 -20.66930644017749 0 16.93869002314597 37.84721024030623 99.32702761333546 22.7309119043137 27.40847925596795 -85.42097030651217 -46.67374147183675 0 -68.28443755221315 -11.95113144934226 58.47149979024745 34.50447569723803 -66.46593730683814 14.125038021228 -82.04534450667474 0 34.52558585606693 -136.1651282656359 -47.73272849533153 -111.0541009004271 15.43288569128526 -125.9973935112886 -294.3629867302034 0 -26.87905014607609 -83.78754708185423 -86.7005098918181 -176.7539965052245 0 32.63388838982854 -124.5176080301804 0 -25.48755194168707 -106.399542332541 -131.6392127619871 -86.50466201953606 -84.00192245289385 -270.3560399767508 -36.70330215579352 0 -39.3265177542323 5.622850406328521 -158.6633337206289 62.51952330381005 -5.335747420770041 -151.2731196692216 -28.32217628423993 0 -16.42283386766044 -116.504960729962 -52.64781127670256 -68.51669589150279 -70.18366429981852 90.92331914670311 111.1460707418877 0 -36.83436062351139 -61.64039018730752 -17.87583677109063 0 0 -23.00941803997453 -130.1479935311676 0 -10.04940408581829 -27.72739544061265 14.78107640984679 60.46557010086579 46.090073981163 -36.53384695661986 -17.94025314953321 0 -13.10737004920055 -15.48609523629837 0 -93.0402864182437 -16.689966615115 -67.89554986979104 -68.1084503365186 0 0 54.24884860864572 1.056721244771689 0 -50.60892753673876 -16.28776250020772 0 0 0 -62.91288001870369 -99.89733936697706 -46.81389936192574 0 -31.80057382990735 0 0 13.95344090989982 -59.21551189443464 0 0 -3.883976070119214 0 -83.09833517247843 0 -30.41379578918898 -27.21497886632482 -47.27472743799811 0 0 0 0 0 -22.11800671860704 0 0 -37.00560832811679 0 -82.33897889577258 0 0 0 -12.16576728133746 0 0 0 0 0 0 0 0 -54.86335428516519 0 -20.51088593286308 0 0 0 0 0 0 0 0 0 0 0 0 -26.79663823355813 0 0 0 0 0 0 0 0 0 0 0 0 0 0 -4.245112154382281, -5.569474140769501 -30.03919923322027 -52.35862406473854 -29.14806958418413 -25.7171897021343 -82.76157219766907 -61.1751533918128 0 -22.78348083586849 -42.14642683667411 -60.34683608984209 -36.69683997545104 8.296458928037396 -11.6892375829841 24.5357359418018 0 -11.41918312930156 35.07126552092964 8.179046228997699 45.9034843297072 15.71044766182012 69.83413325870109 89.6668053786964 0 70.29088317283751 21.46941383838288 73.15042366587133 33.47677528384101 0 168.6616800431798 32.38071811595423 0 9.861301326776285 65.43272194598597 116.6365481982859 34.93858381022159 40.01942918955419 -76.37237473022716 7.23280045990019 0 -51.99077658637181 20.77495627188509 32.91316719303329 50.8781754812848 -36.14378180073555 29.42937838162845 -59.93814829594961 0 36.81589781199079 -87.26250841135892 -9.934593851335066 -92.23854713304448 7.178611207497403 -97.00030935767695 -185.3700006278078 0 -2.684496648359776 -20.11678940971035 -60.93821341411173 -98.19972637643207 0 72.85810335475833 -49.85294280699404 0 -21.76926443565456 -46.63143442226345 -43.57144690424171 -48.83303775815033 -31.11509326316155 -172.0927427714001 16.10675608579604 0 -11.26658727205566 30.86356774440558 -46.57713916863197 102.5804690159206 15.62724889120145 -24.96742248464616 12.36478940271854 0 -2.933898116843082 -20.2745894497591 -30.87297591098661 -7.339874850650653 -39.06246606454702 98.60959332708705 188.3719752870709 0 9.606781195334197 37.15854569216239 78.10519085410347 0 0 0.8980155785841148 -42.94764661618679 0 5.675928454792806 25.78868629797912 51.01660770753058 121.9922726199324 51.10077607578299 72.94553045958327 21.8958581148524 0 18.09702623780299 19.28112323318025 0 -31.46505377776601 -0.6652313707304938 -21.06306230878494 19.22317053555132 0 0 61.03627538834434 95.96810379111757 0 -4.508482256183988 28.97165139143649 0 0 0 -34.36007006032031 -29.31405075334985 -12.30418960805698 0 4.075000108709121 0 0 16.37345262728615 8.075909951817518 0 0 9.303233770681498 0 -83.17072423324151 0 -22.46951578145897 -6.469611318024599 -18.77815593046176 0 0 0 0 0 -4.834195421696108 0 0 -52.74794122422195 0 -98.86746078187541 0 0 0 -6.205601585847178 0 0 0 0 0 0 0 0 -90.82608422167547 0 -29.12499191433208 0 0 0 0 0 0 0 0 0 0 0 0 -51.76841591695189 0 0 0 0 0 0 0 0 0 0 0 0 0 0 -9.73117790778495, 3.151628168242013 11.63125329701167 12.74092675802611 3.761848783399316 -1.025383641359173 -10.08038218361571 -10.9041574190529 0 -7.732874197314685 -9.48398284770979 -7.745661548537372 0.6947586016121896 5.168328590771607 5.535867706000575 39.88082919605863 0 2.853951667695937 68.80560057929492 45.64918223917918 39.23181535670916 35.32118875337984 96.69309680060609 66.03120036419641 0 64.78421177351092 26.90662248271818 87.94966841781748 48.13315491636578 0 143.8210090400079 64.02367765628219 0 7.128218327188485 59.55672223559473 85.01586384370655 34.07938282985161 23.35665463486376 -56.15182213842736 14.9178193657852 0 -23.44261589151926 53.55907907614568 26.1462515755287 33.91726679015494 -8.423507710774945 38.88343034491378 -20.28254361675642 0 29.28858609762232 -49.29511666061075 17.98560584220243 -38.67450953554083 18.5874961397244 -22.01043700528413 -51.6788665709237 0 25.04585576902514 36.22499040428558 -15.8794365832532 9.004948613851184 0 109.1484680277107 62.73016320477579 0 -15.67136506900857 67.64778818165198 73.97019397763663 -20.45367992187618 15.35482386713162 -39.52007668862338 73.27287491408357 0 26.73261219806782 76.01737097512124 74.87999131671424 167.2320575000615 54.09420879781869 76.35335646457813 84.59263783336424 0 21.83876243589809 80.26799223665172 -13.85729512316323 52.55171790070747 0.9981039857219507 108.3671665795261 256.5161590517291 0 42.25570961388497 170.128799471899 141.2425370230413 0 0 42.14155630420804 70.16420717074263 0 3.468391119456277 47.52916170342708 79.09908490711879 146.2941416567261 57.51146415020536 161.4268096325948 82.89950197192128 0 71.82952604252901 20.29053346746231 0 50.8182071956015 2.165825894672283 39.39349963895677 29.4389501439256 0 0 60.94644092216788 156.2995546064145 0 23.34284547655935 94.81660995392113 0 0 0 -53.50402054930502 64.14220620929055 -15.7080906905975 0 -3.024396162577082 0 0 15.9987538148884 65.76503317754361 0 0 26.99761750065828 0 -135.6367580972606 0 -40.45191625376597 20.50369503685664 -27.87429225507015 0 0 0 0 0 11.548118253046 0 0 -88.6866032117601 0 -168.9052754556582 0 0 0 -8.849055566263372 0 0 0 0 0 0 0 0 -158.3410780768444 0 -50.81589876736921 0 0 0 0 0 0 0 0 0 0 0 0 -93.32726872860684 0 0 0 0 0 0 0 0 0 0 0 0 0 0 -18.24175473004993


GFLOW: 0.8999999999999999 0.02896607006535123 0.02868929777366724 0.03562362398126687 0.03533513063479669 2.994141084178224 2.994186320782251 2.978737804803756 2.978920633085694 -0.004760987458048113 -0.01642707015693974 0.01186805597062724 1.698630123379514e-05
q-corrs 287.2611188807589 1256.712968403766 1826.117881757523 879.3640348235658 484.9161887294417 1380.39071229953 964.6193366769637 0 229.2400626443699 375.5921240280953 231.7094241452059 129.4725553200551 2.312176327774767 12.51608098982172 -66.10061162278269 0 -7.115941278142732 -143.9372654809389 -94.48253868154069 -86.43620014828716 -64.26861836978611 -147.2695520515925 -105.3424612369447 0 -83.7934954496841 -77.74774816018608 -216.3188104604359 -126.5828578246892 0 -205.615107705759 -125.2147788136025 0 -4.176462316946482 -76.31144225678524 -88.47886720446778 -40.76000171320784 -82.19359687933959 -124.1377066605178 -185.5565688104782 0 -54.62585806822091 -150.4639654599921 23.46817850989618 -53.786218044496 -41.34257137007916 -23.93681487223317 7.370859863695278 0 -26.89662358251185 -75.75057365257626 -213.512785046048 -76.91934014072646 45.91144752987499 23.37878204564796 -113.2800223225289 0 11.32954038795579 -101.8168533168504 31.35200414977865 -3.069349137041923 0 11.53794553558793 85.55527830986023 0 -20.71542320940544 34.76009177178661 -25.20442835186366 10.45192922284003 -49.92134200880798 28.51478093096869 -20.23041541087296 0 12.59348476780881 67.92725654590859 148.9991873928982 88.63155901864397 36.53756200045902 -64.31283588753047 103.6667372953504 0 31.65009454714675 101.9711572214238 14.20554450866785 81.61891226002332 47.40495658789936 62.7023982648286 81.70166734017587 0 -27.79179689128783 212.0111083733427 135.719217649745 0 0 68.3525058629441 57.28518647283433 0 40.94424377573203 -37.45506075190386 108.3316327276229 104.4515547913335 35.16111471132094 89.8462262248912 61.3012877366771 0 71.45746050942833 73.53545910730824 0 11.20325712482306 -4.714914759446787 43.31911992392439 21.73829273505395 0 0 45.85784622682669 105.7500077703947 0 27.79581577076475 60.34183921193978 0 0 0 31.13218749671994 3.315555521222289 9.810349214592819 0 38.83160321655834 0 0 13.31253762489908 0.6318417439499111 0 0 13.0902852796366 0 50.2793284218357 0 27.28766127602732 -4.125304965638398 12.33056934923911 0 0 0 0 0 -11.26031428915166 0 0 20.75451728542387 0 57.06745859045077 0 0 0 0.4654278755097359 0 0 0 0 0 0 0 0 29.35264917159426 0 13.50534426517094 0 0 0 0 0 0 0 0 0 0 0 0 11.78779492264874 0 0 0 0 0 0 0 0 0 0 0 0 0 0 1.167566750408668, 209.4524682597322 914.1476152422042 1323.488008593211 633.7722156588309 348.2598084898356 980.7977077815342 673.7614657692936 0 151.9283699035602 236.0543665824008 147.3237169009754 70.1486534576064 -9.853654039490578 -15.61739353487142 -101.7183402500678 0 -6.239292600654278 -140.1566928922162 -89.49244458576159 -84.77580148336332 -58.71992407727679 -136.6460373059396 -98.76216915434078 0 -78.63100336292872 -64.06142239136415 -178.125548402315 -98.89758420394338 0 -180.6427969970023 -106.3579048673227 0 -3.764473676619058 -73.20202061062707 -76.57037379401902 -41.85327567723159 -65.61355341357313 -89.49738098277703 -160.6520930814001 0 -44.85105759309646 -132.2399309801198 17.81303715023593 -47.46141354043466 -46.62279916211292 -27.49654461643932 -9.159696212698265 0 -21.02816489832894 -80.39513414685527 -170.4909473124542 -66.92003873073105 36.92451205826902 5.252905234200487 -126.3713210294157 0 4.761290312204041 -101.0430684769135 14.9752629368571 -26.87147777517256 0 13.67836037708696 47.06747495349544 0 -16.84995198150823 24.22361721559457 -34.48462599285913 4.046738047910959 -45.91015674337022 -0.5367687975489552 -13.30444792341105 0 -0.3088435518167234 49.05304583744351 114.0067725741011 73.40475692472327 28.85010951756821 -64.92811794785439 86.35112871627851 0 23.6354790013755 83.03144120145211 9.911494963710576 71.13129953952151 36.82639577828697 51.46749489830435 64.51981971175651 0 -22.8977555020064 172.247382928931 117.9437322694409 0 0 56.70230407492528 40.12096227936929 0 37.39270351511719 -28.56406141598192 90.72252177595688 86.12507582340874 28.87027399718916 72.75486089197472 43.6914530105423 0 54.61426768180328 64.70831060189167 0 2.483940919810141 -2.041312176649881 31.54168575519896 28.61173873188088 0 0 36.97412301197337 85.69943450030486 0 23.38215192716257 42.50287320099058 0 0 0 34.49993054491413 -4.528276963734855 15.59242818063128 0 38.60810806346618 0 0 10.80199952482997 -0.7017512718782513 0 0 8.959278953589237 0 52.90251309297606 0 27.63638181605464 -5.27178719117477 18.5409419394694 0 0 0 0 0 -9.334753837223275 0 0 21.77479534035453 0 59.78204406663011 0 0 0 2.664006110263896 0 0 0 0 0 0 0 0 31.98431795847977 0 14.62903187900241 0 0 0 0 0 0 0 0 0 0 0 0 14.05911775973159 0 0 0 0 0 0 0 0 0 0 0 0 0 0 1.775311268863057, 78.66010863210555 337.8282994542145 478.1440109136869 221.498435608965 118.05811851806 311.5626777569191 191.1955954359477 0 26.83057295615735 13.38815562457085 8.643319636890103 -23.44901840143584 -25.40159689902211 -53.01921212086389 -139.8209956402364 0 -4.948063255682736 -120.7317440923762 -73.24939149459647 -71.05376221658453 -44.79795518984354 -108.3894745418936 -76.74911644452112 0 -63.17177611515469 -33.80019807581067 -98.55443093756745 -47.22647153762074 0 -120.9903980226849 -71.42946455435809 0 0.5920879971273356 -58.06199219469038 -43.18659622382552 -38.14840837796169 -27.71956199704286 -25.91952922664569 -106.2302014337645 0 -27.63255814965324 -82.78425908208892 17.68196804334767 -30.07401524531966 -55.68398344654538 -25.47934520355578 -40.39753193502786 0 -6.048290020355676 -87.46514054752217 -68.00340091685629 -37.23222014797084 20.75918350526526 -25.54689367242325 -143.9345279844404 0 -8.997080960709297 -90.57711726407301 -18.41117415200811 -72.49912000338279 0 16.08628407293715 -31.93750265261031 0 -7.971098378723481 4.243737491790988 -49.88072798502179 -16.78517969413521 -36.64972907692514 -63.82448384497089 -3.302369891646407 0 -24.12845374380856 12.28996410247323 22.68874010360779 39.85381231996224 13.10391985729049 -73.62276180020811 45.22351752258483 0 5.152417260982162 27.7730566027867 -4.253961633268903 38.23856783149857 8.003304976051853 28.87187362596136 27.50092113293238 0 -18.20156470298112 75.4398232790503 63.82112443495869 0 0 28.89469842219724 -5.139747434029253 0 24.11165229476927 -19.33386453554375 48.6228642691017 40.96671747163134 15.95247770155369 19.99531083757186 5.540780530736388 0 18.82958485409945 37.46731096657579 0 -23.97073677191508 -1.74243756702598 1.487826180181436 14.68340559007816 0 0 19.92703443751899 26.74193206795016 0 3.85509306862814 2.453386874515623 0 0 0 20.48837487354064 -31.62319342139169 8.561507190388578 0 22.4773282102553 0 0 5.984383503088937 -19.38243549596177 0 0 -0.9337752346964763 0 31.57203665540066 0 17.03517757848867 -11.26372084739563 10.48410280155655 0 0 0 0 0 -10.26086761574512 0 0 12.34014339503365 0 36.58452174764261 0 0 0 1.426943411130649 0 0 0 0 0 0 0 0 18.45579239494174 0 9.158201162892151 0 0 0 0 0 0 0 0 0 0 0 0 8.239038477140964 0 0 0 0 0 0 0 0 0 0 0 0 0 0 1.060080573723773, 7.709183151735509 23.83550923648009 16.70668627185347 -3.154052394455071 -9.802864895356549 -56.55495593070278 -69.03417996444594 0 -37.75177689475328 -99.3305085186218 -73.81024140982062 -74.25961246373804 -27.11571222886399 -64.68788498228258 -135.0677058275699 0 -8.945206061996565 -102.1088421499236 -62.47578756961904 -46.78736381343482 -34.52357932026766 -80.7158839386471 -44.10968779723802 0 -41.95676713985002 -11.19577066274595 -43.54829311262428 -19.70075047869376 0 -59.26288909019615 -51.38325482171808 0 8.520593908625663 -31.90994995665893 -1.058384967083917 -24.61950518102736 3.154733107378492 -3.469321735097736 -68.18379491209618 0 -25.62945462950938 -37.01055955696141 33.06490202182684 -9.964042934014225 -60.9990431231971 -12.77649040936105 -61.79226479812289 0 9.371084619850595 -96.75145921105008 1.390795071232344 -22.81379882532073 11.89950822380618 -53.16444705354361 -167.737338124747 0 -21.46524702023322 -78.69759135318911 -47.53433070265782 -112.3506801953775 0 11.07405821435121 -92.89696302355227 0 -4.540853962117263 -26.26184414000968 -75.43534130921921 -46.28398159978826 -42.33593592976642 -134.6457914833308 -11.81320210899586 0 -38.51600739557053 -11.18465385981486 -83.06969500724981 13.35208995520546 0.09221780172955363 -109.2075765991384 1.525900251731084 0 -11.39351703803414 -49.88819866155615 -24.51117497828977 -14.74073184646164 -27.17744664249754 21.58147781472476 0.6805085667932644 0 -30.24585168175848 -22.55178410799888 -13.63162108130281 0 0 -0.6437710782350248 -63.71944211566047 0 2.356441977757894 -33.73721669111159 7.591486056656574 -1.528537883612437 10.99864540474208 -51.17374879402198 -22.53346627791753 0 -9.51818815848474 -2.467095026611592 0 -58.04021201960845 -11.58404808019158 -34.07312400741424 -48.74999308107324 0 0 14.46995548611326 -39.58481192971945 0 -31.1419575369577 -27.25923226882071 0 0 0 -25.73205839308276 -67.6872674313409 -27.85297871491075 0 -17.02972963278523 0 0 4.241418397393799 -55.26752250865223 0 0 -8.45165422360407 0 -25.39700203918853 0 -9.170737993666656 -20.27995034631565 -27.53343974567618 0 0 0 0 0 -17.75296544437001 0 0 -10.36892864029374 0 -22.39764878459597 0 0 0 -7.71552431310887 0 0 0 0 0 0 0 0 -15.63168580713057 0 -5.475595935967333 0 0 0 0 0 0 0 0 0 0 0 0 -8.417019467671585 0 0 0 0 0 0 0 0 0 0 0 0 0 0 -1.60143975088666, -11.89446311232915 -64.01877541802224 -113.4547902318785 -66.46946913433084 -48.67635647074789 -167.3474284978741 -143.9958247605148 0 -56.06335431336984 -130.3339389688632 -112.8148220819997 -95.70395451273961 -21.32623676012014 -66.94768760458813 -116.357659647089 0 -18.48947266229724 -97.45129715576793 -67.64414345406968 -24.6449587035225 -33.95147097513978 -62.7269995026837 -8.962203687061741 0 -18.48348521044448 -8.824003831826509 -34.3649626027893 -21.25950469675805 0 -11.42901665186044 -48.22772893878025 0 11.7455318641613 -8.360738948414362 31.31856242741091 -11.55818113915705 11.3144595485701 -36.55467030277337 -65.25450324687979 0 -44.26532777695635 -34.0947888753193 40.65769532135042 4.754361597012272 -62.45954194524464 -8.015105504366504 -73.31225253730764 0 17.35424275199541 -112.4476259202941 -22.8599304749731 -57.02933735667997 8.561464911770727 -89.68898704131949 -219.3252183495147 0 -30.89691247917393 -83.67539069587077 -67.17157573082113 -146.0339390709995 0 1.02380072892776 -117.9270119034415 0 -12.02456635882531 -72.84634081043083 -115.6303535425191 -68.59441412395469 -69.12984778261698 -199.8926956013377 -36.97212100069297 0 -40.38636932493812 -12.36588508511697 -149.6606447104116 14.39017099613547 -6.573701635718013 -153.1776115279025 -26.70050280645391 0 -17.57083420964092 -110.0861674818688 -40.01649646043668 -63.08808570266776 -52.05935407691402 43.28521156520026 16.56317385294609 0 -47.38719117902087 -70.7390887487484 -63.67073367546372 0 0 -19.08814719590493 -109.4181595895298 0 -14.67794511416181 -50.2459506080665 -8.222417428377099 -5.160228119853944 21.83733719555575 -87.17311624983068 -26.54077469219202 0 -18.58900360046046 -31.60245166221132 0 -79.9982085265908 -20.07204160097911 -58.78471004346299 -100.7766268100867 0 0 27.74368292632879 -59.19826738152845 0 -57.98013724467257 -29.66234039954369 0 0 0 -60.81648977874528 -88.90243310489373 -57.54864453374783 0 -46.58677238754554 0 0 7.383867492319033 -75.17896893660212 0 0 -8.449964259773409 0 -66.08391176815714 0 -28.17969191561258 -25.11193890883527 -57.60836277980953 0 0 0 0 0 -23.53004870217266 0 0 -24.73781904255998 0 -63.21969413622674 0 0 0 -14.89845941644834 0 0 0 0 0 0 0 0 -35.81740428166389 0 -15.28234759527552 0 0 0 0 0 0 0 0 0 0 0 0 -17.32982491220063 0 0 0 0 0 0 0 0 0 0 0 0 0 0 -2.797447014916973, -11.91376656818212 -62.26827068833833 -107.1016199883611 -60.5053074073367 -45.5072991442666 -150.7171876002768 -122.1055745671207 0 -45.6257434985653 -100.4830511732141 -102.7695458668424 -78.9059101499613 -7.794385477026523 -47.9272705041158 -60.31610175998616 0 -20.59508586375981 -55.8614787791434 -49.9229702892823 4.803728443930643 -22.23182773108242 -21.23538214527866 34.30495402523056 0 15.43934023261239 -4.897031276823068 -11.97848951330606 -13.25701327712342 0 50.29588348028463 -31.39798969663595 0 9.982261863180984 17.44359184649247 59.0271195450016 2.298497853168001 17.0890333913708 -67.38641839537684 -50.00177507876761 0 -56.09952725857059 -33.86658808464746 33.03725467384633 20.17573281742326 -53.14823601030733 -2.916079247703788 -71.57860149007824 0 21.34300611392264 -107.4162387091511 -50.50906943194241 -88.31686386090924 4.609812253641827 -107.7154938569943 -229.3461835427699 0 -29.04054635256112 -73.26239757094737 -69.15312603446824 -143.9500129160155 0 8.41297379405551 -105.406971986478 0 -18.30345421320322 -90.14531893637952 -114.855231007655 -67.02559899238378 -71.33821807846229 -209.901724252031 -38.43208061159005 0 -30.93376944664566 0.2577856755513288 -137.5017221224904 38.3360995995485 -4.189621863070705 -132.6185000565501 -27.09599571871348 0 -14.27033135514925 -103.5743064068596 -40.43968901355716 -65.36109641476276 -54.16585306536938 69.34737353566069 74.83178810304111 0 -36.79845639749491 -52.08340919041716 -38.06852627803895 0 0 -19.24182193772587 -103.5213054949792 0 -13.81219072584733 -29.52372304515318 6.594954663317036 36.70766769294333 35.76719387646483 -46.81825049293064 -11.89492517263205 0 -10.13217814414102 -25.09743872170547 0 -70.65604667184624 -13.5640610253167 -54.53021933545511 -70.83910423487941 0 0 44.7140394385321 -12.51373239188743 0 -48.80752269245339 -11.44492477591117 0 0 0 -50.153634043667 -76.00618587975661 -46.99891300427242 0 -35.03539121868076 0 0 11.79917530403942 -54.15730751941852 0 0 -2.776827929477734 0 -65.07871089990492 0 -25.37374451816145 -20.67756758983042 -49.31564949862991 0 0 0 0 0 -19.5423008692111 0 0 -28.26519143645194 0 -67.24332328371005 0 0 0 -13.18427313842263 0 0 0 0 0 0 0 0 -43.66501571185303 0 -17.47297411867414 0 0 0 0 0 0 0 0 0 0 0 0 -22.37586015085911 0 0 0 0 0 0 0 0 0 0 0 0 0 0 -3.780540982320026, -5.373269419510407 -28.88434298772748 -50.32975525591128 -28.17282282659514 -23.11663632772102 -74.38766744198243 -55.57283980475594 0 -19.66939879395402 -36.63398085051755 -49.33472302780018 -29.95511004887544 6.226314947987207 -9.763546522558254 17.79195789848436 0 -10.07835737068239 21.24753363439102 1.32707043344092 34.55295497428476 7.39885068483289 43.45613342351896 66.53386866327229 0 48.04311588896239 13.85259864339548 45.49123883478158 16.86698563285752 0 114.3783168226363 11.62213252142588 0 9.527012778579426 46.72862374472403 81.48584526059733 23.23786842500893 29.17401779842868 -60.07014672076726 -2.548658257323538 0 -41.38021055903706 9.274472311916867 30.05313356200428 35.48023063587149 -28.03270394038071 22.72771418558075 -44.23530661729128 0 24.83613797953592 -64.50421103814091 -11.97788816500372 -68.18615756455978 6.191805392031921 -72.01307423608738 -140.0442233484017 0 -2.145159711681472 -19.9742281591185 -46.52652037001158 -75.19464771533634 0 51.91886751529134 -34.1913249067298 0 -16.1644612000405 -33.4766337550894 -37.44793181348777 -37.73672264072437 -28.01843066880145 -130.3366779175072 11.02319468314003 0 -7.096822922269071 26.27781944034248 -41.99191470403293 79.54629383184999 17.48472733991127 -27.73221148523066 14.40859047682764 0 -3.239300041892958 -19.14535254478327 -24.14992608196298 -8.356167002426702 -28.59905396965744 81.30396779840954 150.7467393636665 0 3.416392098362664 39.53435954635481 48.05822232916702 0 0 3.995727000078611 -25.94210575015804 0 0.1150533674047867 14.24543128334453 43.37540332604388 95.23900371464271 42.59425202870396 52.52627944186817 25.09201257152124 0 20.48068126599336 6.689395544444103 0 -20.24480412357893 -1.166491846777981 -13.42948607401001 0.05895883318479989 0 0 53.59192102099352 72.59919355640874 0 -9.191105405135415 29.42291030465843 0 0 0 -29.60725888715973 -20.31390212611618 -20.17307336329629 0 -5.457809168575138 0 0 14.48055485790801 0.02214235850094015 0 0 8.654852598869743 0 -68.34610844978161 0 -20.05179192079154 -5.033872947242359 -27.7903504687445 0 0 0 0 0 -6.763541325346959 0 0 -41.8470632743565 0 -83.35325076919551 0 0 0 -8.994864693057343 0 0 0 0 0 0 0 0 -73.35031830290868 0 -24.98586410615677 0 0 0 0 0 0 0 0 0 0 0 0 -42.42003777331921 0 0 0 0 0 0 0 0 0 0 0 0 0 0 -8.092616344893866, 1.367178785229157 4.184670531858174 3.049942909886575 0.007261196408677506 -2.760022837217498 -11.05179991066345 -8.069178617500526 0 -3.46058367532644 -1.768559297300525 -6.433808230347962 2.74064941688339 7.101302820457433 10.49392586195898 44.01957322217028 0 0.02292855050014642 54.63312377726926 35.02726127148539 38.14716872107742 27.25365742820847 75.28206635977286 58.56197315110214 0 52.76616263991463 26.08363771008155 74.67921765763887 32.85794863341359 0 122.3406215659685 45.47729073175274 0 11.21771889394355 59.46070016833195 78.21323385655812 39.53336064105095 27.24823937504137 -45.08704269390633 25.18981980529811 0 -18.81530611338073 55.32729789761706 40.08906193363765 35.34568434613786 -3.310327472972181 52.072448373453 -4.64993915452931 0 23.40465632572115 -22.6120774361187 27.78240385818963 -26.7329429846045 19.57975031135841 -6.562545140999902 -29.58132819550733 0 32.83060961465794 32.18484234631262 -12.06252722313254 15.0354285010637 0 100.7169544762731 65.7242682438829 0 -12.71581655227235 60.88258064380939 61.33420092060542 -10.75301853356204 14.76920589535421 -26.50497724291446 69.43442071986712 0 22.71259215403497 65.57801489720721 65.60425038792053 136.3755714331106 52.20201803410622 69.09292869859658 77.9632985764989 0 14.27837004342459 74.42282783329652 -9.136616661328055 53.10952488406099 4.039508048888933 93.35127963697282 222.1576340914751 0 37.36620972553806 157.4806389961526 118.6228179506813 0 0 38.43897738167622 71.73171935303793 0 5.254668176512117 38.07575607519073 77.22869546782727 132.5415279609741 49.33616198693282 141.2971008302673 77.00044535722125 0 65.55850817959707 20.74483071457902 0 45.00599440051811 2.008998009060606 37.52289745203175 20.97980898140222 0 0 58.41696470790239 139.2117388136439 0 20.47005040223693 85.17982543930046 0 0 0 -42.98905768691741 51.50267956965281 -19.45722483573573 0 -3.892190511607803 0 0 15.71732448340452 49.57919194170015 0 0 23.67909188866237 0 -110.3357699125999 0 -33.16035813745791 15.05849508947208 -32.98962755761743 0 0 0 0 0 5.506358297603567 0 0 -70.48434849197034 0 -139.6856726721818 0 0 0 -11.29724250465818 0 0 0 0 0 0 0 0 -126.5519859512901 0 -42.66783430939189 0 0 0 0 0 0 0 0 0 0 0 0 -74.71453982130758 0 0 0 0 0 0 0 0 0 0 0 0 0 0 -14.56652300046283


GFLOW: 0.9999999999999999 0.0243738495757509 0.02410628034745405 0.02945148794320051 0.02916983322767205 2.995172198284669 2.995217121272218 2.982293978703372 2.982472816894347 -0.00544109749329962 -0.01383818186141448 0.008610112597693068 6.420733495009419e-05
q-corrs 201.5081102401413 912.2725617831438 1373.150846951037 686.1004039661307 390.9354985001431 1159.707835494147 849.7941198864532 0 224.9746602968715 396.5474090199286 244.0879910523297 157.6437984825054 21.20288959383583 51.02674224424268 19.85804582111865 0 -3.353416995884282 -84.46657909619 -61.43426552809976 -56.32323141837978 -47.72289521658732 -109.5357970952612 -75.8183672993907 0 -63.06779017561873 -65.01743051528302 -177.1675938187151 -101.2991061043229 0 -163.5253370254496 -101.769507051554 0 -6.674333039873023 -63.7787643727998 -72.39337468382087 -38.26369745242519 -65.84051680077738 -98.42817282296933 -143.9284816260337 0 -45.51204461886897 -124.3476640503237 9.132769085566961 -39.14709380378805 -30.53288649965596 -25.5730184486718 0.01044476100761749 0 -20.29646377782034 -55.51048127457565 -167.7904455180557 -65.61538837530719 30.54980040829143 5.837097192733338 -92.97838829339543 0 10.08053154568901 -77.4321728012995 16.61001133734987 -10.25683125966832 0 10.19568527462106 66.58534787202404 0 -16.1916520778784 22.69453508578932 -24.71123946411301 11.15716378711359 -41.14957461078205 18.32894959083756 -10.40647029793987 0 8.756273717130238 48.38200496427044 110.665180005778 69.07903591560715 30.98247356409687 -40.49473585771553 83.1719547336138 0 21.76003200616008 79.83609566715214 12.35622777752947 67.34499848712647 37.56616491259584 48.65938435867878 72.97897767592639 0 -13.66913786380979 169.4316961737379 105.8788421089525 0 0 53.84356221883696 56.75619685832167 0 30.14627004491962 -17.432368723453 85.29772878335928 86.3538982415353 27.39646384547989 85.84703512810331 53.13450683173132 0 58.00494126533228 55.37817117752769 0 19.98363395368521 0.3409096529969178 39.56595080950018 33.56904744261418 0 0 35.78715431324225 98.1817339234066 0 28.37917823523434 54.30979881108757 0 0 0 30.95872297721188 16.29566892933387 17.61299236061889 0 35.69784927257336 0 0 10.2863961709208 17.26975624672803 0 0 12.83886260274492 0 42.3364773301011 0 22.91043229584244 1.242267882587296 19.43351191830594 0 0 0 0 0 -3.799842796981609 0 0 16.10237668643503 0 45.86651278073431 0 0 0 3.148057689162417 0 0 0 0 0 0 0 0 22.65393569992701 0 10.73068168809796 0 0 0 0 0 0 0 0 0 0 0 0 9.376406556708606 0 0 0 0 0 0 0 0 0 0 0 0 0 0 1.060234720311546, 151.7861969115801 686.0797607896743 1030.097842765527 512.7285345352859 291.3852791633485 858.1894975673276 622.0067140437038 0 159.6652482183015 273.7018926191989 168.4054829125293 101.4956738652481 8.11543900209273 20.72462362174318 -23.30907925878846 0 -3.88736724712056 -91.07679734808579 -63.0014722361863 -58.47318625602242 -45.82174039719959 -105.5263238188072 -73.43633632522022 0 -60.55617226698245 -55.88610463931087 -151.1971080125652 -82.47303135862762 0 -147.1347321676859 -88.20103576605743 0 -6.159686679735374 -60.81970388554569 -65.0741447169774 -38.23222144261552 -54.21242975684621 -73.33015050693236 -125.1757528588782 0 -37.86129206765787 -110.4240993295505 6.076002689395041 -35.45398141515783 -33.01178825633336 -27.73122620995647 -10.03652810661596 0 -16.81007944647036 -57.16250960075283 -137.5351928414131 -55.80701296166242 24.39135232686629 -4.360421897626772 -98.19038466840807 0 4.323219840291808 -76.41751165168414 6.532210673659392 -25.78012113311782 0 8.269016871285221 39.43486776043098 0 -13.07143950510997 14.34436625635203 -31.71421903153499 5.632183557496143 -38.62058061714581 -0.9498939031189817 -9.625329187639897 0 0.6180728780268048 35.12985714958604 82.63381273981162 55.54885348338284 24.10227314088284 -44.8842281357042 67.67912534905516 0 16.04313702603836 61.71463217130125 8.640964178995512 55.53720829072765 28.77304069185377 39.71461735166678 56.35936917657529 0 -12.87848714911073 135.6641611622347 87.9384285045178 0 0 43.92880604721409 40.44426689315694 0 26.49386918967967 -13.9012629658163 70.16400799029711 70.24469244041646 22.35553567118214 67.72641151169034 39.15744328040881 0 44.75326489532772 47.24409230047543 0 11.47463496067149 1.450932715545944 29.28843224825092 33.93033191232579 0 0 28.94880800918511 79.110726946808 0 23.06139809693572 39.8297336375505 0 0 0 31.927880245608 8.15205190146013 19.67604265445471 0 33.74018095307848 0 0 8.369243605505821 13.11080495210494 0 0 9.301293263943796 0 43.55569708365356 0 22.70418943696977 -0.3525432280639762 22.05395349376636 0 0 0 0 0 -3.210619325254306 0 0 16.70212345253965 0 47.40117500513045 0 0 0 4.290538093417495 0 0 0 0 0 0 0 0 24.18197738376595 0 11.44315606518635 0 0 0 0 0 0 0 0 0 0 0 0 10.64757787422611 0 0 0 0 0 0 0 0 0 0 0 0 0 0 1.386603646345211, 62.89143131030519 280.9288756757859 414.9580748919594 201.8280723079249 112.1510800872825 316.619635908028 214.743621485371 0 44.16416289694347 57.87014740810959 32.7821243483527 3.022697259914267 -12.69050280747021 -28.91420206417605 -88.92862166484559 0 -5.177401099573117 -95.10879085172505 -61.61161855637003 -55.66388868007643 -39.83248921428829 -91.77027922532352 -61.42917617038754 0 -51.33379372685958 -35.70778842060324 -96.07644745368935 -45.81687241790768 0 -106.3598754423993 -62.56946108570533 0 -3.415475719628769 -50.12544814091977 -43.92400857896129 -35.64875831205718 -27.80937306501675 -27.03354557576646 -86.12581554812171 0 -24.81648722534745 -77.19163499392835 4.677093856993629 -25.08984050707485 -38.35839927999506 -28.37691035030068 -31.4815612649516 0 -7.596213824062771 -61.88218504395727 -69.62567611847712 -33.9485279916825 11.94018484987788 -25.91552359788366 -109.2583203511451 0 -9.054964481495265 -70.96181460624641 -15.75592153227471 -59.17872407953561 0 1.82916692729057 -20.72375997001474 0 -6.582643340635659 -5.993564183848504 -47.92747978063593 -11.18212050284526 -34.60390830470192 -47.56698722496581 -11.56414348640946 0 -15.85866728483848 7.699453589909846 9.794764974259792 25.04264648776448 9.091667383185268 -61.40265599912533 30.57043241638481 0 2.586958330878542 11.76299299496527 -2.63184793550844 22.14599828055205 5.51941969889524 21.86721931170202 19.33961250847146 0 -15.91225132677325 53.96131455974602 37.19236531313922 0 0 20.09621711781295 -2.691998337378969 0 14.95185115474811 -14.08919229398566 34.327871941787 30.65192493699094 12.12715640123191 15.04697049719757 8.142062709315189 0 15.47035216076789 23.38015878456357 0 -13.17740384105135 -0.3305567854645699 2.555193860426778 12.04419950331475 0 0 15.91258805012497 25.21040136690007 0 3.202718446427252 7.064368300378092 0 0 0 17.67721910690885 -17.18261107952837 8.707054475826931 0 16.98867144964397 0 0 4.721999000075463 -8.118448113872926 0 0 1.026593105113435 0 25.7768642237575 0 13.45772361019661 -6.253655654992693 10.69434443419972 0 0 0 0 0 -5.744838196479655 0 0 9.730377415347373 0 28.86287844002705 0 0 0 2.039828791422216 0 0 0 0 0 0 0 0 14.21376890321333 0 7.124366500660983 0 0 0 0 0 0 0 0 0 0 0 0 6.260259499477592 0 0 0 0 0 0 0 0 0 0 0 0 0 0 0.8044649137896323, 8.51553792818677 31.70967469802496 35.10372727137858 9.584256308103356 -0.3894930361160114 -22.04883207485317 -37.28373434566406 0 -25.99468127200927 -71.74935236171633 -56.36178676175388 -58.27943288181421 -21.10785557766656 -54.6582317676846 -112.6368492976576 0 -9.016207142908131 -90.5688194776821 -59.4476123015042 -42.35837254666914 -34.5810955522179 -74.63518849412274 -38.26106801717835 0 -36.24576734984566 -20.52008444343623 -56.39586350868118 -24.45737048968792 0 -61.8126364696905 -49.0293188017963 0 1.052923585513903 -33.95135295534078 -16.18638700475651 -29.5680518151671 -5.957733552089752 -10.71828524814686 -62.32721677514704 0 -24.68753436369878 -52.87877615659433 10.2700039264285 -12.37392387460056 -44.62649959150747 -25.29777756262845 -51.9329685038806 0 2.560497834974035 -73.9592544037635 -27.29634257373724 -28.79468882243896 2.556382417052065 -53.39994978394998 -136.0382324565112 0 -23.43869885991212 -68.341492734922 -38.61450705286694 -95.12798992927067 0 -9.390728655498684 -75.94853579045963 0 -4.42046805017643 -37.60192483439298 -75.44962062097687 -35.06346894674208 -42.54220943094188 -107.0625241748634 -24.7267693554662 0 -28.54485720903958 -12.2628836274204 -75.93882865364378 0.3568616202204744 -4.029756169238368 -97.76364048560939 -8.281108999468607 0 -10.03758994144749 -53.93436408749899 -18.54167320795321 -24.9100568878093 -22.61537228406924 15.95951959103709 -8.527184590403529 0 -30.01281391847164 -28.37209249129897 -29.40506075677955 0 0 -4.894596844577058 -56.49961624830905 0 -2.290288447058157 -30.21893957762418 -0.1140752358296204 -6.996149573435812 8.230838025014972 -51.55495638234607 -16.66721012656729 0 -9.349980660651955 -10.11949507243353 0 -44.41503856908203 -9.20257964534294 -29.28352012596525 -46.49472252384339 0 0 11.89965946479172 -35.71608695134385 0 -29.18021422510603 -19.27495916612296 0 0 0 -20.6038633756998 -50.20301219642544 -25.23253983452238 0 -18.21702717139826 0 0 3.492221282937988 -43.55882352066005 0 0 -5.710609435359684 0 -19.39318845698984 0 -7.951944998643543 -14.58146833574949 -24.99648353029285 0 0 0 0 0 -13.57058295116714 0 0 -7.177830147042841 0 -17.78985746913171 0 0 0 -6.798884819864552 0 0 0 0 0 0 0 0 -10.96607168684832 0 -4.47201266706357 0 0 0 0 0 0 0 0 0 0 0 0 -5.919305332473325 0 0 0 0 0 0 0 0 0 0 0 0 0 0 -1.112978604121559, -9.140237177603481 -50.00012496030935 -90.11056300151931 -53.65784590293896 -39.11087686941167 -136.9853645703281 -119.6311382314031 0 -47.92086953136226 -110.097507530373 -92.94272108243337 -79.75257086407328 -18.32589913205464 -59.11915032784015 -101.4429935307505 0 -15.154333597887 -82.70621402431468 -60.43731863013565 -24.42813201294742 -32.67772161309146 -58.56553960476863 -9.470481359025806 0 -17.65717344338588 -16.82370570627219 -44.87622774797511 -23.38527046333368 0 -23.79852481093828 -48.68210610898851 0 3.75540337942092 -17.82616389319794 8.232675642961597 -22.75009644602351 1.915890829364266 -33.76606589114921 -62.89964758861326 0 -39.4534159281482 -54.56093297667357 14.26155520954843 -1.659418171939136 -49.46624231221844 -24.26495521203154 -65.86911494204929 0 8.868213045002381 -90.82680925086275 -41.62384651953472 -54.36091412383242 -1.600103046616677 -84.76407686099198 -180.1266690735605 0 -33.5428539932015 -74.7927258504719 -55.10357648607317 -124.6636833414577 0 -18.38505433480356 -103.6787029338429 0 -9.342980605558891 -73.27625279420707 -106.9510292031376 -53.85511202233317 -62.15778573983801 -160.6112090971498 -43.22610106616627 0 -32.2766709432311 -14.8952434639687 -130.6383608505984 -0.1534492833901204 -9.587886852676537 -134.05772400441 -30.88114371922731 0 -15.07743704054979 -101.3721248861352 -31.09129152330174 -63.00548748871207 -42.35235897628569 31.90932095155551 0.9237368842226772 0 -44.1287430433991 -67.49156820124144 -70.36432379593947 0 0 -19.2662979159468 -94.27913511472984 0 -15.69218258549046 -44.54141926498164 -13.10542844335615 -12.97034152494202 16.39902420019979 -84.93706873145646 -21.93382787101095 0 -17.63240862545674 -34.33642630866992 0 -64.08213167865836 -16.17598819484984 -50.25039545495196 -91.50207913749483 0 0 22.31378031613337 -57.58111570344526 0 -53.05932514701477 -24.01722857544478 0 0 0 -49.0560428487692 -70.15951855568905 -51.9098095988949 0 -44.07074899982352 0 0 6.066649585167207 -64.52532133018326 0 0 -6.63184309018778 0 -52.29641489604136 0 -23.53944774241867 -19.45149414226876 -52.96487451753029 0 0 0 0 0 -19.67354408268088 0 0 -18.70301861269968 0 -51.46433311242261 0 0 0 -13.84279786303086 0 0 0 0 0 0 0 0 -27.61676264564852 0 -12.79360359593831 0 0 0 0 0 0 0 0 0 0 0 0 -13.60392266755076 0 0 0 0 0 0 0 0 0 0 0 0 0 0 -2.229415441401157, -10.01077213752064 -52.7257475282621 -91.50041241984266 -52.22238595529512 -38.27856569545484 -128.2983513968938 -105.3092824030633 0 -39.55638868863659 -85.94625375228088 -83.07594772222757 -64.52084061329452 -7.499262654376086 -41.22251695640907 -53.31731706490026 0 -16.00258558318531 -46.78141450280948 -42.75097501884483 0.6712600626878551 -21.2317169138342 -23.90749173037313 24.33431302474574 0 8.2618374652873 -9.48501972069835 -21.22155842666739 -15.93519002428424 0 25.68785549360665 -35.27191815368698 0 5.255541720022739 4.704608972555405 33.53861956352348 -8.812589200091672 9.190523354846338 -54.23920779576935 -49.39743082699131 0 -46.6725130552187 -45.33191772524699 16.07148268027676 10.99992115978746 -43.27670803861486 -13.98946174101984 -62.3537575614365 0 13.07025868773383 -86.24838059732984 -50.43672264993907 -71.31782832071028 -1.673041156951014 -91.95376085875381 -182.2154801510101 0 -28.94848589485784 -63.70766216510716 -55.5653141381692 -118.3812265822891 0 -6.04574001713401 -89.55698141656271 0 -13.32499947325731 -76.75360473916007 -98.86170264251324 -52.62955578575431 -60.45095430714834 -164.331107497913 -37.68189083020734 0 -24.36431692813733 -2.729812859889972 -117.0857013759 22.7052004552768 -4.233464103840376 -114.3612258503267 -25.21160206306352 0 -12.11082659579622 -90.62980712957774 -31.41010222457682 -59.49240323091097 -42.49348424778684 53.46542951406588 50.4817647097954 0 -34.41257436466157 -44.7100401816645 -46.68714218665306 0 0 -16.32914390137529 -83.91719173160763 0 -14.80538414210611 -29.15543527630913 1.766667690130483 21.31041329712591 28.02664720301766 -49.67965215915903 -8.125845469225599 0 -7.949324090030075 -28.73497770147044 0 -55.20727904206204 -11.65582970016283 -44.4760182039151 -69.9269792069902 0 0 36.68877755592845 -19.59168449450101 0 -45.39601748331209 -8.07948362069034 0 0 0 -42.42558747019276 -59.48717057457674 -45.06945509837738 0 -35.87296346990694 0 0 9.841732053136546 -48.72252046507399 0 0 -2.005379693890377 0 -53.58805911691863 0 -22.12637725953645 -16.18063761178136 -48.1785742507332 0 0 0 0 0 -17.1354459697374 0 0 -22.50037662574941 0 -56.78309493395654 0 0 0 -13.06326013569501 0 0 0 0 0 0 0 0 -35.610627622138 0 -15.1101700466354 0 0 0 0 0 0 0 0 0 0 0 0 -18.72892166401198 0 0 0 0 0 0 0 0 0 0 0 0 0 0 -3.263313595480055, -4.929424648878012 -26.3914517713423 -45.94872427672666 -25.83015363626622 -20.18343707552532 -65.18491530948285 -49.37576322546971 0 -16.99084048389377 -32.06617747761302 -40.3304243139436 -24.81326603039894 4.368472089410933 -8.322996547558446 12.24444929807554 0 -8.581894321248834 12.7713091266606 -1.837117635391769 26.46361419816152 3.332822130715334 28.42025843773151 50.44496562226074 0 34.42581693830783 9.397656276242881 29.54072442423093 7.771585132035355 0 81.44531841641506 1.497699080214659 0 8.451311145027201 34.72008788284923 59.35350615338589 16.3877750410786 22.17126622413112 -47.87076236106 -5.867365200070374 0 -33.39245466859707 2.789148463710816 26.19350597676102 26.12978484370525 -22.26376531507175 18.39194432617553 -33.82921066218906 0 17.41962431376961 -48.14595368770426 -10.33667853006784 -50.77287489991743 5.080353436460313 -54.32638675458523 -106.5242526660591 0 -0.6036680390275784 -18.09238515983655 -36.14256562191405 -57.83682492008847 0 39.39610243731004 -22.40063258441155 0 -12.04805433925572 -22.54358893561018 -30.23436891355428 -28.7625938844222 -23.92598143770255 -98.45837991851556 8.849966023159695 0 -3.847949731955289 22.90495326773404 -33.57545454123525 63.67795750173575 17.37880542548837 -25.68951711677789 15.50556407927722 0 -2.798766418036657 -15.63677950632486 -18.53349990325601 -6.934177375435915 -20.65336429667861 67.8681744801944 122.6189447118504 0 0.2907927724971096 40.15865284046498 30.95281747419003 0 0 5.757965424073085 -15.30625231866949 0 -2.274427955539386 6.443587722787864 37.57261497685762 75.5076791376041 35.88071491475121 39.345288255852 25.5440835584885 0 20.83283597551805 -0.01282198140566315 0 -13.13863184369965 -2.146542611731439 -8.567053524950193 -12.4192924304473 0 0 46.64921043232258 56.24832305211229 0 -11.42739875610573 28.41489019107705 0 0 0 -27.68424603815014 -14.192453485372 -24.01035305768234 0 -11.55281261636539 0 0 12.67082795890809 -3.952671056433588 0 0 7.958885091833848 0 -58.38818119893816 0 -18.58510109621481 -3.84568961797191 -31.55130410268669 0 0 0 0 0 -7.248691337288031 0 0 -34.07296432945339 0 -71.5715096052363 0 0 0 -9.974980940689157 0 0 0 0 0 0 0 0 -60.10267792264492 0 -21.52016666453729 0 0 0 0 0 0 0 0 0 0 0 0 -34.94128558695548 0 0 0 0 0 0 0 0 0 0 0 0 0 0 -6.702808052149654, 0.318567357483289 -0.1042766989619466 -2.434393119706002 -2.111507308567354 -3.390683658993726 -10.73773005351875 -6.187109968871484 0 -1.043658165071386 2.648320947074695 -4.18357383716082 4.432413098543622 7.67600732867469 12.95820702277875 44.49202913801355 0 -0.8631464668426543 46.54834130231183 29.35150453192422 35.978891900784 22.72604125556833 62.11494884297162 52.04061708198165 0 44.42985968773554 25.12191658090033 66.21970017389533 24.80574431827084 0 106.4740319219796 35.18000741776156 0 12.67107474673185 56.3771998870728 71.06645582227009 40.36299874966407 28.3014481889901 -35.58210118833789 30.13231909033583 0 -14.69178319034126 54.72062530750807 44.79494988219139 33.91356304387938 -0.4894035922760764 56.22019595183106 3.314120599108252 0 19.17300116522374 -7.400076372516182 34.0354541495195 -16.78219931913447 18.92220808031128 2.5595005227356 -14.20634234051102 0 35.62121380699635 28.71891089346786 -9.368241662222859 18.00054990187759 0 91.71169477479307 65.34422245151488 0 -9.96124446167609 56.86615120830793 53.18506599223253 -4.173618339134466 14.0931735827591 -15.18606939815588 63.96582569206711 0 20.34236785683463 56.89895336232991 61.32895677008557 114.1761053968217 47.99349305655203 62.00116170049178 71.38316672522454 0 10.24063816867417 68.68942664987466 -5.331979256970157 51.66907861708994 6.664084666581361 81.46513117424303 192.1436875233599 0 32.28024482236651 144.527712171973 101.949104566355 0 0 35.30137731241035 68.25656715736174 0 6.277911226562855 29.61547160595119 73.01682270524998 117.5531559750986 43.10431361851514 123.4083745986499 69.49010095395239 0 59.06024533486351 19.83903132460148 0 39.40797759291824 1.119551392223218 34.5971606838647 13.24570511031022 0 0 54.00787866066801 122.2770380359238 0 17.42485163933958 75.40381817014054 0 0 0 -36.32519487360432 42.43144469857823 -20.46106830424482 0 -5.108577458445426 0 0 14.67357094138984 38.76613349439337 0 0 20.59742768301127 0 -90.78988477377294 0 -27.75782179946254 11.63202496687468 -33.21414448696918 0 0 0 0 0 2.406184694396053 0 0 -56.57677348727918 0 -115.3889837397361 0 0 0 -11.49127253483617 0 0 0 0 0 0 0 0 -101.7515951668436 0 -35.4279391655968 0 0 0 0 0 0 0 0 0 0 0 0 -60.09898702752005 0 0 0 0 0 0 0 0 0 0 0 0 0 0 -11.7036607877231


GFLOW: 1.1 0.02084749666768734 0.02058640826983299 0.02481738589455035 0.02454314675803811 2.995939309955855 2.995983603397645 2.984981217809182 2.985156526565124 -0.006008236331870725 -0.0118898333595504 0.005939768557125182 -3.792182456789515e-05
q-corrs 146.8143183182441 683.1627974777166 1057.52985583754 543.9682000386582 317.8792782502898 973.2621802820062 738.6651147417424 0 210.8494431751115 389.3379068033578 241.6771019542602 169.17532057722 31.88173310594745 74.62038467642313 76.09279625153681 0 0.4305463723320275 -37.34677913556855 -32.86432612341033 -32.99939925183119 -32.06866709639326 -76.47647624053108 -53.11322791356922 0 -46.6439424418401 -51.69002402191636 -140.6928725718416 -80.0263534740871 0 -129.7044197121998 -82.26105940498817 0 -7.185211533763125 -53.05948532462487 -59.89531383841461 -34.79164407925821 -53.07765161921071 -78.11844571504824 -113.710753196128 0 -37.88843910328907 -103.770207910657 0.7876072951239461 -29.60516352723775 -23.30024918766004 -25.69473817816882 -4.536933952106982 0 -15.70245008770725 -41.85959951269992 -132.603820344217 -54.77004539775777 20.23694505705895 -3.725244552711949 -75.63394419556323 0 8.17389370293489 -59.43887270048019 7.99627911492901 -12.94814027722756 0 8.67416494768645 51.62280512876825 0 -12.62524683300177 14.92318448928571 -22.32522922522932 10.46807313547305 -33.07603932056929 12.20169096758099 -4.385306683580707 0 6.611580658513565 35.41214648514583 83.42907779150738 54.27747789053103 26.10580100989903 -24.8683105276379 66.63848492401522 0 15.16377112716849 63.65321488373459 10.35921832014243 55.57447601051928 29.65247102764364 38.68033009529005 64.7262474179966 0 -4.947216501949026 136.7306905470712 84.77060535128449 0 0 42.63303698763497 54.0142371827397 0 22.70435217835207 -5.645749609634896 68.15797455385092 72.80133044067946 21.80826273147623 80.48882076870795 46.22322306465746 0 47.78129248752715 43.10413364883319 0 24.45143746673751 3.053160228705661 35.82612078187194 39.33873573378635 0 0 28.63816763482869 90.43618459529449 0 27.97139169535734 48.39628638134381 0 0 0 29.91922994354883 23.38788590989998 22.01044875944437 0 32.98975669110743 0 0 8.167871604031987 26.59055389631345 0 0 12.01586023783826 0 37.13710530404949 0 19.87879717642868 4.34284036983216 23.70682043517063 0 0 0 0 0 0.8132108637905318 0 0 13.21015450610332 0 39.07808811136531 0 0 0 4.898849754980303 0 0 0 0 0 0 0 0 18.52778520961698 0 9.16799310201424 0 0 0 0 0 0 0 0 0 0 0 0 7.850993707698408 0 0 0 0 0 0 0 0 0 0 0 0 0 0 0.964172908489382, 113.481126547169 527.3833901397156 814.765592230682 417.8567291849915 243.6107812300119 741.8500069991912 558.6141569310413 0 156.0996490476333 283.1224174316645 175.0180084983276 117.802731502605 19.03109474043767 44.38204726738513 30.34867395988152 0 -1.098471577009371 -50.62224459139786 -39.14191279885486 -37.71253062198225 -33.03405215094629 -77.51604188600452 -53.43090152608997 0 -46.04894204624178 -46.3302050989078 -124.3805147947267 -67.52355196812577 0 -119.6442760882594 -72.96117009967875 0 -6.932468480956657 -51.15366411265357 -55.68862275112631 -34.82079757647736 -45.17817128898449 -59.99701685901187 -100.327967298373 0 -32.06946245955373 -94.0108271720091 -1.600046725544782 -27.70021500335293 -24.56457146236762 -27.90426922089604 -11.1390199350294 0 -13.6739742110002 -42.79222371715274 -112.2381089007604 -46.83810604686282 15.68513957175162 -10.27749788623056 -78.36839301882907 0 2.666673987407706 -59.1758368014548 1.475128425243447 -24.23357813989801 0 4.0760841846363 30.90486641461885 0 -10.21582131156594 7.193170585605285 -28.80260692487789 5.57163202680461 -32.10214207325519 -1.870944597411695 -7.191808634050883 0 1.008270090316246 25.5113832593149 60.10350618533944 42.1938319444625 19.88326263586528 -31.71144672701601 52.8880613670703 0 10.93339847183116 46.63749264738939 7.154357381526872 43.61410882749955 22.29941386242202 31.41500775135395 48.96667440941598 0 -6.537213892539349 107.848258085987 67.3505763468106 0 0 34.18074756053423 38.68838279208615 0 19.20585527707208 -5.363717277944652 55.18772223227327 58.49449802513233 17.7256056702619 62.26195184908807 34.85916318766188 0 37.03997425544374 35.61139258976119 0 16.29422030646675 3.152679882140149 26.70526178811112 35.45621815475592 0 0 23.32008168925194 72.47103849601159 0 22.13321473543994 36.52289319960794 0 0 0 28.96373757302793 15.32827132316863 21.35686417020061 0 29.72446594431789 0 0 6.693429848574278 20.72771303825897 0 0 9.039058749579548 0 36.7625648245745 0 19.03241782592008 2.563732570697326 23.50259287385448 0 0 0 0 0 0.5182700464195691 0 0 13.34966975562286 0 39.06173248509838 0 0 0 5.184200631139841 0 0 0 0 0 0 0 0 19.1629068387573 0 9.407594813051443 0 0 0 0 0 0 0 0 0 0 0 0 8.481963182442037 0 0 0 0 0 0 0 0 0 0 0 0 0 0 1.135418626677853, 50.80304699989144 233.8015850294555 356.4800758820411 179.5625753818163 102.7470105664719 303.2696974361656 218.1634647173418 0 53.07065144666916 83.98600356830926 48.27748569643683 21.38344117883386 -3.735232667971494 -10.52399885767235 -49.52043749230575 0 -4.340957165019104 -71.04463683482855 -48.87345042190772 -42.49093501241393 -33.52428369976856 -75.48799997205539 -48.60254448628617 0 -41.67899564339836 -34.37081539625934 -89.14494945082008 -42.50019665145429 0 -93.40428392912706 -55.4168416019518 0 -5.596806586612594 -44.74019698938024 -42.89598019158893 -34.09110293893944 -27.21622196239701 -26.52630769344896 -73.43602872223187 0 -22.5403583122168 -73.02009529379787 -4.735939818200757 -21.94843347715616 -28.25036104020705 -31.43276764218915 -27.03733267162047 0 -8.071812313874954 -47.40502637587319 -68.47801130142517 -31.78661123670731 5.616431901398959 -27.18955826467801 -88.21549852840727 0 -10.71581474246993 -57.97680190995068 -14.14518993227782 -50.98574061814504 0 -8.044424100404495 -17.68962027674369 0 -5.467132450044184 -13.52199649886872 -46.05559885265795 -8.618727619463291 -32.10892754962544 -38.54023623458686 -16.21451737653402 0 -11.29293058768933 4.018991936068475 -0.1747053841876962 14.66834544183832 5.828886419181593 -53.01082678812737 19.8386907162915 0 0.8364421864018894 1.267598305082428 -2.09570117219597 11.38703978183427 3.169644307257345 16.94277614555627 13.30741210320021 0 -13.89225366859355 38.20078955138545 20.12414720387204 0 0 13.81264670501768 -1.634107681917083 0 9.037015660817259 -10.88837072047231 24.5351256030903 23.35431848266361 9.509320539032963 11.46545873731685 9.112828062575058 0 12.68637249845153 14.30447579266422 0 -6.589410477054205 0.2131587063862566 2.850050095364999 9.341213711298256 0 0 13.17565788772163 23.1732594153027 0 2.55895698907794 9.301789250083381 0 0 0 14.60033865844286 -8.298836698491851 8.020739378883414 0 12.78747059228268 0 0 3.887458566955834 -1.590793843132857 0 0 2.080780229964938 0 20.84795826462 0 10.54581270014589 -3.143274019711864 9.905968288457718 0 0 0 0 0 -3.034004774110995 0 0 7.786685246243625 0 22.91070017851199 0 0 0 2.172585534456718 0 0 0 0 0 0 0 0 11.28590747633237 0 5.640994071085176 0 0 0 0 0 0 0 0 0 0 0 0 4.994357072120278 0 0 0 0 0 0 0 0 0 0 0 0 0 0 0.65841331138104, 8.619354986437905 35.13107163945754 45.08700929005725 17.30558837020643 5.703480861054697 1.723376053422381 -14.37002898002177 0 -16.59528862318047 -49.49868056259875 -41.58474006447378 -44.53620149003154 -16.18125160907674 -44.77572217028116 -92.20924587495331 0 -8.546028570006408 -79.21412861295556 -54.55096896764615 -37.59007497616992 -32.94734157557977 -68.04298631073291 -33.51329485462362 0 -31.84847321599313 -25.11568436893752 -62.68484183118358 -27.08323143064045 0 -62.55794116736732 -47.10410958337059 0 -3.24525889840521 -35.19841233935007 -24.86791222517216 -32.45406791919861 -11.93996949075581 -14.78559977881472 -59.05922690496237 0 -23.50754549331679 -61.58081840402784 -4.550748066025398 -14.11188040487739 -34.59094425537113 -34.04715126294899 -45.61860286763083 0 -1.389459890269165 -60.223160771838 -43.31432995232966 -31.42918466784061 -3.347475247332753 -52.63745391757945 -114.9705092218432 0 -25.61930949222741 -60.62005480717856 -32.18410694857449 -83.01139858475516 0 -22.87778968654885 -66.76583409569236 0 -3.983377912705207 -43.83622503722045 -73.19226318858054 -28.28608699526223 -41.16462278931742 -88.2255541280451 -31.97636301543505 0 -22.33963907099852 -13.12646344438018 -70.84955711613011 -8.068787270640307 -6.829693399119417 -88.74464217477342 -14.29863307993118 0 -8.925388603767111 -55.20240415323489 -14.82355938690539 -30.27291936000373 -19.65743456809857 11.65131086564372 -14.68056278337552 0 -28.78017664539803 -31.7012048635036 -38.12976404892797 0 0 -7.312996172463603 -50.35711810018889 0 -5.089902481216731 -27.44275307196564 -4.838668668224749 -10.5237189168144 6.230940943047044 -49.9208348194726 -12.79339233421853 0 -8.903430093848153 -14.39687156035771 0 -34.98246260838363 -7.743206396116319 -25.40030064078195 -43.96718328290183 0 0 9.892388872022821 -32.39395179606436 0 -26.95774885544522 -13.99118225179386 0 0 0 -17.51801250982426 -38.36830480095538 -22.83167268782791 0 -18.42494540127584 0 0 2.921662463617384 -35.29437711601241 0 0 -3.936797389384365 0 -15.63663759893022 0 -7.178341532675241 -10.82002764376304 -22.62035235397272 0 0 0 0 0 -10.73104743354872 0 0 -5.151985530826396 0 -14.63841866106788 0 0 0 -6.021430668506692 0 0 0 0 0 0 0 0 -7.84415895910624 0 -3.702143117914981 0 0 0 0 0 0 0 0 0 0 0 0 -4.183926006444865 0 0 0 0 0 0 0 0 0 0 0 0 0 0 -0.7702718356247868, -6.891367034434204 -38.37283817148208 -70.38053771127808 -42.62324495347021 -31.10692820013473 -110.9431509853414 -98.44114976300699 0 -40.54663687397299 -93.03515122646664 -77.25036764978279 -67.25201331952846 -16.08376355856191 -52.2264120909217 -89.85623613561353 0 -12.89743254574291 -73.2739364812153 -54.96323145563053 -24.18059039426348 -31.14128251517074 -55.2489070963919 -10.98970640896322 0 -17.44578352643972 -21.18968383081746 -51.22650331109487 -24.92664585483238 0 -32.42833155662821 -47.64178321831206 0 -0.9392728192169375 -23.5236661924796 -6.053531391273969 -28.57512828034597 -4.754851789189824 -30.85247776494903 -60.45038542277302 0 -34.99543084411195 -64.52762667412564 -2.095751691361152 -6.096272258720388 -40.26962450192897 -34.33265583249533 -58.9761212964126 0 3.579944181833656 -75.49077267680866 -51.37108231265972 -50.22928733645068 -7.313660735211649 -78.17247129872437 -150.7481453173837 0 -34.70338190491728 -66.82404831653191 -45.52970525447951 -107.4354597145118 0 -30.32229957349737 -92.3670985575866 0 -7.243077371550507 -70.80489136909048 -97.44229373423931 -43.49721863667169 -55.59545882617988 -130.7936746093004 -45.73581075464663 0 -26.35483563376454 -16.09861775778923 -114.5428884804708 -9.305560627288816 -11.45644673304081 -118.0601241824256 -32.23321365675364 0 -12.92991386255401 -92.51382424457726 -24.74600253764659 -60.25275780314412 -35.12540495671843 23.3444383710316 -9.554522835554085 0 -40.49911519357165 -63.4083767106851 -71.6652279744373 0 0 -18.55901953332121 -81.63791199414078 0 -15.63012732679709 -39.88804028189266 -15.59244460456297 -17.6681428564667 12.32174228172599 -80.09149483159452 -18.43999781757644 0 -16.24691284770663 -34.41382509112505 0 -52.33946842042145 -13.59180732705122 -43.08976273445754 -82.87734139398049 0 0 17.8410242677226 -54.42704429393402 0 -47.82022017263682 -19.69504446916174 0 0 0 -41.08012819881903 -56.55896541128925 -46.37049186752205 0 -40.89169461727406 0 0 4.931610120896471 -55.58630262038494 0 0 -5.295648531668874 0 -42.76084682874647 0 -20.15464420901303 -15.44975177437806 -47.73802658041309 0 0 0 0 0 -16.60173490054677 0 0 -14.59421095710682 0 -42.73436461270886 0 0 0 -12.51417724042379 0 0 0 0 0 0 0 0 -21.74418565721261 0 -10.76953808069172 0 0 0 0 0 0 0 0 0 0 0 0 -10.78496370353657 0 0 0 0 0 0 0 0 0 0 0 0 0 0 -1.774470960839387, -8.285867399209955 -43.95294779572829 -76.914744969392 -44.32783981728359 -31.97133553166233 -108.445232907462 -90.2687158217333 0 -34.27050761495163 -74.31561777948312 -68.60048186830441 -54.20851300418659 -7.4686355105061 -36.26547350736781 -49.13234179569568 0 -12.95206153855603 -42.03883428274332 -37.96327442132282 -2.689172508897345 -20.13711455002255 -25.37606054198242 16.23421118313006 0 3.307370715091555 -12.05438444939626 -26.83647007033747 -17.40391843889207 0 9.509682598241596 -35.65094238935791 0 2.178423161552295 -3.062923611168319 17.38939317332141 -14.50644809090261 3.613468034405663 -44.36640877160701 -46.88508241336224 0 -39.14074112374564 -49.93370750986337 5.240244156900729 5.100701937589683 -35.63679824434856 -20.31499417961591 -54.06117439925598 0 7.811484697095656 -70.21148128389333 -48.49509531988176 -58.28549410608055 -5.061832791942682 -78.30561792503514 -146.9156086284773 0 -27.564030882259 -55.22637286705148 -44.91291826803094 -98.0673929964548 0 -14.23913567005592 -76.18447208272239 0 -9.84120528962983 -65.39726223756377 -84.64444381738679 -41.83350614939798 -51.23432760891556 -129.7892057480811 -35.63479792533871 0 -19.33644500811586 -4.256171656954022 -98.85272047909483 12.64481159054287 -4.458543057003549 -98.22287897897222 -22.90019578880467 0 -10.13876072568297 -78.60899137293757 -24.65910796187615 -52.85900235757747 -33.73325670477888 41.59237236184993 33.61652541772567 0 -31.35631876633587 -38.53685652162835 -48.94103184157429 0 0 -13.87797467311375 -69.04948900047242 0 -14.39422400092543 -27.98147460734632 -1.056066521020178 11.09245739325238 22.1475667971845 -48.93696768417684 -5.740228987604276 0 -6.361013994058007 -29.12303716207822 0 -44.08789567302938 -10.43982224323825 -36.70751482401879 -67.15633768561599 0 0 30.02475820125402 -22.96509168013615 0 -41.2992305622937 -5.74404957936269 0 0 0 -37.44373586741574 -47.5284982880486 -42.21006930500499 0 -35.20100186099882 0 0 8.14590958112198 -43.36183131165032 0 0 -1.439500030341572 0 -45.88498396553813 0 -19.86213349827554 -12.91875716283527 -45.47699629737959 0 0 0 0 0 -14.93673592881295 0 0 -18.56338243909865 0 -49.19030291326961 0 0 0 -12.37432308789085 0 0 0 0 0 0 0 0 -29.70093587640733 0 -13.21973671997652 0 0 0 0 0 0 0 0 0 0 0 0 -15.79527939153628 0 0 0 0 0 0 0 0 0 0 0 0 0 0 -2.786829590161475, -4.377923038457077 -23.37827343993609 -40.71119713737102 -22.98444909639955 -17.35676187667854 -56.37433534032123 -43.31796347171503 0 -14.71036895309544 -28.1670867984142 -33.19266104733806 -20.84297239835266 2.904751977283955 -7.269167114164647 7.948026393236479 0 -7.182286236740413 7.509828563256576 -3.182369607476192 20.57215376419834 1.302645179339731 19.40591894622895 38.97498392384152 0 25.6119025311122 6.773411717870982 20.23028796809269 2.966040757296483 0 60.47545177207738 -3.124577265438734 0 7.284200394133711 26.75012156827283 44.8413735821012 12.23687130816615 17.5201527364119 -38.36608376604836 -6.265866590394872 0 -27.14248353927878 -0.3759225427560011 22.53335592708231 20.07629254834902 -17.85302916046609 15.50083275759854 -26.37149102669323 0 12.64364953686472 -36.12105046220799 -7.574521418147484 -37.96611568731805 4.226028241931049 -41.23209078357557 -81.37688916896535 0 1.031514494885258 -15.5966181180282 -28.367314732891 -44.57518549419991 0 31.5467323903457 -13.5155744271917 0 -9.026113191301395 -13.84993713731794 -23.41756170913303 -21.68344738978367 -19.81421988676887 -74.15687310739023 7.85784493874575 0 -1.459502505973619 20.25673177082835 -24.65943132595283 52.33159347037632 16.40940168614304 -22.24557177620474 15.99267827493366 0 -2.090663095973603 -11.60648575283141 -14.04065979303138 -4.80303354657505 -14.639162166748 57.1443986300543 100.796352061515 0 -1.391737764457755 39.62481047027537 21.07815755674974 0 0 6.773325550642454 -8.609435969685739 0 -3.031738648338774 1.160953297355183 32.9051022209611 60.52134540229451 30.44829215384954 30.30068486788566 24.51524379430701 0 20.08794885697439 -3.335674722970798 0 -8.571105364122451 -3.069502003296806 -5.38189902810735 -20.07056733612892 0 0 40.34006326732473 44.3163107183042 0 -12.1381708460293 26.59571617345842 0 0 0 -26.65433948256451 -9.979215963182313 -25.38668943524983 0 -15.03270437501962 0 0 10.9923619158548 -5.770255540799818 0 0 7.25000878836765 0 -51.11567469791077 0 -17.43553535130987 -2.911875942206427 -32.29762816184092 0 0 0 0 0 -7.044687630956757 0 0 -28.33345943885796 0 -62.24342856629252 0 0 0 -9.995860684645377 0 0 0 0 0 0 0 0 -49.90766144889627 0 -18.61476190066228 0 0 0 0 0 0 0 0 0 0 0 0 -28.98399065879742 0 0 0 0 0 0 0 0 0 0 0 0 0 0 -5.558370250683675, -0.2543081701115142 -2.354181398048148 -5.164352871797139 -3.095543773604469 -3.42257753155566 -9.677907296969117 -4.668593924653283 0 0.3639796392149259 5.204943433749911 -1.988888230925264 5.647671256098192 7.592512912540666 13.91955747205547 42.98157930981392 0 -0.8991050687981295 41.31925860431628 25.97194162527527 33.25297184251284 19.86954543344687 53.18317734554056 46.17211375424715 0 38.15549509682747 23.99407776352884 60.16346902225195 20.44750371673137 0 93.80765394418808 29.14196668447336 0 12.79103088008722 52.10137208770716 64.02087812618585 38.9509738887447 27.86636491123546 -27.54867557388221 32.1833852303374 0 -11.16783639804942 52.71756334068947 44.95619520334886 31.31935021104938 1.160324222032436 55.81241073277334 7.372189543950132 0 15.96041459925388 1.493728977224041 37.4692061366291 -9.005096524552757 17.68582187918242 8.235753135188652 -3.462750016408442 0 35.77081541024702 25.70129690484987 -7.227658827521781 19.31111877792368 0 82.96863693005464 63.22270519840804 0 -7.653278887099217 53.94779185994231 47.47254792111681 0.2040066852709019 13.43420470266377 -6.178098384706784 57.97466629061364 0 18.66333998954084 49.72356035134071 58.70895562918898 97.38032185127227 43.17564649946608 55.12040983127008 65.01196513286176 0 8.039274616190568 63.09651507233439 -2.515494183734548 48.91747039473015 8.517490811762833 71.46912659264416 165.9155246631084 0 27.45608187139364 131.6387289351687 88.62929901948911 0 0 32.37669959835813 62.69447486659965 0 6.755357086858117 22.50873926218188 67.47895921368993 102.8348996659078 37.93329475183809 107.4207803477324 61.76175672846016 0 52.73171451575737 18.29691326100527 0 34.37717181107448 0.1294144718625687 31.31431529151069 6.901448250164893 0 0 48.83113974236993 106.5090391354221 0 14.64894920949886 66.24647731369291 0 0 0 -31.70999288189533 35.64021564395127 -20.07992852131594 0 -6.11673853241989 0 0 13.31177947797122 31.20604925559314 0 0 17.87429740519528 0 -75.60936542255315 0 -23.62960124104457 9.344784758932949 -31.3005441836232 0 0 0 0 0 0.8298572494644558 0 0 -45.90768137331703 0 -95.74750096948131 0 0 0 -10.75509623095823 0 0 0 0 0 0 0 0 -82.44564759595926 0 -29.3714315527047 0 0 0 0 0 0 0 0 0 0 0 0 -48.63621808218221 0 0 0 0 0 0 0 0 0 0 0 0 0 0 -9.457793944704001


GFLOW: 1.2 0.01807597238766396 0.01781799314687316 0.02124484585570106 0.02097608266449025 2.996527197225785 2.99657101457908 2.987066436301867 2.987239741758923 -0.006381349317022917 -0.01035584238027071 0.003848547503059619 -0.0001690863543222004
q-corrs 110.3009784046385 524.8174619417337 831.0055694937948 437.5097020082944 260.8711335269547 818.8765440567106 638.5494790220142 0 192.8286536222235 368.0425189385065 231.17181371085 170.4822557352297 37.32405717559076 87.8293428644381 111.1304223575546 0 3.63481700804523 -1.824915821364104 -9.990928785209405 -15.43016240815558 -18.73967140379348 -49.1820873494096 -35.82273518504624 0 -33.70914545675636 -39.45109190417919 -108.9143773393956 -62.51667037410557 0 -102.5443071013222 -66.14598325711935 0 -6.761371458979315 -44.05448844747549 -49.93229834210001 -31.01210136681506 -43.12788821673493 -62.16705617374459 -91.44534040657547 0 -31.5794224514644 -87.48375544870595 -4.017069340462003 -23.32023446472274 -18.43679235308085 -25.15281186785203 -7.327001081285864 0 -12.45402811001295 -32.79625588310326 -105.9772038555838 -45.37815116154813 13.30164097293587 -8.816065736211291 -62.00446179685157 0 6.00177556645758 -46.37668831444287 2.949216539058112 -13.73806732295976 0 6.963144472533235 39.72267317134369 0 -9.870069662631515 9.748059633615888 -19.52956659771743 9.081399405609293 -26.37828567832021 8.054996317316437 -0.8623178618028127 0 5.274196383860961 26.60882686776842 63.59011202143122 43.20405186113559 21.96515984386883 -14.76680819667191 53.56490534189125 0 10.72132731465878 51.40172466119587 8.456495905867342 45.99094279761449 23.33181228826868 31.49532000550885 57.39764312840795 0 0.353017800667462 111.478317560965 69.2756947191881 0 0 34.02300472391715 50.18262201201509 0 17.40981951101707 1.173693658712669 55.30026344577063 62.32589254270958 17.77251572496102 74.48391856907391 40.40395944125849 0 39.89729361431469 34.4213235536874 0 26.19725472385345 4.386521121503029 32.24225045075501 41.21129738589633 0 0 23.50433772019996 82.81473918445386 0 26.83228428509622 43.03692341476918 0 0 0 28.25697477829974 26.74025159469523 23.9812718621663 0 30.38216564484259 0 0 6.66435793827175 31.22774333699295 0 0 11.02931189104247 0 33.2514790869371 0 17.56074538006297 6.008469451284752 25.74073880794207 0 0 0 0 0 3.534869587679802 0 0 11.30698448927083 0 34.47459172913611 0 0 0 5.88898727779743 0 0 0 0 0 0 0 0 15.89058321594664 0 8.175406830874486 0 0 0 0 0 0 0 0 0 0 0 0 6.884177979139054 0 0 0 0 0 0 0 0 0 0 0 0 0 0 0.8971593652464964, 87.04951654757147 413.6928249357555 653.8904517485105 343.3895718366668 204.2805662040111 638.4120013879217 494.758901551028 0 146.9980192449421 276.9517344447366 173.0030624813624 124.3521015008989 25.26246530378665 58.90665996773522 65.70443266329724 0 1.472131415126266 -19.07889936223078 -19.38148113370607 -21.76443887880581 -21.77675033188839 -53.88638533418895 -37.91052053580285 0 -34.51634200453712 -37.00264821264474 -99.95817580301255 -54.57840891446821 0 -97.20814200101501 -60.24897770286661 0 -6.840666391004948 -43.37620726710641 -47.92323365874046 -31.55594787920439 -37.98065584027817 -49.17513221742001 -82.42555501019407 0 -27.31422607555889 -81.34468576744453 -6.449170337421704 -22.60066113185049 -19.25097243172227 -27.87220831589258 -12.13123239795616 0 -11.33735013060844 -33.87471868758146 -92.93307846054655 -39.63069316370622 9.694118955665534 -13.79290499203837 -64.45012750350985 0 0.6019048339098894 -47.05514859104926 -1.530526936440857 -22.78831007778693 0 0.7556721140066143 22.84835736854175 0 -8.051553128588091 2.132139849400747 -26.0757029249952 4.67425106554031 -26.685069611332 -3.106392953579313 -5.68111089772845 0 1.071146032875106 18.80656123304993 43.63307788530508 32.36815291859828 16.32682248266872 -23.10373132818195 41.38849507732742 0 7.484937071586467 35.60130774946694 5.669812711450124 34.43714450532784 17.11212209917452 25.48481807773015 42.63954377368084 0 -2.58582369578366 86.58555552596169 52.71407199686961 0 0 26.78229171474456 35.92850905273015 0 14.14814614411392 -0.4933025569420089 44.12459452781066 49.50190743139444 14.42551477707594 56.73501199643225 30.97231492148794 0 30.99339867320361 27.49911076310453 0 18.49570915525113 3.85477866186672 24.0745583661664 34.70923731142304 0 0 19.30023761541196 66.01662675616078 0 20.77848257089477 33.15852166413409 0 0 0 25.9515978488206 18.9880657165581 21.52396180276614 0 26.25177150518142 0 0 5.51205996199523 24.46479848725343 0 0 8.518680785759498 0 31.58550011093292 0 16.19954443339049 4.188380795801581 23.58125258227014 0 0 0 0 0 2.693169494320045 0 0 11.0602732259887 0 33.13697396864016 0 0 0 5.569254959858356 0 0 0 0 0 0 0 0 15.84888032786897 0 8.023026724025719 0 0 0 0 0 0 0 0 0 0 0 0 7.087625740875378 0 0 0 0 0 0 0 0 0 0 0 0 0 0 0.9760788310513977, 41.47710801072411 195.3969264905755 305.3321492489226 157.9387180310207 92.4137003551491 281.6956406586525 210.8890081079035 0 56.71496659741262 97.95136967329708 57.51316291394532 33.54517448759883 2.410983217147196 3.009240364619016 -19.95686470345762 0 -3.107241396054967 -50.24472660508942 -36.84366556649995 -31.60452096498344 -27.11556417619218 -60.74559905993726 -38.18621107100059 0 -33.86768581374973 -31.38486298531664 -80.21394241838186 -38.42512990128199 0 -82.08943543535111 -49.38346600714402 0 -6.614571804511397 -40.63340343234466 -40.99031643684061 -32.72893524017303 -26.18362293330852 -25.22685820074408 -64.93491707266548 0 -20.67042398359943 -69.52494274136268 -11.11775368181513 -19.89215754525152 -22.26949361539142 -33.79248742905445 -24.81403836182385 0 -8.040545079422287 -39.09501960930346 -65.97186497077547 -30.04014345222497 1.23503949832118 -28.31499402097907 -74.89179689086819 0 -12.67611294946053 -49.07033988215733 -13.01797679905835 -45.59085613732047 0 -14.68964296455745 -18.09909958781265 0 -4.574193031588628 -18.60183729660826 -44.05244251012518 -7.624040870738737 -29.53312538490295 -33.38564597137218 -18.63293778129893 0 -8.719771332876723 1.279897005416123 -7.563546669914132 7.537721005086323 3.344685678223353 -46.96922947694988 12.09291836291838 0 -0.3108938701154997 -5.600330483777698 -2.09849745139033 4.167933499321803 1.115020189997332 13.42402803470064 8.882606962661107 0 -12.22143431568723 26.64238923246639 9.029114261537803 0 0 9.317504979774888 -1.273342334684543 0 5.114653695301553 -8.965983975949314 17.66587111371443 17.99274128729695 7.679400081563401 8.73202932956789 9.220237591055845 0 10.43545218662184 8.289046227175429 0 -2.598796593489469 0.3067065504004005 2.747021477284189 6.734698389314907 0 0 11.19410927135195 20.92961466166403 0 1.929390768056301 10.18316033756116 0 0 0 11.70486370008535 -2.889536010636066 7.016491293205784 0 9.535545308836598 0 0 3.294822897248497 2.128263359604941 0 0 2.602088240402235 0 16.81291438524752 0 8.232883571937036 -1.22931886118286 8.793852172905865 0 0 0 0 0 -1.395108433683751 0 0 6.328514336705888 0 18.36816761597355 0 0 0 2.103398436879961 0 0 0 0 0 0 0 0 9.215880744080861 0 4.556246566836681 0 0 0 0 0 0 0 0 0 0 0 0 4.153544647722899 0 0 0 0 0 0 0 0 0 0 0 0 0 0 0.5710286064585772, 8.348210930390698 35.9567051917366 49.85136792252252 21.75127809398411 9.550343984265734 17.82848663074781 1.944262138331956 0 -9.266930051550583 -31.89934338328833 -29.4327508891702 -33.03942987033694 -12.16383638728903 -35.73752243849972 -74.22698234886879 0 -7.787048518118636 -68.41766429101901 -48.79630081176112 -32.86119347620867 -30.38609650092154 -61.31097627087523 -29.50277113807575 0 -28.29811282531052 -26.76568850635349 -64.56712736227566 -28.13098942401886 0 -61.88846673877012 -45.14926298448324 0 -5.608239319694986 -35.61143554666992 -29.60585054720928 -33.77552377545018 -15.69114109948264 -16.92429000305617 -56.87291994404816 0 -22.24894848939415 -65.82123210443524 -13.87599493827562 -15.27291973494842 -28.2420449920256 -39.57168604830211 -41.21400589348799 0 -3.670563666290879 -51.57562541370632 -51.84796732794977 -32.17748277869993 -6.937578486971512 -51.07952529008155 -100.1310170628938 0 -27.21709543952436 -54.55478365488817 -27.34742515606347 -73.82620736235984 0 -31.27548182586892 -61.20872583035809 0 -3.498817387445176 -46.66345431779533 -69.74419634153448 -24.00019833273879 -38.96876257509031 -74.84461430220037 -35.48174498099208 0 -18.30581747462998 -13.5751771795684 -66.60560161524882 -13.33900238405142 -8.533226494206543 -81.10545114605938 -17.76947801131332 0 -7.98963692518799 -54.56136980025376 -12.42390003248861 -32.61718070947607 -17.60973816719986 8.357195119149322 -18.6441477158711 0 -27.07434384919427 -33.2756802742549 -42.39122695986395 0 0 -8.614225748237088 -44.98938034069977 0 -6.704737812148382 -25.21389326101911 -7.721121866275002 -12.76067946618919 4.724329727007892 -47.34699291915062 -10.1576040032269 0 -8.370718343357085 -16.57302870055899 0 -28.20082285956579 -6.838071353530747 -22.20565188858752 -41.48796554670948 0 0 8.231070924944371 -29.5396772001326 0 -24.70240816400636 -10.4406466308324 0 0 0 -15.66960678882186 -30.06741382397407 -20.72590380321795 0 -18.11795790432609 0 0 2.45391784073142 -29.18756062491602 0 0 -2.768434459510542 0 -13.31698840368845 0 -6.69130523690495 -8.241969709851658 -20.45859319883875 0 0 0 0 0 -8.685573626233094 0 0 -3.889076600030481 0 -12.5174845696772 0 0 0 -5.340736607732937 0 0 0 0 0 0 0 0 -5.792096538681328 0 -3.129583314796399 0 0 0 0 0 0 0 0 0 0 0 0 -2.997529291648032 0 0 0 0 0 0 0 0 0 0 0 0 0 0 -0.5320104378749331, -5.103504754434944 -28.98325669101203 -54.16118846993429 -33.38416493527044 -24.51477175991344 -88.98100112133883 -80.23392803497154 0 -33.95908461353318 -78.30885464006482 -64.47592002237973 -56.96850564009259 -14.15250631830262 -45.91437690057083 -79.7653733432191 0 -11.22675860119683 -66.11790436448796 -50.18467050014018 -23.50584935470176 -29.31584250359661 -52.04438085766408 -12.36980702151579 0 -17.30750179692657 -23.18080860127894 -54.26966597948809 -25.67010301877812 0 -37.87870272845946 -45.73479553061217 0 -3.616726678544099 -26.63740118380323 -14.70468153501389 -31.14003260480032 -9.216290369700925 -28.09285873843403 -57.7808471210536 0 -31.00429907706872 -68.24720514429239 -11.89513165293095 -9.011670037095673 -33.53950236070011 -39.82448498686493 -52.68401330999583 0 0.2885616869262311 -64.17988460356807 -55.6715736400839 -45.74400921600009 -10.30121404310627 -71.08028629814658 -128.0518390448487 0 -34.6350981066995 -59.74715412614961 -37.88430284546856 -93.22927698618679 0 -37.03779736485194 -82.86593011485084 0 -5.666605194970598 -66.79279265509686 -88.12850301664434 -36.00025018804705 -49.59514290109693 -107.9890528827723 -45.79085724482751 0 -21.95531390748373 -16.37195515961141 -100.9040725926462 -14.8397750011286 -12.35844409168381 -104.5181123669093 -31.91511379535877 0 -11.12342191916589 -83.90302766414078 -20.14833483186867 -56.23701011639874 -29.61481375465824 16.89957905231489 -16.438462303923 0 -36.88374276595665 -58.96188964804185 -69.89200434206332 0 0 -17.43844456729109 -70.95559840420069 0 -14.99335729738081 -36.06471056276687 -16.67210139523394 -20.36998763531718 9.219948155617343 -74.2443683528023 -15.73215151970124 0 -14.79437472993068 -33.06860414278098 0 -43.36580338547453 -11.82640625003191 -37.09004379526134 -75.16533242050176 0 0 14.17550425734132 -50.66925463578225 0 -42.73939464989338 -16.3739180388085 0 0 0 -35.5392909770428 -46.31238410174765 -41.34790205219027 0 -37.59466065649722 0 0 3.975520794739231 -48.0194235573712 0 0 -4.293567664933145 0 -36.10167078964533 0 -17.65603099419781 -12.4900606470232 -42.67614800725676 0 0 0 0 0 -14.08418295855523 0 0 -11.79439087918126 0 -36.29487654848805 0 0 0 -11.16655351531942 0 0 0 0 0 0 0 0 -17.58168967774326 0 -9.180050138817984 0 0 0 0 0 0 0 0 0 0 0 0 -8.705519728898334 0 0 0 0 0 0 0 0 0 0 0 0 0 0 -1.426044686008422, -6.795550427197332 -36.30045413131041 -64.03735318295028 -37.25317351465472 -26.61387714665112 -91.31083813078156 -77.04895822565565 0 -29.64121723261384 -64.54317268532135 -57.53833352459898 -46.32902446081911 -7.36133901256214 -32.23792004991724 -45.80266407202053 0 -10.80369193544436 -38.95625822781063 -34.3078002910264 -5.078132671650343 -18.94379402380198 -25.86021902442908 10.07653112334885 0 -0.08525588417336216 -13.24111501626216 -29.69931713681219 -17.88094349315803 0 -0.9526688337362046 -34.23951953716251 0 0.2571672716641533 -7.596754413844536 7.211439031268128 -17.01469874446332 -0.1200452421800655 -36.74779356467114 -43.46862257752717 0 -32.98251149148847 -50.27185535452509 -1.352476938232638 1.335931977326753 -29.57357223563248 -23.27617104083375 -46.63305137256271 0 4.444926649546431 -57.79105144606178 -45.44811833468469 -48.07530331023608 -6.653679410360349 -66.53078584102026 -119.8084627546092 0 -25.50786941261629 -47.79812496680752 -36.49143966583631 -81.70274535608527 0 -18.45388687126479 -64.84518724188463 0 -7.381670451083593 -55.73471504463046 -72.39896327205466 -33.64552468985551 -43.51800114913772 -103.4586861005265 -32.97232993586634 0 -15.49787195955362 -4.905170003477907 -83.24027456885106 6.171096432283361 -4.570475476509079 -84.4996289610724 -20.46954942571 0 -8.434683725786659 -67.91966141352992 -19.5765182290906 -46.39089724966969 -27.06519487484353 32.60265895795749 21.68028371232642 0 -28.27783173486209 -33.2804765426476 -47.87301591176526 0 0 -11.79840890048591 -57.47627632293128 0 -13.34674418355252 -26.52915307424464 -2.694914297441949 4.205392661319642 17.62094176934735 -46.50209371166609 -4.195227866325999 0 -5.193496456595113 -27.85039899537204 0 -35.7800470442042 -9.602883761993567 -30.56871515058223 -63.46541200102736 0 0 24.53232304287361 -24.1969274096637 0 -37.06430792648065 -4.122739154548501 0 0 0 -33.94229913228313 -38.53056104022746 -39.01233427172023 0 -33.6402207736891 0 0 6.710608339793188 -38.31904605323319 0 0 -1.022545450682439 0 -40.40926958837395 0 -18.1303970477424 -10.45289115089052 -42.09744605790374 0 0 0 0 0 -12.96129446361735 0 0 -15.78010585996209 0 -43.42366751859912 0 0 0 -11.43470483720905 0 0 0 0 0 0 0 0 -25.28948501263844 0 -11.68064499200779 0 0 0 0 0 0 0 0 0 0 0 0 -13.47018879793401 0 0 0 0 0 0 0 0 0 0 0 0 0 0 -2.381437516340543, -3.808319891831506 -20.31457189355298 -35.41784504679726 -20.08366018693017 -14.80696710374018 -48.40259941261075 -37.69308370920387 0 -12.74737793971204 -24.74328750547761 -27.55096032309859 -17.69634049969424 1.83024144005541 -6.448059926393685 4.783932136981125 0 -5.968870114967809 4.225685347875139 -3.615570034019946 16.20902338726867 0.2950102569350257 13.77052912169447 30.61093659270625 0 19.63146021748593 5.210792889010269 14.72132775295864 0.5655940835319342 0 46.53135274105263 -4.870125296858724 0 6.250937145587876 21.3196880965703 34.97468469092077 9.692052372087392 14.31589406064742 -30.8165931474831 -5.376063989150396 0 -22.10342112387081 -1.427181038146557 19.47397059592134 15.94212007613138 -14.3265071849983 13.57528240013339 -20.66096729203973 0 9.453784796585538 -27.11185220489931 -4.742283353434082 -28.38854825634223 3.680272592120394 -31.21253942301652 -62.25389040762008 0 2.433987283265397 -13.02308390731554 -22.37634757934985 -34.31174669066127 0 26.34517001221531 -6.837493245069129 0 -6.805572647762705 -7.189596709772619 -17.54621187080549 -16.21421669134331 -16.12365626876143 -55.69699643685159 7.289818081656726 0 0.2366911619882011 18.08694563034254 -16.7461708316823 43.87596194587036 15.10448680292079 -18.7504003810002 15.9919706175873 0 -1.363764301616084 -7.933043221961011 -10.55233970850951 -2.757219759922102 -10.14982481926336 48.40977825603171 83.44741527219072 0 -2.347654599824176 38.22636623669742 15.17734898110329 0 0 7.27750152734181 -4.362394749968694 0 -3.027574027392036 -2.402697269737322 28.94554460641547 48.87325799062998 25.95839702364352 23.7589699956431 22.77336437086279 0 18.78867828290622 -4.796805563329001 0 -5.559196781461599 -3.778874515852894 -3.247039996088978 -24.42072238108093 0 0 34.71330042835405 35.3204409193544 0 -11.96780600804565 24.4048792005086 0 0 0 -25.78173742765241 -7.001003815772279 -25.31420344142776 0 -16.72204688484003 0 0 9.474093528066643 -6.423383160802417 0 0 6.555047476441639 0 -45.43949174068253 0 -16.37399728264629 -2.180307729401286 -31.39484725914967 0 0 0 0 0 -6.523803666200838 0 0 -23.97551051832752 0 -54.65301318525428 0 0 0 -9.534829761843159 0 0 0 0 0 0 0 0 -41.970133368696 0 -16.18472153257478 0 0 0 0 0 0 0 0 0 0 0 0 -24.25102882006899 0 0 0 0 0 0 0 0 0 0 0 0 0 0 -4.632163861810914, -0.5369157440736672 -3.36765925909458 -6.223299475905826 -3.378324623649942 -3.155765094357005 -8.275070305370496 -3.349100841951466 0 1.20487424531104 6.663564879459294 -0.1628270381322996 6.429590338701619 7.199155200473782 14.00492785931441 40.4650781930964 0 -0.6126848338902751 37.42895305798817 23.64222452003722 30.32322775361351 17.82120344656257 46.55020116125614 40.86167301349322 0 33.1468953080379 22.71206497845964 55.27274374321475 17.91706732489283 0 83.16809524667792 25.34112868565866 0 12.27100071331495 47.5294494035204 57.35805610457934 36.56945751043639 26.63136783664833 -20.94225141054007 32.59717295280242 0 -8.222197040553565 50.05057257577916 43.0195016849955 28.36681758651558 2.199558721220869 53.26293084937687 9.473154348252407 0 13.43074612887104 6.768378536323034 38.81285606801254 -3.149272469667814 16.34149138283757 11.91178580813618 4.047553835424866 0 34.54487572398246 23.08040712155447 -5.397962255968629 19.7585907522658 0 74.77622421299237 60.22081068631447 0 -5.818149497926832 51.3253941382593 43.11011183802496 3.018467899224286 12.7549406029578 0.5998851963227665 52.00454949817085 0 17.27440678945669 43.7543916517945 56.31372509649049 84.11623951172312 38.44657922235189 48.6391257248173 58.93580500673853 0 6.792794381222928 57.64613596309036 -0.546583344212529 45.39875789816421 9.62798709575663 62.79386602100006 143.121726178022 0 23.1139706525534 119.1074468208963 77.41223571434337 0 0 29.56214569991997 56.48568999901986 0 6.828561913692841 16.74975298878818 61.34974388238898 89.16796425502062 33.43505396250911 93.19409336490577 54.44974492613586 0 46.80423069586359 16.49017319649099 0 29.97436241040801 -0.7330566312206215 28.02884802718779 1.963190367766935 0 0 43.5111958983521 92.27171392570881 0 12.23878416060811 57.98671493005629 0 0 0 -28.25237811284465 30.36726180793755 -19.06610320184395 0 -6.815681174081926 0 0 11.86553627967654 25.65075447479817 0 0 15.51277272906487 0 -63.71860931823971 0 -20.39550996734798 7.732286929446523 -28.62095653156245 0 0 0 0 0 0.04643722164194686 0 0 -37.67040887035865 0 -80.04754966362393 0 0 0 -9.706181058123398 0 0 0 0 0 0 0 0 -67.4032979833224 0 -24.44371631675477 0 0 0 0 0 0 0 0 0 0 0 0 -39.65258285478199 0 0 0 0 0 0 0 0 0 0 0 0 0 0 -7.693197811741511


GFLOW: 1.3 0.01585480643234814 0.01559663237945558 0.01842922736311631 0.01816300717505317 2.996988731018381 2.997032434419719 2.988720264209596 2.988893435587382 -0.006561004061420172 -0.009106581193914795 0.002259860373086233 -0.0002823693943536102
q-corrs 84.97412548683747 411.7777249558397 664.2135598418172 356.3904888066219 216.0425902112259 691.9448783658888 551.308098993562 0 173.9817688424698 340.5387276685164 216.6140562197925 165.731462086947 39.47085390424074 93.99352167096413 131.3443314921235 0 6.105443197891669 23.90929758894364 7.412890626777366 -2.527544296353526 -8.045021853514649 -27.50833297820388 -22.78929465160658 0 -23.60423561963525 -28.94400334959523 -82.312664938669 -48.31567799505012 0 -80.77154186732176 -52.91420232255681 0 -5.954262720219903 -36.56139741806686 -41.86698433534846 -27.30521163660303 -35.35153314408096 -49.68140401771719 -74.76951146857387 0 -26.40966519750023 -74.53207537674675 -6.714189951613257 -19.09802039283367 -15.13024236930772 -24.32681472574497 -9.014458984824921 0 -10.11834981050136 -26.81548238608371 -85.96666818691392 -37.64632176409067 8.620558710419139 -11.42694212728195 -51.73698184360173 0 3.835009938880358 -37.0045419484219 -0.01623423779690158 -13.81013599220904 0 5.171538026036352 30.21932598964734 0 -7.764860590870608 6.203991158338393 -16.97817876350605 7.40703815344086 -21.14467585051212 4.927244384352076 1.027066442819558 0 4.341564707998117 20.52509554059193 48.79510155726736 34.93854883094055 18.5368432168849 -8.471325306211774 43.31254569128453 0 7.700124789202538 41.85180200068544 6.736997919553067 38.16692781444398 18.29884758554421 26.27673797287859 51.09017449940931 0 3.444871543776051 91.85174601477654 57.47304171701337 0 0 27.40738664186308 45.89888837802054 0 13.52162180931022 4.962073830103642 45.537598200668 54.01521206036618 14.84410098618236 68.2727861340842 35.51685414388312 0 33.74398412582369 27.98606837229973 0 26.26225911927742 4.918878631342231 28.87645302488705 40.64214956474601 0 0 19.77796974070475 75.49043882435802 0 25.18119683896739 38.33059916029531 0 0 0 26.22397874930146 27.75121789955319 24.31069969867618 0 27.76595191192958 0 0 5.582678332309904 32.88796475566167 0 0 10.0428877256733 0 30.02955138927763 0 15.6385012296231 6.77199483880447 26.15143547568126 0 0 0 0 0 5.016700432034859 0 0 9.962017182762809 0 30.96542050655952 0 0 0 6.318502220391525 0 0 0 0 0 0 0 0 14.09687323120082 0 7.44571237104676 0 0 0 0 0 0 0 0 0 0 0 0 6.244901050685617 0 0 0 0 0 0 0 0 0 0 0 0 0 0 0.8533906775664377, 68.21197147284475 330.1489924434256 531.6398744453729 284.5953554080655 172.1216054514447 549.1683337237564 435.3044447033797 0 135.5567933680731 262.6554267276667 166.0818447011325 124.7512442789242 28.42805104298029 67.03021251433088 87.8658272091623 0 3.583382844582137 4.55819655642762 -3.847944455156999 -9.789032766556547 -12.47665357426638 -34.73290200651519 -26.02373936070216 0 -25.42117797319549 -28.64389035717569 -78.80464118712186 -43.68240852503888 0 -78.94834045747996 -49.67760195293036 0 -6.329004934532517 -36.99659324731245 -41.43771907291111 -28.46634642718499 -32.2101471213536 -40.46675048564728 -69.15658222651021 0 -23.41956228620213 -71.33402068650128 -9.385411332777927 -19.15364713332495 -15.83987886970355 -27.59328139334474 -12.8828389766005 0 -9.579681809521443 -28.28962680547462 -78.19790336726874 -33.86171075939655 5.599078179455668 -15.77452105276016 -54.63621025643208 0 -1.439926892101159 -38.49709843420987 -3.295155518011065 -21.5919436263922 0 -1.887722063122395 15.83440416838066 0 -6.410989697366819 -1.381081116129751 -23.69588990457976 3.415535328776975 -22.3902759431561 -4.474456387369431 -4.823707727685884 0 0.9568410526618432 14.1089144399304 31.39286408639601 25.18195094062389 13.43087924514133 -17.59273409525462 32.52296285655335 0 5.148105038822568 27.28918534255753 4.294872147370363 27.28436010142412 12.97755453543578 21.20846448008336 37.35970126826633 0 -0.2108422666232279 70.23008304435783 41.92801175835257 0 0 21.16318630828364 32.74998042127979 0 10.51808668286519 2.156881005719985 35.82668961769724 42.4284673195031 12.05544959863429 51.339759250954 27.54768863439593 0 26.2279749281237 21.58712696483942 0 19.07976896310371 4.006993974272683 21.53090704192672 32.64444037994318 0 0 16.3808551620826 59.87065096257571 0 19.14168323662265 29.98285470532367 0 0 0 23.05447826208901 20.43621976868147 20.75274593931712 0 23.142878143395 0 0 4.661378560343629 25.77348878162759 0 0 7.904401390817668 0 27.4554608734099 0 13.92638103122959 4.992275117455931 22.76293866722613 0 0 0 0 0 3.866058164053345 0 0 9.426273566990936 0 28.66916615560591 0 0 0 5.610104387833156 0 0 0 0 0 0 0 0 13.56512234184761 0 7.009320497538492 0 0 0 0 0 0 0 0 0 0 0 0 6.156757089954056 0 0 0 0 0 0 0 0 0 0 0 0 0 0 0.8736191479311501, 34.21270503536405 164.2375158895907 261.7317971685547 138.2554990372354 82.35870488075729 257.3231460111713 198.3734583623111 0 57.16474481972527 104.0605408679202 62.38032253311901 41.16848322732638 6.515371411803349 12.66868512465484 1.688714717218312 0 -1.819788184955308 -33.07549097478218 -26.28307776940328 -22.81110873160188 -21.20411940960752 -47.95538517047492 -29.84889024438756 0 -27.54724970887629 -27.73179726161572 -70.73829153252382 -34.1884265670102 0 -72.218592275465 -44.11242587619904 0 -6.924811870296603 -37.18767704313156 -38.65862220109893 -31.2869759232664 -24.88303403960954 -23.56915390429828 -58.77526052963456 0 -19.06714629232314 -66.25542717122266 -15.17527302897717 -18.44483755038301 -18.62846026406807 -35.22311607997132 -23.59703905691074 0 -7.770891254542115 -34.16987108388955 -62.84090940068038 -28.43095594799467 -1.706480042253975 -28.94369098452363 -65.99020336679469 0 -14.37145868259437 -42.7236755235359 -12.12384639937791 -41.73300157578348 0 -18.98987506031106 -19.61260861732516 0 -3.867208880182937 -21.73853954406984 -41.93033308343222 -7.388108940967745 -27.09702415379424 -30.2952062215648 -19.68290733602319 0 -7.218413347765333 -0.639983318227642 -12.86104303308983 2.72173653842664 1.544741780268264 -42.43563859405904 6.572627198306012 0 -1.035209222990769 -10.05545176652635 -2.331051220004787 -0.6851395135076981 -0.575188857804422 10.88296757353011 5.672215503755229 0 -10.88193757721746 18.18287539350692 1.720736655234081 0 0 6.09875437243819 -1.259159811770385 0 2.460628340923107 -7.823135176153825 12.76412769846526 13.95171859766473 6.371715692934916 6.547748474908586 8.895804892857125 0 8.639928249939107 4.205467811346438 0 -0.2259461553510675 0.1848837854016561 2.451615457283884 4.327041517257602 0 0 9.698699758855536 18.65923812077222 0 1.316734196535783 10.30729590874535 0 0 0 9.14913456467437 0.3397810211049723 5.920445751961837 0 6.9783971023436 0 0 2.852025687369705 4.139634900932431 0 0 2.812240772733889 0 13.5429644287252 0 6.401583642497623 -0.06965892266503437 7.612006867824704 0 0 0 0 0 -0.4117034800430546 0 0 5.213327511950688 0 14.86460901754995 0 0 0 1.946351299489902 0 0 0 0 0 0 0 0 7.697671246854672 0 3.744272370536896 0 0 0 0 0 0 0 0 0 0 0 0 3.562928408075002 0 0 0 0 0 0 0 0 0 0 0 0 0 0 0.5139908474564927, 7.890071342990214 35.30480752214461 51.4133323855839 24.07323241914211 11.8841120997751 28.50895884322054 13.39989701996998 0 -3.651709163985071 -18.16019995932763 -19.60633519387191 -23.58403557697842 -8.906230715928006 -27.81350106668271 -58.7469458140599 0 -6.893815505645205 -58.40927935022464 -42.8215415757243 -28.39477285900084 -27.40020668211169 -54.70192267328977 -26.01860220100836 0 -25.2914661390056 -26.64124082534119 -63.5868388262347 -28.04793800004113 0 -60.12014822075687 -42.98282178716543 0 -6.790519998290463 -35.2745560700005 -31.85571630383059 -33.9443719076241 -17.85449019109964 -17.84825803423045 -54.95307506203511 0 -20.95518285379531 -67.13982263359799 -19.44460882407105 -15.92880471176482 -24.03915662700969 -42.55620935790322 -37.821434608191 0 -4.944809519706233 -45.77295597921912 -55.82266631455133 -31.82132354974775 -8.982896622544155 -48.94112146619334 -89.02584395754685 0 -28.03093089734878 -49.55990153281637 -23.58513203086393 -66.4184135795699 0 -36.05003948215517 -57.22000784390518 0 -3.065498083417376 -47.24709329310231 -65.71358241356324 -21.11491371530854 -36.42542648696082 -64.94401506273307 -36.58346715273228 0 -15.54587882252152 -13.61417732999699 -62.68826076473425 -16.42999792312987 -9.410472888561841 -74.35811028040504 -19.52712709607679 0 -7.185505486590265 -52.69936715673801 -10.79465206278757 -33.0916528692663 -16.07208405801773 5.863826628120551 -20.99863703380047 0 -25.18612882627906 -33.59753752395024 -43.86365534078644 0 0 -9.212281612543494 -40.2407854141948 0 -7.554550869508079 -23.35015113623638 -9.406276392925744 -14.08890654141105 3.569925836435731 -44.38149570325595 -8.292316544627054 0 -7.810675864354973 -17.44548401642329 0 -23.15955840459145 -6.248715371372804 -19.53124887270513 -39.12317815574302 0 0 6.839679834272038 -27.05177605978403 0 -22.53515733118893 -7.998816482623205 0 0 0 -14.52248939955153 -24.05424474761946 -18.90192792404236 0 -17.5321494445337 0 0 2.061923862773138 -24.52296476407856 0 0 -1.983548752540385 0 -11.87869958733664 0 -6.368323564430669 -6.415581287231284 -18.53415914690569 0 0 0 0 0 -7.150402112063967 0 0 -3.117246975503085 0 -11.09521236904786 0 0 0 -4.747060138162791 0 0 0 0 0 0 0 0 -4.473841626035002 0 -2.713621619423102 0 0 0 0 0 0 0 0 0 0 0 0 -2.207002885466998 0 0 0 0 0 0 0 0 0 0 0 0 0 0 -0.3703822855659887, -3.703373100239133 -21.51693344749219 -41.04631037498475 -25.78265690506002 -19.13639599744013 -70.67352400672888 -64.75967384749931 0 -28.16360608385055 -65.5130773397275 -53.85150897404628 -48.25849579145029 -12.38236219720278 -40.09572668438125 -70.52065814499549 0 -9.879883904508247 -59.90600027719699 -45.69057964429359 -22.39407417703541 -27.26493169941847 -48.68962530974784 -13.24713592264883 0 -17.00764868983457 -23.64217218816204 -54.85080737839134 -25.65987707371502 0 -40.80209951792408 -43.29852158337288 0 -5.050088776701267 -27.97306864446311 -19.69228795413144 -31.70808088321338 -12.00180537876473 -25.55230909285078 -54.85410501342972 0 -27.47796345639924 -68.23586763806168 -17.42201179279449 -10.78887788718676 -28.45481666190241 -42.12140083044447 -46.9976979345961 0 -1.729032146646054 -55.51577545714866 -56.64439771217884 -41.36960183059521 -11.62210584845097 -64.09215069428834 -110.0656346317843 0 -33.66235991304261 -53.47905197024656 -31.74553675363788 -81.33023788445794 0 -40.18980133062988 -74.57816940847056 0 -4.506296587473342 -62.05295119254897 -79.41855943604084 -30.40212309125038 -44.21258270537653 -90.35169763087012 -44.31559930365106 0 -18.61107257948705 -16.03358180498474 -89.2746944462798 -17.94692765336969 -12.55370671827709 -92.91863433843766 -30.64021954663549 0 -9.613234666349889 -75.77497896559672 -16.74097229691371 -51.73384253537642 -25.31763295079604 12.0647932298081 -20.75972697192915 0 -33.44857671765885 -54.42718694907533 -66.45360037236739 0 0 -16.15547139765737 -61.85327803744093 0 -14.07168544142334 -32.8401333982938 -16.8974991043828 -21.73831882586178 6.846428847820176 -68.1696894808819 -13.57653343480083 0 -13.39992240889203 -31.01649175300427 0 -36.31995246239239 -10.55882356814582 -32.04329293674527 -68.31510015282512 0 0 11.19581786860284 -46.76328213648434 0 -38.03075984155716 -13.78806113701844 0 0 0 -31.52480176746148 -38.36881415662032 -36.92467350421506 0 -34.40419172183197 0 0 3.183087780566237 -41.59684051891965 0 0 -3.529724008401621 0 -31.33595600595027 0 -15.75168847362604 -10.22812515786903 -38.05704450067604 0 0 0 0 0 -11.99439003968362 0 0 -9.868805508121913 0 -31.4969999228522 0 0 0 -9.910420803243712 0 0 0 0 0 0 0 0 -14.63764614675276 0 -7.946060589239178 0 0 0 0 0 0 0 0 0 0 0 0 -7.195981033253157 0 0 0 0 0 0 0 0 0 0 0 0 0 0 -1.167473600229699, -5.540639665539658 -29.80436181731262 -52.99150105402005 -31.10371272797847 -22.11498555327169 -76.68755049161737 -65.53173969360006 0 -25.57124192212993 -56.07431294996336 -48.76235105101692 -39.9706796094013 -7.092955622046098 -28.73619902868706 -42.57046927224266 0 -9.197612800555994 -36.36492221093921 -31.18159302663929 -6.589371620909414 -17.654716041589 -25.54598570905994 5.590555388852204 0 -2.340945275718365 -13.50858382416943 -30.59242038923746 -17.63316715573085 0 -7.505563386979265 -31.93705041729069 0 -0.8821026208494662 -10.02789682109904 0.8899937535631004 -17.65028384160306 -2.498652460076059 -30.73483142543326 -39.68785972334499 0 -27.87620610791338 -48.1220265860599 -5.108902651032265 -1.020137574862359 -24.68827851613294 -24.02029628694821 -40.04962559558223 0 2.286203600820702 -48.00446307718892 -41.84596978762808 -39.93910746162911 -7.16030213447675 -56.43007136815747 -98.60533936915434 0 -23.16966288922345 -41.35455298857561 -29.7908104014234 -68.39486072000103 0 -20.18368256200247 -55.22648813480927 0 -5.629657123774761 -47.53970356586085 -62.0064600608505 -27.37244446512798 -37.09595273856535 -83.26159466532734 -30.09508969675777 0 -12.55108100986293 -5.038085096100543 -70.17606973133944 2.01441687843923 -4.525086904344562 -72.98907463794568 -18.12867595300791 0 -7.006195381781818 -58.64929542298162 -15.72425711804753 -40.49013094575365 -21.94614095112147 25.72377044459866 13.13333435234042 0 -25.40482808277648 -28.82234636508348 -45.19827214078572 0 0 -10.05445802355193 -48.28253420636954 0 -12.07524139310664 -24.98962909652717 -3.63334068405989 -0.4657763002240554 14.09402362168901 -43.34600993577239 -3.169759173634803 0 -4.322154522554958 -25.8196276506387 0 -29.387633234854 -8.962854566670604 -25.63909204261484 -59.36476610912352 0 0 20.02761011551247 -24.19072283472055 0 -32.99283071559755 -2.997517232816943 0 0 0 -31.2358107867944 -31.56457533035107 -35.77681681721816 0 -31.60513252251171 0 0 5.511984740185413 -33.71712915073712 0 0 -0.7194935850333111 0 -36.27091443265725 0 -16.69384783949578 -8.535254102238339 -38.5251160549968 0 0 0 0 0 -11.21251307760637 0 0 -13.7422360520544 0 -38.85906479684727 0 0 0 -10.41800983912166 0 0 0 0 0 0 0 0 -21.9396061289775 0 -10.41024875567183 0 0 0 0 0 0 0 0 0 0 0 0 -11.64021974370822 0 0 0 0 0 0 0 0 0 0 0 0 0 0 -2.050303282536434, -3.268984428699483 -17.4385074091549 -30.45883433041558 -17.34546267685688 -12.57699068502105 -41.37496279616855 -32.60135095149765 0 -11.03566910518523 -21.67942606838646 -23.04127074932823 -15.124733689319 1.079150543910904 -5.747941183273335 2.565569417971162 0 -4.951981064650128 2.192961036401218 -3.582014668335445 12.93823404286756 -0.1734597054097478 10.13778514476414 24.39217878448042 0 15.42007607776097 4.269387139789973 11.41840893908272 -0.5081616029930682 0 36.90884362322983 -5.124100368291682 0 5.402159224082846 17.53459521136134 28.05215216880185 8.13730643344377 12.02122282223931 -24.77159283558504 -3.986447412765095 0 -17.96900079401821 -1.221927708205563 17.05483090851824 12.99420724392723 -11.44516431310167 12.3031176440619 -16.09545004180725 0 7.253206646855126 -20.26906464083595 -2.236823373236376 -21.12984352891213 3.384212039590625 -23.38491745001794 -47.56230198742701 0 3.520825270433259 -10.62264936631044 -17.66936211195086 -26.29127313229465 0 22.68181205910239 -1.856968430685556 0 -5.170343033436254 -2.242333550345694 -12.73018863648929 -12.05376902147109 -12.99706119244405 -41.71582613347324 6.833821218307749 0 1.404902403915363 16.25630330962856 -10.33053930319464 37.32494411090618 13.71426122612955 -15.67716141752882 15.60073924849689 0 -0.7242817180966483 -4.938592091054274 -7.897677709316597 -1.101336630805442 -6.849965489639779 41.19219508640788 69.4288219221425 0 -2.908093804410923 36.19693764564187 11.44316812019226 0 0 7.408358495036311 -1.671796735828086 0 -2.722032819163074 -4.775360675544084 25.46548915077791 39.65418210590897 22.19252767440063 18.81289272238917 20.75003171648826 0 17.24361898336129 -5.280176760180508 0 -3.526577775326541 -4.259367795755342 -1.80183753521531 -26.58483829560524 0 0 29.76615846172845 28.35307887566051 0 -11.33769780083825 22.10336352549997 0 0 0 -24.82983421062904 -4.849408667718862 -24.42891287712754 0 -17.26076002938119 0 0 8.126902607198971 -6.461641061241225 0 0 5.890121450577654 0 -40.79473088253684 0 -15.33605939444196 -1.606854374962464 -29.65715615338685 0 0 0 0 0 -5.880995590514389 0 0 -20.58968415287939 0 -48.36177612050688 0 0 0 -8.857466353417538 0 0 0 0 0 0 0 0 -35.72722661575493 0 -14.15453948909466 0 0 0 0 0 0 0 0 0 0 0 0 -20.49184106350043 0 0 0 0 0 0 0 0 0 0 0 0 0 0 -3.8899226991198, -0.6498693379753462 -3.668901798136183 -6.332880267985395 -3.266538982917659 -2.762183801142779 -6.791134568751254 -2.199840613475605 0 1.711217049717586 7.44233584656077 1.240532783578413 6.861213615332844 6.672097810594495 13.59259883737097 37.50007441240381 0 -0.2489168401291604 34.18256514265215 21.78690850087866 27.40648068384707 16.18341774851288 41.26292705997226 36.07778502165409 0 28.99562233375575 21.31899979385625 50.96057334001856 16.2621684944547 0 73.97622608092263 22.73745637715372 0 11.4728628080526 43.0837505859938 51.2331936197409 33.86833038259073 24.98301163881741 -15.64117546798652 32.05407285176378 0 -5.799252440910623 47.14746038252217 40.22648042049357 25.43347737832476 2.896288017344991 49.8283001298199 10.58071681759608 0 11.39330944366349 9.883036696961781 38.70012075292891 1.142051596503292 15.0715365755889 14.33321545578796 9.25585023784568 0 32.63849366558121 20.80937645168384 -3.797118670922479 19.74440252103564 0 67.23547945421024 56.80836722441305 0 -4.39997656599591 48.67849873085671 39.52419860949838 4.734897508397552 12.03065730545095 5.482434521144842 46.3294120133596 0 16.01731735697376 38.73373722897927 53.65116881701208 73.2864820962759 34.07170444957114 42.69092171348916 53.2132087175769 0 6.039303161114931 52.37557995161382 0.7635345517289682 41.51055291427879 10.14056546561098 55.16614082052121 123.4138157179202 0 19.32252612711181 107.164543419397 67.68151583831971 0 0 26.85109178179651 50.31720761699825 0 6.615237899279149 12.17705332026992 55.11824568384508 76.87287638847805 29.44444578651381 80.60930777393111 47.79854965379118 0 41.38241112436721 14.61568642935086 0 26.15150397997475 -1.410145073148418 24.90803179661948 -1.775751351823225 0 0 38.39275323999395 79.62669231140589 0 10.17432976202428 50.66959235251898 0 0 0 -25.50426737335008 26.13819968241354 -17.81925704342627 0 -7.247295677222501 0 0 10.45732133414954 21.37218318561261 0 0 13.4753014294124 0 -54.3149030891442 0 -17.81211158592737 6.535185621300332 -25.82796714839602 0 0 0 0 0 -0.3268981811841166 0 0 -31.26329260294347 0 -67.52920663789834 0 0 0 -8.622076573059509 0 0 0 0 0 0 0 0 -55.64698014334557 0 -20.48194921398926 0 0 0 0 0 0 0 0 0 0 0 0 -32.60609830413713 0 0 0 0 0 0 0 0 0 0 0 0 0 0 -6.305909251539584


GFLOW: 1.4 0.01404488485080378 0.01378364718110592 0.01616827981041107 0.01590155466433708 2.997358397568313 2.997402402186 2.99005624402013 2.990231083395091 -0.006578364567465064 -0.008064449278037768 0.001080413476523912 -0.0003643899347194117
q-corrs 66.83402535925248 328.843935761747 538.6719023492267 293.6059785157968 180.4681125630304 587.6621284540838 476.4969622295819 0 155.82109819211 311.1558300789897 200.3964143336837 157.5831430701996 39.58029749896266 95.49158202367735 141.3708025835816 0 7.878026995177764 41.83767685515886 20.11604854036405 6.709295387980948 0.194124326107374 -10.79145105186592 -13.0651001382823 0 -15.77892412954674 -20.28300238592918 -60.61954319044416 -36.92079964355266 0 -63.35502329088994 -42.11067475467543 0 -5.044263555128468 -30.36116504110696 -35.27652073950314 -23.86625149035507 -29.2444974089987 -39.92502275925528 -62.07917904568361 0 -22.20318049413983 -64.17163531303532 -8.146236494757019 -16.18490800435549 -12.84408507733208 -23.38625411151657 -10.0004147942167 0 -8.410460030185291 -22.86471714261898 -70.94523045942086 -31.45262362221249 5.446929471296832 -12.67212237219182 -44.16962763106399 0 1.831991305461171 -30.32987088370386 -1.760548878457988 -13.67223748848413 0 3.407231311651432 22.62393666371117 0 -6.166323160754564 3.70873886643111 -14.90228491056726 5.683616088992248 -17.21618155373832 2.38541811955803 1.855204884409174 0 3.63163828564354 16.25456892825412 37.52914092786672 28.74251380404423 15.7392050648249 -4.803824348912499 35.28405510727841 0 5.624475306294204 34.22258509963177 5.227615998243816 31.72382981299837 14.29483494132108 22.45386419359656 45.7182448588066 0 5.092385722174807 76.47399195951024 48.16987275977201 0 0 22.30128234813171 41.52299203323483 0 10.58139853649141 6.875107267247769 38.01688085244489 47.26571984257069 12.70170370273358 62.11896983248528 31.40565803209631 0 28.88213748151701 23.00956983072552 0 25.32243636698402 4.988679614645914 25.75505897234493 38.59032813691064 0 0 17.03821834161661 68.56065695923699 0 23.20781801767982 34.24307414832288 0 0 0 24.0077834878901 27.32976347862666 23.57893285787411 0 25.14034453268604 0 0 4.792133324167495 32.69042834334307 0 0 9.117575015458952 0 27.17265721787842 0 13.95555779276524 6.975531065874468 25.46084952368368 0 0 0 0 0 5.698001791088146 0 0 8.932132382055507 0 28.0202813548194 0 0 0 6.360927161946851 0 0 0 0 0 0 0 0 12.76763307700419 0 6.834265097213192 0 0 0 0 0 0 0 0 0 0 0 0 5.782163884550138 0 0 0 0 0 0 0 0 0 0 0 0 0 0 0.8222219195648957, 54.41409352673605 267.3939493717583 437.2747441044608 237.8143256492812 145.8336397330371 473.2488745812593 382.0158562821397 0 123.5067886692629 244.5842345699969 156.5764426104136 121.4021391913897 29.61666734835826 70.76282967108818 100.6947385980983 0 5.192057866084355 21.67668524831706 7.898650944761398 -0.9815211204774381 -5.099705818560622 -19.63223797769223 -17.00877544921926 0 -18.29648637797427 -21.50872473694465 -61.04064158001344 -34.67004342227041 0 -64.10587507658819 -40.90555343910927 0 -5.646918524617204 -31.69796650396502 -35.98060352892436 -25.58812417887189 -27.54834072750378 -33.48841366577305 -59.05126412193047 0 -20.22598149173286 -63.24479085958077 -11.04412198644642 -16.73852175499778 -13.58638385256653 -27.07911686888645 -13.36688087332003 0 -8.239433484492761 -24.73009491337247 -66.89870187154021 -29.25158415796744 2.817250994418777 -16.78376458789335 -47.64654294084259 0 -3.254739502117302 -32.41607305374333 -4.308550610015597 -20.63979698492315 0 -3.983911480235561 10.01030375461025 0 -5.168097357983411 -3.781730406036514 -21.7097130200274 2.066869071192583 -19.09037203145638 -5.837948270254778 -4.415414865199873 0 0.7615662110156887 10.80375189401114 22.16618237470646 19.92244093974697 11.1186235143849 -14.19273804413415 25.70376066215186 0 3.556099570095591 20.87579506890624 3.07653793855621 21.62868048320973 9.698223944047109 18.09529771969298 32.9832766821469 0 1.115332234872563 57.55249968767086 33.70786714213038 0 0 16.87725047981338 29.47224664399214 0 7.835817987507443 3.448141029085853 29.50368091821269 36.73303756082033 10.33317523615653 46.18434352125367 24.5673528551833 0 22.4405397285751 17.10774510064751 0 18.68840072916687 3.862209025483324 19.13872930809405 29.86414909257952 0 0 14.22275123405587 54.10052433636246 0 17.34710681647589 27.08388295347866 0 0 0 20.34163014818697 20.52116608287188 19.4238935860307 0 20.30995254936868 0 0 4.035558923531631 25.58379409280704 0 0 7.274216992806602 0 24.02592403137034 0 12.0382033547346 5.282189420176129 21.38395151424149 0 0 0 0 0 4.399007359450608 0 0 8.196330924068263 0 25.10115369881944 0 0 0 5.426334697895493 0 0 0 0 0 0 0 0 11.89573459327234 0 6.210154399017877 0 0 0 0 0 0 0 0 0 0 0 0 5.494656040376612 0 0 0 0 0 0 0 0 0 0 0 0 0 0 0.803411033041618, 28.49349620170721 138.9223275249605 224.9877888724837 120.8934116575565 73.09795511375421 232.9354631150933 183.6971551798014 0 55.73627590008939 105.1893107641948 64.27127198904334 45.55134613367162 9.160586143635156 19.34697059028279 17.18564794634161 0 -0.6399136631429059 -19.30766981411989 -17.39883979816936 -15.81673248338975 -16.02700554119102 -37.13579689148736 -23.21565324600931 0 -22.41489841200236 -23.96760801545785 -61.51738289809721 -30.09262318840454 0 -63.57827207358486 -39.40415087536133 0 -6.821155831148128 -34.11022193225011 -36.1370629689725 -29.69606401592269 -23.43158233218236 -21.78787644014839 -53.92653388705265 0 -17.63787366288225 -62.99397760987767 -17.53364858086875 -17.32296089745817 -16.30657029717687 -35.76847419175957 -22.76808848380128 0 -7.393098441620728 -31.07647390911019 -59.46541642979867 -26.86556129967278 -3.609422928590434 -29.03457915428367 -59.66086640868454 0 -15.61006099255284 -38.01775913173575 -11.35344984517033 -38.7366445735239 0 -21.60058269775195 -21.16341937646846 0 -3.312110875754405 -23.43289606902723 -39.75284959965609 -7.475658777868576 -24.89665895537393 -28.29298206945568 -19.90034505444295 0 -6.293183497319218 -1.908171314772656 -16.52647536764062 -0.4598721096428555 0.2948835477058456 -38.90315613168649 2.690839374744625 0 -1.471158160032876 -12.88628881279816 -2.628943839553308 -3.938843867313656 -1.899467237350193 9.03674182546596 3.377454115360042 0 -9.821603938164488 12.01254424785921 -3.132686454569962 0 0 3.796610736440409 -1.41200234976538 0 0.6414002411471911 -7.145671177494808 9.224758129100016 10.85828424822033 5.418630113754141 4.750998687415594 8.375586578887201 0 7.216508061595086 1.383518221776093 0 1.131619351495779 -0.02495890794118316 2.075217987050404 2.174887859215644 0 0 8.538169635378335 16.47305744152531 0 0.730404788157184 10.02211269678392 0 0 0 6.963348687670537 2.194581124780709 4.835832588773369 0 4.940381845173906 0 0 2.509465444371599 5.097934495500704 0 0 2.842662641747986 0 10.8845894615912 0 4.943863860298551 0.6121368951582595 6.456352612064635 0 0 0 0 0 0.1612632171142254 0 0 4.336550203824856 0 12.10593377647091 0 0 0 1.750251505707074 0 0 0 0 0 0 0 0 6.53085819311814 0 3.114893768293356 0 0 0 0 0 0 0 0 0 0 0 0 3.116262449956807 0 0 0 0 0 0 0 0 0 0 0 0 0 0 0.4712824509781031, 7.351587929977077 33.84507820856837 51.03684085539912 25.02420306441338 13.19946541530861 35.36200804507739 21.29624880184907 0 0.5891479149611381 -7.546266918371221 -11.74756229415478 -15.89608561618129 -6.2795190096857 -21.04343798865184 -45.61901896016967 0 -5.962005393548578 -49.30560350365629 -37.00118015034046 -24.30004165461923 -24.29784090641074 -48.38153109284843 -22.93549058721446 0 -22.64635389590312 -25.48469620602793 -60.81112909105121 -27.18226098588346 0 -57.5280015881343 -40.57501531644677 0 -7.252793320082702 -34.32385246724611 -32.49685151055164 -33.28551548969748 -18.89255397794357 -17.9909521009254 -52.91993545759988 0 -19.64615428451284 -66.50102812581535 -22.46501326903476 -16.15760155029278 -21.09259794938695 -43.64553459443322 -34.96979949650537 0 -5.596170930716118 -41.55722830065825 -56.95814964475289 -30.80668668114996 -10.00421747746794 -46.41770620132317 -80.23532253193149 0 -28.11431469626643 -45.2882252071049 -20.58097099621477 -60.16955170522451 0 -38.29466090030191 -53.83197988552907 0 -2.707118053037613 -46.38095503244895 -61.45085962948727 -19.02318659424261 -33.80108364285775 -57.31858822426355 -36.18625862813995 0 -13.54804514830224 -13.32000300497875 -58.89234525706388 -18.0160666639064 -9.701385525406689 -68.26576701606338 -20.13799580459639 0 -6.482763104233461 -50.10939276668573 -9.618542810453008 -32.43046593496311 -14.82008207181336 4.007129605355616 -22.16219177375343 0 -23.27315678440011 -33.0344042536876 -43.60649773629687 0 0 -9.358387305531689 -36.02258614321846 0 -7.908709770135415 -21.72052425848446 -10.28738945233226 -14.75224125328108 2.685357975689576 -41.30061783667783 -6.914275558733682 0 -7.243326904045778 -17.51289709068268 0 -19.30647172876508 -5.829901300780862 -17.26017146754022 -36.86182634302294 0 0 5.683390919637015 -24.83980919199763 0 -20.51258809055618 -6.271712938265103 0 0 0 -13.74528500117483 -19.57666049361261 -17.31865696052751 0 -16.79191856562572 0 0 1.734071356081557 -20.87212914865078 0 0 -1.44505021481202 0 -10.96238332067174 0 -6.128286903719253 -5.085443089191359 -16.84234533979983 0 0 0 0 0 -5.966679128535138 0 0 -2.656611953456087 0 -10.13183351247365 0 0 0 -4.235122658838981 0 0 0 0 0 0 0 0 -3.65174976013594 0 -2.415866007954066 0 0 0 0 0 0 0 0 0 0 0 0 -1.698101378664284 0 0 0 0 0 0 0 0 0 0 0 0 0 0 -0.2646339904679785, -2.616743756634762 -15.63571878235544 -30.55142493670438 -19.59987310954111 -14.77323283852319 -55.53407082185765 -51.72596330779021 0 -23.13064040914798 -54.40547983175675 -44.88972366408543 -40.76307301026349 -10.73769750016959 -34.75778878405974 -61.92997820055956 0 -8.72266709601478 -54.10848677170016 -41.34728385902721 -20.94992441715338 -25.07214586068747 -45.14115157677176 -13.58336350067868 0 -16.47636465702248 -23.13368328567687 -53.68169916169458 -25.0346547391106 0 -41.80630614604328 -40.54239494183521 0 -5.71391487418555 -28.09216773390005 -22.27521634353089 -31.05595095918011 -13.56154017258076 -23.22686706096679 -51.70037844414345 0 -24.37635415743321 -66.02440689617994 -20.18323969422272 -11.73430688026757 -24.49468304409979 -42.28454724864528 -41.89358320500108 0 -2.923746106860539 -48.63933741283812 -55.58788666882516 -37.28472755302343 -11.93521021100434 -57.50285841768207 -95.50209420858474 0 -32.08339520780359 -47.92668550966335 -26.78925976233017 -71.25554842595514 0 -40.97016026712357 -67.18502721941006 0 -3.656628607885458 -57.06660364873605 -71.44736261048547 -26.09043560870592 -39.4359881215273 -76.5236240008403 -41.95085266273675 0 -16.00252823240933 -15.31417220270375 -79.27737050887558 -19.4267924108352 -12.27408310171143 -82.87969402425179 -28.8475017144671 0 -8.348007277484552 -68.24896644157089 -14.15307843654441 -47.16810566790667 -21.89273242636324 8.458248387204478 -23.23257582359404 0 -30.25922960293011 -49.96562965619063 -62.19003290620307 0 0 -14.83964002707947 -54.0559599844362 0 -13.03142371822759 -30.03595182920096 -16.59387373098715 -22.19016751033248 5.031078632834717 -62.23492467731155 -11.81554239765308 0 -12.10256245547815 -28.66869852199357 0 -30.67595650998145 -9.588822300543658 -27.77852022249182 -62.19906983054026 0 0 8.796554714261294 -42.92660261766923 0 -33.77267657088933 -11.73866554433042 0 0 0 -28.45657568474682 -32.08018080743426 -33.06241431526853 0 -31.40735119576274 0 0 2.535192245378351 -36.13875259553182 0 0 -2.938008448009823 0 -27.80168844985208 0 -14.23946828128089 -8.459069334918713 -33.95084405605724 0 0 0 0 0 -10.25049292497633 0 0 -8.520588154118517 0 -27.84581687847059 0 0 0 -8.785373702095868 0 0 0 0 0 0 0 0 -12.54346308845454 0 -6.985113978512129 0 0 0 0 0 0 0 0 0 0 0 0 -6.108536044406033 0 0 0 0 0 0 0 0 0 0 0 0 0 0 -0.9796511414131149, -4.498838983588139 -24.37021682316655 -43.66161522347153 -25.84549316129284 -18.35233944283653 -64.26439900974252 -55.54584368716651 0 -21.98731621144877 -48.61200942791589 -41.57250164400032 -34.62451879317748 -6.677633753369416 -25.56891655798287 -39.21122172700575 0 -7.929409824855929 -33.8088840287723 -28.31042990356292 -7.398216599966278 -16.29071705324896 -24.6150257199442 2.431510950480348 0 -3.762374810726983 -13.1829658808077 -30.13736387534088 -16.8959666036451 0 -11.38150525169149 -29.23819524123503 0 -1.505647014460024 -11.10079327223415 -2.925429281699799 -17.20475751927625 -3.921029373105188 -25.90407682172921 -35.84955745643813 0 -23.60992070877882 -44.64844933281799 -7.018119842076027 -2.441812761261057 -20.71236013003093 -23.39317454513061 -34.27964842124837 0 0.9075336877684594 -40.18438283801135 -38.05905959994753 -33.37169851142514 -7.036398551460994 -47.8125851665457 -81.78857248207488 0 -20.78434389409752 -35.80317677125447 -24.43052971295539 -57.50093600041536 0 -20.39882428207809 -47.07297792451379 0 -4.368984796345641 -40.61040371442974 -53.23940930085226 -22.51712413743141 -31.76067986582005 -67.65591718220725 -27.23337042594638 0 -10.2681841359386 -4.87673639596696 -59.36744205263135 -0.6298929359787708 -4.353531357958555 -63.35642628414105 -15.98378564411666 0 -5.826577039280509 -50.7191622173282 -12.78129586112072 -35.28804281160122 -17.98555421444352 20.4144003893951 6.992722781683293 0 -22.80066437342454 -25.0639824603411 -41.85606072647582 0 0 -8.607363398600656 -40.86924965257239 0 -10.7886906219462 -23.4320132324789 -4.150884400621955 -3.620701568394718 11.32074063327111 -39.96778711359549 -2.473331868836612 0 -3.661353339652563 -23.52823413653689 0 -24.36333198244662 -8.41888492859019 -21.63772815456884 -55.14492888700951 0 0 16.34659381513842 -23.48113350625015 0 -29.2358479145805 -2.217864452949088 0 0 0 -28.96243401615187 -26.06669010184722 -32.65741727916879 0 -29.36358535262777 0 0 4.519856851742742 -29.60449784880915 0 0 -0.5033872795865999 0 -32.96097230048754 0 -15.43237272943063 -7.017324334163728 -35.02170842966908 0 0 0 0 0 -9.684505543496082 0 0 -12.19606624849993 0 -35.11570330250578 0 0 0 -9.416768096577261 0 0 0 0 0 0 0 0 -19.34777066752419 0 -9.348223074382789 0 0 0 0 0 0 0 0 0 0 0 0 -10.19947927878651 0 0 0 0 0 0 0 0 0 0 0 0 0 0 -1.785273503192137, -2.781747815684263 -14.85121520421533 -25.99529223083987 -14.8626030600608 -10.65493383478115 -35.25605892822929 -28.05710689278701 0 -9.529397229133718 -18.9114369994582 -19.37433262488662 -12.96267714588421 0.5763991256385919 -5.105734886586619 1.096627575671283 0 -4.110755538122385 0.9730839327899616 -3.306572433654019 10.46461808020716 -0.3454064717278333 7.74951099895126 19.69237452712469 0 12.36853648774752 3.695396406039571 9.412674051586468 -0.8663421282660533 0 30.05559924243791 -4.636825706129287 0 4.724210469034209 14.83651105517325 23.0588094844356 7.196917695750564 10.31479648042681 -19.91824374368028 -2.488889473949268 0 -14.55187867434739 -0.3491758751876262 15.17982319875132 10.81723454813959 -9.073571033788062 11.45927035716634 -12.36441802664811 0 5.69112563882847 -15.02507827347644 -0.1751577407175517 -15.5789031030495 3.257127118916639 -17.20323535142057 -36.19730570651566 0 4.304503061852726 -8.500958062019304 -13.92627732180048 -19.98621032264557 0 19.94034561224509 1.809255772265638 0 -3.961773540882158 1.330313557556654 -8.894175401944745 -8.922648092927563 -10.43304015757511 -31.14478092222719 6.377168448732522 0 2.180205027211746 14.67744104187902 -5.417312121372844 32.0813559451906 12.35409264946131 -13.13518780099497 14.91812268247896 0 -0.2042068256489209 -2.665146439216016 -5.903348911978808 0.1005328975015599 -4.458822117118054 35.16875613932594 57.97251663231802 0 -3.236668180583993 33.74771574100244 8.895523101480585 0 0 7.270777608143844 0.002950019260243852 0 -2.340903277148903 -6.313876700535171 22.35211224937451 32.25357489569072 19.00571746780917 14.93498992137937 18.67603784137867 0 15.6257977564084 -5.282731089958089 0 -2.1382231246922 -4.542769085265215 -0.8306739778865708 -27.33713493225408 0 0 25.46342568407424 22.83244161828637 0 -10.50837573949314 19.83613716852136 0 0 0 -23.75763653450336 -3.281496118229764 -23.12426205709532 0 -17.09795720584714 0 0 6.948639450540364 -6.199857270631248 0 0 5.264289352568261 0 -36.87254869166969 0 -14.31743550135888 -1.160662875915207 -27.56135262804732 0 0 0 0 0 -5.220717207736392 0 0 -17.90716335838671 0 -43.07839671089819 0 0 0 -8.109445018021685 0 0 0 0 0 0 0 0 -30.7674223348813 0 -12.45647963012954 0 0 0 0 0 0 0 0 0 0 0 0 -17.4984503573623 0 0 0 0 0 0 0 0 0 0 0 0 0 0 -3.297490229410034, -0.6678487828255726 -3.582571999705017 -5.943928140971908 -2.957006587191973 -2.336383262779622 -5.378208687368685 -1.222470568838162 0 2.008681923053701 7.783372484458841 2.259800835388414 7.025378593433173 6.101869548511729 12.90878305788224 34.40360989260039 0 0.08739821186375685 31.27751967699757 20.15131284602137 24.626836204181 14.77448310922483 36.8398775805184 31.80084471712179 0 25.47785847419798 19.86842166965041 46.97648213371865 15.01441836599638 0 65.92699470477194 20.78873278806543 0 10.58190730402031 38.94587124378383 45.70889865477956 31.16284431135151 23.15258028793833 -11.46891560212242 30.94731781047243 0 -3.834564320103126 44.22795682562338 37.18753475151807 22.68880333671511 3.378602407525099 46.14200796513125 11.15876748008627 0 9.729094160647065 11.66020897666037 37.62851894636624 4.207687321472745 13.92744179044664 15.90343582107343 12.79723455908146 0 30.43812504679651 18.83724540856537 -2.405322151949219 19.46206121245439 0 60.36967406820141 53.2450242052406 0 -3.32121647012713 45.92291128933424 36.40975808203425 5.693344947344906 11.26303148634335 8.852337216949747 41.08101660861185 0 14.83474026992629 34.45698409571445 50.64584524921311 64.22481363421485 30.12958763489587 37.33170322530373 47.8812004677377 0 5.536717142335915 47.33886650635377 1.589283858951466 37.52756463613783 10.21347290600009 48.4355660657923 106.4288741946377 0 16.06903034982567 95.96816461129512 59.11741701441429 0 0 24.26579343002792 44.49937773141991 0 6.213997600745616 8.585937240196372 49.0882220899115 66.01375292385282 25.88724081028968 69.53279813139389 41.86404304701057 0 36.49250746471779 12.78091200497804 0 22.82917188333955 -1.910433624695134 22.02106949417715 -4.564053110157602 0 0 33.6527314992564 68.49923300047237 0 8.405528471780272 44.2395631792987 0 0 0 -23.23193626862382 22.64790908855891 -16.54319311583559 0 -7.482435453222816 0 0 9.148049494814606 17.94167415423252 0 0 11.7160998281639 0 -46.80500444971192 0 -15.71705331254302 5.60290633615861 -23.21013477273723 0 0 0 0 0 -0.4928805577590776 0 0 -26.23956965481566 0 -57.52447512148957 0 0 0 -7.61845633049749 0 0 0 0 0 0 0 0 -46.41504649271235 0 -17.30764050824417 0 0 0 0 0 0 0 0 0 0 0 0 -27.06440511693438 0 0 0 0 0 0 0 0 0 0 0 0 0 0 -5.213533865586843


GFLOW: 1.5 0.01254875653792873 0.01228216843050613 0.01432335922091694 0.0140534184924805 2.997659539698327 2.997704229851813 2.99115249838087 2.991330537909743 -0.006471599986205871 -0.007180523022935875 0.0002224977114831576 -0.0004157565755407002
q-corrs 53.48621610195879 266.5724392661497 442.3721092621831 244.3238514065827 151.9686965892282 501.7683139580906 412.810631661654 0 139.028451934968 282.2056804254278 183.9040740565301 147.7133965683724 38.46553454480491 93.98222355731329 144.5222400958898 0 9.056626335587072 53.7532957732496 29.00720978149169 13.13263501501666 6.332907208255945 1.784974608578605 -5.88724613367595 0 -9.773459294219919 -13.33669684788453 -43.25307298138367 -27.85303499949465 0 -49.45244777279495 -33.33575947791731 0 -4.16577870899241 -25.24685175921817 -29.8575685517901 -20.77820934507687 -24.41802664726924 -32.30330022176719 -52.27446717893717 0 -18.79428629348298 -55.82324509470226 -8.812571860114581 -14.10890560078854 -11.22683112293691 -22.40688883035581 -10.53201429651684 0 -7.140158930700728 -20.23131606609969 -59.6355176960861 -26.56270069093456 3.285750747684721 -13.17061216892257 -38.64359712487581 0 0.06945944807413618 -25.59155411721869 -2.78429967544143 -13.5201200983685 0 1.747668598450946 16.55820742093096 0 -4.956448948111405 1.896370643990001 -13.33167445949391 4.04543099765102 -14.35397280845802 0.2369218255937255 2.003923964863096 0 3.059489592745113 13.2083621264177 28.79646761780426 24.05169396187818 13.46689122364672 -2.929040941136112 28.97587404845392 0 4.181940012331842 28.00302549670825 3.928123255986469 26.36447255230849 11.10773115623689 19.6205874777692 41.13033751077896 0 5.793009499466448 64.30585008155056 40.61943458495779 0 0 18.33084445462698 37.25663328467704 0 8.301528115638231 7.618026492603121 32.13069548074058 41.66604689024066 11.11356802102429 56.18069230178868 27.92855255456861 0 24.98891088773289 19.02479365875818 0 23.81477936807348 4.794097420690479 22.8870365236999 35.68757887564925 0 0 14.98974752011505 62.07785268191917 0 21.0681686759519 30.6975965672487 0 0 0 21.73493570158892 26.0666683026982 22.19790661605696 0 22.54666650275426 0 0 4.203175226191445 31.37286333916358 0 0 8.271984358454691 0 24.54493372296341 0 12.43635195421443 6.839686578732033 24.0712373058856 0 0 0 0 0 5.872839985033057 0 0 8.080600183558161 0 25.3862849811692 0 0 0 6.150576940598432 0 0 0 0 0 0 0 0 11.68541417013884 0 6.275609356535591 0 0 0 0 0 0 0 0 0 0 0 0 5.403786033651182 0 0 0 0 0 0 0 0 0 0 0 0 0 0 0.7947545994904277, 44.06991579531328 219.3496208364708 363.3921040875076 200.2761030624195 124.2788223097231 409.0430436140049 335.1841778146128 0 111.7516180011479 225.2340972552332 145.9127099403309 115.8793032361076 29.55464543338978 71.54536073350012 107.0307665914823 0 6.340612242476219 33.6421974200861 16.47985368676495 5.360026246554465 0.5763940715270195 -7.981428288430595 -10.22712622191823 0 -12.74761201892092 -15.60189614842903 -46.42278922006091 -27.30021930286751 0 -52.04232451749792 -33.64004198644243 0 -4.927680436250828 -27.25868685150365 -31.35885681423001 -22.94285113020788 -23.74919386576905 -27.9030844874999 -51.15785865043805 0 -17.59862515893105 -56.57451864174574 -11.85546173753614 -14.97163585602732 -12.03939874310825 -26.36542230285058 -13.6037610410294 0 -7.200804237180089 -22.3925417623769 -58.16100319412628 -25.56210715695761 0.9415943233574628 -17.17846010007278 -42.5858621461849 0 -4.766247719614288 -28.05280315785674 -4.866548534857641 -19.88069104811694 0 -5.629268756759294 5.320569844808521 0 -4.226367182980942 -5.40090305837609 -20.09682126560174 0.7765838973848345 -16.60615080633317 -7.106914296002396 -4.306110183565365 0 0.5416834579640342 8.465100206314165 15.12974328571765 16.05015267387031 9.28691264368428 -12.21962146279485 20.44803012828643 0 2.464152769545992 15.82665269020622 2.02868758843157 17.0948510773806 7.107055998884635 15.80110158869788 29.33793762883361 0 1.745130492456482 47.6353903258014 27.25759354655625 0 0 13.58620713913641 26.26949546448089 0 5.805921188991684 3.904218634545574 24.60798757665643 32.05326323777064 9.061192158790023 41.33192000677493 21.9834993987762 0 19.39751241401091 13.60433053064621 0 17.7331224261312 3.562766741142886 16.9273833967443 26.75084821112578 0 0 12.59492005158025 48.74126944721371 0 15.49669396697154 24.47741252201939 0 0 0 17.8366728983487 19.79289227348799 17.79150922108246 0 17.71490245907699 0 0 3.56448473483013 24.49927534324713 0 0 6.664732587957729 0 21.08545180766152 0 10.42742200918835 5.257117767506811 19.68407558053621 0 0 0 0 0 4.529958903908524 0 0 7.217132426399328 0 22.11097604424436 0 0 0 5.103570216417647 0 0 0 0 0 0 0 0 10.58921749376912 0 5.53902538604806 0 0 0 0 0 0 0 0 0 0 0 0 4.982117558484089 0 0 0 0 0 0 0 0 0 0 0 0 0 0 0.7494205592812178, 23.94234383236905 118.267491060087 194.1457660967284 105.8175615923877 64.80286907792272 209.873157002121 168.5561556112613 0 53.25556001580222 103.2336106668901 64.17528446902008 47.6601778417793 10.77481391298088 23.78113730033304 28.0076041342715 0 0.3687309543485968 -8.489930075026423 -10.12940916409639 -10.31271385951782 -11.63254926158948 -28.12678584796438 -17.94423506407205 0 -18.22610754628896 -20.38254211975794 -52.95050027256892 -26.28252224776006 0 -55.98090864309644 -35.15046782508541 0 -6.486225405443765 -31.26683750328881 -33.55596174732222 -27.9712966448244 -21.90888286479168 -20.01081528818759 -49.82593077592419 0 -16.33033165458589 -59.66714311788523 -18.6858361810885 -16.36531947440502 -14.72520647289058 -35.57599263185067 -22.0337506086484 0 -6.971824905004575 -28.95410173176802 -56.04199092550552 -25.32419665867208 -4.776616945227476 -28.66314372157394 -54.85564693226927 0 -16.37494804359088 -34.38590402693874 -10.65922280920233 -36.24067106594137 0 -23.00262500466078 -22.32958939990239 0 -2.877399988963536 -24.10138622358755 -37.57890446840322 -7.659883517652127 -22.9520227155162 -26.85159901864505 -19.61765442953089 0 -5.676923430099956 -2.686211147879689 -18.94249594520808 -2.494907883771653 -0.536894493381757 -36.05147401873911 0.004926383333288875 0 -1.713726223179219 -14.61130004705621 -2.910540758755559 -6.097958037695377 -2.892990157874176 7.690913555404602 1.769129105273491 0 -8.982183805248409 7.53401344810551 -6.355172924992877 0 0 2.156196887439629 -1.637683930458254 0 -0.6122702802022588 -6.739564318984208 6.649492388235354 8.469356140634144 4.712320921534199 3.253436033679851 7.785288966234891 0 6.08938397445099 -0.588148960392882 0 1.849790362576448 -0.2564831835029546 1.677963325334773 0.3001358318507918 0 0 7.619697965662128 14.4359597904895 0 0.1820805794267315 9.528423457916471 0 0 0 5.124480874464723 3.180828559110465 3.811083353462261 0 3.300746055207114 0 0 2.237933611884946 5.406394651460292 0 0 2.771592606706485 0 8.703406436738868 0 3.773719021536793 0.99014751605665 5.364119763720604 0 0 0 0 0 0.4734989503540107 0 0 3.625430726083424 0 9.880483945071521 0 0 0 1.538013981398704 0 0 0 0 0 0 0 0 5.588015305794356 0 2.607870982347734 0 0 0 0 0 0 0 0 0 0 0 0 2.750551466645335 0 0 0 0 0 0 0 0 0 0 0 0 0 0 0.4341266323893802, 6.792214194900679 31.97672067935472 49.51324595199566 25.09552740950343 13.82952599050297 39.51492170419563 26.58845496078673 0 3.746016605239471 0.5716757067520151 -5.516272160944947 -9.699052966806843 -4.172875379025991 -15.35544227148641 -34.59980288419661 0 -5.049966709985625 -41.14248926369166 -31.54010702404137 -20.61525892768537 -21.25955126450804 -42.4473875746766 -20.17635903673807 0 -20.25925405685948 -23.76029392958666 -56.96770794705773 -25.79961983924825 0 -54.3526922708549 -37.96999987074481 0 -7.27812184040285 -32.90662883910102 -32.08555737061928 -32.05087322798298 -19.14100754805472 -17.62994664619935 -50.64185760840906 0 -18.33935142027223 -64.55475515558422 -23.77411871185966 -16.0420129079657 -18.89068119292399 -43.38030241704631 -32.42214059026597 0 -5.85656843697351 -38.23101934209573 -56.30919016760855 -29.40392391616713 -10.35407661928838 -43.67098456522793 -72.94355402356436 0 -27.61029574898134 -41.53374766835935 -18.13143010017799 -54.73893303639159 0 -38.80816169731071 -50.62887186879157 0 -2.418351308775895 -44.60661404823462 -57.16175060344121 -17.38827101974359 -31.23675748172427 -51.22115524904914 -34.88952147429676 0 -12.01725423175515 -12.782598732303 -55.15543797121079 -18.56831488194067 -9.596018817069824 -62.70518544771945 -19.99093360779689 0 -5.860518153904735 -47.12842707933201 -8.712967797452357 -31.10239375407052 -13.7315421404363 2.654829468317955 -22.45024679633741 0 -21.41841940159915 -31.86249449798136 -42.291365124411 0 0 -9.211925123491858 -32.2736693330019 0 -7.9426841201486 -20.24265285422609 -10.61952563320602 -14.9219867365837 2.014953764294799 -38.24497773948819 -5.852672443258593 0 -6.678494092391793 -17.09000701170104 0 -16.2947000060297 -5.497918519952599 -15.31142418955476 -34.68328338028402 0 0 4.736235558613588 -22.83618192249061 0 -18.65594254782804 -5.012264905091817 0 0 0 -13.14580025075241 -16.16576655326348 -15.93284342698708 0 -15.96797898322763 0 0 1.462808990619103 -17.96084850056796 0 0 -1.067353120025768 0 -10.34495818036591 0 -5.923054145719476 -4.094687231540044 -15.36312669573739 0 0 0 0 0 -5.037515154077786 0 0 -2.390024038222622 0 -9.462737241759051 0 0 0 -3.79786497350361 0 0 0 0 0 0 0 0 -3.159876225172368 0 -2.20419280405276 0 0 0 0 0 0 0 0 0 0 0 0 -1.385949151074645 0 0 0 0 0 0 0 0 0 0 0 0 0 0 -0.1989441043329072, -1.778497920664867 -11.03196588908896 -22.21136958620695 -14.61061454055467 -11.24615610096982 -43.08403390750264 -40.82537148966864 0 -18.80373457288404 -44.80038361337829 -37.26502361578235 -34.26364492465977 -9.218987816152657 -29.89959459374705 -53.96152433241223 0 -7.689458153210019 -48.55654717927703 -37.13918892013513 -19.29385023473288 -22.81696588723038 -41.45097983126485 -13.45885063745362 0 -15.72491337271721 -22.02672259544378 -51.32425442462047 -23.95242182506967 0 -41.40819975081045 -37.61330443445785 0 -5.903348691513388 -27.39345483458365 -23.27605565697449 -29.67323477591438 -14.2481479355915 -21.09649292465152 -48.38754321793645 0 -21.65032819982331 -62.5649314591719 -21.17561016323516 -12.08599479993838 -21.3231019051739 -41.08456796133694 -37.33269849819619 0 -3.584001370190459 -43.00835793077787 -53.32059945550924 -33.54469859213997 -11.65364547962322 -51.43962105328546 -83.49444637331518 0 -30.13877111153384 -43.00332398363041 -22.76347345250242 -62.65891282813821 0 -40.22037183667052 -60.51298705757726 0 -3.03081420293021 -52.11467638102893 -64.22909342153612 -22.67169261401532 -35.21906510286466 -65.51809672457169 -39.12688921901942 0 -13.91374168964117 -14.37374139563067 -70.61003563454506 -19.82142464549445 -11.69794160247737 -74.11795152506019 -26.80649041710992 0 -7.281425402578482 -61.36785744409252 -12.13788519634965 -42.76601481056068 -19.10540414417883 5.790226103450458 -24.37207039743433 0 -27.33532941743785 -45.67147018522117 -57.59809862760084 0 0 -13.55573985486121 -47.35408810485058 0 -11.96679915731074 -27.53304391204821 -15.96197262984487 -22.00543410244908 3.649684939874878 -56.61044763148385 -10.34474690790945 0 -10.91036433049554 -26.25828407706565 0 -26.08893602167796 -8.79662127274856 -24.16000599292256 -56.69746354002899 0 0 6.883745148576784 -39.26191595204143 0 -29.97599121680654 -10.08354935505201 0 0 0 -25.97861908552397 -27.02597000938947 -29.69009246577134 0 -28.63319104883617 0 0 2.011871957864322 -31.4951091904996 0 0 -2.471964781586093 0 -25.06900639198658 0 -12.98832839673975 -7.053035943709291 -30.3422819239209 0 0 0 0 0 -8.792244476052961 0 0 -7.551317443739876 0 -24.9894504552148 0 0 0 -7.797721391829356 0 0 0 0 0 0 0 0 -11.03328254517838 0 -6.227557335596847 0 0 0 0 0 0 0 0 0 0 0 0 -5.324761899525717 0 0 0 0 0 0 0 0 0 0 0 0 0 0 -0.8449298275731471, -3.640578561194626 -19.85986965353271 -35.84619520823649 -21.3902067390031 -15.20697413429246 -53.72618883181127 -46.91338410761917 0 -18.83179227754389 -41.98825817808832 -35.53304866297972 -30.00419592113325 -6.158634392808032 -22.65101894321939 -35.72149814769298 0 -6.882199673042522 -31.1570413493477 -25.58423284433182 -7.68112568285379 -14.88354385423767 -23.23848290341939 0.281395347870502 0 -4.576128588035727 -12.48988041738407 -28.8016313455208 -15.85355911984378 0 -13.43377204235347 -26.42351281523985 0 -1.796618013705416 -11.30967915560468 -5.109455421538764 -16.16309286661868 -4.686141571882141 -21.9687767989863 -32.13097285811399 0 -20.03180356910648 -40.58846372698549 -7.758027739126883 -3.244502924351034 -17.45233487042659 -21.98056926994618 -29.27083634352163 0 0.03656308937560393 -33.86136350485027 -34.32173991728413 -28.01849574640277 -6.568745770560761 -40.4929753630149 -68.3039404662315 0 -18.48632170302118 -31.04163219455842 -20.12164787255986 -48.53760901669834 0 -19.72481390751804 -40.16395127017857 0 -3.451062914755408 -34.75854718000159 -45.85215353208656 -18.71831455670202 -27.32328449375017 -55.49631698987938 -24.51288851523832 0 -8.480041226716134 -4.556776249614449 -50.45862368909653 -2.274839583519586 -4.100041702312932 -55.27040671370828 -14.07192344400561 0 -4.857959587312679 -43.97995246286204 -10.5114626478849 -30.78391553981441 -14.89392470900209 16.28821868725871 2.597517804162271 0 -20.46801715558188 -21.90344814210284 -38.34539386487067 0 0 -7.412093467936316 -34.82723358728951 0 -9.583937377730575 -21.8868720248326 -4.408615421017181 -5.715767416741263 9.125937372154297 -36.6242312029256 -1.990861909607598 0 -3.152074056015717 -21.23911350357078 0 -20.35648620395222 -7.919356495074847 -18.36678750699429 -50.97840747056673 0 0 13.34763196696209 -22.39006268754631 0 -25.85533548016303 -1.679463593826565 0 0 0 -26.93804005221095 -21.67389028748209 -29.7312458168938 0 -27.08347059905184 0 0 3.703901246477609 -25.98377640210896 0 0 -0.3524648482682435 0 -30.18757775016571 0 -14.28740712600736 -5.803317574566335 -31.72245544239305 0 0 0 0 0 -8.364088353812809 0 0 -10.98084442446772 0 -31.95664782911835 0 0 0 -8.47757387503898 0 0 0 0 0 0 0 0 -17.30004380780552 0 -8.449374329361897 0 0 0 0 0 0 0 0 0 0 0 0 -9.057136347139705 0 0 0 0 0 0 0 0 0 0 0 0 0 0 -1.574567810573033, -2.353263609366666 -12.57918360651812 -22.0672795931412 -12.66195704193209 -9.008824638682533 -29.95952991764663 -24.03628453633042 0 -8.197370236390723 -16.40355260040003 -16.33918582096241 -11.10404693895734 0.2560657495483136 -4.492499431169977 0.1989830253360596 0 -3.416133150479649 0.2910413358898403 -2.907842225288502 8.581423764591708 -0.3500431440559142 6.163298439480338 16.09145508675943 0 10.10768848881609 3.340555254470654 8.177773207272519 -0.8530430540016187 0 25.03891645276366 -3.82054107398076 0 4.185248865368592 12.86585369650455 19.36457697039191 6.63158154807542 9.00085015167037 -16.01941931910141 -1.075557543183184 0 -11.724797386374 0.8056036313357993 13.72210095968451 9.161980731382641 -7.121722416875641 10.88057061274853 -9.293019639164285 0 4.553553717176384 -10.98465724586038 1.443220421088579 -11.31205698382533 3.228194366719336 -12.30338528167233 -27.36852210468148 0 4.82946590356976 -6.68782350825278 -10.92986369117548 -15.01623197793646 0 17.77325069903063 4.457187479101349 0 -3.063913930039489 3.834622035308835 -5.899129711735258 -6.582057490632131 -8.370175646436 -23.15615384676649 5.891914305441913 0 2.6676014025027 13.29213728146479 -1.809566465652653 27.77671691078188 11.0742543208815 -11.09319195578751 14.0380869460752 0 0.1983670107078199 -1.033021798596597 -4.416398376862782 0.8900774530052022 -2.748438838332179 30.10795864662817 48.53273705279903 0 -3.421200331634745 31.0618975329178 7.013243812532511 0 0 6.950078640170313 0.9979417957552028 0 -1.983669219614314 -7.265426378114712 19.55139587529263 26.24762037637031 16.29604139489832 11.8061790947224 16.66954034740082 0 14.03112670713044 -5.073379199422979 0 -1.193833205490096 -4.67158888043514 -0.1966662084513384 -27.20123957793855 0 0 21.75138782670963 18.37375336376278 0 -9.632030187512491 17.67963518010494 0 0 0 -22.59185855367335 -2.146183701426376 -21.63967927003222 0 -16.53222324398884 0 0 5.929007697968405 -5.818449583099958 0 0 4.68232432124949 0 -33.49242042662254 0 -13.33086084729429 -0.8192422636630801 -25.37997526864453 0 0 0 0 0 -4.597451444927017 0 0 -15.74454060700004 0 -38.59612037103926 0 0 0 -7.368336572897623 0 0 0 0 0 0 0 0 -26.78446483760372 0 -11.03155962480057 0 0 0 0 0 0 0 0 0 0 0 0 -15.10185491783825 0 0 0 0 0 0 0 0 0 0 0 0 0 0 -2.824217850255595, -0.6356146438187587 -3.302317982680968 -5.325048735862616 -2.567734978905436 -1.92721657340924 -4.112412360676064 -0.4155872097072617 0 2.169397801670055 7.836448803740805 2.960932747338018 6.993722722987433 5.535388943269432 12.08982088145139 31.35518838010134 0 0.3594033537298618 28.59401360526805 18.6320024261315 22.04905189332739 13.51253683199028 33.02842366875538 28.0064723672223 0 22.45962201821469 18.41009887216908 43.23117912209705 13.95422949665423 0 58.83894915530308 19.20989803320126 0 9.690330230042658 35.17841885323851 40.78703795614047 28.59426008639288 21.28187622021433 -8.232555975667676 29.51780909375201 0 -2.263255982237088 41.39387976092088 34.18932107138304 20.19878042158981 3.711056081228294 42.51004299854279 11.42892616846714 0 8.356582604851022 12.5849082620039 35.96423609971081 6.332938097351133 12.90727843093287 16.85805725986012 15.11807650681402 0 28.15878548081214 17.11408626130365 -1.218335319086735 19.00516284995689 0 54.16305922074307 49.67610173643577 0 -2.50733323531159 43.07595082434943 33.60372991832199 6.139517135586129 10.46835636916148 11.05904247427679 36.3109831999931 0 13.70934341533025 30.76797674014064 47.38129697166519 56.50839201523119 26.61999431177351 32.56120876984289 42.95804723618542 0 5.15890324554631 42.58623717654689 2.072074493618372 33.63002645916191 9.983120115712467 42.49964066771946 91.8116052229705 0 13.3036355648834 85.60921792189961 51.53725276727851 0 0 21.83081959732655 39.15516841291974 0 5.703052128152628 5.780498489831499 43.43352952537414 56.52637678228437 22.7217635793013 59.81948306723574 36.61828895607216 0 32.11885730424001 11.04514153850436 0 19.92821552125118 -2.263426921170819 19.38816609812703 -6.624659672965253 0 0 29.36700418042932 58.75904129067549 0 6.88221337185445 38.60645063719206 0 0 0 -21.30518752853788 19.6968361927819 -15.33518940556561 0 -7.583756735809477 0 0 7.963777746303501 15.10195643829928 0 0 10.19284270065251 0 -40.7488781210985 0 -13.99705113991443 4.845842464691273 -20.87590042274962 0 0 0 0 0 -0.5591106575402034 0 0 -22.26675544663648 0 -49.4876911582382 0 0 0 -6.735045301090727 0 0 0 0 0 0 0 0 -39.12064996966228 0 -14.76048529707728 0 0 0 0 0 0 0 0 0 0 0 0 -22.68690379424109 0 0 0 0 0 0 0 0 0 0 0 0 0 0 -4.350632344094977


GFLOW: 1.6 0.01129642671386174 0.01102280210597992 0.01279677973442185 0.01252144097744033 2.997908453539532 2.997954144114447 2.992064315331352 2.992246741686975 -0.006276059839577654 -0.006422183715202762 -0.0003881756815500459 -0.0004419079290298863
q-corrs 43.43805972591562 218.8830123135542 367.2811471304917 205.1482796113559 128.9239547418915 430.7188930010901 358.7282677805334 0 123.8485236860058 254.8569443995924 167.9123720913212 137.1635206976409 36.65044163123698 90.6055640135037 143.1356050482628 0 9.759266704077483 61.14811855071726 34.91540895291812 17.43445746467741 10.75813854323265 11.01683391519385 -0.6520211612237592 0 -5.207772327932056 -7.878015239338129 -29.54388340152992 -20.68591444254427 0 -38.37473972365822 -26.24185581398287 0 -3.375981488966675 -21.03344267600387 -25.3800226989061 -18.05940393708196 -20.57521645917256 -26.34305665700719 -44.5888524294385 0 -16.0354026120493 -49.03686187006928 -9.012363236849243 -12.57361288804567 -10.04878949778703 -21.42236023904506 -10.76365346479698 0 -6.178436396296029 -18.44064948266622 -51.0651053791067 -22.72690825084121 1.808346007216107 -13.26456424585132 -34.60540730776961 0 -1.427649818857676 -22.22267389821875 -3.380263413627092 -13.41158739248946 0 0.2395656632066454 11.7197628306247 0 -4.041506897168132 0.5328015470684204 -12.20941573187648 2.562418893795906 -12.3170436166249 -1.605776859250662 1.730776658729584 0 2.582175886486525 10.99404908861226 21.92659253928144 20.4468581064697 11.61524788073317 -2.247190913629487 23.98513544153992 0 3.165425046389466 22.85070181216388 2.825768234402998 21.86592731901611 8.56693750733286 17.48458066342287 37.170765450107 0 5.880036250791772 54.56715482760096 34.34827021097361 0 0 15.213574716447 33.21066006125194 0 6.497869742216614 7.633279770225224 27.44763045254842 36.93182259577337 9.91351699442666 50.55237715045791 24.96451698931227 0 21.82596185793934 15.75035753163347 0 22.0202496020617 4.452819281261931 20.27165063485326 32.35153393440586 0 0 13.42467626911282 56.06572686726723 0 18.88276947483547 27.61199145432013 0 0 0 19.48804018989112 24.34476961776501 20.45288642316129 0 20.03408005825721 0 0 3.754092767126441 29.42091067324845 0 0 7.507668649521832 0 22.08734988873185 0 11.04503299981392 6.506943100986802 22.27592316871478 0 0 0 0 0 5.736851291026732 0 0 7.331985455989548 0 22.94778285375827 0 0 0 5.78536447409809 0 0 0 0 0 0 0 0 10.73015062756237 0 5.74265869066486 0 0 0 0 0 0 0 0 0 0 0 0 5.057727135710718 0 0 0 0 0 0 0 0 0 0 0 0 0 0 0.7653370814820799, 36.15935934733645 181.9541048836747 304.7982790868543 169.8956885657002 106.5200066796841 354.8173778338119 294.4410645259821 0 100.7318061581409 206.0020643560342 134.950586904789 109.202612462474 28.72381041829824 70.39370894351708 108.9253735762582 0 7.101678277009023 41.64355827856749 22.52044784039018 9.815100986794146 4.828853854895158 0.8376846854434863 -5.163614186550658 0 -8.4482504560004 -10.81285946038471 -34.56064936911847 -21.32013723507505 0 -42.22932991474094 -27.63141574637811 0 -4.23789005099593 -23.51383918301946 -27.42082812875316 -20.53593530904476 -20.62344554436597 -23.42790788501252 -44.84681879214352 0 -15.42673506223042 -50.97271995136549 -12.10789807815281 -13.61548494804138 -10.92509194844437 -25.49501224239594 -13.63158982989568 0 -6.381217316433189 -20.7832007313429 -51.32305575569757 -22.59535870125535 -0.3096282983251841 -17.18531609099041 -38.83431634431017 0 -5.965324456088005 -24.87618883951795 -5.147956337705999 -19.257559106052 0 -6.900239870485286 1.626276060730569 0 -3.511604459988523 -6.479809158403206 -18.80507276055987 -0.3806045174488288 -14.75715737482136 -8.229713360138486 -4.386295479483681 0 0.3271576297614573 6.79518898394938 9.715176835080044 13.16861736809378 7.834156571833002 -11.19114660199296 16.37609880959351 0 1.708721432967848 11.78661599457276 1.147431717839222 13.4171959574244 5.065168094102299 14.08165517932611 26.26550792138414 0 1.919380821469939 39.79625921433312 22.07450828143632 0 0 11.03751231866232 23.23532163841146 0 4.240842714154988 3.851541284950982 20.75706580228731 28.1401454148022 8.101719742717854 36.81809167194167 19.74027604080547 0 16.92169626613421 10.79748093931643 0 16.47722624687864 3.189552004870657 14.90754139227714 23.54768240620616 0 0 11.33807920114621 43.80600570971805 0 13.66827539968213 22.14855672316951 0 0 0 15.54225816363524 18.6069116275977 16.02469022243298 0 15.34205920856135 0 0 3.200888364332252 22.91317173293877 0 0 6.092284706590948 0 18.50467907794688 0 9.027268364179008 5.04592090918299 17.83157946177725 0 0 0 0 0 4.415395784803284 0 0 6.39656536987196 0 19.51333978737894 0 0 0 4.702007221894233 0 0 0 0 0 0 0 0 9.497218956375264 0 4.94873515918365 0 0 0 0 0 0 0 0 0 0 0 0 4.549180241981517 0 0 0 0 0 0 0 0 0 0 0 0 0 0 0.7020443421360048, 20.28304159557035 101.3182181084624 168.2552219582066 92.8230768854277 57.47954563266941 188.7025316213822 153.8494271334315 0 50.23584731336769 99.43326428282083 62.78287208447323 48.19713322836488 11.66730024117061 26.55134256426292 35.32345668798786 0 1.192464826166025 -0.1270943213149991 -4.299292030148816 -6.015809655091047 -7.978050226551469 -20.70271890834327 -13.74788290342772 0 -14.78820808924509 -17.11094362394849 -45.20452983810802 -22.81765300737403 0 -49.27239949473289 -31.29104386761603 0 -6.031400840450138 -28.59954930892938 -30.99214063209141 -26.15660996513515 -20.36917234615972 -18.30573999862401 -46.1728550240326 0 -15.11735018067497 -56.27703770584795 -19.00112831859427 -15.48504638643239 -13.55823216262069 -34.81478655506508 -21.26980325233325 0 -6.53980039669781 -27.33053554290923 -52.67172604727412 -23.81258652847671 -5.430014532072156 -27.93556088758046 -50.97396181107661 0 -16.72192668747273 -31.4720974031926 -10.01977323789414 -34.05099813170652 0 -23.54742675056595 -22.99895510231091 0 -2.535689903524042 -24.06425437838446 -35.45014563442614 -7.828726550585404 -21.24497185418094 -25.68730694721252 -19.04121636723896 0 -5.225917530368532 -3.110420555455522 -20.41331224056322 -3.731136614708041 -1.063253230218957 -33.67067674197274 -1.814529150819749 0 -1.828177314857069 -15.57631337680816 -3.13981305325965 -7.498948951757066 -3.60555159314326 6.707292335257687 0.6706324484650779 0 -8.310986368187772 4.30519082585668 -8.469258298815808 0 0 0.9951837498914307 -1.885362427816165 0 -1.473567399615759 -6.486654627461281 4.767540997505588 6.615613832704105 4.181169007486883 2.002244095610369 7.18959826530839 0 5.194670413942477 -1.970849025655219 0 2.166688839450883 -0.4772065391203801 1.292055265316517 -1.299413358095514 0 0 6.881566664369744 12.58074768671114 0 -0.3183320336024336 8.941452409307848 0 0 0 3.590622864482152 3.620291635343749 2.868409934921947 0 1.973983902662686 0 0 2.018724602042525 5.319974927979771 0 0 2.645849981515495 0 6.893475136998108 0 2.825856731045847 1.175290332170869 4.350312353670791 0 0 0 0 0 0.6195262928461542 0 0 3.031170241288201 0 8.042488987113849 0 0 0 1.321954906347471 0 0 0 0 0 0 0 0 4.790582402570953 0 2.184571691000016 0 0 0 0 0 0 0 0 0 0 0 0 2.430009349902783 0 0 0 0 0 0 0 0 0 0 0 0 0 0 0.3981029161043781, 6.244125007659794 29.93623892798558 47.33883604075229 24.60929788364828 13.99942213791607 41.76321906243787 29.9761016649171 0 6.056540071667692 6.712221846140902 -0.6153926000048564 -4.741107402562537 -2.492012323661639 -10.6318167648136 -25.41853163880625 0 -4.191851380142932 -33.90318451453132 -26.53875342880971 -17.33877404542827 -18.38631956528889 -36.95198630596675 -17.69174406183274 0 -18.07407811126781 -21.75728628104247 -52.55049319451829 -24.09940497559259 0 -50.80001147624193 -35.24012274299741 0 -7.042258865992675 -31.16047156943178 -30.98949193753466 -30.43397115726279 -18.84501286463182 -16.94982137646501 -48.11543949825951 0 -17.0518798455949 -61.75844782054902 -23.95081206557371 -15.66204634276021 -17.13985640026761 -42.1863788752421 -30.0651145943208 0 -5.870878553133577 -35.41346563522297 -54.54724575039646 -27.78505388179785 -10.27149263576571 -40.82647975818904 -66.67499812269985 0 -26.67572452952174 -38.17240375976041 -16.0989593294247 -49.93005409120811 0 -38.16701829167813 -47.4631347159069 0 -2.185445451639141 -42.29376810651333 -52.96845503361712 -16.02417974005194 -28.80142528957558 -46.18138943526863 -33.08554411690061 0 -10.78192343725726 -12.08316510231483 -51.4775796789112 -18.42023763408228 -9.23616711721553 -57.60544411649648 -19.35496056192876 0 -5.304099366345622 -43.98092321402194 -7.973127621799089 -29.40702323074834 -12.74235921432992 1.697951628555244 -22.10705472346527 0 -19.66358071072441 -30.29050178544568 -40.34942134217589 0 0 -8.878049757236507 -28.94412404915865 0 -7.772449276326842 -18.87013380853794 -10.5762156104152 -14.7279715001174 1.516207090804732 -35.28831309865573 -5.003884849487648 0 -6.123524821116053 -16.37787652320591 0 -13.89766548896272 -5.207445141517784 -13.62683572061999 -32.57693294978679 0 0 3.972453137453051 -20.99588593839262 0 -16.96802816224157 -4.064954564840285 0 0 0 -12.6202144436655 -13.51847119482617 -14.70800213677002 0 -15.10458414128515 0 0 1.24123134999147 -15.60402121045241 0 0 -0.7963461181621997 0 -9.892741240624979 0 -5.727149781017399 -3.343134450096073 -14.07083378642593 0 0 0 0 0 -4.299011683012249 0 0 -2.24209961152309 0 -8.978841395396062 0 0 0 -3.426469431624406 0 0 0 0 0 0 0 0 -2.883762051044395 0 -2.053562280760626 0 0 0 0 0 0 0 0 0 0 0 0 -1.208393552826891 0 0 0 0 0 0 0 0 0 0 0 0 0 0 -0.1613470470766235, -1.134946543223339 -7.445054554553746 -15.6172402876359 -10.60760378843062 -8.401735738408007 -32.8868091738913 -31.75893233169232 0 -15.11226480669325 -36.53242562433704 -30.7475056567928 -28.61272303073747 -7.832928970019993 -25.51419217753362 -46.6261666649955 0 -6.749758251903439 -43.231584275224 -33.09507208832534 -17.53022181711594 -20.56677513236321 -37.70438264727566 -12.98414312239167 0 -14.7987433084048 -20.56950697910008 -48.2077442968959 -22.55857056667598 0 -40.02630685360401 -34.62125240264927 0 -5.804190749195774 -26.16320544434952 -23.24305677448714 -27.87510656692524 -14.32822689437763 -19.14163921029964 -44.99648198544949 0 -19.2521787046741 -58.45800784041214 -21.05951798962987 -12.02504785253631 -18.72027133104891 -39.06241443134087 -33.26923505201497 0 -3.897573068805551 -38.27674775227375 -50.36955161328032 -30.15323283742418 -11.03740577753569 -45.94038428680827 -73.44339388880078 0 -28.00868842637701 -38.63245095164194 -19.47176690899137 -55.27939058680474 0 -38.52608648646927 -54.46262632129516 0 -2.563311709339727 -47.35738887955759 -57.72751713153354 -19.88994733622145 -31.50286880669079 -56.62277309016599 -36.12422082561312 0 -12.19949656498392 -13.32084525011567 -63.03717174758111 -19.50257345555951 -10.95318415130729 -66.42121156989987 -24.68237354019941 0 -6.375285633820114 -55.1285935413422 -10.53045835135691 -38.64069985558498 -16.79296469608331 3.838608136176896 -24.55999876953904 0 -24.67549021183678 -41.59896253047857 -52.97002247893909 0 0 -12.33492886113901 -41.58082075849268 0 -10.92993606593165 -25.25892070760681 -15.13136105692729 -21.3825702318759 2.607518912225079 -51.37042231202182 -9.094684144372891 0 -9.820784091248145 -23.91399793814068 0 -22.32154871681658 -8.113544273792957 -21.07961174223784 -51.71908079613159 0 0 5.3737032170909 -35.81698885939998 0 -26.61929043133206 -8.722914595194499 0 0 0 -23.87934238658871 -22.91927409584113 -26.7368145426904 0 -26.08653572442545 0 0 1.59377086894941 -27.53928798752176 0 0 -2.098825700513108 0 -22.86528443265551 0 -11.91652996916362 -5.922762454715587 -27.18543558848526 0 0 0 0 0 -7.571764245957065 0 0 -6.830327269200164 0 -22.68695203834704 0 0 0 -6.939270457640035 0 0 0 0 0 0 0 0 -9.920327872537875 0 -5.619624938391249 0 0 0 0 0 0 0 0 0 0 0 0 -4.7546711466186 0 0 0 0 0 0 0 0 0 0 0 0 0 0 -0.7486517569735082, -2.936245784647246 -16.13086688031313 -29.32736804113895 -17.63430064897065 -12.5746996727547 -44.78806836150828 -39.46639323850929 0 -16.05685931625925 -36.09771693274761 -30.36924970579852 -25.94549385864538 -5.580529284854824 -19.94854576250606 -32.17571047439709 0 -5.988739816621711 -28.41607168788431 -22.97170541155271 -7.589109279371527 -13.46774504705198 -21.56727221753609 -1.121658201877024 0 -4.954266514739405 -11.58397058609437 -26.92596234974235 -14.64156004319265 0 -14.25749600460743 -23.65384289187887 0 -1.878393245825412 -10.9840596261807 -6.234812641870569 -14.82428311082712 -5.009466991969388 -18.72731160062177 -28.63157118527298 0 -17.02485049568021 -36.392168648628 -7.783769515238487 -3.64005688949418 -14.76303346311156 -20.17133666605474 -24.95550277452758 0 -0.5025009284523581 -28.69653217755141 -30.7722024566208 -23.62158869416375 -5.935413623784344 -34.2959978163453 -57.39244231999332 0 -16.34666802503876 -26.96759122198934 -16.64216625660573 -41.13087820992071 0 -18.56119345508782 -34.30769107878942 0 -2.773471580601711 -29.81444102565342 -39.61821705010091 -15.71203103638586 -23.62146936621252 -45.93341260932218 -21.99594991618731 0 -7.062491137940629 -4.160666398626383 -43.10741264586839 -3.252411793950003 -3.802537448376132 -48.44606892672721 -12.39205213871028 0 -4.062638476872548 -38.26458782824381 -8.741403444979206 -26.91901156362644 -12.45553815323906 13.06444723590686 -0.5155148448672007 0 -18.3893195025185 -19.24115672078695 -34.92081366186109 0 0 -6.423554803040868 -29.86438154718928 0 -8.49835285922763 -20.37446585500611 -4.500552949211334 -7.059501556456786 7.381609952979662 -33.44468167762414 -1.651027145636648 0 -2.753076305584529 -19.08185364671714 0 -17.1300034547574 -7.441110499240095 -15.67996746263189 -46.96997882143215 0 0 10.91030190324479 -21.11344118004208 0 -22.86234303876049 -1.309763616586988 0 0 0 -25.07394112806451 -18.13746719014965 -27.03333520280813 0 -24.8661775168753 0 0 3.036038782992489 -22.83058864541952 0 0 -0.2494990599685925 0 -27.78249581203289 0 -13.23146921277247 -4.826843479108101 -28.6900563601819 0 0 0 0 0 -7.233206522584101 0 0 -9.99322598867696 0 -29.2310920627219 0 0 0 -7.621003256288326 0 0 0 0 0 0 0 0 -15.6450669948916 0 -7.679559787695653 0 0 0 0 0 0 0 0 0 0 0 0 -8.139669320019557 0 0 0 0 0 0 0 0 0 0 0 0 0 0 -1.406451143844303, -1.982303924275598 -10.6115220698809 -18.65515069894893 -10.73731424807783 -7.60218754154078 -25.38674641904784 -20.49837013541547 0 -7.017257150516775 -14.13364279742927 -13.78732893505214 -9.481473802874332 0.06591260739718696 -3.898998436747013 -0.2768462658644806 0 -2.840368465227564 -0.03201684421505924 -2.451735276373094 7.140027511594241 -0.2603643297593914 5.107287278070743 13.30013384931257 0 8.402334994028257 3.116893222956446 7.4040533920654 -0.6603719776370962 0 21.27552821684308 -2.900878817537748 0 3.752998696143249 11.38671632361233 16.5650577171556 6.286922033807336 7.957362059527714 -12.88693792490298 0.1671923728355438 0 -9.39106758609436 2.005016239096996 12.56631559224932 7.871476595759912 -5.520860653396841 10.45280472579592 -6.767986999702717 0 3.70555756096874 -7.862711255553325 2.66503288531797 -8.025221721807357 3.244808268038346 -8.423955697939402 -20.49411113923015 0 5.145903032887367 -5.174010859584472 -8.523995157449075 -11.09781731658584 0 15.98125792404038 6.318712390616376 0 -2.392411616607441 5.526484321415213 -3.596703074062188 -4.83865088277952 -6.729096755427523 -17.11643430683699 5.382479476935139 0 2.946853291247116 12.06056526215183 0.7450267412561544 24.1762181964038 9.893832859293539 -9.474962346712095 13.04136050086777 0 0.4984057273714277 0.07666804796537541 -3.31155820274999 1.345673397776314 -1.539907197918323 25.83632204279802 40.70558886521855 0 -3.512953302895514 28.28753003994407 5.523699668227533 0 0 6.514247954328114 1.530008017841089 0 -1.685584675271782 -7.804415357846885 17.0354007091876 21.33306164082623 13.98688782520693 9.226330821188633 14.78752544848668 0 12.51171798592076 -4.79088751103518 0 -0.5669856221723997 -4.685756792972509 0.1929589447338187 -26.52569457163969 0 0 18.56787698017537 14.71621160055156 0 -8.791299802128043 15.67127071161752 0 0 0 -21.37518412874649 -1.341636786917887 -20.11734934500416 0 -15.75495103568798 0 0 5.053370341973795 -5.417471316549758 0 0 4.146280258558233 0 -30.54043076504433 0 -12.38993411427807 -0.5645299494637915 -23.2624631606102 0 0 0 0 0 -4.036874280178257 0 0 -13.97300369574561 0 -34.76101036302066 0 0 0 -6.672949112314384 0 0 0 0 0 0 0 0 -23.54874329247119 0 -9.829927477236769 0 0 0 0 0 0 0 0 0 0 0 0 -13.16766136082702 0 0 0 0 0 0 0 0 0 0 0 0 0 0 -2.444285066467624, -0.5792821914983506 -2.939770661101029 -4.629145437335495 -2.165018732874662 -1.557156332064869 -3.021536489584513 0.2318749725667031 0 2.238015934035027 7.700380435177945 3.411903670989847 6.82489020858741 4.996718422828307 11.21886738877639 28.4545658286627 0 0.5615752888445947 26.09299082968978 17.19432761963839 19.70097916120646 12.36133751706788 29.68840078683291 24.66255001114919 0 19.85223492157111 16.98375404478178 39.70484797560385 12.98602207132424 0 52.58626564537049 17.85092672943418 0 8.841620961787724 31.78698158782084 36.43424876664602 26.21639001344121 19.4568317064678 -5.749124289341111 27.91944665540689 0 -1.023642186847802 38.68706988031395 31.35587392068482 17.97775560863318 3.930118683981273 39.06956392217007 11.49957679287218 0 7.216003090371916 12.95567741992938 33.96547410575054 7.746350844289309 11.99176981238356 17.34897186865627 16.54071949864839 0 25.91838421044647 15.5958809540009 -0.2297700060399128 18.42321283162472 0 48.57882149458332 46.18451972333759 0 -1.8952432220272 40.18963904304122 31.01946000789394 6.248179642755399 9.66709908268378 12.39383635926366 32.02485838374248 0 12.63854974893026 27.55001218727971 43.98187089297919 49.85559180703622 23.51199255224358 28.34709753625677 38.44678419381908 0 4.841267851201646 38.1540852807637 2.319270227816488 29.9291631010646 9.556277933407529 37.27416408225524 79.23378475420071 0 10.96409591179948 76.12481189783495 44.82103046531557 0 0 19.56419156650979 34.31606803014898 0 5.140801002356784 3.593143130852945 38.24124986263234 48.29067656389771 19.91566755109076 51.32296458490107 32.00130994473398 0 28.2264021418836 9.439985720564586 0 17.38079550351183 -2.501048726703964 17.00642379362921 -8.136347735078203 0 0 25.55204732326336 50.25970148002973 0 5.562593635680749 33.6751121287019 0 0 0 -19.64447347468355 17.15326033066901 -14.23539170259564 0 -7.597319013167879 0 0 6.910964495956282 12.69478664825354 0 0 8.869700977799035 0 -35.81728435979078 0 -12.56971038500429 4.209830948973094 -18.84708748916629 0 0 0 0 0 -0.5820565371829601 0 0 -19.0964235021688 0 -42.98735676301064 0 0 0 -5.976982342706367 0 0 0 0 0 0 0 0 -33.31468650932149 0 -12.70736664618357 0 0 0 0 0 0 0 0 0 0 0 0 -19.20834854945618 0 0 0 0 0 0 0 0 0 0 0 0 0 0 -3.665680189480804


GFLOW: 1.7 0.01023652193872995 0.009954727304357116 0.01151806273335415 0.01123571312904111 2.998116816989689 2.998163741446815 2.992831774164853 2.993019424840089 -0.006021006640563359 -0.005766456223082609 -0.0008112796356904032 -0.0004491111676312258
q-corrs 35.72529707773259 181.7354049095305 307.8829496920758 173.6500090315666 110.1233751649455 371.6470500919028 312.7880240807176 0 110.3019006145861 229.634346880059 152.8298774849553 126.5679554856741 34.47068502951802 86.13635794247065 138.8438589983644 0 10.09530953123134 65.20894565029589 38.54721273370054 20.15954865948473 13.82670897790677 17.60794244102901 3.111632774181564 0 -1.771831116697832 -3.659702049019442 -18.84519790874183 -15.05388234116509 0 -29.55962788579922 -20.52979268307078 0 -2.692470327386567 -17.56063244595094 -21.66325393764124 -15.6933700909772 -17.49004874702977 -21.67158373213169 -38.47870504021656 0 -13.80011439289387 -43.46380901739697 -8.927091116712674 -11.39151678262707 -9.159777787280909 -20.44713956133641 -10.79341959017371 0 -5.436430422209433 -17.17981388096579 -44.50598847433489 -19.71983844559048 0.7955888659359158 -13.14175091330779 -31.6240586478758 0 -2.663992916336664 -19.80945441381565 -3.72045530181291 -13.34776134962159 0 -1.093963480262072 7.864331519256 0 -3.348610093377149 -0.5315457011174289 -11.44898837643142 1.264921641467859 -10.89406768856923 -3.186309704549578 1.211071297465381 0 2.175216632430453 9.346515628620651 16.45696683965036 17.62263818660794 10.0928311885215 -2.328020631052002 19.99955936548784 0 2.436846487522937 18.53105828911779 1.902162683380339 18.06297329950259 6.536907098588557 15.83563589361541 33.70576921019172 0 5.581016695550201 46.67574106717785 29.05018751211537 0 0 12.73857477399028 29.44278867748535 0 5.049416112250782 7.205800272167135 23.66076337898471 32.86453308046626 8.983346274362628 45.28767287046338 22.41455495195301 0 19.21747219418464 13.01174631671834 0 20.11761482465739 4.036198093109355 17.90196439554205 28.85791520125272 0 0 12.19695150502725 50.52826902283628 0 16.73897050227337 24.91205274130056 0 0 0 17.32022237945706 22.41006125941558 18.53740056039205 0 17.64460966981136 0 0 3.402259140317179 27.15181432402715 0 0 6.81966732349176 0 19.77699369435144 0 9.764617659260374 6.069010684350548 20.28062647005574 0 0 0 0 0 5.419263032994991 0 0 6.646256525354212 0 20.65618794619076 0 0 0 5.333997943156843 0 0 0 0 0 0 0 0 9.839609686528201 0 5.22651798016732 0 0 0 0 0 0 0 0 0 0 0 0 4.717773536556983 0 0 0 0 0 0 0 0 0 0 0 0 0 0 0.7312033789892982, 30.00541026005911 152.4220759060912 257.7860221167278 145.1015284725658 91.80585768599455 308.9648408274272 259.1622852336861 0 90.63152739099596 187.6363958245196 124.1953667003876 102.0246402713917 27.44214372523259 68.0160561069568 107.8432503388209 0 7.552108532870918 46.65470831199901 26.57581995858393 12.84595954615488 7.928667752249503 7.386528799179519 -1.412357915993952 0 -5.133214071270054 -6.988718419278877 -25.03073792936856 -16.4939015441422 0 -34.23425865411733 -22.66721965231873 0 -3.607127342564157 -20.33566813441929 -24.04564776980784 -18.36062305783418 -18.02585985501558 -19.83174223375435 -39.69243116898716 0 -13.62050814431296 -46.19018637407406 -11.9946493450362 -12.52262471604204 -10.07676722196327 -24.50899559683234 -13.49150058625056 0 -5.721709337845372 -19.59935665800193 -45.89010186159694 -20.19076481878141 -1.130672954375718 -16.94765020583372 -35.96546018063479 0 -6.874926317334634 -22.51534899527907 -5.26086865583601 -18.72108073235064 0 -7.859582102674419 -1.233465157120516 0 -2.966993836086972 -7.188276619259416 -17.77210415803874 -1.373490062580167 -13.38435315894431 -9.182050926549067 -4.576470125897201 0 0.1318469512945515 5.585827891972336 5.522008403139127 10.99162713247232 6.672805857728532 -10.7665796601076 13.19724880536555 0 1.180365442734198 8.514112702800841 0.4199028030126873 10.4063954785428 3.45931051799586 12.76316565718052 23.63624836246904 0 1.804752335961565 33.52895838495955 17.83323810688788 0 0 9.044176591190862 20.41745868687722 0 3.017587368003248 3.498139696768254 17.68114964463157 24.81895884514146 7.358734468193132 32.65922041423118 17.78433599866711 0 14.88006277743769 8.510120426145647 0 15.08809867809708 2.789108196157819 13.07922678859288 20.40753436829171 0 0 10.34160947149286 39.29201378478722 0 11.91688701823042 20.07114639288312 0 0 0 13.45196098494148 17.19157021161372 14.23441904557885 0 13.18346478193662 0 0 2.912512429668222 21.08053868281652 0 0 5.563058037390824 0 16.20392406819603 0 7.795234181619589 4.731742709643127 15.94160062242585 0 0 0 0 0 4.158002595356227 0 0 5.680352580849588 0 17.2017678268734 0 0 0 4.263129625229816 0 0 0 0 0 0 0 0 8.535074226704589 0 4.414083010894013 0 0 0 0 0 0 0 0 0 0 0 0 4.157090740700812 0 0 0 0 0 0 0 0 0 0 0 0 0 0 0.6561138550304972, 17.31180165387973 87.32001517357767 146.468467888436 81.65225876039514 51.06051776245187 169.584209744188 140.0217337550104 0 46.99287973062652 94.59483188161732 60.57155649392829 47.66587408052072 12.0592988902812 28.1023289718162 40.03557525931012 0 1.841510647400252 6.241916668628641 0.3012669519444398 -2.683179653728755 -4.982765550350477 -14.62864257034382 -10.39636711266363 0 -11.95089552865377 -14.19995939343602 -38.31733876930917 -19.71145276325313 0 -43.32856746965558 -27.78839269508236 0 -5.523749838131741 -26.08590179623111 -28.49361230402254 -24.30040734215299 -18.84937768290706 -16.70590918780536 -42.81116775256312 0 -13.98518369323538 -52.85854556487493 -18.74898344745593 -14.63892189081216 -12.62311107809409 -33.64056742302101 -20.43611459122097 0 -6.11376273792362 -25.95129632650082 -49.40594582001017 -22.34240151489274 -5.729616919332948 -26.95340856439841 -47.66796165936832 0 -16.72947149548258 -29.04885720795924 -9.424486342528477 -32.06206987654774 0 -23.49151520519213 -23.19676905932936 0 -2.264478917160794 -23.55738516643067 -33.39225395020682 -7.932577037349821 -19.74258079620743 -24.64973062914248 -18.29918169758276 0 -4.863502185332029 -3.288109833159888 -21.17599414512796 -4.416291158624459 -1.373300807898584 -31.62006426744627 -3.010544424649432 0 -1.858865797058245 -16.01546033161353 -3.305028791265381 -8.369285551688071 -4.088887248350797 5.985254805305873 -0.05413259593558983 0 -7.764680972119075 1.998287117991805 -9.815772657845447 0 0 0.1820448707036975 -2.127010933912337 0 -2.057504163832784 -6.315993450643309 3.389842454590581 5.172993249060974 3.775853088975391 0.9607451384589965 6.61994427688793 0 4.480698943677165 -2.9362291517137 0 2.235129463737694 -0.6729922243311548 0.9341986873443284 -2.640841576198699 0 0 6.28001683549043 10.91826805103072 0 -0.7644418057378104 8.326555793645403 0 0 0 2.316408414553382 3.719904598474712 2.016461489077807 0 0.8971645323957596 0 0 1.838980808849993 5.002392568226397 0 0 2.493492720907195 0 5.374825166566596 0 2.051365804123144 1.239055862682798 3.420767563024167 0 0 0 0 0 0.6605296188603623 0 0 2.521830701798614 0 6.493414103352672 0 0 0 1.109603073953407 0 0 0 0 0 0 0 0 4.091639334121206 0 1.820844097946952 0 0 0 0 0 0 0 0 0 0 0 0 2.135599450096676 0 0 0 0 0 0 0 0 0 0 0 0 0 0 0.3613653173440717, 5.72382454808618 27.86227569407716 44.82546486870363 23.77801372573984 13.86231635936393 42.67070671026799 31.97240490984742 0 7.710568440096808 11.29427505545251 3.204741953750446 -0.8039417706404439 -1.157792482572375 -6.743424340909066 -17.81191476284702 0 -3.406030009119593 -27.53953102685602 -22.03479758441907 -14.44860902706742 -15.73041151561628 -31.91804636130959 -15.44823104353171 0 -16.06161467333951 -19.65558867143583 -47.89329327423267 -22.22867201800739 0 -47.04026990454831 -32.46119488118909 0 -6.655634555329547 -29.20398187828082 -29.46013167463145 -28.58205144045365 -18.18398116744954 -16.07615862600661 -45.39488892860114 0 -15.79901976706839 -58.44041328533907 -23.39506636848878 -15.08941390028254 -15.67201288932633 -40.38632930364295 -27.84826291965107 0 -5.731925556260974 -32.90094707458709 -52.11202091047151 -26.0630720615332 -9.91863145387263 -37.97699959704755 -61.147152202842 0 -25.45034314054174 -35.12722920259904 -14.38697558417868 -45.62221220919821 0 -36.78314948896947 -44.309365045774 0 -1.994512861640853 -39.69434018092144 -48.94342788496749 -14.82894230015534 -26.52447566769183 -41.89897595309054 -31.02824772371701 0 -9.741652721995814 -11.28766309414004 -47.8831246083718 -17.81025145829411 -8.723739912565685 -52.92034618373079 -18.41704183145925 0 -4.803084294486664 -40.81358263406173 -7.339034106529538 -27.53576548117372 -11.82067296756622 1.046343127284889 -21.32361223067205 0 -18.02755917164502 -28.47553757237465 -38.06166351064503 0 0 -8.428313491870288 -25.98937815890605 0 -7.475590788506594 -17.57987536626447 -10.27964636372442 -14.2728240731409 1.154250819789224 -32.47090183025267 -4.304240872549491 0 -5.584890746731404 -15.50625476897635 0 -11.96156976751023 -4.93598336621856 -12.16270175073593 -30.54334789655982 0 0 3.365576153333802 -19.29160154696183 0 -15.44248052583588 -3.331020645249094 0 0 0 -12.11780161862662 -11.43168195238427 -13.61598883915268 0 -14.23178911171764 0 0 1.062409707268069 -13.67161462492493 0 0 -0.5973681450015533 0 -9.528389539796141 0 -5.529241363912654 -2.764375723449328 -12.93967787197795 0 0 0 0 0 -3.706377421525902 0 0 -2.164800511727902 0 -8.609706466141027 0 0 0 -3.111555455071272 0 0 0 0 0 0 0 0 -2.745276870473099 0 -1.9452815798965 0 0 0 0 0 0 0 0 0 0 0 0 -1.120601018023381 0 0 0 0 0 0 0 0 0 0 0 0 0 0 -0.142935353873145, -0.6431509853884414 -4.66197304455261 -10.42527755880664 -7.410484503095917 -6.112168478057748 -24.56081440424354 -24.25100678470656 0 -11.98145532396293 -29.44721112234477 -25.16555224464356 -23.70034461421493 -6.582922289725534 -21.58579483646238 -39.93446078923004 0 -5.890194378732669 -38.16743516077612 -29.25413218160146 -15.74016266411661 -18.37484638099421 -33.98897331585498 -12.2647643469356 0 -13.7526129065058 -18.92918782379544 -44.65301856749343 -20.9745824476289 0 -37.98876202296949 -31.64979702154208 0 -5.534625488713592 -24.60749052019028 -22.54716225140737 -25.86729491626093 -13.99919015487241 -17.34674163621056 -41.60498418533932 0 -17.1390547190093 -54.08421129044947 -20.27210474153952 -11.68682417795565 -16.54013638658152 -36.58852103657486 -29.65569442360159 0 -3.988138432206822 -34.2203022300197 -47.07782464677312 -27.09350836663663 -10.24983719301249 -40.99665663648758 -64.92434096445898 0 -25.82125231671397 -34.74757961800837 -16.76116034979565 -48.91339328849781 0 -36.28942306510594 -48.97104528036789 0 -2.206954230015781 -42.88195697934867 -51.88802447989627 -17.57623040551486 -28.22754960993022 -49.3243898507744 -33.12010598282321 0 -10.76206283473048 -12.22801734860067 -56.37714629407222 -18.72787981108598 -10.12771238764786 -59.62770396171894 -22.57592125166543 0 -5.599329027254718 -49.5028241013558 -9.219718611109247 -34.8411409878147 -14.84197801968541 2.431889467846714 -24.08356307567286 0 -22.26875318138929 -37.77810709987204 -48.47585085031736 0 0 -11.19124040596754 -36.59914996204554 0 -9.948383819703189 -23.17233456903885 -14.18883918398604 -20.46754196252928 1.830328096261153 -46.54109377006883 -8.018339615062361 0 -8.828071036762557 -21.70344634606413 0 -19.20303237190717 -7.501953341005594 -18.44998464419746 -47.19917268409353 0 0 4.192923282082186 -32.61259047759561 0 -23.66700029458154 -7.586925435801184 0 0 0 -22.03634365387305 -19.55526631665914 -24.14148496639125 0 -23.76195962688221 0 0 1.262992322195588 -24.16445577522436 0 0 -1.795434351340516 0 -21.02014258648391 0 -10.97420731009527 -5.006596336434945 -24.42708599707946 0 0 0 0 0 -6.549566288323668 0 0 -6.272489328268358 0 -20.77658954589173 0 0 0 -6.196426618736442 0 0 0 0 0 0 0 0 -9.075844950693792 0 -5.121674455376134 0 0 0 0 0 0 0 0 0 0 0 0 -4.33233184855561 0 0 0 0 0 0 0 0 0 0 0 0 0 0 -0.6794038830777878, -2.359142472119482 -13.05283345801496 -23.90073412156643 -14.47655976830048 -10.36814275432221 -37.20417716628218 -33.05244556800231 0 -13.62119508607039 -30.86480047000731 -25.9032235060073 -22.35034568807959 -4.979891847053647 -17.45006152175512 -28.66294180530976 0 -5.209924483474026 -25.64189801066207 -20.47601325451561 -7.242404530840396 -12.07515132403927 -19.72666434971925 -1.982048021243846 0 -5.027066328027485 -10.57047375644633 -24.75326926526277 -13.35590014325993 0 -14.26881506695082 -21.01974277486575 0 -1.832926707470703 -10.3434669101788 -6.679506735467731 -13.37177885388628 -5.042995761246198 -16.03310366719627 -25.4019985837599 0 -14.49452589703118 -32.32144127361174 -7.395580173127983 -3.771441185961893 -12.53284883435146 -18.21428084157004 -21.25860203779076 0 -0.8242784664217246 -24.44037188221616 -27.48386590219033 -19.98781298262992 -5.244514157224331 -29.06097067090847 -48.49322602224851 0 -14.39763039086638 -23.48497716303424 -13.82009789227284 -34.986321708782 0 -17.16021262132384 -29.33953952110287 0 -2.265529658113886 -25.6308695402672 -34.34259128568147 -13.30489957158543 -20.52041375669239 -38.33828516191953 -19.70723540143246 0 -5.924748333118538 -3.738013097701643 -37.0163394617962 -3.781664986100956 -3.488720386279317 -42.65155924763137 -10.92567629014404 0 -3.407569017997158 -33.41412260291567 -7.344314308959428 -23.61477667698748 -10.51026687989041 10.53536239235702 -2.681100174984764 0 -16.541734987031 -16.98763487363448 -31.70357221598686 0 0 -5.601417600341044 -25.76389503366362 0 -7.539350746331749 -18.91200588553296 -4.483349255175715 -7.866934608052039 5.991689644802774 -30.48987208077047 -1.408373014286015 0 -2.435193525669389 -17.1120282226881 0 -14.51506228786715 -6.97636837098966 -13.46491851192836 -43.18235002373936 0 0 8.933206706954882 -19.77083222418614 0 -20.24021248326492 -1.058144656483193 0 0 0 -23.33088560685851 -15.27726202822107 -24.57467481166873 0 -22.76952312253236 0 0 2.491315491107687 -20.10595121588442 0 0 -0.1812558741455964 0 -25.64769761300154 0 -12.25202803406039 -4.039054781999919 -25.94546981988686 0 0 0 0 0 -6.271288936060055 0 0 -9.166037258040095 0 -26.84046288092534 0 0 0 -6.853056421781831 0 0 0 0 0 0 0 0 -14.27593607445498 0 -7.012914961795604 0 0 0 0 0 0 0 0 0 0 0 0 -7.390028365504429 0 0 0 0 0 0 0 0 0 0 0 0 0 0 -1.270773934388323, -1.664025130506709 -8.92086160706411 -15.71312137577344 -9.06730033405854 -6.40040924619978 -21.44266671439578 -17.39710231756247 0 -5.971798049197587 -12.08523035986855 -11.614978652136 -8.051519555582527 -0.03338283302502898 -3.325715722518365 -0.4504122842952425 0 -2.360101263132489 -0.1159869666951892 -1.976752884407714 6.031605136652237 -0.1197036321786182 4.407334109486582 11.11447561528015 0 7.096388097754784 2.97149148383808 6.906954133463175 -0.3939891271567637 0 18.38839809376838 -1.997825565073077 0 3.400484656843437 10.2427644382568 14.3938450951373 6.064224357070868 7.106360629752323 -10.36883142786864 1.210205962496715 0 -7.471251662936831 3.114381155728218 11.62137651366239 6.842938691665847 -4.214019343599133 10.10000508484529 -4.704509300429711 0 3.059632998897212 -5.448122245972976 3.551395829094961 -5.493642338962776 3.271911541317543 -5.365907308126469 -15.1362633747459 0 5.299764418165832 -3.93162644949911 -6.5909783695991 -8.013601934173364 0 14.44782660828323 7.576276051519498 0 -1.88613384970049 6.61020003947321 -1.851279443901329 -3.541471744358724 -5.431800596206774 -12.54522011087538 4.862767071054265 0 3.077787808227537 10.95514750958286 2.487616327270269 21.12384156979302 8.817116546204081 -8.198664738458884 11.99192537126064 0 0.7141313798685656 0.7831131316954845 -2.490791409568904 1.549539493731576 -0.6966828515072051 22.21892662109556 34.18328837323486 0 -3.543947809638684 25.53613640373792 4.285789794758248 0 0 6.015185640091545 1.744602668549669 0 -1.45166039390641 -8.055235910405116 14.7855146823046 17.28672162814225 12.0172810128423 7.065446756228668 13.05425634468103 0 11.09448750037516 -4.502086509712162 0 -0.1724482175700075 -4.61851362095266 0.4046877753890301 -25.53961582896803 0 0 15.84904458070348 11.67899016188721 0 -8.025938031769414 13.82645585775006 0 0 0 -20.14706466605562 -0.7932202422688661 -18.63831700380603 0 -14.8850811919238 0 0 4.305397711753645 -5.048291947956288 0 0 3.656383676199676 0 -27.93893184364399 0 -11.50423592268062 -0.3809782637719973 -21.28454606829297 0 0 0 0 0 -3.547941837976405 0 0 -12.50018061368906 0 -31.45474182347722 0 0 0 -6.04013262944377 0 0 0 0 0 0 0 0 -20.88778830636144 0 -8.810388914415844 0 0 0 0 0 0 0 0 0 0 0 0 -11.59097314231913 0 0 0 0 0 0 0 0 0 0 0 0 0 0 -2.136830156177973, -0.5136652337778376 -2.556810888733642 -3.938506157207391 -1.783111728764105 -1.233918905421993 -2.105122771024438 0.7384843205843818 0 2.244286628402739 7.443665188236307 3.673442616571027 6.56542937489429 4.497563852624497 10.34696122609694 25.75425645473757 0 0.7014509694358975 23.76731322574999 15.83256968485108 17.58812634640375 11.30489910880054 26.73569679977423 21.73107770312629 0 17.59120674950492 15.61782272289206 36.40208776902238 12.07345913922637 0 47.06927537014193 16.63340522120566 0 8.054038371303134 28.75126834984917 32.59984600277731 24.04094489762488 17.72705895757592 -3.858597572564503 26.25269008881664 0 -0.05927977736605983 36.12140967791104 28.73163340501399 16.01499404750355 4.059759412093248 35.87258140402081 11.42780981767043 0 6.261720371610963 12.96322074304479 31.80859120263909 8.626713697873335 11.15970802183028 17.4841858848659 17.30271770603119 0 23.77914065057603 14.24653604112048 0.5731238132911978 17.74765330860605 0 43.56954742895567 42.81864880119248 0 -1.434756702140934 37.32040741947689 28.61181890663642 6.141629129690635 8.87817863457269 13.08852054265838 28.20243570482083 0 11.62437910569565 24.71666058401858 40.56380018810512 44.0696518643494 20.76518798866776 24.64204901443564 34.33895165654683 0 4.551941708153976 34.06272698630517 2.409222908350936 26.48759202811892 9.012181945977366 32.68309050614607 68.40395451729795 0 8.988335718368532 67.51279213689182 38.87755032882792 0 0 17.47566957118367 29.97058703958092 0 4.568371158643629 1.888365623213266 33.54275620343411 41.16900454789629 17.43815922229212 43.90361286487435 27.94513225828284 0 24.77303067762428 7.980153069410484 0 15.13240370664633 -2.651086749445041 14.86290897709315 -9.234902140188446 0 0 22.19112121608049 42.85738710258957 0 4.414086444252063 29.35715053846832 0 0 0 -18.19608517952184 14.92947242637465 -13.25393313401526 0 -7.553951850249844 0 0 5.985449037104699 10.62007211818897 0 0 7.71720549477637 0 -31.76159972417468 0 -11.37315567381301 3.661741777062987 -17.10607788783589 0 0 0 0 0 -0.5903929858476165 0 0 -16.54220705557909 0 -37.68731469171513 0 0 0 -5.334677454394287 0 0 0 0 0 0 0 0 -28.65486394896584 0 -11.04175959494701 0 0 0 0 0 0 0 0 0 0 0 0 -16.42400897552889 0 0 0 0 0 0 0 0 0 0 0 0 0 0 -3.118520802397378


GFLOW: 1.8 0.009330617645803424 0.009039994381404085 0.01043529866054569 0.01014485854255682 2.998293187783105 2.998341500537233 2.993484537442485 2.993677933475896 -0.005729250129779637 -0.005196338187647074 -0.001093365053465701 -0.0004429239064703911
q-corrs 29.705171923693 152.3692550356649 260.3007949032979 148.0621793030277 94.65593486324025 322.2631417936403 273.6896499127159 0 98.30027680419963 206.7046874725837 138.8463907634465 116.3014524453955 32.13926083557065 81.09525107273177 132.7783853242245 0 10.15766395437435 66.85463210219474 40.47664458219442 21.7280349473758 15.84397646886693 22.1491918814735 5.767300541322769 0 0.7840841730955925 -0.4495483035780601 -10.58034138130288 -10.65105641205827 0 -22.55041920316307 -15.94509937568146 0 -2.113658018347203 -14.69252831763341 -18.56287950197269 -13.6469758820909 -14.99046644352087 -17.99748526578489 -33.55224675624345 0 -11.9830069242157 -38.8345524528399 -8.668319998436441 -10.44293280052905 -8.461411256097506 -19.48687751344945 -10.68472635318693 0 -4.852115136624221 -16.24431808362359 -39.41855247558209 -17.35276313616058 0.1006526551289744 -12.90389134501088 -29.37755257798199 0 -3.659284357446449 -18.05431777053258 -3.906159169611835 -13.30991368673222 0 -2.245971625312689 4.795064233861488 0 -2.821889677647813 -1.390959527130007 -10.96139321022482 0.1594200245476762 -9.91279246236504 -4.530970333682077 0.5644723855700282 0 1.82290686679088 8.085888815317197 12.06109088600669 15.36008951236151 8.825510632045578 -2.865868842638919 16.78195507451589 0 1.903858908127088 14.87943813998905 1.136913770338533 14.83226939100654 4.910902884597457 14.52383781456609 30.63036513601561 0 5.052533541653747 40.19919966272441 24.52137851990544 0 0 10.74955300056716 25.97884642531042 0 3.874081472684274 6.522649476028999 20.55069443943366 29.3240353842852 8.239750950957623 40.41281973225659 20.19983694973 0 17.03395379311284 10.69604332670665 0 18.21844256751559 3.588349626060248 15.76680004626331 25.38666860378914 0 0 11.20439118513447 45.45565625502058 0 14.69585287930058 22.53505619056098 0 0 0 15.26492051738073 20.41804188755963 16.57989209418699 0 15.40834278562004 0 0 3.118220294270468 24.76976399849141 0 0 6.200881708821752 0 17.60717651963858 0 8.586606972338641 5.584337226924426 18.22493198794077 0 0 0 0 0 5.004611050629823 0 0 6.003572962625961 0 18.49457560398533 0 0 0 4.843305994840687 0 0 0 0 0 0 0 0 8.985009733072449 0 4.72645841750144 0 0 0 0 0 0 0 0 0 0 0 0 4.373381886549005 0 0 0 0 0 0 0 0 0 0 0 0 0 0 0.6916274572124164, 25.146135174481 128.7992201207456 219.6657149886552 124.7030678097195 79.54102174208612 270.087838311758 228.6626346907007 0 81.49582956514688 170.5043219188731 113.9312382822781 94.75623575428935 25.91813669706163 64.90156199136267 104.821089842075 0 7.761927483684325 49.44643256468628 29.110408297223 14.8131770759999 10.11584356187322 12.14486173541511 1.341544976919851 0 -2.58981168251333 -3.971424622294555 -17.43200585207187 -12.61369370059632 0 -27.7055349319305 -18.56734407398219 0 -3.045183922272281 -17.62290095559774 -21.13612977060876 -16.40259114425251 -15.84500152771316 -16.92885027991752 -35.40064211035867 0 -12.10759800004666 -42.04645329389039 -11.64551698652184 -11.60129391590249 -9.392745032950813 -23.44299890989052 -13.22116704439853 0 -5.180024360987051 -18.65657155903428 -41.4953519241706 -18.22060482376722 -1.655356776700835 -16.55602034104973 -33.68734786714506 0 -7.530820731981089 -20.71200979443559 -5.270560407539135 -18.23281530334375 0 -8.559651262564682 -3.412296589769064 0 -2.549341361570659 -7.64270477399434 -16.93717299599188 -2.1959755365683 -12.35747234431912 -9.957638422044699 -4.819494961819624 0 -0.03947276443411196 4.69218544224419 2.262485909087342 9.315128165425902 5.732782739022725 -10.70686611891756 10.6925879223627 0 0.8057651087630435 5.840758218547984 -0.1706779709364512 7.925466472500294 2.198572771793419 11.72230727841909 21.34997542114233 0 1.516899258137531 28.45877966221607 14.31661007379118 0 0 7.468334769141922 17.83671483927008 0 2.052722450727754 2.978670508002027 15.18803720220191 21.96467640792789 6.765396627727398 28.85748042915808 16.06899309960961 0 13.17333183581865 6.625200417012344 0 13.67063662107303 2.388458341359813 11.43608924076895 17.42369955216888 0 0 9.528397792810512 35.18524062281851 0 10.27811351722436 18.21650576947044 0 0 0 11.55569166165667 15.69166623023867 12.4916803758248 0 11.23208463208972 0 0 2.67715083014351 19.16461350499335 0 0 5.078073891800825 0 14.13334211879978 0 6.703142500286599 4.367786751955482 14.09034366218885 0 0 0 0 0 3.824728981372981 0 0 5.03725705025514 0 15.11483608989605 0 0 0 3.814874878325169 0 0 0 0 0 0 0 0 7.656608664504022 0 3.922014263970645 0 0 0 0 0 0 0 0 0 0 0 0 3.786193506319382 0 0 0 0 0 0 0 0 0 0 0 0 0 0 0.6093065612818054, 14.87687496603084 75.68155362658936 128.066432223005 72.04809843708821 45.45097912662391 152.4747038950673 127.2621895911848 0 43.71811633746671 89.24016253781798 57.86972300424975 46.42514124277156 12.10828166967894 28.76981438772937 42.82970659641705 0 2.336124708636397 11.01583180967421 3.877902031915688 -0.1145166413654271 -2.555359096786515 -9.686039343805396 -7.708953018456166 0 -9.597201435653918 -11.65038438327525 -32.25906637251391 -16.95292501899525 0 -38.04912457184619 -24.61489549383155 0 -5.0031824852843 -23.71893183964617 -26.09140552518489 -22.44571538770676 -17.37440316261662 -15.22469539762369 -39.66281254915689 0 -12.92653200043844 -49.45580682245688 -18.12309751881584 -13.80841957093009 -11.81881878630422 -32.18356917661618 -19.53166577938879 0 -5.702208321611644 -24.68365795188391 -46.26995399517223 -20.92424758326309 -5.789577913559896 -25.80173080905109 -44.73446180898486 0 -16.47580700960715 -26.96875044820769 -8.867150276848918 -30.21551010696852 0 -23.02200055996944 -23.00017916112401 0 -2.046059217270543 -22.74993958045022 -31.41934899477068 -7.955141495285302 -18.40961495769761 -23.66194075177074 -17.4710050708639 0 -4.549530224604584 -3.300225821161793 -21.41370423625339 -4.726802720764425 -1.534269955084606 -29.80437074218285 -3.761251345628481 0 -1.835823368511941 -16.0896168029013 -3.406822749672684 -8.865057493691072 -4.390482377972342 5.450478984420958 -0.5096459189062639 0 -7.309547099368752 0.3699318791237536 -10.62340893382435 0 0 -0.3787107796844855 -2.347280920935626 0 -2.442632410998391 -6.185740774595617 2.381568538601635 4.047527549832051 3.461298464371838 0.09949120412264278 6.089854206183413 0 3.906620890948801 -3.600562878466219 0 2.154006847999609 -0.8393268781082597 0.612254491169109 -3.749042750633929 0 0 5.782597460323735 9.445069625389337 0 -1.153529350769157 7.719863379710997 0 0 0 1.259570171599512 3.61374900663314 1.256440803038598 0 0.02234946019772632 0 0 1.689383442079806 4.559280699879171 0 0 2.331222847577917 0 4.088069778570788 0 1.413598820070043 1.227912653897202 2.576850904496117 0 0 0 0 0 0.6367412598354356 0 0 2.076814651898415 0 5.166863884754552 0 0 0 0.9059103156777446 0 0 0 0 0 0 0 0 3.464076996832709 0 1.501802466255132 0 0 0 0 0 0 0 0 0 0 0 0 1.858228262095448 0 0 0 0 0 0 0 0 0 0 0 0 0 0 0.3235141521420454, 5.238893123230641 25.83451376014174 42.16907377280029 22.74272955754407 13.52322009404559 42.63936231312717 32.95516903736795 0 8.85776655118144 14.65235375600219 6.150054978135207 2.29677182139873 -0.1046555179782014 -3.566292663743634 -11.54032326096658 0 -2.700625865760969 -21.98654506685604 -18.02898301539729 -11.91381288371456 -13.31441008962135 -27.34834369616374 -13.42176918288252 0 -14.2068259591159 -17.56639024341822 -43.21961451171394 -20.2936734487387 0 -43.20949083582732 -29.70052552081211 0 -6.188372523450865 -27.13404400657475 -27.67333316496238 -26.60572832137066 -17.28892007796044 -15.09534293057077 -42.5531964068483 0 -14.59311695697691 -54.83709961877344 -22.38265112884845 -14.38479910590745 -14.39099601272543 -38.21776393463002 -25.75163576489295 0 -5.500208466373621 -30.58785925834295 -49.29673117513753 -24.31332571190551 -9.40532779392783 -35.18824406574085 -56.18789832621979 0 -24.04725366508565 -32.34830145403609 -12.92577100045242 -41.7355996094807 0 -34.94801149166562 -41.19126821200217 0 -1.834229322098852 -36.97889838810903 -45.12842583357948 -13.74727896589301 -24.41430664607166 -38.17936757064942 -28.87978816518314 0 -8.837398751309046 -10.44662783076755 -44.40261049846885 -16.90954359562749 -8.129983759170843 -48.61572758946636 -17.30717151726918 0 -4.349956755043214 -37.72029051113977 -6.776468765961631 -25.61040508961681 -10.95196963644947 0.6259028002315923 -20.24892316138812 0 -16.51673601111623 -26.53480208763139 -35.61335960490928 0 0 -7.912418729313098 -23.36857847165106 0 -7.104443041438806 -16.36232550272664 -9.817768924768732 -13.63872522627173 0.8996875582081911 -29.81533727037421 -3.713931949333245 0 -5.068243393112706 -14.55931077388752 0 -10.37838498005888 -4.673909592175304 -10.88488616313829 -28.59003971709948 0 0 2.889562629105488 -17.70805623833791 0 -14.06869188387422 -2.74703107775855 0 0 0 -11.61794495622342 -9.764820022103772 -12.63582369866944 0 -13.3709059992749 0 0 0.9195398592440984 -12.06960510631007 0 0 -0.4479387175815884 0 -9.208921161483438 0 -5.326062768195468 -2.312916746992417 -11.94625739262324 0 0 0 0 0 -3.226864797728487 0 0 -2.127801155550297 0 -8.310761832010728 0 0 0 -2.844149421547486 0 0 0 0 0 0 0 0 -2.691590645681374 0 -1.865782658673604 0 0 0 0 0 0 0 0 0 0 0 0 -1.090687111907658 0 0 0 0 0 0 0 0 0 0 0 0 0 0 -0.1371906610175453, -0.2693041930458184 -2.511953378994903 -6.353595672516229 -4.867288193462418 -4.272635137504057 -17.7810799150011 -18.05647888467456 0 -9.338682166281892 -23.40074532744262 -20.38453230981957 -19.43765274186793 -5.467403810737057 -18.09123624978075 -33.8838499918748 0 -5.105035939843977 -33.40706173788772 -25.65109689447377 -13.98283885819523 -16.28073402812304 -30.3805403219128 -11.38935151709148 0 -12.63842408663685 -17.21858550260348 -40.8951898524006 -19.29614857925024 0 -35.54641514658253 -28.76118610967098 0 -5.170375818052965 -22.87393948622855 -21.44174097415172 -23.78469235543266 -13.40506984262994 -15.69971961890275 -38.27926990890027 0 -15.27365908297549 -49.68318861053827 -19.1016010937653 -11.17081728320042 -14.68377050447588 -33.91095419834772 -26.44581137208976 0 -3.937710987454266 -30.69064970517134 -43.66876336715526 -24.34134124891086 -9.392689757857347 -36.57692540476573 -57.62937051567406 0 -23.6634251056076 -31.29100513646568 -14.51262889480335 -43.39839019766449 0 -33.78242012597783 -43.99254835558715 0 -1.928763056500549 -38.73108318584814 -46.65176972464285 -15.61700561470432 -25.33767221597897 -43.25234613835443 -30.22213947996137 0 -9.535290140248261 -11.14294584103054 -50.48982166596178 -17.67708393813056 -9.279982905261978 -53.61119355995923 -20.54775520173162 0 -4.930015466023175 -44.44972903948508 -8.130077249439838 -31.38031670611331 -13.17272033269964 1.437144869650765 -23.15971262507203 0 -20.0998275184841 -34.22370832462313 -44.21184824115142 0 0 -10.13004599055168 -32.29442400036639 0 -9.035376992042298 -21.25067050129042 -13.19411205280823 -19.36959534748539 1.259073359129163 -42.12400214174018 -7.083020024454681 0 -7.925847522508399 -19.65843457265576 0 -16.60586683144474 -6.942215008470193 -16.1996232747242 -43.09152912122549 0 0 3.277995952041018 -29.65528754225995 0 -21.07864718709585 -6.626339551074595 0 0 0 -20.38029125351675 -16.78213137270542 -21.85377220085947 0 -21.64943663813572 0 0 1.003578664392588 -21.28059750171233 0 0 -1.545340209171431 0 -19.42785627867319 0 -10.13116062897905 -4.259208758774081 -22.01595740881844 0 0 0 0 0 -5.692620819223502 0 0 -5.82279395343949 0 -19.15072119065135 0 0 0 -5.554445117543323 0 0 0 0 0 0 0 0 -8.412366364662718 0 -4.705179736101639 0 0 0 0 0 0 0 0 0 0 0 0 -4.010734367216044 0 0 0 0 0 0 0 0 0 0 0 0 0 0 -0.6286877988838816, -1.886395927683798 -10.51291763702874 -19.38630938914877 -11.82533246838916 -8.515340126174122 -30.76639649020868 -27.53593467975631 0 -11.48813556324644 -26.22799980114559 -22.01490049294314 -19.15592128907713 -4.383621189686881 -15.15224046219233 -25.26149423165436 0 -4.522473867478538 -22.89939726424819 -18.11218086901296 -6.732897875557194 -10.73201436297604 -17.81537188701821 -2.454775273119645 0 -4.892196464138933 -9.520284927732384 -22.45325454746261 -12.06220305798279 0 -13.75839628823287 -18.56904946455282 0 -1.714035109016562 -9.533307903273508 -6.694189487251743 -11.91611139852807 -4.892451489338049 -13.77664737803589 -22.46187129835215 0 -12.36255766181284 -28.51761186214719 -6.787946779883814 -3.735203576538116 -10.67462511675577 -16.26220120764158 -18.10426805916492 0 -1.004053144271065 -20.90607183082027 -24.48817837389875 -16.96918878697504 -4.5594351919352 -24.64431097728825 -41.18398254024987 0 -12.6483002133861 -20.50719308541063 -11.52136161049706 -29.86977754327085 0 -15.67852909071892 -25.11986533471567 0 -1.878387815120855 -22.08349857719712 -29.86280724510056 -11.35499307555542 -17.91025672874181 -32.2453366447947 -17.64971886133045 0 -5.000477051465814 -3.318131861693292 -31.94023478252363 -4.010083199052822 -3.177140059338562 -37.70236163022605 -9.648483732792524 0 -2.865483950452945 -29.28831129466128 -6.227665794851555 -20.79138456706337 -8.939821249977797 8.544769006874633 -4.146166990077384 0 -14.90226724752036 -15.06743385356225 -28.74357191890751 0 0 -4.912148317636335 -22.35983083814645 0 -6.70043342692508 -17.51422874881447 -4.392859332398011 -8.291543967672407 4.882407081622837 -27.78293893721364 -1.233132679012665 0 -2.177646513690408 -15.34538606861402 0 -12.38611736910791 -6.524847582855378 -11.63312763790717 -39.65027215877333 0 0 7.331619584030408 -18.43453261011833 0 -17.95850648679473 -0.8891663505541882 0 0 0 -21.69372947400438 -12.95698968975401 -22.35217009463351 0 -20.82313409507927 0 0 2.048120497550189 -17.76435474059228 0 0 -0.1378143386054138 0 -23.7248155745236 0 -11.34320738760294 -3.402442836166125 -23.48595420415442 0 0 0 0 0 -5.457147104781649 0 0 -8.455213368823189 0 -24.71829651089364 0 0 0 -6.171805283594121 0 0 0 0 0 0 0 0 -13.11743257785936 0 -6.429798896038462 0 0 0 0 0 0 0 0 0 0 0 0 -6.765315545800413 0 0 0 0 0 0 0 0 0 0 0 0 0 0 -1.159404438861595, -1.392298539271236 -7.474450026164007 -13.1868925736682 -7.624930832535899 -5.372906448436618 -18.04157149637676 -14.68584316658095 0 -5.046679593799968 -10.24368325623562 -9.748745222119666 -6.784996577396605 -0.07058723098451902 -2.776924983065126 -0.4142640766346446 0 -1.956697069665876 -0.0430504982925477 -1.506191798359461 5.175446324204885 0.04533233151428995 3.94843089337941 9.387789118214862 0 6.08291073364411 2.872206503796944 6.575409918151161 -0.1104681555315503 0 16.12713127714159 -1.170863472205347 0 3.106974825612224 9.329874074012476 12.67189927834857 5.901909584449403 6.396716361633874 -8.342083368674464 2.054733150060423 0 -5.89763532743483 4.066908748284675 10.82074342941834 6.006964212180428 -3.152487858504253 9.774757532618647 -3.03238755530282 0 2.55768552633968 -3.581690203761806 4.163648375862108 -3.54757101035936 3.288467830882365 -2.971679919645926 -10.96056716596956 0 5.32974965399575 -2.92557694460555 -5.03900315086009 -5.593561674089353 0 13.10311010974309 8.373220517073992 0 -1.500883630808596 7.244496367522465 -0.5470822427986439 -2.575570276951056 -4.4094098226777 -9.08055202622217 4.346956116010469 0 3.104846316636524 9.956506585239705 3.623054191357684 18.51099372728475 7.841484006525221 -7.191371444351349 10.93719290729044 0 0.8628583283634932 1.190056621183358 -1.879603338230343 1.574021173861326 -0.1167664000753453 19.14784469557852 28.72620329320669 0 -3.535065438233626 22.88597537965859 3.226354588511531 0 0 5.490712956944476 1.742710109998408 0 -1.274412324566744 -8.106990622516406 12.78493550787457 13.94012061736463 10.33674835320993 5.235996133704896 11.47658738365067 0 9.791553502707938 -4.235484299252195 0 0.05086187896859529 -4.495907407656558 0.4880216828679291 -24.39166748760635 0 0 13.53356186181497 9.133759824977155 0 -7.350349886491397 12.14817632771489 0 0 0 -18.93805455340301 -0.4427530370180227 -17.24548395542239 0 -13.99410803417531 0 0 3.668750781249122 -4.733120175931784 0 0 3.211603972052743 0 -25.6312749435033 0 -10.67878881419587 -0.2548691026177553 -19.47841794202519 0 0 0 0 0 -3.130165163320093 0 0 -11.25881861568686 0 -28.58450521294964 0 0 0 -5.474514419625458 0 0 0 0 0 0 0 0 -18.6720661048166 0 -7.939429316348823 0 0 0 0 0 0 0 0 0 0 0 0 -10.29108751836532 0 0 0 0 0 0 0 0 0 0 0 0 0 0 -1.885470618922127, -0.4468670288056469 -2.185896313684864 -3.293739318738076 -1.437344033829134 -0.957379709789647 -1.347967740304215 1.126410583549344 0 2.209141435525384 7.115137543956987 3.796302775950613 6.251364370403642 4.042753166719432 9.505177620187528 23.27817769165002 0 0.7907774407523914 21.61930262452022 14.55110670409001 15.70297935280826 10.33568127779038 24.11463958699687 19.17113287431021 0 15.62608787329812 14.33062669186114 33.33153320588256 11.2066245893702 0 42.20233038968268 15.51690522114833 0 7.332999415908256 26.0406225650068 29.22718077430917 22.0606907231533 16.11835755921292 -2.427935490170564 24.58324280505817 0 0.6798820715436436 33.69886160919051 26.32359819852941 14.28858330693729 4.117962317356143 32.92954037168867 11.24797662572939 0 5.458152656578159 12.73300806302414 29.61070803906704 9.112115815801252 10.39351624746587 17.34642715673223 17.58145372815648 0 21.77117894269935 13.03772187026961 1.208435787580306 17.00273225118007 0 39.08383848330946 39.60702669212949 0 -1.087296845166451 34.51701224742853 26.35803980911432 5.904047807143337 8.116636129882567 13.32255028982218 24.81026642477257 0 10.66950201995574 22.20382312554181 37.21881762669878 39.00682987217179 18.33874542682456 21.39399233223967 30.61796091160183 0 4.276345007930269 30.31811241530481 2.397558457515746 23.33473984293339 8.407494212247446 28.6559193919427 59.06951395427799 0 7.320039794114003 59.74426554488391 33.6294723720677 0 0 15.56764618237385 26.08850187870518 0 4.012982192804714 0.5598649549484498 29.33510627640759 35.02505499550378 15.2583685956898 37.43311925204377 24.3840402430169 0 21.71574904642207 6.669607743189929 0 13.14035931564282 -2.735683992955771 12.94093476444705 -10.02068248207658 0 0 19.2504988606107 36.41902887559451 0 3.411784669404609 25.57443564547332 0 0 0 -16.92062330468439 12.96626589273014 -12.38587409743653 0 -7.473083507319721 0 0 5.177762649513063 8.812469108927949 0 0 6.711210013176819 0 -28.392591730732 0 -10.35992276991019 3.181043200038651 -15.61946855121305 0 0 0 0 0 -0.5976591776664969 0 0 -14.4637816392281 0 -33.32743493844313 0 0 0 -4.793271748957405 0 0 0 0 0 0 0 0 -24.88085783258144 0 -9.679999116157992 0 0 0 0 0 0 0 0 0 0 0 0 -14.17683493879196 0 0 0 0 0 0 0 0 0 0 0 0 0 0 -2.678121910869261


GFLOW: 1.900000000000001 0.008549492842711628 0.008249771925408551 0.00950955548547287 0.009210406966543853 2.998443959803856 2.998493745456454 2.994044958513353 2.994244352322646 -0.005417905663280653 -0.004698714285503066 -0.001270161325089373 -0.0004277681899874689
q-corrs 24.93730434040062 128.8521034009088 221.7536381833027 127.080056463899 81.83009891583762 280.7468875447585 240.3194890807641 0 87.708367430404 186.041159912939 126.0229811708773 106.5737245413985 29.78912431056223 75.82753846633048 125.7161195115733 0 10.02162393397594 66.78404791578507 41.15678895704134 22.45927563998619 17.06055455674485 25.12134300882983 7.593342442879967 0 2.658932143239908 1.95550696297377 -4.257806085121316 -7.22575004802775 0 -16.97818476869219 -12.27393704946995 0 -1.629596327308829 -12.31584711912921 -15.96258540390854 -11.88102404859588 -12.94531310851538 -15.09418988114412 -29.52334059114497 0 -10.49782487518921 -34.9411034398634 -8.305553629644423 -9.650838213204324 -7.889117090766688 -18.54323943762271 -10.47932015992222 0 -4.381740943145939 -15.50188484096637 -35.4054768887372 -15.47408017959531 -0.3753613933555613 -12.60487031157527 -27.63151353327226 0 -4.439570155600685 -16.74574917171665 -3.996968209072638 -13.27550782027922 0 -3.219827187144359 2.354511780385819 0 -2.418974555467821 -2.103661364801499 -10.6669667685332 -0.7613918854796029 -9.239135522548498 -5.659725772972666 -0.1278773020084505 0 1.514346145889859 7.090411292505057 8.503527519516062 13.5042731962252 7.75593571546665 -3.647084699290827 14.15442796876173 0 1.504659677421935 11.77686482412078 0.5096494669048259 12.07993119545515 3.605365069497936 13.44359765360922 27.86637664849052 0 4.402066173147545 34.81702882825176 20.62094576361316 0 0 9.131121369672522 22.82503803612416 0 2.914152417174751 5.707797868972906 17.95944715502079 26.20989448380588 7.624636150717714 35.93512446069658 18.25856299630311 0 15.18007319865992 8.726110257088834 0 16.39002779720364 3.136859557757839 13.85211317027991 22.05213429652736 0 0 10.37591686057322 40.82862957046837 0 12.78999021554239 20.42947826206263 0 0 0 13.34214648658086 18.46429649537315 14.66322107015757 0 13.34341416206214 0 0 2.881648979321043 22.40304189810789 0 0 5.643882561934199 0 15.5775627142895 0 7.505925230755317 5.089492025760278 16.20034296809531 0 0 0 0 0 4.547423833669189 0 0 5.395267742454001 0 16.45982604862714 0 0 0 4.344337199331384 0 0 0 0 0 0 0 0 8.156105762779545 0 4.244957386374636 0 0 0 0 0 0 0 0 0 0 0 0 4.022864143295227 0 0 0 0 0 0 0 0 0 0 0 0 0 0 0.6471191237903209, 21.25859772926579 109.6861160359122 188.4565606046391 107.7922591810901 69.25559577884971 237.0087040246125 202.2853105995131 0 73.29699320983755 154.7515888483425 104.3053293108043 87.64975592587759 24.28719084429787 61.38503698372894 100.5872067988998 0 7.790547354082991 50.61577423530785 30.49916755360091 15.99381468683581 11.59227015087758 15.50841987672821 3.340002165495306 0 -0.6491352572282965 -1.615123597483424 -11.40933945642147 -9.502425879845859 0 -22.35906146222777 -15.18002070886244 0 -2.551817128413497 -15.29430712977766 -18.61372289451209 -14.64365522153696 -13.99525553203176 -14.57165156940948 -31.76437232975675 0 -10.82997369880122 -38.40871420592457 -11.14810592165212 -10.79432989309444 -8.811007932832776 -22.32620397992768 -12.85257322398204 0 -4.725763783481228 -17.84389318037845 -37.86863545136458 -16.58487432478508 -1.975923857239157 -16.06771426372539 -31.80116762513967 0 -7.97159862693321 -19.28703587734464 -5.216360933472565 -17.76463556579721 0 -9.044435695400391 -5.044733540883507 0 -2.226067318735272 -7.921240018676533 -16.24684225949768 -2.855820873342357 -11.5747809529251 -10.5613113326701 -5.075133567195456 0 -0.1866879482285873 4.014315311029643 -0.273956537665458 7.995022874711159 4.960458766044626 -10.84672853049884 8.698981332464379 0 0.5357734302848223 3.645971306393624 -0.6421147201147313 5.87313001421419 1.210783039974545 10.8721901673438 19.33201268842382 0 1.135558500930191 24.30824911610286 11.37439517698066 0 0 6.208483529091445 15.49762916735166 0 1.287680781217125 2.380829653809716 13.13927425585179 19.48605917999345 6.275316413915087 25.40467132407257 14.55514430346649 0 11.72755963385308 5.061624478275043 0 12.28881723151001 2.003241434016712 9.967921429684615 14.64966148498653 0 0 8.844633954879184 31.46401013722182 0 8.772146373840124 16.55720813081235 0 0 0 9.84202034258985 14.19695379332913 10.83994481634305 0 9.479296357960315 0 0 2.479428651998655 17.26736414666494 0 0 4.635744611293441 0 12.26078694501362 0 5.731316995240745 3.987577316627759 12.32598629764034 0 0 0 0 0 3.45870038262135 0 0 4.449780975771572 0 13.21653474896914 0 0 0 3.375512378564908 0 0 0 0 0 0 0 0 6.838249417709015 0 3.466010974156854 0 0 0 0 0 0 0 0 0 0 0 0 3.428013558151291 0 0 0 0 0 0 0 0 0 0 0 0 0 0 0.5609936575676251, 12.86415331314171 65.94027401644269 112.4542271016695 63.77650422776478 40.55134416536936 137.2355398756086 115.6187335599128 0 40.52487425624538 83.70407574515448 54.90209960708985 44.7293011632031 11.92596604491014 28.80486031673344 44.22211545883184 0 2.699449338111507 14.52616187885115 6.615655146954435 1.851643321386198 -0.6072626163587049 -5.682681676331526 -5.545350396606803 0 -7.635899502422157 -9.440117969367082 -26.9674121617701 -14.51882586088792 0 -33.35202544393166 -21.74669733658537 0 -4.49304975868049 -21.4974442642062 -23.80552144925264 -20.62703811603202 -15.96064644517226 -13.8642194650839 -36.69084891557766 0 -11.93687952004579 -46.11074134185795 -17.2613636939872 -12.98830909957339 -11.0904906255386 -30.54705633827015 -18.57155695157511 0 -5.309275636956604 -23.46251570024627 -43.2753702559304 -19.56578220263943 -5.690743993259288 -24.54717791738273 -42.05423091279616 0 -16.0297213805057 -25.13515901248221 -8.343450188682315 -28.47841033090558 0 -22.27516843551366 -22.49780154295706 0 -1.86692682173598 -21.76098290280634 -29.53805096763094 -7.897231919563152 -17.21427154839174 -22.68747445043768 -16.60579464465855 0 -4.263670874705703 -3.206026343092302 -21.26738740425818 -4.788104418726711 -1.595288300855368 -28.15906665786129 -4.196583124012042 0 -1.779359941294291 -15.91092516932219 -3.451624462461517 -9.09500423840816 -4.551179912327704 5.047790711405309 -0.7755412329988234 0 -6.920296438834168 -0.7607620895114766 -11.04964916670435 0 0 -0.7567372526163099 -2.538318581468188 0 -2.683903321702705 -6.071860692845148 1.644969909975756 3.166703734474952 3.211978940400646 -0.6073210201658492 5.603375250460086 0 3.440538873558637 -4.044796847013558 0 1.987466783661694 -0.9764876180462783 0.3289005021473428 -4.651832693307643 0 0 5.36459132359356 8.149095539916825 0 -1.485946664037826 7.140283384238216 0 0 0 0.3833120442516371 3.388885532723978 0.5853675337140842 0 -0.6879183020271693 0 0 1.562939216731476 4.058415566387809 0 0 2.16878517144904 0 2.98918076058786 0 0.8849384636055184 1.172178081643606 1.817289987147181 0 0 0 0 0 0.5747965141912164 0 0 1.682894778119441 0 4.017703735799675 0 0 0 0.7141526018775202 0 0 0 0 0 0 0 0 2.892751105124594 0 1.218289530378422 0 0 0 0 0 0 0 0 0 0 0 0 1.59439921787921 0 0 0 0 0 0 0 0 0 0 0 0 0 0 0.2848892808543844, 4.79189719736763 23.89703207032065 39.49217535988158 21.5974514119108 13.054656557225 41.95750892629218 33.2035628762826 0 9.615243137482096 17.05180621783236 8.38883702061848 4.714398265313213 0.7211353176314703 -0.9886548051751793 -6.393497234513191 0 -2.077205569602263 -17.17186714199403 -14.50091798215803 -9.700633812299138 -11.14285754399031 -23.23216780948003 -11.59371880890387 0 -12.50138533234952 -15.55714228558631 -38.67625815311821 -18.36924111205553 0 -39.41231888914997 -27.01228296120766 0 -5.685293755229043 -25.02652704769672 -25.75330401161724 -24.58671386627026 -16.25492373285775 -14.06687985663703 -39.66243137087555 0 -13.44326430295484 -51.11763283243732 -21.1029358825741 -13.59733850733442 -13.24181041538491 -35.85181453070571 -23.76899649519395 0 -5.215535731531899 -28.42178521496736 -46.29851859378185 -22.5860124304582 -8.805589203620709 -32.50460155025009 -51.68884110498701 0 -22.55285000906211 -29.80132316399134 -11.66404307042619 -38.21337053532028 0 -32.86550671331035 -38.1466479500117 0 -1.696210578449352 -34.26139922369484 -41.54557768939588 -12.74966570747917 -22.46859484973024 -34.8944707463281 -26.74169658832819 0 -8.034212971971705 -9.597190713617042 -41.06438790297764 -15.84079720709631 -7.503491595155708 -44.66345959433767 -16.1153148795683 0 -3.939161279557697 -34.75922793803368 -6.265985615510601 -23.70753466370413 -10.13061896197475 0.3764755184989458 -18.99795732248827 0 -15.13053796844197 -24.55449121031494 -33.12714043754998 0 0 -7.365227430060694 -21.04436795911793 0 -6.694426092202969 -15.21481682715814 -9.254598841142547 -12.89108080696097 0.7277174463888394 -27.33388552389372 -3.207536867999953 0 -4.578232790524813 -13.5915352635211 0 -9.070046470917442 -4.418374352057976 -9.765964935547135 -26.72693742019231 0 0 2.520064078748031 -16.23724944133043 0 -12.83439168928342 -2.27173542764575 0 0 0 -11.11587632909086 -8.417885608161331 -11.75185537599929 0 -12.53706370391969 0 0 0.8062312345958128 -10.72854195499964 0 0 -0.3333108797397288 0 -8.911659936677014 0 -5.118456791538478 -1.956733857971564 -11.07033756748712 0 0 0 0 0 -2.83588268533194 0 0 -2.112168613659071 0 -8.054293354543319 0 0 0 -2.616215956676598 0 0 0 0 0 0 0 0 -2.687342274674454 0 -1.80541288714356 0 0 0 0 0 0 0 0 0 0 0 0 -1.096296112069085 0 0 0 0 0 0 0 0 0 0 0 0 0 0 -0.1394247712504302, 0.0129966110844224 -0.8595488886195313 -3.17437611775006 -2.852438115447489 -2.797891191247662 -12.27523004531866 -12.96262021696912 0 -7.116844029366808 -18.26073954210445 -16.29450375766081 -15.74882390710037 -4.480731292278282 -15.0022719813954 -28.45743451487105 0 -4.391391993124986 -28.98516962039821 -22.31065501128012 -12.29913033823385 -14.31172246112071 -26.93788563356647 -10.42757620801527 0 -11.50008962452524 -15.51332624212724 -37.10270819222585 -17.59532761963653 0 -32.88667799751248 -25.99986193124441 0 -4.760081067583762 -21.06708721601669 -20.10047878421564 -21.71513430202238 -12.64958501298354 -14.19071515329764 -35.07085256653331 0 -13.62393889344829 -45.40281621715189 -17.73656306425345 -10.54895225960663 -13.08259999909573 -31.19177770527261 -23.59609945619901 0 -3.800822099591866 -27.5866986788311 -40.28597905184435 -21.87066490807987 -8.528215882835418 -32.63945416738085 -51.33005966667833 0 -21.59128765919286 -28.21247600305588 -12.63358502561213 -38.60264474652675 0 -31.18573530912891 -39.48908929257653 0 -1.706061577187103 -34.92009390589644 -41.96151961383916 -13.93437781122353 -22.78404197938168 -38.1374695313117 -27.49166570709522 0 -8.473893953632519 -10.09623972074193 -45.26600324282977 -16.47571130036656 -8.447578486635114 -48.27055829101067 -18.63310187583227 0 -4.349119176204232 -39.92350561342178 -7.209412844900077 -28.25140715096644 -11.72849381941836 0.7512820141610121 -21.95166848112245 0 -18.15154079669021 -30.94059888971373 -40.22900199422411 0 0 -9.152269417490125 -28.5696900078057 0 -8.195844789617952 -19.4811992203021 -12.188783827084 -18.17060317268684 0.8465844260000046 -38.10737166284849 -6.265214296621817 0 -7.107901707810281 -17.78992270886421 0 -14.43203546407729 -6.424599525684974 -14.26941837609672 -39.36106655561058 0 0 2.575208354182009 -26.94339393196576 0 -18.81354991642894 -5.805904791302467 0 0 0 -18.87227227800886 -14.48405843828606 -19.83241178302304 0 -19.73664514975847 0 0 0.8017073048775647 -18.81190894499149 0 0 -1.336743943152765 0 -18.02274112259504 0 -9.368883656261055 -3.646268541207832 -19.90583708371758 0 0 0 0 0 -4.973209110829607 0 0 -5.445922940581531 0 -17.73767282892673 0 0 0 -4.999295673869977 0 0 0 0 0 0 0 0 -7.871189228950541 0 -4.349856846490563 0 0 0 0 0 0 0 0 0 0 0 0 -3.757089181326534 0 0 0 0 0 0 0 0 0 0 0 0 0 0 -0.5903873192369791, -1.498942042953665 -8.416250637568469 -15.63068640649325 -9.600771009260923 -6.957360914929112 -25.29983075769603 -22.79752780088222 0 -9.624681776690519 -22.13278346061675 -18.61866982849848 -16.317827111719 -3.810037957152413 -13.05298481789263 -22.03081572843463 0 -3.911889218889702 -20.24559087143836 -15.89612623170249 -6.128825052860979 -9.458051844383052 -15.90757061163191 -2.655386055963471 0 -4.621960357588526 -8.480338148269638 -20.14175856919461 -10.80375931317986 0 -12.92842123782328 -16.32315491335743 0 -1.55663104283502 -8.648757150079964 -6.445288988407578 -10.52143461571557 -4.630546077104618 -11.8743689851062 -19.8113271679468 0 -10.5635256060277 -25.04662618186515 -6.084141506446591 -3.596361430537594 -9.119548615798626 -14.40380039122807 -15.42015808604574 0 -1.091523609089684 -17.95164752585768 -21.79041701750995 -14.45038802042943 -3.915241830055067 -20.92023425525373 -35.14218941596036 0 -11.09441960376235 -17.95827404259039 -9.640914676130254 -25.59381355220597 0 -14.2109921107652 -21.53135053094363 0 -1.578191567660068 -19.0689271420737 -26.04555945910922 -9.757822050713257 -15.7023738977487 -27.30924984059093 -15.81434477012778 0 -4.241116940188464 -2.91781652234333 -27.68288321172831 -4.038761339622333 -2.879377705285211 -33.45245447051791 -8.536093249766104 0 -2.414554611623117 -25.76816954468559 -5.323960582931022 -18.37579726864137 -7.657058925552198 6.973598003109184 -5.095218250868335 0 -13.44926538699255 -13.41956036270374 -26.05335323080323 0 0 -4.329106108083458 -19.52226992734403 0 -5.969595320097712 -16.19262508752891 -4.253138654853578 -8.444715533360945 3.996129122439958 -25.32622448666255 -1.10533134351844 0 -1.965576318107047 -13.77724943324745 0 -10.64671988396922 -6.089265955287665 -10.11375250814217 -36.38916732804548 0 0 6.035226832566066 -17.14709119701342 0 -15.98121548073795 -0.7779213100331392 0 0 0 -20.15786972568253 -11.07042134123799 -20.35451873369193 0 -19.0386673443505 0 0 1.688080401454877 -15.75889495744904 0 0 -0.1118604080617851 0 -21.97773385687466 0 -10.50167866758817 -2.887416238776993 -21.29584805483156 0 0 0 0 0 -4.770308268551452 0 0 -7.831583536617571 0 -22.81816107606606 0 0 0 -5.571275651245191 0 0 0 0 0 0 0 0 -12.11682496684375 0 -5.915230908781118 0 0 0 0 0 0 0 0 0 0 0 0 -6.234021171867669 0 0 0 0 0 0 0 0 0 0 0 0 0 0 -1.066134099148127, -1.160898322613989 -6.23967011940332 -11.02239427113443 -6.382498088354735 -4.493490820890278 -15.10841991171322 -12.3202420775545 0 -4.229435307171764 -8.594690121727952 -8.135421264070034 -5.661029385017779 -0.06639175452730106 -2.25754371485223 -0.2383548392029038 0 -1.615618342083327 0.1296574264983388 -1.054311106917096 4.511148365284003 0.2181568256599036 3.653008541284883 8.012727484493578 0 5.286810854123348 2.799432097217362 6.342183877870244 0.1613400013739552 0 14.32168473963454 -0.4449644120750849 0 2.8572330461349 8.578533166205467 11.27699743661197 5.763092156365689 5.794005676641479 -6.707520247722311 2.7171574156799 0 -4.611981886669319 4.83843959123509 10.11833415051535 5.31552314829594 -2.294427486581098 9.449932162280131 -1.690706171544939 0 2.160363422791224 -2.141898443490365 4.557368131143994 -2.056938302874553 3.283577014877075 -1.113821505043176 -7.709123773851425 0 5.267150763939837 -2.119878539772971 -3.794905241146139 -3.703014520387931 0 11.90392964561635 8.82170596918418 0 -1.204735056912133 7.550635657430388 0.4112226661055569 -1.854907019328335 -3.604340655895114 -6.450802691896572 3.846403385565243 0 3.06073626183708 9.050663765037484 4.314749019483079 16.25855490228517 6.961205885039131 -6.392992221482669 9.910145795117241 0 0.959514786970357 1.381477575062488 -1.422495034095675 1.477423732839486 0.2748117352607111 16.53503605549513 24.14473900337509 0 -3.500197187931078 20.38760047664231 2.306388790291408 0 0 4.967087451894007 1.596252676266291 0 -1.142607829424626 -8.023476999715129 11.01599169117625 11.16322237268463 8.902576552084886 3.676769559690197 10.0521460996365 0 8.606171032658239 -4.000144797913144 0 0.1487320660735298 -4.337598189992217 0.4805716173279798 -23.17673954867329 0 0 11.56495393197422 6.987161806478739 0 -6.764753011522552 10.63239097384127 0 0 0 -17.76946126327896 -0.243358193000756 -15.95830408122731 0 -13.12315243211333 0 0 3.128052916348937 -4.477289307654905 0 0 2.810059291021793 0 -23.57387608962629 0 -9.914922662259158 -0.174151717656033 -17.85122196385389 0 0 0 0 0 -2.77807266797999 0 0 -10.19936612096747 0 -26.07656055955288 0 0 0 -4.97417980892239 0 0 0 0 0 0 0 0 -16.80428278931374 0 -7.190050955309985 0 0 0 0 0 0 0 0 0 0 0 0 -9.206530451121866 0 0 0 0 0 0 0 0 0 0 0 0 0 0 -1.677583744190566, -0.3830786602376541 -1.842510814425275 -2.711700209338225 -1.132425028838788 -0.7236183005699104 -0.7286346481046397 1.418158798034488 0 2.147743764708892 6.749864548389899 3.821200363237909 5.90984686599556 3.6332032394813 8.711807815081592 21.03267293031712 0 0.8414624729641962 19.65121681913811 13.35595175898543 14.03091082939889 9.449191021153638 21.78438894399211 16.94151329065954 0 13.91547662318512 13.13237810677569 30.49789652127593 10.38591540561362 0 37.90913741400652 14.48089750806329 0 6.677600794020199 23.62165085526141 26.26021000273949 20.26093080737405 14.64112807297248 -1.350175790782346 22.9533762729987 0 1.237062911468212 31.41681986844966 24.12236828209803 12.77275096147092 4.119323772789269 30.2317312748004 10.98425525973098 0 4.777264992484787 12.34941318998776 27.44726059211604 9.308352017139836 9.680419732119709 17.00185642978573 17.51032107186333 0 19.90619086752374 11.94765676233248 1.697195928413587 16.20936609687056 0 35.0704103581823 36.56611006929734 0 -0.8238160255094278 31.81697282502251 24.24692943041881 5.592381702000843 7.393166694168688 13.23227090196759 21.80931065720458 0 9.775814549796271 19.96341695712102 34.01200663335756 34.55784497093892 16.19487512611254 18.55157319060727 27.26187636621317 0 4.008842608880064 26.91492694486374 2.322909036301794 20.47807550614958 7.781445432463798 25.12753519248962 51.01450283895574 0 5.910504908682245 52.77336605890512 29.00711088763501 0 0 13.83678279002569 22.63271451893813 0 3.491301640149829 -0.4744834106632474 25.59533136404036 29.73237480364716 13.34577404161287 31.79623998246839 21.25831392726 0 19.01348805015574 5.505408330077935 0 11.37131150763171 -2.771753169403405 11.22291736261871 -10.56706548318182 0 0 16.68925838500328 30.82515070370671 0 2.536518512319062 22.25922917899683 0 0 0 -15.78758730052749 11.22275200835249 -11.61945540412247 0 -7.366451435564358 0 0 4.47622719676504 7.227711492615766 0 0 5.831788643236104 0 -25.56534241096659 0 -9.493149109743946 2.754761200182946 -14.34976580030042 0 0 0 0 0 -0.6092511843151807 0 0 -12.7551249519197 0 -29.7069443020067 0 0 0 -4.337047613470994 0 0 0 0 0 0 0 0 -21.79480254392553 0 -8.556996469401556 0 0 0 0 0 0 0 0 0 0 0 0 -12.34679497242557 0 0 0 0 0 0 0 0 0 0 0 0 0 0 -2.320644344018174


GFLOW: 2 0.007870595524007287 0.007561815938662229 0.008711162265525674 0.008403067394262994 2.998573991904683 2.998625276970445 2.994530152634912 2.994735578960062 -0.005099459232836737 -0.004263126493787024 -0.001368860810390742 -0.0004069617240726438
q-corrs 21.11262875741134 109.8018653840111 190.2099882930462 109.7267796234954 71.11622181342369 245.6514915811756 211.7422927675858 0 78.37663216360681 167.5177415211314 114.3467578157135 97.49028230273169 27.50102447747201 70.55814284254515 118.184866603273 0 9.746420084596833 65.52197893815701 40.9384805429859 22.59348600187806 17.67688243759106 26.90755563818933 8.801585658671257 0 4.009801240969555 3.725932670344236 0.529679343440983 -4.573444365514354 0 -12.54654377855993 -9.338691115529974 0 -1.227547922941929 -10.33740350640208 -13.76849745802685 -10.35617052659833 -11.25444418613788 -12.78626566039167 -26.18082749072518 0 -9.274970435909935 -31.62324519986999 -7.882651879446465 -8.965363302203857 -7.400493813121795 -17.61628140786093 -10.20524825673375 0 -3.994221401535318 -14.86817584219045 -32.17572348992898 -13.96505937620082 -0.699415540062069 -12.27224269480229 -26.21860527608725 0 -5.03236504837164 -15.73501566336592 -4.027837319131402 -13.22468799287425 0 -4.025088167535724 0.4176882372549491 0 -2.10799379785128 -2.704802756704394 -10.49956573693998 -1.512196230008605 -8.772172870613161 -6.590493017204903 -0.8120082532604203 0 1.241694850870132 6.278196233507752 5.611059314434153 11.94670606253073 6.841002232136456 -4.525716424618599 11.98443222468087 0 1.197914470325823 9.13447537355753 0.001133564019668021 9.732606631065984 2.555064440975595 12.52168529056377 25.35735542034786 0 3.70248414732677 30.2914622726427 17.24703244589653 0 0 7.798144380638456 19.97532606977228 0 2.12751788850648 4.84325186150701 15.77221217727245 23.44872952734629 7.097975468379443 31.8488098414661 16.54263102186486 0 13.58551158595149 7.045967193457999 0 14.67055673973082 2.698919149788752 12.14208577741035 18.92336017824142 0 0 9.662444026471892 36.62191059627106 0 11.04097199112575 18.553484411473 0 0 0 11.56252897693282 16.60487113876692 12.83864197104407 0 11.45788866141575 0 0 2.678556732467509 20.12917160264866 0 0 5.141640872090929 0 13.68933173595784 0 6.518548199275237 4.606659362493411 14.26427387321816 0 0 0 0 0 4.082144392094421 0 0 4.818524913902298 0 14.55373520512936 0 0 0 3.857024357936886 0 0 0 0 0 0 0 0 7.352216147935239 0 3.785296479743613 0 0 0 0 0 0 0 0 0 0 0 0 3.669032603863273 0 0 0 0 0 0 0 0 0 0 0 0 0 0 0.5988161150750382, 18.11216678921905 94.06247024840579 162.6796396398183 93.67128617370298 60.57856691736344 208.7510623404585 179.4383805364454 0 65.97192025537785 140.3976897121302 95.38055363419171 80.8539818827698 22.63594940448027 57.69315082190757 95.64937366931275 0 7.686352038847834 50.61859682965726 31.03813592217751 16.59855611015329 12.52265459334538 17.79643540463376 4.767682256769604 0 0.8219839388376016 0.20712485714999 -6.660270995898088 -7.012371703387609 0 -17.96624573205306 -12.37828706777216 0 -2.122128670390677 -13.28437249842995 -16.41474264040344 -13.06436040636071 -12.41069875316008 -12.64380352763004 -28.63529797806196 0 -9.741272635797609 -35.1779245219203 -10.56182566865796 -10.06617721285799 -8.293864886196168 -21.18175962492675 -12.41181696258298 0 -4.33699444675322 -17.09609995424963 -34.81202224832447 -15.20623510416148 -2.156053025725242 -15.51912077951571 -30.17251697137162 0 -8.233910441017898 -18.11689267187734 -5.12191690410554 -17.29710704839288 0 -9.351013629528703 -6.243123257535582 0 -1.972778498160082 -8.075595431004029 -15.65705889681347 -3.367805306219549 -10.9595772965564 -11.00433721173453 -5.316027724858549 0 -0.3117593971866499 3.483918961809422 -2.244026868335065 6.930334589043989 4.315918112008137 -11.07442424255271 7.095476041562908 0 0.3374468052270676 1.840817841753876 -1.011652967789736 4.172585036631394 0.4390351181905932 10.15225242676589 17.52782613855165 0 0.714870992129925 20.87138739178094 8.898581643632248 0 0 5.189820515402579 13.39475446415298 0 0.6799663943404124 1.761426112842156 11.43397353948436 17.31518732537059 5.856475758726203 22.28535358544329 13.21075660468876 0 10.48759907498141 3.760439241594302 0 10.97979544530109 1.642259171263449 8.662289257124408 12.11221816357074 0 0 8.252831561274874 28.10206328731296 0 7.407702877315678 15.06850452673926 0 0 0 8.299124401781487 12.76095041995281 9.30386307131679 0 7.914426232493073 0 0 2.308670063228592 15.44994217646063 0 0 4.233233474020289 0 10.56443623737157 0 4.865184264815642 3.611694556811811 10.67689248187115 0 0 0 0 0 3.087142913294415 0 0 3.908387899112721 0 11.4848982289822 0 0 0 2.956498215260758 0 0 0 0 0 0 0 0 6.069172285312234 0 3.042916428795925 0 0 0 0 0 0 0 0 0 0 0 0 3.080231777610403 0 0 0 0 0 0 0 0 0 0 0 0 0 0 0.5114610043499088, 11.18698913458329 57.73375899498778 99.14582057954593 56.63346303295459 36.26758191263475 123.6913916464695 105.063908073516 0 37.47736552895505 78.19834041111973 51.82150183065726 42.75799756520674 11.59141283698224 28.39409945543035 44.59928433596215 0 2.954011223292985 17.04238214042764 8.673671546614731 3.343686600099324 0.9415097066875506 -2.454577239696921 -3.797120984025108 0 -5.995460808902589 -7.53723597753457 -22.36738533449619 -12.38057786475552 0 -29.16897351957239 -19.16120633511616 0 -4.006598667650246 -19.42144583007457 -21.64822086248503 -18.87016965249028 -14.61839957229486 -12.62049631247512 -33.8791086335851 0 -11.01276048624678 -42.85833823041575 -16.2611849892353 -12.17997651472256 -10.40926771689188 -28.81014936723749 -17.57571408483688 0 -4.936752248292367 -22.2597552047221 -40.4265410618939 -18.27171844085492 -5.490013757638224 -23.23998490188592 -39.55734619042052 0 -15.44799008723917 -23.48424787841941 -7.850036754521037 -26.831865522692 0 -21.35002948576606 -21.77211747433858 0 -1.717012930428899 -20.67307450120543 -27.75042811326423 -7.767776328898419 -16.13019405378408 -21.71195883387522 -15.73375806613276 0 -3.996204946232637 -3.04785502162689 -20.84521819313606 -4.688994969935915 -1.591418221981159 -26.6407394601614 -4.410943869953225 0 -1.703188654008753 -15.55862115355623 -3.448102945222201 -9.136009425782742 -4.604781290215898 4.736343352892584 -0.9118916409148685 0 -6.578483557342052 -1.528336653301452 -11.20535414357431 0 0 -1.003005695587156 -2.696934292378439 0 -2.820536953404742 -5.961105747601909 1.108307832696304 2.474095170570188 3.009086798673524 -1.18300588010522 5.159691246319787 0 3.057709182565373 -4.326626790892993 0 1.77690855321666 -1.086915527557233 0.08374015114505351 -5.376882314390532 0 0 5.006943987687729 7.013763017657306 0 -1.76428686195066 6.596580733942809 0 0 0 -0.343267431047269 3.101594776050009 -0.002031532237833478 0 -1.263400658443871 0 0 1.454298112204722 3.542566395860574 0 0 2.011632448685306 0 2.045265193735826 0 0.444401163941524 1.091593745072964 1.139062549392696 0 0 0 0 0 0.4923005894735051 0 0 1.331497455484454 0 3.014645285749179 0 0 0 0.5363756386116221 0 0 0 0 0 0 0 0 2.369440898381836 0 0.9645852133304048 0 0 0 0 0 0 0 0 0 0 0 0 1.343516664529546 0 0 0 0 0 0 0 0 0 0 0 0 0 0 0.246141847332252, 4.382648651545338 22.07237674819956 36.87035072876466 20.40484902687894 12.50699423213136 40.83299759967753 32.92455074962452 0 10.0742582174674 18.70231758560834 10.05804426082203 6.575495572108084 1.363288482801125 1.086924681973308 -2.190790154266526 0 -1.533258578190297 -13.02162499169089 -11.41873985851072 -7.775669974794917 -9.209436200560944 -19.54976282050571 -9.948507720579155 0 -10.9395320891533 -13.66707413531976 -34.35625644614082 -16.50631841776872 0 -35.72599766721172 -24.43679255349242 0 -5.175036091365609 -22.9386053909729 -23.78768037628461 -22.58405190308462 -15.15035165190622 -13.03146517035997 -36.78493365346297 0 -12.35550769241109 -47.40121679490269 -19.68506721594196 -12.76542371000993 -12.19289494753399 -33.4091678968701 -21.89938536214893 0 -4.904169360870858 -26.37831788584382 -43.24975356529394 -20.91400293018179 -8.168798126625216 -29.95428389170549 -47.57875001616951 0 -21.03038463249241 -27.46115459742812 -10.56347808581433 -35.0122734436145 0 -30.67626552789003 -35.21179368087063 0 -1.574571059293031 -31.61621333351976 -38.20408693060639 -11.82057321082691 -20.67982146830159 -31.95824480494521 -24.6755699036914 0 -7.31114202592162 -8.765604630855586 -37.89113047745505 -14.69119580555406 -6.876524864236484 -41.03855906739311 -14.90305489806146 0 -3.566438089998963 -31.96443496938878 -5.796544468331647 -21.87416707799841 -9.355155801218082 0.2499874270186455 -17.65787743867049 0 -13.86452044765248 -22.59672149051434 -30.6835822982699 0 0 -6.811160427252837 -18.98293830340432 0 -6.269447694507594 -14.13744872960035 -8.636802300773653 -12.08105500914708 0.6176843329507826 -25.03201044956036 -2.768399711117759 0 -4.118397777912794 -12.63778006170996 0 -7.978846630052148 -4.169719037638975 -8.78348476504584 -24.96318719363595 0 0 2.235295309983355 -14.87496775249663 0 -11.72698016279923 -1.877945153121423 0 0 0 -10.61423768953983 -7.318167453450534 -10.9521005654802 0 -11.7406178670107 0 0 0.7167290556808263 -9.5962605096753 0 0 -0.2437101137752486 0 -8.625518275991826 0 -4.908983229496 -1.672797708444394 -10.29479778415273 0 0 0 0 0 -2.514661012294758 0 0 -2.10626135388145 0 -7.823350274633661 0 0 0 -2.420851157472352 0 0 0 0 0 0 0 0 -2.709163789908569 0 -1.757415253934896 0 0 0 0 0 0 0 0 0 0 0 0 -1.121997049120273 0 0 0 0 0 0 0 0 0 0 0 0 0 0 -0.1463266231513801, 0.2242893988658539 0.4020490921130214 -0.7050557086216083 -1.263409355829951 -1.618904352043147 -7.817183437974267 -8.787789783154391 0 -5.255802639192246 -13.90758827854917 -12.8029994089518 -12.56707573497086 -3.614582150644397 -12.28769553150879 -23.62663372507349 0 -3.746934498790695 -24.92288758422745 -19.24642492072618 -10.71552875282749 -12.4847162708273 -23.70236189207078 -9.431829313274303 0 -10.37211404863357 -13.86309663472553 -33.39280701736863 -15.9241524108756 0 -30.14629223724334 -23.3955063426521 0 -4.334851476141035 -19.25956562437292 -18.64213888537934 -19.71459617336188 -11.80640880723984 -12.81104443144509 -32.01659303583075 0 -12.16245449471416 -41.33065085697531 -16.29870972080435 -9.872314451878815 -11.68780666972496 -28.53350901852788 -21.06657220223424 0 -3.613688892349583 -24.83700672871512 -37.01926370262518 -19.6557626777109 -7.693281493793297 -29.13923753161779 -45.85318924621232 0 -19.63852609287417 -25.46805044471173 -11.05192442818559 -34.4182353257408 0 -28.61631182621541 -35.42583325580243 0 -1.523380807465199 -31.44742311481118 -37.76378522901018 -12.47359139537344 -20.5238504137701 -33.78240362512585 -24.95976194674658 0 -7.546314186510354 -9.106749112945341 -40.61911573580315 -15.21092273436138 -7.653603513603084 -43.52263289555187 -16.85085486627944 0 -3.842470659273465 -35.87751928487143 -6.421193667244158 -25.43711862675413 -10.46828974459102 0.2945086932509797 -20.58094580164059 0 -16.4060595180459 -27.92674231472271 -36.55004990740208 0 0 -8.256446401284796 -25.34250889411538 0 -7.429936077420548 -17.85565063723719 -11.20178801297651 -16.93125505564108 0.5552257209624714 -34.47195885310999 -5.547376873430572 0 -6.368349849626403 -16.09690099406738 0 -12.60458884940586 -5.94445603411149 -12.61017477640618 -35.97859323904672 0 0 2.039818278211059 -24.46994889601921 0 -16.83312491918594 -5.09986437684646 0 0 0 -17.49009184728615 -12.57083690846326 -18.04314186389475 0 -18.01001120999375 0 0 0.6456813793262577 -16.69454288291723 0 0 -1.161066824431703 0 -16.76349926407293 0 -8.675597389416314 -3.14122114221836 -18.05618695387833 0 0 0 0 0 -4.368103168521566 0 0 -5.119314992813161 0 -16.4893051210021 0 0 0 -4.518378660873744 0 0 0 0 0 0 0 0 -7.413336933049521 0 -4.041334314022065 0 0 0 0 0 0 0 0 0 0 0 0 -3.548959198480123 0 0 0 0 0 0 0 0 0 0 0 0 0 0 -0.5602242126134522, -1.181131139076697 -6.684333003824523 -12.50537637137861 -7.734752426919326 -5.645924803069065 -20.65769368892688 -18.73287001075945 0 -8.000944488232896 -18.52864037423776 -15.64965269947771 -13.80120176555964 -3.270701361894057 -11.14851805397378 -19.01105898946301 0 -3.368458879405838 -17.7240599066992 -13.83991749180483 -5.479628639361858 -8.266647209534264 -14.05635925938651 -2.669042374503202 0 -4.26913761690516 -7.480783236766588 -17.89544209062058 -9.607767567973974 0 -11.91848882080748 -14.28706192827755 0 -1.383007873997697 -7.750896286912644 -6.04306777086504 -9.222405808153491 -4.306708948989575 -10.26141459459772 -17.43871703134927 0 -9.042668386195508 -21.92865130587018 -5.360036819565193 -3.398424920303829 -7.812830118200631 -12.68597335205696 -13.13992231942812 0 -1.119602015155868 -15.46766000294374 -19.38030100412976 -12.34033954489489 -3.329315088675167 -17.78016372923305 -30.11873617198712 0 -9.724435942478749 -15.77276982358147 -8.096135785664401 -22.00772587841826 0 -12.81264661145795 -18.47591867851954 0 -1.341370903715119 -16.50174467984981 -22.78205902966366 -8.436071038655733 -13.82555967478934 -23.27289856943375 -14.18583611420543 0 -3.610956070533695 -2.546138954842083 -24.08959713542541 -3.937940928794301 -2.602083559308523 -29.78587812211278 -7.566433757675605 0 -2.037551703485948 -22.75478620748294 -4.583850497343151 -16.30447708708873 -6.597748515940827 5.730111464313725 -5.667029816124538 0 -12.16273537144008 -11.99592512312728 -23.62650484612893 0 0 -3.831680734028285 -17.14788373455313 0 -5.333502221799316 -14.95495398579521 -4.081234300602611 -8.408095957514501 3.287305163264186 -23.11064783223012 -1.011284673881569 0 -1.788331041023328 -12.39331194813066 0 -9.22111592470608 -5.67296103327633 -8.849582800072527 -33.40097508214861 0 0 4.986044454935197 -15.93212780734671 0 -14.27145948977701 -0.7068378756194647 0 0 0 -18.7223026714627 -9.533200682374872 -18.56587707436825 0 -17.41657640950594 0 0 1.395791673189573 -14.04438643937508 0 0 -0.09805873283207239 0 -20.38272942528861 0 -9.724751176797307 -2.470271816938782 -19.35307853779259 0 0 0 0 0 -4.19183717648418 0 0 -7.275623113783125 0 -21.10633223537578 0 0 0 -5.043705980014496 0 0 0 0 0 0 0 0 -11.23721274094052 0 -5.457701595302379 0 0 0 0 0 0 0 0 0 0 0 0 -5.773389886584732 0 0 0 0 0 0 0 0 0 0 0 0 0 0 -0.9863750593554981, -0.9640496530833653 -5.186514128477265 -9.169726600289151 -5.313897368063908 -3.740034645231125 -12.57841322473977 -10.2594545315054 0 -3.508901714770949 -7.123853444571177 -6.735147563063379 -4.663576075770199 -0.03551821194659976 -1.771675373311589 0.02544551947264129 0 -1.325583723669372 0.362134348462404 -0.6296627095622771 3.993207980948534 0.3884708037950859 3.468022389347974 6.909573332882337 0 4.654323279279627 2.741239559519266 6.166485587255517 0.4080617825699777 0 12.85435482834624 0.1741462998736418 0 2.640351577800744 7.942279469475515 10.1246001428081 5.627044007220138 5.274432113640337 -5.385669130092777 3.220257484070398 0 -3.564449640308959 5.42998312409483 9.483588542106297 4.73469327033358 -1.604143503095886 9.112111727233788 -0.6259510445860657 0 1.840529059180134 -1.035227049898454 4.780292661607188 -0.9211697878197054 3.253141292625132 0.3117641100204658 -5.181847697776911 0 5.136729645048969 -1.480917448630819 -2.799706800488776 -2.234534853040028 0 10.82254085871618 9.009064233720412 0 -0.9746093202653096 7.620271894536433 1.100492947194661 -1.315817716252543 -2.96994577002445 -4.452541295799662 3.369102995270839 0 2.969297996804091 8.227121537619944 4.688123827873199 14.30648676521318 6.16929207861043 -5.755945990145596 8.932172597291828 0 1.016360025843299 1.422417235215234 -1.078660382469461 1.304233875829003 0.5324861491200761 14.30777400939923 20.28704385771989 0 -3.44861112374991 18.06996493235723 1.503529609475869 0 0 4.461557369611979 1.357243946294813 0 -1.045213183323558 -7.85020958820521 9.459742504293889 8.853794203415745 7.678257586676251 2.343234186581909 8.773737466348926 0 7.536241283006574 -3.795977279295728 0 0.1563885380026078 -4.158023103964246 0.411092134935244 -21.95401981966953 0 0 9.89266849556417 5.169481588208864 0 -6.262075837142227 9.271136261599981 0 0 0 -16.65480540500095 -0.1568689934844297 -14.78217840960485 0 -12.29427331818659 0 0 2.669377435558674 -4.276987602819381 0 0 2.449319853339009 0 -21.73190401888316 0 -9.211387608496967 -0.1284236509477654 -16.39635382519371 0 0 0 0 0 -2.48393146613829 0 0 -9.284926808487969 0 -23.87180132694306 0 0 0 -4.533985292697148 0 0 0 0 0 0 0 0 -15.21125489154412 0 -6.540625267187327 0 0 0 0 0 0 0 0 0 0 0 0 -8.290743600676 0 0 0 0 0 0 0 0 0 0 0 0 0 0 -1.503558946492902, -0.324255042318633 -1.532631291053925 -2.196295443176312 -0.8674948633318991 -0.5272204564434837 -0.2244604536094745 1.634464124866869 0 2.071150807970264 6.372757133377521 3.77980574477188 5.560715944318201 3.267594038817092 7.976756133794401 19.01326158632858 0 0.8639272385815647 17.86190639361466 12.25135612665732 12.55388140565274 8.641629561320684 19.71221711377074 15.00265320276275 0 12.4244494466036 12.02722949305597 27.89988961784581 9.614532141929061 0 34.12108600688975 13.5149742090484 0 6.08403350284533 21.46186026025876 23.64689767964181 18.62497063710151 13.29611856711215 -0.5412818419404846 21.38929445396575 0 1.648761807029937 29.27114746171676 22.11239580525105 11.44164109846779 4.07606324656207 27.76260606626415 10.65585912036441 0 4.196839656801457 11.87002456109551 25.364903340185 9.295971063803602 9.011887774171067 16.50433142091364 17.18988446872305 0 18.18543229048246 10.9596249738165 2.061141688100706 15.38612153133615 0 31.48045634351557 33.7044514682905 0 -0.62271388935767 29.24669923045492 22.27275333738652 5.24439964209323 6.714517023606906 12.91976782792079 19.1594670332546 0 8.944031829406896 17.95863031027709 30.98515541987882 30.6367000336188 14.29986916555391 16.06675824966811 24.24560330355577 0 3.748214553972423 23.83979217489257 2.21157039620571 17.91108727913523 7.160272758703314 22.03852953717006 44.05549426210155 0 4.718648278320879 46.54447192096749 24.94610803444353 0 0 12.27566452215534 19.56486128513488 0 3.012368942321741 -1.277757518539764 22.28975009372303 25.17750554106193 11.67103835412047 26.89079455191237 18.51507438133866 0 16.62821432021689 4.480271470300545 0 9.798820187909985 -2.771957849121264 9.691586663097015 -10.92775236696561 0 0 14.46496781579919 25.97010489792812 0 1.773169103635641 19.35310997291143 0 0 0 -14.77270454718635 9.669697505056524 -10.94062054035599 0 -7.240974443464523 0 0 3.868707919154303 5.834456579542845 0 0 5.062313922119837 0 -23.16834511704954 0 -8.744026346129379 2.374436645769256 -13.26095322008016 0 0 0 0 0 -0.6263333716742835 0 0 -11.33585214882 0 -26.67094394420621 0 0 0 -3.951374902168276 0 0 0 0 0 0 0 0 -19.24619795129166 0 -7.622339507112266 0 0 0 0 0 0 0 0 0 0 0 0 -10.84229177635631 0 0 0 0 0 0 0 0 0 0 0 0 0 0 -2.027837065207775

Number of steps = 20
Time to complete flow = 2.753807e+01 seconds


ask_starting_lattice(0): EOF on input.
RUNNING COMPLETED
Time = 2.767072e+01 seconds
exit: Wed Oct  1 15:16:49 2025

