hwloc/linux: Ignoring PCI device with non-16bit domain.
Pass --enable-32bits-pci-domain to configure to support such devices
(warning: it would break the library ABI, don't enable unless really needed).
com_qmp: set thread-safety level to 0
Wilson/Symanzik/Zeuthen Flow application
MIMD version 7
Machine = QMP (portable), with 8 nodes
Host(0) = Precision-5820-Tower
Username = luisneubauer
start: Wed Oct  1 15:53:58 2025

Options selected...
Generic double precision
C_GLOBAL_INLINE
type 0 for no prompts, 1 for prompts, or 2 for proofreading
nx 16
ny 16
nz 16
nt 16
LAYOUT = Hypercubes, options = hyper_prime,
QMP with automatic hyper_prime layout
ON EACH NODE (RANK) 8 x 8 x 8 x 16
Mallocing 10.5 MBytes per node for lattice
Made lattice
Made nn gathers
Integrator = INTEGRATOR_RKMK3
Finished setup


reload_serial gauge_configs/pg_00087.lat
zeuthen
set staple to zeuthen
exp_order 8
stepsize 0.1
stoptime 2
forget 
Restored binary gauge configuration serially from file gauge_configs/pg_00087.lat
Time stamp Wed Oct  1 14:54:48 2025
Checksums 8e22fa92 1d7c683d OK
Time to reload gauge configuration = 6.185794e-02
CHECK PLAQ: 1.9694674820265063e+00 1.9683915353465942e+00
CHECK NERSC LINKTR: 3.0736677855119611e-04 CKSUM: 7cd3c33d
Reunitarized for double precision. Max deviation 7.70e-08 changed to 5.55e-16
Time to check unitarity = 6.098032e-03
#LABEL time Clover_t Clover_s iClover_t iClover_s Plaq_t Plaq_s Rect_t Rect_s charge icharge

GFLOW: 0 0.8800575040795859 0.8770965033309266 1.969851521208438 1.96344933857981 1.968391535375159 1.969467482022349 1.402362646320618 1.404460892547863 -0.827595126570005 -1.446061875097492 -1.325942855894265 -2.34302216491067
q-corrs 444658.2986481492 72286.47101270208 -57473.73357491398 -7600.272098488747 -6125.206530295284 15443.90283412394 56.67809413434281 0 8805.643209567381 8136.515709774988 -10115.70823828039 12405.02077596947 3787.317830529254 5829.529588793712 14139.26655506945 0 5634.779989383619 -4707.879674034019 3329.865294849944 -24649.89697702157 -5235.648647649685 -8084.317923759032 -361.0105735058153 0 1861.319144515267 865.751690444451 12422.61207812795 1546.69164692113 0 988.4763700469302 14624.91920240302 0 -9141.484740766435 14307.18697176452 12706.89998598213 3830.293730508293 9051.656139210605 -3842.292750946105 16734.05541528175 0 -19970.00824149108 25495.08158615135 20782.55290259887 3958.730119589886 18497.55568446867 -21.92860732329154 -15835.01696667216 0 -7820.893275563963 -1564.08010612135 -12480.50123183961 46725.72529358366 580.8347898174156 -5093.226493582667 30414.22381111898 0 -17901.2730225865 265.4607055011734 6163.319506909997 43083.15912687423 0 -40674.701504962 12447.75034829345 0 215.2380544868479 26396.85079106469 -8140.70526538278 -21468.22149230294 -20615.15434983934 -3390.112196391399 3457.716520053942 0 4724.216113368742 20850.49086375994 -29101.37667844319 34046.42915414683 -8602.747628071891 -21422.08291270153 3904.207837440903 0 -542.219487393636 -26500.72182836628 -15808.43480185711 -20199.5002580279 1224.477159369691 10749.64766349366 1181.998001407619 0 -7581.127286680978 -4572.08905035146 -37002.33974752735 0 0 -1705.522699184593 31623.03445430321 0 -5057.637032123887 20921.63806612846 18621.98249686451 -20486.4737377883 12014.74320048586 -14590.87235434745 -4630.157906436085 0 -630.1450954478328 12112.09369031688 0 12658.42426384522 3332.96514812373 2139.751829618951 -6276.901293737767 0 0 1959.328471812136 -6919.112680844936 0 163.5591304457002 2263.416627895699 0 0 0 -31842.68146935628 10542.3352986699 -611.3167101112654 0 -11290.14877194685 0 0 4645.325718916764 18411.33990595822 0 0 -8092.926840599735 0 -19898.05815576682 0 4283.443523182776 17521.39460821698 8853.192112698936 0 0 0 0 0 -5380.625529326704 0 0 4537.512602310853 0 -20693.27682501964 0 0 0 -4988.002147156201 0 0 0 0 0 0 0 0 -8430.627141500678 0 4218.409497255867 0 0 0 0 0 0 0 0 0 0 0 0 -7286.090843588242 0 0 0 0 0 0 0 0 0 0 0 0 0 0 -31.46332380572073, 12189.60370388845 -45022.15352616936 -28812.21830843879 -5826.091650243656 -14883.06963376984 -311.1881737258004 -11787.20800058216 0 -2513.086119091032 -8018.659494579078 -2635.135816638279 -1876.908734430146 -4723.318206832157 -8570.000492501791 -13417.30497420476 0 5353.409246361809 4722.443255906142 1236.581442354782 -4667.463279786054 10482.89082493906 -4408.941565441582 -4593.844743733729 0 1110.32918404922 -2398.641899455711 11571.59142907207 11192.48446882752 0 -10586.29799972835 -10459.60867793188 0 4005.21751181122 1028.768760152148 104.4853359192912 -15415.98343187041 -2000.079515528112 -12747.03909504364 -297.4485397772223 0 -9984.950196223683 4745.111640463982 -12865.71751339327 10196.78306686665 16764.36312320102 1659.488041315012 5994.835025753896 0 2180.314097738141 -23374.03133229374 -23159.93250987903 24741.19165096301 5549.180602738749 -1694.772536886838 12422.1667606209 0 -1027.793769190064 -2371.611643818736 16788.0861195658 -12763.66899895625 0 -21548.15271695546 21124.96262122425 0 -1113.315496054542 9718.095356634127 -34653.22245694724 3007.460900539328 9507.243312974017 32675.06670816677 -9278.700779127492 0 74.9234987150935 -6395.085599407377 13098.09409762926 -4311.094020224338 -8901.577860478184 20957.44509785479 -19486.43348414194 0 6858.402301895792 -12932.18288215551 2248.07874966037 12979.8507848138 5105.473922486116 11100.34819710131 -7560.559567924262 0 1098.60868538523 -9841.529105978052 -679.8133393434782 0 0 5251.175366872079 11930.80844805088 0 -8842.208375477236 10312.11129145119 289.6729681261838 -11056.94650248723 2175.359093509831 -5099.126394526273 -814.8139987793975 0 146.5944269553943 13302.6950182702 0 767.8021532880512 4832.102234611506 -10240.6867171644 17662.50175351845 0 0 -14935.91858381569 -5378.13167188752 0 9259.799220091558 9604.354146836662 0 0 0 9917.866438164117 -8275.222727541139 -12739.3272145647 0 5642.55232223281 0 0 -7410.900108259629 -397.4524721492592 0 0 -2245.078225880982 0 -5996.780914876817 0 2605.507365929534 4463.653141946864 7550.278794052849 0 0 0 0 0 -2250.476962769944 0 0 1608.551929558199 0 1871.353446211708 0 0 0 -5703.676615410623 0 0 0 0 0 0 0 0 5077.918469216363 0 -8626.198360295297 0 0 0 0 0 0 0 0 0 0 0 0 5546.462828277344 0 0 0 0 0 0 0 0 0 0 0 0 0 0 1590.348833038817, -2116.519150474723 708.9591536246955 8380.773418725983 1945.719133000624 3801.472216222507 11940.37370955884 12738.99922236617 0 3603.491362080668 2741.40825431164 8919.235144006887 12332.04874946026 1325.792625702432 -2617.718890012147 -7520.839764384146 0 -967.1092143217197 3780.417363345443 -536.2876365772345 5094.554073213973 -7932.053808614776 5029.329793411063 1061.788201283638 0 -10286.35485741625 4462.576849724696 4866.546170984655 158.2669155434364 0 16589.43505570401 -2798.56807432677 0 13034.37092162223 5149.092765856125 11912.98837718508 -7452.477853534938 -4603.532686231051 -2128.418420860314 588.7827738261421 0 390.2781328101128 2024.162769346794 11757.94987189129 15325.78944442569 4651.170718245641 -7069.370618933838 -9993.043184002838 0 -2263.081459157249 -3944.870910629443 18281.84763944362 286.9870496508065 -844.1534311777029 4783.794827000749 -2036.690956961409 0 4390.074856424304 -14437.08818225326 -89.66283216530564 17267.27305529919 0 -20708.75759130037 -27369.93460223923 0 -653.6153077569475 -637.9237272806486 -32965.33437737082 6844.763664723383 22327.44941296976 -6759.409021875181 -0.4495577056818547 0 -1816.213315341436 14158.37386745282 -28609.84398463552 22591.43624125529 1933.62479481641 6262.746940160931 10911.94098154032 0 14113.27373915787 6602.832181054877 5073.807063449452 8460.963236780495 -968.3222213866857 1556.183473168346 3221.980994201096 0 9964.734396771004 -1409.413512794074 -7646.798127859184 0 0 -14140.50709533799 9824.497640787522 0 -743.7499812193985 -4653.854495791903 -8833.289920760406 -13281.04699589281 -2546.784498117166 -10073.15818604449 6446.741498114659 0 5449.427434527621 -4807.375529256151 0 -8630.768606582535 -4548.734732567033 9584.848458416225 -7194.199692336329 0 0 7582.41116142245 -28661.67105403833 0 -10515.91299542603 3619.400740164344 0 0 0 -13277.15431133271 -17392.0006637616 1197.716578315215 0 -905.6501761799805 0 0 -2518.59633944298 -15731.03426295966 0 0 -1724.845637792017 0 -1087.586615298072 0 -4083.330963893553 2364.015932321012 6201.650392353666 0 0 0 0 0 -1846.836713416087 0 0 5807.240907220412 0 -8023.873192593192 0 0 0 1514.304214876299 0 0 0 0 0 0 0 0 3650.265545961872 0 -1181.901700482632 0 0 0 0 0 0 0 0 0 0 0 0 -1918.199070958569 0 0 0 0 0 0 0 0 0 0 0 0 0 0 168.9431427157371, -3619.261671346493 -2719.000331773876 3969.988480773484 -3890.145355196387 -6375.431758245059 -3107.191134282322 746.4864268205574 0 -6208.879812285517 -1318.48868458612 2242.211010801173 9591.5039577032 -1314.226779480054 -12014.50313309357 -1017.135813739795 0 -2997.003518161356 -849.2730093203027 6844.31454747045 -14062.81321556141 5656.77747749708 -14767.37236099002 8351.053127178026 0 -15127.9567279363 -3935.117085199676 1238.390141746594 -6306.982332726991 0 1704.383823278566 -7421.523943420517 0 6699.386935377946 5401.982714040957 -17265.10318828405 -8125.5013530713 10419.2886189557 8430.643497851332 -13734.82910880358 0 -3237.955782519825 2234.616316237482 11125.27275851517 -18509.19334714644 -4601.874555851306 10578.62872196511 -3579.028619070169 0 -3.535817003830743 -6236.824800959668 -7591.33472148029 -14875.46697976622 -367.8673442869622 -20993.72831062673 4825.955146440038 0 -2097.569259510376 -13121.19233602342 2748.261128582063 36517.48485219794 0 17653.06093204911 -9384.591630700532 0 -4812.781664749482 -4496.35786642925 12588.72993252065 -11406.56503766471 -5868.288390682954 1164.684669207873 -24243.69417364072 0 13687.58019719093 -3100.646251675289 -9799.827291103251 -5118.982268309125 319.1742444227484 23877.40407567858 -8368.960375282964 0 1340.070653890586 6520.949510007103 3440.560074191485 -15526.81684806682 14044.0421427917 1632.181243351803 16331.72592117848 0 7270.147499460383 948.655641502548 -12562.63204359757 0 0 -6472.938559730561 2239.197978036987 0 12522.83966964041 -10866.70044138413 9923.615436204313 7247.849455567904 6663.959768084753 33388.26185476891 -12502.47025745595 0 -6778.418083013602 4435.718613478104 0 -13420.08735427658 -2366.941327035711 3003.76486446768 -781.1308602494582 0 0 -3266.177426741288 2443.630105292916 0 14894.66445690019 5108.655712536092 0 0 0 10510.02571164876 -21391.29001686435 4110.655190547685 0 12950.01973980291 0 0 -740.2621690589613 -12187.98491712216 0 0 1784.022170709388 0 9252.102906174565 0 -9512.25205003102 908.7342878292862 -3010.242633752378 0 0 0 0 0 1256.867661453936 0 0 -6024.697373948324 0 4126.274336978442 0 0 0 2443.406713952761 0 0 0 0 0 0 0 0 -1609.209116378239 0 3245.575765223467 0 0 0 0 0 0 0 0 0 0 0 0 -2194.741562143745 0 0 0 0 0 0 0 0 0 0 0 0 0 0 -179.835032442229, -409.0837688343745 721.8525204955175 -3497.004954368716 -879.5535528699347 -1027.284462779305 -5402.112443281215 -10312.52773246004 0 -1364.630842240886 6191.935348628323 332.2371273068779 8459.765437860169 -41.57954036506123 -3604.887373714482 -5759.531137424357 0 -5298.762765139104 -916.3444516477957 -3996.225786171829 -3014.102285530724 14176.75572572235 786.482218938434 1819.889572381938 0 10451.94624634816 -897.3818687950695 24661.57059125152 22.90017821326342 0 -2153.331305680751 7127.339392189948 0 6880.122953941269 16952.95177630659 -22229.04347790694 3900.229349453337 -21362.18484768863 2079.329464040574 5264.109309207056 0 4046.176960149947 -310.5273772468072 -1690.668840550487 -3757.195934135228 5254.962319977154 15133.62110033152 -644.2258619939039 0 7475.953987828672 -13035.80709220942 -7306.443750030508 14582.64012505958 -6196.432754735841 -9499.536746296679 41785.58216039651 0 18578.74367610644 10962.74029712561 1680.027182614598 2371.122815199425 0 10667.11039671687 4396.650840709748 0 -2079.696469825251 -2222.418556521686 -619.20529885202 10356.04884503734 1433.722350099955 -6382.731863776413 -10473.98382541377 0 -11224.56998929577 -11558.76389208172 -8860.667084508899 2132.072077317242 -316.4648848053148 -8849.291662205014 -1186.165430568852 0 -8882.62365037056 -11380.19675414156 1526.311102628018 -15667.11193714612 -1938.569681564015 -1806.695318167075 28315.35346733408 0 6737.075926594255 4233.006269699606 -11361.28890687329 0 0 -14054.26851999676 -12042.30832413456 0 -3567.873848389704 4634.423938436574 -3637.163790624177 -11518.86572318426 2640.935324330702 -19802.76733067426 -5575.032692082726 0 6123.41061629212 -581.7110212941291 0 -24847.23568994741 2603.166604880393 2631.087889665127 -13784.48588433881 0 0 1805.081009550713 -23816.19039211926 0 -6557.008216545282 -9050.981901743973 0 0 0 -6088.946163895966 2851.862968617829 2106.656968877343 0 -3761.958288567368 0 0 1440.856037819489 7657.8247318083 0 0 -4847.821729502427 0 1966.540991992209 0 -1045.306382049891 7983.914026656822 5560.272646945008 0 0 0 0 0 2511.068152474734 0 0 3558.956355930699 0 5740.909017293508 0 0 0 -7309.546293365819 0 0 0 0 0 0 0 0 -591.2641203465159 0 3133.056014654388 0 0 0 0 0 0 0 0 0 0 0 0 -1557.330124682812 0 0 0 0 0 0 0 0 0 0 0 0 0 0 -250.3993400836933, 955.6413995637922 4757.161037083046 2486.235709902271 9342.911928567359 -2739.455798008004 -8169.133134471937 6818.784945402451 0 -11101.94419678534 834.8476878411657 2121.27474378779 -574.3607839306849 -6087.13041623874 7900.293167432983 7373.618104492859 0 -7565.338257226082 -11035.79357173846 2044.279827248792 -11896.24107723475 3279.745561408839 3309.041078150001 1762.056285328898 0 -2329.127386745422 -3622.094012998519 -46791.61341806434 3197.911543205277 0 -15317.74270913859 -10974.65605128469 0 2049.512877723798 -10149.00144065577 -19155.71481367301 338.0347844758699 -9084.925774667792 -14528.84062435913 -3646.502078036668 0 16560.44355928787 -10338.04461254509 13704.46188293227 -2139.590419551082 -5648.079413612678 13819.88882707717 24634.11365975435 0 4597.390736759273 -15619.25271849312 -22673.23972450207 -21431.27688337984 1888.207669097447 -5346.499425261437 -3558.088754999603 0 -2106.711193644884 20979.20823310294 12681.08011756175 -9574.700904894358 0 -3627.880965190863 3043.723108505853 0 -463.0759418087341 -5196.83858755292 4529.598808421325 -1248.469282929703 -8657.529457274071 -11139.14119692527 -24224.11865790796 0 12531.6113636864 -2059.219461575572 14198.95739546913 16780.28277526376 9919.063831008179 4727.412276587443 15248.5839101278 0 -4529.403990619303 -8724.616227479612 -8376.427925941432 -10544.36253927643 -2990.670741237422 19787.68920665295 9193.389988754941 0 -5323.342979514388 13048.71732231931 13660.6667496701 0 0 2638.820470421968 2630.042553489522 0 -3480.061283206238 -1077.68361325517 5925.882690174945 -1271.814917456757 2796.259517176334 23254.03928906965 6593.246142654 0 -6111.386328352257 2721.359778314372 0 4022.774503454288 9012.023492537755 -2227.541641360388 5071.324711740222 0 0 3576.191455207048 17476.59378447914 0 -757.0484952061661 -9817.436907043637 0 0 0 -2272.265611938854 -4252.482875962412 2694.279275150072 0 2469.811567934474 0 0 2604.579588748019 8278.181609452464 0 0 -105.9592019070724 0 -7359.944602525729 0 2657.028581692265 -1172.198716264625 8557.8055102898 0 0 0 0 0 2444.0732069525 0 0 6010.203162217924 0 -1210.84882279797 0 0 0 6822.736411438585 0 0 0 0 0 0 0 0 -8684.019241507414 0 -4026.495754880386 0 0 0 0 0 0 0 0 0 0 0 0 3691.730382127442 0 0 0 0 0 0 0 0 0 0 0 0 0 0 3627.795179276381, 1141.218459047904 3373.571996215878 -3763.936488323116 2345.79867653336 6775.570174566422 615.4859866626678 4562.851450546732 0 -3487.327059158706 17277.976627713 8369.400293849507 946.2772320992872 -1744.400584093001 -16931.85430221836 4342.2839109377 0 -5125.615829599284 15441.11120459949 6172.83709217121 4710.408551902728 -3256.448827222508 -5326.310367636584 -9465.747983363781 0 6270.731513778058 521.3442889970702 -1053.587677739511 -6501.022860215458 0 -8746.987346424285 3286.755018387812 0 4300.729091921892 -14851.71877820209 -4001.992638779387 446.4928598769848 -13894.35149767456 -3433.929678943851 5087.4214072214 0 6852.506594789354 401.4077722821658 -973.7310475612146 -424.8988497167802 -1269.274372341672 -10257.09751355748 -1191.448104260392 0 9217.947370640546 6449.567072914173 -4719.32962622252 3938.595380057214 4734.268527399979 19578.39364789269 18703.61047809704 0 1463.226539718462 2388.874928817228 -4260.92900653613 6765.361654873171 0 -3042.216147534389 16494.68589030717 0 -3592.70143242199 6087.142902735202 1943.125804241463 -5354.012717077186 21042.20781862952 -1732.832857393103 -4137.881694043926 0 6645.153389708157 11828.03892187823 -1233.154293777154 19757.57765910105 10774.0336880129 -12344.2807135871 -1860.149276280357 0 5312.201128609904 -122.7614497910954 -1193.640945573401 5598.903892851707 4888.294723595159 -11761.79354580001 559.9941903463769 0 3694.833922353882 6097.230138384203 -8769.558719457931 0 0 -4600.488154056175 -28579.94850377555 0 -5854.144654626696 -8564.40395782005 5103.599036110905 -18766.09055953632 -4228.290455111688 8249.812405486366 -7463.63719193539 0 -18777.79186356943 913.9220591360045 0 9083.798210297837 1033.583411386226 -10414.83936822361 -21310.18319002372 0 0 -1954.212178168752 11924.13969445505 0 -4175.416450625747 -2013.784126416745 0 0 0 -12408.38454057498 -11265.83816709003 -8057.230292026064 0 -3953.520863210562 0 0 560.4628470904422 9456.915359373845 0 0 1181.743411767181 0 -5362.663623925732 0 840.473991892145 -1514.025670587122 -10502.5939940937 0 0 0 0 0 2377.048879545398 0 0 2680.938204528429 0 -13835.18658228989 0 0 0 -5297.968602687873 0 0 0 0 0 0 0 0 -4206.495788662374 0 294.6822532937106 0 0 0 0 0 0 0 0 0 0 0 0 -5827.243895759695 0 0 0 0 0 0 0 0 0 0 0 0 0 0 -238.2927546523133, 3297.326518997177 2999.547685297739 -825.0866745996141 6488.075714637685 5403.825596273529 8194.490999859907 8509.878080551782 0 2149.221872670879 -2133.772923482566 -1391.223599785244 -8700.847941715361 -1519.076248718966 -1086.283850386255 -12748.36675572764 0 2941.870161044634 -9673.606199789147 3239.364140569856 -2488.491328297899 4211.176685126461 4389.789535300487 10688.37816524914 0 5460.604291619617 10897.0043450283 22983.63662271143 13738.34249931097 0 16634.33538608835 -11166.09788809079 0 -579.237657080495 -8199.659805167932 -16402.34986137203 -15931.77922632487 5782.572662704912 -9693.250283474266 11877.33437819836 0 4894.421477336187 18332.31488333434 -3547.375230596626 -12037.8911577691 -14684.28140515831 17520.35321551146 7141.570000364281 0 3705.030832454633 -167.2333323863554 -5351.825167893769 -0.5704381090054085 11852.39031591076 2700.848254418398 -17951.89835017735 0 -3119.057340692602 -21860.5126462742 -14595.55749277425 -1086.442058912849 0 21111.35329762642 -27975.33794626622 0 -4167.785293946367 172.6282465627601 13899.52801579219 2986.711485330376 -11130.3882789626 2012.879008398883 30624.76077325111 0 1345.799470980955 10041.48220562361 22640.2355176802 17255.5406593599 -4864.819169557821 -3479.232566238376 14543.38632893032 0 7410.609528179406 -5492.18303801123 2873.268149789992 10079.76977176588 -7925.760340028279 -1090.725413417857 -14892.04662801467 0 -3193.393897973006 -8308.291731431304 -17684.22991982535 0 0 -4793.088842358215 -15363.86129500281 0 -4197.598431418706 14699.48800038192 -8561.17297549455 -4946.883012636181 -2340.856036522991 16847.30907152586 18963.83241144042 0 15199.72253397306 -4994.548586361603 0 6898.724311209018 -4176.131354014004 2541.568584399088 14894.32229467169 0 0 6537.917976881425 24420.53017559491 0 18573.05000107043 8523.537929341102 0 0 0 -4596.229880788832 7411.344695645579 -8621.207024128245 0 -8797.211956695624 0 0 953.4900931609341 11305.04789914887 0 0 -824.7325369382896 0 -9956.758806997399 0 13.07071259177201 -4764.311100030915 11401.49506045794 0 0 0 0 0 -6069.589835472428 0 0 2778.32007747533 0 -986.1295938348967 0 0 0 3204.908377516766 0 0 0 0 0 0 0 0 17478.59576433369 0 -3543.190740484631 0 0 0 0 0 0 0 0 0 0 0 0 2997.827499307655 0 0 0 0 0 0 0 0 0 0 0 0 0 0 -782.0248528331817


GFLOW: 0.1 0.5092034654223759 0.5068526643008843 0.9725208378316579 0.9681351518816504 2.681572510836956 2.682141334542271 2.340087937298816 2.34182148282169 -0.5845794770742108 -0.9136851507194602 -0.751775497370924 -1.194820566028692
q-corrs 115182.0527431359 97160.02344277481 4989.804293187977 -10232.38440291111 -11184.72362821759 -13068.93048089913 -7725.631278341845 0 2941.025944867438 -3703.464762636965 -4822.758870261511 -2497.66503544659 -173.2593941701603 4104.449943909488 -823.8277890961333 0 3623.944087362025 -1387.88902340265 -1529.510992719985 -4003.545573761021 -786.8969578571993 -45.28645029661618 -3346.744301696323 0 1703.409919676551 71.42761394064382 1260.985584265803 2556.252648424022 0 -168.2438017485913 8236.353181022885 0 -3937.896021821434 7923.671970743222 8270.249796070666 1201.392151063789 -2840.042071417357 -4523.032102276327 7065.434394389758 0 -8539.059978671732 3394.573201221578 5245.908268314089 1280.326963195555 7040.523618868534 38.0334671621149 -4086.444632212266 0 312.2982769258811 -2015.399891841696 -2725.32152510846 9689.335497712895 -891.4804460116677 -5996.692822115621 1492.980019820302 0 -6236.639071216711 2929.399132333506 -545.769162760372 8570.412805792403 0 -10386.3399020504 -834.5597320937247 0 -925.9172903963945 3458.766645915983 5928.132528704377 -5152.104207829381 -2964.958122039965 -4562.233296711734 -2754.765446539657 0 816.9806954025593 3187.220659030406 -7138.571382615291 4428.811156319079 -3015.222362977368 5945.403017515549 55.33303828436328 0 -42.03304142837703 -4009.541920109941 -670.5183987082949 -4103.190740058844 40.79749200392405 4503.653377747641 6474.874339700208 0 -1956.146093415257 2117.311875591046 -6176.445638966483 0 0 -1398.319557201969 9169.243982174623 0 -1039.732010091227 4753.958929544048 2419.361425460419 -503.6573056155723 4774.343665350047 -3238.752704253297 857.5279071582836 0 -2447.210167649506 1274.486286839527 0 6084.360093552732 1345.847620827551 5044.87373495383 145.7185249376862 0 0 911.4065495297452 -2534.576014211262 0 922.1448400502779 -547.553655517248 0 0 0 -5880.547704097238 6127.139033906913 91.38740431795821 0 1428.347983752682 0 0 1823.59833506968 2325.141857520643 0 0 -892.2124635561711 0 -6242.957702594544 0 -1774.483515640398 4895.207557498212 -1147.920330142539 0 0 0 0 0 -423.109653587868 0 0 1141.085715605082 0 -8176.903861927992 0 0 0 -3166.986907056041 0 0 0 0 0 0 0 0 -1832.96516183483 0 -1803.811251358027 0 0 0 0 0 0 0 0 0 0 0 0 -4090.576816133248 0 0 0 0 0 0 0 0 0 0 0 0 0 0 -953.6383217984719, 15253.67113042108 -2928.874480084045 -19599.73987117773 -9602.043712267419 -6210.310902769946 -6908.451684229085 -5643.391875491552 0 -691.3712610724234 -5568.532120216872 -3474.345614557476 -3373.061995960964 222.657655011931 -1580.903939061764 -5809.564427515978 0 680.5439963585643 604.3087946285273 211.7831255279884 161.7941880251155 -665.6764418571361 -4304.41212382057 1165.575144280916 0 -1119.764297163823 973.4756402321063 3606.36171537335 -923.7257052107897 0 -2746.376870019281 -3929.61400020686 0 -203.5594360542468 2891.897677566619 1587.616022727759 -2654.750226651351 -1735.752376586277 -815.8459673051289 1010.404566009588 0 -1884.067090341441 -395.850566346933 1699.41292821182 818.3359197866459 2349.77210041976 -436.6246801277098 -1133.593841253755 0 158.0022161732396 -8919.886967889248 -5730.703357155804 7842.115541006346 710.3345230217184 -552.3578257477197 -3675.431384301155 0 -2476.743994347002 -2691.696262921192 3477.09232701922 -2944.282245693727 0 -7965.958502222658 -3801.167127942872 0 807.5606330867922 681.6959943605145 -7244.914260598815 -185.8163393407349 4657.67903710536 3941.130189506216 -2536.054746311128 0 -1186.61912109951 -513.2546287842029 -1662.41873069375 78.41198891538102 -1012.152859233634 5959.545417072331 -2109.055496241003 0 -108.813110298993 -4237.3860840564 2283.32337692053 -3090.194298090411 1680.10822525413 1226.113710027373 -2245.911126102062 0 337.9041078526254 1106.012503634471 -5446.899497244909 0 0 -1268.28314125637 1816.407735973455 0 -1102.218782160689 2751.519014449163 545.494477120553 -1056.36767693472 931.5678234163022 -931.218191981874 2206.913312359992 0 -547.0690986346121 -1262.907351182348 0 839.4536502364853 1927.007320972534 -1709.396303644979 5522.234587764684 0 0 -2333.364108577887 -1152.371132962906 0 1840.877744197081 2247.571227399065 0 0 0 1473.530050595396 -430.519758436244 -151.720395794241 0 3126.657835662663 0 0 -1096.601432405972 144.5099648689438 0 0 -380.925520295488 0 -1127.196707925481 0 -1728.982803462385 1986.669464242641 -1394.299991444217 0 0 0 0 0 -115.7257094787128 0 0 1405.870778329974 0 -3045.251484826436 0 0 0 -3156.14094988361 0 0 0 0 0 0 0 0 3267.289048888796 0 -2868.028181468877 0 0 0 0 0 0 0 0 0 0 0 0 888.2607530962475 0 0 0 0 0 0 0 0 0 0 0 0 0 0 492.1687824124053, -2297.04816616507 -4814.902117206977 -3426.593772970697 -2626.826766123177 941.1282713380392 4491.36416812292 2614.71075126309 0 429.0901757398465 1283.762789415282 3311.333977047789 -12.29357535979534 246.2498976326108 543.3373578425161 -5633.161196370978 0 304.5133230471566 463.6482909735098 117.1806957962047 184.7650821763382 -216.5666231008066 -4060.501035033348 996.4642072606961 0 -4087.482987005485 2170.187463926035 6876.671795013424 1222.532814969229 0 2720.910822090883 -275.1222844957107 0 3631.407262874346 2189.997423382371 2118.261827782462 853.6107505993966 -1005.028088571108 3843.727770377152 1267.913542841898 0 3659.339773926919 -1560.902409630611 1964.444303797776 3154.127942718611 1340.363396139335 461.6045109531505 -1201.463218549341 0 -959.9393156408969 -2107.926693888469 3423.196108288706 1433.600519813488 -1842.441565402673 1676.677893033345 -2566.785964860066 0 4163.233904759734 -2427.157783686416 -499.3451961127818 -2409.960160853509 0 -2142.142232523755 -10142.78346470718 0 -819.9078173722356 -2956.728935080715 -5107.41459397505 386.7827744768648 6646.960625248094 -346.7036058744993 1815.708961347023 0 -330.770276605156 760.2434121684639 -3442.092012204001 4080.086868354194 447.1652817489129 5688.900048591735 5364.979001436457 0 1953.691756485504 3077.605764049463 -26.96118582798533 861.5280644902138 -926.7853159707488 903.2917004940781 4039.35775487037 0 1425.076354589849 7166.679645225711 -2076.32584425263 0 0 -4185.262272584747 2340.097771350779 0 669.4196917170207 -1492.945963355113 714.3515095067646 -262.62162499377 -366.9698961347483 -3623.536053528742 2416.011578881069 0 1506.845902129118 415.9519496037931 0 -3933.017806238418 -258.9028602608064 1676.662156598407 3055.365041099845 0 0 638.9106116284869 -5004.33302633556 0 -1662.968035497735 1890.875435984531 0 0 0 -1891.829830396644 -1903.115092344798 2181.318190483991 0 3386.036682533982 0 0 -910.3069098811382 -1905.599137717221 0 0 99.29154125206173 0 1019.926182230635 0 -1635.176050664109 1312.007531207443 4074.1006907605 0 0 0 0 0 607.4331006902617 0 0 -202.574189965171 0 1588.551630652998 0 0 0 -216.9282016262361 0 0 0 0 0 0 0 0 -395.7292424925131 0 -738.2629425929282 0 0 0 0 0 0 0 0 0 0 0 0 -1869.19182762546 0 0 0 0 0 0 0 0 0 0 0 0 0 0 -641.4814555301239, -558.5402915961602 -406.7657680550417 -1006.513747937081 -1996.634976133372 -835.5486011739137 -1254.968222464718 -742.7462891696684 0 -4242.507003710544 -2159.855662392075 2444.36410026213 1464.995841197623 -1134.304494004476 -2820.418808676607 -3898.111574377571 0 1698.771166588121 2320.590627876388 5071.211541790928 -966.7777438950231 -1621.88035677532 -4300.052979470027 -954.0939211010714 0 -3810.249946152548 -938.3696597046801 2545.823973596244 -5.885144772461445 0 -5494.88435944748 -2940.461906948296 0 1881.954737274709 2979.389065850134 -6588.991374571844 -1280.650231216368 392.715323252321 1564.861101214667 -3321.053024490502 0 -2159.480858898773 -3432.215310580104 3990.024978751627 -2875.000827163968 117.4842154390803 1226.177855418618 -2773.063620232493 0 -974.0448124027687 2780.195327167896 112.0587948855505 -2733.941030267853 -702.7368178657018 -3880.010740131213 7422.271514910701 0 416.598220800327 1406.573261419769 1140.168581364856 8757.155230886436 0 1768.796603919057 130.8449355645471 0 -1325.78617104622 -2374.871068078268 915.189383951709 -508.7611489262579 1581.043898832641 6079.686795206191 -5802.257955272599 0 4822.975756337633 -4870.088037875426 -4293.087763351927 -1609.193385832298 -303.215709911932 7719.686068640994 -793.6345808630484 0 984.1290371542184 -2626.927011687294 -863.0521218199665 -2284.093060370519 3433.915899362663 -1817.329825455639 1879.644481482261 0 1432.983023285753 1110.502346795507 -4789.20898354273 0 0 -1086.831724383505 815.7115016097487 0 -194.3574365734229 -11.679590772148 5223.43142098534 -668.5778605715414 987.413222324971 7962.430496892241 -4033.408947955321 0 241.7514738831439 -158.3302372910171 0 -6153.350713955573 -1035.146548728038 3713.834390026392 1682.032301543159 0 0 787.4398004965633 1315.939594318559 0 2620.234552673104 -1532.880305936345 0 0 0 -481.0497721463563 -3171.181330920303 1420.606937036423 0 1557.406321189183 0 0 149.5682859629078 -721.6459276294013 0 0 978.5575330568581 0 -1652.997848739892 0 -603.63923274947 737.8685435555176 300.0109543914148 0 0 0 0 0 353.8201389244085 0 0 -3699.373339611579 0 -863.8193071822217 0 0 0 1164.73036727363 0 0 0 0 0 0 0 0 -3678.117785047964 0 462.5813483265796 0 0 0 0 0 0 0 0 0 0 0 0 -2509.806112700634 0 0 0 0 0 0 0 0 0 0 0 0 0 0 -877.0407496296789, -5.574898216476868 -778.2243081822944 -2976.422536046627 -1095.548881058288 -1428.552925966178 -5784.263025221202 -4175.385826173277 0 -2934.618513011424 -2331.11129881881 -1743.670657842021 1356.853476197747 -1291.157026740166 -1622.305111276645 -178.8693173484962 0 -784.5627111300225 1095.312819132817 5361.200596622412 -1159.441261020072 3853.600279680798 4612.942262944581 -17.81440475742625 0 1314.1240421391 2158.243360200107 645.861345714284 1554.589657083449 0 1594.294833146346 437.186735565311 0 1837.985887179628 449.2774281000713 -5079.247628536599 1125.304672945842 -5389.68670848869 1533.37032703805 -1003.251537047975 0 1570.8889399566 -873.9493488638936 -794.8777800168575 -601.7768760004719 -845.3483232455974 -3217.809543193156 -209.4487129315008 0 554.792215815261 877.7857393007569 228.830979001357 882.6784577007481 -2643.053403147495 -2848.275074628798 9660.834676570368 0 1988.852148482903 1443.801200913743 2139.285073058116 2058.13359115876 0 3014.516184128539 1551.594499938654 0 -380.6462122791729 -1715.536219606541 1789.561464163586 1313.049410859589 -1005.312910647294 -513.0903992289277 -3496.684678046523 0 1470.247478203174 -3565.979481179098 -2888.163599801463 1208.17050969792 -969.7046214709987 3410.490939445989 -1681.394253828735 0 359.4404690473452 -3175.02716568647 1223.50237723068 -4581.063824897714 -1069.101267998691 2294.892909005017 5697.028947398392 0 1041.490286052414 2680.514686465337 -7341.605070179294 0 0 -4605.908369450613 -5127.583219725332 0 -2453.74180353697 2838.963867501539 2104.690179136801 1604.992381465051 -823.4538707474094 -3726.736563295952 -1713.701811120057 0 1197.803806176977 2038.049301884406 0 -8529.82814502194 1766.38690974987 1603.724301129425 4458.131272735814 0 0 285.1130228218811 -3934.232401014899 0 2892.90402162789 -3088.263397017317 0 0 0 2602.034769748378 814.3028892688817 241.769257539685 0 1933.336111614326 0 0 554.3118924701511 -544.2288865717453 0 0 -874.9935155933547 0 1662.070958535319 0 808.7121946749783 1862.027281826997 1114.046613350765 0 0 0 0 0 1081.019386324472 0 0 192.0893825284261 0 2266.037010836513 0 0 0 100.5551262245577 0 0 0 0 0 0 0 0 385.5523238572782 0 1055.253662406386 0 0 0 0 0 0 0 0 0 0 0 0 114.6513831412201 0 0 0 0 0 0 0 0 0 0 0 0 0 0 19.28443062530135, 493.2268493761537 1836.704173564176 3156.514665617131 3379.497340495398 -1216.322204614727 -2110.668347058506 2280.155365667771 0 -1301.96755582183 3976.260124215511 746.9516120165985 863.9331629615424 -422.8909771653307 511.2757343841353 3428.431401961895 0 -1250.587814097154 -4783.351399220304 1945.988854861784 1672.26514480233 1024.762227029388 1169.877349732965 40.79139499460416 0 -2943.580368421754 1070.738683575193 -9031.834395709204 -547.377311491467 0 -679.9903600813616 169.3924305078524 0 184.2549023933715 -2679.243561693886 -1182.495565809593 2284.803069314074 504.4428704506691 -3829.071197273881 -3775.304393535996 0 4161.394536621556 -2454.479164978668 -1093.804224800809 1039.505300464763 -200.6478192829522 2915.446747073849 2247.273580379198 0 1144.953430861046 538.5892240405351 -2285.107513000263 -6910.861375924801 156.927792289684 829.3026002837555 2225.391332423998 0 -1921.667226164504 3859.769784930813 1535.57258868237 -2792.580673582403 0 2156.554456899313 4911.150916802436 0 -591.0888862876557 -1416.700462720195 260.4284045931486 2867.578548283649 -275.1941544353815 96.80543848421689 -3813.342848957032 0 3944.131474209101 1685.80879059839 1633.43188447322 3863.750936290254 3286.231627202164 1672.214797354733 3514.935280168142 0 -1252.225722127067 -1861.502314994721 -1668.561187107648 -1704.279536404503 -3333.295778748007 -312.6086578670295 5964.103734166743 0 938.4786497560434 5506.557056266178 1479.451995442058 0 0 -1223.07353441045 -840.8229878856569 0 -2256.306666553521 1662.683347550916 1821.385987726353 2057.944963233726 590.913962706014 4723.290210167471 3627.90265125588 0 270.274506310594 4066.429771103152 0 554.0034653285906 1938.03192113081 -296.7396240814155 438.0014797053221 0 0 -497.3544699744922 6224.620054735259 0 1805.783049200328 -980.9811825732309 0 0 0 -858.986057054595 612.250669816535 -508.11932193324 0 -46.76553800929673 0 0 -339.6028498986479 5370.395437874269 0 0 230.63582093913 0 -2635.14910271616 0 -610.5499086763567 306.2277576615879 1838.330240069758 0 0 0 0 0 2267.243915384178 0 0 -771.2826080063926 0 -2005.173521946906 0 0 0 1868.373879111641 0 0 0 0 0 0 0 0 -894.5127557711805 0 -1038.360671724034 0 0 0 0 0 0 0 0 0 0 0 0 2202.642966978288 0 0 0 0 0 0 0 0 0 0 0 0 0 0 1488.701543765445, -236.1684443544618 -608.9116574884056 778.2962632367964 2999.786586736669 1519.292740048499 1542.024289339825 3104.632484275346 0 -1764.133787476982 3176.436778988656 1613.481528249316 -239.0873003311334 1032.789926625364 -4503.389979509674 861.1838787376039 0 -203.7328394134739 2280.886395518955 707.6869102704551 2085.373428390203 464.6710775998752 838.6500197921732 -3222.873089719732 0 -1111.631326719537 286.0222941878262 -1630.588782053591 -4745.377583649646 0 -4799.386284070926 -738.9670275018702 0 144.498517306793 -6044.15007392917 -491.001843924312 4035.845717816694 -1593.941128130345 -147.181794749385 -4460.372844368653 0 4790.276430969149 2296.384692572697 429.3713523921692 -178.0649985418409 -2473.667209314895 -133.259061681922 2624.698892111267 0 1622.477372013062 -2269.136928366487 -3452.793633581969 2282.244322040024 1766.992649401004 1861.364306405535 5924.047029601899 0 -2373.275176451059 -2410.699611457661 -159.2644742379787 3589.663920540918 0 -643.8299730486376 1022.098781717067 0 -1611.63944383866 4926.043898523638 -652.0419966799718 268.9175277027726 -383.5902611817392 1270.484027342274 2906.971090249499 0 -2143.010563405147 183.7267719248744 -6492.046069045659 -696.5911385079946 2923.097435437609 -9145.847613180369 -522.7776698310392 0 1108.044467361893 800.0618077841389 -1964.02605863619 -94.94210483650636 -1177.996229165048 -4316.244050687355 -3719.083578166604 0 -1568.977636367236 -1733.719421744532 387.7806566309887 0 0 -3301.519343055378 -5968.184783927234 0 -1304.041771366657 -2053.766203912406 -2922.618253680233 -7345.636504103668 480.4595198491174 2109.767516986078 11.0595539844914 0 -929.5520121682466 3487.646138480376 0 834.8220543794077 -257.0768020545677 -4816.27966102261 -6244.940988525033 0 0 -372.7246363334739 2710.120982014388 0 62.12967874400556 1332.467682993451 0 0 0 -5672.951616443615 -335.2270156938325 -4143.949863361549 0 -628.5899883780251 0 0 -546.7868362751583 3665.302854717088 0 0 156.6220836322417 0 -5966.796025269885 0 -1573.138014138012 -25.55761652776448 -921.9989551208067 0 0 0 0 0 1663.535940792426 0 0 -293.7986344667636 0 -5135.784628216118 0 0 0 278.7581536046903 0 0 0 0 0 0 0 0 75.46454538484181 0 -1714.69771382923 0 0 0 0 0 0 0 0 0 0 0 0 191.9564289487163 0 0 0 0 0 0 0 0 0 0 0 0 0 0 195.5699699123844, 464.5351499038807 611.6734804545915 -908.2513919376502 1996.58205713886 317.1460562376017 -2271.941014794261 2216.694540394274 0 -355.5362403519887 2476.48369910561 -2280.707095134277 1227.353465629767 1107.830929642182 1506.761913318667 2591.96055964739 0 -1312.871260143246 -7085.131194926385 3404.513734799167 3368.863803366994 208.8687417000965 3973.202293803441 1819.149049638089 0 -196.0617284669834 2633.636744979412 314.5812678401014 1658.141259971911 0 4043.56850942693 -1121.433188144075 0 1414.927096949006 -1510.072873351364 -1272.817855047604 -1560.868706519719 1843.029889968244 -2098.542853537158 1103.160011109695 0 2409.506683861985 868.6567991133388 113.0952668271138 -3863.217865932841 -2842.392466908749 7441.641263661492 456.8893679266457 0 1630.690333452626 -142.2867386448302 1981.524625023378 1304.292334669256 1082.770673272972 1610.056043124235 1110.505461241375 0 3990.356171808334 -772.5700196501007 -3730.382892265992 482.629844560937 0 -3447.63605159444 -7442.773760423024 0 -1708.797247719046 5719.844048882694 9068.800588256918 71.67380731255219 -3701.225380689235 2387.933559298056 4812.864775795199 0 -153.4699340276709 -917.1320717427589 4141.408911320691 5227.891818798636 -343.5770301798348 -4950.787568082958 5487.566461487731 0 1582.267566632484 718.0242089700628 918.5350560282835 3880.313998919937 -2879.791412637183 -1932.480230502105 -1107.492588676098 0 1433.286910158224 1838.598963910664 441.9312136253259 0 0 -1833.953093744777 -4886.262050995732 0 -1295.789995351489 2195.768084026545 -2813.419944278782 -3060.844600717405 -234.7969222306498 4909.81304936283 1986.940307794464 0 2904.900361498125 -876.24884773127 0 2558.745667990664 -1187.699750225764 695.2489254641048 150.6522239801561 0 0 949.7666686741992 81.22404804211601 0 5559.031388197707 2351.582047826681 0 0 0 -3748.546805940135 1545.618954116095 -1643.372118250397 0 518.2466322221096 0 0 -389.4030603374085 2005.822323087845 0 0 -24.02258767126932 0 -3052.486371541411 0 626.6994449440754 -1753.405860728643 1734.812814959463 0 0 0 0 0 -526.5892091730328 0 0 1600.822324553348 0 1810.455123715949 0 0 0 1057.689884106309 0 0 0 0 0 0 0 0 5230.368017981569 0 -1602.193127763227 0 0 0 0 0 0 0 0 0 0 0 0 629.7909754763346 0 0 0 0 0 0 0 0 0 0 0 0 0 0 -152.2313672778662


GFLOW: 0.2 0.2738566453195075 0.2723067167224176 0.466720092718089 0.463856755682779 2.884841305810687 2.885295134937615 2.710514101375913 2.71186323403596 -0.2290427081776338 -0.307874308112856 -0.2675578320537271 -0.3661524199154623
q-corrs 30947.74105868168 52866.20844189018 24735.90932989258 745.7820308832884 -4020.794321208422 -10438.08395616664 -7486.736643487326 0 -1023.689138550972 -3931.61230670809 -4267.242295507923 -2670.431493918299 309.4793508174069 -129.8571434049501 -1166.486739401738 0 158.9202113965681 -1530.077706293483 -2193.287288192921 -1198.899278716234 -1105.468860206132 -1851.803474718477 -809.399410744838 0 -35.1719753238106 -353.4366407761522 -949.0372310189159 895.403522275731 0 319.7326320829017 2530.833357743451 0 -1450.409701410631 1739.126432947736 2157.89412382807 822.4366094861718 -312.6129584573953 -1207.735850902196 2898.317806775391 0 -1479.627744803126 969.5496608512066 260.4440473194641 988.0445341566576 1787.341368952244 -183.4810769218359 -1539.950959463812 0 172.947621982154 -2018.132228070713 553.910798922027 1740.165580923929 -1127.206102540706 -2047.94229943594 -1159.617584991225 0 -1982.128802163218 786.3989723536843 -533.5133703145352 1027.14906339291 0 -2406.588376202202 -1267.530752619593 0 -331.7227051026516 123.0575331759264 2396.355414794947 -2130.922881792105 845.1370940490247 -1528.239018822379 206.8241803950174 0 -248.1364330352066 675.0593094152109 -2513.997917107283 1217.058744943233 -161.2619749643619 2431.129012929142 -475.1660750660207 0 181.8704543793543 -384.4725578202078 490.8533189910548 -1573.556849303398 1.836296375454111 1046.020599624655 1011.754312389041 0 95.98864320305722 930.2420423746719 -271.1146987400245 0 0 -723.1270894901249 1407.067417578841 0 -357.904680245722 649.0386751736255 -714.52720513235 -161.7134366413839 1031.081374670429 -143.5195347541597 -78.15123992431714 0 -564.5201311954348 -375.6712833125241 0 1482.373610747731 257.1080950607036 646.0348995224377 112.4564257321011 0 0 -102.5742771558313 -1905.047053599604 0 239.6072035057252 -873.611512217848 0 0 0 -1132.95206656582 2021.643727065045 -1355.32502442631 0 -257.9431456801549 0 0 207.8115411469398 -993.2362146356293 0 0 -310.3589070079605 0 -1617.046423201377 0 -1241.450672394586 1198.369099271096 -2871.112026344394 0 0 0 0 0 -128.2947324396591 0 0 519.4651875177972 0 -3493.989971158641 0 0 0 -1391.878819279336 0 0 0 0 0 0 0 0 -212.68930260477 0 -1496.162694099696 0 0 0 0 0 0 0 0 0 0 0 0 -859.6007531038181 0 0 0 0 0 0 0 0 0 0 0 0 0 0 -250.621014928243, 8435.536669855752 11061.70613283607 308.1095108878825 -3258.942399947578 -2827.220138114726 -6695.423652803386 -5165.759937955602 0 -644.1389420510421 -2958.295154543476 -2930.658566361921 -2196.170807079258 158.7989118234807 -486.7270181050563 -1236.005879021104 0 -443.050637272487 -1521.258728789646 -1594.066851996503 79.54516018500726 -1263.036171358293 -2186.690109656995 178.3015913155418 0 -211.2565329144939 485.3599968899038 -231.5981927575643 -626.9067834307758 0 -588.9939351973582 -712.1897662660881 0 46.28728108498314 971.9864825688632 918.72330262272 166.7278891540458 -69.58629989642924 -101.0336865278188 663.0580017011655 0 -458.8231518116856 -289.8589775741065 722.9225106624042 295.7149377244074 438.3839910982787 -116.8529897912816 -419.3470547625739 0 -137.6985622039056 -2153.962066664613 -582.7847563437915 1005.375517665909 -553.3105397886709 -110.9644522291968 -1736.139781215706 0 -1176.916598172383 -412.3947406383419 554.7839479330914 287.6581018296337 0 -2329.824249867034 -1618.056412800978 0 102.5356296816483 288.6153919544411 291.219434322233 -954.7067342266035 979.7136686326443 -221.1453424906177 281.5099855235334 0 -627.6373547672518 233.7857022092874 -754.0702042972604 560.6986300107064 7.044672883659985 1276.596670708265 -212.0501012436727 0 325.5775552576258 -276.8842135233272 566.1956836060622 -1534.477564884549 387.7365187926957 354.5875897918651 -320.3058638997953 0 225.8413350653275 903.6690136571652 -1683.738958229525 0 0 -408.0728037142521 -772.9604977040938 0 -237.4789918463781 297.7369977119182 -290.7335256345107 252.8827262175445 372.3067288494204 -248.4480800585252 254.0511694548133 0 -330.893360277427 -1076.872948470686 0 -19.86636628138763 362.1431246444469 -1052.888151750502 1853.466896214428 0 0 -318.5795432844107 -341.0730999021323 0 -275.9423573290121 -163.6987706374197 0 0 0 238.4977110587514 299.0554820549959 55.9706343348617 0 909.5571773181845 0 0 -209.3732656856833 -183.7096531103284 0 0 -133.661606041526 0 -464.4397750914071 0 -608.2757987337296 711.0519390920576 -1077.405895013255 0 0 0 0 0 185.8922269542124 0 0 538.4325273559181 0 -1864.089349879755 0 0 0 -922.2555094729562 0 0 0 0 0 0 0 0 579.9235364594019 0 -1100.417482386526 0 0 0 0 0 0 0 0 0 0 0 0 60.98835421650627 0 0 0 0 0 0 0 0 0 0 0 0 0 0 27.7022413567449, -844.1738274533054 -3013.193074190662 -3758.656192350896 -1964.705764602412 -115.1859151961732 -31.96618972578059 -734.9220144702092 0 -32.81859440427164 -185.3292951299134 817.0299598062986 -365.5372275033031 -24.25968408244154 -7.919351619026202 -1432.968761810848 0 39.26797515632073 -556.0331766021474 -395.8250333832029 167.6593830110445 -633.1828976299138 -1555.729593295887 -201.8441666555561 0 -702.3425568046827 889.1294604088662 1807.522961660171 153.4200655928411 0 -109.5838845827689 533.4949662459951 0 814.3855468051134 1666.051549675647 -87.98460866022356 1297.479434599014 -64.87986881276049 1111.519371366614 1205.768472667151 0 670.0703686346392 -978.4793963456073 1667.161205607968 556.2194583514532 647.8851118081452 -71.18784517281972 -269.0801770104506 0 -526.4120120550256 759.9150654642018 -664.3291232547858 272.6457958456467 -422.5182867895808 317.9387386212604 168.2227163108257 0 637.1453592008039 -78.28398693622637 -33.13860332088507 -1082.180843607149 0 -100.2262353010231 -900.3913282233681 0 -126.1209282180607 456.4594285785606 168.7634943470542 326.3114363786611 1076.851147569898 350.7245968065051 488.8706922472979 0 -310.9993279601325 -281.5318407500799 1089.593302866388 1415.774618079568 162.7397805493061 1703.292079550751 1253.283668575438 0 895.604649789999 989.5089304591359 -60.92184109589869 -416.3496004948908 21.72234346627965 -601.9624326743365 637.9644815077065 0 360.0077605355173 2089.07397780871 -1106.861253913424 0 0 -284.5984457683787 -1105.589075560111 0 -105.7464477899946 295.6764438771226 40.52688177045596 170.2631107280259 -380.815362743571 -953.4683803624838 449.0769543064418 0 525.9746357860275 -542.0778095042482 0 -1176.334158249821 148.0393085566266 -276.3499607886301 2264.594788813085 0 0 -396.6128900489593 -308.6929559408597 0 -228.9627565214314 330.5585014745141 0 0 0 639.7912564704426 -388.9951866591424 1529.645990395364 0 1568.682544422672 0 0 -323.4081963528933 250.7188150442119 0 0 66.51824862367867 0 415.9054642892677 0 190.3618888075248 302.4194569390424 1631.13263337618 0 0 0 0 0 380.9600633615009 0 0 -353.4616883341946 0 398.6993844229834 0 0 0 58.91278061280332 0 0 0 0 0 0 0 0 -608.669607550137 0 -197.6763368530727 0 0 0 0 0 0 0 0 0 0 0 0 -711.822122288848 0 0 0 0 0 0 0 0 0 0 0 0 0 0 -268.3453823021445, -251.3271360709728 -806.8383156787013 -1381.8576222032 -1029.486607743704 -119.0009953417265 -850.428256973049 -1365.35353879852 0 -1149.384681463346 -1431.856546055946 1350.777756422491 565.8935812697579 -759.2854390262476 -604.8647812728948 -1832.545735947552 0 907.9089265194714 766.1848164171656 1684.577667551411 -519.5554049774699 -274.5681968558422 -369.0290410804529 -1308.543206494164 0 -749.3532305967017 421.6675841414051 1741.357016599251 487.7483754035613 0 -2096.646314956716 -370.9533839468511 0 662.7680717204329 715.6215836243491 -2254.121870053786 272.1384133263667 -637.1381748945793 768.9934985222312 -65.49789144193107 0 -371.6770617435067 -2086.657197210939 1296.818524564461 -313.5697663789472 246.6685550465096 -362.0530370122924 -927.5701128135324 0 -627.5633458865535 2056.01182856269 -35.36592429261975 -49.88326210792346 -502.4868905375371 -1025.988061806735 3072.551451705424 0 804.065950698528 1360.281030992207 150.0041201159449 714.9092831715751 0 571.8047023063078 794.186248655652 0 -59.93252153468924 64.85464617404625 198.4303549209289 380.0793058344452 -19.68920626465524 1398.49013216286 -588.7745925881002 0 1085.448615206575 -1343.547208633968 -728.7505041949123 -320.0366775209785 102.8335019544342 2779.184357080186 265.3076965803993 0 392.9650559765993 -1119.870706727885 -222.5705688353797 -540.9408509831062 558.2898854015821 -791.1568872236701 139.8208633474649 0 621.4166408526191 -308.4774141004857 -1248.498664672651 0 0 175.9540241907523 -1053.093375312408 0 -778.8687046027367 892.1145616775052 995.501045471388 162.7871079520033 -269.0213857271738 131.0875670669227 -1294.837275427362 0 8.166566800055023 -521.7742447272619 0 -1784.834425970631 -137.6884258425669 384.2658679943536 1685.930807385961 0 0 65.96006141561162 -269.5156614093484 0 226.7766372066624 -1079.387688128232 0 0 0 -511.6279922288301 -605.0594494623033 532.3078151222435 0 978.1758977293412 0 0 -95.94323563990501 58.90009001636167 0 0 11.01321046880614 0 -1370.175053050254 0 25.30226294967869 222.3312687370176 602.3558422750428 0 0 0 0 0 263.0044857932273 0 0 -1250.333615871974 0 -291.1478428895074 0 0 0 161.5887642364724 0 0 0 0 0 0 0 0 -1305.083288188705 0 115.1849469382325 0 0 0 0 0 0 0 0 0 0 0 0 -874.5648998231967 0 0 0 0 0 0 0 0 0 0 0 0 0 0 -307.2958803998585, 42.44699608030351 -221.571219628463 -1069.868675284274 -774.2895739042026 -402.971373719584 -2401.160174612306 -2117.01471972086 0 -1080.693235513603 -1436.99621263231 -540.3967576456671 -11.93027270117341 -768.7833140455966 -159.259673397485 272.9890478485976 0 3.990308508260412 -11.88023741009738 2046.013616516014 330.0945436002216 867.9933502819582 1211.015191772913 -426.7679748024599 0 135.7656317837581 1194.496575855936 763.6922229469676 545.8748667622647 0 448.7631142613091 -297.6652267439032 0 727.4424794935312 -687.1384668058515 -691.8476772261097 -104.8042153377729 -1125.659666131336 175.4917244341934 -460.7467747422133 0 180.8664943330907 -1441.302926905832 -523.0010148789447 -20.92905194118586 -619.3956790967359 -783.2934781822038 272.8831443398532 0 -519.1782357376105 611.0451876409518 151.2253188433493 -704.0288461387349 -660.7731625019358 -752.5372697633968 838.1834468168245 0 246.0165544081225 -138.4378446227001 665.3266031476217 1339.404426368518 0 1537.388734499927 535.6207085825807 0 76.02547835615474 -304.7438367390022 1102.050888882015 -233.0924528546282 -485.2988177048655 -387.2852803251824 -138.6144457343668 0 993.1410815956874 -1057.835271362694 -1292.825713222224 646.716141998506 -525.2955739237732 3221.463545798345 46.75954494850566 0 355.8687499956945 -1612.109587675825 -184.2095075847171 -412.4495898364324 106.5368028798131 580.9583553633685 2316.837388916982 0 832.8973681969313 -392.1615767747087 -654.8373830816195 0 0 -395.5298769525291 -1136.213932314791 0 -861.8221116680895 1857.740920686503 1154.983898930135 2005.079790459905 -239.474730794185 -622.3231869717478 -1008.750693757211 0 348.4434706082458 624.1994543874421 0 -1803.875656189478 495.7632075748469 874.4521791158994 2238.675527051077 0 0 14.7038031197423 -409.0445864355211 0 615.0227139639396 -1016.86548821302 0 0 0 560.4670875454882 -203.7801737559403 -348.909416272968 0 1212.260699587885 0 0 12.98086230966404 -449.7182315322792 0 0 -260.9099655775655 0 -130.2774292625826 0 558.6355246110746 147.8891103307398 147.1122326621497 0 0 0 0 0 187.883217634156 0 0 -175.9315770754479 0 1121.423500970805 0 0 0 261.0405980446126 0 0 0 0 0 0 0 0 457.9061961484392 0 452.629237203786 0 0 0 0 0 0 0 0 0 0 0 0 259.2152875253832 0 0 0 0 0 0 0 0 0 0 0 0 0 0 47.07214777948387, 271.0911782943858 983.7151807264545 1266.359184968989 914.0680322086978 -83.78000716176489 -138.7119513003094 1064.399370523922 0 5.37821140199064 1590.709474572777 -169.1484214016907 238.5108324707066 -99.80309201069642 529.5674314432332 1628.457954601837 0 -174.8610821933143 -1719.111979524377 809.9266278538 1260.889884131347 597.7516509210709 211.3580667872221 -687.5306895367518 0 -822.4635723776736 973.3361522331134 -1462.887305047871 -1218.876845248809 0 12.29434092684073 -288.1206456098967 0 -144.4960649833543 -1434.374165091031 1215.485022020289 572.1161970790596 -235.3029204128641 -964.3958153347712 -1245.763136766718 0 581.8665584426792 -1056.4984409183 -1911.634657977374 488.1938703953508 -210.626356339729 75.5387021954665 381.5712414190857 0 -1.121043812102215 1080.742702575265 -281.4896085739562 -2491.178742788939 -73.33256764247724 40.50531561609233 134.3393558749758 0 463.0504843835931 -56.87783350368581 611.925160491576 1037.846318973655 0 2655.065500208686 1556.674450790263 0 -265.3688628699749 -395.2043243273558 1324.457552691323 572.617875903517 118.2307147063583 155.4059370616183 632.6974550948081 0 832.1216743943382 439.6817996928427 514.4992667835941 1762.992801804001 456.7663034720417 2778.043012054324 300.5126894827692 0 288.5421748098306 -230.1279674880575 -381.8358473280504 -51.05658235563567 -208.7168244759884 -510.6249186008441 2231.509704571988 0 1051.459591796978 82.33754668567809 658.7079944433383 0 0 -668.8965577837901 -643.584575188371 0 -790.5238879094229 836.2116403097846 -341.3040482598136 1050.670888246206 -159.4044081479221 570.7910476057032 495.6260141833242 0 150.2978626490564 970.4913001364947 0 -316.0657702147166 -29.59504483340487 -85.15190226530763 -1131.813037956242 0 0 -604.0230933784305 1424.556445222584 0 145.9236010364541 249.3858390677894 0 0 0 -1572.594138093483 125.2720630591019 -1183.087984404048 0 -744.4782025546566 0 0 -211.1929651240767 1069.606596640903 0 0 146.8198892185283 0 -1924.165602859201 0 -612.418332197055 131.1583925268314 -414.7419903010648 0 0 0 0 0 464.7486978954099 0 0 -418.8347223817737 0 -1189.864163251399 0 0 0 258.1814664756037 0 0 0 0 0 0 0 0 344.3399327385986 0 -362.5091914775659 0 0 0 0 0 0 0 0 0 0 0 0 759.7316405121948 0 0 0 0 0 0 0 0 0 0 0 0 0 0 350.10107696284, -15.27809999226884 282.5158726064318 773.6263022192163 880.7646822997485 450.6384649284632 675.0718740107368 1087.103898212526 0 -394.7135869087285 820.7974851955089 249.993493044358 94.12540858725279 47.48928942391875 -359.9405156304812 614.714838716842 0 30.23113932136491 -421.9285758413416 674.4871918391315 1031.532021464076 853.502326928691 896.0971929010436 -766.2634399720705 0 -724.3173871972544 911.7337729094405 -497.1398771920683 -1519.801504025798 0 -876.7804278761121 498.8700032965066 0 -49.76060236364322 -1427.095338070132 628.5580934345338 1511.889565503008 -840.8025807297033 -446.4340602395079 -1740.206314615447 0 1064.381399891968 -546.4438245400484 -851.9145405399596 -466.1263370615135 -780.6976320112053 -342.6451955403909 219.6106679098483 0 -10.96028895951099 -490.2836476945374 -575.7517857763634 -477.927066122229 -232.9890267820936 -274.8407409611106 474.0222862403406 0 468.752027498225 -1965.134048405548 377.5429723232947 1134.912140943779 0 693.9479787667314 -1634.877329700762 0 -353.7563522588173 1821.592810670697 606.6338645628866 -202.3508138070179 -438.523036047265 81.93133656862835 1553.557537267607 0 -1127.009547021713 -203.7898346734361 -811.3092331613972 -871.8241880346434 576.11059070362 -1848.665696910905 -661.4600449377688 0 643.3739894128985 1413.826516972054 -844.1830271198094 223.5631366976535 -726.1917599973225 -1487.035833046698 -1874.526409413161 0 14.5433406356118 -834.0466518161167 1146.095430972101 0 0 -1816.792016563676 -640.6909009155345 0 -58.20654353691015 -856.1294718831427 -1549.855476246676 -1068.049792815943 -148.7269084856036 471.2652999779423 1170.84956021403 0 51.7292027050857 1691.673899866869 0 523.0547822920518 -613.7341071145734 -970.5969851995891 -2196.645551369781 0 0 -392.1169759451311 818.5872051697324 0 463.6852512585201 1421.872850670668 0 0 0 -2423.900907278082 760.0415539888643 -1092.935838547088 0 -231.1933582458876 0 0 -236.8029084412801 1114.358135045038 0 0 477.6830587135135 0 -2623.937202490531 0 -616.2274046704181 366.3014138735056 -81.52212027871053 0 0 0 0 0 594.4990816126459 0 0 -383.7639734926682 0 -2028.676079896476 0 0 0 233.0696327763808 0 0 0 0 0 0 0 0 144.2446041556321 0 -672.869860718374 0 0 0 0 0 0 0 0 0 0 0 0 343.8002310005995 0 0 0 0 0 0 0 0 0 0 0 0 0 0 147.2727202570079, -1.981650710891699 128.3815281946263 -103.2963300084276 295.4232880757402 152.3191364525263 -680.7165981275081 458.3573991489371 0 -107.4501733361227 560.9612614410947 -565.1238108812718 368.9125068905498 241.9412369059885 1069.178800312804 1614.853166879246 0 -697.2996603155013 -2174.159612674191 898.2943726385842 1626.358198355555 529.3948380481506 1311.890304262465 188.9011205612775 0 -466.2394779374214 1283.299274992728 467.6523925430424 -509.7242214234035 0 -41.85632159145553 18.64188193742996 0 667.3144990084223 -348.389138322854 165.2291481037942 -50.89684818545709 299.7740794497639 -448.2632211454387 -1139.216006506474 0 295.6186055004973 474.0409019457506 -352.9081853270388 -708.4702391422883 -359.9943311999905 423.1251294700468 -869.690377355927 0 116.4386858070125 -336.6266334515281 1108.254439403499 66.60867162267061 -1352.609508304945 -671.9895263367771 528.2083912686369 0 1489.743062822436 -703.6236006039862 -562.1373714719405 247.620155250111 0 -2180.189844313917 -3105.400626925375 0 -391.7577989063495 2196.928188274162 2338.805834727353 -1007.908636504104 -571.9877427918491 1559.697619597483 865.8611568338728 0 -1222.153380711318 -689.6378357759078 -1124.20917027359 829.4043839102843 392.586995707805 -1652.707088900345 1556.794274315515 0 673.4945511480371 1315.281437021764 -340.314743562038 553.5819808985145 -251.7382214230684 -723.1840616213115 -641.8826229988631 0 337.2077821483825 700.3976141985747 1242.701829700817 0 0 -793.2066942198477 -233.0090997034207 0 -275.012099985946 -393.2629042948595 -539.4876649528927 -188.4735832344281 -146.074645549714 780.6818717410654 649.3455357303984 0 84.64032647377019 242.1472482651832 0 789.7529886355395 -720.5289050531716 -440.4256290377266 -278.7728651894694 0 0 339.7791640741108 -43.20138444604049 0 1181.709371294985 57.44914387558011 0 0 0 -1614.362841020532 371.8029276301887 171.9093192099436 0 631.3014936413972 0 0 -146.7668609521037 754.4843824325433 0 0 -167.5450116741451 0 -1003.472062051814 0 115.7590885220782 -103.6662623376874 1356.318078594953 0 0 0 0 0 365.1666985164983 0 0 136.3417977092651 0 408.4735890119942 0 0 0 583.6886999421196 0 0 0 0 0 0 0 0 867.1351244790301 0 -225.2722306668072 0 0 0 0 0 0 0 0 0 0 0 0 167.357218396077 0 0 0 0 0 0 0 0 0 0 0 0 0 0 -11.72744705538883


GFLOW: 0.3 0.1620611333894682 0.1610156352089566 0.2533785316398002 0.2514436514172966 2.94747439009702 2.947805039412151 2.849645157960743 2.850604545241843 -0.0800320150339334 -0.07926277144402796 -0.09903800543829706 -0.09708003596242935
q-corrs 10760.30555501014 26063.85715854396 19568.82650290999 4039.966809134877 -212.2481195175348 -3064.015226074042 -3294.04692869609 0 -1201.723675021334 -2735.785156795318 -3216.884070277767 -2115.736761753314 137.1001792652351 -1027.849757278205 -1315.565223709474 0 -397.9094363060292 -1584.250923283366 -1814.725081873901 -705.9983508198274 -966.6579316785949 -1485.615005738344 -161.6800888297363 0 -97.15812016689375 -486.92078940346 -1163.77579202637 58.10141515505268 0 -4.515146716017469 261.5579453516662 0 -494.3698314573357 269.1655729315654 638.0084251281647 -27.02601937893411 194.3335352967816 -221.071538041692 1149.549547135868 0 -492.9843068135635 161.5265203711124 -448.9521160063244 661.2545428702008 376.7761677899937 -257.3316601744369 -793.3207726834013 0 138.090385421466 -855.9225152737204 547.84751228273 20.35840799015472 -687.3521661929706 -902.5996410903635 -599.881115994443 0 -692.381357949179 309.6516842634018 -194.6647612261917 238.0791628123841 0 -905.5716912109108 -1076.337340962348 0 -89.73020817598771 235.7104813542759 609.2358646198052 -1032.133553485295 289.3252732211049 -614.3639983572848 513.2262462722756 0 -165.4918842141524 256.9100629759906 -818.6481452414152 621.4733511103504 207.4731138250538 267.834986610195 -11.22853567788845 0 303.2645232669997 160.2368579378813 -52.78984780860176 -525.9817374615761 -20.31308485300981 386.7822551267569 50.626857846467 0 26.68363114904599 368.234765912832 39.42452225731193 0 0 -136.1332013058037 -49.13653671057384 0 -156.2669990585713 -203.5730373216584 -366.6943997913764 -385.5138545378832 336.5732978332761 -174.0772940660903 -313.079052962728 0 -261.1821652986067 -302.0710200458393 0 49.27486992976402 -14.892366376703 -313.1131382170901 -456.0820817003792 0 0 -69.20201482699559 -1149.156651216459 0 -285.1499058226478 -731.2181648826357 0 0 0 -395.7889674661528 176.679535945246 -954.3794303071857 0 -530.0176605570514 0 0 -22.98402307362437 -727.7116515666962 0 0 -290.9187834055346 0 -720.1614483792335 0 -540.7061990418865 197.1705533168356 -1699.795308042331 0 0 0 0 0 -79.03852813692856 0 0 98.73636251055619 0 -1645.502457852453 0 0 0 -676.5109349018386 0 0 0 0 0 0 0 0 -157.155757272228 0 -717.5356136316893 0 0 0 0 0 0 0 0 0 0 0 0 -233.6026549893224 0 0 0 0 0 0 0 0 0 0 0 0 0 0 -52.1756117826797, 4227.170335880148 9428.419689468479 5793.443531523957 414.8989163906168 -764.1019000368898 -3171.357910597411 -2885.314061118452 0 -802.6022510016955 -2052.890631989992 -2299.146853580959 -1600.162138920206 20.09544493919825 -731.6428386312762 -958.1977450632476 0 -421.4590585516872 -1459.935222601532 -1378.171053164299 -244.0285048685921 -903.4482645375292 -1255.576040189427 -1.008303652122606 0 -66.70312442154977 -94.38045940955877 -711.331687014645 -293.9954279401983 0 -270.6786271620271 -286.1191510480097 0 23.28014153109996 393.5781782302267 389.4677700149092 142.5147301035533 144.3044383383509 16.36431858589151 571.9052677170148 0 -254.5825522643071 -35.40321749333387 260.3674977953997 358.8514583855573 153.5478561725427 -25.05338562419848 -167.0178997507496 0 8.41664531072658 -331.1356973199903 205.4562107065349 94.79260484561641 -233.7617398989395 -33.70546900981344 -461.0773110262295 0 -298.6473033922736 125.4015605781383 234.2451299993799 476.9825658697981 0 -608.2880766373028 -362.8973438506988 0 -13.95787097931922 564.4641504331025 754.9787947183481 -491.659239234294 176.590534793439 -95.62894987207494 393.5440082023071 0 -232.5181224107303 237.0552062696548 48.28525127406363 550.8574697998683 112.0513987573779 240.5390565555109 127.4893874575255 0 427.6638056676342 284.6143087597427 56.7389037279558 -521.5417584278889 241.4590932092284 133.4767440852787 -112.5044506989631 0 29.96979842307474 339.3997241430063 -390.0156467347791 0 0 -4.057692394881961 -692.9714000306008 0 -107.6020235161116 -95.44315111935327 -219.5873504324572 -30.14675060934283 143.0790787793769 -216.7546424957399 -219.4953054233476 0 -242.1527159282962 -436.0575465546935 0 -276.4518935881417 54.7313458377629 -642.2107385800919 473.6782919506321 0 0 -74.5687776809288 -272.5824151807444 0 -291.6892251457862 -426.6477079975587 0 0 0 155.5112889806804 -76.38120830390542 -73.88324718667221 0 148.5777959160634 0 0 -70.31813741360448 -82.24976942206953 0 0 -152.6476155080246 0 -166.9984052644606 0 -146.8696052559652 167.678692363173 -591.315433265314 0 0 0 0 0 114.3276913331661 0 0 131.1038315945526 0 -841.0762318416241 0 0 0 -360.8154553301827 0 0 0 0 0 0 0 0 44.89971498437534 0 -464.204398770455 0 0 0 0 0 0 0 0 0 0 0 0 -55.96928021599747 0 0 0 0 0 0 0 0 0 0 0 0 0 0 -10.94237719717914, -116.2157194511641 -914.2460691850891 -1710.065404848509 -1009.873936710294 -370.3017514202041 -1159.342163459174 -1104.899295181853 0 -273.6976276863762 -666.0503425973239 -290.3380044799896 -404.7817476373764 -113.3332036514099 -346.8995497956091 -766.2548296063793 0 -65.64314170548988 -722.8799380868583 -484.2315457472403 -183.5051846886634 -484.4568261294846 -677.2589410542769 -356.1871784485697 0 -239.8913431644103 199.1583135486286 283.7340909383485 -9.209833088509029 0 -467.3938762698266 379.8606887240475 0 295.6243492860553 708.9524544688438 -250.8147200172506 667.907166933217 -89.25669008382161 454.3320348721267 730.6758158813444 0 98.36774035774016 -356.1697677677473 795.2487276275452 208.1394011961273 336.5385636961083 6.564542816601829 148.2386158444529 0 -216.7027998540759 982.8366532652964 -351.7570894392753 7.668921724839777 65.84120603733811 220.191428614888 316.2334490054345 0 398.6158985301545 180.2940994897966 212.0570425184487 50.98448928982341 0 221.7471253770762 378.2082052063078 0 -23.0791340874683 581.6177381862819 730.6663773390776 265.4291401232791 133.3795114916285 343.3102918179661 132.2628748372736 0 -255.1420780426846 -81.13695572459551 806.0285919891778 570.8387612549006 2.970735074572588 564.1592210039686 318.39062657122 0 556.5331417393068 375.3420989128672 33.89966757372173 -425.6827408128946 268.0468231316889 -439.916448011485 -188.6103094476415 0 69.38937036240458 229.8490145128126 -456.0359043120879 0 0 100.0043097930625 -965.6089924539267 0 -160.0972523129005 168.6808796292262 -270.2972401891012 9.120207572609246 -183.942986398316 -418.8099343794423 -242.1378884220213 0 -70.04146329070122 -411.6623055819358 0 -613.7470030044697 80.43943605566426 -480.7039589989688 1060.808030753875 0 0 -192.7295504853333 6.243522686696039 0 -120.6056116589503 -240.9573592935211 0 0 0 453.2300581319091 -332.9635036747451 670.6144754192776 0 641.7195527603093 0 0 -89.64605121375257 248.2515526966329 0 0 -32.54728778484026 0 199.4556666769312 0 214.1324373233844 52.81518981694138 546.1813998577873 0 0 0 0 0 161.3843375270839 0 0 -118.2949600767977 0 44.42117156034311 0 0 0 13.2574782076471 0 0 0 0 0 0 0 0 -226.4537762947527 0 -102.2324629084216 0 0 0 0 0 0 0 0 0 0 0 0 -206.4798835168132 0 0 0 0 0 0 0 0 0 0 0 0 0 0 -66.11530638487832, -174.2890924919969 -713.1228643711579 -1136.031640241878 -670.465251750304 -145.9924704207917 -777.7873694676889 -949.2104752272251 0 -445.1044482592116 -773.0248630406653 486.1473318818631 170.8346901656016 -392.251401869106 -277.1058930342961 -935.2963788165232 0 346.711847939835 55.21431969056087 547.0886519905764 -474.3098058870402 56.15275775309254 -1.848811612433508 -901.3753595077019 0 -363.4249999610674 337.8579126370622 848.4858697436612 370.5930379324063 0 -810.8755126726169 414.4612145231844 0 280.3566898190466 320.9210851124935 -915.2561402162895 322.9572740912047 -273.5076099098907 517.355932847724 418.1669164215846 0 24.70516862865622 -750.953652126399 495.7134299110648 -44.66690326356262 265.7929367479701 -111.4442240381838 -31.84808004984086 0 -367.8554700940098 1205.252372443236 -379.9400987385326 -62.32038042244667 -55.31667383612253 -208.5424840924273 884.0527558190317 0 601.1728184453066 351.3914387910063 81.29041136898938 110.1596890670167 0 415.8927437784968 674.9771451792997 0 49.47190678164482 263.8209441464983 296.6386839349704 229.7798059033859 -141.2877144181874 505.5545821546821 -29.7476752019102 0 202.3451528868283 -322.4188849090328 -2.10367203825632 103.4542540697238 5.905048669135837 1093.736733439368 227.12671418178 0 205.7378561387051 -318.0083554045611 -94.99156152584999 -231.460769339778 238.4861844758487 -355.5164229497132 195.4596804181913 0 238.2529784179696 -487.9654161876567 -296.5138512293629 0 0 175.7787001130958 -794.1207875015282 0 -346.5562863241383 537.2548012166319 92.15469822553692 276.4309146080205 -178.8457502745765 -354.4370777313295 -585.0444315430505 0 -113.4581702141433 -250.8286692667155 0 -705.9703512007623 37.06106885400214 -166.3952510290807 861.0228470736449 0 0 -74.78179798611696 -201.0642535532203 0 -26.60644532578263 -537.1054454025083 0 0 0 -111.139710644371 -347.090894408366 244.2715558068743 0 512.0483239488825 0 0 -55.85868179940158 -13.59040028983057 0 0 -70.48411900960036 0 -490.962831333768 0 66.56708018754838 20.68119860677847 326.0506863789695 0 0 0 0 0 74.84736872518042 0 0 -405.035117289352 0 -88.20562857680164 0 0 0 63.12242275177671 0 0 0 0 0 0 0 0 -413.1203136778902 0 51.10843749102744 0 0 0 0 0 0 0 0 0 0 0 0 -222.8868209235961 0 0 0 0 0 0 0 0 0 0 0 0 0 0 -71.72746395449319, 1.145375848594995 -168.4725427761003 -582.4705744470397 -440.6726839396388 -176.2673531448456 -1037.876575401013 -1009.589019517119 0 -416.2498866932704 -718.3552118394366 -130.1318611174184 -67.89269137308588 -333.0816682430227 23.53265375995272 -114.0209434582956 0 98.77399413454303 -98.02755018434709 716.8328282353093 60.07101618483351 401.3365263799535 431.792823091771 -469.7280565075851 0 -76.69917017028396 607.6551561374738 765.6926008808592 256.0564823084057 0 44.80681591241023 106.9250464740468 0 263.4686052824979 -153.9673135939152 -264.3870801098227 107.0574142854033 -266.0528587184446 179.1679169813618 -1.000173946054588 0 140.7642035996316 -715.140602417502 -199.7470700106964 -5.64377915058062 -106.9182887116098 -111.0802083799388 289.833823341259 0 -368.0396532725608 553.1318313151679 -265.8107582669313 -534.0022025308724 -54.03779345136164 -117.0846384397937 -75.63147694385725 0 254.0677414244012 -106.164815731816 312.0571630695556 662.3097201270341 0 634.5425674907469 430.4159579862475 0 44.85234946128367 -134.5041160481531 654.2107918797276 -158.1254084695314 -162.2983888035074 -53.26786366761019 243.1994075611924 0 326.5417399105092 -194.7224759037912 -309.7838038367398 493.6596069127952 -233.2329609866571 1751.655418125431 146.1715790725987 0 142.6244004633724 -383.1232568892916 -224.753143135444 124.1045705566564 166.14174846507 127.9265588060857 1270.436501640375 0 559.1266887777508 -609.6573218579515 402.3456385813836 0 0 128.4374891948241 -444.2754705265875 0 -327.1133803132021 988.2610193466317 437.7914865189513 957.4171956125888 -56.44202797369061 -118.5599409075362 -514.0213022588207 0 8.82341021713723 204.2985246487327 0 -576.8764973972391 141.4772068879149 179.3491058822867 807.5259535734872 0 0 -28.65204532108154 -179.4495297492975 0 28.52018781369199 -462.3495190979146 0 0 0 -104.3522910326182 -227.6693106204308 -267.6547907168132 0 352.9326045458347 0 0 -39.30656203445506 -362.9792973623134 0 0 -102.2647945097519 0 -307.9514690204654 0 111.54358049834 -17.22958694306366 -96.11792250097852 0 0 0 0 0 -27.6197137131998 0 0 -82.26533066028917 0 367.7466845683804 0 0 0 43.51964989081203 0 0 0 0 0 0 0 0 228.6606029224432 0 223.192839386079 0 0 0 0 0 0 0 0 0 0 0 0 170.7210217616717 0 0 0 0 0 0 0 0 0 0 0 0 0 0 21.11246836728422, 125.5183160456555 457.1524932256935 522.8553663955119 274.8070219099457 86.82335252165186 107.7233910405917 340.7506318038726 0 72.00504066768067 473.0786431915908 -1.677180071861073 127.4637122673247 -62.60498600370219 471.2349741758418 757.6118105497281 0 -46.99095417870369 -542.0792844210898 472.9141891087226 585.1667028228685 499.7781600203525 388.7116165328632 -380.2522275626123 0 -246.5770819763172 625.677246428048 82.91605002996812 -522.6520648763375 0 -5.456762855018042 -117.4552676732855 0 21.29263864622303 -469.0289881543741 367.0362237188147 247.5304599150379 -251.8791669721491 -345.6609679191421 -450.252265501942 0 123.5175266565164 -848.4522067335382 -916.9790939298239 153.2537516882107 -169.3798168504186 -165.9689353604183 170.6470324101936 0 -146.8795383173969 482.5023363351523 -356.9808703132209 -1180.006204069861 -76.10511792497726 -102.1592216449896 -212.1726731322798 0 358.6175319832427 -123.0766171533603 462.317716038129 923.4986159857876 0 1192.037892323227 409.4552293933187 0 -132.82818376018 -173.1578738467325 1057.43820498983 134.6236257300747 183.1774649579779 123.9787324819424 671.0028856868365 0 185.1928668186877 161.5648341668821 613.5776054257849 765.9227833355812 -87.88216341905593 1789.538533711229 -101.5650410791231 0 353.6858293035141 462.4806984274504 -165.3169820634153 151.4655095906121 110.9692607803486 -145.4668345908484 895.7338658354944 0 639.4850400146702 -454.6608898577128 618.0235380086697 0 0 -203.0890166113122 -222.8514704913894 0 -243.6017453855263 398.2919541454739 -197.0343531418163 361.5600610580907 -101.2995904911148 -9.015156272294483 27.94609961870526 0 -75.92311052648733 242.8440158980189 0 -171.1657836962482 -164.4974065621026 -51.56476662851367 -886.4405185725038 0 0 -256.3988858891351 28.11378352324851 0 -144.9557348930661 163.4532837670561 0 0 0 -1165.722510573771 -12.85718455614943 -892.4309679733281 0 -598.6377587262934 0 0 -89.2399121657986 -111.986843449621 0 0 108.5957565058063 0 -1170.919195505091 0 -471.5979787769699 33.77490947944415 -709.2156381089621 0 0 0 0 0 -1.558704514283463 0 0 -159.2443051570643 0 -639.1374871463879 0 0 0 -92.13368379864264 0 0 0 0 0 0 0 0 199.9638936916151 0 -90.53977196997414 0 0 0 0 0 0 0 0 0 0 0 0 285.1130211707311 0 0 0 0 0 0 0 0 0 0 0 0 0 0 94.86546803364602, 58.80484537389424 316.3118909811177 441.3686435955417 263.9339141577886 186.9559245313586 262.4439192344641 303.9792003849001 0 -40.81381395304101 270.7007251160446 174.7334764486317 131.9327996240312 -61.18508720289187 318.3612214838612 480.6410356814336 0 -32.32855551020872 -312.1653563504613 476.5252302747737 536.5455466951255 670.9677443105763 680.5050222963296 -247.3595683347548 0 -288.2538468778516 609.0729960094803 20.97047783979474 -560.8842564284113 0 -293.0412239111286 260.6319684245867 0 76.9358526774007 -381.9081325101948 169.5420844638302 366.0370458708219 -476.385975622136 -343.2584876713555 -823.812655690358 0 135.6388243398921 -817.6816504375349 -764.2564316665888 -267.5414813578279 -295.6683406812209 -501.6000340543223 -202.295898689342 0 -115.2368154202758 -62.67880184321012 -305.0021217386859 -595.4677051312306 -352.593400553941 -378.7394281785781 -326.4151035530284 0 341.9878745233322 -855.346096215609 299.8587125015273 521.5765776269649 0 360.7614935591315 -1053.201472933158 0 -89.86274636996612 695.0232768264688 685.1092781966827 -191.5099078180461 155.7425004655616 -47.30585622083618 878.9764700905919 0 -526.4697199170454 -33.32798473121001 121.9583943849237 -245.9622007964039 178.4677953341576 114.3840101960177 -366.6863283158073 0 436.4711003852404 1141.083033173293 -333.9138197062324 245.3823728840929 -214.9391078122444 -514.5726402627935 -559.768908241046 0 271.6291868794855 -333.1166693730598 809.2598027879072 0 0 -677.5301285919957 185.7479570545128 0 55.6252267782609 -209.8349429623422 -521.9548778361666 3.244397612937341 -145.5159942996285 162.2610523428 597.8997157740619 0 -77.52306187341233 708.6327617703503 0 333.2414145745807 -293.1256879511391 -132.1994723355283 -860.6077328552124 0 0 -204.6897398182302 439.8878683031124 0 228.8731087702319 746.0373799590632 0 0 0 -1158.770760250703 452.6852928101632 -473.1775230028423 0 -185.9531167367068 0 0 -84.29339959692631 366.6391321150708 0 0 284.3565404172468 0 -1203.431382939752 0 -390.4460882871114 204.8637704631515 -180.2999486659929 0 0 0 0 0 169.0145194000812 0 0 -232.2236383525086 0 -892.0578350415401 0 0 0 20.72232798533054 0 0 0 0 0 0 0 0 -39.60493682842127 0 -231.3118121428076 0 0 0 0 0 0 0 0 0 0 0 0 122.0209957729742 0 0 0 0 0 0 0 0 0 0 0 0 0 0 62.20068020513568, 9.068861241905324 62.1877762540845 -22.7637151503888 6.56009498634927 52.61007288855976 -112.9665974369771 102.8150144210743 0 51.08893620158028 231.2945921979312 -55.45763386158437 138.6150814554555 71.67836788468166 672.4788990411794 870.4516073836063 0 -260.0471337533012 -513.2031011121701 480.3120582512106 789.1324542956515 543.1821970937223 655.2616318153532 124.0711397713957 0 -225.8283625632416 722.5822956881541 393.9181846745529 -281.9347833265825 0 -180.8872371705667 27.04322703676189 0 298.7923098851234 -150.9137547222397 -94.5832683455064 -222.5691846238316 -63.77607030875039 -112.3761701969629 -751.7892723971136 0 -30.8842500577131 -167.4369353826712 -559.5185025008773 -360.4959226268062 -143.5570972011025 -662.9297268023383 -599.6282138482036 0 -73.56268543243839 -389.742516679357 125.5894375153895 -100.8706482036835 -803.1009019937678 -715.9428729421036 -304.4138386969944 0 184.9760136397865 -703.3815460043647 -11.44807913508248 129.4959210264521 0 -916.6435036800625 -1631.577628790143 0 -49.02484489455352 743.8643062235752 764.4091109261885 -672.5393619206534 -5.09426077654058 411.2642987738756 359.8267297475271 0 -752.8456237870091 -176.5048309535426 -780.9216059469211 51.06569847414045 217.5183740043442 -605.8080616344375 451.1549633349028 0 349.0935986597966 816.1078438067549 -346.4395822412505 113.1244209055807 81.19621224811918 -319.3607444183313 -357.0577053520261 0 138.8378593674435 157.1818526939292 680.2912955122922 0 0 -197.7889673712631 211.0685302815436 0 -81.507051033365 -295.2737190814197 -204.8135216438632 146.2505508323296 -80.16978725162097 297.25555447541 293.0392482623391 0 -51.5881654092056 222.7018885893751 0 325.2883387914095 -335.4226747560439 -146.9076095071292 -80.30695661529526 0 0 69.44510533075245 334.0987294533673 0 341.2164198281561 -12.56682599212525 0 0 0 -743.8344006668877 238.3909908640041 290.099878628289 0 326.2626795532751 0 0 -50.34524298751944 546.7665566840618 0 0 -71.02826557655004 0 -532.1249039263596 0 -43.36115231717048 88.78761376632647 813.8950689046272 0 0 0 0 0 298.9215739235938 0 0 -169.2364597753573 0 36.88381019753945 0 0 0 334.5600938342347 0 0 0 0 0 0 0 0 -41.53140783982975 0 33.19647097380669 0 0 0 0 0 0 0 0 0 0 0 0 -36.39667733967463 0 0 0 0 0 0 0 0 0 0 0 0 0 0 -14.83634330814939


GFLOW: 0.4 0.105987764714795 0.1052741915750406 0.1550520832828107 0.1537616503871034 2.97104095872877 2.971263287352045 2.909671950000312 2.910323511378305 -0.03065708545307009 -0.01370079668859352 -0.0450361954295054 -0.02461987183038701
q-corrs 4538.772077575375 13452.07828974684 12825.31120151343 3818.280916592195 906.2405562759418 611.4607631413226 -591.7413608394158 0 -673.7471098373106 -1618.796143243141 -2011.158215931849 -1450.585107109936 -28.78592325052592 -951.4055788268573 -1213.668916937429 0 -368.9002213853229 -1305.009645374824 -1299.162639158069 -456.5405389514838 -707.1576093245679 -1020.525702693557 -18.35703209566196 0 -72.86248098203514 -447.0263323576172 -982.3460222050364 -195.6949557476721 0 -156.4333178111435 -334.211322153748 0 -187.9895507274753 -51.6423041746812 198.1057517230646 -267.2339207157386 161.3900861967929 -94.35839335038455 388.0296623663575 0 -299.5657878780443 -124.4891940028286 -317.2990586911727 403.1283779086123 19.57869747931459 -126.8286165976242 -468.8755602694531 0 116.652285553663 -313.93437714731 398.6531521976498 -183.7056508835093 -330.3746058885094 -465.63837865 -245.6802619673483 0 -227.7789833734452 149.6394539529938 -1.441942574327754 179.4047448072901 0 -366.9944514477194 -642.9126717716965 0 -20.3094108864018 275.9703951924949 260.2366729075126 -477.341947262199 44.56392636105207 -257.017436215537 291.8633418263831 0 -87.28958293866832 182.4001398146144 -194.802253797626 340.7437237419703 128.1920995856262 -196.2592618301927 94.26227901327613 0 258.1248767401329 161.694803405853 -127.9036290934708 -189.0648249508824 -8.987254707659254 232.9436985248553 -24.78157555614325 0 -85.36382734098991 121.6622968453472 -11.9266828690692 0 0 26.24432583135087 -286.1793920382539 0 -87.03134535114066 -275.3094905598563 -89.09028599333716 -285.0961387261815 185.2325578802647 -248.1287776757279 -285.5332628395197 0 -148.5182321560778 -210.1699702898171 0 -268.4818685971608 -57.45887216885566 -319.4674396024785 -490.4504318031074 0 0 29.89355547920914 -658.554860007654 0 -302.8935229248145 -508.401339293177 0 0 0 -210.623785414553 -290.5457001398993 -518.6213153549081 0 -387.0469090616815 0 0 -13.42249569460286 -459.2857159136433 0 0 -193.0624331981386 0 -381.6426857219257 0 -244.8252027428223 -43.67062060969313 -847.2644128317494 0 0 0 0 0 -68.78037485568225 0 0 -29.79130938498376 0 -800.1100872801105 0 0 0 -318.5984649813929 0 0 0 0 0 0 0 0 -166.1341670283955 0 -334.2264096117206 0 0 0 0 0 0 0 0 0 0 0 0 -127.508025291208 0 0 0 0 0 0 0 0 0 0 0 0 0 0 -20.76094308499854, 2203.049757960823 6295.620360638331 5614.200351505015 1443.222931927236 155.6757864621019 -632.9872896768303 -1057.341104358933 0 -564.8803499057062 -1368.195375051614 -1571.926217758191 -1149.108610056445 -66.78419405437631 -741.7414689788368 -975.8308512223452 0 -319.6528577055996 -1157.798733478283 -1031.21834573592 -297.9421299103277 -612.2379618487613 -820.4393193044804 -37.82476127749071 0 -53.6832602371643 -248.8572606553865 -668.3908363691173 -244.3471577366182 0 -211.9316215821273 -283.1639477820285 0 -1.146670580504789 134.7538909094402 136.373416006223 -2.251341297719591 107.8899807219165 4.592653811780153 342.6552960350766 0 -185.23613191497 -35.95963631542949 110.1856579248901 274.7963513635303 53.02075243210109 63.69920742452138 -97.94291963486786 0 48.04418814997504 64.24596999760689 300.1771232424737 -24.48116407995388 -67.12327426313584 -7.483862923024446 -58.13431464443167 0 18.12705672443897 153.9727270577012 164.8564957395208 370.0979003938221 0 -118.7566538866301 -65.27760219011776 0 -4.275054717850612 455.3500474327931 525.3607966288037 -199.2421390405594 30.03537532840251 44.5478141687351 199.7429117136601 0 -90.77417853834287 172.9510275868423 227.9728735906055 362.2951434157668 38.9860626239354 -30.04037942665144 120.2480973502743 0 316.0627078172289 231.5561570326234 -26.90853813826982 -219.4571734210462 142.243444062967 88.37066495781332 -108.3408901931746 0 -64.45472561563014 41.98610423693958 -94.28906768585979 0 0 54.97915435093177 -498.0188368601712 0 -60.21564133762874 -141.9899602530623 -102.4487748198273 -154.6998654293167 90.47869683271247 -211.5936933936027 -284.3380386915627 0 -186.6976403341444 -213.8569527289363 0 -305.1398859061383 -6.065943191539521 -385.3237050000043 14.20440595553808 0 0 1.336021349645677 -272.08477639572 0 -208.3329973995947 -400.2998515625012 0 0 0 53.11773125428951 -251.1742469707334 -95.83393108967076 0 -44.90816617389002 0 0 -20.76160649806282 -109.1615561104051 0 0 -128.2792968185236 0 -99.74263704427987 0 -53.96303614168631 -6.911143212771965 -322.6008765252972 0 0 0 0 0 34.12889016933127 0 0 12.57742112288235 0 -412.2149954107622 0 0 0 -164.8281330022685 0 0 0 0 0 0 0 0 -60.1619692966276 0 -214.5961462585582 0 0 0 0 0 0 0 0 0 0 0 0 -58.9066725217815 0 0 0 0 0 0 0 0 0 0 0 0 0 0 -8.14931478623747, 114.8951233149825 77.03347460447733 -367.2449338036855 -370.7073791694277 -253.4825944782247 -940.3644039047358 -846.1825143631788 0 -309.3279455821594 -688.4314170916275 -527.4449022240742 -443.585086607217 -115.4203893803476 -409.4092972373654 -686.3482171148028 0 -93.02963179302652 -658.9838537040687 -439.2583511494541 -267.2928065289019 -309.9056434111692 -419.3610141641924 -317.9485386791101 0 -146.4033685332863 4.531484859608526 -62.25764464078267 -68.69045175600151 0 -362.6391265258892 177.6669572967899 0 131.1929370625002 315.7690753532167 -168.7273775109867 354.5266926816087 -60.52680558668835 239.3267999508085 453.7651834609367 0 11.49095879283416 -81.07126626887415 412.341377223622 113.3830534877192 208.062577264925 111.1175979343724 223.5456249511735 0 -102.0752442688129 681.2506148730649 -71.92067100419098 -3.60606331726774 129.4509479816842 215.5318194839226 226.9923931215157 0 335.4027548599859 127.219244260984 181.7917284947834 272.9056267382566 0 217.3717053320119 457.1287477045383 0 -0.5288071925698645 395.5530227117285 523.7013721103564 170.130876380623 1.878978683223977 280.509930776338 14.11277952396158 0 -109.3797518641032 8.868693019304843 515.2169688266633 289.6044687082323 -71.80610298107106 209.0142805282168 90.40118510103702 0 317.3354995620338 182.0706799016526 36.7597257259587 -273.3834530264616 203.5912191596362 -181.0955832855197 -230.8223807953188 0 -24.74385888788552 -189.1474384516697 -137.5729497710563 0 0 49.41945605281717 -650.3638035694376 0 -80.14073938056299 53.36109662066342 -206.5231496000545 -99.14335893788324 -58.26160258895086 -236.2729001887718 -334.0099664197257 0 -203.8067743193838 -195.2734430294759 0 -376.1949979281476 34.75402074976106 -352.9059728629542 438.8580933827935 0 0 -73.78906026135913 -70.06526759032776 0 -73.72142008754955 -339.6423047975957 0 0 0 200.8247792367888 -266.7531152605733 263.3441279487135 0 253.2412427390808 0 0 -27.26087019763766 105.1377683625323 0 0 -71.5425713335338 0 59.63790694412915 0 95.71100487450693 -10.28147505772639 184.332315225845 0 0 0 0 0 74.51856880880432 0 0 -43.58406651443465 0 -51.31062891895572 0 0 0 -1.676878141743614 0 0 0 0 0 0 0 0 -91.04037819829804 0 -65.64480263024008 0 0 0 0 0 0 0 0 0 0 0 0 -63.78864719634612 0 0 0 0 0 0 0 0 0 0 0 0 0 0 -13.90751776845665, -106.5179237958967 -487.461331640015 -787.4145182405312 -439.0219509251274 -170.6941049089055 -659.6470641357568 -636.2311102551616 0 -254.1190141343801 -479.7346112868569 90.19317459315457 -18.0314548513748 -205.9270722461802 -202.3576920482426 -593.7285953570967 0 140.8194310214692 -133.9449917334751 174.4799786985305 -345.9202505950115 64.01841682642677 -16.11349258477009 -598.3277719015268 0 -233.3631215136371 195.9664462161388 406.6961248278197 199.3336509668707 0 -430.9376349440868 403.6022238338467 0 128.7704565567245 176.362244930783 -425.4906729375272 277.6436349068904 -143.3276235422764 362.1407052491413 348.6178572947035 0 97.11282549746855 -226.6749363038538 263.9142524032956 -38.5188074506167 201.0862239333151 -5.844111537703213 195.3993203744556 0 -210.0658156078602 707.3397045075643 -269.7580821491209 -39.53314354761839 78.36160499867233 65.15689412839244 257.6284157482837 0 361.0154646963392 42.00000039114327 66.52052087735574 107.6368881659465 0 250.2148672385449 498.7547839361323 0 33.24252702554081 178.6972747162272 241.8539792066447 138.131311793512 -73.18426433310859 257.56660689638 -23.32907702516488 0 41.0565288613022 -63.66801881467503 160.923351030266 149.4898950968888 -57.1864332860387 468.8067880470461 96.90176523517059 0 120.5605817803344 -71.82698952271002 -34.05704416294523 -121.7982349252135 138.3885045672199 -129.7485098387222 117.0410424643725 0 90.34235798932812 -385.9115424932123 -19.08349363123426 0 0 69.68377843839865 -502.4079261766864 0 -123.377062823886 262.0293339520796 -46.45574946665643 100.6672358959106 -71.96751290217604 -204.9459667829517 -356.9122219173264 0 -157.9917481515681 -79.34008916383559 0 -363.2459887784511 28.64541107251379 -191.8531365058798 385.0101148529452 0 0 -54.56667109319941 -146.0806632063583 0 -32.71747167334395 -353.8069672552028 0 0 0 -33.95557931940042 -244.072843074149 105.608621502849 0 212.7453993854069 0 0 -26.00184483768258 -37.94437975436576 0 0 -71.31903083939721 0 -189.5831910451705 0 20.8261836533888 -21.36918259094186 132.4874035672827 0 0 0 0 0 26.12864132198665 0 0 -137.7992445776725 0 -62.78763421812691 0 0 0 28.5130487257918 0 0 0 0 0 0 0 0 -136.5912889580237 0 12.42275678253014 0 0 0 0 0 0 0 0 0 0 0 0 -56.17707666330355 0 0 0 0 0 0 0 0 0 0 0 0 0 0 -15.13483084930268, -23.50661407970642 -174.0750459470805 -396.3981777372703 -265.8407441762011 -117.2389449779384 -546.6926970183479 -520.1739805577363 0 -194.4297403991039 -370.1623015345942 -18.21705801519597 -33.73913154103639 -158.9501801091639 6.537300589536244 -187.7482837301116 0 88.97920205233815 -30.47207702145587 342.2866164088866 -59.81176702820738 246.1241621688456 229.1811845856621 -371.3690058184705 0 -105.2082575244541 336.7348416990807 533.5312672911066 168.8311708432024 0 -59.2883733307894 260.8159927003197 0 110.0396663861655 27.7154646325643 -168.4697577478443 194.3185730283827 -101.476058430457 205.7109009212515 145.7884566150773 0 134.9943066724971 -254.5726480847884 -23.02218021712317 -28.05024039900636 41.47599857315055 3.382311878328835 256.9837268429816 0 -188.9477919756389 407.8784731954788 -235.5471773631447 -266.9124385426708 64.32962654115808 66.07693451541613 -73.4091609575643 0 186.4484672658202 -34.55140717043442 174.1900317832097 341.5586081548796 0 284.750371812781 286.9615593576979 0 19.19410600588829 -48.18344952664728 440.0123912341983 -13.97410026176831 -10.75533948436725 87.02449266189188 150.5559258571718 0 102.9995193679432 -15.52536121322629 92.08965813105604 315.9757486042549 -141.7321954993118 902.0003543377957 74.27878740117455 0 90.15197686616875 9.789510025706306 -93.2498084835963 126.5820183134435 115.5187311569998 48.75459781959231 628.5414586551567 0 310.9292937810527 -360.4499430818866 353.2749720660351 0 0 94.47175846768013 -224.6197466418172 0 -108.8514362004915 466.7483613602906 157.6529123570145 345.2820987071815 -13.1025458051592 -28.96863185934234 -282.5110336426616 0 -78.52718018779842 88.09059482071603 0 -262.6218699527218 35.97676126471441 -8.967194836442829 231.3145561860826 0 0 -32.0239235894465 -192.2760554650359 0 -37.75469656379194 -259.400925891818 0 0 0 -173.8936451980167 -170.1750123583162 -184.7072247182398 0 52.24958368168939 0 0 -24.35561985168539 -252.0134695655854 0 0 -55.89220094047896 0 -230.4271291949639 0 -29.09856139301815 -27.1657303106285 -139.5755283797992 0 0 0 0 0 -45.51137583988304 0 0 -38.10355518788172 0 54.56608805201664 0 0 0 -14.26020394706573 0 0 0 0 0 0 0 0 95.87412168526605 0 84.07995500714452 0 0 0 0 0 0 0 0 0 0 0 0 86.54442817012431 0 0 0 0 0 0 0 0 0 0 0 0 0 0 11.49926940734422, 53.8695315267766 195.7786855809054 211.3795318085415 88.42068825023969 46.56519584944505 54.61409304096301 88.31496416605633 0 40.35350513481375 143.6007696953901 71.35457019491793 98.57719668694057 -32.10254082644014 295.3574412941137 360.5484636216023 0 1.916543752159001 -101.0254153902573 338.4787039496074 265.6627919528167 341.3868972387266 342.3334626277066 -200.6868559611174 0 -82.87057248370166 369.5669252700047 278.8564219390418 -191.1251241573982 0 -25.84278372536966 31.64525047883471 0 54.99069049015676 -95.04625245719505 42.04815771814245 157.936654920028 -153.9670859622571 -139.4271416685644 -167.3831513287741 0 34.97460193412476 -476.194597212862 -364.9166117109572 40.52640174245547 -64.04014509998051 -94.99974123999685 124.6000443967774 0 -82.70806146403409 231.2644974236908 -261.3972249196197 -590.9522672659767 -21.58062066467524 -51.7757643124929 -171.0877960701481 0 152.7145081882909 21.17904702645494 300.8075738941482 576.84700232658 0 463.9823621306762 82.74736224525657 0 -60.91256224375449 -82.01715772991074 711.9753755609264 59.05362871713508 187.741560809553 98.74934723268495 399.5288419889476 0 24.92463985253783 77.908525998126 493.3337891098654 375.8994195341305 -125.0164909264672 1056.227079314586 -82.74613336481211 0 241.6492594738129 484.3610721463226 -61.74648068429107 167.7553395983662 100.159075261418 -44.73760472836748 413.1799872641758 0 377.5331683147006 -238.3144882448756 470.7483581772196 0 0 -50.85612829729342 -6.884501062923391 0 -62.40212194822472 214.4402403354897 -54.17267015592115 100.722164315277 -39.61490825269392 -25.62292236669478 -32.55551955450298 0 -84.76513007704173 101.1247508308967 0 -62.13140930457247 -104.3147842235374 -11.52198280369146 -526.6431356647013 0 0 -120.7156512061596 -213.3387182337855 0 -102.9941992611276 62.85134643281133 0 0 0 -671.0489151435862 -23.24593281599749 -557.3468910012134 0 -373.8867224087123 0 0 -40.43765176271447 -256.9387344531078 0 0 55.20679045896969 0 -656.2123935181893 0 -297.852061185784 8.351265307904242 -534.721612648161 0 0 0 0 0 -69.90131552693958 0 0 -85.14712341482016 0 -396.491676827845 0 0 0 -114.6247007869054 0 0 0 0 0 0 0 0 68.5258614183864 0 -39.76667497751239 0 0 0 0 0 0 0 0 0 0 0 0 116.7760887823999 0 0 0 0 0 0 0 0 0 0 0 0 0 0 32.87796953082082, 44.17955779756817 190.0024029131733 234.7349984985307 106.5254293589661 81.4243744099506 138.1878123991585 119.9079049338614 0 34.68874242898562 140.0471267023985 158.8911854518451 139.4720057399296 -26.83788437395701 311.3831821769432 361.4565312609128 0 -16.05853428390181 -66.01176125910126 353.8991235174652 286.3260330059087 412.427545470585 436.757321444713 -128.337802600209 0 -109.748528604362 340.9362757162473 94.53085065234973 -260.9651351759502 0 -201.9740203224615 66.14213555304406 0 71.71676238658402 -134.4706435931091 -63.97499562407191 38.07979936720716 -274.2121540542959 -222.5906349799062 -476.9394621268174 0 -32.18249894313676 -597.0902742698577 -448.4707903582737 -147.1361475119374 -141.1317004271935 -376.5049130337258 -172.047895789136 0 -66.63663217384027 -84.41977144363091 -264.2725524692202 -419.4957343483617 -205.6751181376409 -288.3145825772513 -341.748351919867 0 54.38722458532089 -318.8704955349846 203.7835134567047 322.2428049236265 0 112.4485976540058 -578.1661322276882 0 -33.31627723616393 244.5963051819444 462.7448093313575 -122.7035281874716 187.6605610823009 -112.7760913952453 505.5886902991673 0 -267.2648791596936 18.22109602432086 169.8197177856479 -35.51247286452636 57.08389406312228 400.4282215227327 -167.9542284950863 0 258.2486045632247 736.2989777781506 -150.318461077492 198.3098386069988 -51.15479486371412 -198.4308714231504 -113.542755753295 0 248.1630347659327 -108.1839878445309 528.3367903153004 0 0 -229.0995806947385 271.2072470611479 0 33.40331271389741 -12.41902869086847 -177.5236080412283 82.00664305507033 -74.12340700635488 134.9631114268762 257.0152500838941 0 -45.79874066842906 298.3003501265912 0 204.0584340016028 -134.7743141182962 38.12152326943622 -382.0035864431363 0 0 -119.6824011584118 158.2098239336329 0 111.2046222550954 344.5833232275863 0 0 0 -604.6271954207717 241.5724750889966 -294.6382670473475 0 -144.6163308955571 0 0 -40.38779107524633 86.88995588937622 0 0 134.7947238650254 0 -639.2478845014928 0 -250.5176936666938 95.59907713323378 -211.3604529898715 0 0 0 0 0 38.76563870664562 0 0 -148.2961391228238 0 -478.2962541658706 0 0 0 -31.41639491278278 0 0 0 0 0 0 0 0 -84.14621353520391 0 -91.98525049377704 0 0 0 0 0 0 0 0 0 0 0 0 27.51956892577592 0 0 0 0 0 0 0 0 0 0 0 0 0 0 20.43167990420797, 10.66554505821932 45.91421526966781 27.79363171002623 8.249064576207246 40.30297141343158 66.62048063942001 103.3173010540071 0 96.9552828372684 216.1330513355783 114.2249929237479 164.5832136981088 55.74987774786726 458.3181295113936 623.5782202398095 0 -91.13474960201894 -9.438804893131618 371.5554987138024 443.1592667283172 384.2675864840223 427.9616832274569 85.25674283307643 0 -82.8543967919685 398.395631320085 240.9703512562955 -132.1915973514309 0 -161.2993997964357 -36.65215185189032 0 139.1372612880045 -130.6368409751841 -188.973538513517 -279.1124364714184 -128.3394080795454 -58.12349386249384 -569.6997108572041 0 -63.82762288052806 -366.3781571435046 -448.2259578603537 -263.8146479306558 -131.4274056323505 -635.0751133502583 -426.9363959170518 0 -56.21379919812457 -378.7559330402569 -122.0663516073726 -125.8369969146199 -400.6555779922573 -492.4042695165693 -462.8048851854973 0 -175.8877098312054 -426.38323169336 69.75213770499698 55.42316030638879 0 -460.1011275912109 -916.3454622138536 0 12.81974438571527 255.4973503122676 321.0822927625111 -387.7120506488532 49.93119522516764 -66.32063786391006 218.7908740310975 0 -396.4223958984829 -5.344175844670133 -394.0842816717312 -24.87795595330462 96.0714735484994 -189.3952176562982 127.3519105605284 0 192.81829231923 455.9671676939 -229.4879469639112 71.88983344062638 38.68618890552434 -119.6618281843455 -96.99504412259702 0 101.4585525412643 -3.331875532582245 363.8793131005714 0 0 -28.69307195128485 204.0957787269712 0 -49.49012622409279 -102.8813860810342 -76.88902536595282 112.9074642766165 -29.09673277043207 216.8541020854637 135.4760999797011 0 -1.152849164265632 113.9191345392231 0 195.1855264920142 -137.0471258763486 9.066492324892501 -17.55360883357147 0 0 -0.8508986252821984 273.8046803458545 0 169.5508746184153 36.13836410003984 0 0 0 -369.9414313467533 203.6326237585819 157.3749448432959 0 138.0093019664862 0 0 -22.37242069651777 361.0873862832239 0 0 -12.05546086933488 0 -330.2346952198015 0 -74.90394292274314 79.3828582522076 399.9552526586019 0 0 0 0 0 172.601196580532 0 0 -159.7893277888211 0 -85.4088650217584 0 0 0 171.9712048264199 0 0 0 0 0 0 0 0 -162.9970465295016 0 26.5330259433026 0 0 0 0 0 0 0 0 0 0 0 0 -74.83599858632151 0 0 0 0 0 0 0 0 0 0 0 0 0 0 -16.42946360606807


GFLOW: 0.5 0.07483192399411144 0.07431791241660222 0.103975705525176 0.1030907655695311 2.981701270917391 2.981851992987831 2.939641562039598 2.940095880738488 -0.01469171916494423 0.001733598918453272 -0.02393927788711606 -0.004851452596504468
q-corrs 2202.435024116915 7445.566418128265 8225.706775145854 2940.651660504219 1045.734438341732 1832.356547652895 621.1099218366953 0 -245.2090367734913 -778.7099851323825 -1106.901126271609 -881.5333837789447 -71.66909790174657 -688.753885271541 -959.8739391000296 0 -267.2921636404232 -1002.330210772729 -912.2313053490984 -321.1110340945723 -504.4195096153622 -730.1972567283971 -22.25909025657247 0 -79.7507126600328 -364.3891197776207 -774.4808638220501 -255.4060726525095 0 -202.4821212384258 -414.4094253014032 0 -92.37735737911757 -117.596608305988 46.0861630307478 -252.8757269359987 88.24305822365579 -106.8376521432017 78.49880917203512 0 -214.344761482565 -201.0258571776816 -177.6631156466198 239.2431835484844 -60.97499548556121 -30.49129584741819 -277.2666592719478 0 80.54606046673757 -110.7875454228429 274.0915216328583 -147.7128855290848 -146.3241520603219 -231.3469992694915 -94.8128285719941 0 -39.95039980805547 71.84958146232879 52.49006784379281 160.6938179757429 0 -106.5158034820891 -314.033665048684 0 -1.751919711056765 243.2573398096738 200.3115704955102 -205.656056054482 4.378831993632232 -78.7108966919871 141.8831405311214 0 -48.24569962316617 131.1275593860728 35.4376218338399 207.063349648219 53.29778950230889 -206.7550847937048 81.61146625964651 0 186.4970774179244 118.7320097902373 -84.21317098286191 -96.07608543863755 13.85342545174369 155.2988887999596 -29.96167363097513 0 -107.8865723735375 23.86317753395902 -31.22841388218239 0 0 43.65221225692282 -274.4259426655638 0 -53.18447315735065 -216.3167736909616 -6.988040531148748 -178.3010678790474 119.6286656405989 -229.1229338321929 -210.6837963464166 0 -93.16128906427325 -143.4241770848632 0 -271.0298597063929 -51.22870073716728 -227.793634832618 -385.8153285031088 0 0 61.93954069038688 -397.6632060739368 0 -227.8427906239433 -328.3260520177184 0 0 0 -144.9716086397681 -317.6708227277837 -299.2070443992798 0 -251.2358816531616 0 0 4.629677675077041 -312.8255113381155 0 0 -117.8920603309079 0 -230.9035420863346 0 -130.1109509836628 -80.32872304920627 -443.2480101103801 0 0 0 0 0 -63.99953765648149 0 0 -54.49302213370278 0 -422.217603319845 0 0 0 -157.790660214948 0 0 0 0 0 0 0 0 -142.5715719402238 0 -166.1182548598408 0 0 0 0 0 0 0 0 0 0 0 0 -92.59453404838014 0 0 0 0 0 0 0 0 0 0 0 0 0 0 -15.17240624255227, 1226.317853041542 4065.663680137739 4353.579835828516 1475.343773217153 454.2681031636309 567.1069866021595 -46.17609363398547 0 -288.1747409363759 -787.411023561686 -954.5877762812357 -756.9099249704008 -87.27458843928881 -584.0008655339118 -836.2318915607889 0 -223.9639892896446 -883.9036259905201 -748.1777320123347 -262.0281710038353 -422.9414117291369 -589.9707648868841 -63.99041044968756 0 -67.9954369482933 -243.5995302287284 -554.4867805084361 -230.1681167240557 0 -193.3580096820852 -277.0149375405441 0 -11.21830190524391 20.03752456382007 35.74125804125978 -52.73086310634557 63.3880185983148 -39.88487149498946 149.4643145990742 0 -141.0007646402172 -74.70102403698485 59.86217591218325 181.923054013129 3.437969652912031 96.62096189924405 -58.09947831089958 0 39.92799057942423 108.7393358686921 239.4467855916091 -37.65819566116159 -7.929576100841331 16.30840250643951 36.20469758541253 0 99.54691102549089 93.67958700507558 116.6251958709986 261.9439354235612 0 32.79717314719304 21.60090280395141 0 2.573965307767169 317.2722579426575 342.6330230631521 -70.03900570143918 9.307694714926043 82.50232349848804 86.36319289341128 0 -36.80765655749623 114.4068699208903 225.4618829069115 221.0243452198077 -6.693487202713655 -80.84161193543758 67.18633779252218 0 205.2942354936813 140.9502010165463 -25.53449607525232 -128.617960181806 86.27133959008589 74.13294862935092 -94.4021126927791 0 -86.07686953116213 -66.10282596969677 -36.2002140863045 0 0 36.067038196091 -361.172007046893 0 -38.76008285652912 -123.9788533467502 -50.37758265792622 -145.1544633993415 68.76183749315173 -195.2204243794797 -238.803116732634 0 -140.631513010953 -125.4113560765551 0 -258.3056835513053 -18.3623775025077 -244.9784325982808 -115.492989798729 0 0 28.01524755061622 -238.2857980035824 0 -151.3801427794478 -307.5542799384459 0 0 0 -14.46254277788258 -257.5970188394161 -98.89099634626369 0 -80.54430736464352 0 0 -1.458490405744676 -133.192985093603 0 0 -94.98685776306449 0 -93.60365869843014 0 -41.98135990446245 -49.82697865269402 -199.9812204816969 0 0 0 0 0 -8.250545880023092 0 0 -24.4065244090014 0 -242.7043057180294 0 0 0 -86.58100407225498 0 0 0 0 0 0 0 0 -79.79879121632216 0 -111.859907735444 0 0 0 0 0 0 0 0 0 0 0 0 -53.5915885653725 0 0 0 0 0 0 0 0 0 0 0 0 0 0 -7.61225889347647, 156.5040617091896 409.0734614345756 245.9524102353352 -32.1046036874496 -98.81773613995396 -500.6505304256901 -514.1178868380744 0 -246.2227976038337 -563.1955365696209 -467.9161594576409 -393.417105719866 -105.0154670440113 -358.6122849372059 -604.9779252286908 0 -82.03031358541841 -540.2127131500083 -355.7793817730962 -235.0852740060529 -205.3013493404185 -307.2199733780027 -245.2875068143267 0 -110.2977307156367 -39.93259338464752 -132.9546356041019 -89.87286992207063 0 -250.4947131977793 61.6709585490788 0 66.35767833898099 151.6755150955809 -96.78336857456713 202.5420415023358 -28.20391898621611 121.525456093586 259.6821661843539 0 -4.000338415904054 -2.113851010154491 253.6595318622252 65.77362649135594 118.063814227465 139.8394847581176 182.8892573842599 0 -55.99859982256246 412.3130487204126 19.95844478037745 18.66071699272477 111.2321806158274 187.1124649136818 152.8126168171895 0 244.2717240368947 53.47183128141788 120.6704285576076 228.0548564157055 0 167.1641738205216 345.0839318142707 0 4.934999821598286 254.8070565230313 322.2531126810787 101.9905080112263 -13.37663532097366 197.4708631726276 -26.45968799194516 0 -31.07252062237351 30.53188636008827 332.4464357602953 167.1159161810135 -81.74684681849783 67.19382357510472 11.05703154976817 0 179.6361672698621 87.55425584792737 24.30990886057945 -177.5017180477546 121.9218871783576 -49.53368188840347 -166.8184427042799 0 -50.64094698957667 -239.1124436754157 -42.59113426139756 0 0 1.929786842216185 -435.8430290392404 0 -37.4219127706533 2.052800202753549 -128.2074433823877 -117.0676704274221 -4.883839180678379 -173.3809261212317 -280.8467604447587 0 -191.2006906254038 -93.79910617187306 0 -250.8469620886447 10.60832700688744 -236.2994970703627 147.6260393974046 0 0 -26.01956709062315 -121.633526291091 0 -55.11485496529598 -297.2979370127999 0 0 0 62.39997761408191 -207.4579642265746 84.61563310898208 0 85.57170247195343 0 0 -10.14435662985287 11.44639960196005 0 0 -72.66798862975872 0 -17.64787260967674 0 24.09236417312695 -28.55011677435323 45.69430344755577 0 0 0 0 0 30.79991874941318 0 0 -31.83992797455408 0 -84.48309611352775 0 0 0 -8.133450340496246 0 0 0 0 0 0 0 0 -62.5735680305416 0 -47.10830818920759 0 0 0 0 0 0 0 0 0 0 0 0 -34.67281530739551 0 0 0 0 0 0 0 0 0 0 0 0 0 0 -4.61839071855832, -57.80726703915104 -292.2193099770242 -496.4139824631287 -281.308403740663 -143.2066602312222 -511.4500293074542 -458.7389089366055 0 -177.5402644689701 -358.5891195759687 -59.34516243553725 -95.98041730500883 -127.2239407249789 -161.723391171871 -426.2663950157908 0 62.04254787880689 -164.2817632879174 46.81960528268634 -232.3514767960252 40.07341615232741 -30.68743259625896 -390.0826577761943 0 -151.6301557684938 121.7514096427494 220.1503448733389 102.6819921067951 0 -256.9048660481636 284.6503319980902 0 70.25042740902603 109.5274393244385 -214.0933557719525 217.7896908410322 -78.11893680982897 250.3120895894247 242.7106263075877 0 94.64127889138398 -35.04726005391882 184.54155907474 -40.93874115638858 131.4367755821848 45.32470280281152 205.7087138753161 0 -121.1739254474348 416.8414282481907 -137.7689965922499 18.98681346369901 92.89058661778716 139.0999162899 106.0302315406467 0 214.7620122628504 -33.29731314590941 55.01755498339487 89.53869229985511 0 149.4282231395039 338.3856713092619 0 21.09289961200577 119.9844077654412 166.5222140019224 88.86108983326719 -37.32395649263898 154.4865229243288 -44.11000731823293 0 19.01024095418655 -2.991112171799735 171.645805747844 111.035226646268 -71.38661019501282 198.6485391027852 19.23871180863037 0 75.19268655543237 -9.759465294397181 -3.35274819799438 -79.75984526445946 82.46650212741494 -31.13307129398595 27.65786692523766 0 22.79519498710481 -275.1055457986416 30.61685480128131 0 0 9.519271726681358 -323.6735790743896 0 -39.79308982418659 107.3163060021763 -52.69098781755633 -11.42088193457901 -20.6073670273613 -129.922157670819 -248.5112201288761 0 -149.7979947657679 -22.50574558261449 0 -214.887001987964 7.936866767736877 -146.1187888230206 134.2997277212195 0 0 -33.68488392069949 -138.9692313839116 0 -23.99377056404954 -261.117528486014 0 0 0 -39.50427018453052 -171.9990034233971 25.77847964800746 0 68.70634858609345 0 0 -14.50209505104528 -46.31430220341828 0 0 -62.95507706491195 0 -108.4230632838704 0 -11.24496883244139 -27.19875231871842 32.38051791208505 0 0 0 0 0 10.05667126585018 0 0 -60.50326186318197 0 -72.11949661341961 0 0 0 7.424929373668519 0 0 0 0 0 0 0 0 -65.80863587664476 0 -8.255863458846802 0 0 0 0 0 0 0 0 0 0 0 0 -24.60486413010574 0 0 0 0 0 0 0 0 0 0 0 0 0 0 -4.625723789103567, -26.92179422458514 -152.2126786542736 -287.7466038185833 -174.9183973926322 -87.41958408243865 -341.3919076623016 -311.2620396875931 0 -110.5158738410745 -219.4869201152802 2.163059578456867 -21.1133664483322 -90.71056245905852 -8.37891789954277 -159.6444244015465 0 67.96409539787665 3.884738724144356 203.6515002682187 -71.46155568452477 162.0830536752266 148.6136978569515 -260.7879815153456 0 -77.3647806282174 208.9067977363266 362.9199477998782 129.2561178852956 0 -52.89829259178032 260.7546453794265 0 57.26783599842259 68.04601915219996 -100.1471371078887 184.9039774279802 -46.97413024126197 189.2410995941991 169.8079894729854 0 115.8071070373873 -41.91551376917634 40.52839356439212 -29.73136232781174 69.76291696040856 37.86131065199893 209.4340076396518 0 -93.96170631442769 286.8071896592589 -115.5417442515233 -92.60260642241974 69.21115606042919 114.1291938163152 -4.645936653813195 0 125.2316108162334 -1.262799755222261 107.9785844591872 195.7663234669957 0 148.3962864759401 190.8144914988297 0 13.92460464253841 9.511149615933064 303.8930240385463 37.41156837693151 33.33031520065488 111.2659379517405 68.6104301203836 0 36.73841365707002 8.463314841693133 182.3238601530864 185.7184497003017 -96.00432180919867 472.2183780963597 28.69868522177323 0 65.9639043952065 91.91853676631891 -21.71475144900815 81.15458885848759 80.76495102736283 24.03733047576804 273.6384179273167 0 156.0932229796873 -187.0394849914124 222.435865319998 0 0 43.57696829061815 -123.9002799821257 0 -26.78589002780345 203.7116958438741 56.59455802444432 86.31922035870033 -2.865483296611856 -28.40662961097175 -171.6550858624501 0 -80.92938789555694 47.3584685303242 0 -140.8107923752416 0.7568406219911097 -35.61226720864187 16.25168979123829 0 0 -31.08388096388106 -179.0007044936714 0 -30.58930712883581 -166.968653231446 0 0 0 -146.3326272551184 -118.2489420810232 -134.8915493522753 0 -36.83650635704146 0 0 -15.6656061706013 -168.2130550190358 0 0 -39.04437782662862 0 -165.3473178981611 0 -57.10901554587522 -24.70389038510547 -128.3451497789809 0 0 0 0 0 -35.26144261540141 0 0 -27.55882620833505 0 -51.92757371429366 0 0 0 -25.46649020984501 0 0 0 0 0 0 0 0 24.38291985626802 0 19.60024950222717 0 0 0 0 0 0 0 0 0 0 0 0 33.15472470810283 0 0 0 0 0 0 0 0 0 0 0 0 0 0 5.066598462012731, 20.98164515941713 73.08761153557552 71.79116283541337 23.66484256242826 14.34518540739394 9.374177867461029 13.23961786574829 0 17.50552843377223 48.35420881983251 77.50556446821197 76.05730312527339 -19.80691742842511 166.0455201875411 175.2961902857541 0 22.8573576895914 34.59049404044842 239.0211526244657 118.5054257145568 216.5369909793684 242.5447134881566 -121.874836595249 0 -26.98696119783927 222.1003365135191 243.266814851661 -47.55869304073808 0 -13.30674098072487 95.19437301545275 0 43.72330180113313 16.19157067461329 -19.65844829727371 115.8622606547216 -80.89921360460346 -40.80420814456649 -37.96699955912683 0 21.98652535070298 -206.7979559588524 -134.9752398294826 9.34786007747423 -3.063287106705808 -31.76623327912955 103.1848083679406 0 -33.32032623781754 141.1312556680634 -139.6681599650668 -289.1236845456497 4.602194877436332 -5.656358458700851 -81.73629287433394 0 69.52691800218655 72.30734007902889 182.7471731883425 351.9558428856157 0 192.8507267023188 23.22530133570163 0 -25.21877302210731 -19.08217303692925 469.3474295069612 46.68295912015547 143.0352363909856 88.24478612448459 228.1932900633047 0 -9.782138613934158 34.41734856836499 352.6713415653407 205.3723349893803 -84.83651522653899 631.4618651099864 -34.77933421402712 0 151.5162149642329 363.2280725428099 -11.49203337304052 139.9587438110614 79.42614407047571 -26.56085804451588 200.5970043734562 0 220.5922658429229 -75.53365599099867 321.2788650853728 0 0 -1.882519250270882 59.00818712450996 0 -5.210218424432743 120.7914233285691 -5.608091391002187 10.22854059921461 -17.65347041068016 -1.053714498768691 -29.204383731846 0 -48.66514975629764 62.87018517884225 0 -15.73798058559227 -57.50298789351442 14.98533467717606 -300.7998279686308 0 0 -71.1318443811038 -199.9758812347189 0 -50.98541334629159 18.26795886994759 0 0 0 -373.3438871180545 -13.80420466995255 -335.5291423243953 0 -224.7522087513165 0 0 -22.92763141905382 -205.4934219788818 0 0 22.99885708549282 0 -378.9395167906543 0 -180.419735585198 -0.1468656064405707 -352.7351726216893 0 0 0 0 0 -60.28017179625443 0 0 -58.63571141235157 0 -267.7026451909443 0 0 0 -86.47239754927182 0 0 0 0 0 0 0 0 1.603798767224433 0 -34.73544446980824 0 0 0 0 0 0 0 0 0 0 0 0 41.17255185924465 0 0 0 0 0 0 0 0 0 0 0 0 0 0 12.27303289324158, 24.89958824531104 103.1370473486045 131.2313016788018 58.68637791156159 43.54372997700256 105.4796159556154 88.63917789180323 0 48.97199578520809 114.3265893754717 139.3140651008403 128.079124549964 -2.639090856079855 223.6516558323675 266.9064630849325 0 2.753897550801865 43.9006456534601 252.6958819906228 160.9951098242282 242.6294342180009 272.4849565471924 -79.1566054062374 0 -41.39756644526983 193.0680214141716 84.24787249584426 -130.4967813912649 0 -146.7517992094588 11.10500316898225 0 45.37103408531202 -63.0654993967741 -103.8496777726894 -32.43716652088449 -160.372013612606 -137.1542683674814 -297.7118715820294 0 -49.72414579934001 -373.0558447135558 -243.6097239867664 -89.58297698861325 -78.28894064435069 -239.8020021543071 -113.2804165020777 0 -26.82439896145624 -96.05336905171445 -193.8049304187269 -269.9735066086629 -107.837263106704 -198.9395995697618 -251.3050366800025 0 -40.86599416504353 -99.37456805205397 126.6222788412319 207.4372305034365 0 13.21625751175802 -322.4088069995462 0 -16.99162471417612 81.41944311828479 296.1917987428508 -70.72333112649579 125.3766105731255 -98.26515089572302 296.7060470187562 0 -142.3060556184682 19.09371048358594 123.7492694395441 22.44368558590794 20.82453541027272 348.2737151894207 -67.18499238292934 0 151.2139432876456 451.3489076788169 -69.81587105071564 150.0049895070329 -2.639016487592642 -90.8063241364729 14.45649650711431 0 180.8883763007687 -5.361364180662989 331.6160232548428 0 0 -69.98767831595401 226.8420003062558 0 17.62308403192752 34.02481539274213 -56.57911946222703 44.37641138398516 -35.86182625539186 110.736265682257 121.2017834576679 0 -6.320597093773735 137.7499349575184 0 134.4121091037359 -65.68029666543912 68.82433136228948 -203.946008434859 0 0 -74.37994702449433 26.63751008932232 0 57.66838153125821 167.8183835076133 0 0 0 -337.1940335899608 145.0497756099238 -205.4681195416493 0 -112.8909171205176 0 0 -23.79741889713208 -6.640675521364372 0 0 64.47131073578717 0 -377.1423901936735 0 -159.3395535018523 49.15885946724708 -191.6337111112828 0 0 0 0 0 0.2707198667924207 0 0 -98.04225021218849 0 -303.9162760570761 0 0 0 -41.47873740097927 0 0 0 0 0 0 0 0 -81.71302072356401 0 -54.91126599939392 0 0 0 0 0 0 0 0 0 0 0 0 -6.141717814951503 0 0 0 0 0 0 0 0 0 0 0 0 0 0 5.42591713185902, 9.219581394429952 44.53294978704076 63.77474947423295 35.5708233640769 42.65365453129483 143.283256497148 148.0209430440359 0 106.564127382557 226.6096248663282 163.8018209838485 180.0818956499823 53.39013063585783 324.306783093416 475.8755195087332 0 -26.66515316522842 125.4055450575304 280.3703495499811 266.5004001501052 244.0307633297901 283.8053502311155 46.59233085790814 0 -30.60954083871798 215.0554088419731 122.3271538050009 -84.26502204690505 0 -159.3711977026743 -77.60807696046794 0 62.83069324476946 -130.9865029620862 -185.464520701716 -243.6097357997958 -120.6108352225828 -54.61005343704608 -452.167609088493 0 -66.94991922669004 -369.1354899869759 -314.757159956858 -193.7995218537043 -130.5156385134655 -466.4090063378775 -316.833578303315 0 -25.92208604118906 -333.0341254994218 -151.8653783729077 -126.2285239633075 -216.2272124312944 -345.7146255859528 -409.7149207029719 0 -220.0779392433205 -229.1571791454229 50.62775201282976 7.78172158939104 0 -285.8463907183108 -575.7809666838273 0 15.90346748997167 80.51933263659454 150.6557939402502 -236.0001144868355 34.49406429179359 -177.9832518531207 146.6721134533874 0 -211.5283332144859 23.18464276393045 -233.1977093082096 -19.28784206055902 49.44622310211662 -33.35144710449825 29.77942040785604 0 108.5107897869996 253.8309827865912 -141.1335259449536 57.90837252215863 -4.108433067204039 -38.57551139879954 19.22924483022553 0 84.97932935753529 -18.22525077891223 197.588699860219 0 0 1.03326356588191 172.6796648756164 0 -34.31803235760043 -18.46941720848059 -16.91803889347368 75.80717348083459 -5.396640059688288 166.1154716811373 83.39971346615536 0 22.85219885350201 56.20112212032984 0 143.5918864601472 -58.09517962784736 55.0683620657983 -17.06725643771509 0 0 -4.348524623260278 182.4420920038197 0 101.5368271441614 59.35749118972529 0 0 0 -206.3333434666371 168.4591348252159 54.15133611272256 0 41.95524568702958 0 0 -10.02129075790257 220.4919397536989 0 0 10.62532420391446 0 -223.6086082589171 0 -69.94597451347754 59.77196414987827 162.0990886348009 0 0 0 0 0 93.59474815307247 0 0 -112.4136710526706 0 -123.503422693258 0 0 0 76.80964050718913 0 0 0 0 0 0 0 0 -138.6398114093535 0 -2.453612111429731 0 0 0 0 0 0 0 0 0 0 0 0 -63.64685915470142 0 0 0 0 0 0 0 0 0 0 0 0 0 0 -12.32271594532885


GFLOW: 0.6 0.05588208399919729 0.05548194393407008 0.07457330712305546 0.07392870672317328 2.987302414921814 2.987410410705604 2.956539123190493 2.956877320740398 -0.009618598565392917 0.002996468089960836 -0.0139948344827905 0.0004213807142527801
q-corrs 1190.360038483826 4413.379313961455 5388.844517677443 2158.024780936564 915.8937945272379 2016.256183238289 1041.258475147009 0 5.38953386358096 -239.0478514597153 -530.8467981400385 -477.9695082598221 -58.50661385700912 -445.1477866731961 -680.4291123395474 0 -179.603820437868 -737.5479037901421 -637.8201124209377 -235.5988771228209 -360.2096916410688 -540.5337045997088 -46.29681392520163 0 -87.52204368166088 -282.8302270180575 -601.7571854085393 -245.6565651764159 0 -210.0192254315113 -364.8598076149681 0 -56.53279209235653 -119.7362184994898 -12.06518229820917 -192.6974630671909 37.62750822722258 -119.7118916963369 -44.18874152063168 0 -159.9502176174742 -200.1160041507543 -95.5866525837957 141.411608164926 -69.5113624223394 11.8182960209685 -163.3062309617499 0 51.46649693769302 -39.8067009157547 176.2222177335591 -105.9954520216647 -59.96216854006342 -109.5999416299898 -44.00597371964676 0 32.01979358592803 34.30367364072668 51.46687628050321 129.6645940048394 0 8.300150610273732 -129.578795019882 0 1.333250040263536 191.2557034724141 168.3031537222129 -81.14580062576633 5.062699784897909 -1.7987897888801 74.33688636252658 0 -28.60498194122841 87.54827202520357 107.0535355466035 141.1076558660096 16.38541748966878 -138.9518695945426 58.02415654468109 0 127.4320463927804 86.36612889915611 -43.20760554225915 -61.53228018096691 27.02012856837404 104.1290451513322 -25.18027059602124 0 -92.27520084495046 -6.654878244689272 -25.38446832501916 0 0 33.17197527543883 -219.5251779893514 0 -32.15214736203161 -152.8022808597459 8.944045668494859 -107.8507503623466 79.63984135743146 -185.7349060579668 -145.9196407498053 0 -64.61925482224663 -96.24223803694984 0 -211.5720928689029 -40.26320057721743 -157.5101243948284 -284.4349025080746 0 0 60.16237672984386 -255.2863391108415 0 -162.0775692666614 -208.3549501062122 0 0 0 -115.2147745069926 -251.0047901277814 -196.0394610625474 0 -166.7864047577102 0 0 10.94751543878933 -223.7312117207598 0 0 -71.37209319114382 0 -165.7977521825573 0 -83.47691545344932 -69.42196212503882 -263.935577824919 0 0 0 0 0 -55.04183929314902 0 0 -55.64284601115199 0 -258.6452677789504 0 0 0 -88.47558000747469 0 0 0 0 0 0 0 0 -117.821013912292 0 -93.94611291071882 0 0 0 0 0 0 0 0 0 0 0 0 -72.15726980598411 0 0 0 0 0 0 0 0 0 0 0 0 0 0 -12.53238729133607, 729.0032049205563 2670.483538444208 3202.659601245588 1247.765567105653 498.5315280627522 999.6430960599744 423.4779676726674 0 -90.37708875574951 -364.5479177362474 -518.8501028349199 -454.3382271388576 -72.92566990554963 -405.0224608248683 -632.4124176194398 0 -150.3860705437311 -656.7554789789433 -534.9005482437501 -209.2133042111439 -299.2481419950674 -443.728492432956 -77.48536557881189 0 -77.77863992954303 -201.1409945840805 -445.3496383368489 -206.7906515136017 0 -181.8030953524141 -246.2285634353566 0 -13.38315814921007 -26.70499191018055 -4.890925283708732 -59.82025600358951 30.40795622501648 -70.06174279502041 31.59921291772943 0 -109.6153563074468 -94.19271383081103 41.56745369360222 113.1526728568013 -19.47245165635145 92.30192904788845 -34.15547785035351 0 26.3993328080001 80.63469825020422 159.2600376929441 -36.13085145271798 13.40166901500661 26.84894418401041 35.35167685272154 0 103.8816278231374 44.87845342331033 77.38759705004937 176.1889652571215 0 74.17600671385554 48.91840468155895 0 2.889984683135149 215.0919508658307 225.9833577623039 -18.72523850486498 5.974259609322658 75.60064092281696 37.44674405138407 0 -16.38127468562348 72.92623078074166 182.5197233842958 140.268190314137 -21.26324611781585 -71.35182667555151 32.81614647081409 0 129.9633013288722 82.30030570915031 -14.44864977670091 -89.09665337593894 56.35559152639908 59.84088678593344 -71.31364168365921 0 -77.30199014833224 -85.69780477843948 -24.22729234849291 0 0 16.16252694266476 -264.0335869823233 0 -25.56613562237156 -96.13114723822284 -29.64450277963087 -107.5710806160657 51.16375516400494 -168.1042074355162 -177.1858952825117 0 -104.6633436029564 -81.44484960159842 0 -199.2773308730588 -20.39457755975255 -165.8683541000584 -138.6856063335048 0 0 32.07762041407736 -193.1696372594571 0 -114.332336121514 -218.7952951417855 0 0 0 -48.36188244946328 -212.5301303695128 -96.68054053960883 0 -80.10120288885436 0 0 4.711667991354439 -131.8928232506281 0 0 -66.33044404850556 0 -98.29340295156987 0 -42.07498561447738 -51.54503513221935 -146.2011780886056 0 0 0 0 0 -24.04772134658815 0 0 -37.78422252449406 0 -174.5852049392992 0 0 0 -54.28153754457419 0 0 0 0 0 0 0 0 -82.27312363752424 0 -68.81286272218695 0 0 0 0 0 0 0 0 0 0 0 0 -49.63765279944955 0 0 0 0 0 0 0 0 0 0 0 0 0 0 -7.875445899269106, 142.1594824425769 467.3676555389365 465.0962668866759 123.6454057636418 5.110311991024022 -159.1925063836791 -246.4902142659031 0 -163.7484905662888 -402.7610968145568 -341.6952800756914 -304.0553278634005 -88.53278458456481 -279.8023162747452 -494.4818353329226 0 -62.98610270669675 -425.9154880790845 -275.5183451190093 -183.18678056499 -145.1578119150994 -239.0896407654882 -182.7072422915248 0 -89.67425352660065 -45.7545967416354 -136.2297321155096 -90.33353189760899 0 -178.6001380323972 2.96660167661102 0 37.89387030360456 75.67084469487031 -55.8118147235678 120.7021062333203 -11.93896675976058 53.05166235380003 135.7946505955957 0 -8.111672269467221 11.33282503535676 174.3310094843319 37.15766402781551 60.30532021684863 128.9665345267611 129.5792403668725 0 -33.59442713310364 240.2264605386626 38.69610571415067 31.1685410884419 86.65174684443159 150.547529928756 98.75758610472457 0 166.8998175917733 8.61042760559798 77.07562310912361 151.7018023609396 0 121.3989413586328 236.0609329766743 0 5.633645704883564 167.9677613228598 194.2777787859529 59.28733710650347 -14.59730682482405 127.9956524640052 -37.6939618517837 0 -2.147697565132518 29.14426749660899 211.3642599153098 100.0546074200088 -68.87725515688857 1.405340029438253 -18.76316160989082 0 104.2465684441409 33.52491309528209 13.9166614264574 -124.5866148300012 68.7513802667485 -0.4670691182322351 -120.177792844052 0 -53.92502357142908 -207.3136118698307 -28.80825023817445 0 0 -18.18144740097126 -301.4096036534319 0 -20.58194709624627 -22.1547602103899 -82.89248775853049 -106.5156343406346 10.45319171096524 -148.3577329131668 -212.0233471682672 0 -150.8550867213125 -55.46682902081925 0 -178.9049286817698 -2.753803182644567 -162.3289583237215 12.83206400439853 0 0 -9.321799119966176 -137.5299566751565 0 -51.02340722366434 -230.3518037384993 0 0 0 -6.538490651508834 -163.7865101729942 2.785660232254095 0 9.794975995235397 0 0 -4.843935616963654 -38.66729638640653 0 0 -60.34846678524848 0 -57.66598262975805 0 -10.7686344751218 -32.05224387259038 -17.75773893734518 0 0 0 0 0 6.65080877021207 0 0 -34.01565666063405 0 -98.37647185164346 0 0 0 -13.48914834901226 0 0 0 0 0 0 0 0 -61.49467191555013 0 -38.3796635977673 0 0 0 0 0 0 0 0 0 0 0 0 -32.44063152737061 0 0 0 0 0 0 0 0 0 0 0 0 0 0 -4.436861982407889, -27.67971999765773 -157.3543835862286 -289.2436633175658 -173.5999233906929 -101.4635043238425 -368.1422612979424 -335.3608348999325 0 -133.3912198816015 -286.7171149346859 -102.0151982533093 -116.3356127873779 -90.25302350517623 -132.1378941969108 -326.0230086301723 0 28.48040198931946 -153.3977034044123 -0.5914332033418503 -154.8105291907259 21.39703777247449 -33.77612495188333 -254.6081724255964 0 -99.1621213821897 81.33035631388753 135.3254045015771 56.01105280143669 0 -152.5729647761767 191.2962694853335 0 45.1269986615542 77.62074598673161 -109.2059954029027 164.4148568947957 -37.63694761921337 171.8368385251307 170.0688570086504 0 78.2654065961642 37.97171023536033 144.5388955847823 -32.81128577167866 84.22904169460654 68.79691836897904 167.620686117081 0 -71.80713748705034 254.8983514281861 -49.63120640566648 56.11000201208814 80.70733939254461 146.4229553031601 74.81947028207574 0 134.2391640896984 -43.11919478456232 45.29037581097258 66.2463680014047 0 93.92388863156464 226.6907149363489 0 15.84879491873374 91.96099318035263 112.5994322581817 57.56150095963449 -21.68268723798496 103.4714454157306 -50.6639353052476 0 16.59099562673965 9.02890061798117 137.4660992435456 68.69043014859055 -63.86060845421278 68.59822298259618 -14.92808850866705 0 48.85476209770856 -4.37636560272874 6.522733188848633 -63.76847911302518 49.23660167378527 1.239870300577181 -29.94859675368907 0 -10.79290840286125 -198.9615620740146 13.28860770774207 0 0 -13.77813786100004 -221.0804127762364 0 -13.057815080614 26.16368704833626 -45.59192090852137 -61.25837785232552 -3.0233678742651 -110.981973804459 -180.5947259626693 0 -122.9066584842463 -12.89167871757463 0 -142.1847678708064 -6.046248274409932 -106.8289109242404 6.026393327310352 0 0 -23.41130452979455 -138.3975524549094 0 -26.25165388779344 -195.9622862337083 0 0 0 -54.7649189703406 -127.1996698315644 -19.3782268020627 0 0.78718704411855 0 0 -9.9356432369933 -54.52808458875916 0 0 -51.23611944341959 0 -90.792248944788 0 -27.59707324458671 -25.88222697668639 -18.97542917281452 0 0 0 0 0 0.4106930726130749 0 0 -40.33050991889076 0 -83.41615290302843 0 0 0 -4.958670922860964 0 0 0 0 0 0 0 0 -52.68151300544583 0 -18.16116887415038 0 0 0 0 0 0 0 0 0 0 0 0 -22.86984876273384 0 0 0 0 0 0 0 0 0 0 0 0 0 0 -3.682770020040891, -22.4353034664523 -118.607763040758 -209.8302060149325 -122.4015445971625 -65.44865536079337 -237.1808941371491 -213.4767215516879 0 -74.63868786939935 -153.5269117496288 -2.103867469091597 -21.46571882818682 -60.33605196499516 -15.90847314987985 -126.3566448230061 0 49.09236185592825 10.95348838428433 132.5435506237847 -57.14627929607018 109.3371166333934 104.5436521250982 -175.9667295475554 0 -47.89445093897704 141.2750640780754 259.216000741106 103.8075877892953 0 -22.2618579936979 218.5381065911451 0 36.37583853811236 72.61635943657096 -49.35614463901979 153.6505020564931 -15.89056461988994 159.1141297384278 161.5348523977361 0 97.05562234827229 53.59712648768632 59.58371417575754 -20.12005994798544 67.46065254175798 57.32437960796247 165.5668811455645 0 -48.7695185195514 206.5888889021645 -23.59656493593431 -1.476664672125974 57.34859686771334 121.3220181754146 48.23361893143547 0 88.37506899820372 13.29601484965054 74.45316733080986 130.059527868534 0 90.26678073192451 137.4011997560794 0 13.35284950395304 42.99018928887638 212.1391468902025 45.9884294826625 38.42221937675653 105.6623538556243 28.72711756425454 0 17.09702322054986 7.356126217174559 171.3896801102422 105.4372434373709 -65.22641852887918 250.2183178874744 8.881101477807746 0 48.71342109493743 88.35147452165566 4.950332399952298 46.82057194188319 58.04108886280699 9.292665953585896 95.71226579217354 0 70.87928834994845 -99.84539886644295 128.0718225055452 0 0 18.55342210998477 -77.05766877020578 0 -0.09017538221080912 76.70738347447218 17.8131986673598 -12.6921425776164 -1.454724092915296 -42.79807586613784 -113.514983181743 0 -64.73460279855171 25.80271189474037 0 -84.95747340050477 -11.94555252758097 -31.67166215233673 -62.34550083735981 0 0 -27.83125928571154 -154.8845613881325 0 -25.28429891481758 -116.4052399562912 0 0 0 -117.2382069584795 -82.9234319015184 -105.8282153429555 0 -59.72875734268603 0 0 -11.47581080921747 -118.1084918278207 0 0 -29.64745118191014 0 -128.0613484486766 0 -56.39706798134515 -20.56638937336807 -109.8701865598241 0 0 0 0 0 -25.92719245871485 0 0 -27.14703238191079 0 -84.01159784609251 0 0 0 -25.86183714906401 0 0 0 0 0 0 0 0 -12.4249205088552 0 -6.814427088975885 0 0 0 0 0 0 0 0 0 0 0 0 4.19604064630732 0 0 0 0 0 0 0 0 0 0 0 0 0 0 0.8773856968653453, 6.689626847256832 19.90858254315258 12.46373317069052 -0.5252368269792225 1.601160996198107 -8.325738692217513 -8.677283787588607 0 6.322562690067599 16.83778386219898 65.97227572124214 56.108536283295 -15.22927924381763 93.03432944971752 86.72176796603574 0 27.57704370211516 62.9154791292417 167.0014747878266 52.84983752354101 138.6067316711973 166.4420853084835 -81.05504096201983 0 -6.749496814941025 141.4746078024444 191.8729666823681 12.1633002942792 0 6.968115790636986 110.2526640447717 0 30.50719006440167 44.85113983835775 -13.29107334650229 92.80014061759371 -35.4748283617867 8.742041422593388 26.7847419511909 0 26.79066593485243 -54.36419801540314 -41.05596630417622 5.731748737296993 22.6207117292578 10.3857016893235 89.24027830807344 0 -10.29006792949479 106.7069159397685 -47.02816856834227 -132.3377489958102 13.83108450554626 24.51367716915155 -8.02137504955212 0 45.86962000321074 80.28697610219186 113.8491056065928 228.7529373692136 0 98.50899243193938 26.96161958282959 0 -8.519260291988683 19.99275250271104 313.6351848948444 43.48896817430156 102.6251184564917 86.09018395843326 138.5310485344058 0 -12.41986006883063 13.52917815989932 250.5894818248425 118.6107685822874 -49.42312055525353 386.8878820080481 -3.371795729977581 0 94.61178704028431 253.855398297061 8.490761677623507 107.7152290209741 63.25603728388199 -24.47470459412532 93.05726188624826 0 127.0184345132802 -1.259667031067025 210.6006049294324 0 0 14.43262341169041 63.54498783186926 0 11.27536057065112 63.53714509154395 7.751821199856485 -20.67633288327068 -10.95874148864365 1.906626394191452 -19.78368629339795 0 -22.1170918896274 43.31694883781469 0 -0.5886282348181808 -33.7548948523963 22.36585619764823 -187.4719045389437 0 0 -47.62105366031627 -153.8168222977538 0 -26.34342874319253 1.507834720085508 0 0 0 -219.7266921639815 -7.601304257821525 -210.3118520180668 0 -142.9910255496323 0 0 -15.13922133660154 -144.6011033767876 0 0 7.957029982179575 0 -235.9949178132329 0 -114.0863175983267 -2.842889338730046 -233.7328999992534 0 0 0 0 0 -42.94290842130808 0 0 -45.54640987303418 0 -192.5661435588992 0 0 0 -61.37155397192331 0 0 0 0 0 0 0 0 -26.98282348903616 0 -33.1887201206999 0 0 0 0 0 0 0 0 0 0 0 0 6.729905669922645 0 0 0 0 0 0 0 0 0 0 0 0 0 0 3.858758939282501, 13.60761612876411 58.58551001697227 82.53880376216777 41.04207752776809 30.45043736322882 95.82919121928765 84.34495485491826 0 48.27781017204775 104.5065574567433 119.1750121766747 109.3645242550016 6.840322556872184 154.3852209615779 195.3959298316102 0 11.51393663112862 73.71902548012056 176.3791728961034 95.28453819433577 146.4634952624278 173.4121313941229 -50.5663665233899 0 -15.942103036029 114.7874060441226 67.82670081666289 -65.48539988189272 0 -97.55609508876427 2.013966765388375 0 27.10088000912726 -34.6524750583517 -82.1949015917146 -33.66669459239124 -93.37133944302943 -83.00252439502469 -187.3196891360905 0 -39.66169173028707 -221.4472145221526 -131.9766067214925 -54.73319096859699 -47.85892515919216 -141.3978577582338 -70.71393557845806 0 -6.369545162863677 -78.96411124477154 -122.1823395083194 -170.6215512297168 -57.86810958996026 -131.1061998011445 -162.807350512093 0 -47.33256709745243 -14.02002573483385 75.16539967026432 135.846606967764 0 -10.55193229569624 -185.9076397850402 0 -10.0936224778978 29.13491805613924 193.6975393105057 -36.55171122764996 80.87525964501609 -60.13036933722569 184.3004587959986 0 -79.88791379818664 8.988133043890286 87.45608989598338 30.45896951513441 11.74712508888503 257.7020367522705 -17.49839684836161 0 88.88474281486012 281.0405154120879 -31.38659680304235 113.3307698368234 11.6658245158539 -50.83651023077314 37.9678620555505 0 121.2916704934016 37.05907524970915 207.7986618960765 0 0 -13.20473892053859 169.7773986758695 0 11.67094358512065 32.94845441874095 -10.75634922511626 16.81564054796695 -18.98188347047782 77.86975889837025 68.21963428587247 0 13.77775248771731 71.11617965170485 0 91.50168365932728 -35.75444861687362 64.45105064101978 -133.6112609156308 0 0 -45.93645755493515 -18.39165974956749 0 29.32763308171193 92.58450913048696 0 0 0 -204.6673615811739 94.10670404827866 -150.5488669274402 0 -90.62342098494391 0 0 -14.6106424418503 -31.64784119788431 0 0 33.5683114953485 0 -242.6755120750811 0 -106.2027816952597 28.2135738579594 -159.6337459256125 0 0 0 0 0 -9.779069584152463 0 0 -67.6819353674009 0 -214.4420617390445 0 0 0 -39.81150246283681 0 0 0 0 0 0 0 0 -69.58787733295522 0 -42.60430104309572 0 0 0 0 0 0 0 0 0 0 0 0 -16.53941456495659 0 0 0 0 0 0 0 0 0 0 0 0 0 0 0.4536197591538698, 8.256021940481503 44.7170785640229 80.38349630457554 50.7687100775516 43.64672483266568 169.381366634689 169.2024514109129 0 101.4326836907143 219.0156468351058 164.1192529938637 168.4744337552756 48.36954607365554 234.6087822357123 362.3041752664797 0 -2.40239968725593 140.3579946665251 201.0104404157391 165.4705992906799 151.0972310413834 181.42343267441 21.52221045085877 0 -16.71337267091705 114.1792533313192 46.80959395975754 -66.5698481560368 0 -149.3790520847625 -91.94422792826926 0 25.77964903800785 -123.3788106705536 -155.6759502701111 -192.3714384493453 -98.93907464055835 -56.81604211063006 -355.3938219376701 0 -65.84619511126866 -321.5544896459348 -220.0066982150641 -138.0608100169359 -118.555735692373 -327.8485601435727 -239.4611627209415 0 -8.949146577875268 -273.8733313658928 -137.2696644708007 -118.131522480729 -131.8841999145792 -258.3681976776045 -324.2307327579722 0 -184.2634192680162 -124.9230988974445 20.23565675933037 -21.10216972827449 0 -195.8606831922784 -394.2953011985844 0 9.410852466721231 9.442928797824038 67.06058996476912 -151.080264555338 19.971420967819 -172.4668287200061 103.9751152872008 0 -121.4535504509934 13.63652175696456 -161.0714043736693 -14.78239295926675 32.56416390675155 18.74803583501917 2.848474783253614 0 59.05789328556231 144.810930971357 -86.32079097046734 47.46426860550309 -21.09397352472423 -12.05932050232146 50.9022425785767 0 68.09876990937695 -0.6857366614796874 111.0044127540976 0 0 3.601290136271018 143.1478103755187 0 -22.67932913728657 5.543204758654134 7.921258702227789 52.91353069176649 2.888172387662287 121.5607999717651 66.27586332855034 0 31.26614918166572 29.12898017304561 0 110.6609548474776 -29.02770777469411 60.6766045930577 -31.41828554227104 0 0 3.304826336841352 118.6985684048619 0 60.91783806192853 65.56807955456735 0 0 0 -132.2444214633294 131.827203705171 -2.524912177256635 0 -4.135641975335215 0 0 -3.000690187971471 129.5087772170518 0 0 17.49098671509571 0 -161.2408974858901 0 -59.03612076026393 43.70319619135445 41.7938511764963 0 0 0 0 0 49.45206625852399 0 0 -75.34806885734366 0 -123.0183212936703 0 0 0 27.27404859608011 0 0 0 0 0 0 0 0 -99.74228052168519 0 -17.00596209702587 0 0 0 0 0 0 0 0 0 0 0 0 -45.46386920104388 0 0 0 0 0 0 0 0 0 0 0 0 0 0 -7.922444129867021


GFLOW: 0.7 0.04350467605907708 0.04316962429921163 0.05622069933524123 0.05571730965869684 2.990601319157613 2.990684416386397 2.967002690099187 2.967273627670968 -0.008067034930454142 0.0009141730497589641 -0.008785733141518324 0.001404252959864957
q-corrs 700.1373222241998 2778.244680011963 3645.685497083602 1578.589679918722 743.7216691146375 1842.415682016174 1109.002772575993 0 131.9839806151684 72.71057809899706 -190.1271095102962 -216.2500861800715 -31.85093391281978 -260.9671866820976 -438.8340080205518 0 -116.5735685604667 -523.3728792470542 -441.619035285914 -173.1463284281359 -256.8868896599687 -403.3285757575617 -59.12497215239566 0 -86.34069617643893 -214.6232027288343 -465.6199109571735 -212.6540264505082 0 -199.0555636698035 -295.240480298199 0 -38.30852729162243 -105.9942211806368 -33.87379373151174 -140.8776600018397 7.635320003363706 -118.7855667952795 -89.86694544576685 0 -122.2386559763976 -175.3023976684379 -50.45869855639256 83.72492547542861 -61.33342458944763 23.24688246046206 -99.05374796917073 0 32.64242016394026 -18.58558210934491 104.4462570838642 -80.76794790569133 -20.75076073695278 -53.24847258416076 -33.63820157625808 0 52.27390724348625 15.93621833697286 36.6625975748546 95.27437984944108 0 50.06802484320597 -41.08958284883784 0 0.03136596589356433 139.5039767747112 132.9042492556054 -27.14056184964933 7.048631886898384 21.125308810027 46.22240352963377 0 -18.79762493919183 55.70752691243553 114.1604505612115 102.9798172524347 1.860858613964861 -79.45966225483696 41.28839974308514 0 85.11390704272053 64.59086348842985 -19.26324420862037 -40.64443526154299 30.03928248049029 70.26943508098023 -16.19233620398786 0 -68.72484143146285 -11.33184005117927 -13.95947480410022 0 0 22.61846308274389 -165.6016477826474 0 -18.44241710381117 -104.813913178488 9.694357252047176 -65.70292153666912 53.57326244749665 -143.3055259536569 -99.27576466524944 0 -46.81148161895374 -64.08838427936665 0 -154.2986297187213 -31.5398099997722 -110.2959787593462 -210.5793139731948 0 0 48.60242011576173 -172.7968675875845 0 -115.8867118610513 -132.9341107339343 0 0 0 -98.98669927016607 -182.6926046034147 -143.1420208290947 0 -117.9753369418818 0 0 11.11103242897613 -164.0434549096356 0 0 -43.67582445917807 0 -136.9148974004141 0 -63.02259394026028 -51.96394632614655 -179.9436760275362 0 0 0 0 0 -44.60149301076948 0 0 -53.15607500373253 0 -186.8948562575127 0 0 0 -57.25525963217823 0 0 0 0 0 0 0 0 -100.9155917583926 0 -62.36983598729037 0 0 0 0 0 0 0 0 0 0 0 0 -59.47006284656928 0 0 0 0 0 0 0 0 0 0 0 0 0 0 -10.65511747452557, 459.3855851220452 1807.884158572971 2344.369546803925 997.83963409184 455.3715995068059 1079.122487128537 603.307140072131 0 28.4361247993231 -89.58000721392079 -238.4747046234614 -242.0300039814553 -48.41973817052475 -256.7931912548999 -436.9861909165331 0 -98.7527010623692 -475.2577136994232 -377.7843924244649 -159.818940203531 -214.2803512633375 -337.1991363925902 -78.54652432173054 0 -77.76292100914083 -157.6502166825076 -353.6397876340819 -176.6341079758791 0 -167.7411481182335 -207.3317981380359 0 -12.06824288312881 -43.16749741585291 -21.77119904068461 -54.44400910822407 8.527979896582384 -81.0697546125291 -29.59322794362443 0 -86.5548638703787 -95.71364875611609 32.91905463202943 68.05900798610188 -27.76644893689349 73.83290410240114 -21.77507443018238 0 16.64467649745795 47.64335539569455 95.4447935477682 -33.44277174216911 20.00470873112499 25.65754580097118 14.11481751842103 0 86.73500591702779 16.85770957321315 48.44694389805623 113.9232710813196 0 76.84548416414597 51.96813025247025 0 1.186346029387122 144.0874256973015 149.7774054407822 -0.1334844098835291 3.413867915031586 55.3376595936685 18.29857450547004 0 -9.204269606080096 45.61994574865975 136.7327446971151 93.83341111354555 -21.76524449202079 -51.74513942450147 16.00314311726606 0 82.35434729902107 48.85215180047039 -6.574272779808773 -63.66387957813042 38.82923833704422 45.03793135063805 -50.95078763437455 0 -61.01933244974706 -74.96152365321686 -19.75505735895483 0 0 5.495027143980991 -193.2334110878938 0 -16.46020760060269 -72.62788521943793 -20.14720303679263 -76.6396853198397 36.31718391011674 -139.3180536391447 -126.0427277271991 0 -77.07919505822976 -55.98260053795067 0 -148.6608192775001 -20.01630326766982 -117.0835728636245 -132.1454781453462 0 0 27.33012668845449 -153.4252398437493 0 -88.83509509387329 -151.549806831694 0 0 0 -63.60269727178714 -163.2292691573432 -91.50640009193853 0 -73.20811904278594 0 0 5.65677449827759 -117.6191951934064 0 0 -45.20477234429855 0 -102.0390932387282 0 -42.69814471121857 -42.80686595916849 -119.8438013844247 0 0 0 0 0 -27.24181770586974 0 0 -42.82335605895257 0 -145.2848665302365 0 0 0 -39.8604120190843 0 0 0 0 0 0 0 0 -80.88746007094957 0 -50.02166161455139 0 0 0 0 0 0 0 0 0 0 0 0 -46.64676482372661 0 0 0 0 0 0 0 0 0 0 0 0 0 0 -7.92528866879484, 116.694403905991 431.1290174810226 507.3717228650897 183.9583766468647 60.94334962254396 53.18889834616073 -62.44700427525544 0 -92.71646039117755 -256.1235197918438 -222.8176016729392 -213.488259516731 -68.9686705192228 -204.2558471742109 -380.2309837665954 0 -45.94023194519229 -328.0391697174951 -209.0084148971012 -138.0825917630132 -107.2599496328662 -189.2878433819506 -136.3607380649239 0 -74.26113168182729 -42.24401378748022 -122.658478261434 -81.72192882730425 0 -134.1190328701431 -23.74952920829836 0 23.86551961643915 37.8858037838623 -34.59631985992813 73.68340445862604 -5.967397825598649 16.22022799622255 64.35311027938728 0 -9.370519636565195 9.514318764445022 126.4760239436312 20.20406077965919 28.03889376602134 105.3143589776878 88.22455410832828 0 -21.14136936366091 139.7021181420383 35.95420339975429 33.50682084835377 66.444521958755 116.364066964835 61.75391203032702 0 112.1408421409426 -11.7195146148834 49.53824683381799 94.0916929853685 0 86.36102494266055 158.4150427226912 0 5.004120568747679 114.0530716439396 117.5921190157135 33.84284246267506 -14.31286895870634 79.33388815587175 -37.39130531969201 0 5.195743636265775 22.18816603835173 131.6321003534144 59.86658550886212 -52.59299038236581 -28.75267316122759 -27.12212536424222 0 62.41392384996718 3.605725263296947 7.379443176658985 -92.5367967542704 38.36019469153746 11.45028852421973 -94.26513880895246 0 -50.23135090966055 -164.6697643129634 -34.52316632707524 0 0 -23.06287918169896 -216.2569615288346 0 -13.83069255096735 -34.02870927927615 -59.20064223498326 -93.20313614009106 10.82174453616076 -134.5090700084378 -155.6106908788744 0 -113.440487954771 -41.09740338576134 0 -133.687299512385 -10.3996625635626 -116.8048968472433 -50.37852686899867 0 0 -5.034516067970436 -136.6291116197372 0 -50.68852334186123 -171.6181130711607 0 0 0 -40.65981910878698 -130.9891542328405 -35.88855767918237 0 -25.67533725410499 0 0 -3.103555212314443 -62.06738564267695 0 0 -46.4541800753349 0 -77.66802858319011 0 -26.90208398453175 -30.00298452270138 -48.95494384954583 0 0 0 0 0 -6.107402396360808 0 0 -36.97287330372221 0 -103.9830810455647 0 0 0 -17.2976301724627 0 0 0 0 0 0 0 0 -63.75968410288313 0 -34.102040681461 0 0 0 0 0 0 0 0 0 0 0 0 -33.90388045330425 0 0 0 0 0 0 0 0 0 0 0 0 0 0 -5.277689182503191, -10.34492789609361 -72.81214700271613 -152.7304530699626 -100.9418592241159 -64.51581301569232 -248.2771783774967 -238.3337647427998 0 -100.3149127262727 -226.6791810048564 -101.1665811485003 -109.3977413772904 -68.19869239948592 -107.692607276206 -255.4326647476394 0 12.93579430057614 -132.8744421063853 -18.85702831828541 -105.9449673632151 9.098547806158052 -32.83914806381101 -169.1864587697561 0 -66.31879674169191 55.90491200349625 89.9568472005666 32.93715432194769 0 -88.36955076906258 129.7187500831929 0 32.28598076184743 60.56056572352458 -53.39412069436976 123.3586689401344 -13.52255413057524 118.8727791430599 124.7165284275538 0 62.27940193345729 65.80656234454295 117.2276130693112 -21.91767157493604 56.20780878504064 75.46456086007981 128.9400102451266 0 -43.68774858840658 164.9146556869802 0.5556471688378934 70.55167346773091 65.66094889027306 133.2441070833522 69.91127290775002 0 89.10883012400679 -35.39492743362 37.6758593667039 50.43946530729426 0 62.44969307139115 156.5561348205245 0 13.06461177914199 76.68386249882678 78.06933007494578 37.26711789363624 -14.09636710524285 75.22619597669949 -48.15862067329551 0 14.8884290660144 9.719699483589157 99.14002751146643 38.16937145389742 -50.89630052389622 5.252880006401938 -25.74733854962806 0 32.87260622522562 -11.50246034605349 7.738135761918812 -55.58923108798155 29.82559630262956 6.196866476497553 -60.3028781644431 0 -27.04614391618988 -149.0417502386603 -13.06279055784962 0 0 -19.80733714949715 -161.4562914543586 0 -6.035276825738485 -14.77734236635356 -40.84370384437368 -79.92751074104497 0.1399647876828567 -110.0739737301344 -133.7988040645533 0 -95.74090275277271 -16.39197056110473 0 -103.5439151770495 -13.97352566247291 -81.00150855584602 -58.18573884217767 0 0 -19.12952123466293 -136.1079213118526 0 -32.66752713917991 -147.5490339459735 0 0 0 -65.5265069098823 -99.77867035417795 -44.04585167073023 0 -31.78138969427543 0 0 -7.740421809814928 -61.51338085498563 0 0 -40.03399468182332 0 -88.51472666251928 0 -35.13896602129809 -23.20990854744239 -45.8804078248774 0 0 0 0 0 -6.108336303046837 0 0 -35.54789679097884 0 -90.16173486845548 0 0 0 -11.93240753819964 0 0 0 0 0 0 0 0 -51.93659549778288 0 -22.45065373528298 0 0 0 0 0 0 0 0 0 0 0 0 -25.0655182434085 0 0 0 0 0 0 0 0 0 0 0 0 0 0 -4.108006838436538, -16.59821028588814 -86.65626906323448 -151.2298773829928 -87.98384410318801 -48.50287416310108 -173.6594820649341 -158.5393013281599 0 -56.26086917493588 -119.5789410494107 -9.578492252060101 -24.20600425888014 -44.27758914940701 -19.82688484181891 -102.1387090648439 0 34.53508343658528 7.271212077553486 88.67854661781649 -41.93376889625738 74.82279368904999 75.66895057264063 -118.0114840310738 0 -27.57965456633659 100.6894512021936 193.5183560027373 83.99698908810139 0 4.459770240140898 174.2232331482489 0 26.67172564321073 69.0295193292632 -15.5080788483607 124.4898392098714 3.416768667490686 129.0419574189203 146.0609753494099 0 81.47425468077998 95.50401608107013 63.68665711596969 -8.991924972511409 59.09761457238707 68.79670482887828 132.0564120740701 0 -26.49694877779153 155.4213184955513 30.34833981880995 41.03234603560546 46.86150300222377 117.02914664792 80.34595299290613 0 67.72041393721648 20.63587265599557 56.66825671959035 99.72441858138977 0 63.17442702057076 108.9170619138503 0 12.6556245723071 59.05530061371739 152.148185704074 41.79277083995229 33.75206277707352 96.05177917266612 11.35942013322604 0 11.67346422677987 5.504602975924424 139.9719922450398 59.16773465588096 -44.04825732959961 132.5907013198402 2.20488704982154 0 35.94056131254151 67.12275562053532 12.68127045106836 24.84543768740614 42.95659230333115 -0.3747279185989054 10.4956301649567 0 25.33238390174316 -58.774514891349 66.51816639067376 0 0 8.170454681318219 -56.39850740809245 0 6.296124280850176 15.25319522794267 0.75750728450911 -49.02118842813766 -2.602080107681767 -57.10915706297556 -80.23690700681792 0 -49.16925940882442 10.87864075941106 0 -58.23862412716696 -16.81905541549535 -26.68267404206998 -91.46411445999757 0 0 -24.22764882307941 -134.3064184454553 0 -25.94880315590681 -85.38569984263187 0 0 0 -97.85067831053118 -61.78967539480822 -88.9458011147119 0 -63.71634671656184 0 0 -8.994114880430292 -90.48390933349472 0 0 -23.00803408196082 0 -107.3189797857967 0 -50.76750958174921 -16.8370189168775 -95.23232935135431 0 0 0 0 0 -20.13282545240045 0 0 -28.0527901943394 0 -91.12277386090585 0 0 0 -24.05542946615739 0 0 0 0 0 0 0 0 -29.85162759638198 0 -16.8526198724879 0 0 0 0 0 0 0 0 0 0 0 0 -9.912304307460042 0 0 0 0 0 0 0 0 0 0 0 0 0 0 -1.413559129471622, 0.9596230393622847 -0.6955112921370663 -9.41154223460231 -8.536648178718474 -2.080109454390511 -12.32551813429146 -13.91835450031912 0 1.524330542251992 4.859435311805008 52.14859536797535 40.60690485760276 -12.67685373743744 54.44240702528526 44.10050982359659 0 25.29675925983236 59.36773491149155 117.995828987727 24.42901773847372 92.30870886047427 116.7342678754837 -55.59848666865076 0 1.078413728021133 96.28432814109016 152.1852416835357 34.11012606025138 0 23.32807949021631 104.6395552240415 0 21.98811562254772 50.15811633344981 2.599486068940543 78.4447060865654 -8.704224540206447 31.10015620399056 57.96980107763237 0 32.08409809154522 24.13385408759756 -0.1004626277265253 9.226327054026468 31.20138924403094 36.57694741035372 78.98559987939801 0 -0.7691009826777471 90.36772958686217 10.95838256546334 -50.44018663995986 16.65008695406047 43.35410347049829 40.84247151890449 0 41.43665647356792 74.92657972738463 75.94786749828376 162.419712054064 0 65.72897437185556 39.25436035662671 0 -1.061292549588242 40.98420580601251 216.4353358374044 40.51230184687941 75.53189871007385 85.32470519817697 91.27809421129828 0 -7.887587228396345 5.295379758346325 184.0153080490438 70.80185580073874 -27.08424539040021 243.6084076529872 12.60405615744877 0 60.19851371875262 176.3599428064745 15.10782702876364 80.86842165532674 50.73414640499263 -23.45485208703998 35.46881670267234 0 71.02485228849343 25.49759552186606 135.0561742667582 0 0 18.66606720238697 49.51610705585733 0 14.45018969722221 26.73535143252075 9.721362007548059 -31.51321670391864 -8.802982727814175 -7.73235111110176 -13.56750032332428 0 -8.680373140553433 28.93263790837352 0 1.544004740806351 -23.28444873974465 19.48166453799461 -134.9461297346342 0 0 -33.63578716796631 -117.5851608085041 0 -18.60143125077368 -4.6132059260843 0 0 0 -143.0825202865016 -6.16732837052475 -142.4511044940463 0 -100.1548077198974 0 0 -10.58886781571417 -102.4555737754549 0 0 1.58193217715643 0 -161.3170879484877 0 -78.1056943905818 -3.577698313975183 -163.0473509143604 0 0 0 0 0 -30.0414355792116 0 0 -37.59767563488963 0 -146.6377679430689 0 0 0 -44.45599848338715 0 0 0 0 0 0 0 0 -37.01482967586971 0 -30.30165549171072 0 0 0 0 0 0 0 0 0 0 0 0 -8.120671532670343 0 0 0 0 0 0 0 0 0 0 0 0 0 0 0.1949852878823477, 7.968318033248231 37.30148119213282 59.36786083783868 33.04391100863067 25.1309528963768 89.28381861243231 80.67420550180043 0 43.66258550069557 94.28088116663267 100.2317244691271 90.53338755157031 9.50249974560159 108.8174998367841 144.5385743893828 0 13.77417203142435 72.99005675692142 123.6913416514731 59.39347023264278 92.49503723722381 113.8334357779248 -32.60226413306491 0 -6.45871613755876 71.77784966898764 53.60288482708587 -32.38169758160429 0 -60.98630503481623 2.293587472568028 0 16.45534506308813 -19.98051434899062 -53.92091110853775 -22.42222338153714 -53.68107363303518 -50.28322024876499 -116.3146105559653 0 -27.51211192759505 -129.0613720058579 -72.36512580913789 -31.38033028237907 -30.41480525031502 -78.36229631084473 -43.11265836922162 0 2.325739179593082 -54.64962350069204 -67.74717965951874 -107.8229435269252 -33.0668541991036 -83.9218698167435 -95.94447778881211 0 -30.84837054137795 17.22637454305662 43.95166929337324 92.38815343566766 0 -7.335024239223074 -109.074044911477 0 -6.385786910991753 14.68045016180801 130.201144732632 -15.2812340974472 56.3198183779831 -27.29934729802271 123.1991477644289 0 -47.47903263626483 0.6909413205078039 65.73108986318753 24.35203427416323 9.833012887587557 183.9332241214479 5.878706787414323 0 52.32472598491451 182.0286640054909 -12.41343347481856 87.04906294182879 15.40952355362766 -33.92213530115708 31.19058393351604 0 78.0860080322137 50.26833800671767 131.9325185033615 0 0 6.719521159164611 122.3303718331074 0 9.679409508948483 19.75286814746084 6.543745697783885 2.698726831336035 -11.57584814910335 47.46628271079732 44.62781221381763 0 20.34998844321253 40.16630319915482 0 62.26483387338121 -23.06725733502881 51.47183700950085 -103.9414509234779 0 0 -27.81676371270392 -30.02620426146356 0 12.44077042132634 57.86757803417563 0 0 0 -137.0585730060175 62.21279077417018 -114.928266612907 0 -75.02882448078458 0 0 -8.737211010917427 -35.08719196243962 0 0 19.4759982847282 0 -168.5199796626762 0 -75.54493829347324 17.14234262253995 -129.5819400162123 0 0 0 0 0 -11.45704938920736 0 0 -49.1012913166773 0 -160.4213235560242 0 0 0 -34.58373858557341 0 0 0 0 0 0 0 0 -57.40586248655205 0 -35.22402116397632 0 0 0 0 0 0 0 0 0 0 0 0 -18.47621914990557 0 0 0 0 0 0 0 0 0 0 0 0 0 0 -1.179384036930325, 7.562692213121068 43.44701255515207 84.03705532298352 55.07910029368173 42.12480793182626 169.130573484902 167.4908355256064 0 90.20519142482934 197.3122477571502 146.6643297607961 145.3569722938896 41.44309848209049 172.6400914804445 274.3653699638247 0 5.950052694705832 120.9972974550557 140.5973618520754 105.2115014556728 93.75890670355831 112.554907483666 7.675000083861836 0 -14.2809390359519 58.78038639658969 3.368882366039422 -56.55118171849097 0 -132.5254890251008 -91.17728074065181 0 7.803062173191437 -108.9089635945746 -124.7515126148307 -148.74922796259 -78.5001306542823 -56.79038280840734 -276.692502889066 0 -61.94402770678182 -268.1419838405814 -157.7866981898696 -96.5698908718033 -100.1693855529831 -232.689399013932 -183.3720817452207 0 -1.848008344020885 -215.8888143654309 -117.1152264675679 -106.5300810491306 -89.40642926169511 -201.3023294152154 -250.0881742290411 0 -138.0083105201647 -73.26993965838221 -1.983035891968832 -36.55757851894757 0 -136.7623201148308 -283.3052975192843 0 3.514904269238691 -22.1457712055872 20.68162749201678 -98.76650595038504 11.48339704421593 -141.1105885638548 77.35041211446472 0 -76.72238055344626 -0.3538230236231747 -119.4091327502645 -15.05923832528331 24.46390919843806 31.65170752541425 -1.931318872262917 0 29.55729286449847 85.81040001082826 -53.34809526085789 40.42353891680359 -23.66708965306862 -5.919817918369489 48.27987295796306 0 51.40511107637454 14.38031616638409 64.65382209670555 0 0 3.381918384165161 115.2330860545247 0 -13.93065927878899 6.427382652378235 16.73584200442599 37.18554582235815 4.219659322333737 84.04990919517257 56.77406978407993 0 32.2774909518921 16.00566887337006 0 83.99624247676989 -18.56608193742274 53.25180545067293 -44.93807085378158 0 0 8.601199361304101 76.81099150591028 0 34.68445725204875 62.52038566501008 0 0 0 -95.98559903409196 98.42442787709786 -29.60615737846534 0 -25.2753756787034 0 0 0.8439528522629058 73.47005891790377 0 0 18.04905810447314 0 -121.7507333539738 0 -49.14940271036261 31.09708175355251 -13.99555873887753 0 0 0 0 0 24.99755088784785 0 0 -51.06179091448608 0 -108.3600405116377 0 0 0 3.660603357625722 0 0 0 0 0 0 0 0 -69.33796226598739 0 -20.83295935906947 0 0 0 0 0 0 0 0 0 0 0 0 -30.88419456543691 0 0 0 0 0 0 0 0 0 0 0 0 0 0 -4.821983897768439


GFLOW: 0.7999999999999999 0.0349607203756481 0.03466493931358186 0.04402086627490737 0.04360289273011583 2.99271625758052 2.992784532517066 2.973956665946896 2.974187374176846 -0.007540387184155193 -0.001339100674591097 -0.005850491926457244 0.001170906259193314
q-corrs 440.3179845287307 1840.090989666509 2549.023661717906 1168.906370056575 590.9923869871227 1579.35684310069 1037.891095240724 0 186.9983400888323 237.4191346397986 2.61181427207405 -54.73412138093886 -7.516807328214766 -132.291800367911 -252.0226851754458 0 -73.74444168767369 -357.6453234845798 -300.3090649704012 -124.4616644517507 -181.5615528508666 -298.3326382214321 -59.65672687216254 0 -77.88275329640763 -160.8942911615844 -358.8595246984034 -175.0178887083063 0 -178.357256624237 -232.6784450332312 0 -26.92030768961359 -89.7464012788756 -40.36526968752738 -104.0918854417469 -8.772286316121487 -108.925775033475 -102.5002436690258 0 -95.26652458417205 -147.2757834746694 -26.41032272526088 49.45941250066951 -51.09450950865322 20.86457186414777 -64.24397289893543 0 21.15988898361604 -15.13202534388433 54.96753908415388 -66.08692457420437 -3.95625244943742 -30.63305942693541 -36.13226850645714 0 50.9106371338476 6.434652708463523 21.88508073298598 64.79478039830254 0 58.85311691539547 -4.300170423538155 0 -1.952412308387119 95.60488458552786 98.07518700861449 -5.067372783078048 6.232294743068893 20.55232884628629 33.66972374922937 0 -13.90094276619789 34.17744870551913 97.97243805648289 76.72681992931908 -2.622783035252844 -40.33331261608717 30.2907008847629 0 56.1059711816017 49.16078929562448 -7.187048389408772 -25.32906932113922 27.30078794695367 47.68148777007519 -8.180389493806359 0 -48.11173881342178 -8.376916956731002 -4.816101797141748 0 0 15.53947933596188 -121.4458615698047 0 -9.673563718765115 -72.25648220812192 8.220589249398611 -41.58683404539312 36.19071526557713 -108.7599634297312 -67.52687036782602 0 -34.05981854793171 -42.54053129763294 0 -110.4979341422263 -25.3799475755194 -78.09040981119853 -160.6871650728359 0 0 36.36557843961972 -122.7265254840304 0 -84.3566239581092 -86.09843884284922 0 0 0 -88.48517421087288 -130.1779083404758 -112.477804977367 0 -89.30621319045164 0 0 9.219319602898008 -122.5628987002081 0 0 -27.23662455779706 0 -121.92254750802 0 -52.90048495991485 -37.33394025396041 -135.9317754173765 0 0 0 0 0 -35.16116052831445 0 0 -50.43797839151537 0 -152.6291703175951 0 0 0 -41.67576153621906 0 0 0 0 0 0 0 0 -89.99769173278709 0 -47.58595905725159 0 0 0 0 0 0 0 0 0 0 0 0 -51.54875078140067 0 0 0 0 0 0 0 0 0 0 0 0 0 0 -9.332983744715888, 304.2622295517283 1263.807713910774 1735.860753016045 786.5462445609867 390.3221237717116 1016.066094362552 641.7088751127711 0 92.50187466983428 75.84995463959569 -66.98933095764004 -101.2720989815367 -25.08897091133667 -146.9192682146937 -276.2716733676772 0 -63.70411876479621 -333.8444379227366 -262.5372790614407 -118.0731787215415 -153.255201196898 -254.228174273759 -71.41695114711865 0 -70.74175621196599 -121.0309210048602 -278.5902268317694 -145.6201749780496 0 -149.7729421946611 -169.594239013471 0 -9.794121225675188 -46.4178597065273 -28.1699439452258 -46.99410203404094 -4.618956776827817 -79.54303591850866 -56.76441954466706 0 -69.11341339933766 -88.45397972511711 26.60934457084477 39.95328795726414 -28.87787789155558 53.37479732591152 -16.31591357577444 0 10.59505761693561 22.98852481734902 51.5435305755136 -31.21528254029834 20.03456855439082 18.49882604816535 -5.198970458998083 0 66.45381897676471 2.734623658977413 28.47292469042188 70.94358082975268 0 66.77753364666667 44.81421258527 0 -0.5854134080584461 94.66453974229364 98.34799426320087 5.536816438476013 0.7569499708814442 34.98743187469864 10.97932434100294 0 -7.015778668786485 27.78497332491451 98.09098295544126 64.58124052514363 -17.9707448940533 -35.22960753838478 8.403704216967283 0 52.40181816465534 29.69209121845484 -2.267858706506473 -44.88646542514225 27.37417459639091 31.87301390539184 -36.9685015410604 0 -45.99926784478588 -58.24280245771959 -16.79163557673643 0 0 0.9824070066502415 -141.484957527859 0 -10.2001531803226 -55.78425267069817 -14.83961761931947 -56.5583055046779 24.71009149734417 -114.0843270320014 -88.87484816130805 0 -56.37262194509216 -39.82153534537759 0 -109.946599874188 -19.07038528119872 -84.57200373743061 -119.675284320757 0 0 20.36208747372908 -122.999151086008 0 -70.32258374411012 -104.7844693279151 0 0 0 -69.42431109247457 -122.4779734388103 -84.9205986790526 0 -66.21840659827026 0 0 4.786554015075783 -100.2569821691696 0 0 -30.74674057549897 0 -102.6556003360355 0 -42.42322780837181 -33.20631600652801 -103.9532536258473 0 0 0 0 0 -25.54010014623042 0 0 -44.12464062837779 0 -130.2146102553549 0 0 0 -32.36204672850715 0 0 0 0 0 0 0 0 -78.05722208754163 0 -40.94842583171967 0 0 0 0 0 0 0 0 0 0 0 0 -43.94839871598494 0 0 0 0 0 0 0 0 0 0 0 0 0 0 -7.712453348043073, 92.99616616194528 370.546237853001 479.1363019881388 198.0905314889089 86.03386527579089 170.2709828435817 53.1201684745832 0 -39.87730374016631 -139.7630752399372 -129.5007781868268 -137.0429607738202 -49.78311104562199 -141.0075243936694 -277.4176031405598 0 -32.58656040336382 -246.9622667971585 -155.8953876665746 -102.8500027996554 -80.57012646713501 -149.2782024503686 -102.6383693986945 0 -61.08082111661409 -36.55739358739646 -105.2972362415944 -70.00134432996376 0 -104.5805758285377 -33.41482705761911 0 16.08270366362743 18.28739211227452 -23.51175061788748 45.67419833540264 -4.362598249812667 -1.735954118196197 25.91747626042324 0 -9.296259846800066 6.201034786079646 93.99561730357152 10.57842012706032 11.6233183373247 81.30248854706261 59.91277749452409 0 -13.68783504550248 82.44410680694597 28.50611000209419 30.42063881493495 50.74421947274972 88.00060947724675 38.04065299440249 0 75.64399929502746 -18.08321954900001 32.35683413633659 57.35578544339361 0 60.90941515822751 107.0964401586358 0 4.000391210092579 78.74066794591735 71.61003397322695 19.30638800351391 -13.50534458383887 48.24494884659827 -33.09102740043657 0 5.165941400494749 15.0922690540712 80.64988096787775 34.88672202534297 -38.95732570917342 -40.28510957321129 -26.60893142783141 0 38.44997112413622 -11.6189532628847 3.769981050881881 -70.84018996491147 21.63707382417389 9.859660819266626 -79.79517954806359 0 -44.88561067737309 -127.820051822086 -40.86671930181132 0 0 -21.65304750192658 -160.3866978451983 0 -10.55375172031958 -39.46137844616391 -46.09599921412548 -82.45421210255387 6.917293420806637 -123.6246738865194 -114.1812408046335 0 -84.49250648066615 -34.62299073544356 0 -102.9575058436969 -14.64232152598704 -87.39759473012697 -79.83799671922304 0 0 -5.21221417290066 -129.1935731600264 0 -49.82329085489889 -126.9574009717691 0 0 0 -57.22890260046554 -105.4537998910129 -53.82458559869743 0 -42.28579982489759 0 0 -2.615501359511905 -70.48102864507302 0 0 -34.87111500216979 0 -86.56212574410908 0 -34.04025507505489 -26.14237979339068 -63.68877761819105 0 0 0 0 0 -12.17551218012302 0 0 -38.24116513916542 0 -104.7927686925213 0 0 0 -19.33983249665773 0 0 0 0 0 0 0 0 -64.19511205540174 0 -31.49395122382971 0 0 0 0 0 0 0 0 0 0 0 0 -34.35844808127369 0 0 0 0 0 0 0 0 0 0 0 0 0 0 -5.723271625721397, -0.802341959019941 -22.47423828986568 -66.49782778240058 -52.71418093736767 -36.73397472021236 -155.7300087202981 -161.1952679290798 0 -73.12863935361436 -172.4585718688127 -84.4472235487801 -91.512411263225 -52.14832463542061 -86.00167885911381 -199.8749715834435 0 5.4566166285397 -110.8494254143043 -24.78081972699463 -74.97877179948124 1.685146067254557 -30.35363901975502 -115.2297110468866 0 -45.63040413576795 38.76774605722086 62.1590838629827 20.65467877526996 0 -49.82585075893067 90.08259330121336 0 24.51785863404027 49.58138219704223 -22.96312868477999 93.5480401663056 -0.2936165917015927 83.7756203493785 95.73959661755399 0 49.44175462388859 74.50707861468339 96.11623195238235 -12.67636503464352 40.01303578052369 73.34462920152814 99.27951501901458 0 -27.17481298482909 113.5319063930029 25.92296133871083 71.53717056104148 52.76241088419093 115.5562829468127 68.56442268438776 0 62.76748556522976 -24.51740597294478 31.96151750370268 41.49606660145614 0 43.62354022123387 113.5787256715829 0 10.91701518697221 65.51225011510886 56.27552902233654 24.71111493041511 -9.734610351043463 58.6771772826814 -42.34235896986634 0 12.71118465884967 8.250166894971098 69.18706690166459 18.78623619888162 -38.93375261312738 -23.76510278777479 -26.28458239433569 0 22.90071313601297 -18.08465225431487 6.659260501372341 -49.30162167357313 18.84626698338558 2.459006090532066 -73.63109642448744 0 -34.06633227203776 -115.2121459450129 -32.69242464942072 0 0 -19.22421752728067 -124.9262031883259 0 -4.947214428386918 -34.52555918052839 -37.96739586487386 -84.66074508356569 -1.378958219105563 -111.3769506655365 -100.8687339397968 0 -73.77870443775707 -21.19286282067525 0 -80.91617317407088 -18.00523597736931 -64.34404835845592 -89.10469649252585 0 0 -17.45880142185145 -131.4803944474534 0 -38.03575873125079 -112.1455748115487 0 0 0 -70.90217987413294 -81.82501666101315 -56.66025867431667 0 -47.17735358582684 0 0 -6.508810098645974 -65.55297452794699 0 0 -30.93815392697387 0 -88.1314376034473 0 -38.08106920561346 -20.45000464751396 -59.49057315397 0 0 0 0 0 -10.12618924433314 0 0 -34.11193080666138 0 -92.3102458018104 0 0 0 -15.58844901987914 0 0 0 0 0 0 0 0 -52.05313128565736 0 -23.86981753884358 0 0 0 0 0 0 0 0 0 0 0 0 -26.21114209252329 0 0 0 0 0 0 0 0 0 0 0 0 0 0 -4.387744608843324, -11.54500563663545 -60.82397583401963 -107.250400874818 -63.45957173052329 -35.54183931769797 -129.3568126022943 -121.1827554325525 0 -44.33102739839001 -96.84576019048667 -14.46677585416077 -25.30842896939511 -34.07359585923339 -21.10055601773773 -84.0896430289054 0 23.98560353182407 1.703942650727157 59.77966417238135 -30.35962433932915 51.85072327217244 55.31394538262408 -79.71258402358427 0 -15.10986851580173 74.1087286500865 148.5569344279058 67.75709450784339 0 21.63222588169066 137.3747360789473 0 21.31022993104331 63.3965160956561 5.133385574700753 101.5476590045802 14.35469544385199 103.2875352043707 129.5032094671567 0 68.66905050310764 111.1120243033144 62.5307049487575 -0.3188676157703902 50.78046368759428 73.75637571476187 107.9127693205144 0 -14.79256916241753 122.0939816239037 57.23908322798788 58.29541973203823 39.32644169975875 109.5383060279866 96.32916702125755 0 55.68909895379943 24.57177098507835 46.48109646370263 84.21499632833263 0 49.16137728864586 93.20205492875084 0 11.35887649879182 64.26472522940459 113.3881298071397 35.45797585721976 28.04523872240599 87.45250078394635 3.567519715201719 0 10.6424662216588 5.388448065610508 111.1073540150161 33.0738971566685 -29.97124310558762 69.12375762304487 0.7674453576704083 0 26.7887674253544 46.53678380683893 13.840754595794 11.0315958655484 32.99941183639433 -6.338825757311144 -29.17531853172255 0 0.9706926829841023 -39.32440028869804 26.96983329794101 0 0 3.920265091725669 -47.68793726057785 0 6.047669815917795 -14.82823842137609 -7.874359290798088 -61.47200337657841 -4.223168324327804 -67.91553279090516 -59.87215496313939 0 -37.76749922419848 0.09918185458057849 0 -45.13352590597047 -18.70638995612241 -24.14679448529197 -101.9863825144471 0 0 -21.17732629524544 -119.5642777803293 0 -28.7076663880028 -65.25361121912421 0 0 0 -85.72127670152402 -49.75864254029902 -78.72885361430544 0 -62.62044532107677 0 0 -7.31824203875789 -75.36966571920124 0 0 -18.13862771425043 0 -94.86832156958133 0 -45.54120314866484 -14.0924520773332 -84.84467966163371 0 0 0 0 0 -16.83198739585775 0 0 -28.22682876590178 0 -89.87360539051339 0 0 0 -22.07712947650078 0 0 0 0 0 0 0 0 -37.04795059645764 0 -20.15157601466256 0 0 0 0 0 0 0 0 0 0 0 0 -16.08910193458603 0 0 0 0 0 0 0 0 0 0 0 0 0 0 -2.491747395876295, -1.007185391408228 -7.055900353594463 -14.88586720022077 -9.816298172551658 -2.512786519123511 -11.14323068259881 -13.36949503353176 0 -0.2518759104827311 0.2529971484530336 40.04548525150762 29.39076020054138 -10.44128737415033 33.84487342728863 23.59342550918583 0 20.9397975230726 48.95051053484078 85.02979120920877 12.39107472179149 64.16447456895773 84.53686512957702 -38.15612207366179 0 4.342246047336298 69.33036366039607 122.5161775633238 39.47983555252659 0 33.15182782567048 92.02405250595814 0 16.92213156072437 48.68408790592527 14.52151106113021 67.82697206685694 6.102120939735578 38.7806374665216 70.4678574662932 0 34.17323396258123 61.26471592601317 18.75341796303491 12.82420757243643 32.5773592657948 50.76980652915492 70.53691609445491 0 2.889209151586662 79.82718606942001 42.33179123825478 -7.609854863265451 17.20450445105646 53.87010179368785 68.56537920170302 0 41.18644848688737 66.40693429576021 54.74246623348802 124.5219944449453 0 53.2224237545453 48.79208963322304 0 2.069822599425218 50.29405648673642 155.3207820163993 37.0148119483113 57.80862186897264 83.06812767673722 64.19148859634618 0 -2.75694105075371 3.108376825469676 140.7805253110022 43.42218327562944 -14.28104094080729 157.6192754361965 19.05464329562466 0 39.40817530435511 123.8227493594522 16.5092100569564 60.03345777582513 41.20370824081138 -21.53541082379304 3.962145963904234 0 37.28094347422383 31.26936768719061 84.21769018378203 0 0 18.10580104864776 32.70922544536761 0 13.35718654131872 3.371325017929475 7.947497906484932 -35.63795712744684 -7.894037257886801 -20.09228965928925 -10.49847937768635 0 -3.308576545421588 17.67323990173547 0 -1.001147029880154 -18.96269505777947 13.19096741486006 -110.636204185895 0 0 -24.5803170525282 -94.41799038502259 0 -17.90035624903976 -7.134100225344624 0 0 0 -104.1133635679788 -7.515356553873431 -105.086889559454 0 -77.2113502831557 0 0 -7.597305744877046 -76.63147205283916 0 0 -1.053783128173845 0 -120.5702877283826 0 -58.16732632102874 -3.867912485071617 -121.1752311223661 0 0 0 0 0 -21.87617391634604 0 0 -32.18789296020142 0 -117.3043270698422 0 0 0 -33.56466166280851 0 0 0 0 0 0 0 0 -38.92830021969723 0 -26.85464847560284 0 0 0 0 0 0 0 0 0 0 0 0 -13.90437397841437 0 0 0 0 0 0 0 0 0 0 0 0 0 0 -1.381024265748636, 5.251024324090636 27.00454331839166 47.42998657944148 28.44602617111386 22.02716452947838 81.85753946689829 74.65169426475883 0 38.22927475071336 83.06867103803305 83.43649383528191 74.17558704913412 9.689088049895126 79.40719922350769 109.2700837709712 0 13.08982330823371 63.49758297844047 88.34637326782516 39.03422326757033 61.1243591769531 77.1569455418193 -21.04501053784025 0 -2.709885649545559 46.84119827913384 41.71318786615068 -15.5968490943314 0 -36.93982704633217 3.139498842804134 0 10.29112736384005 -11.46207961409926 -32.75065462238499 -12.79571736608451 -30.46886640836007 -30.91762736095978 -71.01235662131018 0 -18.22634105873209 -74.5751893750879 -40.04630672274257 -16.16345619308967 -19.25847073720296 -40.2482186215515 -25.69258146269793 0 5.311753547344745 -33.50524061974883 -32.25482114162089 -68.51290238385596 -20.23991512053693 -52.60165447708398 -50.73660091461235 0 -13.93746594689018 26.80879786884462 25.76371157890602 65.86116528963188 0 1.49856596502195 -63.23188646337345 0 -4.209911990712606 11.55687073391937 89.51005281105023 -2.491262626915503 42.16858560081414 -5.397377691464627 87.84431305551416 0 -29.64329899933175 -3.88623086778097 52.79165754024374 16.21944704248931 9.150532245156018 130.876355598194 15.71173976304636 0 30.7860099731836 122.9117988408671 -2.766808113322341 67.79523651996374 15.77143845155221 -25.34834018974786 18.5227892539905 0 48.82184991531361 50.21335668871126 84.55965904124345 0 0 12.75528720988817 86.33605216834829 0 8.804143611421864 6.404788303279869 12.09550139384843 -4.858089701785769 -8.137912634889396 23.48409276168582 31.53330107272966 0 20.12628674855837 23.86106074193856 0 41.55788568665056 -17.72674334557963 38.10558763358125 -89.91990558333822 0 0 -16.70616788048446 -31.83244695775092 0 1.829919094749808 39.21581880522236 0 0 0 -100.7191363109631 40.47494711148172 -91.16023199232707 0 -63.78849018951252 0 0 -5.035819446332036 -33.18758226513604 0 0 12.37864855138847 0 -124.8619004216407 0 -57.09959022509246 10.48665458839574 -105.1324157699956 0 0 0 0 0 -10.95139077704886 0 0 -37.35947425901347 0 -124.5539783889725 0 0 0 -28.90263824390261 0 0 0 0 0 0 0 0 -47.25754824553307 0 -29.20281319485384 0 0 0 0 0 0 0 0 0 0 0 0 -17.51062962245119 0 0 0 0 0 0 0 0 0 0 0 0 0 0 -1.678514776531462, 6.945154235220258 40.90789062576752 80.90285548611419 53.44128013224761 39.02605536376176 156.7523675243926 153.736772544127 0 77.36982954567333 170.4341583110665 125.0778836146144 120.8335087908879 34.40864511557329 129.0119120576125 208.0852185437063 0 8.076756108716436 96.25362293417371 97.9218991862156 68.49434531324434 58.82229054485 68.53196284414884 0.8086383254240577 0 -13.85356582865737 28.23867185538989 -19.5525539268119 -48.66865289109076 0 -113.5321497406512 -83.50567603386972 0 -0.7311897061914934 -92.20451181990647 -98.84441709217083 -115.4562000241293 -62.08776907392752 -54.14999746868097 -214.8952245055358 0 -56.24632391994686 -220.2262773353561 -116.3743036209992 -67.14210466066881 -81.06229571243014 -168.9383637021295 -141.9119053394545 0 0.5207202491076188 -166.0936022163054 -98.89598916846202 -94.05055938660485 -65.25354143854719 -160.7046341074765 -193.1528856650118 0 -98.82408433720511 -47.1449254772549 -14.97571087895263 -42.96382916232294 0 -94.9090377618994 -208.6950411171176 0 -0.3419737703487975 -35.96493412521015 -5.72121962970435 -64.646604226904 6.431859043256686 -110.1399769944379 59.66209603404835 0 -53.12593159822366 -10.56943253589083 -90.5090332141433 -16.8569551371939 18.97331540212279 30.64538699520692 -0.6878762119212745 0 12.2625970896026 53.04977041292049 -33.2256789974475 35.38299344655693 -20.50035258796489 -6.049156406563586 35.4655124390049 0 36.91929727191814 21.65604072306357 38.39605892381538 0 0 3.449778073030064 89.92254835885967 0 -7.691564987698653 0.8282627366820705 18.55688866590741 25.07208116176475 3.023848920344529 54.16858880643315 47.92207932064974 0 29.48535789971252 9.242983310627743 0 62.00650602693325 -14.75162115173363 42.6924474568558 -53.71292844211305 0 0 10.34703834896824 48.13860194773899 0 17.70727940977611 54.78599831157264 0 0 0 -76.13835867663673 70.90201497512123 -40.72763760589396 0 -34.04672979026467 0 0 2.586494600876537 39.15350262174556 0 0 16.14905987560372 0 -95.44886159972441 0 -41.26062039594375 21.57341699594313 -37.34919284590501 0 0 0 0 0 11.39703036242075 0 0 -35.85640659480842 0 -91.32376748079639 0 0 0 -6.669620602379531 0 0 0 0 0 0 0 0 -48.82441637010576 0 -19.940548902238 0 0 0 0 0 0 0 0 0 0 0 0 -21.07710406284342 0 0 0 0 0 0 0 0 0 0 0 0 0 0 -2.947444558337497


GFLOW: 0.8999999999999999 0.02880141514845117 0.028532026140864 0.03549972935075089 0.03513678359345611 2.994160532217869 2.994219447610505 2.978832909917363 2.979037617213277 -0.00722214107870668 -0.003004830827688413 -0.004073148545606768 0.0007033333381996055
q-corrs 292.1790281318929 1271.694036422532 1837.525391281952 880.6060252213972 468.770092785529 1322.276207847124 922.2870448821702 0 203.7979307525373 314.5516729451709 107.0324904035413 41.28793213541822 10.63379766023851 -46.07106698011184 -116.0931858454366 0 -45.07586945764682 -232.74672400448 -198.2347186881642 -86.00342942440666 -126.0365934402853 -216.4703643980213 -52.69162652961016 0 -65.76300601343804 -119.4674507772322 -274.8252376462373 -139.9196590961704 0 -153.5548562737146 -181.6906276467423 0 -19.25411238820236 -74.69027029397128 -40.27897899655049 -78.97505051042168 -16.85463371494165 -95.27809313969145 -100.5694530301768 0 -75.44538981225377 -122.6487525112807 -14.37360590997504 28.82730894303736 -42.13157718842747 13.67633472523541 -45.68960364877589 0 14.10717934180555 -16.91270165491267 22.50068154915477 -56.61441595437072 2.176566767464376 -23.51249442654337 -40.52136166878788 0 42.04112858871788 1.167059615744027 10.4725156548614 40.65389265297769 0 54.2246344897072 7.484253505553554 0 -3.475611708021572 61.47139516762883 68.07636368269294 3.078795423514426 4.09098087689382 12.45221327577637 26.81375833944367 0 -11.39892074042452 19.9100482876256 76.21036030841937 56.67316427767587 -3.320296391487222 -17.57384205052542 22.62354788540463 0 36.51629656610146 37.4710382724 -1.593196957506521 -14.2664421550374 22.37798689928758 32.18472605146549 -3.491484441553453 0 -32.87975608262819 -4.659894194641108 0.4890994996909512 0 0 10.99503728234882 -87.71543646013293 0 -4.257320777991161 -51.30157688871364 6.788252091037521 -28.37684264271577 24.33867279667887 -82.94805918056545 -46.37119909012676 0 -24.66016447613711 -28.23072501903036 0 -79.10249912528586 -21.14899056579066 -55.61436791428866 -127.4485865823026 0 0 26.01778964865341 -91.42871824823057 0 -62.63854745524021 -56.95791685323965 0 0 0 -80.54799166036705 -92.81053680657377 -92.61079802851592 0 -71.53863033967312 0 0 6.986099934806722 -93.44281872829362 0 0 -17.42764952189672 0 -111.7262721941095 0 -46.86939716622496 -26.65836632656773 -109.6523567723043 0 0 0 0 0 -27.55482059716869 0 0 -47.62208566060693 0 -133.1666677782412 0 0 0 -32.81759240143866 0 0 0 0 0 0 0 0 -82.07467084277991 0 -39.68570914291322 0 0 0 0 0 0 0 0 0 0 0 0 -46.12153352431596 0 0 0 0 0 0 0 0 0 0 0 0 0 0 -8.364927801545718, 210.1794300487771 910.5494341179864 1307.257970398155 620.9520036084928 326.7312901161517 905.7315313237646 616.1092904039986 0 122.9969015848363 168.569451789503 34.15054062896992 -11.3510668570105 -6.534553498019113 -69.58836658558263 -153.5434968767738 0 -40.01728636176668 -225.5154287409442 -177.8520032009145 -84.04202862309512 -108.1698445609976 -188.1410514255077 -60.20073194852461 0 -60.23386172525758 -91.68227339034519 -217.351064854162 -117.0900227467802 0 -129.4257838115361 -136.3376903434191 0 -7.636087718662829 -43.98871674639349 -29.48736249466169 -40.10738465914275 -11.6311264637637 -71.87488912563808 -65.40379435501967 0 -55.62203330800181 -78.37699804538133 20.75608316297104 22.80731262052003 -26.86454911522789 35.61036175430319 -14.31939767454951 0 6.911381001071804 6.882400555176286 23.192015124005 -29.29523564562207 17.1984413731739 9.834944466905789 -18.07833726157227 0 48.65186105806294 -3.777787216401905 15.21505442620831 42.14167788799227 0 53.75793415830627 34.46511610207719 0 -1.877738482449594 60.13821400314109 63.04202833335496 6.435699586807166 -1.434870380939414 18.88775802969108 7.911891125179334 0 -6.517725943677476 15.98231953046318 68.23957732066476 44.43624858169753 -13.80979165552543 -23.78405872599008 4.783662512028617 0 33.34174648497789 18.15106306212342 -0.1688058172833635 -31.07769102696614 19.38662421470672 21.20111135988824 -28.74266699424474 0 -34.46202948550645 -43.61876287431561 -14.80313988579949 0 0 -0.6446965960539703 -103.9412537732481 0 -6.035538125800789 -44.44506868827928 -11.51522645662203 -44.50200052807444 16.09137408321784 -93.8885960857389 -63.15656780575247 0 -41.24089281228783 -29.05122040282309 0 -81.57119874726931 -18.02202016830031 -61.93154039724093 -107.6458201906491 0 0 13.78642183587127 -100.7826295071974 0 -56.45853218047235 -73.35406549979635 0 0 0 -70.36598013826864 -91.62461492805167 -77.9346573397997 0 -60.08393689878644 0 0 3.468929814219893 -84.16535959053661 0 0 -21.19656659439144 0 -100.3723676553071 0 -41.26779014681178 -25.24083364261963 -92.29354569102014 0 0 0 0 0 -22.38026019093581 0 0 -43.40906797908922 0 -119.9197253361489 0 0 0 -27.65765234227202 0 0 0 0 0 0 0 0 -74.24569794359866 0 -35.72692810521691 0 0 0 0 0 0 0 0 0 0 0 0 -41.21095812381968 0 0 0 0 0 0 0 0 0 0 0 0 0 0 -7.333164577280987, 73.77732350488182 310.3785226151482 427.5898274875941 191.3110808730762 93.94571308641795 227.1621025200898 120.4379378635329 0 -3.427236007149249 -54.32480414570432 -61.63856663624171 -77.80772527892098 -33.05386304863348 -91.09412353796777 -191.4232006791169 0 -22.46892202681244 -180.8245101246553 -113.6881027818063 -75.5712628933146 -60.16920263704809 -115.7661976191652 -77.45417200669539 0 -49.36789424072445 -30.39811816615506 -87.59406936617096 -57.8877860967779 0 -82.96285253489073 -34.37288347664573 0 11.32696257625942 7.980039627962968 -17.24459713793178 28.67269953638829 -4.143572289779065 -9.350436565240596 6.425246988425052 0 -8.462993180750466 3.960150093710322 70.6008978604024 5.286671488141637 3.892513274864751 61.1575437566857 41.25759668955646 0 -9.062645468709253 49.8433458228966 21.12553492494055 25.34224570035699 38.63390703752974 65.84778444941378 23.64450078863727 0 51.70017641171751 -17.89827130907374 21.58429405480392 35.29241455020036 0 42.78224963923995 73.67964343437635 0 2.967629676684718 54.49951949042452 43.6465691055156 11.32874033138102 -12.28743827783635 29.48747726884639 -28.043431820834 0 3.386836575867022 9.28476807490091 48.9141307063575 18.96536722796374 -28.91674905620769 -42.33682904236988 -23.20301163161869 0 24.24756706689918 -18.43040213802983 2.005456325261818 -55.15746985802694 12.54925763407148 4.801658394665262 -70.75843406461814 0 -39.62683120385907 -99.27202532670989 -44.06496906772849 0 0 -18.35849460526026 -122.2997288826037 0 -8.512723263440986 -41.27872769380303 -37.93277036458069 -74.09261952841999 2.746709514821652 -113.4135242538122 -84.81826431920356 0 -63.33379770119667 -30.55252071129549 0 -80.94163387498675 -16.75279584045039 -67.27031520024418 -92.42206134241844 0 0 -6.594328253780276 -119.4881845662561 0 -47.59940599982643 -94.70892773033576 0 0 0 -64.47538129085592 -85.29883705247002 -61.14575901804321 0 -49.43359862217537 0 0 -2.580837370566147 -70.97262605992383 0 0 -26.17174965525849 0 -89.0210277944782 0 -36.69417495263279 -22.06763280932446 -69.34564832275467 0 0 0 0 0 -14.50482557258636 0 0 -37.93439427493767 0 -102.4851198684517 0 0 0 -19.96445843680485 0 0 0 0 0 0 0 0 -62.60509555106512 0 -29.40228173655316 0 0 0 0 0 0 0 0 0 0 0 0 -33.54324610306378 0 0 0 0 0 0 0 0 0 0 0 0 0 0 -5.760982151851467, 4.222399737956607 6.421142876065939 -13.48320426451006 -21.18517625423212 -17.2398516794892 -87.4828205288463 -101.3305805296606 0 -50.74666539267076 -124.9401008441592 -63.73346049660884 -70.83577939251913 -39.33916465005876 -66.49074956677116 -153.7379428401314 0 1.921709278176641 -89.58337406744954 -24.67043823570215 -54.30276724161392 -2.138971868177997 -26.73721496412915 -80.27175723915809 0 -32.14403357664912 27.19766615534402 44.12206696547979 13.71451608073171 0 -26.97821584306593 64.39373389578755 0 19.23568319651856 41.41598023191786 -6.351236010668735 72.2398141721747 6.298451098115525 60.50178230644936 76.18381943033539 0 39.67776277263042 74.42367501375118 79.15955585053922 -6.099824416116724 30.43938785964404 67.32686923479943 78.08034025711379 0 -17.24529880620904 82.92077385082715 36.63850663588597 66.21339452894712 42.52625277393214 98.65466461753471 66.27687734678415 0 46.66321760337433 -14.85689394872134 27.6612035647346 36.49080630974187 0 31.75891551995563 86.8152318703936 0 9.002085736483195 55.81756292628587 42.26556583054631 17.32901669632427 -6.854117580152245 48.63304448762477 -36.16075619144605 0 10.67943719510922 6.689337662053197 48.74033197016085 7.060311002471213 -29.6456287660703 -35.16992466766089 -23.22958092606034 0 16.51462308420535 -21.69913410844301 5.500916364281805 -43.56344133645688 12.80733378770249 -2.578732570255436 -77.42708651196712 0 -36.21254969050073 -91.34258302432605 -44.09585534560109 0 0 -16.65233468610028 -100.9127563001118 0 -5.191536098475844 -43.21381309570252 -35.60315284899592 -83.23118859874953 -3.683617966060211 -110.4096980093677 -77.57859604646089 0 -57.32096244897475 -24.26748299797314 0 -66.20922993431155 -19.71565195124294 -52.98993119455852 -102.4416233636974 0 0 -16.70885021211251 -125.006243550591 0 -40.8765033407369 -86.63043291436264 0 0 0 -72.32842459936151 -68.99938473538737 -62.12251950412802 0 -53.72614004154883 0 0 -5.740996039976121 -66.52186226656062 0 0 -24.07228805209648 0 -86.54288950950665 0 -38.55931879958607 -17.92116901827067 -65.38787749604681 0 0 0 0 0 -12.25188277843401 0 0 -32.96034319748453 0 -91.13287376132863 0 0 0 -17.20928509908027 0 0 0 0 0 0 0 0 -51.00882214133179 0 -23.81331014387071 0 0 0 0 0 0 0 0 0 0 0 0 -26.07488877103326 0 0 0 0 0 0 0 0 0 0 0 0 0 0 -4.408833025734666, -7.681703761616532 -41.31858259607469 -74.51234047100499 -45.25670309236439 -25.64056813613184 -95.90929168373412 -92.4482298415904 0 -35.01718616872489 -78.22678594905621 -16.10068340678151 -24.15047764968858 -26.57170653660274 -20.24316702603461 -69.05805919155627 0 16.58501776324302 -2.415988520475324 40.52650712184936 -22.00846483077848 36.43607923346227 40.78631843523733 -54.36479874534439 0 -7.700286222768797 55.83666164859014 116.0741218768624 54.49556271204365 0 30.60513286961408 108.5898613181485 0 17.8035812940179 57.15747398271176 16.63072179712226 83.94094596740652 19.57014195336452 82.47906084640603 113.5082421004306 0 58.02845889425506 113.0679844554156 59.10231651564675 5.25004289269445 43.67995142358497 73.73663549855816 90.31608234343039 0 -8.340061126718421 99.34826022858664 67.62772536028528 62.95383546199021 33.81523838249867 100.9878243832986 101.448084302495 0 47.85126837960662 26.3034944052884 39.92798580145214 74.5580665065915 0 40.79257480861673 83.4127722493146 0 9.808747529662053 63.32830191162243 87.81174907021754 29.88576299634286 23.16197254638394 79.97793720106344 -0.3981300736730482 0 10.77707906806852 6.082509684368073 88.89775219070154 18.28662874668513 -20.88859451476637 34.29283100587814 0.8601384831745866 0 20.36057328351712 30.46683211069524 13.04950105215295 2.271881219358852 26.34353248475491 -9.696375007911517 -46.78971980884246 0 -12.04121886879308 -29.81926109290445 1.900296685080363 0 0 2.006017713106274 -43.93246471847989 0 4.136517067874802 -29.46748790782314 -12.5977052331103 -64.58233563720793 -5.565104770417277 -74.65195498630794 -46.80990868368598 0 -30.00964008466573 -7.324892209317383 0 -38.3293235994726 -19.26236529447662 -23.06819175618895 -104.6668173292192 0 0 -18.79198942133189 -109.0304222311943 0 -31.18886900452242 -51.79670485622407 0 0 0 -77.65174748669764 -42.78697970817404 -71.86349235496066 0 -60.14285650714419 0 0 -6.139134379128869 -66.60745118209765 0 0 -14.61509624140042 0 -86.33942188628131 0 -41.34865930445955 -12.21189691983393 -77.20654956972928 0 0 0 0 0 -14.92324139103135 0 0 -27.60787830939558 0 -85.77526059117628 0 0 0 -20.30969418159601 0 0 0 0 0 0 0 0 -39.13240800476202 0 -20.68543209357716 0 0 0 0 0 0 0 0 0 0 0 0 -18.33526885448057 0 0 0 0 0 0 0 0 0 0 0 0 0 0 -2.913455893155944, -1.411840085619342 -7.63712083094471 -13.80303167962168 -8.472216690248363 -1.936535904296535 -8.29765683635047 -10.74784364988062 0 -0.6269384417059634 -1.03347001982301 30.48418577667863 21.55271943193535 -8.275807194694234 22.42903096225613 13.84627347588309 0 16.55598745750499 38.92051372519245 62.53463634972803 7.391994913676326 46.2432335425985 63.04760333643554 -25.85645826714783 0 5.730275546865094 52.04883461932261 99.56445925816266 37.93510935275901 0 37.35762136656087 78.21879054753808 0 13.73888031631505 45.00209376057335 21.12381312374784 58.94755605445064 13.45416379678957 39.10338699036823 72.5684721078555 0 33.47321128617739 75.95254751139902 27.20197057662355 14.78474119418675 31.08751313725909 56.4748416811652 63.0107965749592 0 4.031869255242203 71.23251198977445 56.26972244441708 14.33568068004678 16.87743379212963 58.29391581332372 81.25051835234453 0 40.57352012726857 57.71489717242154 42.1643094781159 100.5376462563518 0 46.82470707041976 54.19982214439514 0 3.213884134659091 52.59212368723784 115.6867333356548 33.3196513868567 45.48210453030884 78.8611303971435 46.8480470971335 0 1.336805198344587 3.299091390652432 111.5459135098275 27.28114826262718 -7.303933092589502 104.3686491894806 20.35328097406199 0 26.69263328915348 87.93889737848346 15.97273878144848 44.0345122621756 33.94523231280471 -19.11853960443513 -13.39741305420459 0 16.7520002930391 28.66468894563625 49.90284350120154 0 0 15.78731286443894 18.03363539460254 0 11.07693344924521 -11.03750016119959 5.079563238646823 -37.35047185509089 -7.319265187688869 -30.80624502120703 -9.373465864760629 0 -1.942217064601776 9.066638185303031 0 -4.686149562649259 -17.14321211537458 6.765497094993359 -98.42852718712138 0 0 -18.64858188046177 -80.45419730130698 0 -19.32610470289789 -8.564563390290708 0 0 0 -83.11001630179999 -9.917145405281254 -83.47022424598477 0 -64.08806405382688 0 0 -5.61223234024874 -61.30577814016257 0 0 -2.198373009941411 0 -96.80712980340485 0 -46.48151977570629 -4.142664465226531 -95.51260938829446 0 0 0 0 0 -16.94194220815317 0 0 -28.23339641711669 0 -97.63147320064074 0 0 0 -26.48600927407529 0 0 0 0 0 0 0 0 -37.60976465547653 0 -23.5902947201869 0 0 0 0 0 0 0 0 0 0 0 0 -15.64666697683698 0 0 0 0 0 0 0 0 0 0 0 0 0 0 -2.007916540694737, 3.915638512997369 21.65480618368365 40.37308523309497 25.16042433804958 19.56526477228966 73.68778481352966 67.32784719888784 0 32.99962321308844 72.10631891805872 69.15697588918873 60.74868757391385 9.092329657937835 59.92199693398856 84.71399434674458 0 11.38455646505786 53.00125703488202 64.5640433587061 27.02974066882789 42.05496443215851 53.98870627424244 -13.47443818131583 0 -1.013464736212793 31.65321760150683 32.0875690397776 -7.142289455466493 0 -22.02622299609304 3.355913636134698 0 6.630196747591126 -6.321830725840609 -19.18528760335064 -6.578702843528735 -17.10353942043767 -19.52556544168122 -42.63064010072924 0 -11.94997160263944 -42.73634540851332 -22.10191987833316 -6.845688140274598 -11.81978300654732 -18.09736639368294 -14.76431636130969 0 5.785798733343455 -18.03339374508988 -11.45284001458292 -43.91813948714703 -13.09551812885106 -32.37009728380119 -22.33816473749194 0 -1.840283301457838 27.74878831397125 15.29420314203705 49.00129970958139 0 8.782915338087134 -34.75143367628121 0 -2.907479443701979 11.02900347921602 62.56892967143111 4.878628305583598 32.75800305205001 7.384744263574728 65.38836755189297 0 -19.18834418589844 -5.743694648533591 44.28439375868749 9.465895919939488 8.308665954120469 93.57867605540115 18.70526558895888 0 18.06693570534316 85.83010630335821 2.195484179248142 53.08924849405 14.98976949939131 -20.15581937185044 7.020103987763957 0 29.39854837501286 44.64305887514319 53.92070952347964 0 0 13.45270362923769 59.71599198139664 0 8.054992125404834 -3.859084287948406 12.59769695270775 -9.649591608955788 -6.422446211862915 5.789183356667998 22.63531655789695 0 17.09446602138161 14.24882136188089 0 26.71543234942499 -15.34527864306433 26.7724550657263 -81.81626565518431 0 0 -10.26394446393531 -31.84186744376495 0 -4.928225324886521 27.3600571586278 0 0 0 -79.67022981073696 25.1908764889886 -74.77993867648458 0 -55.34339138315622 0 0 -2.853123764417863 -30.77106500139389 0 0 8.269544765594778 0 -97.55674912613989 0 -45.33183045526528 6.167514157881071 -86.2974490110371 0 0 0 0 0 -10.04329128245056 0 0 -29.66892143680842 0 -99.63081783573998 0 0 0 -23.92841396504653 0 0 0 0 0 0 0 0 -39.35157596942254 0 -24.22240070958154 0 0 0 0 0 0 0 0 0 0 0 0 -15.76739092859111 0 0 0 0 0 0 0 0 0 0 0 0 0 0 -1.774613279947606, 6.355683591596843 37.69873734923709 74.73127391381058 49.17646919510334 35.21907385729319 139.9519193574646 135.7108553668933 0 65.15632303579089 144.0173151391962 104.648143790588 99.0067122725892 28.17090427547625 97.91875001730095 159.0791081893546 0 7.902775164433816 74.71686201101596 68.81392588181751 45.75289543556634 37.465990649029 41.33510938995729 -2.151215723711323 0 -13.03951204364045 11.46010728280512 -30.10099200185823 -41.69577811832997 0 -95.19370911504097 -73.32807492829444 0 -4.525696127566007 -76.19034093769237 -78.33891726639177 -90.49118682355359 -49.37088620306926 -49.88239619849466 -167.3881632642475 0 -49.83456648538136 -179.9456742973402 -87.85139302309767 -46.77770066936833 -64.15708165572951 -125.4731031407381 -110.8268507243643 0 1.027232538706633 -126.3738372966465 -83.614131949005 -82.05498798607658 -49.88053447948568 -130.2682723205072 -150.7795714411299 0 -69.32974635887227 -33.08180496915083 -21.31843939004451 -43.79795108982979 0 -65.28766077507537 -155.91701557794 0 -2.55212439120282 -40.83130428198982 -20.20239660768752 -41.90564636487305 3.034511481139484 -85.24063273665772 47.04383418177796 0 -39.55434929095296 -16.35613040879022 -69.00886735528735 -18.28804287837433 14.65568296195578 25.37749299628546 1.365485327768718 0 2.472865107179473 34.06844096983765 -20.6671701162289 31.08271127484692 -15.87687690532642 -7.44400022132179 21.8571675206648 0 25.37081927558557 23.10486793689024 22.52090537039653 0 0 3.585906959198123 68.27652180905318 0 -3.470188789019694 -5.097414540502157 17.31718353144521 15.30054642019721 1.257108440714877 31.39378678218934 38.99731575006289 0 24.98851773599024 5.481605965549704 0 44.51379617446688 -13.17241758743179 32.56068439863907 -57.79629030206763 0 0 9.726229102868318 27.62977315640589 0 6.838337791120071 45.27135816626601 0 0 0 -63.78055229166219 49.61721124687111 -43.78896745541844 0 -36.6186429483736 0 0 3.041981652038429 17.97276960252846 0 0 13.42563800196468 0 -77.3594126701496 0 -35.09207355149564 14.62578757585752 -45.20510458707555 0 0 0 0 0 3.845699222254453 0 0 -26.46727083945775 0 -76.36695734105395 0 0 0 -10.60956150570653 0 0 0 0 0 0 0 0 -35.79496515951494 0 -17.63858054329342 0 0 0 0 0 0 0 0 0 0 0 0 -15.0031203899499 0 0 0 0 0 0 0 0 0 0 0 0 0 0 -1.906042000512183


GFLOW: 0.9999999999999999 0.02420424790907121 0.02395527887347392 0.02930777525298857 0.02898367915165644 2.995195238730756 2.995247678111809 2.982397298679556 2.982583183683668 -0.006886437252164425 -0.004057202005128778 -0.002916522382286452 0.0002911222092210739
q-corrs 202.5261694418431 910.8320782281558 1361.302673495995 675.6288639661602 374.1469414351068 1099.497025835629 801.4362787510449 0 201.2977676676605 341.9280909785233 159.9473750916046 95.99592752730516 22.8558237464969 10.02606012455095 -20.92996877274257 0 -25.87827964907395 -140.174682919919 -124.4534079131871 -55.825553328563 -84.89758895204136 -152.5514755885279 -42.39963818111587 0 -52.69432773333808 -87.69388483275031 -208.4141711455009 -109.6458045568315 0 -128.1729679757506 -141.2262778356687 0 -13.97764766041236 -61.60239515987612 -37.39489892377959 -61.54082926456502 -20.00502026500994 -80.95628051054035 -92.34610017789976 0 -60.48019284808544 -102.5407679929675 -8.989179951940859 16.24798679569718 -34.81405757702206 5.909471444790197 -35.62002726862914 0 9.612811788187965 -19.22853446006491 2.099657755530965 -49.58735539323625 3.387949838599607 -22.54145281322684 -43.24846560433225 0 31.84953631499609 -1.947614185434931 2.534312058880953 22.76476077216297 0 45.07166210077101 8.297227660697082 0 -4.331553339297145 36.35348435031307 44.26521771524871 5.388059317628501 1.813065621662211 3.792973780717798 21.99400979938358 0 -10.03599221223322 10.41160276020144 55.80686850509578 40.7823771029994 -2.918525763543076 -5.601258467389592 16.86828964592408 0 23.35661070180432 28.21295431510983 0.7745372742710064 -6.816103925586122 17.25020257990378 21.22723390881212 -2.098111142983587 0 -22.54464319489446 -2.214131077506686 2.550853746964464 0 0 7.918030018613079 -63.0037028693926 0 -1.065014970474863 -38.18688745603104 5.456580087743051 -21.57320405132352 16.08927455925171 -64.64610031178115 -32.41878881092333 0 -17.88705618971479 -18.84732073031929 0 -57.09793578238104 -18.21171070947791 -39.8168196195662 -104.9671433744031 0 0 17.90249916021822 -71.4822578754403 0 -47.51225065599333 -38.7324007499115 0 0 0 -73.81825172795197 -66.86858075530674 -78.56747095451905 0 -59.74348373258394 0 0 4.989359769871882 -72.90117275426449 0 0 -11.52993276153462 0 -102.9795888158514 0 -42.45462463478397 -19.21372899353456 -91.99551568838123 0 0 0 0 0 -21.73903656686056 0 0 -44.55912175410719 0 -119.4519160810131 0 0 0 -27.10082139810847 0 0 0 0 0 0 0 0 -75.32216152141768 0 -34.62653184773938 0 0 0 0 0 0 0 0 0 0 0 0 -41.82613155858909 0 0 0 0 0 0 0 0 0 0 0 0 0 0 -7.580132530366373, 150.4434550652415 674.1282829858797 1002.504123628802 494.1777836843009 271.6060206575394 788.4128994996483 564.9023107614531 0 134.0997193404996 215.6963478885162 91.45929945083259 44.28823611412609 6.947735411633326 -16.78669833205905 -63.71099055234639 0 -23.89980929864912 -143.5295771606857 -115.4699168073028 -56.8192395300118 -74.35327233338785 -135.3606931812903 -47.70952267568935 0 -48.70666359716266 -68.4274090870387 -167.3425227450585 -92.31721724649728 0 -108.5598600299469 -108.2199603415827 0 -5.881537880451815 -39.23672209853044 -28.21857853881507 -34.12721554710782 -14.6738682826158 -62.04262036021738 -64.57877417245867 0 -45.00069465694332 -68.19842576514711 15.25765245731676 12.43454055242229 -23.72402665231272 21.71869191119039 -13.71705777452565 0 4.589391182322288 -2.82668507711746 5.559294197492202 -27.40875366107053 13.42123415097594 2.042888558623369 -25.14938611540807 0 34.54974773590749 -6.47719077119945 6.674625629007332 23.20591034669679 0 41.34778814957782 24.24787580539141 0 -2.640760643577887 36.11149349343857 38.66776130308329 5.782278047351794 -2.980698522915548 7.580481565350791 6.175404657027235 0 -6.466810864381898 8.063871331049516 46.16630696343827 29.77200983912638 -10.47525507048235 -16.57903638158261 2.709056492222408 0 21.06257075834034 10.72671235583098 0.7693046591071138 -21.31280420580343 13.68155601263675 12.98148194041186 -24.57076238422151 0 -26.26880824565473 -32.80821117707427 -13.73847070580019 0 0 -1.16826758390449 -76.97834936150724 0 -3.370684041082523 -36.92952948935586 -9.4126289410477 -37.41353943987382 9.865808858121998 -78.43580662453931 -45.68450301634054 0 -30.44898042618077 -21.72819752929182 0 -61.12264049709901 -16.97458634192304 -45.88771073213952 -97.23370956777738 0 0 8.395075212881999 -84.67892382179926 0 -45.94412732807927 -52.47482290326766 0 0 0 -68.65218871327821 -69.04346781314402 -71.0772230045981 0 -54.70226584170022 0 0 2.211259834916385 -70.64876653817782 0 0 -14.97303637155704 0 -95.96349312330108 0 -39.43333275426401 -19.19246221175144 -82.64964061111772 0 0 0 0 0 -19.12459666560839 0 0 -41.51505852943524 0 -110.9863152786881 0 0 0 -24.20437406822284 0 0 0 0 0 0 0 0 -69.69087808990548 0 -32.03644151738786 0 0 0 0 0 0 0 0 0 0 0 0 -38.3374273841518 0 0 0 0 0 0 0 0 0 0 0 0 0 0 -6.860165578104478, 58.84550735966198 258.028341860052 372.4440861939765 176.0610740110302 92.98475924922163 248.6471117233073 156.1577282179763 0 20.46060121522251 5.353252483814163 -14.27553748356792 -34.02685573856714 -19.47862913362815 -52.9435472878049 -122.5077431123688 0 -14.84189761036466 -127.4729906298701 -80.09506501927309 -54.17146442034328 -43.85683342990861 -87.33828424577875 -58.01821224394921 0 -38.95757091106662 -24.25397928439355 -70.59610178594015 -46.5468529006644 0 -65.78454618068081 -31.14450370312176 0 8.240293501530529 2.721605640257209 -13.2183081240269 18.31163289175901 -4.134808174082554 -11.6605979922012 -2.683484016036942 0 -7.243728359835107 2.747211276606766 53.29219231618475 2.43182414530322 0.6051943049692969 45.5174225987539 29.06443578927389 0 -6.153904696889194 31.11640889366746 14.95276418861962 20.1100472292581 29.32663543828389 49.1282630418188 15.26670646019051 0 35.92667200907231 -15.25784832017105 14.78762788071826 22.3120638064054 0 29.89598223881073 51.7593945542223 0 2.068046922233926 37.40875487138346 26.32465323889068 7.112648308408254 -10.87163684294823 18.60844808553914 -23.51648611913711 0 1.690606040615117 4.92692885631689 29.48996203965805 8.59441816256826 -21.89474099681282 -40.06499643393867 -19.44929189126956 0 15.57085714446007 -20.75319078310476 1.282525265985363 -43.53509185727938 7.620708246937471 -0.1019985874905602 -64.27586336038674 0 -34.9569134151704 -78.00369192794555 -44.50281079296292 0 0 -14.99449722879642 -95.49851314998685 0 -7.011266237834141 -41.02888130699709 -32.22683617490543 -67.26876236949722 -0.5335907299117322 -103.5186144799347 -64.19826360688694 0 -48.17200164424884 -27.25712536873696 0 -64.68011415184968 -17.52128430273346 -52.8947927141388 -96.08592616457727 0 0 -7.945760342104357 -109.2857386754571 0 -44.37499022396382 -71.84029819907596 0 0 0 -66.51992325567792 -69.41170467464153 -62.81607004507811 0 -51.55816083958978 0 0 -2.672854840748558 -67.5840610462519 0 0 -19.90158958468609 0 -87.68406116509298 0 -36.97198296116545 -18.4036405547364 -69.90565705029948 0 0 0 0 0 -14.86455984712007 0 0 -36.57635754860174 0 -98.16177788958262 0 0 0 -19.6394189113517 0 0 0 0 0 0 0 0 -59.67685819308693 0 -27.42679136132782 0 0 0 0 0 0 0 0 0 0 0 0 -31.92289776991435 0 0 0 0 0 0 0 0 0 0 0 0 0 0 -5.55706692699144, 6.688122471205588 22.35161186594038 18.32723424420544 -0.8790987507571755 -4.034133826710407 -38.56287817350137 -56.08028198668055 0 -32.73639995842225 -85.03235750350572 -43.87248285531891 -51.09062778306676 -28.87111348141385 -49.20989939801881 -114.835517953964 0 0.4302595283626154 -69.86031351241415 -21.38649620059817 -39.52426265568419 -3.439214391490779 -22.14685539233022 -56.74657625854738 0 -22.87869070816511 19.61459213607906 32.49169736487779 9.728827297558269 0 -13.27400701147136 47.56576717405461 0 15.40631710806983 34.95381750815743 2.577414034876711 56.95029852268109 9.123177887236892 44.87519189623774 62.24532662365157 0 32.33486167900914 70.22785837899224 65.3743461459559 -1.863642277522342 24.48059670350855 59.97141340881771 62.99051188453787 0 -11.18222933243582 63.73512762231543 39.27318250304725 58.63439047761405 34.51879625730577 83.94635809897888 62.73931760779404 0 36.26149506786592 -7.477713374097343 24.30755607786186 33.28895907502398 0 23.85679260126234 69.41406871032035 0 7.32025072407234 47.11290771088138 32.89193777072797 13.12531737659548 -4.827815986651203 42.18632344814719 -30.7438677964917 0 9.05754309558445 5.378844300056937 35.550660707339 0.07837463833178582 -22.92446217851683 -37.91886564514628 -19.5208117191758 0 12.30733086356696 -22.86557736300968 4.732444595667603 -38.29731250204004 9.517084952401685 -6.599337105814545 -76.23445435541269 0 -35.84712658863276 -73.99149993683233 -49.31308306321118 0 0 -13.87368705184671 -84.01973108539067 0 -5.440766390776933 -46.11637667485165 -33.19611371771674 -79.09157872484647 -5.526065198662883 -106.8130578706979 -61.00935733018715 0 -45.29450055329351 -25.44426377659509 0 -55.7585794153144 -20.0754274002618 -44.71401038296766 -106.2789685867443 0 0 -16.13985902656146 -117.3284963140714 0 -41.43969412570691 -68.30452285390179 0 0 0 -71.19694558091001 -59.18803407634043 -63.33235858996225 0 -55.51184218910844 0 0 -5.204420979035031 -65.11321228410135 0 0 -19.03885870816151 0 -83.5164086087953 0 -37.67964818953014 -15.70092641524529 -66.71198693892347 0 0 0 0 0 -13.08671536055416 0 0 -31.52375905222513 0 -87.85741543670414 0 0 0 -17.59542892087958 0 0 0 0 0 0 0 0 -48.96219349069914 0 -23.00166432234157 0 0 0 0 0 0 0 0 0 0 0 0 -25.151767676449 0 0 0 0 0 0 0 0 0 0 0 0 0 0 -4.270326938953682, -4.872262700899618 -27.01635842491881 -50.25230676507891 -31.51291926089137 -18.03636843598004 -69.66650891320199 -69.13695673334898 0 -27.11248360121061 -61.73292938730299 -15.20804874027576 -21.24581126087138 -20.58753702986198 -17.87016783998407 -55.58673263093414 0 11.50127729674876 -4.364631657091692 27.87727112820285 -15.84032125359198 26.09853407273871 30.6043905355026 -37.2991627840662 0 -3.266788168613889 42.95804788675875 91.98024506969307 43.8468923188457 0 34.07873657504948 86.50065375196868 0 15.19369067627608 50.8771165080961 22.22602896970633 70.21986185275139 21.21158232939795 66.06191231947838 98.69426908754396 0 49.1250322183181 107.9111392808215 54.51035182355728 8.274157529701272 37.7610701670195 70.34911879089266 76.92290744256438 0 -4.707389669392602 82.89930753890029 68.691969560687 61.47323973161769 29.48607652518791 92.00992922812475 99.8071643888492 0 41.94809366634913 26.4075498092484 35.11690563942738 67.05427327133748 0 34.8591624510055 76.03191706890394 0 8.294164277593469 59.18178049638291 70.13789016665174 25.47020479478642 19.17939622108096 73.07539742181532 -2.814189199333217 0 10.98623852094194 6.773897527719702 72.40423462282072 9.70578468426201 -15.13862498502229 14.79050061481008 1.058582546401504 0 15.84630295966316 18.79126266637301 11.81978797548222 -3.336694705702769 21.70900287203101 -11.33051740566727 -53.65703761998298 0 -18.82481375830574 -24.97865962424141 -13.63257750614522 0 0 0.9526231744266966 -41.9536908474856 0 2.20236488443825 -36.18882959030899 -15.16944335190021 -63.82248846569371 -6.430507406444419 -77.7909208142473 -38.11579083140033 0 -24.7843881904065 -12.08852523362539 0 -34.37038723406685 -19.10864146899761 -22.47139934214269 -103.4636582700243 0 0 -16.91585499257697 -100.8742119927874 0 -32.60571068224393 -42.58783297407312 0 0 0 -71.59189652246567 -38.40367244150957 -66.55903837990726 0 -57.20155559522436 0 0 -5.290713222572959 -60.8555771685562 0 0 -12.08857141573206 0 -79.640046614147 0 -37.92005664454985 -10.90881191729446 -71.08600376346581 0 0 0 0 0 -13.69692040824503 0 0 -26.48746790176091 0 -80.7327127639083 0 0 0 -18.7500434117265 0 0 0 0 0 0 0 0 -38.7795095788338 0 -20.08804340262454 0 0 0 0 0 0 0 0 0 0 0 0 -18.73044264282828 0 0 0 0 0 0 0 0 0 0 0 0 0 0 -3.013162507560809, -1.225772879875482 -6.14318957264326 -10.51047960473852 -6.304829481661792 -1.112563741502963 -5.082336741394524 -7.494033656739647 0 -0.3470818860713027 -0.6855822102688798 23.35044432473639 16.21693885933227 -6.267529786918628 15.85487547899311 9.439530637364655 0 12.8263322755873 30.91334479257749 46.90101976273596 5.390316203171603 34.31607587579668 48.24527959185095 -17.14807541602667 0 6.253628141662663 40.25804566290766 81.38638108075685 33.84731816983287 0 37.7645081043364 65.46966485146149 0 11.53265591538533 40.59708697111848 23.74950191788176 51.16525030557311 16.37018248215588 36.10672156137063 69.17100407096926 0 31.10908722085857 78.69944360709516 30.24375947593745 15.17141645608619 28.52598660808906 56.69001093920764 56.07950632815832 0 4.074636606955451 63.43738521903094 59.78172970059769 24.82679002834453 16.12294990033433 58.51374546119673 84.23043098797234 0 38.69699135333643 49.61720276035872 34.07126067703846 83.57985899268645 0 41.91266544158708 56.02355117000456 0 3.460941378604463 50.87140770881924 88.80195401664663 29.66351642093483 36.26131852650912 73.11720744335385 34.60091527487774 0 4.149832654156862 4.088065779062052 90.57647857952908 17.43310865622243 -3.703978409433302 70.15270434087222 19.07957896630753 0 18.76212378892631 62.88024295887739 14.73082079309351 31.70602869080001 28.28893895777 -16.69232183635621 -22.91615004774977 0 4.152473173072055 23.17460803457664 26.62357114050435 0 0 13.01910922066012 6.526261815443596 0 8.680632363166186 -19.5661658817032 2.121641601085729 -37.98088547568769 -6.84078632478248 -38.67758557851887 -9.263986155452447 0 -2.303414031029454 2.707950485005389 0 -8.115575241957105 -16.19792236175488 1.377486037590211 -91.06352109723035 0 0 -14.78112466837532 -71.94777332480591 0 -20.90206411110266 -9.672865615874187 0 0 0 -70.67275375664002 -12.36187269153475 -70.02276653573195 0 -55.81700070097551 0 0 -4.321267356033749 -52.07256163478026 0 0 -2.769523211639098 0 -81.76225703823822 0 -39.08738971284967 -4.436563055653396 -78.94190248461071 0 0 0 0 0 -13.94105495592333 0 0 -25.19475819129354 0 -83.74946933849563 0 0 0 -21.74422880559847 0 0 0 0 0 0 0 0 -35.21609166644966 0 -20.78478840169503 0 0 0 0 0 0 0 0 0 0 0 0 -15.68232245721284 0 0 0 0 0 0 0 0 0 0 0 0 0 0 -2.207759763723529, 3.212907541376183 18.51309825445233 35.49370966343559 22.46505577905205 17.37018816941539 65.49876124279345 59.79783637246308 0 28.32510912385814 62.15916239115968 57.3430144758235 49.98129281837299 8.296330169119392 46.53498147636282 67.30363537583165 0 9.523486116588868 43.81459647385941 48.32684961966856 19.67587640488252 29.98673703953035 39.02734054505806 -8.432689083826489 0 -0.08245730972430465 22.05691245958598 24.6306856887516 -2.90878648115888 0 -12.94073084320861 3.185525999920094 0 4.412988475096082 -3.153531729037686 -10.99404865523275 -2.889244928363956 -9.501038641419932 -12.81371270876051 -25.13373391047984 0 -7.901405008082648 -24.15483269572951 -11.88022204408157 -1.516514840334262 -6.852399083581329 -5.681821310772634 -7.914605101993155 0 5.255590568038653 -7.72261744553659 -0.4524753197975642 -28.50653239679801 -8.767214157237497 -19.51376147607194 -5.62409349087558 0 5.501694493549243 25.3519074054962 9.257038767539179 37.63240500952264 0 13.07571621075685 -16.79599658800077 0 -2.125993235753578 10.56039329864188 44.20268882388552 8.79502237550545 25.65190322293796 13.91100081479594 49.74533809365101 0 -12.73206023551316 -6.096081597055944 37.84864027751736 4.569617857363045 7.169169820656679 67.12533562802585 18.34355483976616 0 10.54686215933146 61.26881609617068 4.654100277752625 41.44994018098647 13.77281034565716 -16.61375348183329 -1.886023426456536 0 16.51994310371016 37.18023116969729 33.39911627904385 0 0 12.16195446632603 40.15637407363074 0 7.180635525362625 -10.83014479998397 10.93667902179724 -13.14874717915641 -5.508731885595281 -6.833398756129322 15.84898337818692 0 13.25456562665748 8.071222637451513 0 16.04882615221692 -14.06417110403485 17.85760520179305 -75.86423716193332 0 0 -6.78763834987041 -32.07292536709311 0 -9.186544588104795 18.82385463669838 0 0 0 -66.35571606311234 14.3381756686082 -63.06262351425383 0 -48.73231899469253 0 0 -1.678226063847822 -28.8805956793686 0 0 5.545206604622259 0 -79.52025363605389 0 -37.37289145963854 3.248853636229553 -72.04208244534919 0 0 0 0 0 -9.178558808432301 0 0 -24.47171119447383 0 -81.90349101263452 0 0 0 -19.92898339876831 0 0 0 0 0 0 0 0 -33.40549352474592 0 -20.27344832641732 0 0 0 0 0 0 0 0 0 0 0 0 -14.05229959805044 0 0 0 0 0 0 0 0 0 0 0 0 0 0 -1.733865487459097, 5.787388100452887 34.25115291788373 67.50533710303657 44.05051460765588 31.26512262185233 122.5538029246803 117.4730274628473 0 54.45733307925222 120.5420152578752 87.02881108756823 80.91640440037827 22.98751022624099 75.53291583952063 123.138860592267 0 7.001986808038167 57.98726282177888 49.23102000173792 31.45249196250207 24.33643963007348 24.93628215476782 -3.074391729135549 0 -11.64938971449854 2.429066434923838 -33.4726156532487 -35.43165271058171 0 -78.74665237746888 -62.83359936617113 0 -5.928043231582665 -62.12041017591773 -62.30613533331831 -71.59844061301489 -39.53438973534637 -44.91554735821458 -131.2090874837445 0 -43.4604895047004 -146.9318361511594 -67.51776337260529 -32.82240947826161 -50.33410871327902 -95.02553749618744 -87.28186129543425 0 0.9248641131709059 -96.00812963496938 -71.00993419886905 -71.14065854648828 -39.19436543750766 -106.7222732591899 -119.3466625081252 0 -48.23157996348883 -24.87460008775847 -23.50502366321993 -41.57175154908182 0 -44.69822224943834 -117.6620179195562 0 -3.687590134222715 -41.061040371953 -27.39027161188804 -26.72554094402461 0.528580480037256 -66.43385531757235 37.46429821427756 0 -30.96250341782947 -18.84512288847591 -52.83741568992303 -18.80542307965778 11.16828871765014 19.41761576531809 2.77622623234129 0 -2.765618847245012 22.4487543029978 -12.7038250293663 26.95297609219203 -11.56178633591274 -8.618019306192023 10.43338047321951 0 16.62070924827483 21.22902110061116 12.34547707024061 0 0 3.519466683686144 50.60070568657357 0 -0.7900153705099298 -9.561912276979509 14.77447203024836 7.399976605774041 -0.3540317437390239 14.62971946994782 30.53867086502538 0 20.05581360278678 3.179275192320315 0 31.0643616730445 -12.25114511088349 23.97559489429208 -58.36579223382117 0 0 7.91379265092271 12.61896020712525 0 -0.003601509075640053 35.71955629778779 0 0 0 -55.11654343806224 33.74897704202208 -42.9824178944782 0 -36.1082539058396 0 0 2.799437573409298 4.79814300624702 0 0 10.61571160272177 0 -64.58297449876186 0 -30.23332454369585 9.669491320086438 -45.98542479462448 0 0 0 0 0 -0.2964270858976192 0 0 -20.67614784106735 0 -64.50189936930666 0 0 0 -11.62237686536387 0 0 0 0 0 0 0 0 -27.78010988733866 0 -15.2924256790201 0 0 0 0 0 0 0 0 0 0 0 0 -11.44072001423392 0 0 0 0 0 0 0 0 0 0 0 0 0 0 -1.369410431191866


GFLOW: 1.1 0.02067433797649207 0.02044331504144549 0.02466094711518142 0.02436724617965855 2.995964724994147 2.99601217873391 2.985090121677671 2.985260644758667 -0.006501069562955352 -0.00464432991058963 -0.002115386941549101 -8.35409712718855e-06
q-corrs 145.5319037642377 672.3780338740396 1033.099843533478 527.5762885472834 301.4675953346252 915.0462030699282 690.2598722700047 0 189.7468399664149 342.1297538937015 183.2168765072369 125.1103758047691 30.44493829366638 45.48250693386056 43.71616112478561 0 -12.96611037352446 -72.38096447284985 -71.1647154823804 -32.42649444290284 -54.36531088469594 -102.8631185682533 -31.37110746099378 0 -40.22861716003859 -63.28306192011291 -155.765452243702 -84.46871289353578 0 -104.1489785778179 -109.2530673105867 0 -10.27780121513339 -50.39712714354044 -33.3581135027552 -48.9122577747162 -20.31851459717435 -67.50135766721228 -81.71407117659274 0 -48.88733689994025 -86.30644048681961 -7.033521022713375 8.524867679020062 -28.87174155182671 -0.6900201933731296 -29.7549623187991 0 6.614498665024859 -20.59223583191654 -10.11832950081953 -43.75388113715709 2.536633250303298 -23.34818699597362 -43.70667814250758 0 22.72414035473086 -3.880939112500877 -2.603482458750784 10.11774100181438 0 35.22038463304207 5.005775493216522 0 -4.624853660277809 18.57506661211604 26.30707432244524 5.404423836744879 -0.1207164904387561 -3.02962859964661 17.95048112543823 0 -9.195308378361398 4.030127788749482 38.91497209206344 28.1540336444179 -2.422769463811528 -0.1716185886590367 12.31774135024631 0 14.54052879413546 20.70386514755299 1.621363756588673 -2.244914630662741 12.76113433314487 13.3060712891628 -3.041262961954043 0 -15.91328554874927 -1.267859167276281 2.390370004229872 0 0 5.669962984276768 -45.46223195604887 0 0.6823469288753059 -30.07149276795923 4.081064444081189 -18.41535439688888 10.25877575142246 -52.11530430883792 -23.28198233122583 0 -13.18045698726769 -12.82179309745965 0 -41.81618934909982 -16.09404655423898 -28.77292612147171 -89.26685425590409 0 0 11.73732520178186 -58.55759536230086 0 -36.90466534339215 -27.27745449575712 0 0 0 -67.7238589942379 -48.98979150837275 -67.97341989777649 0 -51.35327996230703 0 0 3.368498793149174 -58.30951126661991 0 0 -7.953847077490431 0 -94.63995911359487 0 -38.70665523604211 -14.09569268851959 -79.01029045764216 0 0 0 0 0 -17.38487707050754 0 0 -41.25594657618048 0 -108.0522701640146 0 0 0 -23.01680453115039 0 0 0 0 0 0 0 0 -68.96155703294082 0 -30.79258566273241 0 0 0 0 0 0 0 0 0 0 0 0 -38.01481316924654 0 0 0 0 0 0 0 0 0 0 0 0 0 0 -6.881781510141471, 110.984792262153 511.2675027673607 782.4479992441613 397.4518438538244 225.9654408824814 679.7211462276405 506.4779181659874 0 134.4837969665337 235.226025205276 121.9214811696829 77.40500881795592 16.16723160060797 18.42710223844322 0.1740260665621758 0 -12.83824414678064 -82.08138134404143 -69.46313443494697 -35.33618145472771 -48.81018596336764 -93.39692614541383 -35.57326519408471 0 -37.56900427965079 -50.00520396961063 -126.5007821914607 -71.47300280510493 0 -88.52748595281831 -84.88649603794644 0 -4.503517768548599 -33.68293013237803 -25.62237227027419 -28.87979338346143 -15.29936569956493 -52.09675912731646 -59.26002126329296 0 -36.51102013163068 -58.84798883505567 10.40019644603885 6.189091256674455 -20.36820302934003 11.50861015256741 -13.44373956280282 0 3.042962771273383 -8.18774562659579 -5.0219014497934 -25.40555071414737 9.686229842387451 -3.972416838736699 -28.05364779380056 0 23.90155759107223 -7.38311503604359 1.351914746611008 10.94758506102234 0 30.66310125721467 15.49174340882618 0 -2.973385372431315 19.55757442854408 21.85697519405941 4.777662383652533 -3.967187554061905 0.2754521153458089 4.741498858067941 0 -6.440287856297069 2.715303968736707 30.21326472147315 18.82338117180804 -8.118450091037833 -12.40255323814836 1.204349559276887 0 13.07749619095364 5.619878873490672 1.137911084770636 -14.71814786913707 9.585207863598336 6.837514332312495 -22.89555816873806 0 -20.67444669186462 -25.45955905448612 -13.43365115902958 0 0 -1.365897791875093 -57.81384682653896 0 -1.746044674331545 -31.87513266991971 -8.164148343100386 -33.19539310379375 5.436095749548031 -66.85636007239879 -33.87807647145583 0 -22.89792797310272 -16.738270336435 0 -46.48793515728221 -15.94071049330764 -34.48665655910306 -88.31010105507769 0 0 4.257607278894642 -72.87188960073924 0 -37.94489347978394 -38.61549307799773 0 0 0 -65.46190016998065 -52.74147992352034 -64.59084829077695 0 -49.88693247262329 0 0 1.170861023683998 -59.74816647551231 0 0 -10.91986300291648 0 -90.2053822224681 0 -37.13840437862633 -14.75387411819721 -74.22762058362714 0 0 0 0 0 -16.23786352521048 0 0 -38.94622139729638 0 -102.3624216155808 0 0 0 -21.41168820715621 0 0 0 0 0 0 0 0 -64.65359907125435 0 -28.98662559024384 0 0 0 0 0 0 0 0 0 0 0 0 -35.35659451150947 0 0 0 0 0 0 0 0 0 0 0 0 0 0 -6.339741669584152, 47.37267040073432 214.6579553538591 321.2780446035802 158.2919004197363 87.81257485830706 250.2933577980084 172.0756476488245 0 35.3864414906551 45.44413432452252 17.86251900338139 -2.63659616933117 -8.959630109386879 -24.37405831620798 -68.78106730459582 0 -9.081925452075314 -84.859496500563 -53.35151551965018 -37.18488546312904 -30.56671022171011 -63.2621949145602 -42.64129109326159 0 -29.80780165993425 -18.36234878154135 -54.75939818297071 -36.4204873945617 0 -51.40216829979311 -26.12431709523205 0 6.184540221337118 0.34371662877051 -10.24543475104729 12.07336947651638 -3.965269256133666 -11.40965509572387 -6.236605668445261 0 -5.885320830553754 2.196894579582644 40.34761497789745 0.9080717182840412 -0.5152884152840933 33.78781753376151 21.05719174722434 0 -4.323723513809449 20.23049106108531 10.10170977458927 15.52887506042176 22.20186430215205 36.74754338337784 10.54909412634363 0 25.37711576484818 -12.13244784472837 10.46730375777548 14.66158371369727 0 20.64205827276626 37.10881801388453 0 1.366132492987298 25.22474255908678 15.37310890256306 4.951676131179459 -9.467987108656956 12.46418734113983 -19.879352512102 0 0.4842695409190036 1.801605065856229 17.65359583893564 1.718572700072164 -17.07729718520375 -36.24634513810829 -16.24391116062218 0 10.13211552564437 -20.8755153848848 1.083653933090504 -34.89096020305995 4.923063624110553 -3.862202900698105 -59.097853631562 0 -30.96065314400428 -62.40029079067185 -43.24954181121969 0 0 -12.16547249272952 -76.19777953760504 0 -5.838889151152225 -39.6185168037162 -27.92132186548723 -61.41478033415946 -2.803364872487901 -94.11721780025921 -49.68471565053783 0 -37.36398055827675 -24.3515868294643 0 -52.47017700777243 -17.45834934191208 -42.36328718289948 -94.89049317261926 0 0 -8.889727987487055 -99.38623353653611 0 -40.69507483307241 -55.66307658750253 0 0 0 -65.58436982763425 -56.96320760254037 -61.44754240842484 0 -50.94394450136257 0 0 -2.756792119438494 -62.54803827918501 0 0 -15.44042804824489 0 -84.13335655509175 0 -35.93697870981485 -15.33164249555218 -67.65565943826323 0 0 0 0 0 -14.26234868101002 0 0 -34.6066963770524 0 -92.61608895375167 0 0 0 -18.75104486500997 0 0 0 0 0 0 0 0 -56.01768647262361 0 -25.46467042545957 0 0 0 0 0 0 0 0 0 0 0 0 -29.89425593176497 0 0 0 0 0 0 0 0 0 0 0 0 0 0 -5.234431202786865, 7.727552337431703 30.58368897005307 36.81671209943386 11.96514835507311 4.707660768471156 -4.191556084412229 -22.62089287041018 0 -18.58917803084509 -52.65272940324537 -26.59406209309742 -33.74750770834758 -20.34566165242051 -34.25522353447651 -82.13722861782578 0 0.02742024837846735 -52.02931879561559 -16.48890300537742 -28.30796917149417 -3.075221286501947 -16.86402406220033 -40.25189012795656 0 -16.13207261433168 14.86976915120876 25.35331830920565 7.534340001819011 0 -4.730415048305716 36.46381625871607 0 12.54397436917442 29.783714343783 7.214595624573555 45.84704109069001 9.943729691025212 34.19574843616783 51.8771265837701 0 26.77653815100849 64.25762203409717 54.11567364873683 0.6574406206262884 20.50642265103669 52.50998104167019 51.98243880296661 0 -7.446221146372958 51.01465650748415 37.7580408149866 50.78786430189966 28.21923011510374 71.50886809585279 58.3605110515243 0 29.0990639892326 -2.322200333331863 21.56108362033623 30.73164303706453 0 18.25373433356943 57.36008626348125 0 5.911614415637288 39.39954595045415 26.26268716074252 10.71763991341441 -3.405312707577888 37.62782228448815 -26.36135336603342 0 7.815239520254096 4.292365836088547 27.09398812671652 -4.077054971099523 -18.19712997890617 -36.74732802104822 -16.24731989180531 0 9.447762393861769 -22.55547960358126 4.286402191336755 -33.63352816858747 7.671552632652149 -9.226009428632594 -72.62230098985545 0 -34.2450847055584 -61.14130844613506 -50.59224973062854 0 0 -11.47720553714352 -71.47689842118957 0 -5.445378528782019 -45.98748931081177 -30.68708001059619 -73.84478984706097 -6.680526012816196 -101.3539464783474 -49.09993158615653 0 -36.53651957131769 -25.25935788368427 0 -47.84560179496459 -19.65925106286028 -38.36283506063107 -104.9140710192101 0 0 -15.4839985895305 -109.0480143841054 0 -40.42466022669852 -55.0619589963417 0 0 0 -68.50544060458053 -51.35914525660266 -62.04753106947555 0 -54.68462063872128 0 0 -4.77815190332379 -62.16096429545952 0 0 -15.36970874112635 0 -79.45467917462257 0 -36.05026887855509 -13.78977718535794 -65.35554068536723 0 0 0 0 0 -13.11121848230547 0 0 -29.82810903218503 0 -83.38358462363315 0 0 0 -17.25212830784736 0 0 0 0 0 0 0 0 -46.34289277497986 0 -21.81650461006701 0 0 0 0 0 0 0 0 0 0 0 0 -23.84160190432556 0 0 0 0 0 0 0 0 0 0 0 0 0 0 -4.055677543994554, -2.870669838170535 -16.64490956369356 -32.28921524941264 -21.06699446688376 -12.15794182462127 -48.75792621912221 -49.9550025650146 0 -20.27440130008089 -46.99619455077147 -12.69397930660969 -17.29742483631645 -15.65650838587016 -14.58915173420961 -43.24056792621094 0 8.073032049414149 -4.397102846520696 19.82714535308277 -11.07777904349977 19.23661648734979 23.72083551058683 -25.53456005619901 0 -0.5172690878481792 33.76577030932291 73.9596295128781 35.446794298282 0 34.36090646495714 69.62196289069624 0 13.09752975472314 44.90555444697931 24.22324744845042 59.29225233313379 20.82159797521631 53.22141031129595 85.35261500765151 0 41.66083333812642 99.29903609888171 49.35967413667587 9.533179545368361 32.78306594832778 64.97676521587371 66.22296618651259 0 -2.66847794986191 70.30401117549731 64.8567424508621 57.14707063599131 25.84951519377987 82.93879992787747 94.23900308859788 0 36.93873206272902 25.33679499399648 31.17778037242636 60.30753243292575 0 29.98501840675438 69.42327917377018 0 6.951307616523542 53.53475676488539 57.20189209897998 21.96563890173275 15.87211126225439 66.39276349565193 -4.541946473166671 0 10.93452491639401 7.111350173587175 59.92719421979989 4.527935871999318 -11.54027517772169 3.592015424465078 0.9528661182792071 0 12.62655707068855 10.50329169628669 10.57674820290859 -6.952812169429208 18.27809216477063 -11.89064003074624 -55.24150242363813 0 -22.09971941096565 -22.41232682809184 -22.92688226670807 0 0 0.2202185504967362 -40.43795115766627 0 0.6681486145752178 -38.68571576037253 -16.43965189339205 -61.35726855713908 -6.853996006786316 -78.15007432750082 -32.11890255846077 0 -21.19602436877831 -14.88857379478514 0 -31.66328787502666 -18.52878471972544 -21.88947734036363 -100.068829236546 0 0 -15.37687164046618 -93.91438097103541 0 -32.9340568308907 -36.11191657193873 0 0 0 -66.46951076985232 -35.27900284813583 -61.94674469924183 0 -54.03382465702364 0 0 -4.658976724652231 -56.44491922515874 0 0 -10.26546693678629 0 -73.8303155467276 0 -34.96616301368627 -9.945361971607388 -65.77051767431514 0 0 0 0 0 -12.76791471552361 0 0 -25.11187237935755 0 -75.4590643185833 0 0 0 -17.33909384798984 0 0 0 0 0 0 0 0 -37.32402245698835 0 -19.04563764457703 0 0 0 0 0 0 0 0 0 0 0 0 -18.29393797468314 0 0 0 0 0 0 0 0 0 0 0 0 0 0 -2.96597111854776, -0.8607516319720494 -4.116431312847332 -6.8161720278932 -4.067723800768968 -0.2828045797678551 -1.953847054403319 -4.205341146864392 0 0.2355232884482881 0.4754082406288624 18.2570418903164 12.69770911056341 -4.500312731729896 11.98593858735427 7.759761897286786 0 9.87502237969052 24.96140213848775 35.89978045231396 4.673487008134005 26.1222767925012 37.82940927732859 -10.98267869867766 0 6.360102981043399 31.8528830678271 66.9049757546199 29.17484488420932 0 36.01413965666877 54.49670478774263 0 9.864917471340968 36.10862293385461 23.91107301734121 44.3134130582065 16.80403082513662 31.89495187570949 63.18425969386517 0 27.98728487349291 75.34167698532556 30.35088386525161 14.48925793734934 25.64066891683841 53.69590076913923 49.65722465495011 0 3.647984693715401 56.15437702629027 57.53550001658122 28.94032116436533 15.1146555920037 56.04284800367641 81.40756196342323 0 35.75907996802068 42.27384369082696 28.39173997559834 70.45793399378223 0 37.1685912690272 55.09503653366059 0 3.316726565780255 46.97689722691532 69.6414238530148 26.15370567547705 28.98617021356904 66.4282641967187 25.36078773636152 0 5.835484844978458 4.732908303167976 74.60287919726177 11.15149859518959 -2.020445443811473 47.30409461491158 16.64088106977339 0 13.68691159237064 44.94197347080944 13.24823663112281 22.15534588887782 23.73504606403544 -14.51998203469128 -28.00405099103551 0 -3.604526004382709 17.09304673723338 10.77781927857001 0 0 10.33766017824082 -2.030001645794931 0 6.523109096568054 -24.2782243775216 -0.5473786247727261 -37.95260825064151 -6.403343894348914 -43.80273605371531 -9.598735464920455 0 -3.269558994771203 -1.848571338591494 0 -10.82928342339636 -15.4711129658258 -2.745008657312233 -85.45547546165234 0 0 -12.25589386913222 -66.38689321876048 0 -21.98379524057012 -10.62350672297462 0 0 0 -62.39516868675692 -14.38010861038786 -60.90990019762293 0 -49.99331209630684 0 0 -3.495140470110011 -46.18899359354723 0 0 -3.110615933583829 0 -71.3773248057486 0 -33.99768482846345 -4.696778192277401 -67.56303005724989 0 0 0 0 0 -12.02957199839647 0 0 -22.77166848260066 0 -73.46166928740737 0 0 0 -18.43345440717992 0 0 0 0 0 0 0 0 -32.64528021111327 0 -18.46240978946296 0 0 0 0 0 0 0 0 0 0 0 0 -15.06748247565655 0 0 0 0 0 0 0 0 0 0 0 0 0 0 -2.223911563891545, 2.796304906002121 16.37509156201216 31.66790550542264 20.11201472087719 15.38130453238568 57.81098220485319 52.69673668135791 0 24.29706755338546 53.50556672282615 47.72805715593968 41.42630524416116 7.495510564437591 37.02557484513024 54.68661061394857 0 7.84003661525818 36.36544834103005 37.05177634989321 15.01065368682396 22.09856281895399 29.19006775204713 -5.019569168806012 0 0.5342855639481576 15.84482131566046 19.08699321412128 -0.8006025415879074 0 -7.349180217691812 2.909583674905129 0 3.06174529838861 -1.147541353365572 -6.12961611428284 -0.7286951504688517 -5.207700883997095 -8.83517103510481 -14.47835374674645 0 -5.335795451171073 -13.30467330193671 -5.915131687688374 1.29490304607918 -3.594022503146591 0.9725802593243209 -3.639111168481042 0 4.40105080765785 -1.32362407700913 4.569430942635204 -18.83080002029706 -5.947191310298154 -11.44320772820148 3.471712963882304 0 9.322906845354137 21.83516919262054 5.742128045415317 29.47846700397948 0 14.78224543187853 -5.612933663143091 0 -1.654057820711041 9.626184441641247 31.34607521023972 10.51820494310033 19.91489046949798 16.48235430876969 38.06670962223485 0 -8.610190873123653 -5.775399997477695 32.37434709068605 1.197782790746007 5.857023453204321 48.00858134559524 16.42196421071728 0 6.10078985467568 44.17332560800373 5.699496951465505 32.02711615610848 12.36667275612592 -14.04977890242981 -8.369490565482588 0 7.94105582559657 29.47482388009001 19.25812481657917 0 0 10.23472203509352 25.79304045783098 0 6.183754993003803 -15.14757137040788 8.443674266405939 -15.83952665961358 -4.991698871507487 -15.61139545104311 10.44687778214262 0 9.50844088905199 3.856618851811932 0 8.394001604201851 -13.14413635738607 11.08611552701805 -70.67475610686087 0 0 -5.094139115323229 -32.64940822468855 0 -11.78222246921232 12.26998845580802 0 0 0 -57.1594806131282 6.622777686725113 -54.34618981893767 0 -43.37512355529235 0 0 -1.124609382423969 -27.48964666565621 0 0 3.562679707836589 0 -67.00299826904957 0 -31.70150270510495 1.238074278450823 -61.22503768736151 0 0 0 0 0 -8.428479886421869 0 0 -20.86007246739323 0 -69.06332599912739 0 0 0 -16.8177064378355 0 0 0 0 0 0 0 0 -29.01482208212313 0 -17.23646095185056 0 0 0 0 0 0 0 0 0 0 0 0 -12.62604590384881 0 0 0 0 0 0 0 0 0 0 0 0 0 0 -1.659921668901335, 5.242016400658351 30.81935983469745 60.20960013485234 38.90940382771906 27.47843821850789 106.2766460666979 100.7782217745118 0 45.46372618641993 100.6800825428199 72.41432146221013 66.37239627836001 18.81491441262523 59.23973035800826 96.76552527249174 0 5.979441525607172 45.53500227953688 36.07400349716833 22.3235018261443 16.22042019717974 15.24561209376139 -3.00958731567053 0 -9.963594885340243 -2.195660990576491 -32.88216426924017 -29.88248227546375 0 -64.58202316867386 -53.04896637863938 0 -6.134558524143231 -50.30233239547478 -49.75008166514381 -57.08947608797398 -31.87361323824703 -39.86133042813444 -103.7025691503893 0 -37.53642679399813 -120.1771399730892 -52.59721158849209 -23.272482354625 -39.47961336470122 -73.15103123418737 -69.3040200499759 0 0.6848503174017395 -73.32742421620537 -60.63638236801324 -61.49012924948823 -31.30180623083141 -88.13562351913291 -95.86876643702472 0 -33.54001588507919 -19.68744684343305 -23.30911058012263 -37.93194880010712 0 -30.6513425324587 -89.6341056708022 0 -4.171781407940165 -39.00030261910543 -30.18475876956166 -16.68651087133522 -1.379535031758731 -52.50701324043626 29.85773936037208 0 -25.03341607759171 -19.26023393402312 -40.79167066723251 -18.49673186035491 8.352484997190341 13.97349235665937 3.341140023941343 0 -5.302764720332572 14.87973234804851 -7.63034595107202 22.87772576841936 -8.118681604501621 -9.291069125931898 1.702932333247817 0 10.19299019294535 17.76000284623143 5.51244599422748 0 0 3.198977829673519 36.60219269235554 0 0.7672077446993004 -12.391760670522 11.77853328791939 1.121285619810809 -1.61060802515685 2.63289069082129 23.02029591361975 0 15.37310863186117 1.61141336693311 0 20.96428894822249 -11.46831918175186 17.09629943707041 -56.66718265305293 0 0 5.694926070736049 1.596957520622107 0 -4.210147984513785 27.0440224164356 0 0 0 -48.47888841838956 22.15582223150126 -40.46065442933244 0 -34.14630239147417 0 0 2.242121439185835 -3.403986053887292 0 0 8.048524546326009 0 -55.3018692345901 0 -26.35203943547864 6.173463773560308 -43.74783157657977 0 0 0 0 0 -2.504777828800422 0 0 -17.06867514568007 0 -55.43603688814663 0 0 0 -11.36950348204844 0 0 0 0 0 0 0 0 -22.92921232189406 0 -13.32252211849194 0 0 0 0 0 0 0 0 0 0 0 0 -9.445870327739112 0 0 0 0 0 0 0 0 0 0 0 0 0 0 -1.121074606046741


GFLOW: 1.2 0.01789935799048631 0.01768544004979003 0.02107936747135026 0.02081167775528229 2.996554313739106 2.996597543546725 2.987179704362496 2.98733646052239 -0.006085057938875563 -0.004916176808320169 -0.001534705180144981 -0.0002073752128064958
q-corrs 107.7777755110385 509.3026955543973 800.8087796914124 418.7676323243966 245.4895062491707 765.0026201037321 593.2516132950179 0 174.5595665257792 328.2350893248236 189.6515112472818 138.5606796828881 34.70720909514462 67.0509967388052 86.3147668551499 0 -4.256113669854695 -23.24853178330596 -32.76373346979952 -14.50914325212634 -31.7077515179496 -64.46000606177364 -20.97073425679039 0 -29.09384928730871 -44.44516144477086 -113.9226772547557 -63.90666814434533 0 -82.3856321292304 -83.89869856937668 0 -7.604710464178256 -40.79068176343102 -28.89806018293612 -39.27470803169076 -19.06330229378171 -55.53416033181595 -70.5440431389512 0 -39.6984097507674 -72.98507105876922 -6.624685637021056 3.793337680326101 -23.98787964212129 -5.594580565020359 -25.86376120867583 0 4.530261374397574 -20.78384732594598 -16.94016808012492 -38.58474028481714 1.030768971131335 -24.10403647848592 -42.29014365797272 0 15.34316463298674 -5.108847881136644 -5.676182849954282 1.5293439905896 0 26.19173522561828 0.7583566555129035 0 -4.528297978592055 6.378455662698649 13.23333188842484 4.634170517148638 -1.611904369810706 -7.62255629935224 14.29607799951144 0 -8.580197712195407 -0.2723404522498276 25.72581858948285 18.21424931182009 -2.131834101717302 1.501855673770548 8.613077637859284 0 8.653712153886808 14.53928808120315 1.783593942524928 0.1891385807280734 9.138402017931472 7.510757165308279 -5.293430926714901 0 -11.8515004211709 -1.503116269778465 0.902984071933389 0 0 3.918619740965592 -33.34397598145378 0 1.508785586834921 -25.03034624405953 2.625743818378713 -17.24158806785461 6.100354182669149 -43.73697375582371 -17.33953083765356 0 -10.0338558898278 -9.074328765181392 0 -31.25500211544146 -14.48181006029009 -21.14458042295741 -77.8402637028609 0 0 7.130619379462443 -50.02292368178307 0 -29.43586824789175 -20.05343074996016 0 0 0 -62.04646609273367 -36.68291928764437 -59.59143039981433 0 -45.01550706866962 0 0 2.1113739364013 -47.83229197415081 0 0 -5.766950753053274 0 -86.51365665925513 0 -35.29055992114011 -10.58337494757976 -68.84641779370429 0 0 0 0 0 -14.13908757708398 0 0 -37.82301375857064 0 -97.77275623777626 0 0 0 -19.88264285238477 0 0 0 0 0 0 0 0 -62.78439753492257 0 -27.55620136994326 0 0 0 0 0 0 0 0 0 0 0 0 -34.44746111157615 0 0 0 0 0 0 0 0 0 0 0 0 0 0 -6.229785387054473, 84.01417342066175 396.0704843452988 620.7965861790572 323.271165912611 188.8511436942324 584.5529687354372 449.2465001301797 0 129.2488378363032 238.539737185803 136.1110563856844 95.93488158137504 22.13042228519668 41.32688449262878 44.50791141361397 0 -5.200718394630417 -36.43634109023525 -35.5578437212976 -18.57916117406185 -29.47017399594827 -60.25145569139423 -24.60791378528801 0 -27.50653094348849 -35.37332576010758 -93.17305051793622 -54.23912328801458 0 -70.10418493102667 -65.67336259541716 0 -3.397333678220622 -28.02770051638462 -22.3729677628265 -24.16508160050344 -14.53017507869778 -42.94363866297515 -52.07993175028285 0 -29.63116377374613 -50.48557631780082 6.404534190166286 2.461049702949568 -17.18143165861974 4.361396723531627 -13.03614239881849 0 1.957059455393269 -10.73258487277552 -11.049467652772 -23.25389288343341 6.437842185276104 -8.106454610148136 -28.27799590588764 0 16.06133926021326 -7.498778336277922 -1.814177138853358 3.142221248692606 0 21.8742478894524 8.523998498603753 0 -3.001029729003495 8.310378945822803 10.32329114245791 3.820249034015044 -4.551804004142079 -4.091454872018918 3.308093048964594 0 -6.326193477801501 -0.8907220231383648 18.80377230032202 10.58943091460603 -6.573520118608886 -10.24313787399045 -0.07807374709343007 0 7.855735831557542 1.886711356778664 1.233348470443794 -10.49321253816846 6.639093051489651 2.336599131576738 -22.59233175230399 0 -16.93304292678584 -20.7542379591179 -13.66667876378423 0 0 -1.525147898951329 -44.32644847438806 0 -0.825898268063981 -28.3482111919465 -7.519755616130141 -30.57980227030949 2.315954283037277 -58.23512037207834 -25.89588295813901 0 -17.69001656265667 -13.36729074635031 0 -36.0416930636162 -14.91969107038377 -26.41510013174344 -80.55313094790723 0 0 1.20310380264316 -64.0362348758191 0 -31.85696415217247 -29.37153023583846 0 0 0 -61.48259479457128 -41.03012690571542 -58.57591938596207 0 -45.5225657989736 0 0 0.3684736295138297 -51.09013943985894 0 0 -8.26118766154686 0 -83.72810650687413 0 -34.58093122714681 -11.53692954538609 -66.72508252084316 0 0 0 0 0 -13.82348380713646 0 0 -36.03664840606545 0 -93.86658482139705 0 0 0 -19.03931454502801 0 0 0 0 0 0 0 0 -59.39513757181413 0 -26.25519258820425 0 0 0 0 0 0 0 0 0 0 0 0 -32.34709833231067 0 0 0 0 0 0 0 0 0 0 0 0 0 0 -5.803084580360539, 38.54378141000839 179.401797743836 276.4696824454776 140.7381154563814 80.93300910212804 241.4027947340044 176.0007506680498 0 44.15881652052357 71.33915938878914 39.10658644609383 19.33820079694647 -1.068242839017771 -3.312622085708261 -27.71906683767614 0 -4.724265281398218 -51.13803118948132 -32.11375847903643 -23.63356101355927 -19.69637413927083 -43.03206508352458 -30.30261596455891 0 -21.87473195083181 -12.88501949370272 -40.34238512638647 -27.61098413209744 0 -39.04362568153633 -20.55572466798584 0 4.815889941387521 -0.3435999687367808 -7.78933591361092 8.442880525967364 -3.570155190451549 -10.01881538568612 -6.87048405229773 0 -4.53352169381766 2.062076995401782 30.63950494897399 0.1057429491575168 -0.6339882740162901 25.12651818978501 15.7423404155068 0 -3.177839069953075 13.81914645518432 6.420257960112773 11.84168396669068 16.76656928484497 27.66449340850432 7.950384797976866 0 18.1650431642176 -9.338770922302356 7.691355672859766 10.05664531027379 0 13.87921279444004 27.05462902999945 0 0.8650523891465798 16.50708801884659 8.29887387078111 3.850476401613144 -8.21183641634239 9.02715530995834 -17.12746417731762 0 -0.2753511181485564 -0.3815864668859548 10.36137347814988 -2.896030848411018 -13.78390531113485 -32.25419526223187 -13.78207101906426 0 6.647960160984921 -20.05944329123974 1.103588961567229 -28.4974355204944 3.401130925870487 -6.437430928368268 -54.69355492160479 0 -27.58930761072232 -51.02237740062002 -41.17133296134622 0 0 -9.978020479470734 -62.07174471355524 0 -4.923758744193024 -37.59387124286621 -24.54392761888796 -56.24092663630946 -4.245982333252159 -85.43015473216644 -39.38567219025633 0 -29.64580220970856 -21.78701838646113 0 -43.21551227795786 -16.89602932000371 -34.53937052839116 -91.06888228646616 0 0 -9.390540975345575 -90.16463723348998 0 -36.97686073215722 -44.15093278415089 0 0 0 -62.95142238523802 -47.25780087495403 -58.48800658241089 0 -48.85509527244463 0 0 -2.787166690732118 -57.04959372717504 0 0 -12.26062243831763 0 -79.35365863229319 0 -34.17778087085922 -12.84280746166996 -63.94194036776935 0 0 0 0 0 -13.24729617295293 0 0 -32.32415380014776 0 -86.41976483795958 0 0 0 -17.56861302011579 0 0 0 0 0 0 0 0 -52.03207391491073 0 -23.51656450053283 0 0 0 0 0 0 0 0 0 0 0 0 -27.70361400359383 0 0 0 0 0 0 0 0 0 0 0 0 0 0 -4.862892115771507, 7.987161644154863 34.30040895891821 47.00420763056859 19.87856342648622 10.36902420405394 19.54031254788313 1.666220553708933 0 -7.70223171620929 -27.04954668769117 -12.28172640326789 -19.19298705161634 -13.48031550396494 -21.60183296457452 -54.93153131950935 0 0.2008480452527479 -36.24336437931533 -10.92893114144731 -19.4398938254915 -1.706993292642856 -11.24644304186003 -28.2456471896689 0 -10.95850259488918 12.09110352236728 21.37207999922826 6.485189249151333 0 0.9388698712722885 29.12534445854688 0 10.37468505355835 25.6820016717201 9.476504996458196 37.66690739305312 9.781846431081549 26.76014188908861 43.93465218937182 0 22.51062078075267 57.75525076774286 44.90198488708674 2.029444711699017 17.64938564172025 45.50031178807978 43.66228852975473 0 -5.130435405741745 42.07296379058405 34.33654348675773 43.52600496551537 23.20476121194526 61.04552757188655 53.53576625719989 0 23.82848123315611 1.007599042783403 19.20886480472213 28.29811233122178 0 14.01394609023111 48.37615438668729 0 4.777748200224823 32.68262720323494 21.27817103754205 9.241523904821138 -2.452196305980819 33.98840179533437 -22.94617692099325 0 6.833851722914575 3.359060264154695 21.45674154764956 -6.566786159777129 -14.89576007245489 -34.07593718793724 -13.69258942083761 0 7.43724525050486 -21.53879085634922 4.006713076170932 -29.64971328037214 6.53573206950171 -10.68882452933441 -67.99232972601773 0 -32.0943035818382 -51.5204225601917 -49.61603302303715 0 0 -9.587667402132542 -61.79914749917552 0 -5.257089669202371 -44.29232008258828 -28.1836513215401 -68.2774156611832 -7.249828129679736 -94.88393088189915 -40.41353092575704 0 -30.11389785098203 -24.2698753562175 0 -41.60455204872961 -18.80816945447781 -33.3284331153073 -100.7297433752547 0 0 -14.68848957943188 -100.6448786146756 0 -38.47830895081243 -45.36762194300631 0 0 0 -64.91932705836778 -44.96205029335711 -59.35090965149902 0 -52.44224603388091 0 0 -4.402889569808365 -58.35636209258526 0 0 -12.67362746721296 0 -74.78726008267053 0 -34.02470747390959 -12.15971540686975 -62.48900822429634 0 0 0 0 0 -12.66437871598222 0 0 -27.98943299215196 0 -78.30591630711123 0 0 0 -16.49760070775611 0 0 0 0 0 0 0 0 -43.46792528580774 0 -20.46410849708349 0 0 0 0 0 0 0 0 0 0 0 0 -22.37585042415429 0 0 0 0 0 0 0 0 0 0 0 0 0 0 -3.811660859256231, -1.454932598332512 -9.143513946666879 -18.97300072371846 -13.10964795399612 -7.590659109536091 -32.03275875884245 -34.19960348408537 0 -14.39617323470098 -34.02109351816738 -9.303380909069652 -12.89400352121999 -11.56365918301986 -10.89339890834616 -31.98466913692475 0 5.809970538842903 -3.029890286992984 14.97069397050665 -7.247108052582458 14.77483108299029 19.3053975890886 -17.21278818487239 0 1.293145818434297 27.16673432301925 60.4947804250321 28.92695487893529 0 33.03430820259148 56.72605507674892 0 11.35350721356795 39.45805334297574 24.16025891408009 50.43838905845314 19.40635618654297 43.193991472965 73.59063418014308 0 35.40544951977987 89.34172036839402 44.06630043934598 9.688430338694973 28.53501687133279 58.65672784013222 57.33559423340375 0 -1.55052164801143 60.18846876874363 58.73366517095099 51.67098223199102 22.66109525874838 74.04426605119562 86.60073535815866 0 32.40102634485635 23.48947335133214 27.72968521825139 53.88351230840103 0 25.61809584452837 62.94971326058975 0 5.816584630211067 47.35240025654598 47.19673575165116 19.07270176294994 13.05204376343378 59.82038601538524 -5.900298743588079 0 10.56719009748204 7.032881608420006 50.09752602526137 1.237570614821937 -9.305197898318406 -3.040674184498954 0.5161210305876818 0 10.2685954606655 4.615787415292015 9.407826729567606 -9.296927375478958 15.56532539732727 -11.82343728538921 -54.23607994877629 0 -23.35811694265036 -21.01296514102557 -28.19175271546394 0 0 -0.381965044712536 -38.91720171131078 0 -0.4485132346073266 -38.86447650767913 -16.90444911035249 -58.12455722367061 -6.944271513816495 -76.55299387258532 -27.82027715096508 0 -18.64429168903249 -16.32794356322456 0 -29.49839059239617 -17.68564984996798 -21.17563224776801 -95.37665083873296 0 0 -14.05521991121214 -87.54728379271694 0 -32.40629126266264 -31.40089964308418 0 0 0 -61.7945396846548 -32.7527674822727 -57.65429013637848 0 -50.74060976331157 0 0 -4.16635134338882 -52.60709145420694 0 0 -8.921527226237895 0 -68.51342581965692 0 -32.30964499956298 -9.169926682683203 -60.91195640850684 0 0 0 0 0 -11.9529478432595 0 0 -23.63481481617371 0 -70.24682701016874 0 0 0 -16.03402730541698 0 0 0 0 0 0 0 0 -35.41138413196694 0 -17.85318174424096 0 0 0 0 0 0 0 0 0 0 0 0 -17.50641493696044 0 0 0 0 0 0 0 0 0 0 0 0 0 0 -2.856368022508116, -0.4813860800218146 -2.154930200611331 -3.406238723173406 -2.045385918659751 0.4808819892028815 0.9303319943585855 -1.129742800515604 0 0.946075080005544 2.014076812251403 14.77064064756294 10.48145541974293 -3.000534846711358 9.722255991588476 7.514150938907601 0 7.628359833821639 20.71914245521126 28.12259232281992 4.520063846976149 20.38700113594074 30.42391350016807 -6.603376478707446 0 6.277076175826582 25.69697913198796 55.4144640463948 24.75893816148541 0 33.2708491435079 45.38134457313778 0 8.53211600648331 31.86198680411277 22.73513257668897 38.33699120125817 15.96292997951049 27.50383185777967 56.28584494994122 0 24.6771740669409 69.13534968275337 28.88670182748604 13.21992814456338 22.75658837823642 49.06427663685778 43.74040589990121 0 3.052080973813321 49.35698984095924 52.43218729148501 29.51334211502434 13.94790647794851 52.0046690544826 75.41066005478612 0 32.18875045738417 35.70185225041404 24.08845993943719 59.68869048815665 0 32.37562953214086 52.21397703457427 0 3.016207505301242 42.03473655509178 55.34481554841823 22.83973436357752 23.07182750731432 59.32335468352276 18.13359293652047 0 6.641305643324698 5.003721624630886 61.8091237063134 6.926517719790848 -1.404778353355006 31.48902454961539 13.78195908785468 0 10.33383144708421 31.79926055345729 11.71339669761866 14.72582198001583 19.9550670906955 -12.69283763128997 -30.53521737453694 0 -8.339440318810059 11.33257852513173 -0.01596202108068567 0 0 7.935493861952638 -8.174396655289911 0 4.693833145205315 -26.53247602471968 -2.807874297699526 -37.43702289117719 -5.997917975165145 -46.67998803402351 -10.05647218563588 0 -4.330999744117151 -5.024134640673873 0 -12.76191834179131 -14.73544578818701 -5.726489074044459 -80.38634689329152 0 0 -10.58012813116469 -62.29951606677179 0 -22.46086242918557 -11.40811185991084 0 0 0 -56.22085247970334 -15.82156395843914 -54.18423425907275 0 -45.45559948500167 0 0 -2.966386279565758 -42.08381553046323 0 0 -3.338545505595081 0 -63.62001160318631 0 -30.2056990357425 -4.880600291596823 -59.23718813124668 0 0 0 0 0 -10.71421415909815 0 0 -20.78035414657514 0 -65.48793743676399 0 0 0 -16.01022388295305 0 0 0 0 0 0 0 0 -30.22995923824209 0 -16.55473634126776 0 0 0 0 0 0 0 0 0 0 0 0 -14.25857759310306 0 0 0 0 0 0 0 0 0 0 0 0 0 0 -2.16747903280499, 2.509765331313275 14.72099168528434 28.43592616737801 18.01813247607351 13.60073524900735 50.88598076650105 46.31241957996901 0 20.89730822469048 46.15721562145566 39.97368753546705 34.64835726455401 6.755135595835737 30.08726066538646 45.35436738289923 0 6.428631487860589 30.49984497646512 29.09408358384808 11.96038306909467 16.80933659655187 22.62068634089918 -2.667705852265505 0 0.9992832243319816 11.76090096277923 15.09828719652544 0.2441858574924085 0 -3.802132279282682 2.663773473011169 0 2.242402379047025 0.1658382291367815 -3.215432822732888 0.5641256157586163 -2.788164513238366 -6.452235068345088 -8.052980797870333 0 -3.717116719772144 -6.97770859738619 -2.36697795180039 2.603353198926746 -1.5191722342457 4.288507776219779 -1.008324133537144 0 3.51674298941322 2.349593507284169 6.191861508285918 -12.74594244096485 -4.018222285411532 -6.448270815318141 7.818189438815176 0 10.82178655815884 18.14291375028791 3.661799143287836 23.31102300177374 0 14.68573900337165 1.065951639285986 0 -1.36280776009103 8.279862559249588 22.12609156559559 10.87094223121849 15.18201108779557 16.68085495950474 28.9725895402307 0 -5.941613044081993 -5.247003176061877 27.40509117493256 -1.093136189106328 4.50494980487728 33.92203386600598 13.86716922065932 0 3.474320732293559 31.78209706502284 5.924237138971832 24.31220427123777 10.88355249267151 -12.14363338569321 -12.93428449314748 0 2.207349494712423 22.25198533415703 9.309388582700624 0 0 8.220011852867891 15.2363525160063 0 5.133413713955041 -17.54288382419055 5.765971984043063 -17.87411502505883 -4.676145543098391 -21.54097929348909 6.122964749280686 0 6.209682748410005 0.8701707216219585 0 2.924276265150514 -12.31888554008122 6.034681968878298 -65.79171137915283 0 0 -4.404123520613894 -33.28459472753653 0 -13.26176241236131 7.131366989402924 0 0 0 -50.30438970923343 1.160289618197979 -47.61158742227235 0 -38.91477624319582 0 0 -0.9240472238563069 -26.37771824907992 0 0 2.053264884166507 0 -57.91197060492938 0 -27.47274359785771 -0.1548438318008745 -52.89683033278209 0 0 0 0 0 -7.776604893862056 0 0 -18.2760760711203 0 -59.56906778129648 0 0 0 -14.41103366788992 0 0 0 0 0 0 0 0 -25.78164712658187 0 -14.92598002751174 0 0 0 0 0 0 0 0 0 0 0 0 -11.5199497231766 0 0 0 0 0 0 0 0 0 0 0 0 0 0 -1.590523796805814, 4.72376890828069 27.54465253754803 53.30760125143595 34.12193590556362 24.01161093653089 91.76518269419074 86.19516592886443 0 38.05415738956228 84.27250855062135 60.48428653210314 54.80734786566342 15.50370958558784 47.23129728636187 77.28129878961343 0 5.044399300400671 36.38466027720133 27.17111237092536 16.40388780798708 11.17353171844916 9.629582259204733 -2.514624345259483 0 -8.242974267243175 -4.317660069165808 -30.28236413271662 -25.05876211587219 0 -52.67643942487121 -44.39330972467769 0 -5.766516412543659 -40.61217305572316 -39.86843902813936 -45.80063474056973 -25.86009386968738 -35.06019413892039 -82.72140585134437 0 -32.24208989850354 -98.60178213756163 -41.40073010633172 -16.71727837770718 -31.12371954968931 -57.10951046515598 -55.47914614040753 0 0.4561970083106353 -56.56933770817725 -52.07921541927436 -53.08711912424721 -25.24778505575394 -73.26308724188961 -78.14435998173126 0 -23.47571268258061 -16.18904822169339 -21.86771220695432 -33.86580521319459 0 -21.23323624525047 -69.0106508707531 0 -4.273880779461773 -35.95889257537322 -30.43631467924443 -10.15622314122325 -2.823509679796799 -42.22766934099604 23.64584788294713 0 -20.66963170302461 -18.52034294075737 -31.95766004787541 -17.64093799821101 6.077831653729477 9.350249191863139 3.222367636626 0 -6.284109517481731 9.628769241574426 -4.421780065666352 18.92568890335976 -5.599191106926493 -9.531916313418128 -4.646432428297224 0 5.560387681631485 13.71740698921272 0.7555569458818887 0 0 2.681066165348729 25.71754385459685 0 1.54463484397478 -13.90406388160743 8.76927640759742 -3.745164125959228 -2.510968516083807 -5.746227144767767 16.64969093032858 0 11.24979241496236 0.4362911955764517 0 13.49076011273458 -10.68691538692414 11.73607082102777 -53.68474864455526 0 0 3.517706315394107 -6.411980759797295 0 -6.711049828256446 19.62194866079075 0 0 0 -43.09670136017807 13.77700729410863 -37.30747475417343 0 -31.5982223798966 0 0 1.596187115282668 -8.458243239721003 0 0 5.850626607400681 0 -48.3442677639103 0 -23.2040678807544 3.718495207745693 -40.4025855667033 0 0 0 0 0 -3.614609746185844 0 0 -14.76644317211506 0 -48.54010279318915 0 0 0 -10.62342183226436 0 0 0 0 0 0 0 0 -19.99299520814279 0 -11.77241465567388 0 0 0 0 0 0 0 0 0 0 0 0 -8.376860299621651 0 0 0 0 0 0 0 0 0 0 0 0 0 0 -1.029095118969878


GFLOW: 1.3 0.0156741980194342 0.01547718833341572 0.01825631084128896 0.01801229758405844 2.997017225152378 2.997056628331098 2.988837520518313 2.988981241628867 -0.005662218157492762 -0.004984819352372424 -0.001102087608849057 -0.0003321577855131551
q-corrs 81.88275828432236 394.4188814966535 632.4220480345914 337.4114817813847 202.0516638909092 643.5717607517488 510.6227124397762 0 158.5223724463563 307.6811490241394 186.7373899498953 142.5475193709061 36.68776631335095 79.37671181251889 113.3049425076285 0 1.611397291401921 11.96929546355419 -5.206453229635175 -0.95759084151012 -14.91752371266186 -34.95240811800424 -11.80501527795719 0 -19.53288268251308 -29.83331303284613 -80.60073879211058 -47.26478708423657 0 -63.18762085219145 -63.66648541967646 0 -5.593893786268008 -32.50723564255396 -24.3595190195974 -31.54846397064427 -16.99949071973792 -45.19999765652773 -59.73571463327698 0 -32.27311443471951 -61.76933568540273 -6.73138426779764 0.9400501473777763 -19.9163634822139 -8.834427024230697 -22.84988704908606 0 3.038329212806711 -20.01959406382355 -20.2735560585318 -33.87413991705205 -0.4731663065500094 -24.1987046907278 -39.60985483174815 0 9.682504778754872 -5.878315806280138 -7.299335644510038 -4.063632846999801 0 18.48103573866715 -3.138249910159196 0 -4.197141527131219 -1.748379007839111 3.978735189311091 3.68620013749741 -2.707122850165369 -10.32330336188039 10.94170651816425 0 -8.054367420542793 -3.155230638584964 15.73801544728838 10.49176392489386 -2.078037088764065 1.142086030614035 5.551568100639037 0 4.744376552822682 9.447262390677331 1.654814132883418 1.131047263712863 6.334022440397535 3.256489233699127 -8.069522807140642 0 -9.481782219732231 -2.521070667888978 -1.257347962192837 0 0 2.494547434728277 -25.1864588269144 0 1.761934383382651 -21.83321445192368 1.133550827362064 -17.0723283780433 3.124330786386133 -38.21754778688349 -13.50587681191917 0 -8.015324271080711 -6.853617898646766 0 -23.98171674884513 -13.18140065394383 -15.95579329220621 -69.14924615488337 0 0 3.727685435967034 -44.24584312000611 0 -24.15783501691524 -15.49120369482021 0 0 0 -56.72167619027509 -28.20321789770842 -52.72867259766923 0 -39.99587376812497 0 0 1.161931184601676 -40.20058701671977 0 0 -4.418681273490306 0 -78.67277100240439 0 -32.10836939492827 -8.164320477409117 -60.56070239417062 0 0 0 0 0 -11.70766167877507 0 0 -34.39200991589763 0 -88.26211036327093 0 0 0 -17.36207378535515 0 0 0 0 0 0 0 0 -56.81669065413548 0 -24.68298056051946 0 0 0 0 0 0 0 0 0 0 0 0 -31.07081539375642 0 0 0 0 0 0 0 0 0 0 0 0 0 0 -5.614005062473579, 65.02556953209813 312.6212713970186 499.9977786425361 265.8763750328602 158.8314413298023 503.3496531136832 396.7127817680312 0 121.3261751436415 232.6611185400044 140.5459249627097 105.1119015995405 25.7260550061889 55.71048715073071 74.4711550293065 0 0.08136258729060586 -2.847103591190489 -10.64256405814563 -5.65291110681633 -14.83304755113863 -34.25207526550952 -15.13392168210708 0 -18.77593466684194 -23.72108856193519 -66.01483256758775 -40.12904876853825 0 -53.63834148856932 -49.89010959284559 0 -2.469279000201346 -22.5975152914794 -18.85190364343874 -19.85450482381739 -13.00944683456867 -34.89574375786675 -44.39870289501908 0 -23.98709391246913 -43.01426344992614 3.339809971020213 0.2816859069643505 -14.30423784764323 -0.3947165368953041 -12.35165770034186 0 1.165878044496703 -11.52212413182584 -14.16161879872079 -20.99413727969904 3.821178396998504 -10.60869834634023 -26.92147837756683 0 10.36707494682336 -7.29530202445148 -3.5577168869304 -1.720057653177379 0 14.81263014940962 3.226383593795561 0 -2.834560570339093 0.7976807514795086 2.480083201566468 3.005340980637226 -4.874556568806481 -6.465660886459044 1.833824857557325 0 -6.120261901458654 -3.29606468679463 10.66039939326335 4.409504843908867 -5.623892311647564 -9.3637288154908 -1.245483741131128 0 4.435177617831896 -0.9843405053313621 1.195073736766553 -7.969896954517944 4.509052578801862 -0.9063168116377658 -22.93630333401263 0 -14.45567157348167 -17.92147395624631 -14.22924509877659 0 0 -1.728141921339764 -34.9225591734243 0 -0.3731739937884377 -25.75578265540429 -7.286200892290802 -28.83802619337756 0.1392551298399667 -51.79330676334413 -20.4804752626634 0 -14.13723221382823 -11.12511934224127 0 -28.58775594245785 -13.91540823595273 -20.73472869929585 -73.70361592975871 0 0 -0.9889992293764704 -57.25931390110398 0 -27.21758381721807 -23.15671043847112 0 0 0 -57.14411032262376 -32.61976659902164 -53.0651670025004 0 -41.55070993241365 0 0 -0.2234248140574763 -44.22853268330409 0 0 -6.496149570090163 0 -76.99568287675399 0 -31.92146764204448 -9.210666919623355 -60.00700064141527 0 0 0 0 0 -11.85219282312003 0 0 -33.01221224774369 0 -85.59257187446829 0 0 0 -16.97819538001592 0 0 0 0 0 0 0 0 -54.13759405744904 0 -23.73817111036363 0 0 0 0 0 0 0 0 0 0 0 0 -29.39299319434312 0 0 0 0 0 0 0 0 0 0 0 0 0 0 -5.272096752211628, 31.70272306407613 150.9077073993527 238.2506391208698 124.5554848577 73.64407767739623 227.3835231503051 172.9213492153834 0 48.80523027526672 87.22621122643932 52.69900328291848 34.3552424504784 4.700019658523129 11.98633766781539 3.152218949783748 0 -1.428586155563228 -24.69452429032148 -15.33042980539811 -12.83375920125484 -10.83663516218746 -26.20690322718811 -20.34602337543644 0 -15.08823410375722 -7.926973775764655 -27.4781719002828 -20.06576676704691 0 -28.3250653571371 -15.06741321407414 0 3.923329598831863 -0.03627287622309971 -5.611377935786585 6.477577768649345 -2.984706040156063 -8.200540540928326 -6.010460296095147 0 -3.263580237706156 2.214702495502824 23.3694545905044 -0.3003447382418947 -0.3296014075873899 18.77822241781637 12.16803735601021 0 -2.462962901267281 9.987117411131244 3.705269174689631 9.023533524081563 12.6309651537202 21.019772611362 6.521981930567907 0 13.10540604939609 -7.126145171179815 5.879072789650738 7.170000233614048 0 8.834178348366841 19.93084155130393 0 0.5358943857301235 10.25696688644669 3.627665432244047 3.252929046906134 -7.163235583625648 7.061873680930054 -15.12494054390406 0 -0.7256220652954495 -1.882742765891812 5.730967208808015 -6.011821728534073 -11.52252421473752 -28.68176853838755 -12.00191795606407 0 4.372667512740215 -18.96225461128469 1.176962571864853 -23.81083257571851 2.483386851076319 -8.058019168344433 -50.82680305416559 0 -24.75776613483158 -42.74452615002612 -38.81659647777404 0 0 -8.362489011445128 -51.60915057976902 0 -4.226934250539462 -35.28643884002885 -21.85197016470184 -51.60896818920658 -5.086766387532027 -77.58567364367809 -31.99178127480642 0 -24.10161073447855 -19.56926846722789 0 -36.15134623580838 -16.04998950677703 -28.67783261315954 -85.91328598125349 0 0 -9.527830835741998 -81.77759378365353 0 -33.4674443450855 -35.8674909359939 0 0 0 -59.39884918013388 -39.70498491018018 -54.76588181640388 0 -46.02396551975932 0 0 -2.75901511026549 -51.68156248166957 0 0 -9.970824291777864 0 -73.97084173700964 0 -32.04498983711913 -10.85856180341 -59.56030902570097 0 0 0 0 0 -12.10558469633443 0 0 -29.91963720075383 0 -79.97546574637772 0 0 0 -16.26438836384395 0 0 0 0 0 0 0 0 -47.96997480173948 0 -21.61136630722218 0 0 0 0 0 0 0 0 0 0 0 0 -25.49140055825612 0 0 0 0 0 0 0 0 0 0 0 0 0 0 -4.479088862992936, 7.833654783934941 35.40466885522117 52.04703082808339 24.5455101882574 13.93024685488916 35.6112351475221 18.98879533436758 0 0.5304196622769375 -7.202866247333121 -0.7721101010227081 -7.325453213799982 -8.020142848332174 -11.10570571818769 -32.56858867306801 0 0.6623261593391456 -22.52506596074846 -5.304682252745874 -12.27067209326044 0.1863444261394811 -5.63282007103248 -19.23722927132599 0 -6.836204248336658 10.63044996075408 19.55144656678807 6.179548741094095 0 4.995032638116623 24.29012680262633 0 8.720134696775037 22.46839140450743 10.45567265991659 31.55514182088061 9.203348565667579 21.49302693123997 37.73481832177951 0 19.1852402332688 51.38831852496314 37.35694629167246 2.676813726139215 15.44949971930928 39.17226132776757 37.14593654575526 0 -3.686233231497004 35.42702756920199 30.24016686246706 37.13747860959779 19.16435925797376 52.21464674332859 48.5535629346718 0 19.71417050461114 2.960137273387838 17.1289605264881 25.81239549800808 0 10.61765501322764 41.20402036941644 0 3.888109214458624 26.89845272344181 17.31366477763574 8.202168022569879 -1.867644250008095 30.76063734636527 -20.33024089463431 0 6.006104424814979 2.527248620938289 17.39982313310706 -8.072405188724506 -12.57921917201131 -31.07796659110416 -11.83036657015478 0 5.971746889492041 -20.30086111931386 3.775535559739611 -26.34212538766453 5.718052374209383 -11.32630134386205 -63.08806940078143 0 -29.76470194666891 -44.27099387302552 -47.48367703871458 0 0 -8.166324164638858 -54.13256952620802 0 -4.973656384553385 -41.82900664164067 -25.80310028821095 -62.78952205688865 -7.402728307089362 -88.05484993929933 -33.96263848400883 0 -25.34450206039484 -22.88492964759094 0 -36.55312770848896 -17.72810056688696 -29.26031509417732 -95.09738184648933 0 0 -13.78451722491334 -92.45811074541791 0 -36.06988808813263 -38.14431850746799 0 0 0 -60.87474799016231 -39.66047774688788 -55.91401323403778 0 -49.47770625377483 0 0 -4.053918870914849 -54.18864968704378 0 0 -10.66043926941107 0 -69.84224894748985 0 -31.81671388329259 -10.77336425682071 -58.83825707759684 0 0 0 0 0 -11.96797162020691 0 0 -26.10283293277414 0 -72.99925293516573 0 0 0 -15.53019871763888 0 0 0 0 0 0 0 0 -40.52596311347571 0 -19.05772559735961 0 0 0 0 0 0 0 0 0 0 0 0 -20.87354515466775 0 0 0 0 0 0 0 0 0 0 0 0 0 0 -3.560975233837263, -0.4553033824454857 -3.714573601418212 -9.086674303383377 -7.046966577990888 -4.032650249833008 -18.67143189295829 -21.35012452484615 0 -9.409576377664784 -22.80998597556422 -5.569824673001609 -8.452286736968952 -8.176221260019869 -7.136151773449756 -21.87766993588693 0 4.357749503182981 -0.7699899206213416 12.29819609153147 -4.077647848649754 11.96744911870987 16.68503862736466 -11.17516158598512 0 2.576453819827776 22.42021639466386 50.48340922125394 23.9379320325517 0 31.0611801484699 46.85866628065158 0 9.88450147953939 34.63636506857116 23.01703474883893 43.18362245309341 17.57543983202755 35.34830850225418 63.3885033406126 0 30.16757839699957 79.24494467918862 38.91958586846205 9.216061727494177 24.86762733485847 52.09545461317734 49.76354204612027 0 -0.9639139638195242 51.77933861639777 51.81632908817435 45.92420585727191 19.80908226135508 65.54576431932701 78.07849606778072 0 28.19860173610051 21.19708359762637 24.61546133995336 47.71916878743646 0 21.57306709541997 56.46501765770249 0 4.878723520868364 41.17042658661763 39.1105120706952 16.57879708415694 10.605137473963 53.3900129785757 -7.006864380500962 0 9.931591535955462 6.603721248530926 42.00984689196454 -0.9817926224527866 -7.923997304687378 -7.110523882828481 -0.163565915975509 0 8.484335697970554 0.3734581893013349 8.314960455288526 -10.82163448300635 13.29772533563814 -11.41963485323249 -52.00042226004616 0 -23.4474836544325 -20.24479872421725 -30.89267223885881 0 0 -0.918514619164188 -37.27584047706044 0 -1.235903722113698 -37.76179545798622 -16.87940726527853 -54.5790155007873 -6.813252734842179 -73.68910409491443 -24.60922155838094 0 -16.75157448296571 -16.8701816085765 0 -27.57524454691672 -16.68841388902221 -20.32427281053297 -89.95074448558623 0 0 -12.88175537327274 -81.52151142192754 0 -31.28943407837247 -27.8369519182205 0 0 0 -57.37529956225572 -30.51919046694002 -53.55106073845239 0 -47.40251131007322 0 0 -3.763513390677684 -49.02570344779151 0 0 -7.898223015983921 0 -63.53438283204434 0 -29.86005636108371 -8.498267799599885 -56.36322471672418 0 0 0 0 0 -11.17768596144035 0 0 -22.14187774998653 0 -65.22397544667226 0 0 0 -14.81296750163362 0 0 0 0 0 0 0 0 -33.34523405117102 0 -16.63882385359818 0 0 0 0 0 0 0 0 0 0 0 0 -16.58710189150551 0 0 0 0 0 0 0 0 0 0 0 0 0 0 -2.722645100184688, -0.1461940176374199 -0.4576724630384601 -0.4909468062230049 -0.3194806645119794 1.16031029449973 3.519866143369152 1.638232463102408 0 1.692408143028065 3.68846424617449 12.49562975099391 9.185566208278622 -1.754346277660783 8.455794218508633 8.033949843549236 0 5.959177063920757 17.80591110260884 22.63521491915699 4.621371924748058 16.33635284604266 25.14570543129617 -3.467347909906178 0 6.124758422866851 21.11760224074183 46.36052554017783 20.91516073741208 0 30.24887131436966 37.95239712298337 0 7.435313180888585 28.01453576357 20.94612131496569 33.17979646713215 14.556494938929 23.40402137242944 49.39290931525395 0 21.4908376066802 61.88236506527127 26.64455642946082 11.70815654430433 20.02111892829302 43.79632199569432 38.34068956140582 0 2.43476516342669 43.0817341746352 46.1899455025158 28.17693280670856 12.69424021477194 47.18344185718053 67.92415847054397 0 28.36859647868955 29.88572776655332 20.63326580055537 50.56119306638154 0 27.63688122858622 48.07097069496642 0 2.668362614755692 36.72815384423917 44.26907902471145 19.75162745787527 18.19961680094113 52.20641541764698 12.3926421285038 0 6.809768422685564 4.897469031512045 51.18838010291626 3.921476145037802 -1.365285542736852 20.20705823211068 10.89036707509179 0 8.033913937799422 21.97419218861065 10.21348187106098 8.93282835717315 16.74578539157721 -11.20890587056592 -31.55865625518032 0 -11.14846455730026 6.218091966953024 -7.348928040850858 0 0 5.8586226361233 -12.45306696814186 0 3.185558171557104 -27.21923711696892 -4.649161283902043 -36.54249000453557 -5.624723373797075 -47.85606089272035 -10.47069993743515 0 -5.277656088529255 -7.173030499437773 0 -14.00020702110776 -13.93839605736601 -7.786016895450141 -75.44380239252396 0 0 -9.428611032875336 -58.89318509073631 0 -22.41085809601059 -11.99447172938181 0 0 0 -51.1886591053331 -16.69783863444351 -48.84599938855193 0 -41.64283829229157 0 0 -2.619911487256993 -38.90379662142362 0 0 -3.489453664077627 0 -57.44176095235883 0 -27.19037337127669 -4.971609631954234 -52.77870940267668 0 0 0 0 0 -9.723264269440781 0 0 -19.09933627904294 0 -59.05865280848563 0 0 0 -14.15038158395573 0 0 0 0 0 0 0 0 -28.05777566617296 0 -14.97457938051672 0 0 0 0 0 0 0 0 0 0 0 0 -13.43578154729183 0 0 0 0 0 0 0 0 0 0 0 0 0 0 -2.086392520086058, 2.284785914957077 13.33063886301936 25.61072109454209 16.1538619377498 12.03107091647136 44.80825166477635 40.73140264057304 0 18.06312827821867 40.00591522279725 33.74727279507422 29.27632760922771 6.096093792733108 24.91946806396045 38.33037902221081 0 5.286652033245701 25.92972586026112 23.3920505266606 9.914063990432874 13.18696263604251 18.1680118254992 -1.016011792687996 0 1.373386281565634 9.047019877814332 12.29506162949686 0.7608785096092436 0 -1.455976619235324 2.484721960692992 0 1.75148847026086 1.053101277098539 -1.425291737102874 1.362864672318127 -1.420772068039598 -5.001180313069902 -4.218026181537445 0 -2.693575656902544 -3.314781085245135 -0.2376649043957411 3.057581510688339 -0.2538425059008202 5.703107957201534 0.5576460608223082 0 2.71988833531954 4.216951518316383 6.019327336719739 -8.916111351588512 -2.668377245211361 -3.427396363576689 9.317921490020531 0 10.89705515896858 14.67262920393738 2.398568681702621 18.45360449487297 0 13.48266883481081 4.719416124292451 0 -1.174981471358353 6.690703763787996 15.36599859059367 10.39814486357261 11.27692617443065 15.53259378389132 21.73618975208677 0 -4.218970830862357 -4.734865437248059 22.78941586290637 -2.665157243184952 3.205659130434939 23.36842712677391 11.15919665102321 0 1.922813127163932 22.51796601837087 5.675478090317995 17.97276236570363 9.393972283913353 -10.70484791895131 -16.05749852400826 0 -1.618689087824173 15.80216187007998 2.210774710295598 0 0 6.334937575176458 7.474597569324679 0 4.098209716871274 -18.62340522808465 3.222486982353374 -19.32292957028791 -4.461339517204864 -25.38266683587992 2.696951798369153 0 3.455243119308337 -1.291761378865095 0 -0.9542933424911269 -11.51078733465758 2.306841588221379 -61.10714857367279 0 0 -4.230456823488154 -33.72651234037992 0 -13.99161717255171 3.111481560314221 0 0 0 -44.88279952563942 -2.671142870005419 -42.22758795771752 0 -35.12349700511027 0 0 -0.9043662503239058 -25.36777751937931 0 0 0.8904994073355359 0 -51.02413029187217 0 -24.19365403034586 -1.114231790780805 -46.34943155963315 0 0 0 0 0 -7.197032573025673 0 0 -16.36307333374924 0 -52.36830797595824 0 0 0 -12.53139134613928 0 0 0 0 0 0 0 0 -23.36722395876387 0 -13.15725702099826 0 0 0 0 0 0 0 0 0 0 0 0 -10.67905266804038 0 0 0 0 0 0 0 0 0 0 0 0 0 0 -1.534923875531256, 4.237396619750125 24.50190171923875 46.99731746342727 29.82293272332187 20.92117120072493 79.1467622297103 73.74733438863905 0 32.00067451891354 70.8583144033305 50.79143861196434 45.61952232712071 12.88725053620474 38.25532742611955 62.7288545779592 0 4.249930032199122 29.6410925914089 21.06331363887642 12.49980872593112 8.009555676299083 6.442494783719678 -1.874128938401012 0 -6.644197727455705 -5.041731584645437 -26.83091623543212 -20.93624091551938 0 -42.82257526224574 -36.97072048717008 0 -5.151058846759896 -32.76985303366606 -32.05525003325411 -36.9310772880551 -21.10621802984599 -30.67396073750204 -66.61862417043875 0 -27.62166308135099 -81.23263333008234 -32.85926364958229 -12.19431252362513 -24.7424045183504 -45.15665551847615 -44.77757678799512 0 0.2708916674393773 -44.2202993673334 -44.99534204391001 -45.83364850584343 -20.5022818202604 -61.2534810654953 -64.60306885960719 0 -16.66090980677497 -13.71887013536601 -19.87006820003958 -29.9125479263004 0 -15.03254051806533 -53.81460954712145 0 -4.157483726819435 -32.65453673785943 -29.31349294769779 -6.007679747739637 -3.892219690456008 -34.61220476713957 18.49339817713811 0 -17.32097608915232 -17.22610146982125 -25.58852968012841 -16.50945796783504 4.233470383198694 5.530250870121545 2.644885584941561 0 -6.408634005409342 5.769544448575719 -2.433798361824325 15.20164334987475 -3.869263618981749 -9.471675659661042 -9.114647075645886 0 2.260312944265736 9.657993762847308 -2.652228608946595 0 0 2.046956814287931 17.33803777898189 0 1.807072274403403 -14.48749314236186 5.975711868097716 -7.409675913718285 -3.113610246583353 -11.46269335424034 11.43372122586063 0 7.778841320489335 -0.5065220735032483 0 8.010065631392941 -9.896141532960922 7.618817563999199 -50.10049599796248 0 0 1.60255422177572 -12.11474719564711 0 -8.122511953586946 13.51972318211256 0 0 0 -38.58452777541108 7.75671573873283 -34.05527322433927 0 -28.91777318555017 0 0 0.9816833714752284 -11.4897830344315 0 0 4.045305276161419 0 -42.94979327997646 0 -20.61247031033889 1.996983722032474 -36.82387541654209 0 0 0 0 0 -4.103043343569718 0 0 -13.23310047272114 0 -43.21442826291054 0 0 0 -9.732570784849813 0 0 0 0 0 0 0 0 -18.17200874022584 0 -10.56721955405012 0 0 0 0 0 0 0 0 0 0 0 0 -7.823590443879312 0 0 0 0 0 0 0 0 0 0 0 0 0 0 -1.015615957997366


GFLOW: 1.4 0.01385956017695511 0.0136794091080913 0.01598841729492477 0.01576670087927491 2.997388140057608 2.9974239447218 2.990177521793544 2.990308600425005 -0.005249366644840869 -0.004925387077677752 -0.0007756476793789744 -0.0004060997490520325
q-corrs 63.58519283910936 311.372080472398 507.7236994876596 275.5791043953303 168.0245002227421 545.198059652563 440.9887628713406 0 143.0086956404244 284.6248152548509 178.8506814763466 140.9286813305602 37.15256008022142 85.60376388704104 129.3877621298566 0 5.534402312893664 36.87329685796072 14.43374991138889 9.160436532015524 -2.510401404111289 -12.41450167354231 -4.059026835560054 0 -11.53332764519573 -18.44701182883616 -54.02534229396769 -33.85462418577865 0 -46.54405700607269 -47.4134714176865 0 -4.014188222680733 -25.32799138060864 -19.92534810966264 -25.10995826567796 -14.57986158874345 -36.42271052024675 -49.70384244621692 0 -26.18076083199829 -52.09269755873645 -6.842048117801277 -0.7162605293252859 -16.48230049660681 -10.6614657029643 -20.21436649613902 0 1.953360111283106 -18.60909083037863 -21.39263379073558 -29.55309171338102 -1.707717124203663 -23.56121920166011 -36.21420364104884 0 5.477953091036893 -6.328092012486951 -7.944706895643638 -7.518537548636079 0 12.14234667727328 -6.250107190939444 0 -3.747128579935253 -6.992970034969 -2.40324892350765 2.784200853728919 -3.488306044024246 -11.63926346843107 7.886849976169693 0 -7.561091723550266 -5.052242532939839 8.295650114076292 4.571550361170168 -2.209637731202299 -0.2214037071739767 3.002696959306872 0 2.171251301661473 5.228816043885078 1.414085199394387 1.090562639638047 4.205932046893739 0.1438558156295058 -10.86423475296427 0 -8.182984814491011 -3.985902396923501 -3.655989438620649 0 0 1.307618746686842 -19.84357941765978 0 1.670577742155135 -19.72185989655188 -0.3295465493252498 -17.34543829376432 0.9974700374491683 -34.60205680496427 -11.05800678266398 0 -6.782617141183863 -5.636586227169215 0 -18.9875476931844 -12.0793767415633 -12.48788078837618 -62.25779748719151 0 0 1.240382692484109 -40.20484622756455 0 -20.40827966263515 -12.61191227651773 0 0 0 -51.74397316383553 -22.3492717415584 -46.97262618388197 0 -35.87818957718277 0 0 0.458413128563637 -34.54441758225229 0 0 -3.581072918471365 0 -71.23626271731584 0 -29.14413702443052 -6.488082276515499 -53.62844024098621 0 0 0 0 0 -9.867837331524525 0 0 -31.07314464733084 0 -79.45490119895796 0 0 0 -15.27388439000991 0 0 0 0 0 0 0 0 -51.1464223063669 0 -22.08861136529918 0 0 0 0 0 0 0 0 0 0 0 0 -27.89818437432734 0 0 0 0 0 0 0 0 0 0 0 0 0 0 -5.036069720584319, 51.30833728439916 250.8678599876223 408.24598087285 221.0110974022493 134.5291440047233 434.8601473404432 350.0131065780704 0 112.3678385431609 221.8611806221083 139.2359716129691 108.3550442625395 27.65113991730749 64.24738441400677 94.0244090982393 0 3.720871036376154 21.59909340729139 7.568297090225418 4.204163285352205 -3.783385928975036 -14.00096399618375 -7.194654305415511 0 -11.40095487590827 -14.42561852755956 -43.92340032338684 -28.63980721925678 0 -39.2106180072409 -36.9222473045383 0 -1.657162229619602 -17.54411257288966 -15.287355607498 -15.88415157709555 -11.13158092025151 -27.98576138291035 -36.89916773123929 0 -19.30881450540288 -36.29429667595097 1.1551812489135 -0.9341824193093253 -11.76917383030323 -3.353795114412646 -11.39909002658914 0 0.5798714588005025 -11.26477185585988 -15.42131536404184 -18.69653278110629 1.827764350334008 -11.83718416343758 -24.72789194225292 0 6.262093219723981 -6.980393964828172 -4.381020741863809 -4.650608468728386 0 9.215221756023181 -0.6772481157656998 0 -2.559296121311607 -4.117923055531867 -2.784518667542539 2.326609329992531 -5.036098997173531 -7.570127303816675 0.3582564267910779 0 -5.848512293180299 -4.867559684481666 4.823879148480542 -0.1978722909566688 -5.083487079115404 -9.256130920315098 -2.322456147480808 0 2.199646074757951 -3.279173567091631 1.087225442871161 -6.626089627126501 2.951195777396031 -3.2031590862745 -23.49647246620935 0 -12.81744393799427 -16.35858990400261 -14.95555277893194 0 0 -1.981071197425452 -28.42251803973973 0 -0.2233106705709623 -23.73620956802031 -7.31455894552645 -27.56125699089248 -1.361169398494829 -46.92380444372431 -16.78656895544258 0 -11.73392199167329 -9.664305401674238 0 -23.26112095060989 -12.93656337120058 -16.76136520990141 -67.58669766858395 0 0 -2.521612592892498 -51.92349261459884 0 -23.66750624094131 -18.93569814613291 0 0 0 -52.72305809567711 -26.56417210421743 -48.05756776104798 0 -37.93967531216104 0 0 -0.6447788340476261 -38.76296318532462 0 0 -5.306256385759916 0 -70.32740771512107 0 -29.278742597977 -7.522964677147778 -53.99332780602202 0 0 0 0 0 -10.25538692729928 0 0 -30.02212467291359 0 -77.68293448255278 0 0 0 -15.17016023927543 0 0 0 0 0 0 0 0 -49.0469124386653 0 -21.40943746910239 0 0 0 0 0 0 0 0 0 0 0 0 -26.56315042226807 0 0 0 0 0 0 0 0 0 0 0 0 0 0 -4.761842474070563, 26.35389366741621 127.8660171980993 206.0383964630844 110.1351377764721 66.58698325206404 211.3116513099147 165.955504733577 0 50.7346425603406 96.18179669101315 60.97041342914122 44.30912245887265 8.812535745149003 22.91493108578196 25.99543525500092 0 1.056435345887003 -4.150543405969927 -2.157306103676467 -4.271593537035879 -3.66707169362914 -12.36578355388896 -12.31129083469907 0 -9.354780058213292 -3.540474867535067 -16.19837326532382 -13.6689143139752 0 -19.02644696366288 -9.961771441823242 0 3.36478633222611 0.8387080956987969 -3.61008249132424 5.57586210314245 -2.267583115098999 -6.302524250043526 -4.428619443184811 0 -2.108038630667627 2.587637877069962 17.94818537597666 -0.4813061842074866 0.1188199447043354 14.14910947968829 9.73230369599141 0 -2.01457747254768 7.655531638877147 1.762856124454153 6.94404211102924 9.490532619710097 16.15206317244142 5.70744294804974 0 9.457897274579874 -5.49286784374461 4.668988662172136 5.251401195415888 0 4.995183032316407 14.70510011322565 0 0.338746299106407 5.760202279477555 0.4742279675852679 2.863841321593963 -6.330400821168576 5.849071038091727 -13.70835858541292 0 -0.9879401589225112 -2.904795565042287 2.63542719458712 -8.113917948017995 -9.956304097391019 -25.71763494670579 -10.77034568834906 0 2.859858548454726 -17.8985561000521 1.224182125753806 -20.40925114092502 1.865158820088149 -8.982800965251535 -47.37870145818746 0 -22.37761676592088 -36.724681501473 -36.48667556537714 0 0 -7.204537098984796 -43.78170615753641 0 -3.714192834867521 -32.89583442199537 -19.69374191104339 -47.44626195091817 -5.515078900863347 -70.61298863799509 -26.60838220603928 0 -20.08365698889419 -17.68886647720858 0 -30.72049622533571 -15.05957895046473 -24.25649172135552 -80.18912786537044 0 0 -9.403308672760806 -74.25901694452364 0 -30.28273929942461 -29.82058663768543 0 0 0 -55.41102401266072 -33.81648766187222 -50.76106459189202 0 -42.88255263541541 0 0 -2.683071899209174 -46.71095561619016 0 0 -8.29656616684251 0 -68.38521444927525 0 -29.75590850139019 -9.284981354497106 -54.97679635047974 0 0 0 0 0 -10.97801900890472 0 0 -27.51283994373481 0 -73.55819463380806 0 0 0 -14.94241573927097 0 0 0 0 0 0 0 0 -43.98292365493533 0 -19.77924780829334 0 0 0 0 0 0 0 0 0 0 0 0 -23.33625064628701 0 0 0 0 0 0 0 0 0 0 0 0 0 0 -4.101893488502899, 7.473859708990358 35.02920030652582 53.92426026998194 27.08146897177545 16.0668867368425 46.21168614667695 31.1038456191401 0 6.654972727774058 7.925410975019547 8.289118593011507 2.151018503494488 -3.728744514382639 -2.549124460418843 -14.41156934772404 0 1.245218852105478 -10.80246534237729 0.01847728000725368 -6.424038487299383 2.275768945350082 -0.2891546392577631 -12.32475648833018 0 -3.472321649256473 10.02070539686686 19.14716954491203 6.347495327575432 0 8.113004274723259 21.1296878966005 0 7.453980786380511 19.97876575297547 10.77309506935324 26.93112397304085 8.506310092406554 17.70483287226613 32.83841895398132 0 16.55489235092077 45.49981196391861 31.18022658829261 2.891862977392791 13.66214043723422 33.59612671715381 31.88779063301151 0 -2.776688120742057 30.24391320328868 26.11518971096797 31.65425362464522 15.87494413852916 44.72295980868559 43.6157112370043 0 16.35528889862447 3.932037573915957 15.25560642002567 23.26164070282404 0 7.783087428564578 35.16682013157973 0 3.198910624458569 21.94223855027398 14.01936256347156 7.341223927023343 -1.563936125568859 27.71103474660256 -18.3369318148831 0 5.262421933546216 1.768120162433209 14.19667419841209 -8.990640319195458 -10.93407409941673 -28.27139456253553 -10.53774900027936 0 4.863323797363189 -19.10385336075311 3.529136314125162 -23.65028786902469 5.02433174525626 -11.42878737611379 -58.28920261298739 0 -27.45167774408558 -38.78338582751464 -44.85920505992998 0 0 -7.128573954095456 -47.94446313172212 0 -4.669119410819031 -39.04113400569997 -23.62242207036449 -57.58300718287642 -7.288400382595835 -81.29370745812253 -29.07436839198326 0 -21.74692012731499 -21.36301565259317 0 -32.39235686776946 -16.54538958243223 -25.93161205537225 -88.82561908030719 0 0 -12.82492201991881 -84.70045324216262 0 -33.50156578597542 -32.65117417767431 0 0 0 -56.65601126164566 -35.22258778271595 -52.15241148121838 0 -46.19998758949322 0 0 -3.723870384039015 -49.97207609418079 0 0 -9.126050457942059 0 -64.84558059156647 0 -29.55842880845743 -9.59287210947649 -54.84981123858874 0 0 0 0 0 -11.15971919717123 0 0 -24.23128219426797 0 -67.69453778265799 0 0 0 -14.47168018863437 0 0 0 0 0 0 0 0 -37.62147548053927 0 -17.66021678494389 0 0 0 0 0 0 0 0 0 0 0 0 -19.39286372343436 0 0 0 0 0 0 0 0 0 0 0 0 0 0 -3.313858447769291, 0.2501121050391433 0.217551441252504 -1.742599604757393 -2.433966829653709 -1.260515950804917 -8.039128711337053 -10.95823758472216 0 -5.237577841903439 -13.29048632102328 -1.845794856523989 -4.237892355930477 -5.389736832703511 -3.547453756765069 -12.95820288529165 0 3.462612153766936 1.968363270398122 11.08028924335177 -1.41518563738064 10.28755819451317 15.32312654256533 -6.691703217231267 0 3.5531694558996 19.0057184079221 43.08265448907313 20.16600795950017 0 28.97122189959672 39.28917976523969 0 8.644829802784509 30.45858447859157 21.39109220983525 37.19850583817471 15.67333497539399 29.18701776704323 54.64502001731401 0 25.78420536099217 69.6660100869928 34.10402317469793 8.43047700237684 21.67954303494355 45.73480176400439 43.22085935300751 0 -0.6775347763603961 44.63321224608912 44.92672715520695 40.35769138629171 17.24441969016931 57.60123090872938 69.41256233548859 0 24.31031556527211 18.71459493820369 21.77421018717082 41.87040157781948 0 17.81618177837437 50.03403251624921 0 4.109462586418753 35.27965520798885 32.37392051265891 14.36076556364546 8.467727183616109 47.18874391976225 -7.907435264522416 0 9.105117934149259 5.92604941599383 35.11854908722947 -2.571101596861778 -7.072297444821352 -9.698993185308359 -0.9832460368516855 0 7.086853873686431 -2.747699948613796 7.289264657224259 -11.81062468287057 11.32829929831237 -10.85874052074265 -49.23506988619537 0 -22.86428326150013 -19.83030630505546 -31.98752351117339 0 0 -1.408907974656543 -35.52751939991042 0 -1.787526679773822 -35.96817149653868 -16.56745485560791 -50.96415549565728 -6.550905510962423 -70.0813498117756 -22.10888107853656 0 -15.28508660283144 -16.84490603755822 0 -25.77717263426194 -15.61448366044842 -19.37567887921359 -84.17768941110621 0 0 -11.82051744044446 -75.76336273424954 0 -29.80876463650677 -25.02899331482504 0 0 0 -53.15651391722165 -28.44815145115303 -49.61166647719791 0 -44.09251247456555 0 0 -3.420871585584017 -45.59527030256194 0 0 -7.089225756988786 0 -58.83918882045246 0 -27.57599136981233 -7.888110162266804 -52.0734681921018 0 0 0 0 0 -10.42017009897934 0 0 -20.67772099578228 0 -60.44662706635426 0 0 0 -13.66693416554795 0 0 0 0 0 0 0 0 -31.26418133590801 0 -15.45748620182809 0 0 0 0 0 0 0 0 0 0 0 0 -15.63249505472283 0 0 0 0 0 0 0 0 0 0 0 0 0 0 -2.581147731375095, 0.1301346356756028 0.9377285917783862 1.910389607158635 1.110751796079096 1.753891807373501 5.804483407237491 4.072784768589557 0 2.422982269317917 5.359533139217758 11.10136704088016 8.525065711460892 -0.7302864655095218 7.823014455348131 8.951164515222656 0 4.74060886689459 15.88923893188838 18.78822697523488 4.838557880033855 13.4668172892651 21.39085594282767 -1.194573296087658 0 5.963247701427764 17.67901993198871 39.2706734510894 17.71297299199738 0 27.33376514710369 31.95771497642041 0 6.519823356961147 24.62110831496454 18.96899373978913 28.76559387417779 12.97967959021047 19.77729777399758 42.96535892864925 0 18.57733399598175 54.55289764847491 24.09105384628184 10.16749701681237 17.50076893301244 38.48564377964043 33.46114382472233 0 1.866611523477381 37.36315236439729 39.77773406981901 25.88374143233793 11.41206465117016 42.09939764812169 59.98447342534365 0 24.57317485739247 24.79506609829228 17.74890261751786 42.70893993687253 0 23.10586170798043 43.22289578848523 0 2.322988075268707 31.465042668456 35.44477651239805 16.91075336164934 14.17078582148656 45.35725037212492 7.815864790337296 0 6.546174355813116 4.49454667925936 42.17210601988219 1.671185794689475 -1.616262130470453 11.97038232071561 8.16232381518844 0 6.389474395445299 14.50684878906319 8.794571307504457 4.414447048663384 13.98287576010538 -10.02522105421896 -31.67512235986366 0 -12.71009494528629 1.828081834002807 -12.29351392829528 0 0 4.095218776408206 -15.32730232906699 0 1.959994862120944 -26.92346656035972 -6.10408891139602 -35.36054832740128 -5.283941481556646 -47.80698959121534 -10.76608714915525 0 -6.038979459087685 -8.573051766212956 0 -14.67563667892878 -13.09080088392765 -9.138451449664748 -70.54426007932885 0 0 -8.594142288119398 -55.77537746674323 0 -21.95946135830622 -12.36823469624748 0 0 0 -46.84620085893582 -17.0895542214723 -44.37419401110147 0 -38.28422588981161 0 0 -2.381055389984824 -36.20706645555092 0 0 -3.575179317692046 0 -52.28080771635951 0 -24.67394894175377 -4.972947433065009 -47.52015416168032 0 0 0 0 0 -8.913115797079012 0 0 -17.64453644594552 0 -53.69687229268081 0 0 0 -12.6601042934809 0 0 0 0 0 0 0 0 -26.11917208318869 0 -13.6437133684601 0 0 0 0 0 0 0 0 0 0 0 0 -12.65721404785659 0 0 0 0 0 0 0 0 0 0 0 0 0 0 -1.999260499201525, 2.092321702078728 12.11242262096861 23.11294352774651 14.50369211698228 10.66498560979126 39.56133226762407 35.93511038066308 0 15.71746545938759 34.89976903464838 28.75451480219142 25.00938216367086 5.521842329791081 21.00786062580262 32.96541048260391 0 4.378309731255664 22.37539860259647 19.24717608115863 8.509302925231038 10.65881336655365 15.10218561076074 0.1657573433694575 0 1.68048559399716 7.226214132075574 10.35320822058704 1.017629390439663 0 0.1640236042787144 2.364918871077729 0 1.461157200778266 1.66326328769374 -0.2890458767373216 1.865688401878871 -0.6428156977855561 -4.094435702808798 -1.963014502343277 0 -2.04275347283451 -1.234781297734211 1.028619068032787 3.05120819190492 0.4670703100870601 6.0545486248224 1.42704173385027 0 2.04688507475197 4.933787453340378 4.995604989638974 -6.507867309596937 -1.723407816651979 -1.676652819112315 9.185761450188767 0 10.1591849637007 11.57641423194689 1.600913425639327 14.51773965300204 0 11.68428678003753 6.35609418231102 0 -1.045473583187471 5.010678417074748 10.30751073192839 9.461346340225514 8.078330403751551 13.6840819129863 15.92505982995768 0 -3.127251656407295 -4.326489786072714 18.50096050037518 -3.772606731792653 2.014050529117572 15.36002354885458 8.544145530915467 0 1.002784066955562 15.43264599562856 5.166909264968978 12.7683822028415 7.948962897067907 -9.603252920748188 -18.11693678718462 0 -4.149373913521504 10.20880084055521 -2.897836328250571 0 0 4.656419037123318 1.775143638430637 0 3.127335626687865 -18.84091428454624 0.9610761720013161 -20.25156880227215 -4.293950785503451 -27.70655699471057 0.02688208706037765 0 1.229743778853453 -2.870902901144579 0 -3.671277759330706 -10.71077864367084 -0.4208187289748979 -56.62856344516557 0 0 -4.284772842786728 -33.84291373352395 0 -14.22094749357365 0.00932407803430646 0 0 0 -40.4084195298571 -5.316004387724649 -37.79750421610834 0 -31.85035091337679 0 0 -0.9625621090048497 -24.36083608489363 0 0 0.001249104602951912 0 -45.59872925347258 0 -21.56406470965249 -1.763755296476378 -41.08183803264753 0 0 0 0 0 -6.671122676653926 0 0 -14.88875144372916 0 -46.74372785802097 0 0 0 -11.03730877527702 0 0 0 0 0 0 0 0 -21.50801979316533 0 -11.77719271477857 0 0 0 0 0 0 0 0 0 0 0 0 -10.02816232869361 0 0 0 0 0 0 0 0 0 0 0 0 0 0 -1.491005886503267, 3.786910637460345 21.72609580181474 41.34184723273277 26.03678686661284 18.21073100473094 68.31799693313813 63.23845779620515 0 27.06358350803481 59.92124311052547 42.9079195406733 38.28815546694557 10.81591596183739 31.44432752469691 51.7120911869595 0 3.592434793301686 24.61025445321462 16.79161215396979 9.875538488754785 6.001805140890313 4.676317674487882 -1.227184434246438 0 -5.239179091723017 -5.014346142734787 -23.18879106913533 -17.46050077035874 0 -34.74867532935487 -30.72891550278392 0 -4.460799848018 -26.46758499164302 -25.85581523293691 -29.91543247366447 -17.32570309780902 -26.76012625436944 -54.16560873070807 0 -23.64871715375472 -67.24932420477273 -26.26769910412514 -9.05478712685299 -19.87363605037651 -36.14097855003657 -36.44310869597086 0 0.1253912366205672 -35.09643756861607 -39.1100374079323 -39.60675236195168 -16.74050716357227 -51.49867592746525 -54.13351663888511 0 -12.09293965021266 -11.92202635161391 -17.71511804536692 -26.33149402923097 0 -11.04016443040887 -42.61659187727205 0 -3.921558384655378 -29.46110983682056 -27.53661177663978 -3.459630833765324 -4.660925933296373 -28.93248955539462 14.18793778046441 0 -14.68708446999438 -15.73788495180103 -21.07777980290143 -15.30242500061307 2.731470681067126 2.401030495202951 1.802852313242992 0 -6.094796999500105 2.79415860585482 -1.247401893881472 11.78762524897428 -2.75190210941392 -9.223050992444072 -12.17085090099915 0 -0.07384306242805216 5.866525458564113 -5.15193047672476 0 0 1.367377609258665 10.91765384412868 0 1.74826666519204 -14.46919227684877 3.505974779499963 -10.07995194704609 -3.485903360531063 -15.26084119704228 7.269895963021865 0 4.941931819335113 -1.292527782293914 0 4.013454870121305 -9.117577464310639 4.47893051990027 -46.34829512838877 0 0 0.03155993711543292 -16.05612540133626 0 -8.848158814707105 8.64418632598843 0 0 0 -34.72833143796295 3.447585351034764 -30.95347307853143 0 -26.33283001708966 0 0 0.4530022484386202 -13.20937594729434 0 0 2.605705871596504 0 -38.62505273867112 0 -18.44851979021848 0.7910213651670654 -33.39168594054651 0 0 0 0 0 -4.244258153944937 0 0 -12.1459152829806 0 -38.99104941337744 0 0 0 -8.847213871468563 0 0 0 0 0 0 0 0 -16.97283160453785 0 -9.614928081452849 0 0 0 0 0 0 0 0 0 0 0 0 -7.534630542540273 0 0 0 0 0 0 0 0 0 0 0 0 0 0 -1.035730150153621


GFLOW: 1.5 0.01235808053231547 0.01219465861681475 0.01413656996855163 0.01393615469362618 2.997690491059285 2.997722857219264 2.991277957077677 2.991396705281176 -0.004855715484980265 -0.004785982431921201 -0.0005287780112186917 -0.0004464351221166092
q-corrs 50.31994436976986 249.9731648264694 413.6027010231838 227.8662112354702 141.0982467656641 465.1746873056279 382.5222654423679 0 128.6388589392714 261.3328076173416 168.5467128632457 136.1012945031255 36.63966210440549 87.84488092603848 137.9242601513922 0 8.115112720136363 54.16109648864696 28.28063513062482 16.6031602554546 6.613746166840127 4.686259250299777 2.297669370027062 0 -4.963440096294971 -9.543984805839095 -32.81526860021808 -23.07185002146773 0 -32.29201300567192 -34.279256377273 0 -2.724693593036229 -19.08931240054214 -15.70504607456622 -19.60341024282808 -12.07188691212844 -29.03791541052258 -40.61550664797477 0 -21.12501767463013 -43.59166999701902 -6.744965669834974 -1.602499719796074 -13.56231816827654 -11.38534208354907 -17.75724292874713 0 1.161531911913339 -16.82870872164926 -21.13801768829666 -25.60390563387753 -2.600191943458345 -22.32712155084234 -32.51566883920994 0 2.422763527607157 -6.544538949084131 -7.958030371705297 -9.487699587923426 0 7.054254073619099 -8.530464150634364 0 -3.255953716454325 -10.24094220723426 -6.679688158800923 1.993716293488658 -4.032418779862828 -12.03301223536887 5.146673708557929 0 -7.081761005606177 -6.258849906459989 2.79365435576686 0.09216104324270735 -2.460450938355002 -1.990607777516634 0.8736302703825158 0 0.5005820270244814 1.731416655069972 1.140173637810137 0.4466576535583435 2.601338117801383 -2.113425717023209 -13.39515598357274 0 -7.536380995498223 -5.65097581298551 -6.024315248865204 0 0 0.3059196673748996 -16.45392601330569 0 1.384191582210237 -18.24052006969075 -1.705359563886736 -17.75021858348182 -0.5137268167639809 -32.21832192111977 -9.515100204090279 0 -6.078961571832238 -5.061619639932943 0 -15.56643686477865 -11.11152107488769 -10.2157972501421 -56.59354656541858 0 0 -0.5563625077948053 -37.25832203838429 0 -17.72201670765096 -10.79896211806964 0 0 0 -47.12300213655903 -18.29670915790521 -42.06301996679591 0 -32.41385454646729 0 0 -0.05422725635865147 -30.26918274100235 0 0 -3.056673470888985 0 -64.29805221314965 0 -26.40308300451812 -5.317707052831551 -47.73123250274769 0 0 0 0 0 -8.457405844921464 0 0 -27.94268919669472 0 -71.35899415342044 0 0 0 -13.51106855268562 0 0 0 0 0 0 0 0 -45.85245148771519 0 -19.74158283953486 0 0 0 0 0 0 0 0 0 0 0 0 -24.95498220661598 0 0 0 0 0 0 0 0 0 0 0 0 0 0 -4.500152787801057, 41.17404818626613 204.2925171393397 337.4940019124819 185.5658003536628 114.7756790281435 377.3367916773155 309.1798133285776 0 103.2809153158221 208.7055134718075 134.6493937035897 107.8897849024512 28.42293947414576 68.79386321965323 106.1090484598639 0 6.202703781695513 39.13994252668708 20.76496230659306 11.62414013874155 4.519238100418772 1.655377900149874 -0.6920431312218098 0 -5.290040055937596 -7.007021301666792 -25.99315333951143 -19.31515813834187 0 -26.7508064735544 -26.25704497234318 0 -0.9264203967472642 -12.93410997296971 -11.82186761501981 -12.22973490595473 -9.13453073423063 -22.12863006918187 -29.90674716365213 0 -15.39969364303863 -30.21274110335904 -0.2676788923175497 -1.544660329634809 -9.563677794582787 -4.999654064510995 -10.24608810159014 0 0.1468984476159129 -10.42155955696413 -15.51860407085405 -16.43338343516224 0.3805574511550258 -12.14134129976171 -22.17315604716963 0 3.315779510201817 -6.638024349061885 -4.624840646657203 -6.322296101212367 0 4.819082152905971 -3.484901339492144 0 -2.235435418447097 -7.249564160921897 -6.252380066257416 1.753510139609018 -5.101400714307793 -7.913730092104621 -1.064774553703471 0 -5.539749403510885 -5.858953802979192 0.604310236199148 -3.600021012840906 -4.81153500912114 -9.580783031276368 -3.308990183729719 0 0.7483431187974476 -5.161779626959077 0.940316918674684 -6.070724450918138 1.791365584844772 -4.796012914625509 -24.03624470538623 0 -11.72480537796918 -15.62637582778048 -15.72566963074847 0 0 -2.267073301417508 -23.96428661267389 0 -0.2630330365818426 -22.07403870805093 -7.494379717232846 -26.52395791133297 -2.377933613611955 -43.17389015479322 -14.24809703908831 0 -10.11822715216779 -8.736118141457943 0 -19.44131386778989 -11.99336984865812 -13.99583446428933 -62.08634851459222 0 0 -3.561568314481614 -47.61076892724698 0 -20.92976787848976 -16.03307463856284 0 0 0 -48.3959304986171 -22.18134830918787 -43.53377659338616 0 -34.66600853583296 0 0 -0.9341889400270159 -34.36830708448488 0 0 -4.489418307748447 0 -63.92892270324019 0 -26.73327736446584 -6.290050170260296 -48.62072222734105 0 0 0 0 0 -8.961065917839134 0 0 -27.16021672782921 0 -70.25287664617574 0 0 0 -13.57787223290422 0 0 0 0 0 0 0 0 -44.2337425798689 0 -19.26585751045684 0 0 0 0 0 0 0 0 0 0 0 0 -23.90523813536951 0 0 0 0 0 0 0 0 0 0 0 0 0 0 -4.281974182716024, 22.13073010041245 109.1623186019018 179.0089035606806 97.50867134082792 60.05088823159478 194.8907725520718 157.0205022734256 0 50.90660252555569 100.4014249648828 65.56524091193626 50.61208032819967 11.66150030734798 30.55306508520504 42.59847828930759 0 2.918775003999809 11.64856649313233 8.093392604984798 2.461843444296514 2.082193382539291 -1.105298342686234 -5.849433466557498 0 -4.566811511137341 0.2650988103597154 -6.457885687248595 -8.286072191730888 0 -10.99373875681025 -5.368576389813377 0 3.039585265943315 2.011399595459582 -1.747614365172552 5.346169618727798 -1.475100966800435 -4.48881405918035 -2.546328457271503 0 -1.076386044999319 3.135422450172529 13.9314638204224 -0.5279427936424215 0.5826421765188208 10.7943360154631 8.052910277712972 0 -1.726613037318999 6.204396031489345 0.4246236694158121 5.448894093801796 7.109913076794697 12.57140950570711 5.195306375207799 0 6.759063200992436 -4.344389373158299 3.836558542906737 3.88512254119589 0 2.025996956946333 10.73886421323957 0 0.2348825032248654 2.50529120808649 -1.701270194094628 2.537896984790595 -5.692896395620149 4.989514026673608 -12.72678927794414 0 -1.145805524291406 -3.595412871226643 0.4197216996965629 -9.518967173014238 -8.858659109405163 -23.35781995100986 -9.952258110008426 0 1.835861685108221 -16.99550267850933 1.215124834103877 -17.96314263117088 1.388723404341846 -9.426559092780453 -44.27756442520747 0 -20.36817890420995 -32.34182551692412 -34.32348484626852 0 0 -6.393386742922262 -37.86682293426837 0 -3.351297774389391 -30.53945444647909 -17.95749846291287 -43.70391551725533 -5.671410758210655 -64.47204295586421 -22.62570288566749 0 -17.13835214453521 -16.11510987617864 0 -26.50964729642203 -14.01383066399118 -20.89640781643057 -74.3491364831111 0 0 -9.106782895217625 -67.57442450753783 0 -27.45587709952559 -25.33163359311632 0 0 0 -51.29136920434534 -29.20093650986748 -46.7496807286733 0 -39.68419918572251 0 0 -2.573826352009491 -42.23175120663088 0 0 -7.049827875795046 0 -62.85046656844201 0 -27.4463919011671 -8.035073823173361 -50.45797707498419 0 0 0 0 0 -9.927543955002891 0 0 -25.17776363036928 0 -67.34839938165688 0 0 0 -13.66221221010521 0 0 0 0 0 0 0 0 -40.16169594146366 0 -18.04337622487838 0 0 0 0 0 0 0 0 0 0 0 0 -21.28201739520064 0 0 0 0 0 0 0 0 0 0 0 0 0 0 -3.741041794673976, 7.023337271999714 33.84649852604677 53.87643769973799 28.22431253319245 17.23953768282662 52.92364300852457 39.36249417916099 0 11.13244614461496 19.27196885434105 15.29327221581613 9.586458533242851 -0.3940680592975445 4.316130180456481 0.1511958024174476 0 1.852665758366737 -0.9399504639757623 4.834697640855168 -1.654933599828456 4.348195747057078 4.60500600417644 -6.939379054184859 0 -0.6946324357089777 9.934417324462924 19.61541722695729 6.800344372776623 0 10.64481413518183 19.08929045555772 0 6.482819314153996 18.06612261883529 10.77581666380517 23.39454606364194 7.836390931224532 14.94320007228477 28.94255051577871 0 14.44771855309118 40.24251268010703 26.1286355186754 2.865823771572473 12.15587158929546 28.76313040302816 27.55001059067135 0 -2.193710179751585 26.04710542823859 22.27757927483544 27.00401136906558 13.1756662007869 38.33829630460676 38.86188146062825 0 13.53184912236429 4.240197083643967 13.55443994232597 20.69709871985774 0 5.360775984057213 29.91035119095163 0 2.666227610264562 17.70043698837393 11.20060281915107 6.53953531820892 -1.464279754628548 24.75720388557636 -16.81207086104637 0 4.567032997482828 1.068678855464067 11.45653281041456 -9.552225165766293 -9.745399361042754 -25.84188755814957 -9.678757083252082 0 3.994606462766331 -18.06386497534589 3.244005639940256 -21.48536201721124 4.368813250731103 -11.2079237745026 -53.77613867117577 0 -25.25348380639874 -34.60909235316976 -42.11797200751726 0 0 -6.387176851286261 -42.87637819913287 0 -4.385236971862249 -36.17747831189467 -21.67510038108102 -52.75151069815132 -7.01747086767466 -74.84962704253489 -25.29134473407643 0 -18.98546345996195 -19.85059472218927 0 -28.91968224158243 -15.33798092863107 -23.180724869367 -82.39480611968318 0 0 -11.85814766741389 -77.48685321497577 0 -30.95219104598658 -28.38293763104229 0 0 0 -52.44660142934848 -31.47589828314678 -48.32046614725872 0 -42.85120462981126 0 0 -3.412580468915317 -45.89277383115154 0 0 -7.930325740693299 0 -59.9453278848324 0 -27.33191238581329 -8.583926617900115 -50.79409413039922 0 0 0 0 0 -10.32149682737541 0 0 -22.41380538365563 0 -62.53175877568873 0 0 0 -13.39529330083738 0 0 0 0 0 0 0 0 -34.81124632958452 0 -16.30659278854098 0 0 0 0 0 0 0 0 0 0 0 0 -17.9619199998767 0 0 0 0 0 0 0 0 0 0 0 0 0 0 -3.074799288618875, 0.7467448331006619 3.062435976717092 3.705386756537563 1.065527559589881 0.8941435902411836 0.3743513841889126 -2.626322823942427 0 -1.792014180310452 -5.329601187399547 1.652351426873567 -0.4029673456274754 -3.113323746293168 -0.2629750651903322 -5.217944078000764 0 2.943709018953882 4.875884630873745 10.79337994695471 0.832354864170977 9.360539814556521 14.80406290110549 -3.295570656146875 0 4.337721751505873 16.54931260470305 37.63744628012694 17.34144566620071 0 27.0228856168764 33.46042963158549 0 7.600562831047712 26.89048450409148 19.62873261910009 32.23996821298186 13.87848154100085 24.32593050553071 47.21524427131644 0 22.11599560537872 60.92784211306753 29.72083790730413 7.526705859898805 18.89983227867255 39.82481171659671 37.53168543254665 0 -0.5540414411144787 38.48480578028806 38.48900372315678 35.19158413586469 14.94360143221316 50.30668422037689 61.0492629091809 0 20.74977728360169 16.22340977793206 19.18268588025547 36.41032388443256 0 14.36466198824824 43.78727313070018 0 3.478234246871851 29.8300029828211 26.65706289445531 12.35644248145134 6.602444086685198 41.30878415288694 -8.624317104380385 0 8.165131750184321 5.098460923603795 29.11160015310094 -3.769756135081902 -6.544663165893761 -11.39604059465485 -1.856586557931793 0 5.956460296003431 -5.094007037302688 6.327339928887071 -12.44058054264697 9.580609305018344 -10.24550093312684 -46.30458648874902 0 -21.90654261083512 -19.61269642503187 -32.09309022096598 0 0 -1.856765956320802 -33.72126892980591 0 -2.175647203050416 -33.83183529222548 -16.09619890918627 -47.41819091061129 -6.221152533388976 -66.10171100414662 -20.08537574027645 0 -14.10135679977866 -16.47467743556312 0 -24.06634157279674 -14.51856289925813 -18.37556768683704 -78.32654433119357 0 0 -10.85347914104962 -70.27373986141386 0 -28.13247735895017 -22.73129251150968 0 0 0 -49.13681252459234 -26.49149249528822 -45.84882244491214 0 -40.87136568634769 0 0 -3.121260473031147 -42.29922196055855 0 0 -6.425619148837105 0 -54.41218540915161 0 -25.43977820344454 -7.320313808268931 -48.03157447643865 0 0 0 0 0 -9.680352629357461 0 0 -19.2645554523289 0 -55.93686398794615 0 0 0 -12.59286400367366 0 0 0 0 0 0 0 0 -29.22933856967977 0 -14.33143817052807 0 0 0 0 0 0 0 0 0 0 0 0 -14.6834602286397 0 0 0 0 0 0 0 0 0 0 0 0 0 0 -2.438447770308716, 0.3497783728001913 2.053518179338369 3.84708893863051 2.275539795644013 2.26515459295469 7.790182901381252 6.178641048671746 0 3.107783214260136 6.945548605456167 10.32522096740259 8.288585503660821 0.1065620085397498 7.591448077088517 10.0492703961877 0 3.863521070420383 14.69763811908522 16.1155435668747 5.103113045921959 11.43364124017373 18.72854781098004 0.4752517151816882 0 5.818014952158872 15.07913916280748 33.73936514986542 15.11227280084977 0 24.70144435792295 27.14015206656535 0 5.749937685043763 21.67648040727978 17.03225524496596 25.00570970942251 11.4374802701557 16.66318892498793 37.19837271233119 0 15.99150779702786 47.63957916779427 21.49553236512835 8.715328305888342 15.22142408749488 33.45633445027482 29.09074466777695 0 1.376689964958051 32.215479629245 33.70614758129053 23.19112981790849 10.14731484558225 37.08059445790032 52.20072169362041 0 20.97580426051867 20.38568660864091 15.28287187931525 35.91759663646316 0 18.90332056363573 38.09177038272229 0 2.001770551804849 26.47982471178266 28.27542148054454 14.33046044997266 10.8424584072943 38.95227739557181 4.177388389423324 0 6.011569442803521 3.892301378013004 34.42518846652005 -0.0853084348140527 -1.992104356439825 5.85879007666398 5.690300825699072 0 5.16234784047814 8.758277387702961 7.482375013418625 0.8968701005049202 11.58774451081564 -9.086602607958239 -31.23823139171013 0 -13.45645121174725 -1.85948766432502 -15.577967837434 0 0 2.613763801881706 -17.16050541977845 0 0.9731408406250446 -26.03097235556275 -7.22035159189122 -33.97309322692901 -4.974147995657395 -46.91125551549487 -10.91890919666036 0 -6.606495999637621 -9.433247143018722 0 -14.919327120076 -12.22047651153355 -9.96393193033245 -65.7227368634083 0 0 -7.948907025291344 -52.7737122954814 0 -21.22798176044743 -12.53697764720394 0 0 0 -42.97680172605455 -17.09715429573944 -40.49159534130766 0 -35.24876142647237 0 0 -2.203707342391313 -33.77682573151682 0 0 -3.602821927324518 0 -47.82287855384312 0 -22.50282665833023 -4.898030924143811 -43.07825954988117 0 0 0 0 0 -8.210394239981532 0 0 -16.35690792249 0 -49.09924601131831 0 0 0 -11.42241277221245 0 0 0 0 0 0 0 0 -24.37419461313787 0 -12.50031044520822 0 0 0 0 0 0 0 0 0 0 0 0 -11.93157970173009 0 0 0 0 0 0 0 0 0 0 0 0 0 0 -1.911950336896183, 1.920611107926675 11.02790233475977 20.902666777929 13.05312014053454 9.487126594454324 35.07785090454934 31.85521456889769 0 13.78309709297207 30.67983645371013 24.74808023236631 21.60870699687628 5.02785637102779 18.00726605872595 28.81405301247295 0 3.661317045660307 19.60293211708575 16.19156620796182 7.522700196590094 8.862020203779686 12.95314759127616 1.02460672050633 0 1.930933673295716 5.9907810794772 9.014542470164679 1.147522274555064 0 1.321891359048975 2.284127735706352 0 1.29018870448109 2.080533059744344 0.4544568672433895 2.176614045691204 -0.1967596104664344 -3.505714868975327 -0.6715573954923246 0 -1.626175175079838 -0.1049547481811706 1.751214423374178 2.814005688514136 0.8288632766126631 5.826476778430952 1.838384268107606 0 1.498512106493997 4.946191861121743 3.648846331061834 -4.999864109627724 -1.074349580211567 -0.7452839732109187 8.176633145689777 0 9.001395536039873 8.892887229692226 1.068192440323345 11.26722037396661 0 9.632967643350501 6.67743916291262 0 -0.9487429210778171 3.347658048200519 6.450857509357458 8.297732580622394 5.481174665771121 11.53385617717789 11.24717627198175 0 -2.459848798125711 -4.040228091723392 14.55347781818156 -4.581582522134731 0.9574751014230438 9.227036027537562 6.142203009311897 0 0.4502492199765674 9.925567243623483 4.53284089899613 8.510498457055316 6.584768314970078 -8.745152947954203 -19.39641030542818 0 -5.792090429617897 5.456032555654644 -6.58822898609481 0 0 3.201342652630944 -2.39395796864239 0 2.249502448598075 -18.51439814758464 -0.9640280986929142 -20.73505850097794 -4.146253492193097 -28.93736806278225 -2.013037332807991 0 -0.5259689208349083 -4.023234788194832 0 -5.539099204595414 -9.930041052135937 -2.398056561428769 -52.38993973651042 0 0 -4.407027844522615 -33.60112906965546 0 -14.12044066033923 -2.337679897848586 0 0 0 -36.60595208758362 -7.095827979933739 -34.06718195040791 0 -28.99164201329977 0 0 -1.04144616529794 -23.31755860376893 0 0 -0.6667591439259133 0 -41.17480902618044 0 -19.39477021654205 -2.189659911379851 -36.74797007822917 0 0 0 0 0 -6.187891052523016 0 0 -13.70143252529796 0 -42.21065897734846 0 0 0 -9.824857410529125 0 0 0 0 0 0 0 0 -20.01231484255012 0 -10.67056361661123 0 0 0 0 0 0 0 0 0 0 0 0 -9.499694209022586 0 0 0 0 0 0 0 0 0 0 0 0 0 0 -1.453423709276815, 3.374830310163894 19.22741400577085 36.33604148779631 22.73829394682974 15.85718299126092 59.08702931030816 54.40610291036016 0 23.02861778603176 50.9893353479988 36.4705019279986 32.39683366525463 9.166798269504923 26.19611575829056 43.24654644358746 0 3.051713408707708 20.79024596361815 13.73285924826339 8.072385345940265 4.704703325000343 3.723343122839545 -0.6373386483369621 0 -4.047565782004135 -4.6126652091725 -19.71111802061704 -14.55997131426209 0 -28.17799118903588 -25.54616390236391 0 -3.785002181185187 -21.42220990058469 -20.9252319151695 -24.3419672659215 -14.30443053172784 -23.31967935347098 -44.45760230525359 0 -20.26462682271794 -55.98163725469269 -21.14224729727552 -6.862258759747457 -16.14702223831789 -29.27692085716416 -29.91652009251566 0 0.009421462499620947 -28.31556535569673 -34.2051668584845 -34.28282368682665 -13.74410030765855 -43.54761535734707 -45.94715929849147 0 -9.064486521530277 -10.58957972288936 -15.62129312750191 -23.21883753002409 0 -8.547915017126469 -34.36837728811403 0 -3.626534192494484 -26.55508129527955 -25.53417373311674 -1.972770075586423 -5.195729415464081 -24.66347082709762 10.58139126145493 0 -12.58612795099585 -14.25592555233024 -17.94416938107388 -14.14459910501933 1.504725435224623 -0.1601207857768632 0.8398037736502748 0 -5.586770176439163 0.4161928442480107 -0.5844304969332277 8.729482378325052 -2.083098891205068 -8.866826137237885 -14.19489356063591 0 -1.71711982639063 2.473267245350078 -7.021843834424995 0 0 0.6933858717468122 6.007620536283432 0 1.503720183424136 -14.08950583216349 1.396074661027986 -11.94982690181278 -3.687436743436797 -17.69764971628985 4.011055000633015 0 2.671180254651226 -1.958405031230706 0 1.111622596409386 -8.373784650646813 2.093114449970759 -42.68395346250419 0 0 -1.190351682025601 -18.66472539775544 0 -9.149007629228301 4.834386356115436 0 0 0 -31.39463012375617 0.3750274848081165 -28.10689459702505 0 -23.94734822679644 0 0 0.02689837536946038 -14.07499799286696 0 0 1.484016535136862 0 -35.04974553200307 0 -16.61794469776831 -0.05159395395184463 -30.25286050030412 0 0 0 0 0 -4.196258009137321 0 0 -11.31366922359365 0 -35.5358038957572 0 0 0 -8.026512372711812 0 0 0 0 0 0 0 0 -16.10051140137632 0 -8.838893082996551 0 0 0 0 0 0 0 0 0 0 0 0 -7.361828464840305 0 0 0 0 0 0 0 0 0 0 0 0 0 0 -1.064368725654556


GFLOW: 1.6 0.01109998392759899 0.01095299936484907 0.01260298281219081 0.0124229766844881 2.997940600775036 2.997969669661186 2.992194080457763 2.992300844621549 -0.004485020456206686 -0.004596977293372078 -0.0003429608663925797 -0.0004649038557486612
q-corrs 40.48617123749749 203.6734337440155 341.3429051242719 190.5308470137319 119.5744951720625 399.7076769049622 333.424433153521 0 115.637428647316 238.9884637456676 157.308105043712 129.5519338306759 35.51838066082954 87.51564526927405 141.2912551125615 0 9.763219526974025 65.83971235964748 37.87960770768718 21.97529144809467 13.27181695508605 17.55634157546912 7.394324727382887 0 0.3533991285233142 -2.570758958901901 -15.89228253395387 -14.41341334304915 0 -20.20520096522814 -23.61631609525854 0 -1.641876137683242 -13.66837807281538 -11.76842076176784 -14.82424174095886 -9.630763072458816 -22.85851285951206 -32.5099933595443 0 -16.89619536003886 -36.04318223658073 -6.38909694704712 -1.992106618803319 -11.06711833791985 -11.29939666040175 -15.4182892926619 0 0.587607692402764 -14.88730559789966 -20.06078576687604 -22.02227029502426 -3.168326855908822 -20.68407712402296 -28.79435626736254 0 0.2422258195039291 -6.587313410726571 -7.584829262770068 -10.44958582385055 0 3.039575633190215 -10.08349450598287 0 -2.771508672626625 -12.13085553821556 -9.441980024153587 1.320553619979488 -4.400796422206683 -11.86113207542048 2.729498687489115 0 -6.61455621358296 -6.981535359374653 -1.261117587014285 -3.251980542553663 -2.773105515376151 -3.829692224013322 -0.9055535902586195 0 -0.5621372579830046 -1.164834225933526 0.8664773488212316 -0.5309233244708711 1.38850325643608 -3.727039282640935 -15.53156786804052 0 -7.268571791631103 -7.34797517203416 -8.209050280573805 0 0 -0.5434496259421557 -14.38846671846039 0 0.9994678779918202 -17.12059084753293 -2.953789688850084 -18.12461649989156 -1.576210139303295 -30.60800620802889 -8.557426308714117 0 -5.718952432217974 -4.881648825378076 0 -13.22559449755547 -10.24214179810537 -8.760983070908079 -51.80121168689335 0 0 -1.835385242794484 -35.00259422865427 0 -15.77246491701067 -9.660404077503774 0 0 0 -42.86546614572304 -15.47927655333401 -37.82583946637573 0 -29.44554373757075 0 0 -0.4213085827090608 -26.96784601132573 0 0 -2.725205350094527 0 -57.91170192488491 0 -23.88998505895047 -4.492979857188703 -42.6592487475146 0 0 0 0 0 -7.360060778975707 0 0 -25.04511766455704 0 -63.98247378673419 0 0 0 -12.00467240955894 0 0 0 0 0 0 0 0 -40.983669394076 0 -17.62591551439147 0 0 0 0 0 0 0 0 0 0 0 0 -22.25884109661069 0 0 0 0 0 0 0 0 0 0 0 0 0 0 -4.009298654848282, 33.53775052025415 168.5632540863933 282.1699565343091 157.2683534056807 98.62845416058309 329.030591272839 273.7684833359538 0 94.54224092634297 194.712529794854 128.3048726015101 105.1630015652575 28.41435307321883 70.63544872649251 112.8766086446438 0 7.862223963376737 51.48133473049095 30.20345122112843 17.12243285929807 10.71251509696663 13.65621196188109 4.534073090860723 0 -0.3029794597586406 -1.092832917532618 -11.48156423820843 -11.76534674225038 0 -16.11237580999791 -17.47871715076137 0 -0.2608153202290606 -8.790070384116852 -8.545870235229252 -8.885760831710835 -7.159387617104753 -17.19966049618839 -23.55894756923877 0 -12.11446243149125 -24.69379674163944 -1.072352064343155 -1.772925011154581 -7.658416604138933 -5.710026771257382 -8.97287299013033 0 -0.1670323641703182 -9.285335847101882 -14.90331898612548 -14.26467697589476 -0.619442359585519 -11.81583805061099 -19.54690092979765 0 1.208964501617427 -6.297586275173869 -4.517979745650535 -7.180910889918092 0 1.393503912465667 -5.460424464036672 0 -1.90243888423738 -9.169991026263757 -8.473196966180744 1.257755507863503 -5.109532282163851 -7.834175703111948 -2.389678572111279 0 -5.217205953540923 -6.44773600383496 -2.481326130642544 -6.081077334307757 -4.707259565768161 -10.11629619654309 -4.200025216940136 0 -0.1825701473947707 -6.728613930013623 0.770694326348722 -6.019236126031675 0.9083809642716223 -5.868772654634329 -24.43947649992755 0 -10.97976304181804 -15.41479620356494 -16.45887119541157 0 0 -2.565867024021193 -20.92484792046475 0 -0.4148204259410224 -20.6426013415475 -7.74714213173252 -25.60394904683855 -3.049347508800647 -40.21437840643831 -12.48548024749746 0 -9.035554521783325 -8.162908354618235 0 -16.68530850274774 -11.09489141022125 -12.07639861093903 -57.12098843227055 0 0 -4.239147180154842 -44.03600213143577 0 -18.79356176807776 -14.00628759142879 0 0 0 -44.27070503624073 -18.9839516083852 -39.46403494138571 0 -31.70661136981258 0 0 -1.124382944538543 -30.79202186162266 0 0 -3.916749008737789 0 -57.92182068489952 0 -24.33462818208254 -5.380425614745425 -43.83052886429691 0 0 0 0 0 -7.906039670688397 0 0 -24.48091668517334 0 -63.3731661145476 0 0 0 -12.1733327839761 0 0 0 0 0 0 0 0 -39.76268217476084 0 -17.30729538607758 0 0 0 0 0 0 0 0 0 0 0 0 -21.44697250594508 0 0 0 0 0 0 0 0 0 0 0 0 0 0 -3.837933023912528, 18.76320216185355 93.89578897454525 156.3337331902208 86.54973327596745 54.13969013078233 179.0250567008263 147.2757802532701 0 49.96722231373029 101.4277161817478 67.63456826981314 54.29926983870526 13.55989679126103 35.72615144445356 54.39479914846713 0 4.300578549229454 23.65511515184322 15.98466284744089 7.702153804584544 6.643893654542824 7.951750440149347 -0.6817577105083261 0 -0.6120329010173489 3.510561775169577 1.839178379626119 -3.785312623875508 0 -4.099241685313473 -1.32685790946662 0 2.874780098163649 3.30884195443338 -0.01507423274870945 5.529840259685672 -0.6539301276538625 -2.831877681312465 -0.5952782672484993 0 -0.1669018026949045 3.817046705179493 10.9808075526803 -0.49021374166151 1.007461192922829 8.385453666848468 6.884303606470883 0 -1.531985592615847 5.274969295617506 -0.4494978150168945 4.395932071398402 5.308539707691612 9.922286045503865 4.820602054978897 0 4.716445383505843 -3.566509172952459 3.242561617008477 2.844685992722451 0 -0.2956717574086163 7.63659197247085 0 0.1921808053905175 0.1297660767556925 -3.232695433338418 2.212677978283736 -5.217977736827169 4.275171794089832 -12.05437178029801 0 -1.249787632016276 -4.057775811368045 -1.285131865016924 -10.43784991920674 -8.07720919509079 -21.51897064782512 -9.432131215435142 0 1.129719526168012 -16.2824667474734 1.14620753137975 -16.21651329103296 0.9767370575695806 -9.549112646911274 -41.47218370784675 0 -18.65977356353322 -29.13952335363593 -32.37602822772517 0 0 -5.836231796538069 -33.3464750502302 0 -3.105254794751438 -28.28320341951613 -16.55366170419402 -40.34020470479216 -5.654137164369338 -59.08480678840714 -19.62706022854347 0 -14.9490701715078 -14.8049872074763 0 -23.21073445969584 -12.96846996124047 -18.31863035985135 -68.6544371039669 0 0 -8.707369114801205 -61.65468984105861 0 -24.9745571907602 -21.93719502885201 0 0 0 -47.2273588678816 -25.55260561419897 -42.88598476567657 0 -36.57324847910235 0 0 -2.444490958314892 -38.25063940637789 0 0 -6.102770003468902 0 -57.52287538317582 0 -25.19987062016998 -7.03603293661789 -46.14956375632679 0 0 0 0 0 -8.976828646909714 0 0 -22.95877185151881 0 -61.45782056099767 0 0 0 -12.45540452648642 0 0 0 0 0 0 0 0 -36.5587852449291 0 -16.41858728321255 0 0 0 0 0 0 0 0 0 0 0 0 -19.3524528110393 0 0 0 0 0 0 0 0 0 0 0 0 0 0 -3.401493096343029, 6.545546345578771 32.25420246343727 52.68194574881938 28.46253713037519 17.76138793271438 56.8795640955089 44.78291100348113 0 14.33682553306383 27.63073491060211 20.606201768054 15.32149231656552 2.167238650360965 9.738921528464649 11.68567443139755 0 2.429554346265236 7.234971078966893 9.046384102954821 2.216131654810982 6.275192187725082 8.947941794556124 -2.705249632279077 0 1.606249323429845 10.1475226258336 20.56958013854704 7.404670907085688 0 12.77009710903479 17.79264999829979 0 5.736181627772501 16.60398651665003 10.65112309441986 20.66382532784837 7.255085707236553 12.90411102126256 25.82610533317502 0 12.7411953813057 35.65739425214146 22.00295875100948 2.718798731757029 10.85825337965177 24.62512270701453 23.91753981457553 0 -1.808937105070114 22.55720745266176 18.86074202906709 23.08130089497671 10.94819314685332 32.87956146365813 34.38550498650157 0 11.11990722666115 4.123194936880003 12.00717458890651 18.18479237746484 0 3.27142382394497 25.25324408963603 0 2.252181569761093 14.06881702064959 8.748386153237206 5.753682479072038 -1.5040789199942 21.89212544703493 -15.63084594694434 0 3.906573720655126 0.4249359318839998 8.989406420853008 -9.891428349369743 -8.86745545596329 -23.81582072744364 -9.133168536491926 0 3.291782469035608 -17.21158442353892 2.920210863266439 -19.75097601314738 3.722197728378685 -10.80606929818565 -49.62119271148258 0 -23.21401464086023 -31.41153296232778 -39.45592416981071 0 0 -5.866277468922357 -38.67267816700506 0 -4.139422399814361 -33.37633092551989 -19.96266814927963 -48.32751763867254 -6.665094672630748 -68.84879136294826 -22.30171223387305 0 -16.82630343715127 -18.42120276162843 0 -25.98917873958219 -14.15344424449452 -20.88575022379987 -76.08692384629316 0 0 -10.92002529905835 -70.86356017313258 0 -28.51893685561482 -24.99515318383577 0 0 0 -48.36225780373001 -28.28724487782453 -44.57037392840252 0 -39.57258990112891 0 0 -3.121885565843307 -42.05096393860367 0 0 -6.977810325141708 0 -55.23474228150954 0 -25.18732515578284 -7.717153860295504 -46.83076411289545 0 0 0 0 0 -9.499767361413872 0 0 -20.67391241636129 0 -57.59377758793825 0 0 0 -12.34387229687441 0 0 0 0 0 0 0 0 -32.12624814529575 0 -15.01611499781002 0 0 0 0 0 0 0 0 0 0 0 0 -16.59457558095824 0 0 0 0 0 0 0 0 0 0 0 0 0 0 -2.845824163151887, 1.094100564849985 5.1111683739286 7.729280779026153 3.706572868385007 2.560318682388619 6.984216055712825 3.99393068341648 0 1.019108439395599 1.237738832576268 4.804281477565815 2.979165409358973 -1.266676354658265 2.648603872048863 1.393697899320683 0 2.672896372309651 7.736361502419433 11.06684871127826 2.725288219893819 8.920972073250677 14.81615705671585 -0.6826272962861069 0 4.987867942278776 14.77924452166877 33.63961287451568 15.24022580326724 0 25.31724805108698 28.94842092581191 0 6.722860671007878 23.87053952158292 17.91721146012009 28.11953972805751 12.27049062243959 20.47032218539687 40.93763324970894 0 19.04441755397668 53.15274773929083 25.81054642563163 6.618508628643374 16.4753367990828 34.48558041655852 32.57582391506176 0 -0.5130324968107298 33.16375627405038 32.69481253224937 30.51913108976482 12.89110503300264 43.70526993531634 53.24151168167251 0 17.53147818496242 13.84241940453441 16.82979587507947 31.39349906690904 0 11.24235438102717 37.85215802566854 0 2.95791823073712 24.88892498597136 21.75772757944963 10.53785154717156 4.983335573872425 35.82411117277403 -9.173771742288162 0 7.177148296580689 4.201510292563433 23.81429530744131 -4.708858289638593 -6.211295426547789 -12.52861438344278 -2.720005884742315 0 5.016922223985293 -6.889170428816938 5.431017421083283 -12.82132964490228 8.015621242911507 -9.636897107365673 -43.39738648926329 0 -20.75607766070973 -19.49566698962288 -31.60130205591649 0 0 -2.260664424982793 -31.90604527255522 0 -2.450001717190399 -31.56225903335549 -15.54324573582344 -44.02004153042689 -5.865747724982789 -62.00195935732123 -18.39254093071618 0 -13.11103797483802 -15.90458051821817 0 -22.43601041767656 -13.43812201739992 -17.36149553199423 -72.58031594464147 0 0 -9.970932604789681 -65.07566500695597 0 -26.37783997127179 -20.78986705571264 0 0 0 -45.33036056376827 -24.63632764155442 -42.28315660302277 0 -37.78448172723088 0 0 -2.854751868087637 -39.1517960555842 0 0 -5.863628327929929 0 -50.24967533222481 0 -23.44371764763952 -6.787321991953141 -44.23894513362295 0 0 0 0 0 -8.965240964047359 0 0 -17.91296154756526 0 -51.70001024655188 0 0 0 -11.58960538128915 0 0 0 0 0 0 0 0 -27.26672088559375 0 -13.26844541106048 0 0 0 0 0 0 0 0 0 0 0 0 -13.75680076152496 0 0 0 0 0 0 0 0 0 0 0 0 0 0 -2.297099675854447, 0.520398296988704 2.929641608940364 5.386413858757999 3.212233626854712 2.699246121430291 9.490394227259255 7.973649594767316 0 3.72931545391973 8.398492394764506 9.965762271869435 8.320871222038178 0.7880615215414946 7.605617996360392 11.19383361700232 0 3.239930690035973 14.0162045904378 14.27723623250361 5.377106996520816 9.993374194574832 16.84493767664043 1.717987567658633 0 5.695606608807491 13.09966962077403 29.42589951200549 13.0309394655942 0 22.40686411976329 23.26872145982157 0 5.099043627057053 19.14429643301346 15.24488377000825 21.80958889055314 10.02500770129907 14.03525883880574 32.1408815832239 0 13.73739051256376 41.36313776480591 19.00655196243486 7.406667022769666 13.1867911782449 28.86411669444318 25.20585524300791 0 0.9716655112558676 27.63117005513336 28.21346573865052 20.42055299770418 8.933534424619378 32.32125842956711 44.9074282913689 0 17.67252185382189 16.60168713370888 13.1456209937802 30.04038992703064 0 15.10117381201664 32.97823572420312 0 1.712914143872115 21.8967692514058 22.37429292122887 12.01523817778852 8.100973115442908 33.08891859350056 1.302998327967972 0 5.325644650336674 3.177664089927774 27.73539009566347 -1.49703113603681 -2.39835650935641 1.278428287234272 3.509585241128645 0 4.208815253398831 4.292086885476543 6.290125486138534 -1.829742049748297 9.507076948883938 -8.339641240201097 -30.46258089914859 0 -13.66970316385609 -4.905113660995607 -17.70040909769529 0 0 1.378571764658714 -18.23007586761415 0 0.1842705586921745 -24.79639279312202 -8.048078985212269 -32.45133971624487 -4.692690341389089 -45.45587328495456 -10.93306373186358 0 -6.997347850262355 -9.907345904331827 0 -14.84526377159673 -11.35453819197393 -10.40389093185731 -61.04354262505184 0 0 -7.416453179410788 -49.82952352038534 0 -20.31679304990666 -12.52359690466903 0 0 0 -39.47250286610821 -16.81739565241588 -37.04590381051832 0 -32.47187535169156 0 0 -2.060640109861905 -31.51430899640587 0 0 -3.58010284740628 0 -43.88374467156457 0 -20.58820333420713 -4.763848887024233 -39.2270580145067 0 0 0 0 0 -7.578705494118885 0 0 -15.19526832175548 0 -45.06874928022871 0 0 0 -10.36554487586123 0 0 0 0 0 0 0 0 -22.7807382252414 0 -11.49852920859866 0 0 0 0 0 0 0 0 0 0 0 0 -11.25112358693423 0 0 0 0 0 0 0 0 0 0 0 0 0 0 -1.825442422551794, 1.765090186032491 10.05914374543749 18.95230740033948 11.78546067620603 8.477717594550267 31.26913142261849 28.40403844787435 0 12.18908371764899 27.1969762080787 21.52560719821908 18.88633889528305 4.605815547455707 15.67768643706166 25.56183783036407 0 3.096814743220627 17.42718980413298 13.9068120435024 6.81206806525703 7.561266453597923 11.41468607220558 1.655032324842328 0 2.130443770992114 5.139543931050383 8.085791526325071 1.215664661694594 0 2.165980636544669 2.223026960070258 0 1.187226725265218 2.354813881227205 0.949833885628955 2.35248745794095 0.05971674848522901 -3.103262092382616 0.03093121225652284 0 -1.358068869712501 0.4483887457182734 2.120494504235471 2.475734303888849 0.9591268476063213 5.296103839415975 1.949079545364048 0 1.061269940168589 4.54909695354838 2.2581243809345 -4.064819383677457 -0.646044540718995 -0.3424403985731388 6.74846364776433 0 7.667577271989929 6.60824921188281 0.6859742765480308 8.548890692667518 0 7.543884638028281 6.172427569301679 0 -0.8708054016761347 1.769408636896767 3.460156243510511 7.059284053962093 3.389205504478729 9.321378953218932 7.485298412511713 0 -2.076749386956209 -3.863677690005507 10.96449987919876 -5.195888410576202 0.04484366971258069 4.501682332220957 4.004150819803659 0 0.108859862618975 5.597614812690746 3.85738410766375 5.043735955227524 5.324757770437094 -8.062640997659079 -20.1061223696958 0 -6.82259020378949 1.481400101227355 -9.251534123367009 0 0 1.961024905002128 -5.421451948440169 0 1.477360231618119 -17.86220947611122 -2.55002431995341 -20.8534940486455 -4.00474107627467 -29.39026179236595 -3.535905477584554 0 -1.883297131408104 -4.855673825673047 0 -6.786163540336586 -9.182018206171232 -3.813457101264071 -48.42064849449869 0 0 -4.516138055108062 -33.02961278955372 0 -13.80743050262554 -4.069939176211075 0 0 0 -33.30983807154607 -8.245352609928764 -30.86961453741485 0 -26.47349735856711 0 0 -1.11228090026711 -22.23399981847318 0 0 -1.155960020661146 0 -37.45938039085236 0 -17.56303268687898 -2.453727888376534 -33.11030816834244 0 0 0 0 0 -5.741344929877095 0 0 -12.70291877460473 0 -38.4444510320302 0 0 0 -8.820403616033413 0 0 0 0 0 0 0 0 -18.74817630764047 0 -9.755441984273707 0 0 0 0 0 0 0 0 0 0 0 0 -9.042554182674209 0 0 0 0 0 0 0 0 0 0 0 0 0 0 -1.417147199038636, 3.001984963369555 17.00043691629214 31.94109220747976 19.88219211864255 13.82576293476125 51.24123188117529 46.9888197591832 0 19.71713906962938 43.66537219825168 31.18599343539218 27.6240278840432 7.843298541238971 22.09054259978673 36.64016140315918 0 2.605942122527264 17.82992171163166 11.4841094942094 6.801379759930358 3.84526315099912 3.222647812260486 -0.1295759468707827 0 -3.061198155297859 -4.053493098232558 -16.56891503578684 -12.15731119679503 0 -22.85589568571796 -21.27808108863631 0 -3.167046586181775 -17.39170589162259 -16.99827731208752 -19.90238816479463 -11.88024006182581 -20.32510325643437 -36.83042948264071 0 -17.39966676453595 -46.8903180066949 -17.13883606672418 -5.3222060217111 -13.27889882805598 -24.01355957651808 -24.78114771257415 0 -0.0856566727017225 -23.23666392297405 -30.10699974477009 -29.74655043893287 -11.35474140995398 -37.05487759195317 -39.4800636018117 0 -7.084601737099595 -9.587731526148211 -13.69804796377196 -20.58226021930562 0 -7.063871693130395 -28.29680001364677 0 -3.3095737905432 -24.0023258144884 -23.54814958688757 -1.177606090040575 -5.552603308787692 -21.42891793117602 7.561719379461552 0 -10.89656468954723 -12.88109251705243 -15.81442101063262 -13.10151010741046 0.5021864366003497 -2.259362960868613 -0.1469705179010017 0 -5.021901129135466 -1.531248131230304 -0.2584582506566522 6.041274113007957 -1.72907043458324 -8.456755720674964 -15.4756710868344 0 -2.869274651507634 -0.4779697334500552 -8.442359536431521 0 0 0.05760007967606606 2.255418974923612 0 1.164515747871124 -13.5123463559837 -0.3599809200197215 -13.19080614907784 -3.766249783673367 -19.17892965576017 1.50265029074739 0 0.8825950581201774 -2.523655980521711 0 -0.985615356110382 -7.680073031414285 0.2844935942640396 -39.24465274677313 0 0 -2.096737087278921 -20.27744683464071 0 -9.191715876093733 1.912665705688336 0 0 0 -28.49092978734382 -1.803873218272687 -25.54723869159988 0 -21.79835529266419 0 0 -0.2996404603388485 -14.38610153439444 0 0 0.6271349871297902 0 -32.01509963059403 0 -15.05114871036947 -0.636894449630786 -27.44629866990244 0 0 0 0 0 -4.049984456135852 0 0 -10.62520195651084 0 -32.6209783399642 0 0 0 -7.288623927817472 0 0 0 0 0 0 0 0 -15.38501985456352 0 -8.183574056787819 0 0 0 0 0 0 0 0 0 0 0 0 -7.222227242807575 0 0 0 0 0 0 0 0 0 0 0 0 0 0 -1.088368259045992


GFLOW: 1.7 0.01003415814513687 0.009903147402552831 0.01131726831987125 0.01115676112050556 2.998150139854003 2.998176055384965 2.992965862247934 2.993061062406264 -0.004137778903642117 -0.004377683748070422 -0.0002043623080827539 -0.0004692171762248465
q-corrs 33.05256933906887 168.1452483036526 285.0156489163174 160.9396053628841 102.199904470413 345.8039417940868 292.0968337139878 0 104.0266663520068 218.1582224740153 145.9813868259733 122.1977632723475 34.0385103210555 85.56350337138383 141.1600793337618 0 10.76077639777737 73.39691443074045 44.35857323587683 25.75284095703053 18.07181810915016 27.13851522037782 11.39604681576636 0 4.600340468138874 2.888944535936559 -2.411351818196734 -7.470937212680759 0 -10.03998807304217 -14.93370736963333 0 -0.7167132098630735 -8.96934516558397 -8.158678050306126 -10.65036473807918 -7.343085055967501 -17.70450439883743 -25.36103262882996 0 -13.34109455087003 -29.31070037978908 -5.800715713697617 -2.063591446775936 -8.92949670952139 -10.65231118159029 -13.19556098709762 0 0.1784171081813468 -12.92799855091657 -18.52048235416093 -18.80196854121697 -3.465466177273367 -18.80670243540635 -25.224723172658 0 -1.285834853235759 -6.500959505405538 -6.994638043504047 -10.74605855724486 0 -0.08247874096866559 -11.05452543598051 0 -2.320580565093001 -13.11205309073071 -11.13209892418839 0.7517081656328807 -4.639137178348168 -11.37423909426914 0.6323330938276661 0 -6.163700570921691 -7.36659713715135 -4.246905981964004 -5.71189048871431 -3.104429017102331 -5.559394796791878 -2.389137475893371 0 -1.217322544259597 -3.555610621558766 0.6065988519813168 -1.656937099193358 0.4644634216780483 -4.856187601967292 -17.23591123643176 0 -7.20549027226435 -8.968316758678451 -10.13275546048716 0 0 -1.263324728588706 -13.19762905897708 0 0.5780015639191391 -16.20658327884549 -4.05276964861832 -18.39245856382101 -2.310882250256904 -29.46589651571622 -7.972420751208972 0 -5.572426243112405 -4.93037439142907 0 -11.62176946232435 -9.451301989328517 -7.854190423327934 -47.65499609826168 0 0 -2.728176789334708 -33.18348717632242 0 -14.33103404913198 -8.945146349329349 0 0 0 -38.96940987681342 -13.50715400441137 -34.13797061333341 0 -26.86776511511951 0 0 -0.6787123394812864 -24.36037947610626 0 0 -2.512530683070491 0 -52.0947299350542 0 -21.60331812260416 -3.905085053670385 -38.26376417826245 0 0 0 0 0 -6.492686465577812 0 0 -22.40015818432749 0 -57.31452946339974 0 0 0 -10.70669305977693 0 0 0 0 0 0 0 0 -36.55908303790697 0 -15.72811210393741 0 0 0 0 0 0 0 0 0 0 0 0 -19.81530157273868 0 0 0 0 0 0 0 0 0 0 0 0 0 0 -3.564495492043937, 27.68258136807299 140.7340406415985 238.3527335427376 134.4489570049706 85.34369404242577 288.3755965793993 243.1652018548678 0 86.38227399198664 180.7605551870781 121.1333465109817 101.1142630140371 27.88982675019993 70.66159200643052 115.8884984397545 0 8.934454452214391 59.91736178708797 36.82062560419412 21.113963167823 15.28238874308926 22.7582706013671 8.661878121799024 0 3.713171042327119 3.608504772112115 0.2191437121811752 -5.6672405780588 0 -7.116660718605607 -10.25355716431353 0 0.3456976327117371 -5.110085636085289 -5.515166302895487 -5.852353493820901 -5.287351750501271 -13.06973828461522 -17.89485166330721 0 -9.343627853845691 -19.68986749391317 -1.401049714140367 -1.76093153428808 -6.019693801500362 -5.772370188774795 -7.651728795436761 0 -0.386756269475521 -8.037069175817518 -13.8698032593763 -12.23311117345454 -1.269698830360708 -11.08992639605446 -17.01508412672739 0 -0.2895893558584723 -5.966479459220401 -4.212004813357398 -7.520695564633337 0 -1.253143231521428 -6.816938907409472 0 -1.584182107801027 -10.27662163846991 -9.832457898928867 0.819759225176754 -5.082654068730205 -7.544254721317214 -3.58475600211509 0 -4.897152739911678 -6.758519792667247 -4.765416987903473 -7.86068452981559 -4.700626616933444 -10.72191730826129 -4.991274164390282 0 -0.7682374981999365 -8.038256185364512 0.588886429136446 -6.269134289890617 0.2198855549010923 -6.55952476350492 -24.66067883121944 0 -10.4508731650044 -15.50877781191924 -17.10464332696623 0 0 -2.860084076716311 -18.85825133148503 0 -0.6260199555101513 -19.36784141032415 -8.019310200255687 -24.73682651633917 -3.474647968621412 -37.80963962437394 -11.24338286690859 0 -8.308790228766311 -7.818891197731293 0 -14.67779407311802 -10.24772667886787 -10.74318653094528 -52.6280731508062 0 0 -4.65330775465447 -41.00249039959479 0 -17.10048980210103 -12.56348951897376 0 0 0 -40.40803249115195 -16.62525853459239 -35.81297155505874 0 -29.03673611461692 0 0 -1.241444511629715 -27.84201818479583 0 0 -3.505311063431204 0 -52.3682500795499 0 -22.10921243651327 -4.700685308629271 -39.56598550288817 0 0 0 0 0 -7.038688125449591 0 0 -22.01137534671808 0 -57.07416624601598 0 0 0 -10.93340348369821 0 0 0 0 0 0 0 0 -35.6636091399485 0 -15.53051565334302 0 0 0 0 0 0 0 0 0 0 0 0 -19.20011561127161 0 0 0 0 0 0 0 0 0 0 0 0 0 0 -3.43203917479541, 16.05171922925796 81.35436173288116 137.269181970089 77.07352298612334 48.8627383685488 164.1576538845199 137.4072562391825 0 48.34844916320455 100.3353377044157 67.98208727627312 56.12332740647557 14.75061204607146 39.06006709539504 62.51319213731283 0 5.310250308628576 32.6451436086826 21.97697265284805 11.72781172508669 10.21874563954474 15.14809500071544 3.420379501599821 0 2.619440943710859 6.235240860950835 8.817219790963673 -0.0457211155784023 0 1.772955944253294 2.171334610377672 0 2.8171972978436 4.620388590778534 1.584568542868383 5.954270454599628 0.1599017914918792 -1.35857240944349 1.297072068522713 0 0.627001950625278 4.591530901655304 8.836938171518083 -0.3975162121046034 1.374561744438586 6.6797527056442 6.06602857382687 0 -1.389441572775278 4.658700396450019 -0.9729815358813361 3.667683645439047 3.948478050450516 7.94942347970511 4.502444023462028 0 3.14290137940072 -3.055510429272605 2.800827871737548 2.008605633161229 0 -2.119599135960774 5.151696168256294 0 0.1864491854863729 -1.619842061971229 -4.329106914880018 1.869255845331081 -4.870380467531771 3.608185295524511 -11.59178713365929 0 -1.327631059779325 -4.362218791782829 -2.679417477049295 -11.01315711650462 -7.508767551245993 -20.09529312410368 -9.117797622828309 0 0.6330976095135321 -15.74189215382645 1.026552440768279 -14.97254558117731 0.5950446089199548 -9.463335467763905 -38.92178379840306 0 -17.19409030111628 -26.78237344134489 -30.6439010888438 0 0 -5.459995028887966 -29.84511423329891 0 -2.946222661640562 -26.16087932557875 -15.40866480427053 -37.31557296570689 -5.529968166847224 -54.35834110599036 -17.32616279642433 0 -13.29468276092121 -13.71219579241167 0 -20.59428515303663 -11.95716808306169 -16.31707829291227 -63.24747160913519 0 0 -8.254385413569183 -56.41688978399696 0 -22.80526141951356 -19.3196651404398 0 0 0 -43.33073167319892 -22.63711866135917 -39.25063465178505 0 -33.62711698281679 0 0 -2.305404021669917 -34.7339180898214 0 0 -5.368346516613553 0 -52.49335228135123 0 -23.06525744031564 -6.22993836705324 -42.12432386903444 0 0 0 0 0 -8.128669014800153 0 0 -20.88063378942292 0 -55.94925256261907 0 0 0 -11.33663383715129 0 0 0 0 0 0 0 0 -33.20176651146252 0 -14.91243194060486 0 0 0 0 0 0 0 0 0 0 0 0 -17.55907797053594 0 0 0 0 0 0 0 0 0 0 0 0 0 0 -3.085576542420245, 6.074244394951013 30.48555195518614 50.82937647366622 28.12009301548223 17.84565609996527 58.8872868440161 48.12353392885675 0 16.56426241817736 33.65110996454564 24.54687829088645 19.661524651467 4.109200910025562 13.95145557277724 20.69823336225542 0 2.946401854750596 13.910686237203 12.6269523886026 5.332338854402112 7.987328211270277 12.6986354116633 0.6376949317175953 0 3.506738335223091 10.51025716500725 21.74291199781452 8.066967151856234 0 14.57945601794124 16.98250023460071 0 5.160354623433058 15.48724247240457 10.49388026308191 18.53660646029368 6.779282408807762 11.37871518743726 23.32103272298531 0 11.34582147482765 31.72172721973223 18.63862263645662 2.523111553101335 9.727209749837535 21.11542781995647 20.84688137014167 0 -1.543692890427607 19.60436464577975 15.89982137381455 19.77846229034309 9.103187061507137 28.20372600429058 30.24420362734008 0 9.045516825980922 3.753076609673428 10.60291006666322 15.78355562832783 0 1.470603008222408 21.10228715709592 0 1.926672459644871 10.9587605956024 6.59989620005539 4.97763085920103 -1.631508765581352 19.14028438391273 -14.69624638473486 0 3.27983783848895 -0.1628573307594285 6.716229818012771 -10.08638159118285 -8.201407850939864 -22.1508568162425 -8.803727308671025 0 2.70815271919424 -16.53324614417355 2.568988264704228 -18.35588098275116 3.082293066918394 -10.31414478844095 -45.83918576252432 0 -21.34706308786643 -28.9359166969198 -36.96293707791576 0 0 -5.50443240545164 -35.14393558696737 0 -3.934347724418364 -30.71175110789968 -18.46766994093181 -44.30900744672356 -6.27937555417333 -63.33904579657559 -19.8911932788104 0 -15.10580021677049 -17.1048535883322 0 -23.49166608726902 -13.01986465901491 -18.95226303191876 -70.06150161310934 0 0 -10.03340976747933 -64.83224357693277 0 -26.24830932042781 -22.25159504450736 0 0 0 -44.47283868420041 -25.55220701354162 -40.98948286335406 0 -36.44339906857097 0 0 -2.853378317356037 -38.49248403652793 0 0 -6.203326660628539 0 -50.76944837397184 0 -23.15400122593341 -6.968179315959936 -43.05008631401582 0 0 0 0 0 -8.719252037419405 0 0 -19.02529775589464 0 -52.92726149963335 0 0 0 -11.34136042504407 0 0 0 0 0 0 0 0 -29.58330891608654 0 -13.79889190843603 0 0 0 0 0 0 0 0 0 0 0 0 -15.29790482493662 0 0 0 0 0 0 0 0 0 0 0 0 0 0 -2.627943715088604, 1.333755452851728 6.571770516143193 10.67605084849333 5.683349997350431 3.838076436243639 12.12919778779468 9.201767702501677 0 3.284932828641483 6.585750533060452 7.554562912778785 5.88706820445182 0.2203285501625127 5.163661856871006 6.956611842844108 0 2.560169424007981 10.40854414149842 11.64363035877845 4.308064018083783 8.782743746804783 15.13318454912576 1.349701819574795 0 5.53238708835101 13.49723219552131 30.69876108748358 13.68153986450492 0 23.87099017871029 25.43120606888192 0 5.986088752893357 21.3268974145186 16.34676170904133 24.68629895547621 10.8730893206324 17.39436835211904 35.6514102204228 0 16.46927570088663 46.34686744260539 22.37300993983141 5.767055264592559 14.36305031956792 29.75409366803875 28.26126334556247 0 -0.5088325200345799 28.55010964097866 27.6028367566433 26.36335807298022 11.07216811601236 37.79991294406476 46.11574879008577 0 14.65942587395645 11.64185830653262 14.7063882068968 26.84793398510796 0 8.462971155728031 32.32582776758876 0 2.526325563280663 20.47489544591377 17.54176676314687 8.893029947839752 3.588438598601518 30.78303244884206 -9.571670703570835 0 6.191473166736165 3.295141082788504 19.1265487212649 -5.461365950793626 -5.990482150960078 -13.28246846931743 -3.530545873136107 0 4.219590372001052 -8.277148860308017 4.604120511505855 -13.02182444001542 6.612829303733538 -9.060823814470515 -40.60753198642635 0 -19.52455107492895 -19.41670714159981 -30.75848425866486 0 0 -2.618298345710387 -30.12004907838939 0 -2.643153102435833 -29.28583043626233 -14.95411256181735 -40.81245177132056 -5.510020722174649 -57.94478866153403 -16.93802549527474 0 -12.25758326686162 -15.22688996679826 0 -20.88953322525769 -12.39761031724782 -16.36040134528597 -67.05787475770813 0 0 -9.166408961197423 -60.19109979286384 0 -24.62263644215496 -19.10781643344587 0 0 0 -41.75091679465616 -22.88281175077771 -38.93133105422022 0 -34.8621711146895 0 0 -2.615401584537766 -36.1724862531895 0 0 -5.375661088739988 0 -46.34966375574383 0 -21.58342201620541 -6.286758850516297 -40.69781576126901 0 0 0 0 0 -8.282411803052675 0 0 -16.62773453261745 0 -47.73308081649934 0 0 0 -10.65607410295313 0 0 0 0 0 0 0 0 -25.3871929367815 0 -12.27000509745115 0 0 0 0 0 0 0 0 0 0 0 0 -12.85958784732109 0 0 0 0 0 0 0 0 0 0 0 0 0 0 -2.158195308222439, 0.6505424389932211 3.607146899712624 6.593924691560059 3.956577578699073 3.061859429429039 10.92238788299599 9.480910325596923 0 4.278068544092045 9.691525285736898 9.872768652788103 8.509613290353938 1.340990952189046 7.759329472794766 12.29924705221855 0 2.801375280062527 13.67877062274056 13.02434102135519 5.637511408384049 8.971479276956075 15.51002042725674 2.651942261372109 0 5.593349217329278 11.57961607150838 26.05157750356181 11.3776654903494 0 20.44195064754805 20.1484487542338 0 4.545901934023007 16.97542583474667 13.64748134288269 19.09213105330888 8.776609492930627 11.84011180661493 27.7660916953249 0 11.79376631587374 35.79292261291053 16.69923144667624 6.259311987298108 11.38797401165765 24.76465804721328 21.7738543117464 0 0.6467126373781785 23.58515672943076 23.38153368396572 17.75085432174705 7.793071209285754 27.92555699759179 38.26662100349014 0 14.70592694704712 13.37968325479077 11.28003302661489 24.96202114423204 0 11.72871153321801 28.08237734540912 0 1.458133685153871 17.77039292746744 17.47629123842531 9.960985847202711 5.851128796810775 27.80775202128658 -0.9485262757831814 0 4.573324574673644 2.418547968661303 21.95487667516458 -2.651764930625726 -2.78325589471716 -2.170300924033296 1.623715555740414 0 3.441406408072837 0.8023705148658919 5.222430194945268 -3.92818743358289 7.701257436212689 -7.738435534607557 -29.48252307126681 0 -13.53761450150122 -7.381395553471359 -19.00416807464656 0 0 0.3555950534271435 -18.7445956942675 0 -0.4415987599634474 -23.38699888591057 -8.634636007494894 -30.85456908608228 -4.436354210952964 -43.65205107521226 -10.82580186615072 0 -7.237463075617195 -10.10706750001685 0 -14.54609797208347 -10.51391051948393 -10.56591765399765 -56.56537270165044 0 0 -6.95248829606474 -46.93801813200886 0 -19.30290621760275 -12.35866896576742 0 0 0 -36.27512906014648 -16.33375721237825 -33.94915156954344 0 -29.919697479496 0 0 -1.93651048412403 -29.37958755564467 0 0 -3.51585451661111 0 -40.35002964396637 0 -18.87595784227073 -4.58711233856479 -35.82854976955257 0 0 0 0 0 -7.000398517982097 0 0 -14.13141121434023 0 -41.47517973329197 0 0 0 -9.444424694817673 0 0 0 0 0 0 0 0 -21.30462075475794 0 -10.60562489290514 0 0 0 0 0 0 0 0 0 0 0 0 -10.60544975665555 0 0 0 0 0 0 0 0 0 0 0 0 0 0 -1.739310213455368, 1.623920101684778 9.195114393591876 17.23694798262256 10.68207226043835 7.615463918461103 28.04182187857441 25.49080906722896 0 10.87330256325925 24.318859292695 18.92393926645286 16.69482705292553 4.245925748562081 13.84775736555744 22.98163653227787 0 2.652201995926515 15.70503594462218 12.17320197968431 6.284743150291446 6.601195646488986 10.28555000445154 2.118746049543829 0 2.283488264085314 4.540188847084646 7.428361753276937 1.253210062043981 0 2.782723545436705 2.167466404334792 0 1.120362922787072 2.518316345043765 1.278652455670382 2.427373928545924 0.2051293183249259 -2.810807952045662 0.3723908510564842 0 -1.185270200470182 0.6485520087934691 2.254773218328611 2.10714668503954 0.9445048570504917 4.621592085238875 1.864672496253005 0 0.717373435542481 3.933108947989925 0.9588978331366604 -3.496302329001151 -0.3830565982123495 -0.278481183308088 5.171622399126109 0 6.303579272591213 4.68596169071043 0.3894121480000567 6.257026718708202 0 5.544010880290214 5.179197376145773 0 -0.8042872032041779 0.3139378728995741 1.10579674099694 5.839765759090061 1.715625815278434 7.185094297553443 4.468300620476059 0 -1.881612686571092 -3.773823235795862 7.742346002938473 -5.678511308312017 -0.7266003431583457 0.8484327954370303 2.14216676618173 0 -0.1130581481247177 2.172145845736412 3.191874171120618 2.237121825925459 4.181572227638576 -7.50692995047894 -20.40159014859913 0 -7.4300471366581 -1.797193271563985 -11.16121911108825 0 0 0.9164920162795874 -7.593681381888672 0 0.8126173239405483 -17.03035498774144 -3.820991438132743 -20.68486350741168 -3.863725394307836 -29.29801031645497 -4.641482981232506 0 -2.912001715334207 -5.444896059365289 0 -7.580216278328225 -8.476777229125716 -4.808306668965907 -44.73705707175291 0 0 -4.577251110509813 -32.1862477183855 0 -13.36256078995757 -5.309333828950964 0 0 0 -30.41399632899755 -8.937086065083555 -28.0915442404097 0 -24.24125380064021 0 0 -1.162988221282768 -21.12336545381935 0 0 -1.502336826673171 0 -34.26276759623261 0 -15.98712616296051 -2.600981827963529 -30.0048818915472 0 0 0 0 0 -5.328152793485781 0 0 -11.83059592090844 0 -35.22893780271126 0 0 0 -7.972436124675315 0 0 0 0 0 0 0 0 -17.62933607650192 0 -8.975637816053951 0 0 0 0 0 0 0 0 0 0 0 0 -8.622356339124007 0 0 0 0 0 0 0 0 0 0 0 0 0 0 -1.37866110695757, 2.66769558833618 15.03022906274906 28.10297790544095 17.41735294083053 12.07830715112855 44.57739693530966 40.75198344910574 0 16.9850951586852 37.62789008828579 26.82285020385072 23.72495562012559 6.771221171992366 18.8321048161374 31.40516332209919 0 2.23637604084826 15.48717540089809 9.784749293101179 5.878774894168584 3.256454251523612 2.963339509395654 0.2904848071460238 0 -2.259207924729778 -3.457815819737982 -13.82586914574713 -10.17710616701635 0 -18.5600257567524 -17.78165356504612 0 -2.624840348102465 -14.1763201170237 -13.86858124857797 -16.36076013043618 -9.928895388353048 -17.73603830386502 -30.79488190787404 0 -14.98384312984752 -39.54439206486613 -14.00504236838477 -4.234741271870154 -11.05677096839131 -19.95564131526732 -20.72388754716747 0 -0.1655460864697793 -19.39928590721673 -26.67598067156749 -25.89337228641917 -9.451360590597488 -31.74900858380754 -34.32437549474786 0 -5.81525845116628 -8.825287605522155 -11.99088378613275 -18.38581311324235 0 -6.248349971384801 -23.83037741356295 0 -2.993394708910023 -21.80906556104867 -21.70408203391875 -0.8232814690265284 -5.776884444247059 -18.95847049819272 5.039004406099094 0 -9.530714139266387 -11.65584468843842 -14.40448060669931 -12.19851025552064 -0.3157006380325595 -3.981589188400261 -1.096033391269663 0 -4.473162966101052 -3.149462454301573 -0.1443877781886882 3.71437221343223 -1.587551146838107 -8.027241719681438 -16.22628251893639 0 -3.672567489722616 -2.990784828800687 -9.532710235133862 0 0 -0.5215710600109442 -0.6095246716158536 0 0.7895673753059265 -12.84367941113349 -1.790708875058442 -13.94825330619571 -3.759414285164342 -19.99513431771214 -0.3986733291892037 0 -0.5071697844448901 -3.000452175168792 0 -2.491657802578229 -7.044152905079551 -1.083102757903259 -36.09255779650336 0 0 -2.736600311187358 -21.15653812152323 0 -9.081345532655238 -0.2895001030126134 0 0 0 -25.94778521225784 -3.335583279856233 -23.2702266469767 0 -19.88789815522047 0 0 -0.5386871277503988 -14.34044327846779 0 0 -0.01546310551536334 0 -29.38378656961663 0 -13.69620986284847 -1.039005063115381 -24.96287915600585 0 0 0 0 0 -3.857425277574437 0 0 -10.01755751132506 0 -30.09527833689121 0 0 0 -6.633951856211723 0 0 0 0 0 0 0 0 -14.73312828951215 0 -7.61152828609355 0 0 0 0 0 0 0 0 0 0 0 0 -7.07298935721943 0 0 0 0 0 0 0 0 0 0 0 0 0 0 -1.101649994036384


GFLOW: 1.8 0.009122428551910641 0.00900678037084264 0.01022768529826286 0.01008570934180197 2.998327644083902 2.998350559897865 2.993622834050261 2.993706965865589 -0.003812826278291556 -0.004140655280231499 -0.0001021873966989338 -0.000464361185157651
q-corrs 27.33578798808129 140.4565199288306 240.502524221083 137.2094167508265 88.04294065414958 301.1218511542269 257.1835916445636 0 93.73098746465017 199.0613927794419 135.0341935865991 114.5984979764257 32.36708355611045 82.62197614565576 138.7024248022903 0 11.30380891141895 77.93382093354379 48.54342576024155 28.30741258376506 21.46773737037298 34.16639422805719 14.47147148296549 0 7.948850737691403 7.151559063160626 8.293211213796342 -1.916546364801586 0 -1.558322185026742 -7.854771815104698 0 0.08004227222177174 -4.913320441072792 -4.898656863919247 -7.003167835059529 -5.253203938766412 -13.41480406393874 -19.10983989251105 0 -10.34400736234875 -23.30636044354515 -5.03638212465254 -1.93528339162122 -7.096777169368167 -9.641903997896437 -11.10591913681047 0 -0.105515832063253 -11.04124653285331 -16.75019862824942 -15.93022930842403 -3.553101243433643 -16.83432632505595 -21.90467380908742 0 -2.332273563805309 -6.320132835353194 -6.301132533856842 -10.61629542805453 0 -2.475491922461682 -11.58312681231129 0 -1.915988697486323 -13.49477893072561 -12.07324109979329 0.2711214082619781 -4.780475680733947 -10.73692088017409 -1.157671427761242 0 -5.734351227739104 -7.518152171817822 -6.44413057344335 -7.488959817997937 -3.424583093303544 -7.092378587678345 -3.620107179152831 0 -1.601380995089649 -5.518125870352566 0.3658559492188731 -2.808589305269741 -0.2470621870938401 -5.621502741004502 -18.52267408950589 0 -7.239004725180616 -10.44619678409682 -11.76560521173611 0 0 -1.870792903267463 -12.56570166955962 0 0.1580903149965278 -15.41016990733138 -4.994444487398837 -18.52569623776336 -2.805958436778679 -28.5928597824321 -7.618995544270863 0 -5.550073457474613 -5.09788702409338 0 -10.51640052525048 -8.727387789426537 -7.306371069792254 -44.00689238803106 0 0 -3.334138242936475 -31.6409759913594 0 -13.23834357994628 -8.49143538748601 0 0 0 -35.42403780594579 -12.11146440430319 -30.90774599301263 0 -24.60593722250858 0 0 -0.8542137474432938 -22.25277685032236 0 0 -2.372461298357377 0 -46.83797756346105 0 -19.53520081943661 -3.479698525741743 -34.432988529486 0 0 0 0 0 -5.795722549562848 0 0 -20.01022140855336 0 -51.32544425478772 0 0 0 -9.581553320256347 0 0 0 0 0 0 0 0 -32.57462717661762 0 -14.03350132701033 0 0 0 0 0 0 0 0 0 0 0 0 -17.61938693384678 0 0 0 0 0 0 0 0 0 0 0 0 0 0 -3.164866863615834, 23.12291885831392 118.7587817364669 203.2386867402584 115.8701878319173 74.3395810002463 254.0381529440317 216.7326425453585 0 78.89223394952901 167.3380525238705 113.6999595520029 96.35195667056414 27.03497236364638 69.48790874368646 116.2732698639896 0 9.585806427274374 65.42689191831167 41.31756292401643 23.92966220680318 18.60040952883684 29.56668081240013 11.86458912972529 0 6.905885198065094 7.327183234550761 9.606136263396074 -0.7567864676964473 0 0.4222485015075268 -4.313765789702373 0 0.8944933689507182 -1.877822578831716 -2.761038660426914 -3.128271028720151 -3.562399094351162 -9.619657040698318 -12.90255449920402 0 -7.002665481321436 -15.16981813538423 -1.380710725078287 -1.600771679318681 -4.614622327985268 -5.401491380520717 -6.339856843293948 0 -0.5319306754529258 -6.784684479047505 -12.61081261772745 -10.3644949197639 -1.655836345058021 -10.13251345363073 -14.66437710792845 0 -1.34559978242879 -5.64454403280742 -3.805485569999751 -7.534982705401777 0 -3.276086676799263 -7.717941940210798 0 -1.293585171348931 -10.84139915508479 -10.59940520162833 0.4280235153732124 -5.032608386147127 -7.170778830047668 -4.63169008864266 0 -4.589790315241098 -6.878704264192679 -6.474301576292405 -9.107648761926981 -4.744017719936293 -11.31098182952058 -5.68062401497081 0 -1.125504770262963 -9.128067894075409 0.4028397019565251 -6.67928251717866 -0.3290314404901951 -6.97125043363665 -24.69341526548931 0 -10.05200542454708 -15.76114423100577 -17.63440474344449 0 0 -3.136656578658929 -17.44811593335822 0 -0.8613161011965331 -18.20636209031181 -8.27601202786909 -23.89021380729458 -3.725052948425934 -35.79282760645384 -10.34948001614456 0 -7.815739657027589 -7.616119256157814 0 -13.19495973825479 -9.455721269852599 -9.811128309632654 -48.55582673731329 0 0 -4.87797327056607 -38.37287806745461 0 -15.73284836465821 -11.51089853684926 0 0 0 -36.83629875636282 -14.8591820485743 -32.5428673215481 0 -26.6304387975487 0 0 -1.305449666762511 -25.373562673219 0 0 -3.201171936560972 0 -47.2899790309082 0 -20.0672069987035 -4.184628558264945 -35.77242107093812 0 0 0 0 0 -6.318249406820336 0 0 -19.76047515567675 0 -51.3556564760653 0 0 0 -9.838032765367787 0 0 0 0 0 0 0 0 -31.94205002120378 0 -13.92831522605197 0 0 0 0 0 0 0 0 0 0 0 0 -17.1648863192565 0 0 0 0 0 0 0 0 0 0 0 0 0 0 -3.064427180416768, 13.84777437125567 70.98036913299975 121.1809204929433 68.88470537600054 44.18391402343983 150.4695807217505 127.8071271386457 0 46.33736576963773 97.86918900956567 67.16896260672429 56.62958579081574 15.41907700709874 41.02739771111777 67.83285106927116 0 6.031020678332427 39.24540930951908 26.44573099719927 14.76987722589812 12.97842639698849 20.78745220489238 6.646589245723767 0 5.230411468232994 8.4879667377235 14.61259707482683 3.040004914248191 0 6.731397491134711 5.157414242948533 0 2.828183843440138 5.876485243708422 3.045057387049683 6.503752037471378 0.9400226673076466 -0.07299337155349495 3.06184265592503 0 1.313711472835167 5.41889758007051 7.300777855489217 -0.2687553422804826 1.681602174215591 5.496620421650925 5.491106462979009 0 -1.274537084164685 4.233885222585375 -1.236037436829605 3.172741242209865 2.924581738474217 6.470264735099009 4.206017569164521 0 1.916170737955369 -2.727722742922111 2.458112867586775 1.312504865133815 0 -3.549819529222344 3.128273667131243 0 0.2007315224925425 -2.918839745945092 -5.122923822518016 1.509601257755974 -4.617454488318415 2.95136187775401 -11.26362091267243 0 -1.392952877656982 -4.555994255912699 -3.866893551460644 -11.34245354795862 -7.082900762407967 -18.98501366712688 -8.938389335997226 0 0.2765960451428426 -15.33743865086449 0.8700270308002178 -14.08182913612992 0.2318418407232583 -9.246662151911959 -36.59219135750484 0 -15.92338849055922 -25.024041723165 -29.10360305994978 0 0 -5.208970433964998 -27.08899586948784 0 -2.848723969399476 -24.18653054752378 -14.46240148962456 -34.5920642471777 -5.343191613741305 -50.19911977243271 -15.52490729658684 0 -12.02036428185651 -12.79304081154837 0 -18.48972691098389 -10.99906574626596 -14.73966509286694 -58.19747250001949 0 0 -7.781201758692305 -51.77652641634081 0 -20.90735689021359 -17.25994814956285 0 0 0 -39.66354034731317 -20.27705659180054 -35.87991720280773 0 -30.88241137397362 0 0 -2.163953548247825 -31.63232710347593 0 0 -4.78688790844385 0 -47.80900461180178 0 -21.06867297200935 -5.571963050716912 -38.41146178588311 0 0 0 0 0 -7.376799388598926 0 0 -18.95501011742578 0 -50.85139264157703 0 0 0 -10.31045763433364 0 0 0 0 0 0 0 0 -30.10160871750386 0 -13.52682457768074 0 0 0 0 0 0 0 0 0 0 0 0 -15.90560420715858 0 0 0 0 0 0 0 0 0 0 0 0 0 0 -2.794075925859406, 5.626338358079161 28.67530382451316 48.62498089350137 27.41219323043036 17.63795224070121 59.52289492996826 49.94589054688641 0 18.04588772068862 37.85320327135722 27.38383322087385 22.8690389783518 5.558551174963359 17.16098754284324 27.63013692114799 0 3.389611667337896 19.27656132529596 15.59407364452084 7.81339997805472 9.454590348481904 15.85891527677272 3.277113158445587 0 5.065288171355653 10.9251276517054 22.95757554925389 8.723359591852212 0 16.11949476782096 16.48239129181912 0 4.714165970700543 14.63075806601331 10.34663698167235 16.86454288337106 6.403787822727737 10.2209737023061 21.29633710336217 0 10.19463429772147 28.37923953971011 15.89899318432517 2.32003197715886 8.736073548305647 18.16053512398219 18.23650550728928 0 -1.350261090926577 17.07986810878649 13.37935866950256 16.99757515301871 7.571431330347947 24.19526669957764 26.46774080127279 0 7.260233695082176 3.249421951005766 9.333562905961761 13.53725528851264 0 -0.07032932325155805 17.40608954411554 0 1.666911731218016 8.297196772366224 4.7164518332991 4.221015518599078 -1.806856197893979 16.53401094987475 -13.93495755444537 0 2.690768095881739 -0.6931429510806271 4.613745711237957 -10.18259262837865 -7.67994984234894 -20.78174626845235 -8.615457917753996 0 2.213924813614275 -15.99592464212991 2.205057043731943 -17.22035429034492 2.458019963857542 -9.787790765748873 -42.41563876734759 0 -19.65029450510526 -26.98921431052834 -34.66932054957991 0 0 -5.253761197399074 -32.14661682201114 0 -3.765231364729525 -28.21990395066813 -17.16371022672466 -40.67526662443426 -5.88949356133076 -58.32163753771195 -17.91089432172382 0 -13.70854770357999 -15.90754799876299 0 -21.34359826638804 -11.95270048343694 -17.30645828580004 -64.40183918378224 0 0 -9.210633095211129 -59.36789175168686 0 -24.15694880901273 -19.98851670848613 0 0 0 -40.81712288031559 -23.18835234401558 -37.62408710851243 0 -33.50459083930205 0 0 -2.607707236271397 -35.23033923545572 0 0 -5.561934766587673 0 -46.57946426319573 0 -21.24750507610368 -6.317098791612457 -39.49907671950935 0 0 0 0 0 -7.991665396855515 0 0 -17.47531356106901 0 -48.5556066682184 0 0 0 -10.40006684817596 0 0 0 0 0 0 0 0 -27.19104973974298 0 -12.65954311042741 0 0 0 0 0 0 0 0 0 0 0 0 -14.0755188538737 0 0 0 0 0 0 0 0 0 0 0 0 0 0 -2.421727685221924, 1.494989394433048 7.594214229465495 12.80275868082249 7.144254306288867 4.8058196413323 16.08543965469189 13.25005919415602 0 5.08763779600961 10.88330906020729 9.88994190722525 8.331726227354316 1.407970933041697 7.287384796600787 11.56729944923723 0 2.543095217517816 12.80828634568398 12.35011449384963 5.617114630301066 8.817405917012898 15.59647367432806 2.939883378463657 0 5.986097360896865 12.55877942840728 28.51872913550709 12.52292198661288 0 22.66022312108186 22.6648983539892 0 5.367465042413933 19.18760116206649 14.95092794771259 21.8172566367974 9.680436946354707 14.92480593645724 31.2064868613472 0 14.30638581451839 40.45321817529177 19.38322244920722 5.000864229278584 12.52601323704068 25.61735505337543 24.51108997409009 0 -0.51672318882144 24.55118642918524 23.19860578804196 22.70902400988589 9.470557659369749 32.56568074498222 39.71699495356667 0 12.12570826707919 9.656623918574212 12.80179660049809 22.77771689760091 0 6.026277098746066 27.26905236196475 0 2.165934058470572 16.57721640317307 13.91192104278442 7.415612305239748 2.396772667101746 26.20885252860507 -9.834724071049918 0 5.24376275474897 2.420830543167482 14.98561414921674 -6.069181023202918 -5.831206009397259 -13.76719664175702 -4.261711236314631 0 3.533070557694712 -9.351923630257684 3.84995270874439 -13.08655425904539 5.360001391740061 -8.528348422911929 -37.97794497691044 0 -18.28025024732034 -19.33464713305074 -29.71808114355063 0 0 -2.928099395337344 -28.38962738963172 0 -2.776161318037049 -27.07754430284956 -14.35453020239816 -37.81528983355363 -5.168095632854692 -54.02989125374341 -15.6625108980737 0 -11.50451344587687 -14.49922488434525 0 -19.43169239955184 -11.41188841754469 -15.39000075872978 -61.83102656133837 0 0 -8.434384833741605 -55.63284105820308 0 -22.91605254735444 -17.62335609571674 0 0 0 -38.406492681947 -21.23417517956806 -35.80263434281318 0 -32.12184617208918 0 0 -2.399376856609335 -33.37627793460371 0 0 -4.944234398891155 0 -42.70842145333243 0 -19.85493330859605 -5.818149557857402 -37.4071319378608 0 0 0 0 0 -7.637649564097101 0 0 -15.41084097721479 0 -44.02898285753999 0 0 0 -9.790597033148291 0 0 0 0 0 0 0 0 -23.59543424387928 0 -11.33504862481968 0 0 0 0 0 0 0 0 0 0 0 0 -11.99531169992935 0 0 0 0 0 0 0 0 0 0 0 0 0 0 -2.022398766358304, 0.7479664509862984 4.122417299499336 7.5269918715687 4.539871046848559 3.358874433490548 12.10558328323015 10.72525820032744 0 4.749982188745721 10.81193580230623 9.937047714221514 8.775259774194293 1.787102824657353 7.979996621289807 13.31162144175316 0 2.495778353368606 13.55982302166357 12.17513131096431 5.869879197132944 8.242224464226108 14.55573435931319 3.35715015673199 0 5.505023101511835 10.39934924947776 23.39384249979799 10.06694627335782 0 18.77027822812842 17.62043141679252 0 4.073170793304721 15.11854698976182 12.24409743485574 16.77743578020866 7.694915658210121 10.01686072576814 24.01209977654422 0 10.12860311258064 30.91752233505043 14.60489114822624 5.270535524620986 9.809051913802847 21.15734357476237 18.75688692478758 0 0.3918545016578424 20.0404217253762 19.20650569246881 15.27447053793315 6.739041714550284 23.93896191607632 32.3348226925294 0 12.08414952012575 10.65356578986446 9.646230388159228 20.58396053947804 0 8.784212809999561 23.52618800637165 0 1.236064993303393 14.11176195299521 13.38994973098041 8.156429896600951 4.011759355711716 23.11059445469547 -2.693879330928143 0 3.812127389351129 1.66356674752446 16.97001709356928 -3.603766248449322 -3.12075965631439 -4.766557671737607 0.01888138338124001 0 2.806285686319457 -1.930858363453127 4.277796046513781 -5.526155256929797 6.138203628693578 -7.246071903344722 -28.38462969319806 0 -13.18664370783999 -9.361809731452759 -19.72786182250502 0 0 -0.4857488335557369 -18.85974405297012 0 -0.9336683449665569 -21.91138664403094 -9.022612388802033 -29.2300785338769 -4.201882365097902 -41.65168483014035 -10.61945594873688 0 -7.353979468631671 -10.11320456899334 0 -14.09417176456533 -9.712695686515852 -10.5305311956386 -52.33038876345018 0 0 -6.532258098399078 -44.11613696273687 0 -18.24261548040565 -12.07462933554216 0 0 0 -33.34911406971567 -15.7138933814223 -31.14668182845429 0 -27.57188615228429 0 0 -1.823144276053835 -27.35993410051417 0 0 -3.419237185020577 0 -37.14840525271345 0 -17.33106513514883 -4.382428266415508 -32.79455228421665 0 0 0 0 0 -6.466909190881929 0 0 -13.14644187979773 0 -38.23108424120846 0 0 0 -8.629844908744481 0 0 0 0 0 0 0 0 -19.92152736203587 0 -9.79872752634329 0 0 0 0 0 0 0 0 0 0 0 0 -9.986415717910898 0 0 0 0 0 0 0 0 0 0 0 0 0 0 -1.653084436205786, 1.496102712520802 8.426491638607486 15.73174885451454 9.723508962120928 6.879472926443192 25.30677146353952 23.0299611263662 0 9.782978982777085 21.93202582449597 16.81265467080629 14.91865486043292 3.938312635877591 12.39277888539326 20.90669938544102 0 2.301206504005754 14.32693530903651 10.83722678934797 5.879392982218924 5.877717983071906 9.432479588084119 2.457105130704661 0 2.394466177152146 4.105561100185445 6.945981414344035 1.274556368022978 0 3.225770484150459 2.108665519414958 0 1.070368166712769 2.594085480706498 1.488923207329744 2.424364429475582 0.2830438351337512 -2.584589113233421 0.4922475107515791 0 -1.074654084558291 0.6309784204173787 2.230851483508856 1.745047994984589 0.8430691846232437 3.892781886181917 1.65682814043036 0 0.4492458452266839 3.218712235793367 -0.1930425966949252 -3.163304477154014 -0.2429543261475429 -0.4283425790106765 3.600008583042261 0 4.992627347067941 3.081608283888434 0.1422813269382284 4.314576533021793 0 3.702007213221226 3.928119274564713 0 -0.7454595394172563 -1.000948610975954 -0.7716279110563566 4.693645294614637 0.3845185155347983 5.199900438203789 2.057674844131692 0 -1.807921821142972 -3.746690996066686 4.883559585445191 -6.066962639676921 -1.366476568942409 -1.978773682494077 0.5472996998322124 0 -0.268411238775098 -0.5495143701467389 2.56604142837233 -0.02047128400433751 3.15955624906965 -7.043371682941427 -20.3981412745518 0 -7.745456630180611 -4.467201756998811 -12.51176905378814 0 0 0.04545342101433164 -9.123216430625165 0 0.2502780886760173 -16.11429196926368 -4.813291603716486 -20.29975004944912 -3.721640597282575 -28.83149971583645 -5.415569602885811 0 -3.674609738597441 -5.847649796104966 0 -8.044885516127952 -7.820090356488449 -5.488342840026789 -41.34257532320542 0 0 -4.581014517179145 -31.13758057001997 0 -12.84103509620882 -6.159935401149797 0 0 0 -27.84604028076655 -9.298318963461345 -25.6533123679075 0 -22.25287694785496 0 0 -1.190626147375504 -20.00472997514708 0 0 -1.73640884478054 0 -31.45992514851248 0 -14.61120000734263 -2.664547521598166 -27.31680195839094 0 0 0 0 0 -4.946176296020027 0 0 -11.04532316227507 0 -32.42050164589682 0 0 0 -7.244861530231382 0 0 0 0 0 0 0 0 -16.60228230119572 0 -8.293516393343046 0 0 0 0 0 0 0 0 0 0 0 0 -8.218360019001103 0 0 0 0 0 0 0 0 0 0 0 0 0 0 -1.336068055184773, 2.370134338590891 13.29653134791021 24.76253447186913 15.29345600537644 10.57753576123265 38.91353861984339 35.4948477202406 0 14.71811520746 32.62152215237631 23.19959025875533 20.51378117957505 5.894204292084989 16.21078788588991 27.1954750912825 0 1.928124910681078 13.59558510738153 8.465401419853766 5.186759774565532 2.836172415411257 2.824616419899907 0.6266456268023401 0 -1.616456652278812 -2.889654771985717 -11.48596658611846 -8.550264183851834 0 -15.10192163283629 -14.92646726229529 0 -2.162277277037516 -11.61398830383295 -11.37411715626654 -13.53360829784575 -8.354206359545493 -15.50783785466317 -25.98793206975798 0 -12.95199131659652 -33.60010743104149 -11.55092098194777 -3.463276806304554 -9.322899073550056 -16.81423028463015 -17.50729199160217 0 -0.2336735357308197 -16.47365286704062 -23.79883264811678 -22.62959435049025 -7.938279759788173 -27.41251436804979 -30.18115472250479 0 -5.024555760048786 -8.237663993387237 -10.50906916997955 -16.5755510820249 0 -5.867792327759039 -20.54644199079098 0 -2.691490782970309 -19.95135882058882 -20.05699329280394 -0.741224988470408 -5.903964322507078 -17.05645457772056 2.938426093837905 0 -8.42214755308267 -10.59007959979803 -13.50159306949192 -11.43656888552985 -0.9803909790910406 -5.393040927445065 -1.971640171957201 0 -3.975573680943511 -4.50321200670281 -0.1586837668833633 1.726066180795344 -1.583428732112983 -7.599672740720479 -16.60144620104262 0 -4.227172500474008 -5.093589675623271 -10.37308959116834 0 0 -1.03563990949465 -2.792737747711651 0 0.4153665229558525 -12.14870570245944 -2.934741294884436 -14.3412837328408 -3.694810443884702 -20.35167668088171 -1.817490133517299 0 -1.573329638234697 -3.397926631461777 0 -3.562545769320512 -6.467953923177419 -2.113165961120691 -33.2446023729026 0 0 -3.161556226969349 -21.50361662434818 0 -8.883246329415096 -1.920287682682533 0 0 0 -23.71019296744886 -4.397234827790003 -21.25499927873152 0 -18.20085809334238 0 0 -0.7053356181001362 -14.06939065197913 0 0 -0.4882768734005105 0 -27.06409690880025 0 -12.51387723206755 -1.310077505252118 -22.77403897744419 0 0 0 0 0 -3.647861898182319 0 0 -9.456425020448776 0 -27.85934483494885 0 0 0 -6.055840924822872 0 0 0 0 0 0 0 0 -14.09769716377957 0 -7.098612650427242 0 0 0 0 0 0 0 0 0 0 0 0 -6.895259902191077 0 0 0 0 0 0 0 0 0 0 0 0 0 0 -1.102258095635059


GFLOW: 1.900000000000001 0.008335786323270013 0.008234777674096935 0.009295481641486355 0.009171012774221396 2.998479481919514 2.998499561413396 2.994187225913962 2.994260846285542 -0.003508333798938111 -0.003894313703794495 -2.78413173204354e-05 -0.0004535506977208223
q-corrs 22.87155859249805 118.5756927620798 204.8870690539551 117.9731109365826 76.40514212897835 263.8324107187576 227.560879506308 0 84.63290221349912 181.7262760599471 124.708328869681 107.0887968734499 30.61447013488564 79.11378582439249 134.7379915309429 0 11.52957854190168 80.26517017796559 51.04106775342376 29.92764644092525 23.79992056235479 39.2098616493474 16.77735453144476 0 10.55128620119357 10.460388541 16.74899390912145 2.512116602331741 0 5.461521946376676 -2.086432430045465 0 0.7668117487736694 -1.432057102705747 -1.99508928778308 -3.826167395922395 -3.379377224798472 -9.850370796084741 -13.68298143479006 0 -7.814739217534365 -17.96727692005613 -4.158259837456693 -1.686455068388298 -5.526178774287073 -8.418777925297505 -9.167415036662211 0 -0.2943903837472884 -9.279182711613995 -14.89942860898859 -13.38775891594243 -3.488277851049959 -14.86813937572786 -18.88007449312418 0 -3.025022851946804 -6.072116828167623 -5.57793710858848 -10.22451424706081 0 -4.279409877972096 -11.78642978947352 0 -1.561836441310287 -13.48989513514848 -12.49785592632731 -0.1351715787749221 -4.848416383408133 -10.05058148286939 -2.660326057483914 0 -5.330474724901792 -7.510157742162502 -8.056629850539215 -8.741845399821887 -3.714467204002958 -8.394157731840505 -4.633139915407615 0 -1.806954812395869 -7.115369198452338 0.1462434079194421 -3.907865568846594 -0.8008426960120119 -6.114560732163612 -19.43201465144352 0 -7.303896964416876 -11.74542028935191 -13.10627155082943 0 0 -2.379403943390404 -12.27453704300855 0 -0.2373796909999928 -14.68229075745736 -5.780809757538843 -18.52207198153387 -3.126066396077803 -27.86168149862235 -7.403900224204543 0 -5.591939267408106 -5.31320823846106 0 -9.744186901819127 -8.062991775532705 -6.986435641227105 -40.75629837477958 0 0 -3.728034348791814 -30.2744771690378 0 -12.38374436668246 -8.194822329253508 0 0 0 -32.21161995802097 -11.10658263246161 -28.06398011071996 0 -22.60491826403511 0 0 -0.9690017207986146 -20.50955575533951 0 0 -2.275987288772343 0 -42.11471992822452 0 -17.67307842661454 -3.165795982750641 -31.07916411799596 0 0 0 0 0 -5.226247613753575 0 0 -17.86656473274119 0 -45.97198072731092 0 0 0 -8.601626067266285 0 0 0 0 0 0 0 0 -29.01074374937729 0 -12.52593487231906 0 0 0 0 0 0 0 0 0 0 0 0 -15.6587079379119 0 0 0 0 0 0 0 0 0 0 0 0 0 0 -2.808191430401888, 19.52235430041774 101.188894358943 174.7926290786354 100.6063487229973 65.16184886454197 224.9103960578182 193.8751162053103 0 72.08643255396356 154.6972426026528 106.341228908821 91.26760784978043 25.97905905850245 67.54063101155937 114.8448367627101 0 9.935088511201005 68.74932150498196 44.22053771585747 25.83172116112085 20.95157575821377 34.56303447413538 14.29963654062353 0 9.408884686731859 10.24644557118022 17.08637843296724 3.180565192352188 0 6.684180005930754 0.556763126250778 0 1.385511044918769 0.9317709315171476 -0.2968982145641803 -0.7079691434499411 -2.00524057685703 -6.744755143603616 -8.544525565458748 0 -5.024668074625372 -11.10983465950456 -1.117523580571324 -1.353182189140892 -3.413067364715991 -4.755474156694373 -5.078618501055974 0 -0.6187296963914538 -5.589286582730565 -11.2520698028928 -8.670600234460363 -1.848420769482328 -9.062768519137705 -12.5323035166132 0 -2.077496672398196 -5.329908233813986 -3.360905255367769 -7.350024614316215 0 -4.799714521536256 -8.285019317117401 0 -1.036297840612882 -11.0481251691578 -10.96116949951628 0.07669429714928766 -4.965299788131215 -6.784046907267173 -5.523108480037054 0 -4.300681809865897 -6.869346622079297 -7.761391044038214 -9.950847139703157 -4.805798411002016 -11.83265284197062 -6.268236329679495 0 -1.332468057375519 -10.02368761857282 0.2189969128756968 -7.153550458016827 -0.7744984065313418 -7.1803913266321 -24.55111589557249 0 -9.727499624410992 -16.0727898770528 -18.03486067293921 0 0 -3.386550410442877 -16.47197628720148 0 -1.097515323305486 -17.13241836369102 -8.49584715775557 -23.04927506932163 -3.85168437154744 -34.04680509773669 -9.687195098489747 0 -7.47271206684189 -7.494083873239811 0 -12.07836084211781 -8.720254093376941 -9.149534310783443 -44.85923825431233 0 0 -4.967756440555733 -36.05009991759432 0 -14.60396619024598 -10.71905970421275 0 0 0 -33.56248885204011 -13.51133187965026 -29.61593049973817 0 -24.4616998736408 0 0 -1.331515061400599 -23.27796040554913 0 0 -2.968892317116449 0 -42.68251333344922 0 -18.20801850316382 -3.785335947335569 -32.39815066789902 0 0 0 0 0 -5.713072127419419 0 0 -17.72534488747134 0 -46.19666128164799 0 0 0 -8.869527400834457 0 0 0 0 0 0 0 0 -28.58752100376422 0 -12.49036445492696 0 0 0 0 0 0 0 0 0 0 0 0 -15.33379995524957 0 0 0 0 0 0 0 0 0 0 0 0 0 0 -2.733793017585064, 12.03998629566779 62.33823143057633 107.5417833500061 61.79919016920284 40.04791288409465 137.9962830793716 118.6867447874339 0 44.12351200186833 94.54368347395555 65.58741972554756 56.2127466814004 15.70546149377617 41.98423699842593 71.03388803854176 0 6.527160072020407 43.9588616038752 29.6958725010794 17.0191653079569 15.06833944518013 25.13365201023929 9.154466579825396 0 7.31403600872112 10.32086770535284 19.36255381753561 5.565654598901826 0 10.87800781045374 7.67355552000785 0 2.879874844836352 7.035113631489418 4.361058260258027 7.100916213871628 1.668209037070087 1.03208306016892 4.663959826093937 0 1.902067537410562 6.262482435025187 6.219402129962737 -0.1171966372150059 1.933089691796047 4.700549971873902 5.086700002664684 0 -1.173496356950196 3.929153267593436 -1.309337813689405 2.842591301828347 2.156752217029052 5.354183638073446 3.920215288247101 0 0.954101896709171 -2.520029020671879 2.181569659149208 0.7223373143211012 0 -4.6614705975059 1.465264947317908 0 0.2238690746522628 -3.887733879649572 -5.699064685054928 1.144077680576791 -4.431400671826376 2.298698009774276 -11.01449470409576 0 -1.451325225274872 -4.670636821940588 -4.898198802760426 -11.49319208756344 -6.751271194828157 -18.10098831577638 -8.84083316254042 0 0.0153813029946559 -15.02891716498264 0.690944173738211 -13.43257524371579 -0.1139346519126159 -8.951225833895627 -34.45424944545952 0 -14.80923218119436 -23.68405266043157 -27.72350421639609 0 0 -5.041571416524064 -24.87820482010777 0 -2.792051560252671 -22.36235439241212 -13.6665504738188 -32.13401277788173 -5.122699084849327 -46.5207296248142 -14.0851157142774 0 -11.01732348870406 -12.00942443444407 0 -16.77050763567298 -10.10383391507186 -13.47445237925956 -53.52924518309878 0 0 -7.30935531731344 -47.65410455198011 0 -19.24055492078342 -15.60562332190181 0 0 0 -36.2554718695153 -18.33916409243924 -32.78371765773545 0 -28.35130229915356 0 0 -2.025057101198093 -28.89361859507544 0 0 -4.317086230107393 0 -43.48792685035164 0 -19.22134619489077 -5.027930092537935 -35.0146789318671 0 0 0 0 0 -6.711460871925063 0 0 -17.18480503198083 0 -46.16982077908298 0 0 0 -9.375633338478602 0 0 0 0 0 0 0 0 -27.25815364089291 0 -12.2596360788208 0 0 0 0 0 0 0 0 0 0 0 0 -14.39061951073729 0 0 0 0 0 0 0 0 0 0 0 0 0 0 -2.526816937376397, 5.209275046309773 26.89921396438558 46.25985282286015 26.48198966057406 17.23809983121409 59.19784541585317 50.66463917086307 0 18.96056179385983 40.64836854366398 29.33884757518843 25.16422614473768 6.618079132282962 19.54720230323082 32.858391218741 0 3.755364194124438 23.51329660378058 17.99098388997135 9.761375646091954 10.67215086909341 18.45824764088623 5.353308104867246 0 6.329766809685888 11.33082779331265 24.10014207637576 9.332088616483443 0 17.41650290324614 16.17150726991009 0 4.365963905111915 13.96691559655881 10.22349398881871 15.53706579419953 6.113870289411962 9.327435267009189 19.64852098339477 0 9.236532571040927 25.55895830745952 13.67043808400689 2.131239755431746 7.86594472141504 15.68692506796632 16.01019420975874 0 -1.200108507067831 14.90944909730661 11.26002234693439 14.653907916826 6.298079631753643 20.75871751318507 23.06474222514351 0 5.72843584601446 2.692366359250968 8.191679046264564 11.47386562855791 0 -1.373858177146455 14.13084660656668 0 1.456141248979036 6.024064184764132 3.071451291864308 3.497693318520884 -2.001028909133898 14.10195497278518 -13.29288043487188 0 2.144384135938427 -1.164666645854243 2.682815226874641 -10.20675138571615 -7.25705631571292 -19.64214857404395 -8.512500418470022 0 1.789807788434139 -15.56196900959916 1.842478053802081 -16.27846971340552 1.861120684982497 -9.259556885212374 -39.3224785661062 0 -18.11332191284951 -25.42586188561923 -32.57412596818906 0 0 -5.077938200045077 -29.57067414676342 0 -3.624458057764716 -25.91453835637559 -16.02201935321566 -37.39644243169109 -5.512062117744961 -53.77223395220436 -16.25593198194559 0 -12.55240795224547 -14.82326834868787 0 -19.48014763373344 -10.9592362441883 -15.89057441390485 -59.14392106898829 0 0 -8.456475638911131 -54.4311689082064 0 -22.2447900948613 -18.09078812436093 0 0 0 -37.41300034391808 -21.13033446674162 -34.49468208956867 0 -30.77354173261891 0 0 -2.384566429575569 -32.25868689358882 0 0 -5.022181952701136 0 -42.67747727225763 0 -19.47428328126665 -5.747766374410062 -36.19799892741489 0 0 0 0 0 -7.321136360459956 0 0 -16.02706565520045 0 -44.487039347264 0 0 0 -9.525199756988147 0 0 0 0 0 0 0 0 -24.95290942252545 0 -11.59928794205102 0 0 0 0 0 0 0 0 0 0 0 0 -12.92899307292402 0 0 0 0 0 0 0 0 0 0 0 0 0 0 -2.227506305464352, 1.59863699694202 8.287736550911244 14.30147877776103 8.203191365530815 5.525465955688197 19.07781379611431 16.34994646685371 0 6.500529402201702 14.28615550974705 11.8233256347222 10.34306260725123 2.34740688902184 9.042247857848389 15.32894767772822 0 2.579087747345057 14.89311130537432 13.07312400489109 6.684467755489822 8.938172250298599 16.09892599064444 4.185351487391684 0 6.357673474469906 11.85907864265773 26.87781355865405 11.6544134577917 0 21.64533694832618 20.46517356317264 0 4.847046889384973 17.38605692343976 13.73199127748527 19.41141232557548 8.672684868568549 12.92839514821159 27.46832061440368 0 12.48539278936938 35.38446377985122 16.80272265528437 4.32904654920986 10.93131366952256 22.03471697725384 21.25765010212848 0 -0.5243563073331494 21.08997760582789 19.43028023014245 19.52110133610817 8.068491322324245 27.96012572032128 34.03935989590801 0 9.912797592917439 7.897500451796273 11.10320119554534 19.16883511629237 0 3.919739286437391 22.7097069737148 0 1.863078783817627 13.1681731949036 10.79177295755996 6.099701053270967 1.387555429944665 22.10401193546986 -9.980177944823524 0 4.357216455767881 1.605155193456492 11.34555193205642 -6.557790929924804 -5.70211996776181 -14.05094711068894 -4.899355283867417 0 2.936619658237165 -10.17688216230797 3.170038031873603 -13.04558679697553 4.24792967668633 -8.041400915459198 -35.52383779329595 0 -17.06418345272445 -19.22314385467788 -28.57499989604323 0 0 -3.189777655075601 -26.73127410754304 0 -2.862888035360385 -24.97995957926855 -13.75851475926154 -35.03391554034009 -4.846905643540714 -50.31391263218643 -14.52701289951198 0 -10.82780614417556 -13.75701201073238 0 -18.06558296479533 -10.48896790965829 -14.46104039330799 -56.93793796956551 0 0 -7.769452435618578 -51.40337515126141 0 -21.28737654618793 -16.29615314379055 0 0 0 -35.29860789966112 -19.69271380051886 -32.89913349607394 0 -29.57086102272482 0 0 -2.203945293556419 -30.77108315197703 0 0 -4.558051544168142 0 -39.31975212448307 0 -18.25368349146693 -5.381381986393085 -34.36178459123425 0 0 0 0 0 -7.03444602139127 0 0 -14.2628137690681 0 -40.57856137279374 0 0 0 -8.990807971773437 0 0 0 0 0 0 0 0 -21.8936784211402 0 -10.46154352368435 0 0 0 0 0 0 0 0 0 0 0 0 -11.16627712624341 0 0 0 0 0 0 0 0 0 0 0 0 0 0 -1.890299802971029, 0.8191712818348731 4.505840565963002 8.233652020927432 4.988546960714219 3.596202805489105 13.06057105033257 11.73168522941704 0 5.144834260763372 11.75680401429593 10.08131473514728 9.063025889733463 2.143917979629306 8.218802727651219 14.19896579578967 0 2.284182857441616 13.56694201405132 11.59801621320832 6.065504801516377 7.715171784268427 13.86026206315919 3.888567714215799 0 5.423901095477367 9.469926342379191 21.27844869002173 9.024927966217261 0 17.34631823537671 15.55786137978439 0 3.666668012846952 13.52558142008552 11.02105919514608 14.80000951248545 6.767442648697598 8.506420982018071 20.80445588188632 0 8.706888965372357 26.685758252848 12.72952576619273 4.427431041344875 8.430582034436583 18.01223909063857 16.1149803522704 0 0.1955545211842133 16.9531211893177 15.64117712160972 13.03192934044029 5.77748829239076 20.37002936707778 27.10642048986292 0 9.794548402589864 8.358520020727749 8.213934086667281 16.81880857479597 0 6.245954954148155 19.37419238295109 0 1.043967169362957 10.90579641019206 9.970769661426704 6.585093721193434 2.513610371038427 18.97436323889518 -4.029803279217743 0 3.078953086358658 0.9449313693694208 12.68626638909834 -4.388850145565195 -3.40018273703859 -6.711566970438694 -1.327653118234549 0 2.269769667007212 -4.069680326467314 3.450573721522077 -6.724709720017959 4.790257663784844 -6.834110249172928 -27.22602129118039 0 -12.70243802103917 -10.91591085192912 -20.03882184445115 0 0 -1.172279357131646 -18.69125424974778 0 -1.316075678109845 -20.4386017631384 -9.249237300072942 -27.61411820368913 -3.986282934228209 -39.56175830542935 -10.3368450558431 0 -7.372012178523072 -9.984133085451672 0 -13.5444062345607 -8.959225355185062 -10.3574423185062 -48.36332539010938 0 0 -6.142516070838157 -41.38624929514244 0 -17.17550017760139 -11.7021178593238 0 0 0 -30.66913423849446 -15.01036722113002 -28.60126853012482 0 -25.41362406089345 0 0 -1.716514736076368 -25.45357403872314 0 0 -3.298922589737985 0 -34.22898587768067 0 -15.92935587316891 -4.161681270594265 -30.06556674712698 0 0 0 0 0 -5.97381651144888 0 0 -12.22796681424822 0 -35.27664363600159 0 0 0 -7.902147018514592 0 0 0 0 0 0 0 0 -18.61573681886393 0 -9.062047188915082 0 0 0 0 0 0 0 0 0 0 0 0 -9.389137675720757 0 0 0 0 0 0 0 0 0 0 0 0 0 0 -1.566655885253271, 1.380765994381749 7.744058046900689 14.4119796048128 8.890667330814258 6.250375580738579 22.98335448535053 20.94495695935274 0 8.874213385133402 19.94143965859785 15.08807799411293 13.46739835901922 3.673817707636565 11.22081085306151 19.21326164798998 0 2.023046791238686 13.20944388176403 9.790412518677178 5.555075189783674 5.320195016288686 8.766643811283037 2.698787655100324 0 2.467955019581749 3.778318917019395 6.57345827718763 1.285994244882808 0 3.531280581867114 2.042053271596234 0 1.026197424445378 2.600127583128299 1.610841114761292 2.360962100588881 0.3180313656065239 -2.399775035603422 0.4764730081287385 0 -1.005376967980872 0.4793356357716316 2.100677581527754 1.407140236411871 0.6932218666037249 3.160341538769142 1.374636525318765 0 0.2413333545538585 2.480081694883602 -1.184028536001007 -2.982036448087674 -0.192744213979708 -0.708653426033357 2.116324528698193 0 3.778755094676555 1.750342597464135 -0.07514116840926155 2.662920485990496 0 2.049331469636619 2.57288688949976 0 -0.6925147163906612 -2.170409784149415 -2.284455957798797 3.649361614466968 -0.6686993454098458 3.401234688692231 0.1402005407327163 0 -1.809942371989113 -3.761367247506149 2.374494413924458 -6.383453493830789 -1.88795145068509 -4.163621165594103 -0.8003247942321146 0 -0.3870308004870375 -2.714279325898888 1.995460046258301 -1.823186841308508 2.257091114508314 -6.64759245901681 -20.18147212964726 0 -7.860064257692078 -6.613770156289365 -13.44344329616341 0 0 -0.6744643335097814 -10.1689546377158 0 -0.2182944217846114 -15.17481599828737 -5.567024226096393 -19.7586005212097 -3.578919848500846 -28.11526786031727 -5.930236538635917 0 -4.224690675045599 -6.106816562633686 0 -8.271485742657077 -7.214099478431583 -5.932835116475394 -38.23039726752668 0 0 -4.530984432824762 -29.94711090152125 0 -12.28032805646187 -6.708743800464587 0 0 0 -25.55360900481793 -9.423138367980428 -23.49669178542826 0 -20.47486879181293 0 0 -1.196824986927605 -18.89695220628135 0 0 -1.883660934989191 0 -28.9667424421744 0 -13.39603434753482 -2.668894722655813 -24.96385175505531 0 0 0 0 0 -4.593687833784046 0 0 -10.32320193121419 0 -29.92349102916798 0 0 0 -6.612109373663316 0 0 0 0 0 0 0 0 -15.63581812002924 0 -7.684250103858448 0 0 0 0 0 0 0 0 0 0 0 0 -7.819727120663112 0 0 0 0 0 0 0 0 0 0 0 0 0 0 -1.288768053409196, 2.106716173509135 11.77666042214631 21.8609904247491 13.46395933063246 9.289088353870653 34.0919811870418 31.04964499949465 0 12.82592586076908 28.44491203092921 20.17394181483761 17.84889279587577 5.169585746448296 14.07549968632313 23.76320167920322 0 1.66964292036023 12.04012343211713 7.414946124105866 4.649234691291657 2.521998313670927 2.739099270888615 0.8869509984624104 0 -1.107894377369007 -2.379617640037654 -9.522409752381769 -7.216025097105744 0 -12.32473959544009 -12.5989328652743 0 -1.775816008022916 -9.574296022167598 -9.386837193407313 -11.27663400796509 -7.080991134042099 -13.59615011709356 -22.13757145114371 0 -11.24581328010155 -28.78312873098909 -9.630724093632635 -2.913810870454875 -7.960354621153801 -14.37480905356358 -14.94963400378689 0 -0.2920765217001017 -14.22296005969315 -21.38269073784626 -19.87182492326627 -6.738540664662851 -23.86880597419167 -26.82808535261408 0 -4.553617002382401 -7.778197334546719 -9.242410023240552 -15.09338784829536 0 -5.762349209327289 -18.132359160609 0 -2.411355902462811 -18.39188809519966 -18.62087353885313 -0.8195011306643931 -5.960701384957055 -15.57997968218354 1.196517054021086 0 -7.519123773728722 -9.676739253640754 -12.94856092294488 -10.8035514551754 -1.517496349535012 -6.545492002516214 -2.755569115561122 0 -3.542431095555806 -5.636596671881745 -0.246114839683255 0.04615820718126518 -1.663100111778935 -7.186893764093117 -16.71255660644317 0 -4.603261456208806 -6.826415770486558 -11.01850285551141 0 0 -1.482597180248443 -4.449904388347404 0 0.06323979934823099 -11.46529127435953 -3.833287590591881 -14.46493093088 -3.5930064539058 -20.39266580412936 -2.857891571385236 0 -2.380377237146788 -3.723938135255111 0 -4.312281264427651 -5.949626100487195 -2.884017630030689 -30.69198202091482 0 0 -3.419320456381786 -21.47173508610739 0 -8.637459670132127 -3.104263490614712 0 0 0 -21.73315373153825 -5.11649238140115 -19.47425210101591 0 -16.7147726746853 0 0 -0.8145376863093523 -13.66041133703329 0 0 -0.8287392896976522 0 -24.99346346863464 0 -11.47402640482434 -1.487079049318795 -20.84525483011285 0 0 0 0 0 -3.437339649207693 0 0 -8.92420825521644 0 -25.84797769109693 0 0 0 -5.545420245616915 0 0 0 0 0 0 0 0 -13.45841478051373 0 -6.629721670104876 0 0 0 0 0 0 0 0 0 0 0 0 -6.683950850561845 0 0 0 0 0 0 0 0 0 0 0 0 0 0 -1.090529144393467


GFLOW: 2 0.007651844113593638 0.007564677120282592 0.008491144136685162 0.008383119717444133 2.998610489239816 2.998627902654504 2.994676051623405 2.994739759018504 -0.003222365635377031 -0.003644508494501034 2.554750314027031e-05 -0.0004388724301244634
q-corrs 19.33733796880918 101.0665635433025 176.0675106635814 102.2238200569616 66.75787017166124 232.5042055784383 202.3078793541798 0 76.60242310568614 166.0804276893987 115.1116974416044 99.86148838275373 28.85247202571007 75.31974120044045 129.8388803221945 0 11.53478286062794 80.99412623346652 52.29915233236814 30.83708913966382 25.32469233538302 42.71165019573196 18.45228122207056 0 12.5390211554123 13.00465955519294 23.37686076671169 6.025188599283915 0 11.22054838092544 2.602730279627026 0 1.356347452534641 1.535616573412072 0.5577101516240495 -1.073827675875804 -1.723838088937384 -6.893434565336376 -9.002160472956689 0 -5.681013223128589 -13.24205818115326 -3.222474668271574 -1.37048586261217 -4.181991461197703 -7.093596222342157 -7.392607357363588 0 -0.4116440785643707 -7.667713695116837 -13.06229361231999 -11.15049474916811 -3.31881839518677 -12.97607242943364 -16.16329462413783 0 -3.458580271273632 -5.778274344106638 -4.87060564480507 -9.68138508406337 0 -5.610457034135521 -11.75616892728827 0 -1.257132850755534 -13.23877707925211 -12.57088352517908 -0.4780650588627818 -4.859832545120714 -9.373125795617769 -3.899632708831621 0 -4.954242169104095 -7.394845904334406 -9.231021865113586 -9.593852472222624 -3.963024431610683 -9.459757030566392 -5.456783048005077 0 -1.896683311630253 -8.399324759122404 -0.05155685328555504 -4.908155059571465 -1.235521876775008 -6.404797989659814 -20.01397175265365 0 -7.362454716904002 -12.84982100259367 -14.16947554836037 0 0 -2.800389154487108 -12.17594367607924 0 -0.5956577942716661 -13.99649402092026 -6.420033284201088 -18.39216510305788 -3.318643194971523 -27.19316269475045 -7.266005136510144 0 -5.658755208843973 -5.531929648321315 0 -9.191087143596079 -7.452742474678216 -6.804670008895513 -37.8321157893902 0 0 -3.965864470911969 -29.02104160569388 0 -11.69078615091477 -7.98799866813024 0 0 0 -29.30985415877518 -10.36443180849978 -25.54960703118455 0 -20.82246188243336 0 0 -1.039078180261168 -19.03533535370611 0 0 -2.204814849898141 0 -37.88794411021402 0 -16.00158596675084 -2.928221319721432 -28.13130970820771 0 0 0 0 0 -4.753121389823534 0 0 -15.95387828538722 0 -41.20316104369159 0 0 0 -7.744750529315847 0 0 0 0 0 0 0 0 -25.83868122293469 0 -11.18846148689521 0 0 0 0 0 0 0 0 0 0 0 0 -13.91640673431897 0 0 0 0 0 0 0 0 0 0 0 0 0 0 -2.49142265976449, 16.64313236956454 86.98081728438433 151.5161789540611 87.95817334384633 57.4552006606106 200.0835472233156 174.0633198849545 0 65.93844271739682 142.9485043560927 99.25050750632423 86.1103199693909 24.81143460736071 65.11470851210275 112.1893020896937 0 10.06771449242865 70.44297500587561 45.92585421260684 27.02689781010266 22.55522967971419 38.12959682371815 16.10462742253592 0 11.33923709885543 12.51329066167535 22.9935961309201 6.319032350252865 0 11.83625875496719 4.533878363217537 0 1.818896610666834 3.348865980142602 1.876849869131738 1.419005569555159 -0.6220374209246458 -4.355307450215517 -4.771320852858742 0 -3.355406723060163 -7.487765926030113 -0.6963277052951459 -1.058665823372362 -2.388183626081918 -3.948929713697248 -3.895461798428212 0 -0.6605865403980755 -4.482555201034261 -9.874685771604881 -7.152693710139213 -1.903246699425002 -7.961433461073056 -10.62711390079417 0 -2.570176064437129 -5.021010458943429 -2.916431760990003 -7.047586864058005 0 -5.923377085815237 -8.606930827689073 0 -0.8134223647632168 -11.01973183653925 -11.04713889185899 -0.2368029517446655 -4.883444648777478 -6.418807994308358 -6.259839676183995 0 -4.032120058620033 -6.772864071362283 -8.730828232707303 -10.48812167057025 -4.865608909653242 -12.25957531405449 -6.756304365810568 0 -1.44127241180132 -10.74444412123074 0.0425779510100005 -7.628385876279869 -1.140160915835901 -7.243475740703195 -24.25590341041651 0 -9.442025479224718 -16.37854866835191 -18.30301891570498 0 0 -3.604062901991094 -15.77492874395822 0 -1.319907320496367 -16.13034267003659 -8.66688449137536 -22.20859008882981 -3.89123106812546 -32.48998370817365 -9.177609506143911 0 -7.222841648333719 -7.41200845469264 0 -11.21616026822689 -8.040758077638577 -8.666907956479061 -41.49826033543889 0 0 -4.962678794512666 -33.96479912452986 0 -13.65049620110299 -10.10109572624427 0 0 0 -30.57995908351133 -12.45829585551433 -26.99582244037504 0 -22.50545712403508 0 0 -1.33085320333851 -21.47356796285597 0 0 -2.784969075617646 0 -38.52519981071656 0 -16.52434317231789 -3.469528486073962 -29.39527039934204 0 0 0 0 0 -5.198773769359199 0 0 -15.89594893688508 0 -41.56346485433883 0 0 0 -8.012216204617182 0 0 0 0 0 0 0 0 -25.57975946217415 0 -11.20438900057347 0 0 0 0 0 0 0 0 0 0 0 0 -13.69465776489877 0 0 0 0 0 0 0 0 0 0 0 0 0 0 -2.437956102489052, 10.54411466737289 55.08743351281792 95.91958716116085 55.65276032780393 36.39402862520775 126.6956877018171 110.1472293514672 0 41.83086429669872 90.71269823022281 63.51186884684354 55.15847747184683 15.7150642646975 42.19865186727381 72.64013635210144 0 6.848556143599163 47.18732273028152 31.97427250904706 18.63232000407734 16.61055546491312 28.4124127222576 11.07480204667817 0 8.952821330692267 11.78545617426554 23.19846825753363 7.612654081315977 0 14.30778103940563 9.765811055587548 0 2.952446702965118 8.072863466023257 5.5299943754765 7.694663510667372 2.332848060430324 1.969354620441174 6.088391111422673 0 2.40083458145452 7.090845557651354 5.475464108262413 0.04724661155887233 2.135822238021434 4.189191618461133 4.802229409323461 0 -1.079104501405851 3.702296988112175 -1.247578658655158 2.627145266610024 1.583960292329469 4.507358580081287 3.644954944063622 0 0.1995348676705375 -2.386950071820467 1.950953160265541 0.2196545254902063 0 -5.511185854526657 0.09461308151964509 0 0.2489849822700079 -4.609401525391704 -6.112852848950135 0.7848779986944165 -4.289857189235509 1.658343387908614 -10.8051250015174 0 -1.504124539951116 -4.727206886789468 -5.796342737358648 -11.51250636850698 -6.480676354083273 -17.37344862735588 -8.786367577390523 0 -0.1797165986059552 -14.7796160451747 0.5019680243927493 -12.94250669071236 -0.4389538428417205 -8.611610076471333 -32.48301681112253 0 -13.82108744717946 -22.6308568688262 -26.47177703116404 0 0 -4.927281976524911 -23.06679135827188 0 -2.760093008746069 -20.68372683021411 -12.98300755985964 -29.90877960056254 -4.886996739073267 -43.24724407918593 -12.90960582119849 0 -10.20881842892349 -11.32984769017588 0 -15.34283862618333 -9.275081385175074 -12.43930165734074 -49.24142147075024 0 0 -6.852024362178874 -43.97818642584808 0 -17.76838326326821 -14.24964680850912 0 0 0 -33.11549051959981 -16.72377912788383 -29.95664455439523 0 -26.03178276736698 0 0 -1.891756877080713 -26.4684667234386 0 0 -3.930012683049325 0 -39.52942421043684 0 -17.52498498176392 -4.571979685016413 -31.92326798197054 0 0 0 0 0 -6.122154755854773 0 0 -15.56717191178912 0 -41.89498723889352 0 0 0 -8.527742739020653 0 0 0 0 0 0 0 0 -24.66389863346583 0 -11.10602164985487 0 0 0 0 0 0 0 0 0 0 0 0 -13.00935421781765 0 0 0 0 0 0 0 0 0 0 0 0 0 0 -2.283015820235391, 4.825294421558206 25.19778479829299 43.8521283303084 25.42471159819296 16.71480073985141 58.20677565712511 50.58585935417161 0 19.44605632966529 42.359559341512 30.59308479571042 26.7290891876967 7.370353935691304 21.26283277834807 36.70043372759994 0 4.045698497158167 26.78735320261885 19.87385761579924 11.26367414536223 11.65041235204601 20.54210326761367 6.974199544187425 0 7.341036705279413 11.69076163456537 25.10287000704642 9.867753257938148 0 18.48845884397364 15.96771162290338 0 4.091397687323471 13.44285563307129 10.12415078313626 14.47074709574085 5.892005867058492 8.62418922081126 18.29538969543631 0 8.431953707596834 23.18666589806799 11.85854234705807 1.966460707695129 7.101915974512835 13.6250359041306 14.10779406935162 0 -1.076469697718355 13.03863569327454 9.493399195385928 12.67582724795824 5.238896501940266 17.81369228140769 20.02848309004233 0 4.421009948804085 2.133420059301488 7.169547957226293 9.607488209250572 0 -2.46066857163386 11.24851419217049 0 1.282237576255356 4.089366468895625 1.643991395080858 2.820292464514384 -2.193715064843108 11.86447292555327 -12.73102004496552 0 1.644767694942459 -1.577218537420898 0.9314320109549197 -10.17485650858717 -6.901200231410781 -18.67388293341692 -8.454501946485781 0 1.422984092892733 -15.19645860340014 1.492789953189922 -15.47792743416749 1.302211566988934 -8.747381829396129 -36.52669564453359 0 -16.7223191714257 -24.13700577103912 -30.66173258969854 0 0 -4.950030407716122 -27.33124640972897 0 -3.504155061086992 -23.7962959334493 -15.01520704157703 -34.43927424632738 -5.155670799068257 -49.65414473414565 -14.85130358516907 0 -11.5783575842062 -13.84091570261661 0 -17.85052447124735 -10.04152779798806 -14.6594632972167 -54.2947796049458 0 0 -7.770757884354635 -49.97647702425515 0 -20.50306158348416 -16.47611760344485 0 0 0 -34.26454226491447 -19.32613627432498 -31.60577383460629 0 -28.25330101871611 0 0 -2.182927278217668 -29.56159403659846 0 0 -4.561648003926424 0 -39.06455009528811 0 -17.83479920983578 -5.247095451179869 -33.1507710809328 0 0 0 0 0 -6.70750658882791 0 0 -14.68072626695098 0 -40.71982107579674 0 0 0 -8.717684893672724 0 0 0 0 0 0 0 0 -22.8687702632884 0 -10.61717940464651 0 0 0 0 0 0 0 0 0 0 0 0 -11.858490350865 0 0 0 0 0 0 0 0 0 0 0 0 0 0 -2.045430344413695, 1.659693661159202 8.732766572370824 15.31698171088881 8.948029968976613 6.04623747686136 21.2893448861271 18.67633363015547 0 7.58758314516953 16.93351695409401 13.38277623343743 11.96087794519334 3.081655175024421 10.460115783325 18.34447435814722 0 2.63974078473098 16.64972463574902 13.74247466757335 7.53925004958823 9.088045416648001 16.57163674742704 5.156808020793105 0 6.653489473022029 11.32265109186226 25.61226223647488 10.99268130739392 0 20.78418450603258 18.69302698265663 0 4.407683355549574 15.86347814040519 12.67649039803595 17.38565952491613 7.824826304801093 11.30241955632947 24.31958150849211 0 10.94776761125299 31.04260022478385 14.58730938624281 3.749817830700742 9.549215653945183 18.95232962638663 18.44014157189344 0 -0.5264389946848131 18.0995613559785 16.2297908554256 16.75561298823051 6.847309725015107 23.93118457540955 29.046665977334 0 7.99675434730301 6.359857355193968 9.596040515087594 15.99511005842573 0 2.121942281187386 18.64968534261459 0 1.607102538464729 10.21073771993992 8.117590607830708 4.937858102679752 0.5403587046645106 18.45519717348851 -10.02512329460033 0 3.545219150201671 0.8633859150928829 8.166858582375786 -6.944136146889146 -5.584495661870592 -14.17893205776222 -5.4381998015246 0 2.415990280527294 -10.7968933466286 2.563797137462836 -12.9205074322975 3.267985590718881 -7.597395033741269 -33.24565418876922 0 -15.90002750712967 -19.06666025086022 -27.38760033131164 0 0 -3.404367857109071 -25.15417142541351 0 -2.912852767542907 -23.01498967336916 -13.17342470135979 -32.46467508979813 -4.549019640189648 -46.82493496338061 -13.50514010741288 0 -10.21130054359812 -13.02168446661334 0 -16.79188855814096 -9.632120413049762 -13.57935694015433 -52.39344799977491 0 0 -7.166155422981029 -47.49647761045466 0 -19.75243822730383 -15.09895354216241 0 0 0 -32.423269325218 -18.25855255157548 -30.21706655669074 0 -27.20923559568353 0 0 -2.026956834867128 -28.35815272244101 0 0 -4.209553606458208 0 -36.17522120772728 0 -16.77428129471224 -4.976081203310866 -31.55315516846106 0 0 0 0 0 -6.474239842379141 0 0 -13.18335945591705 0 -37.37155756099356 0 0 0 -8.253758433201094 0 0 0 0 0 0 0 0 -20.2830803205786 0 -9.647133616061414 0 0 0 0 0 0 0 0 0 0 0 0 -10.37436828272487 0 0 0 0 0 0 0 0 0 0 0 0 0 0 -1.76248749995042, 0.8694175993151956 4.782160559508057 8.753432041431459 5.324636936063611 3.779689019679773 13.80842820183669 12.52459583063544 0 5.465095661855324 12.5300563147642 10.25252385874115 9.336613163083751 2.425629242659256 8.44398139297717 14.94482731212875 0 2.13784478427228 13.63401713021404 11.19875832956961 6.219844217058304 7.325618580511338 13.33628012663259 4.284809019364065 0 5.344170667855694 8.725393228712415 19.57109717080192 8.190713057288368 0 16.12523988879527 13.86083512027827 0 3.314852956357276 12.15401498166187 9.957590998899565 13.10450096811424 5.975742315581016 7.255542185471982 18.06811762001488 0 7.494671573561838 23.03002512716265 11.06517354434009 3.712991093457847 7.231860773193886 15.28612574175516 13.80834135142202 0 0.04662716497619059 14.2766653756132 12.61969144795442 11.03322809925387 4.909354057155238 17.20515792515602 22.54136058505087 0 7.813050497322798 6.433833987762352 6.958583388987961 13.58825387881348 0 4.08086389184882 15.65065165101682 0 0.8785919864122858 8.122656282100674 7.105914472329329 5.227292807510696 1.297944631067964 15.3612285194592 -5.036205907577095 0 2.39577340176184 0.2821248114237305 9.020905712931024 -5.032553173628747 -3.619776422982641 -8.154023263380427 -2.442519821928505 0 1.810255572101222 -5.736192365035475 2.732501021117264 -7.604404422002023 3.632706807650602 -6.48129092151926 -26.04500844252845 0 -12.14298902366659 -12.10732278653239 -20.05549979447297 0 0 -1.727283409551291 -18.32492653239849 0 -1.608733332294661 -19.01106314467006 -9.346442976871318 -26.03335998526392 -3.786969137028153 -37.45597391993871 -9.998911812943827 0 -7.31345942735609 -9.762080139340892 0 -12.93756490832888 -8.257483611476168 -10.09066473612221 -44.67426935292066 0 0 -5.776554070106485 -38.76860075513918 0 -16.12833138053826 -11.26806320445471 0 0 0 -28.21461031838749 -14.26269524865374 -26.28502188516592 0 -23.43209825102276 0 0 -1.614880433009542 -23.66179721520318 0 0 -3.162566827743653 0 -31.55605287729522 0 -14.65306218230508 -3.934054128852406 -27.59899132655177 0 0 0 0 0 -5.518411107349501 0 0 -11.36797185675679 0 -32.56998386518849 0 0 0 -7.247513374987685 0 0 0 0 0 0 0 0 -17.37793249586116 0 -8.384691384878062 0 0 0 0 0 0 0 0 0 0 0 0 -8.811514258790853 0 0 0 0 0 0 0 0 0 0 0 0 0 0 -1.480285865265901, 1.276955157416904 7.138506322650501 13.25378023458921 8.165635156550938 5.710884787168611 21.00114706907001 19.16958461905129 0 8.111046756497311 18.26884123516665 13.66813028995155 12.2703400180067 3.444387507925744 10.26346033601538 17.80883606250212 0 1.80142408251488 12.28912992608977 8.955324025178086 5.284381928151974 4.880138872902124 8.228465921373649 2.864457323626501 0 2.50862150673851 3.520847214877499 6.267626381298925 1.290020849535525 0 3.725736933536542 1.965923908554511 0 0.9819879609734472 2.551298216591729 1.664978004941279 2.251405018326253 0.3243786423141899 -2.24245043648642 0.3786057253842416 0 -0.9641230353065059 0.2464161243434062 1.900623060356717 1.100631644575236 0.5199706918759569 2.452424267670469 1.051877816892648 0 0.08063354845860338 1.761229677668822 -2.021100627797493 -2.898405003760963 -0.2066978998459089 -1.063343368089924 0.7605274982365318 0 2.681946289781834 0.6504602956113874 -0.2731400392106454 1.256011201637451 0 0.5945245471201552 1.213149366176451 0 -0.6445962683621651 -3.197515776364553 -3.513085046562899 2.718554216008368 -1.497790570618195 1.800512244611143 -1.376820595816665 0 -1.856519824030074 -3.801186315895513 0.1941402561778363 -6.641326240359291 -2.305527519391582 -5.845189613940577 -1.925469266804798 0 -0.4851810363458937 -4.433411197124811 1.486594069054942 -3.250398788046092 1.468581530339663 -6.302542935262888 -19.8152880090142 0 -7.837641034061291 -8.315747470392679 -14.05864054188759 0 0 -1.264242536921276 -10.8503494451339 0 -0.6033380338969104 -14.24932001436124 -6.121260230521787 -19.11101440881227 -3.436807772682237 -27.2393086272262 -6.244801367442543 0 -4.606900377221887 -6.255235337808911 0 -8.327519564616923 -6.658331716961053 -6.201360819434623 -35.38668069783515 0 0 -4.436308765780046 -28.66974105962305 0 -11.70554018039754 -7.027020100883059 0 0 0 -23.49688127074975 -9.381064047659898 -21.57751304422501 0 -18.87972856718125 0 0 -1.185150837335771 -17.815896470613 0 0 -1.964967141215933 0 -26.72529969161704 0 -12.31329010778373 -2.632096515025537 -22.88571924186484 0 0 0 0 0 -4.269016084048028 0 0 -9.650023673498929 0 -27.67368074015752 0 0 0 -6.055748651308275 0 0 0 0 0 0 0 0 -14.71323374703358 0 -7.131586980894163 0 0 0 0 0 0 0 0 0 0 0 0 -7.422192755751818 0 0 0 0 0 0 0 0 0 0 0 0 0 0 -1.23704454554553, 1.874443510264625 10.4474607973706 19.34293179148489 11.88722978787265 8.182323892252315 29.97854462706739 27.27777046567571 0 11.23730021359975 24.93945959590203 17.63388188783437 15.62157549544584 4.565028985510011 12.31607566689167 20.92871257346965 0 1.451960934972892 10.74031027910036 6.559465145667791 4.216708250378039 2.275711665085145 2.670639501840781 1.080979722386118 0 -0.7105923003258969 -1.939167786439957 -7.894692907761146 -6.122438628016407 0 -10.09943308309094 -10.70284759901208 0 -1.458294858304856 -7.95267679775977 -7.805066075387531 -9.475470127246393 -6.050004212609585 -11.95928143299769 -19.03784166939002 0 -9.814351549360714 -24.87412878198822 -8.131031611585147 -2.52119031556725 -6.882181816975558 -12.47606178108608 -12.91063546793762 0 -0.3420575185803425 -12.47613228513862 -19.35079868951271 -17.54629054997462 -5.789761963409436 -20.97332481363305 -24.09737761453162 0 -4.293665929127429 -7.412868441773171 -8.171218109542941 -13.88404830597802 0 -5.823308602742721 -16.35689153559286 0 -2.156562947524832 -17.08929120814534 -17.38722055050415 -0.9848540474038427 -5.967047107072958 -14.42372008098788 -0.2410247107525426 0 -6.780753979428734 -8.900890961547228 -12.63066419971655 -10.28154491481417 -1.94822321385646 -7.480016321500663 -3.441083864381713 0 -3.175142010153806 -6.581793342269434 -0.3707086702128476 -1.358502182804912 -1.789236033264765 -6.79618205426913 -16.63945477947221 0 -4.849973622530735 -8.233232799897031 -11.50762415429528 0 0 -1.864415584715997 -5.69916358173079 0 -0.2554756242442817 -10.81365751916047 -4.525883404838964 -14.39339949445096 -3.468908872824815 -20.21867178621532 -3.604651564253115 0 -2.981928112918793 -3.985733083847429 0 -4.824324602892199 -5.485146790628891 -3.454974253673116 -28.41251375084575 0 0 -3.550940867412168 -21.17567768916978 0 -8.36808503885336 -3.943127055364398 0 0 0 -19.97917813651733 -5.585767187939738 -17.89946672983041 0 -15.4051410863791 0 0 -0.8796309021393816 -13.17168001428911 0 0 -1.067401754594917 0 -23.12802425634047 0 -10.55317022455204 -1.596409979001117 -19.14221941653937 0 0 0 0 0 -3.234222364696655 0 0 -8.412802463924084 0 -24.01798208174616 0 0 0 -5.093721147327652 0 0 0 0 0 0 0 0 -12.8099037816402 0 -6.195592487943834 0 0 0 0 0 0 0 0 0 0 0 0 -6.441381324446678 0 0 0 0 0 0 0 0 0 0 0 0 0 0 -1.06796556578984

Number of steps = 20
Time to complete flow = 2.894556e+01 seconds


ask_starting_lattice(0): EOF on input.
RUNNING COMPLETED
Time = 2.908069e+01 seconds
exit: Wed Oct  1 15:54:27 2025

